goi_book,goi_chapter,goi_verse,rus_chapter,rus_verse,relation,status,notes
PSA,1,1,1,1,direct,proposed,
PSA,1,2,1,2,direct,proposed,
PSA,1,3,1,3,direct,proposed,
PSA,1,4,1,4,direct,proposed,
PSA,1,5,1,5,direct,proposed,
PSA,1,6,1,6,direct,proposed,
PSA,2,1,2,1,direct,proposed,
PSA,2,2,2,2,direct,proposed,
PSA,2,3,2,3,direct,proposed,
PSA,2,4,2,4,direct,proposed,
PSA,2,5,2,5,direct,proposed,
PSA,2,6,2,6,direct,proposed,
PSA,2,7,2,7,direct,proposed,
PSA,2,8,2,8,direct,proposed,
PSA,2,9,2,9,direct,proposed,
PSA,2,10,2,10,direct,proposed,
PSA,2,11,2,11,direct,proposed,
PSA,2,12,2,12,direct,proposed,
PSA,3,,3,1,title,proposed,Russian superscription verse(s) with no KJV counterpart
PSA,3,1,3,2,title-shifted,proposed,
PSA,3,2,3,3,title-shifted,proposed,
PSA,3,3,3,4,title-shifted,proposed,
PSA,3,4,3,5,title-shifted,proposed,
PSA,3,5,3,6,title-shifted,proposed,
PSA,3,6,3,7,title-shifted,proposed,
PSA,3,7,3,8,title-shifted,proposed,
PSA,3,8,3,9,title-shifted,proposed,
PSA,4,,4,1,title,proposed,Russian superscription verse(s) with no KJV counterpart
PSA,4,1,4,2,title-shifted,proposed,
PSA,4,2,4,3,title-shifted,proposed,
PSA,4,3,4,4,title-shifted,proposed,
PSA,4,4,4,5,title-shifted,proposed,
PSA,4,5,4,6,title-shifted,proposed,
PSA,4,6,4,7,title-shifted,proposed,
PSA,4,7,4,8,title-shifted,proposed,
PSA,4,8,4,9,title-shifted,proposed,
PSA,5,,5,1,title,proposed,Russian superscription verse(s) with no KJV counterpart
PSA,5,1,5,2,title-shifted,proposed,
PSA,5,2,5,3,title-shifted,proposed,
PSA,5,3,5,4,title-shifted,proposed,
PSA,5,4,5,5,title-shifted,proposed,
PSA,5,5,5,6,title-shifted,proposed,
PSA,5,6,5,7,title-shifted,proposed,
PSA,5,7,5,8,title-shifted,proposed,
PSA,5,8,5,9,title-shifted,proposed,
PSA,5,9,5,10,title-shifted,proposed,
PSA,5,10,5,11,title-shifted,proposed,
PSA,5,11,5,12,title-shifted,proposed,
PSA,5,12,5,13,title-shifted,proposed,
PSA,6,,6,1,title,proposed,Russian superscription verse(s) with no KJV counterpart
PSA,6,1,6,2,title-shifted,proposed,
PSA,6,2,6,3,title-shifted,proposed,
PSA,6,3,6,4,title-shifted,proposed,
PSA,6,4,6,5,title-shifted,proposed,
PSA,6,5,6,6,title-shifted,proposed,
PSA,6,6,6,7,title-shifted,proposed,
PSA,6,7,6,8,title-shifted,proposed,
PSA,6,8,6,9,title-shifted,proposed,
PSA,6,9,6,10,title-shifted,proposed,
PSA,6,10,6,11,title-shifted,proposed,
PSA,7,,7,1,title,proposed,Russian superscription verse(s) with no KJV counterpart
PSA,7,1,7,2,title-shifted,proposed,
PSA,7,2,7,3,title-shifted,proposed,
PSA,7,3,7,4,title-shifted,proposed,
PSA,7,4,7,5,title-shifted,proposed,
PSA,7,5,7,6,title-shifted,proposed,
PSA,7,6,7,7,title-shifted,proposed,
PSA,7,7,7,8,title-shifted,proposed,
PSA,7,8,7,9,title-shifted,proposed,
PSA,7,9,7,10,title-shifted,proposed,
PSA,7,10,7,11,title-shifted,proposed,
PSA,7,11,7,12,title-shifted,proposed,
PSA,7,12,7,13,title-shifted,proposed,
PSA,7,13,7,14,title-shifted,proposed,
PSA,7,14,7,15,title-shifted,proposed,
PSA,7,15,7,16,title-shifted,proposed,
PSA,7,16,7,17,title-shifted,proposed,
PSA,7,17,7,18,title-shifted,proposed,
PSA,8,,8,1,title,proposed,Russian superscription verse(s) with no KJV counterpart
PSA,8,1,8,2,title-shifted,proposed,
PSA,8,2,8,3,title-shifted,proposed,
PSA,8,3,8,4,title-shifted,proposed,
PSA,8,4,8,5,title-shifted,proposed,
PSA,8,5,8,6,title-shifted,proposed,
PSA,8,6,8,7,title-shifted,proposed,
PSA,8,7,8,8,title-shifted,proposed,
PSA,8,8,8,9,title-shifted,proposed,
PSA,8,9,8,10,title-shifted,proposed,
PSA,9,,9,1,title,proposed,"combined Psalm 9/10 superscription, no KJV counterpart"
PSA,9,1,9,2,merged,proposed,KJV Psalm 9 half of combined Russian Psalm 9
PSA,9,2,9,3,merged,proposed,KJV Psalm 9 half of combined Russian Psalm 9
PSA,9,3,9,4,merged,proposed,KJV Psalm 9 half of combined Russian Psalm 9
PSA,9,4,9,5,merged,proposed,KJV Psalm 9 half of combined Russian Psalm 9
PSA,9,5,9,6,merged,proposed,KJV Psalm 9 half of combined Russian Psalm 9
PSA,9,6,9,7,merged,proposed,KJV Psalm 9 half of combined Russian Psalm 9
PSA,9,7,9,8,merged,proposed,KJV Psalm 9 half of combined Russian Psalm 9
PSA,9,8,9,9,merged,proposed,KJV Psalm 9 half of combined Russian Psalm 9
PSA,9,9,9,10,merged,proposed,KJV Psalm 9 half of combined Russian Psalm 9
PSA,9,10,9,11,merged,proposed,KJV Psalm 9 half of combined Russian Psalm 9
PSA,9,11,9,12,merged,proposed,KJV Psalm 9 half of combined Russian Psalm 9
PSA,9,12,9,13,merged,proposed,KJV Psalm 9 half of combined Russian Psalm 9
PSA,9,13,9,14,merged,proposed,KJV Psalm 9 half of combined Russian Psalm 9
PSA,9,14,9,15,merged,proposed,KJV Psalm 9 half of combined Russian Psalm 9
PSA,9,15,9,16,merged,proposed,KJV Psalm 9 half of combined Russian Psalm 9
PSA,9,16,9,17,merged,proposed,KJV Psalm 9 half of combined Russian Psalm 9
PSA,9,17,9,18,merged,proposed,KJV Psalm 9 half of combined Russian Psalm 9
PSA,9,18,9,19,merged,proposed,KJV Psalm 9 half of combined Russian Psalm 9
PSA,9,19,9,20,merged,proposed,KJV Psalm 9 half of combined Russian Psalm 9
PSA,9,20,9,21,merged,proposed,KJV Psalm 9 half of combined Russian Psalm 9
PSA,10,1,9,22,merged,proposed,KJV Psalm 10 half of combined Russian Psalm 9
PSA,10,2,9,23,merged,proposed,KJV Psalm 10 half of combined Russian Psalm 9
PSA,10,3,9,24,merged,proposed,KJV Psalm 10 half of combined Russian Psalm 9
PSA,10,4,9,25,merged,proposed,KJV Psalm 10 half of combined Russian Psalm 9
PSA,10,5,9,26,merged,proposed,KJV Psalm 10 half of combined Russian Psalm 9
PSA,10,6,9,27,merged,proposed,KJV Psalm 10 half of combined Russian Psalm 9
PSA,10,7,9,28,merged,proposed,KJV Psalm 10 half of combined Russian Psalm 9
PSA,10,8,9,29,merged,proposed,KJV Psalm 10 half of combined Russian Psalm 9
PSA,10,9,9,30,merged,proposed,KJV Psalm 10 half of combined Russian Psalm 9
PSA,10,10,9,31,merged,proposed,KJV Psalm 10 half of combined Russian Psalm 9
PSA,10,11,9,32,merged,proposed,KJV Psalm 10 half of combined Russian Psalm 9
PSA,10,12,9,33,merged,proposed,KJV Psalm 10 half of combined Russian Psalm 9
PSA,10,13,9,34,merged,proposed,KJV Psalm 10 half of combined Russian Psalm 9
PSA,10,14,9,35,merged,proposed,KJV Psalm 10 half of combined Russian Psalm 9
PSA,10,15,9,36,merged,proposed,KJV Psalm 10 half of combined Russian Psalm 9
PSA,10,16,9,37,merged,proposed,KJV Psalm 10 half of combined Russian Psalm 9
PSA,10,17,9,38,merged,proposed,KJV Psalm 10 half of combined Russian Psalm 9
PSA,10,18,9,39,merged,proposed,KJV Psalm 10 half of combined Russian Psalm 9
PSA,11,1,10,1,direct,proposed,
PSA,11,2,10,2,direct,proposed,
PSA,11,3,10,3,direct,proposed,
PSA,11,4,10,4,direct,proposed,
PSA,11,5,10,5,direct,proposed,
PSA,11,6,10,6,direct,proposed,
PSA,11,7,10,7,direct,proposed,
PSA,12,,11,1,title,proposed,Russian superscription verse(s) with no KJV counterpart
PSA,12,1,11,2,title-shifted,proposed,
PSA,12,2,11,3,title-shifted,proposed,
PSA,12,3,11,4,title-shifted,proposed,
PSA,12,4,11,5,title-shifted,proposed,
PSA,12,5,11,6,title-shifted,proposed,
PSA,12,6,11,7,title-shifted,proposed,
PSA,12,7,11,8,title-shifted,proposed,
PSA,12,8,11,9,title-shifted,proposed,
PSA,13,1,12,1,direct,proposed,
PSA,13,2,12,2,direct,proposed,
PSA,13,3,12,3,direct,proposed,
PSA,13,4,12,4,direct,proposed,
PSA,13,5,12,5,direct,proposed,
PSA,13,6,12,6,direct,proposed,
PSA,14,1,13,1,direct,proposed,
PSA,14,2,13,2,direct,proposed,
PSA,14,3,13,3,direct,proposed,
PSA,14,4,13,4,direct,proposed,
PSA,14,5,13,5,direct,proposed,
PSA,14,6,13,6,direct,proposed,
PSA,14,7,13,7,direct,proposed,
PSA,15,1,14,1,direct,proposed,
PSA,15,2,14,2,direct,proposed,
PSA,15,3,14,3,direct,proposed,
PSA,15,4,14,4,direct,proposed,
PSA,15,5,14,5,direct,proposed,
PSA,16,1,15,1,direct,proposed,
PSA,16,2,15,2,direct,proposed,
PSA,16,3,15,3,direct,proposed,
PSA,16,4,15,4,direct,proposed,
PSA,16,5,15,5,direct,proposed,
PSA,16,6,15,6,direct,proposed,
PSA,16,7,15,7,direct,proposed,
PSA,16,8,15,8,direct,proposed,
PSA,16,9,15,9,direct,proposed,
PSA,16,10,15,10,direct,proposed,
PSA,16,11,15,11,direct,proposed,
PSA,17,1,16,1,direct,proposed,
PSA,17,2,16,2,direct,proposed,
PSA,17,3,16,3,direct,proposed,
PSA,17,4,16,4,direct,proposed,
PSA,17,5,16,5,direct,proposed,
PSA,17,6,16,6,direct,proposed,
PSA,17,7,16,7,direct,proposed,
PSA,17,8,16,8,direct,proposed,
PSA,17,9,16,9,direct,proposed,
PSA,17,10,16,10,direct,proposed,
PSA,17,11,16,11,direct,proposed,
PSA,17,12,16,12,direct,proposed,
PSA,17,13,16,13,direct,proposed,
PSA,17,14,16,14,direct,proposed,
PSA,17,15,16,15,direct,proposed,
PSA,18,,17,1,title,proposed,Russian superscription verse(s) with no KJV counterpart
PSA,18,1,17,2,title-shifted,proposed,
PSA,18,2,17,3,title-shifted,proposed,
PSA,18,3,17,4,title-shifted,proposed,
PSA,18,4,17,5,title-shifted,proposed,
PSA,18,5,17,6,title-shifted,proposed,
PSA,18,6,17,7,title-shifted,proposed,
PSA,18,7,17,8,title-shifted,proposed,
PSA,18,8,17,9,title-shifted,proposed,
PSA,18,9,17,10,title-shifted,proposed,
PSA,18,10,17,11,title-shifted,proposed,
PSA,18,11,17,12,title-shifted,proposed,
PSA,18,12,17,13,title-shifted,proposed,
PSA,18,13,17,14,title-shifted,proposed,
PSA,18,14,17,15,title-shifted,proposed,
PSA,18,15,17,16,title-shifted,proposed,
PSA,18,16,17,17,title-shifted,proposed,
PSA,18,17,17,18,title-shifted,proposed,
PSA,18,18,17,19,title-shifted,proposed,
PSA,18,19,17,20,title-shifted,proposed,
PSA,18,20,17,21,title-shifted,proposed,
PSA,18,21,17,22,title-shifted,proposed,
PSA,18,22,17,23,title-shifted,proposed,
PSA,18,23,17,24,title-shifted,proposed,
PSA,18,24,17,25,title-shifted,proposed,
PSA,18,25,17,26,title-shifted,proposed,
PSA,18,26,17,27,title-shifted,proposed,
PSA,18,27,17,28,title-shifted,proposed,
PSA,18,28,17,29,title-shifted,proposed,
PSA,18,29,17,30,title-shifted,proposed,
PSA,18,30,17,31,title-shifted,proposed,
PSA,18,31,17,32,title-shifted,proposed,
PSA,18,32,17,33,title-shifted,proposed,
PSA,18,33,17,34,title-shifted,proposed,
PSA,18,34,17,35,title-shifted,proposed,
PSA,18,35,17,36,title-shifted,proposed,
PSA,18,36,17,37,title-shifted,proposed,
PSA,18,37,17,38,title-shifted,proposed,
PSA,18,38,17,39,title-shifted,proposed,
PSA,18,39,17,40,title-shifted,proposed,
PSA,18,40,17,41,title-shifted,proposed,
PSA,18,41,17,42,title-shifted,proposed,
PSA,18,42,17,43,title-shifted,proposed,
PSA,18,43,17,44,title-shifted,proposed,
PSA,18,44,17,45,title-shifted,proposed,
PSA,18,45,17,46,title-shifted,proposed,
PSA,18,46,17,47,title-shifted,proposed,
PSA,18,47,17,48,title-shifted,proposed,
PSA,18,48,17,49,title-shifted,proposed,
PSA,18,49,17,50,title-shifted,proposed,
PSA,18,50,17,51,title-shifted,proposed,
PSA,19,,18,1,title,proposed,Russian superscription verse(s) with no KJV counterpart
PSA,19,1,18,2,title-shifted,proposed,
PSA,19,2,18,3,title-shifted,proposed,
PSA,19,3,18,4,title-shifted,proposed,
PSA,19,4,18,5,title-shifted,proposed,
PSA,19,5,18,6,title-shifted,proposed,
PSA,19,6,18,7,title-shifted,proposed,
PSA,19,7,18,8,title-shifted,proposed,
PSA,19,8,18,9,title-shifted,proposed,
PSA,19,9,18,10,title-shifted,proposed,
PSA,19,10,18,11,title-shifted,proposed,
PSA,19,11,18,12,title-shifted,proposed,
PSA,19,12,18,13,title-shifted,proposed,
PSA,19,13,18,14,title-shifted,proposed,
PSA,19,14,18,15,title-shifted,proposed,
PSA,20,,19,1,title,proposed,Russian superscription verse(s) with no KJV counterpart
PSA,20,1,19,2,title-shifted,proposed,
PSA,20,2,19,3,title-shifted,proposed,
PSA,20,3,19,4,title-shifted,proposed,
PSA,20,4,19,5,title-shifted,proposed,
PSA,20,5,19,6,title-shifted,proposed,
PSA,20,6,19,7,title-shifted,proposed,
PSA,20,7,19,8,title-shifted,proposed,
PSA,20,8,19,9,title-shifted,proposed,
PSA,20,9,19,10,title-shifted,proposed,
PSA,21,,20,1,title,proposed,Russian superscription verse(s) with no KJV counterpart
PSA,21,1,20,2,title-shifted,proposed,
PSA,21,2,20,3,title-shifted,proposed,
PSA,21,3,20,4,title-shifted,proposed,
PSA,21,4,20,5,title-shifted,proposed,
PSA,21,5,20,6,title-shifted,proposed,
PSA,21,6,20,7,title-shifted,proposed,
PSA,21,7,20,8,title-shifted,proposed,
PSA,21,8,20,9,title-shifted,proposed,
PSA,21,9,20,10,title-shifted,proposed,
PSA,21,10,20,11,title-shifted,proposed,
PSA,21,11,20,12,title-shifted,proposed,
PSA,21,12,20,13,title-shifted,proposed,
PSA,21,13,20,14,title-shifted,proposed,
PSA,22,,21,1,title,proposed,Russian superscription verse(s) with no KJV counterpart
PSA,22,1,21,2,title-shifted,proposed,
PSA,22,2,21,3,title-shifted,proposed,
PSA,22,3,21,4,title-shifted,proposed,
PSA,22,4,21,5,title-shifted,proposed,
PSA,22,5,21,6,title-shifted,proposed,
PSA,22,6,21,7,title-shifted,proposed,
PSA,22,7,21,8,title-shifted,proposed,
PSA,22,8,21,9,title-shifted,proposed,
PSA,22,9,21,10,title-shifted,proposed,
PSA,22,10,21,11,title-shifted,proposed,
PSA,22,11,21,12,title-shifted,proposed,
PSA,22,12,21,13,title-shifted,proposed,
PSA,22,13,21,14,title-shifted,proposed,
PSA,22,14,21,15,title-shifted,proposed,
PSA,22,15,21,16,title-shifted,proposed,
PSA,22,16,21,17,title-shifted,proposed,
PSA,22,17,21,18,title-shifted,proposed,
PSA,22,18,21,19,title-shifted,proposed,
PSA,22,19,21,20,title-shifted,proposed,
PSA,22,20,21,21,title-shifted,proposed,
PSA,22,21,21,22,title-shifted,proposed,
PSA,22,22,21,23,title-shifted,proposed,
PSA,22,23,21,24,title-shifted,proposed,
PSA,22,24,21,25,title-shifted,proposed,
PSA,22,25,21,26,title-shifted,proposed,
PSA,22,26,21,27,title-shifted,proposed,
PSA,22,27,21,28,title-shifted,proposed,
PSA,22,28,21,29,title-shifted,proposed,
PSA,22,29,21,30,title-shifted,proposed,
PSA,22,30,21,31,title-shifted,proposed,
PSA,22,31,21,32,title-shifted,proposed,
PSA,23,1,22,1,direct,proposed,
PSA,23,2,22,2,direct,proposed,
PSA,23,3,22,3,direct,proposed,
PSA,23,4,22,4,direct,proposed,
PSA,23,5,22,5,direct,proposed,
PSA,23,6,22,6,direct,proposed,
PSA,24,1,23,1,direct,proposed,
PSA,24,2,23,2,direct,proposed,
PSA,24,3,23,3,direct,proposed,
PSA,24,4,23,4,direct,proposed,
PSA,24,5,23,5,direct,proposed,
PSA,24,6,23,6,direct,proposed,
PSA,24,7,23,7,direct,proposed,
PSA,24,8,23,8,direct,proposed,
PSA,24,9,23,9,direct,proposed,
PSA,24,10,23,10,direct,proposed,
PSA,25,1,24,1,direct,proposed,
PSA,25,2,24,2,direct,proposed,
PSA,25,3,24,3,direct,proposed,
PSA,25,4,24,4,direct,proposed,
PSA,25,5,24,5,direct,proposed,
PSA,25,6,24,6,direct,proposed,
PSA,25,7,24,7,direct,proposed,
PSA,25,8,24,8,direct,proposed,
PSA,25,9,24,9,direct,proposed,
PSA,25,10,24,10,direct,proposed,
PSA,25,11,24,11,direct,proposed,
PSA,25,12,24,12,direct,proposed,
PSA,25,13,24,13,direct,proposed,
PSA,25,14,24,14,direct,proposed,
PSA,25,15,24,15,direct,proposed,
PSA,25,16,24,16,direct,proposed,
PSA,25,17,24,17,direct,proposed,
PSA,25,18,24,18,direct,proposed,
PSA,25,19,24,19,direct,proposed,
PSA,25,20,24,20,direct,proposed,
PSA,25,21,24,21,direct,proposed,
PSA,25,22,24,22,direct,proposed,
PSA,26,1,25,1,direct,proposed,
PSA,26,2,25,2,direct,proposed,
PSA,26,3,25,3,direct,proposed,
PSA,26,4,25,4,direct,proposed,
PSA,26,5,25,5,direct,proposed,
PSA,26,6,25,6,direct,proposed,
PSA,26,7,25,7,direct,proposed,
PSA,26,8,25,8,direct,proposed,
PSA,26,9,25,9,direct,proposed,
PSA,26,10,25,10,direct,proposed,
PSA,26,11,25,11,direct,proposed,
PSA,26,12,25,12,direct,proposed,
PSA,27,1,26,1,direct,proposed,
PSA,27,2,26,2,direct,proposed,
PSA,27,3,26,3,direct,proposed,
PSA,27,4,26,4,direct,proposed,
PSA,27,5,26,5,direct,proposed,
PSA,27,6,26,6,direct,proposed,
PSA,27,7,26,7,direct,proposed,
PSA,27,8,26,8,direct,proposed,
PSA,27,9,26,9,direct,proposed,
PSA,27,10,26,10,direct,proposed,
PSA,27,11,26,11,direct,proposed,
PSA,27,12,26,12,direct,proposed,
PSA,27,13,26,13,direct,proposed,
PSA,27,14,26,14,direct,proposed,
PSA,28,1,27,1,direct,proposed,
PSA,28,2,27,2,direct,proposed,
PSA,28,3,27,3,direct,proposed,
PSA,28,4,27,4,direct,proposed,
PSA,28,5,27,5,direct,proposed,
PSA,28,6,27,6,direct,proposed,
PSA,28,7,27,7,direct,proposed,
PSA,28,8,27,8,direct,proposed,
PSA,28,9,27,9,direct,proposed,
PSA,29,1,28,1,direct,proposed,
PSA,29,2,28,2,direct,proposed,
PSA,29,3,28,3,direct,proposed,
PSA,29,4,28,4,direct,proposed,
PSA,29,5,28,5,direct,proposed,
PSA,29,6,28,6,direct,proposed,
PSA,29,7,28,7,direct,proposed,
PSA,29,8,28,8,direct,proposed,
PSA,29,9,28,9,direct,proposed,
PSA,29,10,28,10,direct,proposed,
PSA,29,11,28,11,direct,proposed,
PSA,30,,29,1,title,proposed,Russian superscription verse(s) with no KJV counterpart
PSA,30,1,29,2,title-shifted,proposed,
PSA,30,2,29,3,title-shifted,proposed,
PSA,30,3,29,4,title-shifted,proposed,
PSA,30,4,29,5,title-shifted,proposed,
PSA,30,5,29,6,title-shifted,proposed,
PSA,30,6,29,7,title-shifted,proposed,
PSA,30,7,29,8,title-shifted,proposed,
PSA,30,8,29,9,title-shifted,proposed,
PSA,30,9,29,10,title-shifted,proposed,
PSA,30,10,29,11,title-shifted,proposed,
PSA,30,11,29,12,title-shifted,proposed,
PSA,30,12,29,13,title-shifted,proposed,
PSA,31,,30,1,title,proposed,Russian superscription verse(s) with no KJV counterpart
PSA,31,1,30,2,title-shifted,proposed,
PSA,31,2,30,3,title-shifted,proposed,
PSA,31,3,30,4,title-shifted,proposed,
PSA,31,4,30,5,title-shifted,proposed,
PSA,31,5,30,6,title-shifted,proposed,
PSA,31,6,30,7,title-shifted,proposed,
PSA,31,7,30,8,title-shifted,proposed,
PSA,31,8,30,9,title-shifted,proposed,
PSA,31,9,30,10,title-shifted,proposed,
PSA,31,10,30,11,title-shifted,proposed,
PSA,31,11,30,12,title-shifted,proposed,
PSA,31,12,30,13,title-shifted,proposed,
PSA,31,13,30,14,title-shifted,proposed,
PSA,31,14,30,15,title-shifted,proposed,
PSA,31,15,30,16,title-shifted,proposed,
PSA,31,16,30,17,title-shifted,proposed,
PSA,31,17,30,18,title-shifted,proposed,
PSA,31,18,30,19,title-shifted,proposed,
PSA,31,19,30,20,title-shifted,proposed,
PSA,31,20,30,21,title-shifted,proposed,
PSA,31,21,30,22,title-shifted,proposed,
PSA,31,22,30,23,title-shifted,proposed,
PSA,31,23,30,24,title-shifted,proposed,
PSA,31,24,30,25,title-shifted,proposed,
PSA,32,1,31,1,direct,proposed,
PSA,32,2,31,2,direct,proposed,
PSA,32,3,31,3,direct,proposed,
PSA,32,4,31,4,direct,proposed,
PSA,32,5,31,5,direct,proposed,
PSA,32,6,31,6,direct,proposed,
PSA,32,7,31,7,direct,proposed,
PSA,32,8,31,8,direct,proposed,
PSA,32,9,31,9,direct,proposed,
PSA,32,10,31,10,direct,proposed,
PSA,32,11,31,11,direct,proposed,
PSA,33,1,32,1,direct,proposed,
PSA,33,2,32,2,direct,proposed,
PSA,33,3,32,3,direct,proposed,
PSA,33,4,32,4,direct,proposed,
PSA,33,5,32,5,direct,proposed,
PSA,33,6,32,6,direct,proposed,
PSA,33,7,32,7,direct,proposed,
PSA,33,8,32,8,direct,proposed,
PSA,33,9,32,9,direct,proposed,
PSA,33,10,32,10,direct,proposed,
PSA,33,11,32,11,direct,proposed,
PSA,33,12,32,12,direct,proposed,
PSA,33,13,32,13,direct,proposed,
PSA,33,14,32,14,direct,proposed,
PSA,33,15,32,15,direct,proposed,
PSA,33,16,32,16,direct,proposed,
PSA,33,17,32,17,direct,proposed,
PSA,33,18,32,18,direct,proposed,
PSA,33,19,32,19,direct,proposed,
PSA,33,20,32,20,direct,proposed,
PSA,33,21,32,21,direct,proposed,
PSA,33,22,32,22,direct,proposed,
PSA,34,,33,1,title,proposed,Russian superscription verse(s) with no KJV counterpart
PSA,34,1,33,2,title-shifted,proposed,
PSA,34,2,33,3,title-shifted,proposed,
PSA,34,3,33,4,title-shifted,proposed,
PSA,34,4,33,5,title-shifted,proposed,
PSA,34,5,33,6,title-shifted,proposed,
PSA,34,6,33,7,title-shifted,proposed,
PSA,34,7,33,8,title-shifted,proposed,
PSA,34,8,33,9,title-shifted,proposed,
PSA,34,9,33,10,title-shifted,proposed,
PSA,34,10,33,11,title-shifted,proposed,
PSA,34,11,33,12,title-shifted,proposed,
PSA,34,12,33,13,title-shifted,proposed,
PSA,34,13,33,14,title-shifted,proposed,
PSA,34,14,33,15,title-shifted,proposed,
PSA,34,15,33,16,title-shifted,proposed,
PSA,34,16,33,17,title-shifted,proposed,
PSA,34,17,33,18,title-shifted,proposed,
PSA,34,18,33,19,title-shifted,proposed,
PSA,34,19,33,20,title-shifted,proposed,
PSA,34,20,33,21,title-shifted,proposed,
PSA,34,21,33,22,title-shifted,proposed,
PSA,34,22,33,23,title-shifted,proposed,
PSA,35,1,34,1,direct,proposed,
PSA,35,2,34,2,direct,proposed,
PSA,35,3,34,3,direct,proposed,
PSA,35,4,34,4,direct,proposed,
PSA,35,5,34,5,direct,proposed,
PSA,35,6,34,6,direct,proposed,
PSA,35,7,34,7,direct,proposed,
PSA,35,8,34,8,direct,proposed,
PSA,35,9,34,9,direct,proposed,
PSA,35,10,34,10,direct,proposed,
PSA,35,11,34,11,direct,proposed,
PSA,35,12,34,12,direct,proposed,
PSA,35,13,34,13,direct,proposed,
PSA,35,14,34,14,direct,proposed,
PSA,35,15,34,15,direct,proposed,
PSA,35,16,34,16,direct,proposed,
PSA,35,17,34,17,direct,proposed,
PSA,35,18,34,18,direct,proposed,
PSA,35,19,34,19,direct,proposed,
PSA,35,20,34,20,direct,proposed,
PSA,35,21,34,21,direct,proposed,
PSA,35,22,34,22,direct,proposed,
PSA,35,23,34,23,direct,proposed,
PSA,35,24,34,24,direct,proposed,
PSA,35,25,34,25,direct,proposed,
PSA,35,26,34,26,direct,proposed,
PSA,35,27,34,27,direct,proposed,
PSA,35,28,34,28,direct,proposed,
PSA,36,,35,1,title,proposed,Russian superscription verse(s) with no KJV counterpart
PSA,36,1,35,2,title-shifted,proposed,
PSA,36,2,35,3,title-shifted,proposed,
PSA,36,3,35,4,title-shifted,proposed,
PSA,36,4,35,5,title-shifted,proposed,
PSA,36,5,35,6,title-shifted,proposed,
PSA,36,6,35,7,title-shifted,proposed,
PSA,36,7,35,8,title-shifted,proposed,
PSA,36,8,35,9,title-shifted,proposed,
PSA,36,9,35,10,title-shifted,proposed,
PSA,36,10,35,11,title-shifted,proposed,
PSA,36,11,35,12,title-shifted,proposed,
PSA,36,12,35,13,title-shifted,proposed,
PSA,37,1,36,1,direct,proposed,
PSA,37,2,36,2,direct,proposed,
PSA,37,3,36,3,direct,proposed,
PSA,37,4,36,4,direct,proposed,
PSA,37,5,36,5,direct,proposed,
PSA,37,6,36,6,direct,proposed,
PSA,37,7,36,7,direct,proposed,
PSA,37,8,36,8,direct,proposed,
PSA,37,9,36,9,direct,proposed,
PSA,37,10,36,10,direct,proposed,
PSA,37,11,36,11,direct,proposed,
PSA,37,12,36,12,direct,proposed,
PSA,37,13,36,13,direct,proposed,
PSA,37,14,36,14,direct,proposed,
PSA,37,15,36,15,direct,proposed,
PSA,37,16,36,16,direct,proposed,
PSA,37,17,36,17,direct,proposed,
PSA,37,18,36,18,direct,proposed,
PSA,37,19,36,19,direct,proposed,
PSA,37,20,36,20,direct,proposed,
PSA,37,21,36,21,direct,proposed,
PSA,37,22,36,22,direct,proposed,
PSA,37,23,36,23,direct,proposed,
PSA,37,24,36,24,direct,proposed,
PSA,37,25,36,25,direct,proposed,
PSA,37,26,36,26,direct,proposed,
PSA,37,27,36,27,direct,proposed,
PSA,37,28,36,28,direct,proposed,
PSA,37,29,36,29,direct,proposed,
PSA,37,30,36,30,direct,proposed,
PSA,37,31,36,31,direct,proposed,
PSA,37,32,36,32,direct,proposed,
PSA,37,33,36,33,direct,proposed,
PSA,37,34,36,34,direct,proposed,
PSA,37,35,36,35,direct,proposed,
PSA,37,36,36,36,direct,proposed,
PSA,37,37,36,37,direct,proposed,
PSA,37,38,36,38,direct,proposed,
PSA,37,39,36,39,direct,proposed,
PSA,37,40,36,40,direct,proposed,
PSA,38,,37,1,title,proposed,Russian superscription verse(s) with no KJV counterpart
PSA,38,1,37,2,title-shifted,proposed,
PSA,38,2,37,3,title-shifted,proposed,
PSA,38,3,37,4,title-shifted,proposed,
PSA,38,4,37,5,title-shifted,proposed,
PSA,38,5,37,6,title-shifted,proposed,
PSA,38,6,37,7,title-shifted,proposed,
PSA,38,7,37,8,title-shifted,proposed,
PSA,38,8,37,9,title-shifted,proposed,
PSA,38,9,37,10,title-shifted,proposed,
PSA,38,10,37,11,title-shifted,proposed,
PSA,38,11,37,12,title-shifted,proposed,
PSA,38,12,37,13,title-shifted,proposed,
PSA,38,13,37,14,title-shifted,proposed,
PSA,38,14,37,15,title-shifted,proposed,
PSA,38,15,37,16,title-shifted,proposed,
PSA,38,16,37,17,title-shifted,proposed,
PSA,38,17,37,18,title-shifted,proposed,
PSA,38,18,37,19,title-shifted,proposed,
PSA,38,19,37,20,title-shifted,proposed,
PSA,38,20,37,21,title-shifted,proposed,
PSA,38,21,37,22,title-shifted,proposed,
PSA,38,22,37,23,title-shifted,proposed,
PSA,39,,38,1,title,proposed,Russian superscription verse(s) with no KJV counterpart
PSA,39,1,38,2,title-shifted,proposed,
PSA,39,2,38,3,title-shifted,proposed,
PSA,39,3,38,4,title-shifted,proposed,
PSA,39,4,38,5,title-shifted,proposed,
PSA,39,5,38,6,title-shifted,proposed,
PSA,39,6,38,7,title-shifted,proposed,
PSA,39,7,38,8,title-shifted,proposed,
PSA,39,8,38,9,title-shifted,proposed,
PSA,39,9,38,10,title-shifted,proposed,
PSA,39,10,38,11,title-shifted,proposed,
PSA,39,11,38,12,title-shifted,proposed,
PSA,39,12,38,13,title-shifted,proposed,
PSA,39,13,38,14,title-shifted,proposed,
PSA,40,,39,1,title,proposed,Russian superscription verse(s) with no KJV counterpart
PSA,40,1,39,2,title-shifted,proposed,
PSA,40,2,39,3,title-shifted,proposed,
PSA,40,3,39,4,title-shifted,proposed,
PSA,40,4,39,5,title-shifted,proposed,
PSA,40,5,39,6,title-shifted,proposed,
PSA,40,6,39,7,title-shifted,proposed,
PSA,40,7,39,8,title-shifted,proposed,
PSA,40,8,39,9,title-shifted,proposed,
PSA,40,9,39,10,title-shifted,proposed,
PSA,40,10,39,11,title-shifted,proposed,
PSA,40,11,39,12,title-shifted,proposed,
PSA,40,12,39,13,title-shifted,proposed,
PSA,40,13,39,14,title-shifted,proposed,
PSA,40,14,39,15,title-shifted,proposed,
PSA,40,15,39,16,title-shifted,proposed,
PSA,40,16,39,17,title-shifted,proposed,
PSA,40,17,39,18,title-shifted,proposed,
PSA,41,,40,1,title,proposed,Russian superscription verse(s) with no KJV counterpart
PSA,41,1,40,2,title-shifted,proposed,
PSA,41,2,40,3,title-shifted,proposed,
PSA,41,3,40,4,title-shifted,proposed,
PSA,41,4,40,5,title-shifted,proposed,
PSA,41,5,40,6,title-shifted,proposed,
PSA,41,6,40,7,title-shifted,proposed,
PSA,41,7,40,8,title-shifted,proposed,
PSA,41,8,40,9,title-shifted,proposed,
PSA,41,9,40,10,title-shifted,proposed,
PSA,41,10,40,11,title-shifted,proposed,
PSA,41,11,40,12,title-shifted,proposed,
PSA,41,12,40,13,title-shifted,proposed,
PSA,41,13,40,14,title-shifted,proposed,
PSA,42,,41,1,title,proposed,Russian superscription verse(s) with no KJV counterpart
PSA,42,1,41,2,title-shifted,proposed,
PSA,42,2,41,3,title-shifted,proposed,
PSA,42,3,41,4,title-shifted,proposed,
PSA,42,4,41,5,title-shifted,proposed,
PSA,42,5,41,6,title-shifted,proposed,
PSA,42,6,41,7,title-shifted,proposed,
PSA,42,7,41,8,title-shifted,proposed,
PSA,42,8,41,9,title-shifted,proposed,
PSA,42,9,41,10,title-shifted,proposed,
PSA,42,10,41,11,title-shifted,proposed,
PSA,42,11,41,12,title-shifted,proposed,
PSA,43,1,42,1,direct,proposed,
PSA,43,2,42,2,direct,proposed,
PSA,43,3,42,3,direct,proposed,
PSA,43,4,42,4,direct,proposed,
PSA,43,5,42,5,direct,proposed,
PSA,44,,43,1,title,proposed,Russian superscription verse(s) with no KJV counterpart
PSA,44,1,43,2,title-shifted,proposed,
PSA,44,2,43,3,title-shifted,proposed,
PSA,44,3,43,4,title-shifted,proposed,
PSA,44,4,43,5,title-shifted,proposed,
PSA,44,5,43,6,title-shifted,proposed,
PSA,44,6,43,7,title-shifted,proposed,
PSA,44,7,43,8,title-shifted,proposed,
PSA,44,8,43,9,title-shifted,proposed,
PSA,44,9,43,10,title-shifted,proposed,
PSA,44,10,43,11,title-shifted,proposed,
PSA,44,11,43,12,title-shifted,proposed,
PSA,44,12,43,13,title-shifted,proposed,
PSA,44,13,43,14,title-shifted,proposed,
PSA,44,14,43,15,title-shifted,proposed,
PSA,44,15,43,16,title-shifted,proposed,
PSA,44,16,43,17,title-shifted,proposed,
PSA,44,17,43,18,title-shifted,proposed,
PSA,44,18,43,19,title-shifted,proposed,
PSA,44,19,43,20,title-shifted,proposed,
PSA,44,20,43,21,title-shifted,proposed,
PSA,44,21,43,22,title-shifted,proposed,
PSA,44,22,43,23,title-shifted,proposed,
PSA,44,23,43,24,title-shifted,proposed,
PSA,44,24,43,25,title-shifted,proposed,
PSA,44,25,43,26,title-shifted,proposed,
PSA,44,26,43,27,title-shifted,proposed,
PSA,45,,44,1,title,proposed,Russian superscription verse(s) with no KJV counterpart
PSA,45,1,44,2,title-shifted,proposed,
PSA,45,2,44,3,title-shifted,proposed,
PSA,45,3,44,4,title-shifted,proposed,
PSA,45,4,44,5,title-shifted,proposed,
PSA,45,5,44,6,title-shifted,proposed,
PSA,45,6,44,7,title-shifted,proposed,
PSA,45,7,44,8,title-shifted,proposed,
PSA,45,8,44,9,title-shifted,proposed,
PSA,45,9,44,10,title-shifted,proposed,
PSA,45,10,44,11,title-shifted,proposed,
PSA,45,11,44,12,title-shifted,proposed,
PSA,45,12,44,13,title-shifted,proposed,
PSA,45,13,44,14,title-shifted,proposed,
PSA,45,14,44,15,title-shifted,proposed,
PSA,45,15,44,16,title-shifted,proposed,
PSA,45,16,44,17,title-shifted,proposed,
PSA,45,17,44,18,title-shifted,proposed,
PSA,46,,45,1,title,proposed,Russian superscription verse(s) with no KJV counterpart
PSA,46,1,45,2,title-shifted,proposed,
PSA,46,2,45,3,title-shifted,proposed,
PSA,46,3,45,4,title-shifted,proposed,
PSA,46,4,45,5,title-shifted,proposed,
PSA,46,5,45,6,title-shifted,proposed,
PSA,46,6,45,7,title-shifted,proposed,
PSA,46,7,45,8,title-shifted,proposed,
PSA,46,8,45,9,title-shifted,proposed,
PSA,46,9,45,10,title-shifted,proposed,
PSA,46,10,45,11,title-shifted,proposed,
PSA,46,11,45,12,title-shifted,proposed,
PSA,47,,46,1,title,proposed,Russian superscription verse(s) with no KJV counterpart
PSA,47,1,46,2,title-shifted,proposed,
PSA,47,2,46,3,title-shifted,proposed,
PSA,47,3,46,4,title-shifted,proposed,
PSA,47,4,46,5,title-shifted,proposed,
PSA,47,5,46,6,title-shifted,proposed,
PSA,47,6,46,7,title-shifted,proposed,
PSA,47,7,46,8,title-shifted,proposed,
PSA,47,8,46,9,title-shifted,proposed,
PSA,47,9,46,10,title-shifted,proposed,
PSA,48,,47,1,title,proposed,Russian superscription verse(s) with no KJV counterpart
PSA,48,1,47,2,title-shifted,proposed,
PSA,48,2,47,3,title-shifted,proposed,
PSA,48,3,47,4,title-shifted,proposed,
PSA,48,4,47,5,title-shifted,proposed,
PSA,48,5,47,6,title-shifted,proposed,
PSA,48,6,47,7,title-shifted,proposed,
PSA,48,7,47,8,title-shifted,proposed,
PSA,48,8,47,9,title-shifted,proposed,
PSA,48,9,47,10,title-shifted,proposed,
PSA,48,10,47,11,title-shifted,proposed,
PSA,48,11,47,12,title-shifted,proposed,
PSA,48,12,47,13,title-shifted,proposed,
PSA,48,13,47,14,title-shifted,proposed,
PSA,48,14,47,15,title-shifted,proposed,
PSA,49,,48,1,title,proposed,Russian superscription verse(s) with no KJV counterpart
PSA,49,1,48,2,title-shifted,proposed,
PSA,49,2,48,3,title-shifted,proposed,
PSA,49,3,48,4,title-shifted,proposed,
PSA,49,4,48,5,title-shifted,proposed,
PSA,49,5,48,6,title-shifted,proposed,
PSA,49,6,48,7,title-shifted,proposed,
PSA,49,7,48,8,title-shifted,proposed,
PSA,49,8,48,9,title-shifted,proposed,
PSA,49,9,48,10,title-shifted,proposed,
PSA,49,10,48,11,title-shifted,proposed,
PSA,49,11,48,12,title-shifted,proposed,
PSA,49,12,48,13,title-shifted,proposed,
PSA,49,13,48,14,title-shifted,proposed,
PSA,49,14,48,15,title-shifted,proposed,
PSA,49,15,48,16,title-shifted,proposed,
PSA,49,16,48,17,title-shifted,proposed,
PSA,49,17,48,18,title-shifted,proposed,
PSA,49,18,48,19,title-shifted,proposed,
PSA,49,19,48,20,title-shifted,proposed,
PSA,49,20,48,21,title-shifted,proposed,
PSA,50,1,49,1,direct,proposed,
PSA,50,2,49,2,direct,proposed,
PSA,50,3,49,3,direct,proposed,
PSA,50,4,49,4,direct,proposed,
PSA,50,5,49,5,direct,proposed,
PSA,50,6,49,6,direct,proposed,
PSA,50,7,49,7,direct,proposed,
PSA,50,8,49,8,direct,proposed,
PSA,50,9,49,9,direct,proposed,
PSA,50,10,49,10,direct,proposed,
PSA,50,11,49,11,direct,proposed,
PSA,50,12,49,12,direct,proposed,
PSA,50,13,49,13,direct,proposed,
PSA,50,14,49,14,direct,proposed,
PSA,50,15,49,15,direct,proposed,
PSA,50,16,49,16,direct,proposed,
PSA,50,17,49,17,direct,proposed,
PSA,50,18,49,18,direct,proposed,
PSA,50,19,49,19,direct,proposed,
PSA,50,20,49,20,direct,proposed,
PSA,50,21,49,21,direct,proposed,
PSA,50,22,49,22,direct,proposed,
PSA,50,23,49,23,direct,proposed,
PSA,51,,50,1,title,proposed,Russian superscription verse(s) with no KJV counterpart
PSA,51,,50,2,title,proposed,Russian superscription verse(s) with no KJV counterpart
PSA,51,1,50,3,title-shifted,proposed,
PSA,51,2,50,4,title-shifted,proposed,
PSA,51,3,50,5,title-shifted,proposed,
PSA,51,4,50,6,title-shifted,proposed,
PSA,51,5,50,7,title-shifted,proposed,
PSA,51,6,50,8,title-shifted,proposed,
PSA,51,7,50,9,title-shifted,proposed,
PSA,51,8,50,10,title-shifted,proposed,
PSA,51,9,50,11,title-shifted,proposed,
PSA,51,10,50,12,title-shifted,proposed,
PSA,51,11,50,13,title-shifted,proposed,
PSA,51,12,50,14,title-shifted,proposed,
PSA,51,13,50,15,title-shifted,proposed,
PSA,51,14,50,16,title-shifted,proposed,
PSA,51,15,50,17,title-shifted,proposed,
PSA,51,16,50,18,title-shifted,proposed,
PSA,51,17,50,19,title-shifted,proposed,
PSA,51,18,50,20,title-shifted,proposed,
PSA,51,19,50,21,title-shifted,proposed,
PSA,52,,51,1,title,proposed,Russian superscription verse(s) with no KJV counterpart
PSA,52,,51,2,title,proposed,Russian superscription verse(s) with no KJV counterpart
PSA,52,1,51,3,title-shifted,proposed,
PSA,52,2,51,4,title-shifted,proposed,
PSA,52,3,51,5,title-shifted,proposed,
PSA,52,4,51,6,title-shifted,proposed,
PSA,52,5,51,7,title-shifted,proposed,
PSA,52,6,51,8,title-shifted,proposed,
PSA,52,7,51,9,title-shifted,proposed,
PSA,52,8,51,10,title-shifted,proposed,
PSA,52,9,51,11,title-shifted,proposed,
PSA,53,,52,1,title,proposed,Russian superscription verse(s) with no KJV counterpart
PSA,53,1,52,2,title-shifted,proposed,
PSA,53,2,52,3,title-shifted,proposed,
PSA,53,3,52,4,title-shifted,proposed,
PSA,53,4,52,5,title-shifted,proposed,
PSA,53,5,52,6,title-shifted,proposed,
PSA,53,6,52,7,title-shifted,proposed,
PSA,54,,53,1,title,proposed,Russian superscription verse(s) with no KJV counterpart
PSA,54,,53,2,title,proposed,Russian superscription verse(s) with no KJV counterpart
PSA,54,1,53,3,title-shifted,proposed,
PSA,54,2,53,4,title-shifted,proposed,
PSA,54,3,53,5,title-shifted,proposed,
PSA,54,4,53,6,title-shifted,proposed,
PSA,54,5,53,7,title-shifted,proposed,
PSA,54,6,53,8,title-shifted,proposed,
PSA,54,7,53,9,title-shifted,proposed,
PSA,55,,54,1,title,proposed,Russian superscription verse(s) with no KJV counterpart
PSA,55,1,54,2,title-shifted,proposed,
PSA,55,2,54,3,title-shifted,proposed,
PSA,55,3,54,4,title-shifted,proposed,
PSA,55,4,54,5,title-shifted,proposed,
PSA,55,5,54,6,title-shifted,proposed,
PSA,55,6,54,7,title-shifted,proposed,
PSA,55,7,54,8,title-shifted,proposed,
PSA,55,8,54,9,title-shifted,proposed,
PSA,55,9,54,10,title-shifted,proposed,
PSA,55,10,54,11,title-shifted,proposed,
PSA,55,11,54,12,title-shifted,proposed,
PSA,55,12,54,13,title-shifted,proposed,
PSA,55,13,54,14,title-shifted,proposed,
PSA,55,14,54,15,title-shifted,proposed,
PSA,55,15,54,16,title-shifted,proposed,
PSA,55,16,54,17,title-shifted,proposed,
PSA,55,17,54,18,title-shifted,proposed,
PSA,55,18,54,19,title-shifted,proposed,
PSA,55,19,54,20,title-shifted,proposed,
PSA,55,20,54,21,title-shifted,proposed,
PSA,55,21,54,22,title-shifted,proposed,
PSA,55,22,54,23,title-shifted,proposed,
PSA,55,23,54,24,title-shifted,proposed,
PSA,56,,55,1,title,proposed,Russian superscription verse(s) with no KJV counterpart
PSA,56,1,55,2,title-shifted,proposed,
PSA,56,2,55,3,title-shifted,proposed,
PSA,56,3,55,4,title-shifted,proposed,
PSA,56,4,55,5,title-shifted,proposed,
PSA,56,5,55,6,title-shifted,proposed,
PSA,56,6,55,7,title-shifted,proposed,
PSA,56,7,55,8,title-shifted,proposed,
PSA,56,8,55,9,title-shifted,proposed,
PSA,56,9,55,10,title-shifted,proposed,
PSA,56,10,55,11,title-shifted,proposed,
PSA,56,11,55,12,title-shifted,proposed,
PSA,56,12,55,13,title-shifted,proposed,
PSA,56,13,55,14,title-shifted,proposed,
PSA,57,,56,1,title,proposed,Russian superscription verse(s) with no KJV counterpart
PSA,57,1,56,2,title-shifted,proposed,
PSA,57,2,56,3,title-shifted,proposed,
PSA,57,3,56,4,title-shifted,proposed,
PSA,57,4,56,5,title-shifted,proposed,
PSA,57,5,56,6,title-shifted,proposed,
PSA,57,6,56,7,title-shifted,proposed,
PSA,57,7,56,8,title-shifted,proposed,
PSA,57,8,56,9,title-shifted,proposed,
PSA,57,9,56,10,title-shifted,proposed,
PSA,57,10,56,11,title-shifted,proposed,
PSA,57,11,56,12,title-shifted,proposed,
PSA,58,,57,1,title,proposed,Russian superscription verse(s) with no KJV counterpart
PSA,58,1,57,2,title-shifted,proposed,
PSA,58,2,57,3,title-shifted,proposed,
PSA,58,3,57,4,title-shifted,proposed,
PSA,58,4,57,5,title-shifted,proposed,
PSA,58,5,57,6,title-shifted,proposed,
PSA,58,6,57,7,title-shifted,proposed,
PSA,58,7,57,8,title-shifted,proposed,
PSA,58,8,57,9,title-shifted,proposed,
PSA,58,9,57,10,title-shifted,proposed,
PSA,58,10,57,11,title-shifted,proposed,
PSA,58,11,57,12,title-shifted,proposed,
PSA,59,,58,1,title,proposed,Russian superscription verse(s) with no KJV counterpart
PSA,59,1,58,2,title-shifted,proposed,
PSA,59,2,58,3,title-shifted,proposed,
PSA,59,3,58,4,title-shifted,proposed,
PSA,59,4,58,5,title-shifted,proposed,
PSA,59,5,58,6,title-shifted,proposed,
PSA,59,6,58,7,title-shifted,proposed,
PSA,59,7,58,8,title-shifted,proposed,
PSA,59,8,58,9,title-shifted,proposed,
PSA,59,9,58,10,title-shifted,proposed,
PSA,59,10,58,11,title-shifted,proposed,
PSA,59,11,58,12,title-shifted,proposed,
PSA,59,12,58,13,title-shifted,proposed,
PSA,59,13,58,14,title-shifted,proposed,
PSA,59,14,58,15,title-shifted,proposed,
PSA,59,15,58,16,title-shifted,proposed,
PSA,59,16,58,17,title-shifted,proposed,
PSA,59,17,58,18,title-shifted,proposed,
PSA,60,,59,1,title,proposed,Russian superscription verse(s) with no KJV counterpart
PSA,60,,59,2,title,proposed,Russian superscription verse(s) with no KJV counterpart
PSA,60,1,59,3,title-shifted,proposed,
PSA,60,2,59,4,title-shifted,proposed,
PSA,60,3,59,5,title-shifted,proposed,
PSA,60,4,59,6,title-shifted,proposed,
PSA,60,5,59,7,title-shifted,proposed,
PSA,60,6,59,8,title-shifted,proposed,
PSA,60,7,59,9,title-shifted,proposed,
PSA,60,8,59,10,title-shifted,proposed,
PSA,60,9,59,11,title-shifted,proposed,
PSA,60,10,59,12,title-shifted,proposed,
PSA,60,11,59,13,title-shifted,proposed,
PSA,60,12,59,14,title-shifted,proposed,
PSA,61,,60,1,title,proposed,Russian superscription verse(s) with no KJV counterpart
PSA,61,1,60,2,title-shifted,proposed,
PSA,61,2,60,3,title-shifted,proposed,
PSA,61,3,60,4,title-shifted,proposed,
PSA,61,4,60,5,title-shifted,proposed,
PSA,61,5,60,6,title-shifted,proposed,
PSA,61,6,60,7,title-shifted,proposed,
PSA,61,7,60,8,title-shifted,proposed,
PSA,61,8,60,9,title-shifted,proposed,
PSA,62,,61,1,title,proposed,Russian superscription verse(s) with no KJV counterpart
PSA,62,1,61,2,title-shifted,proposed,
PSA,62,2,61,3,title-shifted,proposed,
PSA,62,3,61,4,title-shifted,proposed,
PSA,62,4,61,5,title-shifted,proposed,
PSA,62,5,61,6,title-shifted,proposed,
PSA,62,6,61,7,title-shifted,proposed,
PSA,62,7,61,8,title-shifted,proposed,
PSA,62,8,61,9,title-shifted,proposed,
PSA,62,9,61,10,title-shifted,proposed,
PSA,62,10,61,11,title-shifted,proposed,
PSA,62,11,61,12,title-shifted,proposed,
PSA,62,12,61,13,title-shifted,proposed,
PSA,63,,62,1,title,proposed,Russian superscription verse(s) with no KJV counterpart
PSA,63,1,62,2,title-shifted,proposed,
PSA,63,2,62,3,title-shifted,proposed,
PSA,63,3,62,4,title-shifted,proposed,
PSA,63,4,62,5,title-shifted,proposed,
PSA,63,5,62,6,title-shifted,proposed,
PSA,63,6,62,7,title-shifted,proposed,
PSA,63,7,62,8,title-shifted,proposed,
PSA,63,8,62,9,title-shifted,proposed,
PSA,63,9,62,10,title-shifted,proposed,
PSA,63,10,62,11,title-shifted,proposed,
PSA,63,11,62,12,title-shifted,proposed,
PSA,64,,63,1,title,proposed,Russian superscription verse(s) with no KJV counterpart
PSA,64,1,63,2,title-shifted,proposed,
PSA,64,2,63,3,title-shifted,proposed,
PSA,64,3,63,4,title-shifted,proposed,
PSA,64,4,63,5,title-shifted,proposed,
PSA,64,5,63,6,title-shifted,proposed,
PSA,64,6,63,7,title-shifted,proposed,
PSA,64,7,63,8,title-shifted,proposed,
PSA,64,8,63,9,title-shifted,proposed,
PSA,64,9,63,10,title-shifted,proposed,
PSA,64,10,63,11,title-shifted,proposed,
PSA,65,,64,1,title,proposed,Russian superscription verse(s) with no KJV counterpart
PSA,65,1,64,2,title-shifted,proposed,
PSA,65,2,64,3,title-shifted,proposed,
PSA,65,3,64,4,title-shifted,proposed,
PSA,65,4,64,5,title-shifted,proposed,
PSA,65,5,64,6,title-shifted,proposed,
PSA,65,6,64,7,title-shifted,proposed,
PSA,65,7,64,8,title-shifted,proposed,
PSA,65,8,64,9,title-shifted,proposed,
PSA,65,9,64,10,title-shifted,proposed,
PSA,65,10,64,11,title-shifted,proposed,
PSA,65,11,64,12,title-shifted,proposed,
PSA,65,12,64,13,title-shifted,proposed,
PSA,65,13,64,14,title-shifted,proposed,
PSA,66,1,65,1,direct,proposed,
PSA,66,2,65,2,direct,proposed,
PSA,66,3,65,3,direct,proposed,
PSA,66,4,65,4,direct,proposed,
PSA,66,5,65,5,direct,proposed,
PSA,66,6,65,6,direct,proposed,
PSA,66,7,65,7,direct,proposed,
PSA,66,8,65,8,direct,proposed,
PSA,66,9,65,9,direct,proposed,
PSA,66,10,65,10,direct,proposed,
PSA,66,11,65,11,direct,proposed,
PSA,66,12,65,12,direct,proposed,
PSA,66,13,65,13,direct,proposed,
PSA,66,14,65,14,direct,proposed,
PSA,66,15,65,15,direct,proposed,
PSA,66,16,65,16,direct,proposed,
PSA,66,17,65,17,direct,proposed,
PSA,66,18,65,18,direct,proposed,
PSA,66,19,65,19,direct,proposed,
PSA,66,20,65,20,direct,proposed,
PSA,67,,66,1,title,proposed,Russian superscription verse(s) with no KJV counterpart
PSA,67,1,66,2,title-shifted,proposed,
PSA,67,2,66,3,title-shifted,proposed,
PSA,67,3,66,4,title-shifted,proposed,
PSA,67,4,66,5,title-shifted,proposed,
PSA,67,5,66,6,title-shifted,proposed,
PSA,67,6,66,7,title-shifted,proposed,
PSA,67,7,66,8,title-shifted,proposed,
PSA,68,,67,1,title,proposed,Russian superscription verse(s) with no KJV counterpart
PSA,68,1,67,2,title-shifted,proposed,
PSA,68,2,67,3,title-shifted,proposed,
PSA,68,3,67,4,title-shifted,proposed,
PSA,68,4,67,5,title-shifted,proposed,
PSA,68,5,67,6,title-shifted,proposed,
PSA,68,6,67,7,title-shifted,proposed,
PSA,68,7,67,8,title-shifted,proposed,
PSA,68,8,67,9,title-shifted,proposed,
PSA,68,9,67,10,title-shifted,proposed,
PSA,68,10,67,11,title-shifted,proposed,
PSA,68,11,67,12,title-shifted,proposed,
PSA,68,12,67,13,title-shifted,proposed,
PSA,68,13,67,14,title-shifted,proposed,
PSA,68,14,67,15,title-shifted,proposed,
PSA,68,15,67,16,title-shifted,proposed,
PSA,68,16,67,17,title-shifted,proposed,
PSA,68,17,67,18,title-shifted,proposed,
PSA,68,18,67,19,title-shifted,proposed,
PSA,68,19,67,20,title-shifted,proposed,
PSA,68,20,67,21,title-shifted,proposed,
PSA,68,21,67,22,title-shifted,proposed,
PSA,68,22,67,23,title-shifted,proposed,
PSA,68,23,67,24,title-shifted,proposed,
PSA,68,24,67,25,title-shifted,proposed,
PSA,68,25,67,26,title-shifted,proposed,
PSA,68,26,67,27,title-shifted,proposed,
PSA,68,27,67,28,title-shifted,proposed,
PSA,68,28,67,29,title-shifted,proposed,
PSA,68,29,67,30,title-shifted,proposed,
PSA,68,30,67,31,title-shifted,proposed,
PSA,68,31,67,32,title-shifted,proposed,
PSA,68,32,67,33,title-shifted,proposed,
PSA,68,33,67,34,title-shifted,proposed,
PSA,68,34,67,35,title-shifted,proposed,
PSA,68,35,67,36,title-shifted,proposed,
PSA,69,,68,1,title,proposed,Russian superscription verse(s) with no KJV counterpart
PSA,69,1,68,2,title-shifted,proposed,
PSA,69,2,68,3,title-shifted,proposed,
PSA,69,3,68,4,title-shifted,proposed,
PSA,69,4,68,5,title-shifted,proposed,
PSA,69,5,68,6,title-shifted,proposed,
PSA,69,6,68,7,title-shifted,proposed,
PSA,69,7,68,8,title-shifted,proposed,
PSA,69,8,68,9,title-shifted,proposed,
PSA,69,9,68,10,title-shifted,proposed,
PSA,69,10,68,11,title-shifted,proposed,
PSA,69,11,68,12,title-shifted,proposed,
PSA,69,12,68,13,title-shifted,proposed,
PSA,69,13,68,14,title-shifted,proposed,
PSA,69,14,68,15,title-shifted,proposed,
PSA,69,15,68,16,title-shifted,proposed,
PSA,69,16,68,17,title-shifted,proposed,
PSA,69,17,68,18,title-shifted,proposed,
PSA,69,18,68,19,title-shifted,proposed,
PSA,69,19,68,20,title-shifted,proposed,
PSA,69,20,68,21,title-shifted,proposed,
PSA,69,21,68,22,title-shifted,proposed,
PSA,69,22,68,23,title-shifted,proposed,
PSA,69,23,68,24,title-shifted,proposed,
PSA,69,24,68,25,title-shifted,proposed,
PSA,69,25,68,26,title-shifted,proposed,
PSA,69,26,68,27,title-shifted,proposed,
PSA,69,27,68,28,title-shifted,proposed,
PSA,69,28,68,29,title-shifted,proposed,
PSA,69,29,68,30,title-shifted,proposed,
PSA,69,30,68,31,title-shifted,proposed,
PSA,69,31,68,32,title-shifted,proposed,
PSA,69,32,68,33,title-shifted,proposed,
PSA,69,33,68,34,title-shifted,proposed,
PSA,69,34,68,35,title-shifted,proposed,
PSA,69,35,68,36,title-shifted,proposed,
PSA,69,36,68,37,title-shifted,proposed,
PSA,70,,69,1,title,proposed,Russian superscription verse(s) with no KJV counterpart
PSA,70,1,69,2,title-shifted,proposed,
PSA,70,2,69,3,title-shifted,proposed,
PSA,70,3,69,4,title-shifted,proposed,
PSA,70,4,69,5,title-shifted,proposed,
PSA,70,5,69,6,title-shifted,proposed,
PSA,71,1,70,1,direct,proposed,
PSA,71,2,70,2,direct,proposed,
PSA,71,3,70,3,direct,proposed,
PSA,71,4,70,4,direct,proposed,
PSA,71,5,70,5,direct,proposed,
PSA,71,6,70,6,direct,proposed,
PSA,71,7,70,7,direct,proposed,
PSA,71,8,70,8,direct,proposed,
PSA,71,9,70,9,direct,proposed,
PSA,71,10,70,10,direct,proposed,
PSA,71,11,70,11,direct,proposed,
PSA,71,12,70,12,direct,proposed,
PSA,71,13,70,13,direct,proposed,
PSA,71,14,70,14,direct,proposed,
PSA,71,15,70,15,direct,proposed,
PSA,71,16,70,16,direct,proposed,
PSA,71,17,70,17,direct,proposed,
PSA,71,18,70,18,direct,proposed,
PSA,71,19,70,19,direct,proposed,
PSA,71,20,70,20,direct,proposed,
PSA,71,21,70,21,direct,proposed,
PSA,71,22,70,22,direct,proposed,
PSA,71,23,70,23,direct,proposed,
PSA,71,24,70,24,direct,proposed,
PSA,72,1,71,1,direct,proposed,
PSA,72,2,71,2,direct,proposed,
PSA,72,3,71,3,direct,proposed,
PSA,72,4,71,4,direct,proposed,
PSA,72,5,71,5,direct,proposed,
PSA,72,6,71,6,direct,proposed,
PSA,72,7,71,7,direct,proposed,
PSA,72,8,71,8,direct,proposed,
PSA,72,9,71,9,direct,proposed,
PSA,72,10,71,10,direct,proposed,
PSA,72,11,71,11,direct,proposed,
PSA,72,12,71,12,direct,proposed,
PSA,72,13,71,13,direct,proposed,
PSA,72,14,71,14,direct,proposed,
PSA,72,15,71,15,direct,proposed,
PSA,72,16,71,16,direct,proposed,
PSA,72,17,71,17,direct,proposed,
PSA,72,18,71,18,direct,proposed,
PSA,72,19,71,19,direct,proposed,
PSA,72,20,71,20,direct,proposed,
PSA,73,1,72,1,direct,proposed,
PSA,73,2,72,2,direct,proposed,
PSA,73,3,72,3,direct,proposed,
PSA,73,4,72,4,direct,proposed,
PSA,73,5,72,5,direct,proposed,
PSA,73,6,72,6,direct,proposed,
PSA,73,7,72,7,direct,proposed,
PSA,73,8,72,8,direct,proposed,
PSA,73,9,72,9,direct,proposed,
PSA,73,10,72,10,direct,proposed,
PSA,73,11,72,11,direct,proposed,
PSA,73,12,72,12,direct,proposed,
PSA,73,13,72,13,direct,proposed,
PSA,73,14,72,14,direct,proposed,
PSA,73,15,72,15,direct,proposed,
PSA,73,16,72,16,direct,proposed,
PSA,73,17,72,17,direct,proposed,
PSA,73,18,72,18,direct,proposed,
PSA,73,19,72,19,direct,proposed,
PSA,73,20,72,20,direct,proposed,
PSA,73,21,72,21,direct,proposed,
PSA,73,22,72,22,direct,proposed,
PSA,73,23,72,23,direct,proposed,
PSA,73,24,72,24,direct,proposed,
PSA,73,25,72,25,direct,proposed,
PSA,73,26,72,26,direct,proposed,
PSA,73,27,72,27,direct,proposed,
PSA,73,28,72,28,direct,proposed,
PSA,74,1,73,1,direct,proposed,
PSA,74,2,73,2,direct,proposed,
PSA,74,3,73,3,direct,proposed,
PSA,74,4,73,4,direct,proposed,
PSA,74,5,73,5,direct,proposed,
PSA,74,6,73,6,direct,proposed,
PSA,74,7,73,7,direct,proposed,
PSA,74,8,73,8,direct,proposed,
PSA,74,9,73,9,direct,proposed,
PSA,74,10,73,10,direct,proposed,
PSA,74,11,73,11,direct,proposed,
PSA,74,12,73,12,direct,proposed,
PSA,74,13,73,13,direct,proposed,
PSA,74,14,73,14,direct,proposed,
PSA,74,15,73,15,direct,proposed,
PSA,74,16,73,16,direct,proposed,
PSA,74,17,73,17,direct,proposed,
PSA,74,18,73,18,direct,proposed,
PSA,74,19,73,19,direct,proposed,
PSA,74,20,73,20,direct,proposed,
PSA,74,21,73,21,direct,proposed,
PSA,74,22,73,22,direct,proposed,
PSA,74,23,73,23,direct,proposed,
PSA,75,,74,1,title,proposed,Russian superscription verse(s) with no KJV counterpart
PSA,75,1,74,2,title-shifted,proposed,
PSA,75,2,74,3,title-shifted,proposed,
PSA,75,3,74,4,title-shifted,proposed,
PSA,75,4,74,5,title-shifted,proposed,
PSA,75,5,74,6,title-shifted,proposed,
PSA,75,6,74,7,title-shifted,proposed,
PSA,75,7,74,8,title-shifted,proposed,
PSA,75,8,74,9,title-shifted,proposed,
PSA,75,9,74,10,title-shifted,proposed,
PSA,75,10,74,11,title-shifted,proposed,
PSA,76,,75,1,title,proposed,Russian superscription verse(s) with no KJV counterpart
PSA,76,1,75,2,title-shifted,proposed,
PSA,76,2,75,3,title-shifted,proposed,
PSA,76,3,75,4,title-shifted,proposed,
PSA,76,4,75,5,title-shifted,proposed,
PSA,76,5,75,6,title-shifted,proposed,
PSA,76,6,75,7,title-shifted,proposed,
PSA,76,7,75,8,title-shifted,proposed,
PSA,76,8,75,9,title-shifted,proposed,
PSA,76,9,75,10,title-shifted,proposed,
PSA,76,10,75,11,title-shifted,proposed,
PSA,76,11,75,12,title-shifted,proposed,
PSA,76,12,75,13,title-shifted,proposed,
PSA,77,,76,1,title,proposed,Russian superscription verse(s) with no KJV counterpart
PSA,77,1,76,2,title-shifted,proposed,
PSA,77,2,76,3,title-shifted,proposed,
PSA,77,3,76,4,title-shifted,proposed,
PSA,77,4,76,5,title-shifted,proposed,
PSA,77,5,76,6,title-shifted,proposed,
PSA,77,6,76,7,title-shifted,proposed,
PSA,77,7,76,8,title-shifted,proposed,
PSA,77,8,76,9,title-shifted,proposed,
PSA,77,9,76,10,title-shifted,proposed,
PSA,77,10,76,11,title-shifted,proposed,
PSA,77,11,76,12,title-shifted,proposed,
PSA,77,12,76,13,title-shifted,proposed,
PSA,77,13,76,14,title-shifted,proposed,
PSA,77,14,76,15,title-shifted,proposed,
PSA,77,15,76,16,title-shifted,proposed,
PSA,77,16,76,17,title-shifted,proposed,
PSA,77,17,76,18,title-shifted,proposed,
PSA,77,18,76,19,title-shifted,proposed,
PSA,77,19,76,20,title-shifted,proposed,
PSA,77,20,76,21,title-shifted,proposed,
PSA,78,1,77,1,direct,proposed,
PSA,78,2,77,2,direct,proposed,
PSA,78,3,77,3,direct,proposed,
PSA,78,4,77,4,direct,proposed,
PSA,78,5,77,5,direct,proposed,
PSA,78,6,77,6,direct,proposed,
PSA,78,7,77,7,direct,proposed,
PSA,78,8,77,8,direct,proposed,
PSA,78,9,77,9,direct,proposed,
PSA,78,10,77,10,direct,proposed,
PSA,78,11,77,11,direct,proposed,
PSA,78,12,77,12,direct,proposed,
PSA,78,13,77,13,direct,proposed,
PSA,78,14,77,14,direct,proposed,
PSA,78,15,77,15,direct,proposed,
PSA,78,16,77,16,direct,proposed,
PSA,78,17,77,17,direct,proposed,
PSA,78,18,77,18,direct,proposed,
PSA,78,19,77,19,direct,proposed,
PSA,78,20,77,20,direct,proposed,
PSA,78,21,77,21,direct,proposed,
PSA,78,22,77,22,direct,proposed,
PSA,78,23,77,23,direct,proposed,
PSA,78,24,77,24,direct,proposed,
PSA,78,25,77,25,direct,proposed,
PSA,78,26,77,26,direct,proposed,
PSA,78,27,77,27,direct,proposed,
PSA,78,28,77,28,direct,proposed,
PSA,78,29,77,29,direct,proposed,
PSA,78,30,77,30,direct,proposed,
PSA,78,31,77,31,direct,proposed,
PSA,78,32,77,32,direct,proposed,
PSA,78,33,77,33,direct,proposed,
PSA,78,34,77,34,direct,proposed,
PSA,78,35,77,35,direct,proposed,
PSA,78,36,77,36,direct,proposed,
PSA,78,37,77,37,direct,proposed,
PSA,78,38,77,38,direct,proposed,
PSA,78,39,77,39,direct,proposed,
PSA,78,40,77,40,direct,proposed,
PSA,78,41,77,41,direct,proposed,
PSA,78,42,77,42,direct,proposed,
PSA,78,43,77,43,direct,proposed,
PSA,78,44,77,44,direct,proposed,
PSA,78,45,77,45,direct,proposed,
PSA,78,46,77,46,direct,proposed,
PSA,78,47,77,47,direct,proposed,
PSA,78,48,77,48,direct,proposed,
PSA,78,49,77,49,direct,proposed,
PSA,78,50,77,50,direct,proposed,
PSA,78,51,77,51,direct,proposed,
PSA,78,52,77,52,direct,proposed,
PSA,78,53,77,53,direct,proposed,
PSA,78,54,77,54,direct,proposed,
PSA,78,55,77,55,direct,proposed,
PSA,78,56,77,56,direct,proposed,
PSA,78,57,77,57,direct,proposed,
PSA,78,58,77,58,direct,proposed,
PSA,78,59,77,59,direct,proposed,
PSA,78,60,77,60,direct,proposed,
PSA,78,61,77,61,direct,proposed,
PSA,78,62,77,62,direct,proposed,
PSA,78,63,77,63,direct,proposed,
PSA,78,64,77,64,direct,proposed,
PSA,78,65,77,65,direct,proposed,
PSA,78,66,77,66,direct,proposed,
PSA,78,67,77,67,direct,proposed,
PSA,78,68,77,68,direct,proposed,
PSA,78,69,77,69,direct,proposed,
PSA,78,70,77,70,direct,proposed,
PSA,78,71,77,71,direct,proposed,
PSA,78,72,77,72,direct,proposed,
PSA,79,1,78,1,direct,proposed,
PSA,79,2,78,2,direct,proposed,
PSA,79,3,78,3,direct,proposed,
PSA,79,4,78,4,direct,proposed,
PSA,79,5,78,5,direct,proposed,
PSA,79,6,78,6,direct,proposed,
PSA,79,7,78,7,direct,proposed,
PSA,79,8,78,8,direct,proposed,
PSA,79,9,78,9,direct,proposed,
PSA,79,10,78,10,direct,proposed,
PSA,79,11,78,11,direct,proposed,
PSA,79,12,78,12,direct,proposed,
PSA,79,13,78,13,direct,proposed,
PSA,80,,79,1,title,proposed,Russian superscription verse(s) with no KJV counterpart
PSA,80,1,79,2,title-shifted,proposed,
PSA,80,2,79,3,title-shifted,proposed,
PSA,80,3,79,4,title-shifted,proposed,
PSA,80,4,79,5,title-shifted,proposed,
PSA,80,5,79,6,title-shifted,proposed,
PSA,80,6,79,7,title-shifted,proposed,
PSA,80,7,79,8,title-shifted,proposed,
PSA,80,8,79,9,title-shifted,proposed,
PSA,80,9,79,10,title-shifted,proposed,
PSA,80,10,79,11,title-shifted,proposed,
PSA,80,11,79,12,title-shifted,proposed,
PSA,80,12,79,13,title-shifted,proposed,
PSA,80,13,79,14,title-shifted,proposed,
PSA,80,14,79,15,title-shifted,proposed,
PSA,80,15,79,16,title-shifted,proposed,
PSA,80,16,79,17,title-shifted,proposed,
PSA,80,17,79,18,title-shifted,proposed,
PSA,80,18,79,19,title-shifted,proposed,
PSA,80,19,79,20,title-shifted,proposed,
PSA,81,,80,1,title,proposed,Russian superscription verse(s) with no KJV counterpart
PSA,81,1,80,2,title-shifted,proposed,
PSA,81,2,80,3,title-shifted,proposed,
PSA,81,3,80,4,title-shifted,proposed,
PSA,81,4,80,5,title-shifted,proposed,
PSA,81,5,80,6,title-shifted,proposed,
PSA,81,6,80,7,title-shifted,proposed,
PSA,81,7,80,8,title-shifted,proposed,
PSA,81,8,80,9,title-shifted,proposed,
PSA,81,9,80,10,title-shifted,proposed,
PSA,81,10,80,11,title-shifted,proposed,
PSA,81,11,80,12,title-shifted,proposed,
PSA,81,12,80,13,title-shifted,proposed,
PSA,81,13,80,14,title-shifted,proposed,
PSA,81,14,80,15,title-shifted,proposed,
PSA,81,15,80,16,title-shifted,proposed,
PSA,81,16,80,17,title-shifted,proposed,
PSA,82,1,81,1,direct,proposed,
PSA,82,2,81,2,direct,proposed,
PSA,82,3,81,3,direct,proposed,
PSA,82,4,81,4,direct,proposed,
PSA,82,5,81,5,direct,proposed,
PSA,82,6,81,6,direct,proposed,
PSA,82,7,81,7,direct,proposed,
PSA,82,8,81,8,direct,proposed,
PSA,83,,82,1,title,proposed,Russian superscription verse(s) with no KJV counterpart
PSA,83,1,82,2,title-shifted,proposed,
PSA,83,2,82,3,title-shifted,proposed,
PSA,83,3,82,4,title-shifted,proposed,
PSA,83,4,82,5,title-shifted,proposed,
PSA,83,5,82,6,title-shifted,proposed,
PSA,83,6,82,7,title-shifted,proposed,
PSA,83,7,82,8,title-shifted,proposed,
PSA,83,8,82,9,title-shifted,proposed,
PSA,83,9,82,10,title-shifted,proposed,
PSA,83,10,82,11,title-shifted,proposed,
PSA,83,11,82,12,title-shifted,proposed,
PSA,83,12,82,13,title-shifted,proposed,
PSA,83,13,82,14,title-shifted,proposed,
PSA,83,14,82,15,title-shifted,proposed,
PSA,83,15,82,16,title-shifted,proposed,
PSA,83,16,82,17,title-shifted,proposed,
PSA,83,17,82,18,title-shifted,proposed,
PSA,83,18,82,19,title-shifted,proposed,
PSA,84,,83,1,title,proposed,Russian superscription verse(s) with no KJV counterpart
PSA,84,1,83,2,title-shifted,proposed,
PSA,84,2,83,3,title-shifted,proposed,
PSA,84,3,83,4,title-shifted,proposed,
PSA,84,4,83,5,title-shifted,proposed,
PSA,84,5,83,6,title-shifted,proposed,
PSA,84,6,83,7,title-shifted,proposed,
PSA,84,7,83,8,title-shifted,proposed,
PSA,84,8,83,9,title-shifted,proposed,
PSA,84,9,83,10,title-shifted,proposed,
PSA,84,10,83,11,title-shifted,proposed,
PSA,84,11,83,12,title-shifted,proposed,
PSA,84,12,83,13,title-shifted,proposed,
PSA,85,,84,1,title,proposed,Russian superscription verse(s) with no KJV counterpart
PSA,85,1,84,2,title-shifted,proposed,
PSA,85,2,84,3,title-shifted,proposed,
PSA,85,3,84,4,title-shifted,proposed,
PSA,85,4,84,5,title-shifted,proposed,
PSA,85,5,84,6,title-shifted,proposed,
PSA,85,6,84,7,title-shifted,proposed,
PSA,85,7,84,8,title-shifted,proposed,
PSA,85,8,84,9,title-shifted,proposed,
PSA,85,9,84,10,title-shifted,proposed,
PSA,85,10,84,11,title-shifted,proposed,
PSA,85,11,84,12,title-shifted,proposed,
PSA,85,12,84,13,title-shifted,proposed,
PSA,85,13,84,14,title-shifted,proposed,
PSA,86,1,85,1,direct,proposed,
PSA,86,2,85,2,direct,proposed,
PSA,86,3,85,3,direct,proposed,
PSA,86,4,85,4,direct,proposed,
PSA,86,5,85,5,direct,proposed,
PSA,86,6,85,6,direct,proposed,
PSA,86,7,85,7,direct,proposed,
PSA,86,8,85,8,direct,proposed,
PSA,86,9,85,9,direct,proposed,
PSA,86,10,85,10,direct,proposed,
PSA,86,11,85,11,direct,proposed,
PSA,86,12,85,12,direct,proposed,
PSA,86,13,85,13,direct,proposed,
PSA,86,14,85,14,direct,proposed,
PSA,86,15,85,15,direct,proposed,
PSA,86,16,85,16,direct,proposed,
PSA,86,17,85,17,direct,proposed,
PSA,87,1,86,1,direct,proposed,
PSA,87,2,86,2,direct,proposed,
PSA,87,3,86,3,direct,proposed,
PSA,87,4,86,4,direct,proposed,
PSA,87,5,86,5,direct,proposed,
PSA,87,6,86,6,direct,proposed,
PSA,87,7,86,7,direct,proposed,
PSA,88,,87,1,title,proposed,Russian superscription verse(s) with no KJV counterpart
PSA,88,1,87,2,title-shifted,proposed,
PSA,88,2,87,3,title-shifted,proposed,
PSA,88,3,87,4,title-shifted,proposed,
PSA,88,4,87,5,title-shifted,proposed,
PSA,88,5,87,6,title-shifted,proposed,
PSA,88,6,87,7,title-shifted,proposed,
PSA,88,7,87,8,title-shifted,proposed,
PSA,88,8,87,9,title-shifted,proposed,
PSA,88,9,87,10,title-shifted,proposed,
PSA,88,10,87,11,title-shifted,proposed,
PSA,88,11,87,12,title-shifted,proposed,
PSA,88,12,87,13,title-shifted,proposed,
PSA,88,13,87,14,title-shifted,proposed,
PSA,88,14,87,15,title-shifted,proposed,
PSA,88,15,87,16,title-shifted,proposed,
PSA,88,16,87,17,title-shifted,proposed,
PSA,88,17,87,18,title-shifted,proposed,
PSA,88,18,87,19,title-shifted,proposed,
PSA,89,,88,1,title,proposed,Russian superscription verse(s) with no KJV counterpart
PSA,89,1,88,2,title-shifted,proposed,
PSA,89,2,88,3,title-shifted,proposed,
PSA,89,3,88,4,title-shifted,proposed,
PSA,89,4,88,5,title-shifted,proposed,
PSA,89,5,88,6,title-shifted,proposed,
PSA,89,6,88,7,title-shifted,proposed,
PSA,89,7,88,8,title-shifted,proposed,
PSA,89,8,88,9,title-shifted,proposed,
PSA,89,9,88,10,title-shifted,proposed,
PSA,89,10,88,11,title-shifted,proposed,
PSA,89,11,88,12,title-shifted,proposed,
PSA,89,12,88,13,title-shifted,proposed,
PSA,89,13,88,14,title-shifted,proposed,
PSA,89,14,88,15,title-shifted,proposed,
PSA,89,15,88,16,title-shifted,proposed,
PSA,89,16,88,17,title-shifted,proposed,
PSA,89,17,88,18,title-shifted,proposed,
PSA,89,18,88,19,title-shifted,proposed,
PSA,89,19,88,20,title-shifted,proposed,
PSA,89,20,88,21,title-shifted,proposed,
PSA,89,21,88,22,title-shifted,proposed,
PSA,89,22,88,23,title-shifted,proposed,
PSA,89,23,88,24,title-shifted,proposed,
PSA,89,24,88,25,title-shifted,proposed,
PSA,89,25,88,26,title-shifted,proposed,
PSA,89,26,88,27,title-shifted,proposed,
PSA,89,27,88,28,title-shifted,proposed,
PSA,89,28,88,29,title-shifted,proposed,
PSA,89,29,88,30,title-shifted,proposed,
PSA,89,30,88,31,title-shifted,proposed,
PSA,89,31,88,32,title-shifted,proposed,
PSA,89,32,88,33,title-shifted,proposed,
PSA,89,33,88,34,title-shifted,proposed,
PSA,89,34,88,35,title-shifted,proposed,
PSA,89,35,88,36,title-shifted,proposed,
PSA,89,36,88,37,title-shifted,proposed,
PSA,89,37,88,38,title-shifted,proposed,
PSA,89,38,88,39,title-shifted,proposed,
PSA,89,39,88,40,title-shifted,proposed,
PSA,89,40,88,41,title-shifted,proposed,
PSA,89,41,88,42,title-shifted,proposed,
PSA,89,42,88,43,title-shifted,proposed,
PSA,89,43,88,44,title-shifted,proposed,
PSA,89,44,88,45,title-shifted,proposed,
PSA,89,45,88,46,title-shifted,proposed,
PSA,89,46,88,47,title-shifted,proposed,
PSA,89,47,88,48,title-shifted,proposed,
PSA,89,48,88,49,title-shifted,proposed,
PSA,89,49,88,50,title-shifted,proposed,
PSA,89,50,88,51,title-shifted,proposed,
PSA,89,51,88,52,title-shifted,proposed,
PSA,89,52,88,53,title-shifted,proposed,
PSA,90,1,89,1,direct,proposed,
PSA,90,2,89,2,direct,proposed,
PSA,90,3,89,3,direct,proposed,
PSA,90,4,89,4,direct,proposed,
PSA,90,5,89,5,direct,proposed,
PSA,90,6,89,6,direct,proposed,
PSA,90,7,89,7,direct,proposed,
PSA,90,8,89,8,direct,proposed,
PSA,90,9,89,9,direct,proposed,
PSA,90,10,89,10,direct,proposed,
PSA,90,11,89,11,direct,proposed,
PSA,90,12,89,12,direct,proposed,
PSA,90,13,89,13,direct,proposed,
PSA,90,14,89,14,direct,proposed,
PSA,90,15,89,15,direct,proposed,
PSA,90,16,89,16,direct,proposed,
PSA,90,17,89,17,direct,proposed,
PSA,91,1,90,1,direct,proposed,
PSA,91,2,90,2,direct,proposed,
PSA,91,3,90,3,direct,proposed,
PSA,91,4,90,4,direct,proposed,
PSA,91,5,90,5,direct,proposed,
PSA,91,6,90,6,direct,proposed,
PSA,91,7,90,7,direct,proposed,
PSA,91,8,90,8,direct,proposed,
PSA,91,9,90,9,direct,proposed,
PSA,91,10,90,10,direct,proposed,
PSA,91,11,90,11,direct,proposed,
PSA,91,12,90,12,direct,proposed,
PSA,91,13,90,13,direct,proposed,
PSA,91,14,90,14,direct,proposed,
PSA,91,15,90,15,direct,proposed,
PSA,91,16,90,16,direct,proposed,
PSA,92,,91,1,title,proposed,Russian superscription verse(s) with no KJV counterpart
PSA,92,1,91,2,title-shifted,proposed,
PSA,92,2,91,3,title-shifted,proposed,
PSA,92,3,91,4,title-shifted,proposed,
PSA,92,4,91,5,title-shifted,proposed,
PSA,92,5,91,6,title-shifted,proposed,
PSA,92,6,91,7,title-shifted,proposed,
PSA,92,7,91,8,title-shifted,proposed,
PSA,92,8,91,9,title-shifted,proposed,
PSA,92,9,91,10,title-shifted,proposed,
PSA,92,10,91,11,title-shifted,proposed,
PSA,92,11,91,12,title-shifted,proposed,
PSA,92,12,91,13,title-shifted,proposed,
PSA,92,13,91,14,title-shifted,proposed,
PSA,92,14,91,15,title-shifted,proposed,
PSA,92,15,91,16,title-shifted,proposed,
PSA,93,1,92,1,direct,proposed,
PSA,93,2,92,2,direct,proposed,
PSA,93,3,92,3,direct,proposed,
PSA,93,4,92,4,direct,proposed,
PSA,93,5,92,5,direct,proposed,
PSA,94,1,93,1,direct,proposed,
PSA,94,2,93,2,direct,proposed,
PSA,94,3,93,3,direct,proposed,
PSA,94,4,93,4,direct,proposed,
PSA,94,5,93,5,direct,proposed,
PSA,94,6,93,6,direct,proposed,
PSA,94,7,93,7,direct,proposed,
PSA,94,8,93,8,direct,proposed,
PSA,94,9,93,9,direct,proposed,
PSA,94,10,93,10,direct,proposed,
PSA,94,11,93,11,direct,proposed,
PSA,94,12,93,12,direct,proposed,
PSA,94,13,93,13,direct,proposed,
PSA,94,14,93,14,direct,proposed,
PSA,94,15,93,15,direct,proposed,
PSA,94,16,93,16,direct,proposed,
PSA,94,17,93,17,direct,proposed,
PSA,94,18,93,18,direct,proposed,
PSA,94,19,93,19,direct,proposed,
PSA,94,20,93,20,direct,proposed,
PSA,94,21,93,21,direct,proposed,
PSA,94,22,93,22,direct,proposed,
PSA,94,23,93,23,direct,proposed,
PSA,95,1,94,1,direct,proposed,
PSA,95,2,94,2,direct,proposed,
PSA,95,3,94,3,direct,proposed,
PSA,95,4,94,4,direct,proposed,
PSA,95,5,94,5,direct,proposed,
PSA,95,6,94,6,direct,proposed,
PSA,95,7,94,7,direct,proposed,
PSA,95,8,94,8,direct,proposed,
PSA,95,9,94,9,direct,proposed,
PSA,95,10,94,10,direct,proposed,
PSA,95,11,94,11,direct,proposed,
PSA,96,1,95,1,direct,proposed,
PSA,96,2,95,2,direct,proposed,
PSA,96,3,95,3,direct,proposed,
PSA,96,4,95,4,direct,proposed,
PSA,96,5,95,5,direct,proposed,
PSA,96,6,95,6,direct,proposed,
PSA,96,7,95,7,direct,proposed,
PSA,96,8,95,8,direct,proposed,
PSA,96,9,95,9,direct,proposed,
PSA,96,10,95,10,direct,proposed,
PSA,96,11,95,11,direct,proposed,
PSA,96,12,95,12,direct,proposed,
PSA,96,13,95,13,direct,proposed,
PSA,97,1,96,1,direct,proposed,
PSA,97,2,96,2,direct,proposed,
PSA,97,3,96,3,direct,proposed,
PSA,97,4,96,4,direct,proposed,
PSA,97,5,96,5,direct,proposed,
PSA,97,6,96,6,direct,proposed,
PSA,97,7,96,7,direct,proposed,
PSA,97,8,96,8,direct,proposed,
PSA,97,9,96,9,direct,proposed,
PSA,97,10,96,10,direct,proposed,
PSA,97,11,96,11,direct,proposed,
PSA,97,12,96,12,direct,proposed,
PSA,98,1,97,1,direct,proposed,
PSA,98,2,97,2,direct,proposed,
PSA,98,3,97,3,direct,proposed,
PSA,98,4,97,4,direct,proposed,
PSA,98,5,97,5,direct,proposed,
PSA,98,6,97,6,direct,proposed,
PSA,98,7,97,7,direct,proposed,
PSA,98,8,97,8,direct,proposed,
PSA,98,9,97,9,direct,proposed,
PSA,99,1,98,1,direct,proposed,
PSA,99,2,98,2,direct,proposed,
PSA,99,3,98,3,direct,proposed,
PSA,99,4,98,4,direct,proposed,
PSA,99,5,98,5,direct,proposed,
PSA,99,6,98,6,direct,proposed,
PSA,99,7,98,7,direct,proposed,
PSA,99,8,98,8,direct,proposed,
PSA,99,9,98,9,direct,proposed,
PSA,100,1,99,1,direct,proposed,
PSA,100,2,99,2,direct,proposed,
PSA,100,3,99,3,direct,proposed,
PSA,100,4,99,4,direct,proposed,
PSA,100,5,99,5,direct,proposed,
PSA,101,1,100,1,direct,proposed,
PSA,101,2,100,2,direct,proposed,
PSA,101,3,100,3,direct,proposed,
PSA,101,4,100,4,direct,proposed,
PSA,101,5,100,5,direct,proposed,
PSA,101,6,100,6,direct,proposed,
PSA,101,7,100,7,direct,proposed,
PSA,101,8,100,8,direct,proposed,
PSA,102,,101,1,title,proposed,Russian superscription verse(s) with no KJV counterpart
PSA,102,1,101,2,title-shifted,proposed,
PSA,102,2,101,3,title-shifted,proposed,
PSA,102,3,101,4,title-shifted,proposed,
PSA,102,4,101,5,title-shifted,proposed,
PSA,102,5,101,6,title-shifted,proposed,
PSA,102,6,101,7,title-shifted,proposed,
PSA,102,7,101,8,title-shifted,proposed,
PSA,102,8,101,9,title-shifted,proposed,
PSA,102,9,101,10,title-shifted,proposed,
PSA,102,10,101,11,title-shifted,proposed,
PSA,102,11,101,12,title-shifted,proposed,
PSA,102,12,101,13,title-shifted,proposed,
PSA,102,13,101,14,title-shifted,proposed,
PSA,102,14,101,15,title-shifted,proposed,
PSA,102,15,101,16,title-shifted,proposed,
PSA,102,16,101,17,title-shifted,proposed,
PSA,102,17,101,18,title-shifted,proposed,
PSA,102,18,101,19,title-shifted,proposed,
PSA,102,19,101,20,title-shifted,proposed,
PSA,102,20,101,21,title-shifted,proposed,
PSA,102,21,101,22,title-shifted,proposed,
PSA,102,22,101,23,title-shifted,proposed,
PSA,102,23,101,24,title-shifted,proposed,
PSA,102,24,101,25,title-shifted,proposed,
PSA,102,25,101,26,title-shifted,proposed,
PSA,102,26,101,27,title-shifted,proposed,
PSA,102,27,101,28,title-shifted,proposed,
PSA,102,28,101,29,title-shifted,proposed,
PSA,103,1,102,1,direct,proposed,
PSA,103,2,102,2,direct,proposed,
PSA,103,3,102,3,direct,proposed,
PSA,103,4,102,4,direct,proposed,
PSA,103,5,102,5,direct,proposed,
PSA,103,6,102,6,direct,proposed,
PSA,103,7,102,7,direct,proposed,
PSA,103,8,102,8,direct,proposed,
PSA,103,9,102,9,direct,proposed,
PSA,103,10,102,10,direct,proposed,
PSA,103,11,102,11,direct,proposed,
PSA,103,12,102,12,direct,proposed,
PSA,103,13,102,13,direct,proposed,
PSA,103,14,102,14,direct,proposed,
PSA,103,15,102,15,direct,proposed,
PSA,103,16,102,16,direct,proposed,
PSA,103,17,102,17,direct,proposed,
PSA,103,18,102,18,direct,proposed,
PSA,103,19,102,19,direct,proposed,
PSA,103,20,102,20,direct,proposed,
PSA,103,21,102,21,direct,proposed,
PSA,103,22,102,22,direct,proposed,
PSA,104,1,103,1,direct,proposed,
PSA,104,2,103,2,direct,proposed,
PSA,104,3,103,3,direct,proposed,
PSA,104,4,103,4,direct,proposed,
PSA,104,5,103,5,direct,proposed,
PSA,104,6,103,6,direct,proposed,
PSA,104,7,103,7,direct,proposed,
PSA,104,8,103,8,direct,proposed,
PSA,104,9,103,9,direct,proposed,
PSA,104,10,103,10,direct,proposed,
PSA,104,11,103,11,direct,proposed,
PSA,104,12,103,12,direct,proposed,
PSA,104,13,103,13,direct,proposed,
PSA,104,14,103,14,direct,proposed,
PSA,104,15,103,15,direct,proposed,
PSA,104,16,103,16,direct,proposed,
PSA,104,17,103,17,direct,proposed,
PSA,104,18,103,18,direct,proposed,
PSA,104,19,103,19,direct,proposed,
PSA,104,20,103,20,direct,proposed,
PSA,104,21,103,21,direct,proposed,
PSA,104,22,103,22,direct,proposed,
PSA,104,23,103,23,direct,proposed,
PSA,104,24,103,24,direct,proposed,
PSA,104,25,103,25,direct,proposed,
PSA,104,26,103,26,direct,proposed,
PSA,104,27,103,27,direct,proposed,
PSA,104,28,103,28,direct,proposed,
PSA,104,29,103,29,direct,proposed,
PSA,104,30,103,30,direct,proposed,
PSA,104,31,103,31,direct,proposed,
PSA,104,32,103,32,direct,proposed,
PSA,104,33,103,33,direct,proposed,
PSA,104,34,103,34,direct,proposed,
PSA,104,35,103,35,direct,proposed,
PSA,105,1,104,1,direct,proposed,
PSA,105,2,104,2,direct,proposed,
PSA,105,3,104,3,direct,proposed,
PSA,105,4,104,4,direct,proposed,
PSA,105,5,104,5,direct,proposed,
PSA,105,6,104,6,direct,proposed,
PSA,105,7,104,7,direct,proposed,
PSA,105,8,104,8,direct,proposed,
PSA,105,9,104,9,direct,proposed,
PSA,105,10,104,10,direct,proposed,
PSA,105,11,104,11,direct,proposed,
PSA,105,12,104,12,direct,proposed,
PSA,105,13,104,13,direct,proposed,
PSA,105,14,104,14,direct,proposed,
PSA,105,15,104,15,direct,proposed,
PSA,105,16,104,16,direct,proposed,
PSA,105,17,104,17,direct,proposed,
PSA,105,18,104,18,direct,proposed,
PSA,105,19,104,19,direct,proposed,
PSA,105,20,104,20,direct,proposed,
PSA,105,21,104,21,direct,proposed,
PSA,105,22,104,22,direct,proposed,
PSA,105,23,104,23,direct,proposed,
PSA,105,24,104,24,direct,proposed,
PSA,105,25,104,25,direct,proposed,
PSA,105,26,104,26,direct,proposed,
PSA,105,27,104,27,direct,proposed,
PSA,105,28,104,28,direct,proposed,
PSA,105,29,104,29,direct,proposed,
PSA,105,30,104,30,direct,proposed,
PSA,105,31,104,31,direct,proposed,
PSA,105,32,104,32,direct,proposed,
PSA,105,33,104,33,direct,proposed,
PSA,105,34,104,34,direct,proposed,
PSA,105,35,104,35,direct,proposed,
PSA,105,36,104,36,direct,proposed,
PSA,105,37,104,37,direct,proposed,
PSA,105,38,104,38,direct,proposed,
PSA,105,39,104,39,direct,proposed,
PSA,105,40,104,40,direct,proposed,
PSA,105,41,104,41,direct,proposed,
PSA,105,42,104,42,direct,proposed,
PSA,105,43,104,43,direct,proposed,
PSA,105,44,104,44,direct,proposed,
PSA,105,45,104,45,direct,proposed,
PSA,106,1,105,1,direct,proposed,
PSA,106,2,105,2,direct,proposed,
PSA,106,3,105,3,direct,proposed,
PSA,106,4,105,4,direct,proposed,
PSA,106,5,105,5,direct,proposed,
PSA,106,6,105,6,direct,proposed,
PSA,106,7,105,7,direct,proposed,
PSA,106,8,105,8,direct,proposed,
PSA,106,9,105,9,direct,proposed,
PSA,106,10,105,10,direct,proposed,
PSA,106,11,105,11,direct,proposed,
PSA,106,12,105,12,direct,proposed,
PSA,106,13,105,13,direct,proposed,
PSA,106,14,105,14,direct,proposed,
PSA,106,15,105,15,direct,proposed,
PSA,106,16,105,16,direct,proposed,
PSA,106,17,105,17,direct,proposed,
PSA,106,18,105,18,direct,proposed,
PSA,106,19,105,19,direct,proposed,
PSA,106,20,105,20,direct,proposed,
PSA,106,21,105,21,direct,proposed,
PSA,106,22,105,22,direct,proposed,
PSA,106,23,105,23,direct,proposed,
PSA,106,24,105,24,direct,proposed,
PSA,106,25,105,25,direct,proposed,
PSA,106,26,105,26,direct,proposed,
PSA,106,27,105,27,direct,proposed,
PSA,106,28,105,28,direct,proposed,
PSA,106,29,105,29,direct,proposed,
PSA,106,30,105,30,direct,proposed,
PSA,106,31,105,31,direct,proposed,
PSA,106,32,105,32,direct,proposed,
PSA,106,33,105,33,direct,proposed,
PSA,106,34,105,34,direct,proposed,
PSA,106,35,105,35,direct,proposed,
PSA,106,36,105,36,direct,proposed,
PSA,106,37,105,37,direct,proposed,
PSA,106,38,105,38,direct,proposed,
PSA,106,39,105,39,direct,proposed,
PSA,106,40,105,40,direct,proposed,
PSA,106,41,105,41,direct,proposed,
PSA,106,42,105,42,direct,proposed,
PSA,106,43,105,43,direct,proposed,
PSA,106,44,105,44,direct,proposed,
PSA,106,45,105,45,direct,proposed,
PSA,106,46,105,46,direct,proposed,
PSA,106,47,105,47,direct,proposed,
PSA,106,48,105,48,direct,proposed,
PSA,107,1,106,1,direct,proposed,
PSA,107,2,106,2,direct,proposed,
PSA,107,3,106,3,direct,proposed,
PSA,107,4,106,4,direct,proposed,
PSA,107,5,106,5,direct,proposed,
PSA,107,6,106,6,direct,proposed,
PSA,107,7,106,7,direct,proposed,
PSA,107,8,106,8,direct,proposed,
PSA,107,9,106,9,direct,proposed,
PSA,107,10,106,10,direct,proposed,
PSA,107,11,106,11,direct,proposed,
PSA,107,12,106,12,direct,proposed,
PSA,107,13,106,13,direct,proposed,
PSA,107,14,106,14,direct,proposed,
PSA,107,15,106,15,direct,proposed,
PSA,107,16,106,16,direct,proposed,
PSA,107,17,106,17,direct,proposed,
PSA,107,18,106,18,direct,proposed,
PSA,107,19,106,19,direct,proposed,
PSA,107,20,106,20,direct,proposed,
PSA,107,21,106,21,direct,proposed,
PSA,107,22,106,22,direct,proposed,
PSA,107,23,106,23,direct,proposed,
PSA,107,24,106,24,direct,proposed,
PSA,107,25,106,25,direct,proposed,
PSA,107,26,106,26,direct,proposed,
PSA,107,27,106,27,direct,proposed,
PSA,107,28,106,28,direct,proposed,
PSA,107,29,106,29,direct,proposed,
PSA,107,30,106,30,direct,proposed,
PSA,107,31,106,31,direct,proposed,
PSA,107,32,106,32,direct,proposed,
PSA,107,33,106,33,direct,proposed,
PSA,107,34,106,34,direct,proposed,
PSA,107,35,106,35,direct,proposed,
PSA,107,36,106,36,direct,proposed,
PSA,107,37,106,37,direct,proposed,
PSA,107,38,106,38,direct,proposed,
PSA,107,39,106,39,direct,proposed,
PSA,107,40,106,40,direct,proposed,
PSA,107,41,106,41,direct,proposed,
PSA,107,42,106,42,direct,proposed,
PSA,107,43,106,43,direct,proposed,
PSA,108,,107,1,title,proposed,Russian superscription verse(s) with no KJV counterpart
PSA,108,1,107,2,title-shifted,proposed,
PSA,108,2,107,3,title-shifted,proposed,
PSA,108,3,107,4,title-shifted,proposed,
PSA,108,4,107,5,title-shifted,proposed,
PSA,108,5,107,6,title-shifted,proposed,
PSA,108,6,107,7,title-shifted,proposed,
PSA,108,7,107,8,title-shifted,proposed,
PSA,108,8,107,9,title-shifted,proposed,
PSA,108,9,107,10,title-shifted,proposed,
PSA,108,10,107,11,title-shifted,proposed,
PSA,108,11,107,12,title-shifted,proposed,
PSA,108,12,107,13,title-shifted,proposed,
PSA,108,13,107,14,title-shifted,proposed,
PSA,109,1,108,1,direct,proposed,
PSA,109,2,108,2,direct,proposed,
PSA,109,3,108,3,direct,proposed,
PSA,109,4,108,4,direct,proposed,
PSA,109,5,108,5,direct,proposed,
PSA,109,6,108,6,direct,proposed,
PSA,109,7,108,7,direct,proposed,
PSA,109,8,108,8,direct,proposed,
PSA,109,9,108,9,direct,proposed,
PSA,109,10,108,10,direct,proposed,
PSA,109,11,108,11,direct,proposed,
PSA,109,12,108,12,direct,proposed,
PSA,109,13,108,13,direct,proposed,
PSA,109,14,108,14,direct,proposed,
PSA,109,15,108,15,direct,proposed,
PSA,109,16,108,16,direct,proposed,
PSA,109,17,108,17,direct,proposed,
PSA,109,18,108,18,direct,proposed,
PSA,109,19,108,19,direct,proposed,
PSA,109,20,108,20,direct,proposed,
PSA,109,21,108,21,direct,proposed,
PSA,109,22,108,22,direct,proposed,
PSA,109,23,108,23,direct,proposed,
PSA,109,24,108,24,direct,proposed,
PSA,109,25,108,25,direct,proposed,
PSA,109,26,108,26,direct,proposed,
PSA,109,27,108,27,direct,proposed,
PSA,109,28,108,28,direct,proposed,
PSA,109,29,108,29,direct,proposed,
PSA,109,30,108,30,direct,proposed,
PSA,109,31,108,31,direct,proposed,
PSA,110,1,109,1,direct,proposed,
PSA,110,2,109,2,direct,proposed,
PSA,110,3,109,3,direct,proposed,
PSA,110,4,109,4,direct,proposed,
PSA,110,5,109,5,direct,proposed,
PSA,110,6,109,6,direct,proposed,
PSA,110,7,109,7,direct,proposed,
PSA,111,1,110,1,direct,proposed,
PSA,111,2,110,2,direct,proposed,
PSA,111,3,110,3,direct,proposed,
PSA,111,4,110,4,direct,proposed,
PSA,111,5,110,5,direct,proposed,
PSA,111,6,110,6,direct,proposed,
PSA,111,7,110,7,direct,proposed,
PSA,111,8,110,8,direct,proposed,
PSA,111,9,110,9,direct,proposed,
PSA,111,10,110,10,direct,proposed,
PSA,112,1,111,1,direct,proposed,
PSA,112,2,111,2,direct,proposed,
PSA,112,3,111,3,direct,proposed,
PSA,112,4,111,4,direct,proposed,
PSA,112,5,111,5,direct,proposed,
PSA,112,6,111,6,direct,proposed,
PSA,112,7,111,7,direct,proposed,
PSA,112,8,111,8,direct,proposed,
PSA,112,9,111,9,direct,proposed,
PSA,112,10,111,10,direct,proposed,
PSA,113,1,112,1,direct,proposed,
PSA,113,2,112,2,direct,proposed,
PSA,113,3,112,3,direct,proposed,
PSA,113,4,112,4,direct,proposed,
PSA,113,5,112,5,direct,proposed,
PSA,113,6,112,6,direct,proposed,
PSA,113,7,112,7,direct,proposed,
PSA,113,8,112,8,direct,proposed,
PSA,113,9,112,9,direct,proposed,
PSA,114,1,113,1,merged,proposed,KJV Psalm 114 half of combined Russian Psalm 113
PSA,114,2,113,2,merged,proposed,KJV Psalm 114 half of combined Russian Psalm 113
PSA,114,3,113,3,merged,proposed,KJV Psalm 114 half of combined Russian Psalm 113
PSA,114,4,113,4,merged,proposed,KJV Psalm 114 half of combined Russian Psalm 113
PSA,114,5,113,5,merged,proposed,KJV Psalm 114 half of combined Russian Psalm 113
PSA,114,6,113,6,merged,proposed,KJV Psalm 114 half of combined Russian Psalm 113
PSA,114,7,113,7,merged,proposed,KJV Psalm 114 half of combined Russian Psalm 113
PSA,114,8,113,8,merged,proposed,KJV Psalm 114 half of combined Russian Psalm 113
PSA,115,1,113,9,merged,proposed,KJV Psalm 115 half of combined Russian Psalm 113
PSA,115,2,113,10,merged,proposed,KJV Psalm 115 half of combined Russian Psalm 113
PSA,115,3,113,11,merged,proposed,KJV Psalm 115 half of combined Russian Psalm 113
PSA,115,4,113,12,merged,proposed,KJV Psalm 115 half of combined Russian Psalm 113
PSA,115,5,113,13,merged,proposed,KJV Psalm 115 half of combined Russian Psalm 113
PSA,115,6,113,14,merged,proposed,KJV Psalm 115 half of combined Russian Psalm 113
PSA,115,7,113,15,merged,proposed,KJV Psalm 115 half of combined Russian Psalm 113
PSA,115,8,113,16,merged,proposed,KJV Psalm 115 half of combined Russian Psalm 113
PSA,115,9,113,17,merged,proposed,KJV Psalm 115 half of combined Russian Psalm 113
PSA,115,10,113,18,merged,proposed,KJV Psalm 115 half of combined Russian Psalm 113
PSA,115,11,113,19,merged,proposed,KJV Psalm 115 half of combined Russian Psalm 113
PSA,115,12,113,20,merged,proposed,KJV Psalm 115 half of combined Russian Psalm 113
PSA,115,13,113,21,merged,proposed,KJV Psalm 115 half of combined Russian Psalm 113
PSA,115,14,113,22,merged,proposed,KJV Psalm 115 half of combined Russian Psalm 113
PSA,115,15,113,23,merged,proposed,KJV Psalm 115 half of combined Russian Psalm 113
PSA,115,16,113,24,merged,proposed,KJV Psalm 115 half of combined Russian Psalm 113
PSA,115,17,113,25,merged,proposed,KJV Psalm 115 half of combined Russian Psalm 113
PSA,115,18,113,26,merged,proposed,KJV Psalm 115 half of combined Russian Psalm 113
PSA,116,1,114,1,split,proposed,first half of KJV Psalm 116 -> Russian Psalm 114
PSA,116,2,114,2,split,proposed,first half of KJV Psalm 116 -> Russian Psalm 114
PSA,116,3,114,3,split,proposed,first half of KJV Psalm 116 -> Russian Psalm 114
PSA,116,4,114,4,split,proposed,first half of KJV Psalm 116 -> Russian Psalm 114
PSA,116,5,114,5,split,proposed,first half of KJV Psalm 116 -> Russian Psalm 114
PSA,116,6,114,6,split,proposed,first half of KJV Psalm 116 -> Russian Psalm 114
PSA,116,7,114,7,split,proposed,first half of KJV Psalm 116 -> Russian Psalm 114
PSA,116,8,114,8,split,proposed,first half of KJV Psalm 116 -> Russian Psalm 114
PSA,116,9,114,9,split,proposed,first half of KJV Psalm 116 -> Russian Psalm 114
PSA,116,10,115,1,split,proposed,second half of KJV Psalm 116 -> Russian Psalm 115
PSA,116,11,115,2,split,proposed,second half of KJV Psalm 116 -> Russian Psalm 115
PSA,116,12,115,3,split,proposed,second half of KJV Psalm 116 -> Russian Psalm 115
PSA,116,13,115,4,split,proposed,second half of KJV Psalm 116 -> Russian Psalm 115
PSA,116,14,115,5,split,proposed,second half of KJV Psalm 116 -> Russian Psalm 115
PSA,116,15,115,6,split,proposed,second half of KJV Psalm 116 -> Russian Psalm 115
PSA,116,16,115,7,split,proposed,second half of KJV Psalm 116 -> Russian Psalm 115
PSA,116,17,115,8,split,proposed,second half of KJV Psalm 116 -> Russian Psalm 115
PSA,116,18,115,9,split,proposed,second half of KJV Psalm 116 -> Russian Psalm 115
PSA,116,19,115,10,split,proposed,second half of KJV Psalm 116 -> Russian Psalm 115
PSA,117,1,116,1,direct,proposed,
PSA,117,2,116,2,direct,proposed,
PSA,118,1,117,1,direct,proposed,
PSA,118,2,117,2,direct,proposed,
PSA,118,3,117,3,direct,proposed,
PSA,118,4,117,4,direct,proposed,
PSA,118,5,117,5,direct,proposed,
PSA,118,6,117,6,direct,proposed,
PSA,118,7,117,7,direct,proposed,
PSA,118,8,117,8,direct,proposed,
PSA,118,9,117,9,direct,proposed,
PSA,118,10,117,10,direct,proposed,
PSA,118,11,117,11,direct,proposed,
PSA,118,12,117,12,direct,proposed,
PSA,118,13,117,13,direct,proposed,
PSA,118,14,117,14,direct,proposed,
PSA,118,15,117,15,direct,proposed,
PSA,118,16,117,16,direct,proposed,
PSA,118,17,117,17,direct,proposed,
PSA,118,18,117,18,direct,proposed,
PSA,118,19,117,19,direct,proposed,
PSA,118,20,117,20,direct,proposed,
PSA,118,21,117,21,direct,proposed,
PSA,118,22,117,22,direct,proposed,
PSA,118,23,117,23,direct,proposed,
PSA,118,24,117,24,direct,proposed,
PSA,118,25,117,25,direct,proposed,
PSA,118,26,117,26,direct,proposed,
PSA,118,27,117,27,direct,proposed,
PSA,118,28,117,28,direct,proposed,
PSA,118,29,117,29,direct,proposed,
PSA,119,1,118,1,direct,proposed,
PSA,119,2,118,2,direct,proposed,
PSA,119,3,118,3,direct,proposed,
PSA,119,4,118,4,direct,proposed,
PSA,119,5,118,5,direct,proposed,
PSA,119,6,118,6,direct,proposed,
PSA,119,7,118,7,direct,proposed,
PSA,119,8,118,8,direct,proposed,
PSA,119,9,118,9,direct,proposed,
PSA,119,10,118,10,direct,proposed,
PSA,119,11,118,11,direct,proposed,
PSA,119,12,118,12,direct,proposed,
PSA,119,13,118,13,direct,proposed,
PSA,119,14,118,14,direct,proposed,
PSA,119,15,118,15,direct,proposed,
PSA,119,16,118,16,direct,proposed,
PSA,119,17,118,17,direct,proposed,
PSA,119,18,118,18,direct,proposed,
PSA,119,19,118,19,direct,proposed,
PSA,119,20,118,20,direct,proposed,
PSA,119,21,118,21,direct,proposed,
PSA,119,22,118,22,direct,proposed,
PSA,119,23,118,23,direct,proposed,
PSA,119,24,118,24,direct,proposed,
PSA,119,25,118,25,direct,proposed,
PSA,119,26,118,26,direct,proposed,
PSA,119,27,118,27,direct,proposed,
PSA,119,28,118,28,direct,proposed,
PSA,119,29,118,29,direct,proposed,
PSA,119,30,118,30,direct,proposed,
PSA,119,31,118,31,direct,proposed,
PSA,119,32,118,32,direct,proposed,
PSA,119,33,118,33,direct,proposed,
PSA,119,34,118,34,direct,proposed,
PSA,119,35,118,35,direct,proposed,
PSA,119,36,118,36,direct,proposed,
PSA,119,37,118,37,direct,proposed,
PSA,119,38,118,38,direct,proposed,
PSA,119,39,118,39,direct,proposed,
PSA,119,40,118,40,direct,proposed,
PSA,119,41,118,41,direct,proposed,
PSA,119,42,118,42,direct,proposed,
PSA,119,43,118,43,direct,proposed,
PSA,119,44,118,44,direct,proposed,
PSA,119,45,118,45,direct,proposed,
PSA,119,46,118,46,direct,proposed,
PSA,119,47,118,47,direct,proposed,
PSA,119,48,118,48,direct,proposed,
PSA,119,49,118,49,direct,proposed,
PSA,119,50,118,50,direct,proposed,
PSA,119,51,118,51,direct,proposed,
PSA,119,52,118,52,direct,proposed,
PSA,119,53,118,53,direct,proposed,
PSA,119,54,118,54,direct,proposed,
PSA,119,55,118,55,direct,proposed,
PSA,119,56,118,56,direct,proposed,
PSA,119,57,118,57,direct,proposed,
PSA,119,58,118,58,direct,proposed,
PSA,119,59,118,59,direct,proposed,
PSA,119,60,118,60,direct,proposed,
PSA,119,61,118,61,direct,proposed,
PSA,119,62,118,62,direct,proposed,
PSA,119,63,118,63,direct,proposed,
PSA,119,64,118,64,direct,proposed,
PSA,119,65,118,65,direct,proposed,
PSA,119,66,118,66,direct,proposed,
PSA,119,67,118,67,direct,proposed,
PSA,119,68,118,68,direct,proposed,
PSA,119,69,118,69,direct,proposed,
PSA,119,70,118,70,direct,proposed,
PSA,119,71,118,71,direct,proposed,
PSA,119,72,118,72,direct,proposed,
PSA,119,73,118,73,direct,proposed,
PSA,119,74,118,74,direct,proposed,
PSA,119,75,118,75,direct,proposed,
PSA,119,76,118,76,direct,proposed,
PSA,119,77,118,77,direct,proposed,
PSA,119,78,118,78,direct,proposed,
PSA,119,79,118,79,direct,proposed,
PSA,119,80,118,80,direct,proposed,
PSA,119,81,118,81,direct,proposed,
PSA,119,82,118,82,direct,proposed,
PSA,119,83,118,83,direct,proposed,
PSA,119,84,118,84,direct,proposed,
PSA,119,85,118,85,direct,proposed,
PSA,119,86,118,86,direct,proposed,
PSA,119,87,118,87,direct,proposed,
PSA,119,88,118,88,direct,proposed,
PSA,119,89,118,89,direct,proposed,
PSA,119,90,118,90,direct,proposed,
PSA,119,91,118,91,direct,proposed,
PSA,119,92,118,92,direct,proposed,
PSA,119,93,118,93,direct,proposed,
PSA,119,94,118,94,direct,proposed,
PSA,119,95,118,95,direct,proposed,
PSA,119,96,118,96,direct,proposed,
PSA,119,97,118,97,direct,proposed,
PSA,119,98,118,98,direct,proposed,
PSA,119,99,118,99,direct,proposed,
PSA,119,100,118,100,direct,proposed,
PSA,119,101,118,101,direct,proposed,
PSA,119,102,118,102,direct,proposed,
PSA,119,103,118,103,direct,proposed,
PSA,119,104,118,104,direct,proposed,
PSA,119,105,118,105,direct,proposed,
PSA,119,106,118,106,direct,proposed,
PSA,119,107,118,107,direct,proposed,
PSA,119,108,118,108,direct,proposed,
PSA,119,109,118,109,direct,proposed,
PSA,119,110,118,110,direct,proposed,
PSA,119,111,118,111,direct,proposed,
PSA,119,112,118,112,direct,proposed,
PSA,119,113,118,113,direct,proposed,
PSA,119,114,118,114,direct,proposed,
PSA,119,115,118,115,direct,proposed,
PSA,119,116,118,116,direct,proposed,
PSA,119,117,118,117,direct,proposed,
PSA,119,118,118,118,direct,proposed,
PSA,119,119,118,119,direct,proposed,
PSA,119,120,118,120,direct,proposed,
PSA,119,121,118,121,direct,proposed,
PSA,119,122,118,122,direct,proposed,
PSA,119,123,118,123,direct,proposed,
PSA,119,124,118,124,direct,proposed,
PSA,119,125,118,125,direct,proposed,
PSA,119,126,118,126,direct,proposed,
PSA,119,127,118,127,direct,proposed,
PSA,119,128,118,128,direct,proposed,
PSA,119,129,118,129,direct,proposed,
PSA,119,130,118,130,direct,proposed,
PSA,119,131,118,131,direct,proposed,
PSA,119,132,118,132,direct,proposed,
PSA,119,133,118,133,direct,proposed,
PSA,119,134,118,134,direct,proposed,
PSA,119,135,118,135,direct,proposed,
PSA,119,136,118,136,direct,proposed,
PSA,119,137,118,137,direct,proposed,
PSA,119,138,118,138,direct,proposed,
PSA,119,139,118,139,direct,proposed,
PSA,119,140,118,140,direct,proposed,
PSA,119,141,118,141,direct,proposed,
PSA,119,142,118,142,direct,proposed,
PSA,119,143,118,143,direct,proposed,
PSA,119,144,118,144,direct,proposed,
PSA,119,145,118,145,direct,proposed,
PSA,119,146,118,146,direct,proposed,
PSA,119,147,118,147,direct,proposed,
PSA,119,148,118,148,direct,proposed,
PSA,119,149,118,149,direct,proposed,
PSA,119,150,118,150,direct,proposed,
PSA,119,151,118,151,direct,proposed,
PSA,119,152,118,152,direct,proposed,
PSA,119,153,118,153,direct,proposed,
PSA,119,154,118,154,direct,proposed,
PSA,119,155,118,155,direct,proposed,
PSA,119,156,118,156,direct,proposed,
PSA,119,157,118,157,direct,proposed,
PSA,119,158,118,158,direct,proposed,
PSA,119,159,118,159,direct,proposed,
PSA,119,160,118,160,direct,proposed,
PSA,119,161,118,161,direct,proposed,
PSA,119,162,118,162,direct,proposed,
PSA,119,163,118,163,direct,proposed,
PSA,119,164,118,164,direct,proposed,
PSA,119,165,118,165,direct,proposed,
PSA,119,166,118,166,direct,proposed,
PSA,119,167,118,167,direct,proposed,
PSA,119,168,118,168,direct,proposed,
PSA,119,169,118,169,direct,proposed,
PSA,119,170,118,170,direct,proposed,
PSA,119,171,118,171,direct,proposed,
PSA,119,172,118,172,direct,proposed,
PSA,119,173,118,173,direct,proposed,
PSA,119,174,118,174,direct,proposed,
PSA,119,175,118,175,direct,proposed,
PSA,119,176,118,176,direct,proposed,
PSA,120,1,119,1,direct,proposed,
PSA,120,2,119,2,direct,proposed,
PSA,120,3,119,3,direct,proposed,
PSA,120,4,119,4,direct,proposed,
PSA,120,5,119,5,direct,proposed,
PSA,120,6,119,6,direct,proposed,
PSA,120,7,119,7,direct,proposed,
PSA,121,1,120,1,direct,proposed,
PSA,121,2,120,2,direct,proposed,
PSA,121,3,120,3,direct,proposed,
PSA,121,4,120,4,direct,proposed,
PSA,121,5,120,5,direct,proposed,
PSA,121,6,120,6,direct,proposed,
PSA,121,7,120,7,direct,proposed,
PSA,121,8,120,8,direct,proposed,
PSA,122,1,121,1,direct,proposed,
PSA,122,2,121,2,direct,proposed,
PSA,122,3,121,3,direct,proposed,
PSA,122,4,121,4,direct,proposed,
PSA,122,5,121,5,direct,proposed,
PSA,122,6,121,6,direct,proposed,
PSA,122,7,121,7,direct,proposed,
PSA,122,8,121,8,direct,proposed,
PSA,122,9,121,9,direct,proposed,
PSA,123,1,122,1,direct,proposed,
PSA,123,2,122,2,direct,proposed,
PSA,123,3,122,3,direct,proposed,
PSA,123,4,122,4,direct,proposed,
PSA,124,1,123,1,direct,proposed,
PSA,124,2,123,2,direct,proposed,
PSA,124,3,123,3,direct,proposed,
PSA,124,4,123,4,direct,proposed,
PSA,124,5,123,5,direct,proposed,
PSA,124,6,123,6,direct,proposed,
PSA,124,7,123,7,direct,proposed,
PSA,124,8,123,8,direct,proposed,
PSA,125,1,124,1,direct,proposed,
PSA,125,2,124,2,direct,proposed,
PSA,125,3,124,3,direct,proposed,
PSA,125,4,124,4,direct,proposed,
PSA,125,5,124,5,direct,proposed,
PSA,126,1,125,1,direct,proposed,
PSA,126,2,125,2,direct,proposed,
PSA,126,3,125,3,direct,proposed,
PSA,126,4,125,4,direct,proposed,
PSA,126,5,125,5,direct,proposed,
PSA,126,6,125,6,direct,proposed,
PSA,127,1,126,1,direct,proposed,
PSA,127,2,126,2,direct,proposed,
PSA,127,3,126,3,direct,proposed,
PSA,127,4,126,4,direct,proposed,
PSA,127,5,126,5,direct,proposed,
PSA,128,1,127,1,direct,proposed,
PSA,128,2,127,2,direct,proposed,
PSA,128,3,127,3,direct,proposed,
PSA,128,4,127,4,direct,proposed,
PSA,128,5,127,5,direct,proposed,
PSA,128,6,127,6,direct,proposed,
PSA,129,1,128,1,direct,proposed,
PSA,129,2,128,2,direct,proposed,
PSA,129,3,128,3,direct,proposed,
PSA,129,4,128,4,direct,proposed,
PSA,129,5,128,5,direct,proposed,
PSA,129,6,128,6,direct,proposed,
PSA,129,7,128,7,direct,proposed,
PSA,129,8,128,8,direct,proposed,
PSA,130,1,129,1,direct,proposed,
PSA,130,2,129,2,direct,proposed,
PSA,130,3,129,3,direct,proposed,
PSA,130,4,129,4,direct,proposed,
PSA,130,5,129,5,direct,proposed,
PSA,130,6,129,6,direct,proposed,
PSA,130,7,129,7,direct,proposed,
PSA,130,8,129,8,direct,proposed,
PSA,131,1,130,1,direct,proposed,
PSA,131,2,130,2,direct,proposed,
PSA,131,3,130,3,direct,proposed,
PSA,132,1,131,1,direct,proposed,
PSA,132,2,131,2,direct,proposed,
PSA,132,3,131,3,direct,proposed,
PSA,132,4,131,4,direct,proposed,
PSA,132,5,131,5,direct,proposed,
PSA,132,6,131,6,direct,proposed,
PSA,132,7,131,7,direct,proposed,
PSA,132,8,131,8,direct,proposed,
PSA,132,9,131,9,direct,proposed,
PSA,132,10,131,10,direct,proposed,
PSA,132,11,131,11,direct,proposed,
PSA,132,12,131,12,direct,proposed,
PSA,132,13,131,13,direct,proposed,
PSA,132,14,131,14,direct,proposed,
PSA,132,15,131,15,direct,proposed,
PSA,132,16,131,16,direct,proposed,
PSA,132,17,131,17,direct,proposed,
PSA,132,18,131,18,direct,proposed,
PSA,133,1,132,1,direct,proposed,
PSA,133,2,132,2,direct,proposed,
PSA,133,3,132,3,direct,proposed,
PSA,134,1,133,1,direct,proposed,
PSA,134,2,133,2,direct,proposed,
PSA,134,3,133,3,direct,proposed,
PSA,135,1,134,1,direct,proposed,
PSA,135,2,134,2,direct,proposed,
PSA,135,3,134,3,direct,proposed,
PSA,135,4,134,4,direct,proposed,
PSA,135,5,134,5,direct,proposed,
PSA,135,6,134,6,direct,proposed,
PSA,135,7,134,7,direct,proposed,
PSA,135,8,134,8,direct,proposed,
PSA,135,9,134,9,direct,proposed,
PSA,135,10,134,10,direct,proposed,
PSA,135,11,134,11,direct,proposed,
PSA,135,12,134,12,direct,proposed,
PSA,135,13,134,13,direct,proposed,
PSA,135,14,134,14,direct,proposed,
PSA,135,15,134,15,direct,proposed,
PSA,135,16,134,16,direct,proposed,
PSA,135,17,134,17,direct,proposed,
PSA,135,18,134,18,direct,proposed,
PSA,135,19,134,19,direct,proposed,
PSA,135,20,134,20,direct,proposed,
PSA,135,21,134,21,direct,proposed,
PSA,136,1,135,1,direct,proposed,
PSA,136,2,135,2,direct,proposed,
PSA,136,3,135,3,direct,proposed,
PSA,136,4,135,4,direct,proposed,
PSA,136,5,135,5,direct,proposed,
PSA,136,6,135,6,direct,proposed,
PSA,136,7,135,7,direct,proposed,
PSA,136,8,135,8,direct,proposed,
PSA,136,9,135,9,direct,proposed,
PSA,136,10,135,10,direct,proposed,
PSA,136,11,135,11,direct,proposed,
PSA,136,12,135,12,direct,proposed,
PSA,136,13,135,13,direct,proposed,
PSA,136,14,135,14,direct,proposed,
PSA,136,15,135,15,direct,proposed,
PSA,136,16,135,16,direct,proposed,
PSA,136,17,135,17,direct,proposed,
PSA,136,18,135,18,direct,proposed,
PSA,136,19,135,19,direct,proposed,
PSA,136,20,135,20,direct,proposed,
PSA,136,21,135,21,direct,proposed,
PSA,136,22,135,22,direct,proposed,
PSA,136,23,135,23,direct,proposed,
PSA,136,24,135,24,direct,proposed,
PSA,136,25,135,25,direct,proposed,
PSA,136,26,135,26,direct,proposed,
PSA,137,1,136,1,direct,proposed,
PSA,137,2,136,2,direct,proposed,
PSA,137,3,136,3,direct,proposed,
PSA,137,4,136,4,direct,proposed,
PSA,137,5,136,5,direct,proposed,
PSA,137,6,136,6,direct,proposed,
PSA,137,7,136,7,direct,proposed,
PSA,137,8,136,8,direct,proposed,
PSA,137,9,136,9,direct,proposed,
PSA,138,1,137,1,direct,proposed,
PSA,138,2,137,2,direct,proposed,
PSA,138,3,137,3,direct,proposed,
PSA,138,4,137,4,direct,proposed,
PSA,138,5,137,5,direct,proposed,
PSA,138,6,137,6,direct,proposed,
PSA,138,7,137,7,direct,proposed,
PSA,138,8,137,8,direct,proposed,
PSA,139,1,138,1,direct,proposed,
PSA,139,2,138,2,direct,proposed,
PSA,139,3,138,3,direct,proposed,
PSA,139,4,138,4,direct,proposed,
PSA,139,5,138,5,direct,proposed,
PSA,139,6,138,6,direct,proposed,
PSA,139,7,138,7,direct,proposed,
PSA,139,8,138,8,direct,proposed,
PSA,139,9,138,9,direct,proposed,
PSA,139,10,138,10,direct,proposed,
PSA,139,11,138,11,direct,proposed,
PSA,139,12,138,12,direct,proposed,
PSA,139,13,138,13,direct,proposed,
PSA,139,14,138,14,direct,proposed,
PSA,139,15,138,15,direct,proposed,
PSA,139,16,138,16,direct,proposed,
PSA,139,17,138,17,direct,proposed,
PSA,139,18,138,18,direct,proposed,
PSA,139,19,138,19,direct,proposed,
PSA,139,20,138,20,direct,proposed,
PSA,139,21,138,21,direct,proposed,
PSA,139,22,138,22,direct,proposed,
PSA,139,23,138,23,direct,proposed,
PSA,139,24,138,24,direct,proposed,
PSA,140,,139,1,title,proposed,Russian superscription verse(s) with no KJV counterpart
PSA,140,1,139,2,title-shifted,proposed,
PSA,140,2,139,3,title-shifted,proposed,
PSA,140,3,139,4,title-shifted,proposed,
PSA,140,4,139,5,title-shifted,proposed,
PSA,140,5,139,6,title-shifted,proposed,
PSA,140,6,139,7,title-shifted,proposed,
PSA,140,7,139,8,title-shifted,proposed,
PSA,140,8,139,9,title-shifted,proposed,
PSA,140,9,139,10,title-shifted,proposed,
PSA,140,10,139,11,title-shifted,proposed,
PSA,140,11,139,12,title-shifted,proposed,
PSA,140,12,139,13,title-shifted,proposed,
PSA,140,13,139,14,title-shifted,proposed,
PSA,141,1,140,1,direct,proposed,
PSA,141,2,140,2,direct,proposed,
PSA,141,3,140,3,direct,proposed,
PSA,141,4,140,4,direct,proposed,
PSA,141,5,140,5,direct,proposed,
PSA,141,6,140,6,direct,proposed,
PSA,141,7,140,7,direct,proposed,
PSA,141,8,140,8,direct,proposed,
PSA,141,9,140,9,direct,proposed,
PSA,141,10,140,10,direct,proposed,
PSA,142,1,141,1,direct,proposed,
PSA,142,2,141,2,direct,proposed,
PSA,142,3,141,3,direct,proposed,
PSA,142,4,141,4,direct,proposed,
PSA,142,5,141,5,direct,proposed,
PSA,142,6,141,6,direct,proposed,
PSA,142,7,141,7,direct,proposed,
PSA,143,1,142,1,direct,proposed,
PSA,143,2,142,2,direct,proposed,
PSA,143,3,142,3,direct,proposed,
PSA,143,4,142,4,direct,proposed,
PSA,143,5,142,5,direct,proposed,
PSA,143,6,142,6,direct,proposed,
PSA,143,7,142,7,direct,proposed,
PSA,143,8,142,8,direct,proposed,
PSA,143,9,142,9,direct,proposed,
PSA,143,10,142,10,direct,proposed,
PSA,143,11,142,11,direct,proposed,
PSA,143,12,142,12,direct,proposed,
PSA,144,1,143,1,direct,proposed,
PSA,144,2,143,2,direct,proposed,
PSA,144,3,143,3,direct,proposed,
PSA,144,4,143,4,direct,proposed,
PSA,144,5,143,5,direct,proposed,
PSA,144,6,143,6,direct,proposed,
PSA,144,7,143,7,direct,proposed,
PSA,144,8,143,8,direct,proposed,
PSA,144,9,143,9,direct,proposed,
PSA,144,10,143,10,direct,proposed,
PSA,144,11,143,11,direct,proposed,
PSA,144,12,143,12,direct,proposed,
PSA,144,13,143,13,direct,proposed,
PSA,144,14,143,14,direct,proposed,
PSA,144,15,143,15,direct,proposed,
PSA,145,1,144,1,direct,proposed,
PSA,145,2,144,2,direct,proposed,
PSA,145,3,144,3,direct,proposed,
PSA,145,4,144,4,direct,proposed,
PSA,145,5,144,5,direct,proposed,
PSA,145,6,144,6,direct,proposed,
PSA,145,7,144,7,direct,proposed,
PSA,145,8,144,8,direct,proposed,
PSA,145,9,144,9,direct,proposed,
PSA,145,10,144,10,direct,proposed,
PSA,145,11,144,11,direct,proposed,
PSA,145,12,144,12,direct,proposed,
PSA,145,13,144,13,direct,proposed,
PSA,145,14,144,14,direct,proposed,
PSA,145,15,144,15,direct,proposed,
PSA,145,16,144,16,direct,proposed,
PSA,145,17,144,17,direct,proposed,
PSA,145,18,144,18,direct,proposed,
PSA,145,19,144,19,direct,proposed,
PSA,145,20,144,20,direct,proposed,
PSA,145,21,144,21,direct,proposed,
PSA,146,1,145,1,direct,proposed,
PSA,146,2,145,2,direct,proposed,
PSA,146,3,145,3,direct,proposed,
PSA,146,4,145,4,direct,proposed,
PSA,146,5,145,5,direct,proposed,
PSA,146,6,145,6,direct,proposed,
PSA,146,7,145,7,direct,proposed,
PSA,146,8,145,8,direct,proposed,
PSA,146,9,145,9,direct,proposed,
PSA,146,10,145,10,direct,proposed,
PSA,147,1,146,1,split,proposed,first half of KJV Psalm 147 -> Russian Psalm 146
PSA,147,2,146,2,split,proposed,first half of KJV Psalm 147 -> Russian Psalm 146
PSA,147,3,146,3,split,proposed,first half of KJV Psalm 147 -> Russian Psalm 146
PSA,147,4,146,4,split,proposed,first half of KJV Psalm 147 -> Russian Psalm 146
PSA,147,5,146,5,split,proposed,first half of KJV Psalm 147 -> Russian Psalm 146
PSA,147,6,146,6,split,proposed,first half of KJV Psalm 147 -> Russian Psalm 146
PSA,147,7,146,7,split,proposed,first half of KJV Psalm 147 -> Russian Psalm 146
PSA,147,8,146,8,split,proposed,first half of KJV Psalm 147 -> Russian Psalm 146
PSA,147,9,146,9,split,proposed,first half of KJV Psalm 147 -> Russian Psalm 146
PSA,147,10,146,10,split,proposed,first half of KJV Psalm 147 -> Russian Psalm 146
PSA,147,11,146,11,split,proposed,first half of KJV Psalm 147 -> Russian Psalm 146
PSA,147,12,147,1,split,proposed,second half of KJV Psalm 147 -> Russian Psalm 147
PSA,147,13,147,2,split,proposed,second half of KJV Psalm 147 -> Russian Psalm 147
PSA,147,14,147,3,split,proposed,second half of KJV Psalm 147 -> Russian Psalm 147
PSA,147,15,147,4,split,proposed,second half of KJV Psalm 147 -> Russian Psalm 147
PSA,147,16,147,5,split,proposed,second half of KJV Psalm 147 -> Russian Psalm 147
PSA,147,17,147,6,split,proposed,second half of KJV Psalm 147 -> Russian Psalm 147
PSA,147,18,147,7,split,proposed,second half of KJV Psalm 147 -> Russian Psalm 147
PSA,147,19,147,8,split,proposed,second half of KJV Psalm 147 -> Russian Psalm 147
PSA,147,20,147,9,split,proposed,second half of KJV Psalm 147 -> Russian Psalm 147
PSA,148,1,148,1,direct,proposed,
PSA,148,2,148,2,direct,proposed,
PSA,148,3,148,3,direct,proposed,
PSA,148,4,148,4,direct,proposed,
PSA,148,5,148,5,direct,proposed,
PSA,148,6,148,6,direct,proposed,
PSA,148,7,148,7,direct,proposed,
PSA,148,8,148,8,direct,proposed,
PSA,148,9,148,9,direct,proposed,
PSA,148,10,148,10,direct,proposed,
PSA,148,11,148,11,direct,proposed,
PSA,148,12,148,12,direct,proposed,
PSA,148,13,148,13,direct,proposed,
PSA,148,14,148,14,direct,proposed,
PSA,149,1,149,1,direct,proposed,
PSA,149,2,149,2,direct,proposed,
PSA,149,3,149,3,direct,proposed,
PSA,149,4,149,4,direct,proposed,
PSA,149,5,149,5,direct,proposed,
PSA,149,6,149,6,direct,proposed,
PSA,149,7,149,7,direct,proposed,
PSA,149,8,149,8,direct,proposed,
PSA,149,9,149,9,direct,proposed,
PSA,150,1,150,1,direct,proposed,
PSA,150,2,150,2,direct,proposed,
PSA,150,3,150,3,direct,proposed,
PSA,150,4,150,4,direct,proposed,
PSA,150,5,150,5,direct,proposed,
PSA,150,6,150,6,direct,proposed,
