strongs_num,strongs_id,lemma,translit,english_default,definition,occurrences,lang,existing_rendering,proposed_rendering,status,notes
2316,G2316,θεός,theós,God,":--X exceeding,  God, god(-ly, -ward).",1343,vi,,Đức Chúa Trời,needs_review,
2424,G2424,Ἰησοῦς,Iēsoûs,Jesus,:--Jesus.,975,vi,,Chúa Giê-xu,needs_review,
2962,G2962,κύριος,kýrios,Lord,":-- God,  Lord, master, Sir.",747,vi,,Chúa,needs_review,
5547,G5547,Χριστός,Christós,Christ,:--Christ.,569,vi,,Đấng Christ,needs_review,
444,G444,ἄνθρωπος,ánthrōpos,man,":--certain, man.",559,vi,,người,needs_review,
3962,G3962,πατήρ,patḗr,Father,":--father, parent.",418,vi,,Cha,needs_review,
2250,G2250,ἡμέρα,hēméra,day,":--age, + alway, (mid-)day (by day, (-ly)), +  for ever, judgment, (day) time, while, years.",389,vi,,ngày,needs_review,
4151,G4151,πνεῦμα,pneûma,Spirit,":--ghost, life, spirit(-ual, -ually), mind.",385,vi,,Thánh Linh,needs_review,
5207,G5207,υἱός,huiós,Son,":--child, foal,  son.",381,vi,,Con,needs_review,
80,G80,ἀδελφός,adelphós,brother,:--brother.,346,vi,,anh em,needs_review,
3056,G3056,λόγος,lógos,word,":--account, cause,  communication, X concerning, doctrine, fame, X have to do, intent,  matter, mouth, preaching, question, reason, + reckon, remove,  say(-ing), shew, X speaker, speech, talk, thing, + none of these  things move me, tidings, treatise, utterance, word, work.",330,vi,,lời,needs_review,
3772,G3772,οὐρανός,ouranós,heaven,":--air, heaven(-ly), sky.",284,vi,,trời,needs_review,
3101,G3101,μαθητής,mathētḗs,disciple,:--disciple.,269,vi,,môn đồ,needs_review,
1093,G1093,γῆ,gē,earth,":--country, earth(-ly), ground, land, world.",252,vi,,đất,needs_review,
4102,G4102,πίστις,pístis,faith,":--assurance, belief, believe, faith, fidelity.",244,vi,,đức tin,needs_review,
3686,G3686,ὄνομα,ónoma,name,":--called, (+  sur-)name(-d).",229,vi,,danh,needs_review,
1135,G1135,γυνή,gynḗ,wife,":--wife,  woman.",221,vi,,vợ,needs_review,
435,G435,ἀνήρ,anḗr,man,":--fellow, husband, man, sir.",215,vi,,người,needs_review,
3551,G3551,νόμος,nómos,law,:--law.,197,vi,,luật,needs_review,
2889,G2889,κόσμος,kósmos,world,":--adorning, world.",187,vi,,thế gian,needs_review,
32,G32,ἄγγελος,ángelos,angel,":--angel, messenger.",185,vi,,thiên sứ,needs_review,
5495,G5495,χείρ,cheír,hand,:--hand.,179,vi,,tay,needs_review,
2041,G2041,ἔργον,érgon,work,":--deed, doing, labour, work.",176,vi,,công việc,needs_review,
3793,G3793,ὄχλος,óchlos,crowd,":--company, multitude, number (of people), people,  press.",175,vi,,đám đông,needs_review,
266,G266,ἁμαρτία,hamartía,sin,":--offence, sin(-ful).",174,vi,,tội lỗi,needs_review,
1391,G1391,δόξα,dóxa,glory,":--dignity,  glory(-ious), honour, praise, worship.",168,vi,,vinh hiển,needs_review,
1484,G1484,ἔθνος,éthnos,nation,":--Gentile, heathen, nation, people.",164,vi,,dân ngoại,needs_review,
3972,G3972,Παῦλος,Paûlos,Paul,":--Paul, Paulus.",164,vi,,Phao-lô,needs_review,
4172,G4172,πόλις,pólis,city,:--city.,164,vi,,thành,needs_review,
932,G932,βασιλεία,basileía,kingdom,":--kingdom,  + reign.",162,vi,,nước,needs_review,
4074,G4074,Πέτρος,Pétros,Peter,":--Peter, rock.",162,vi,,Phi-e-rơ,needs_review,
2588,G2588,καρδία,kardía,heart,:--(+ broken-)heart(-ed).,160,vi,,lòng,needs_review,
5485,G5485,χάρις,cháris,grace,":--acceptable, benefit, favour, gift, grace(- ious), joy,  liberality, pleasure, thank(-s, -worthy).",156,vi,,ân điển,needs_review,
4561,G4561,σάρξ,sárx,flesh,":--carnal(-ly, + -ly minded),  flesh(-ly).",151,vi,,xác thịt,needs_review,
4396,G4396,προφήτης,prophḗtēs,prophet,:--prophet.,149,vi,,nhà tiên tri,needs_review,
4983,G4983,σῶμα,sōma,body,":--bodily, body, slave.",146,vi,,thân thể,needs_review,
2992,G2992,λαός,laós,people,:--people.,143,vi,,dân,needs_review,
5456,G5456,φωνή,phōnḗ,voice,":--noise, sound, voice.",141,vi,,tiếng,needs_review,
2222,G2222,ζωή,zōḗ,life,:--life(-time).,134,vi,,sự sống,needs_review,
2491,G2491,Ἰωάννης,Iōánnēs,John,:--John.,133,vi,,Giăng,needs_review,
165,G165,αἰών,aiṓn,age,":--age, course, eternal, (for) ever(-more),  (n-)ever, (beginning of the , while the) world (began, without end).",128,vi,,đời,needs_review,
1401,G1401,δοῦλος,doûlos,servant,":--bond(-man), servant.",125,vi,,đầy tớ,needs_review,
749,G749,ἀρχιερεύς,archiereús,high priest,":--chief (high) priest, chief of  the priests.",123,vi,,thầy tế lễ cả,needs_review,
1411,G1411,δύναμις,dýnamis,power,":--ability, abundance,  meaning, might(-ily, -y, -y deed), (worker of) miracle(-s), power,  strength, violence, mighty (wonderful) work.",120,vi,,quyền năng,needs_review,
2288,G2288,θάνατος,thánatos,death,":--X deadly, (be…) death.",119,vi,,sự chết,needs_review,
935,G935,βασιλεύς,basileús,king,:--king.,118,vi,,vua,needs_review,
1577,G1577,ἐκκλησία,ekklēsía,church,":--assembly, church.",117,vi,,Hội thánh,needs_review,
26,G26,ἀγάπη,agápē,love,":--(feast of) charity(-ably), dear, love.",116,vi,,tình yêu thương,needs_review,
3624,G3624,οἶκος,oîkos,house,":--home, house(-hold), temple.",114,vi,,nhà,needs_review,
225,G225,ἀλήθεια,alḗtheia,truth,":--true, X truly, truth, verity.",110,vi,,lẽ thật,needs_review,
5610,G5610,ὥρα,hṓra,hour,":--day, hour, instant, season, X short, (even-)tide,  (high) time.",108,vi,,giờ,needs_review,
5590,G5590,ψυχή,psychḗ,soul,":--heart (+ -ily), life, mind, soul, + us, + you.",105,vi,,linh hồn,needs_review,
1849,G1849,ἐξουσία,exousía,authority,":--authority, jurisdiction, liberty, power, right,  strength.",103,vi,,quyền,needs_review,
3598,G3598,ὁδός,hodós,way,":--journey,  (high-)way.",102,vi,,đường,needs_review,
3788,G3788,ὀφθαλμός,ophthalmós,eye,":--eye,  sight.",102,vi,,mắt,needs_review,
5330,G5330,Φαρισαῖος,Pharisaîos,Pharisee,:--Pharisee.,100,vi,,Người Pha-ri-si,needs_review,
129,G129,αἷμα,haîma,blood,:--blood.,99,vi,,máu,needs_review,
740,G740,ἄρτος,ártos,bread,":--(shew-)bread, loaf.",99,vi,,bánh,needs_review,
5043,G5043,τέκνον,téknon,child,":--child, daughter, son.",99,vi,,con cái,needs_review,
3614,G3614,οἰκία,oikía,house,":--home, house(-hold).",95,vi,,nhà,needs_review,
4228,G4228,πούς,poús,foot,:--foot(-stool).,93,vi,,chân,needs_review,
1343,G1343,δικαιοσύνη,dikaiosýnē,righteousness,:--righteousness.,92,vi,,sự công bình,needs_review,
1515,G1515,εἰρήνη,eirḗnē,peace,":--one, peace, quietness,  rest, + set at one again.",92,vi,,bình an,needs_review,
2281,G2281,θάλασσα,thálassa,sea,:--sea.,92,vi,,biển,needs_review,
5117,G5117,τόπος,tópos,place,":--coast, licence, place, X plain,  quarter, + rock, room, where.",92,vi,,nơi,needs_review,
2540,G2540,καιρός,kairós,time,":--X  always, opportunity, (convenient, due) season, (due, short, while)  time, a while.",87,vi,,thời điểm,needs_review,
3384,G3384,μήτηρ,mḗtēr,mother,:--mother.,85,vi,,mẹ,needs_review,
2419,G2419,Ἱερουσαλήμ,Hierousalḗm,Jerusalem,:--Jerusalem.,83,vi,,Giê-ru-sa-lem,needs_review,
652,G652,ἀπόστολος,apóstolos,apostle,":--apostle, messenger, he that is sent.",81,vi,,Sứ đồ,needs_review,
3475,G3475,Μωσεύς,Mōseús,Moses,:--Moses.,80,vi,,Môi-se,needs_review,
4750,G4750,στόμα,stóma,mouth,":--edge, face, mouth.",79,vi,,miệng,needs_review,
4383,G4383,πρόσωπον,prósōpon,face,":--(outward) appearance, X before,  countenance, face, fashion, (men's) person, presence.",78,vi,,mặt,needs_review,
5204,G5204,ὕδωρ,hýdōr,water,:--water.,78,vi,,nước,needs_review,
2098,G2098,εὐαγγέλιον,euangélion,gospel,:--gospel.,77,vi,,Tin Lành,needs_review,
4592,G4592,σημεῖον,sēmeîon,sign,":--miracle, sign, token,  wonder.",77,vi,,dấu,needs_review,
2776,G2776,κεφαλή,kephalḗ,head,:--head.,76,vi,,đầu,needs_review,
4613,G4613,Σίμων,Símōn,Simon,:--Simon.,75,vi,,Si-môn,needs_review,
4442,G4442,πῦρ,pŷr,fire,":--fiery, fire.",74,vi,,lửa,needs_review,
11,G11,Ἀβραάμ,Abraám,Abraham,:--Abraham.,73,vi,,Áp-ra-ham,needs_review,
1785,G1785,ἐντολή,entolḗ,commandment,":--commandment, precept.",71,vi,,điều răn,needs_review,
2411,G2411,ἱερόν,hierón,temple,:--temple.,71,vi,,đền thờ,needs_review,
2474,G2474,Ἰσραήλ,Israḗl,Israel,:--Israel.,70,vi,,Y-sơ-ra-ên,needs_review,
4487,G4487,ῥῆμα,rhēma,word,":--+ evil, + nothing, saying,  word.",70,vi,,lời,needs_review,
5457,G5457,φῶς,phōs,light,":--fire,  light.",70,vi,,ánh sáng,needs_review,
4521,G4521,σάββατον,sábbaton,Sabbath,":--sabbath  (day), week.",68,vi,,ngày Sa-bát,needs_review,
1122,G1122,γραμματεύς,grammateús,scribe,":--scribe, town-clerk.",67,vi,,thầy thông giáo,needs_review,
4143,G4143,πλοῖον,ploîon,boat,:--ship(-ing).,67,vi,,thuyền,needs_review,
2590,G2590,καρπός,karpós,fruit,:--fruit.,66,vi,,trái,needs_review,
3571,G3571,νύξ,nýx,night,:-- (mid-)night.,65,vi,,đêm,needs_review,
3735,G3735,ὄρος,óros,mountain,":--hill,  mount(-ain).",65,vi,,núi,needs_review,
2307,G2307,θέλημα,thélēma,will,":-- desire, pleasure,  will.",64,vi,,ý muốn,needs_review,
1056,G1056,Γαλιλαία,Galilaía,Galilee,:--Galilee.,63,vi,,Ga-li-lê,needs_review,
2440,G2440,ἱμάτιον,himátion,garment,":--apparel, cloke, clothes, garment, raiment, robe, vesture.",62,vi,,áo,needs_review,
2362,G2362,θρόνος,thrónos,throne,":--seat, throne.",61,vi,,ngôi,needs_review,
1140,G1140,δαιμόνιον,daimónion,demon,":--devil, god.",60,vi,,ma quỷ,needs_review,
3037,G3037,λίθος,líthos,stone,":--(mill-, stumbling-)stone.",60,vi,,đá,needs_review,
1138,G1138,Δαβίδ,Dabíd,David,:--David.,59,vi,,Đa-vít,needs_review,
2414,G2414,Ἱεροσόλυμα,Hierosólyma,Jerusalem,:--Jerusalem.,59,vi,,Giê-ru-sa-lem,needs_review,
5479,G5479,χαρά,chará,joy,":--gladness, X greatly, (X  be exceeding) joy(-ful, -fully, -fulness, -ous).",59,vi,,niềm vui,needs_review,
746,G746,ἀρχή,archḗ,beginning,":--beginning,  corner, (at the, the) first (estate), magistrate, power, principality,  principle, rule.",58,vi,,sự ban đầu,needs_review,
1320,G1320,διδάσκαλος,didáskalos,teacher,":--doctor,  master, teacher.",58,vi,,thầy,needs_review,
4864,G4864,συναγωγή,synagōgḗ,synagogue,":--assembly, congregation, synagogue.",57,vi,,nhà hội,needs_review,
4091,G4091,Πιλᾶτος,Pilâtos,Pilate,:--Pilate.,55,vi,,Phi-lát,needs_review,
1680,G1680,ἐλπίς,elpís,hope,":--faith, hope.",54,vi,,hy vọng,needs_review,
3137,G3137,Μαρία,María,Mary,:-- Mary.,54,vi,,Ma-ri,needs_review,
1860,G1860,ἐπαγγελία,epangelía,promise,":--message, promise.",53,vi,,lời hứa,needs_review,
5550,G5550,χρόνος,chrónos,time,":--+ years old, season, space, (X often-)time(-s), (a) while.",53,vi,,thời gian,needs_review,
1124,G1124,γραφή,graphḗ,Scripture,:--scripture.,51,vi,,Kinh Thánh,needs_review,
3813,G3813,παιδίον,paidíon,child,":--(little, young) child, damsel.",51,vi,,con trẻ,needs_review,
4678,G4678,σοφία,sophía,wisdom,:--wisdom.,51,vi,,sự khôn ngoan,needs_review,
1100,G1100,γλῶσσα,glōssa,tongue,:--tongue.,50,vi,,lưỡi,needs_review,
3850,G3850,παραβολή,parabolḗ,parable,":--comparison, figure, parable, proverb.",50,vi,,dụ ngôn,needs_review,
2094,G2094,ἔτος,étos,year,:--year.,49,vi,,năm,needs_review,
5532,G5532,χρεία,chreía,need,":--business,  lack, necessary(-ity), need(-ful), use, want.",49,vi,,sự cần dùng,needs_review,
2920,G2920,κρίσις,krísis,judgment,":--accusation, condemnation, damnation, judgment.",48,vi,,sự phán xét,needs_review,
5401,G5401,φόβος,phóbos,fear,":--be  afraid, + exceedingly, fear, terror.",47,vi,,sự sợ hãi,needs_review,
5438,G5438,φυλακή,phylakḗ,prison,":--cage, hold,  (im-)prison(-ment), ward, watch.",47,vi,,ngục,needs_review,
2342,G2342,θηρίον,thēríon,beast,":--(venomous,  wild) beast.",46,vi,,con thú,needs_review,
3485,G3485,ναός,naós,temple,":--shrine,  temple.",46,vi,,đền thờ,needs_review,
2347,G2347,θλῖψις,thlîpsis,tribulation,":--afflicted(-tion),  anguish, burdened, persecution, tribulation, trouble.",45,vi,,hoạn nạn,needs_review,
4991,G4991,σωτηρία,sōtēría,salvation,":--deliver, health, salvation, save,  saving.",45,vi,,sự cứu rỗi,needs_review,
2264,G2264,Ἡρώδης,Hērṓdēs,Herod,:--Herod.,44,vi,,Hê-rốt,needs_review,
4690,G4690,σπέρμα,spérma,seed,":--issue, seed.",44,vi,,hạt giống,needs_review,
2449,G2449,Ἰουδαία,Ioudaía,Judea,:--Judæa.,43,vi,,Giu-đê,needs_review,
3313,G3313,μέρος,méros,part,":--behalf, course, coast, craft, particular (+  -ly), part (+ -ly), piece, portion, respect, side, some sort(-what).",43,vi,,phần,needs_review,
5092,G5092,τιμή,timḗ,honor,":--honour, precious, price, some.",43,vi,,vinh dự,needs_review,
386,G386,ἀνάστασις,anástasis,resurrection,":--raised to  life again, resurrection, rise from the dead, that should rise, rising  again.",42,vi,,sự sống lại,needs_review,
1074,G1074,γενεά,geneá,generation,":--age, generation, nation, time.",42,vi,,dòng dõi,needs_review,
2385,G2385,Ἰάκωβος,Iákōbos,James,:--James.,42,vi,,Gia-cơ,needs_review,
3419,G3419,μνημεῖον,mnēmeîon,tomb,":--grave,  sepulchre, tomb.",42,vi,,mộ,needs_review,
5056,G5056,τέλος,télos,end,":--+ continual, custom,  end(-ing), finally, uttermost.",42,vi,,sự cuối cùng,needs_review,
4263,G4263,πρόβατον,próbaton,sheep,:--sheep(-fold).,41,vi,,chiên,needs_review,
2374,G2374,θύρα,thýra,door,":--door, gate.",39,vi,,cửa,needs_review,
1939,G1939,ἐπιθυμία,epithymía,desire,":--concupiscence, desire, lust (after).",38,vi,,lòng ham muốn,needs_review,
2455,G2455,Ἰούδας,Ioúdas,Judas,":--Juda(-h, -s); Jude.",38,vi,,Giu-đa,needs_review,
5376,G5376,Φίλιππος,Phílippos,Philip,:--Philip.,38,vi,,Phi-líp,needs_review,
758,G758,ἄρχων,árchōn,ruler,":--chief (ruler),  magistrate, prince, ruler.",37,vi,,quan trưởng,needs_review,
3141,G3141,μαρτυρία,martyría,testimony,":--record,  report, testimony, witness.",37,vi,,lời chứng,needs_review,
3775,G3775,οὖς,oûs,ear,:--ear.,37,vi,,tai,needs_review,
4335,G4335,προσευχή,proseuchḗ,prayer,":--X  pray earnestly, prayer.",37,vi,,cầu nguyện,needs_review,
68,G68,ἀγρός,agrós,field,":--country, farm, piece of ground, land.",36,vi,,ruộng,needs_review,
3709,G3709,ὀργή,orgḗ,wrath,":--anger, indignation,  vengeance, wrath.",36,vi,,cơn thạnh nộ,needs_review,
4061,G4061,περιτομή,peritomḗ,circumcision,":--X circumcised, circumcision.",36,vi,,cắt bì,needs_review,
4567,G4567,Σατανᾶς,Satanâs,Satan,:--Satan.,36,vi,,Sa-tan,needs_review,
2501,G2501,Ἰωσήφ,Iōsḗph,Joseph,:--Joseph.,35,vi,,Giô-sép,needs_review,
1248,G1248,διακονία,diakonía,ministry,":--(ad-)minister(-ing,  -tration, -try), office, relief, service(-ing).",34,vi,,chức vụ,needs_review,
3144,G3144,μάρτυς,mártys,witness,":-- martyr,  record, witness.",34,vi,,nhân chứng,needs_review,
3196,G3196,μέλος,mélos,member,:--member.,34,vi,,chi thể,needs_review,
1242,G1242,διαθήκη,diathḗkē,covenant,":--covenant, testament.",33,vi,,giao ước,needs_review,
3631,G3631,οἶνος,oînos,wine,:--wine.,33,vi,,rượu,needs_review,
4221,G4221,ποτήριον,potḗrion,cup,:--cup.,33,vi,,chén,needs_review,
975,G975,βιβλίον,biblíon,book,":--bill, book, scroll, writing.",32,vi,,sách,needs_review,
2246,G2246,ἥλιος,hḗlios,sun,":--+ east, sun.",32,vi,,mặt trời,needs_review,
2409,G2409,ἱερεύς,hiereús,priest,:--(high) priest.,32,vi,,thầy tế lễ,needs_review,
4128,G4128,πλῆθος,plēthos,multitude,":--bundle,  company, multitude.",32,vi,,đám đông,needs_review,
4655,G4655,σκότος,skótos,darkness,:--darkness.,32,vi,,bóng tối,needs_review,
4893,G4893,συνείδησις,syneídēsis,conscience,:--conscience.,32,vi,,lương tâm,needs_review,
5281,G5281,ὑπομονή,hypomonḗ,patience,":--enduring,  patience, patient continuance (waiting).",32,vi,,sự nhịn nhục,needs_review,
417,G417,ἄνεμος,ánemos,wind,:--wind.,31,vi,,gió,needs_review,
1249,G1249,διάκονος,diákonos,servant,":--deacon, minister, servant.",31,vi,,người hầu,needs_review,
2541,G2541,Καῖσαρ,Kaîsar,Caesar,:--Cæsar.,31,vi,,Sê-sa,needs_review,
3954,G3954,παῤῥησία,parrhēsía,boldness,":--bold (X  -ly, -ness, -ness of speech), confidence,  X freely, X openly, X plainly(-ness).",31,vi,,sự dạn dĩ,needs_review,
5443,G5443,φυλή,phylḗ,tribe,":--kindred,  tribe.",31,vi,,chi phái,needs_review,
721,G721,ἀρνίον,arníon,Lamb,:--lamb.,30,vi,,Chiên Con,needs_review,
1322,G1322,διδαχή,didachḗ,teaching,":--doctrine, hath been  taught.",30,vi,,sự dạy dỗ,needs_review,
2243,G2243,Ἡλίας,Hēlías,Elijah,:--Elias.,30,vi,,Ê-li,needs_review,
1108,G1108,γνῶσις,gnōsis,knowledge,":--knowledge, science.",29,vi,,sự hiểu biết,needs_review,
2364,G2364,θυγάτηρ,thygátēr,daughter,:--daughter.,29,vi,,con gái,needs_review,
2378,G2378,θυσία,thysía,sacrifice,:--sacrifice.,29,vi,,của tế lễ,needs_review,
3162,G3162,μάχαιρα,máchaira,sword,:--sword.,29,vi,,gươm,needs_review,
3408,G3408,μισθός,misthós,reward,":--hire, reward, wages.",29,vi,,tiền công,needs_review,
3874,G3874,παράκλησις,paráklēsis,comfort,":--comfort, consolation,  exhortation, intreaty.",29,vi,,sự yên ủi,needs_review,
921,G921,Βαρνάβας,Barnábas,Barnabas,:--Barnabas.,28,vi,,Ba-na-ba,needs_review,
1656,G1656,ἔλεος,éleos,mercy,:--(+ tender) mercy.,28,vi,,lòng thương xót,needs_review,
2917,G2917,κρίμα,kríma,judgment,":--avenge, condemned, condemnation, damnation, + go to law,  judgment.",28,vi,,sự phán xét,needs_review,
2968,G2968,κώμη,kṓmē,village,":--town, village.",28,vi,,làng,needs_review,
4716,G4716,σταυρός,staurós,cross,:--cross.,28,vi,,thập tự giá,needs_review,
1672,G1672,Ἕλλην,Héllēn,Greek,":-- Gentile, Greek.",27,vi,,Người Gờ-réc,needs_review,
1859,G1859,ἑορτή,heortḗ,feast,":--feast, holyday.",27,vi,,lễ,needs_review,
2384,G2384,Ἰακώβ,Iakṓb,Jacob,:--also an Israelite:--Jacob.,27,vi,,Gia-cốp,needs_review,
3466,G3466,μυστήριον,mystḗrion,mystery,:--mystery.,27,vi,,huyền nhiệm,needs_review,
5503,G5503,χήρα,chḗra,widow,:--widow.,27,vi,,góa phụ,needs_review,
5561,G5561,χώρα,chṓra,region,":--coast, county, fields, ground,  land, region.",27,vi,,miền,needs_review,
1186,G1186,δένδρον,déndron,tree,:--tree.,26,vi,,cây,needs_review,
3507,G3507,νεφέλη,nephélē,cloud,:--cloud.,26,vi,,mây,needs_review,
4202,G4202,πορνεία,porneía,fornication,:--fornication.,26,vi,,sự tà dâm,needs_review,
4757,G4757,στρατιώτης,stratiṓtēs,soldier,:--soldier.,26,vi,,lính,needs_review,
5095,G5095,Τιμόθεος,Timótheos,Timothy,":--Timotheus,  Timothy.",26,vi,,Ti-mô-thê,needs_review,
93,G93,ἀδικία,adikía,unrighteousness,":--iniquity,  unjust, unrighteousness, wrong.",25,vi,,sự không công bình,needs_review,
79,G79,ἀδελφή,adelphḗ,sister,:--sister.,24,vi,,chị em gái,needs_review,
125,G125,Αἴγυπτος,Aígyptos,Egypt,:--Egypt.,24,vi,,Ê-díp-tô,needs_review,
189,G189,ἀκοή,akoḗ,hearing,":--audience,  ear, fame, which ye heard, hearing, preached, report, rumor.",24,vi,,sự nghe,needs_review,
769,G769,ἀσθένεια,asthéneia,weakness,":--disease, infirmity, sickness, weakness.",24,vi,,sự yếu đuối,needs_review,
792,G792,ἀστήρ,astḗr,star,:--star.,24,vi,,ngôi sao,needs_review,
1992,G1992,ἐπιστολή,epistolḗ,letter,":--""epistle,"" letter.",24,vi,,thư,needs_review,
3341,G3341,μετάνοια,metánoia,repentance,:--repentance.,24,vi,,sự ăn năn,needs_review,
3563,G3563,νοῦς,noûs,mind,":--mind,  understanding.",24,vi,,tâm trí,needs_review,
3816,G3816,παῖς,paîs,servant,":--child, maid(-en), (man) servant, son, young man.",24,vi,,đầy tớ,needs_review,
3952,G3952,παρουσία,parousía,coming,":--coming, presence.",24,vi,,Sự hiện đến,needs_review,
4990,G4990,σωτήρ,sōtḗr,Savior,:--saviour.,24,vi,,Đấng Cứu Thế,needs_review,
290,G290,ἀμπελών,ampelṓn,vineyard,:--vineyard.,23,vi,,vườn nho,needs_review,
1504,G1504,εἰκών,eikṓn,image,:--image.,23,vi,,hình ảnh,needs_review,
2226,G2226,ζῶον,zōon,living creature,:--beast.,23,vi,,sinh vật,needs_review,
2379,G2379,θυσιαστήριον,thysiastḗrion,altar,:--altar.,23,vi,,bàn thờ,needs_review,
2836,G2836,κοιλία,koilía,belly,":--belly, womb.",23,vi,,bụng,needs_review,
3109,G3109,Μακεδονία,Makedonía,Macedonia,:--Macedonia.,23,vi,,Ma-xê-đoan,needs_review,
3900,G3900,παράπτωμα,paráptōma,trespass,":--fall, fault, offence, sin, trespass.",23,vi,,sự phạm tội,needs_review,
4632,G4632,σκεῦος,skeûos,vessel,":--goods, sail, stuff, vessel.",23,vi,,đồ đựng,needs_review,
5505,G5505,χιλιάς,chiliás,thousand,:--thousand.,23,vi,,ngàn,needs_review,
908,G908,βάπτισμα,báptisma,baptism,:--baptism.,22,vi,,báp-têm,needs_review,
2232,G2232,ἡγεμών,hēgemṓn,governor,":--governor, prince, ruler.",22,vi,,quan tổng đốc,needs_review,
4149,G4149,πλοῦτος,ploûtos,riches,:--riches.,22,vi,,sự giàu có,needs_review,
4892,G4892,συνέδριον,synédrion,council,:--council.,22,vi,,hội đồng,needs_review,
5057,G5057,τελώνης,telṓnēs,publican,:--publican.,22,vi,,người thâu thuế,needs_review,
5506,G5506,χιλίαρχος,chilíarchos,captain,":--(chief, high) captain.",22,vi,,quan cơ,needs_review,
1085,G1085,γένος,génos,kind,":--born, country(-man), diversity,  generation, kind(-red), nation, offspring, stock.",21,vi,,dòng dõi,needs_review,
1319,G1319,διδασκαλία,didaskalía,teaching,":--doctrine,  learning, teaching.",21,vi,,sự dạy dỗ,needs_review,
1543,G1543,ἑκατοντάρχης,hekatontárchēs,centurion,:--centurion.,21,vi,,thầy đội,needs_review,
2268,G2268,Ἡσαΐας,Hēsaḯas,Isaiah,:--Esaias.,21,vi,,Ê-sai,needs_review,
3986,G3986,πειρασμός,peirasmós,temptation,":--temptation, X try.",21,vi,,sự cám dỗ,needs_review,
4127,G4127,πληγή,plēgḗ,plague,":--plague, stripe, wound(-ed).",21,vi,,tai vạ,needs_review,
4633,G4633,σκηνή,skēnḗ,tabernacle,":--habitation, tabernacle.",21,vi,,đền tạm,needs_review,
156,G156,αἰτία,aitía,cause,":--accusation,  case, cause, crime, fault, (wh-)ere(-fore).",20,vi,,nguyên nhân,needs_review,
203,G203,ἀκροβυστία,akrobystía,uncircumcision,":--not  circumcised, uncircumcised (with ), uncircumcision.",20,vi,,sự không cắt bì,needs_review,
684,G684,ἀπώλεια,apṓleia,destruction,":--damnable(-nation), destruction, die, perdition, X  perish, pernicious ways, waste.",20,vi,,sự hư mất,needs_review,
694,G694,ἀργύριον,argýrion,silver,":--money, (piece  of) silver (piece).",20,vi,,bạc,needs_review,
1199,G1199,δεσμόν,desmón,bond,":--band, bond, chain, string.",20,vi,,dây xích,needs_review,
1922,G1922,ἐπίγνωσις,epígnōsis,knowledge,":--(ac-)knowledge(-ing, - ment).",20,vi,,sự nhận biết,needs_review,
2464,G2464,Ἰσαάκ,Isaák,Isaac,:--Isaac.,20,vi,,Y-sác,needs_review,
2486,G2486,ἰχθύς,ichthýs,fish,:--fish.,20,vi,,cá,needs_review,
2842,G2842,κοινωνία,koinōnía,fellowship,":--(to) communicate(-ation),  communion, (contri-)distribution, fellowship.",20,vi,,sự thông công,needs_review,
3142,G3142,μαρτύριον,martýrion,testimony,":--to be testified, testimony, witness.",20,vi,,chứng cớ,needs_review,
5257,G5257,ὑπηρέτης,hypērétēs,servant,":--minister,  officer, servant.",20,vi,,người hầu việc,needs_review,
5273,G5273,ὑποκριτής,hypokritḗs,hypocrite,:--hypocrite.,20,vi,,kẻ giả hình,needs_review,
773,G773,Ἀσία,Asía,Asia,:--Asia.,19,vi,,A-si,needs_review,
988,G988,βλασφημία,blasphēmía,blasphemy,":--blasphemy, evil  speaking, railing.",19,vi,,sự phạm thượng,needs_review,
1092,G1092,γεωργός,geōrgós,husbandman,:--husbandman.,19,vi,,người làm ruộng,needs_review,
1118,G1118,γονεύς,goneús,parent,:--parent.,19,vi,,cha mẹ,needs_review,
1162,G1162,δέησις,déēsis,supplication,":--prayer, request, supplication.",19,vi,,lời cầu xin,needs_review,
1435,G1435,δῶρον,dōron,gift,":--gift, offering.",19,vi,,quà dâng,needs_review,
2873,G2873,κόπος,kópos,labor,":--labour, + trouble,  weariness.",19,vi,,lao khổ,needs_review,
2937,G2937,κτίσις,ktísis,creation,":--building, creation, creature,  ordinance.",19,vi,,sự sáng tạo,needs_review,
3586,G3586,ξύλον,xýlon,wood,":--staff, stocks, tree, wood.",19,vi,,gỗ,needs_review,
4394,G4394,προφητεία,prophēteía,prophecy,":--prophecy,  prophesying.",19,vi,,lời tiên tri,needs_review,
318,G318,ἀνάγκη,anánkē,necessity,":--distress, must needs, (of)  necessity(-sary), needeth, needful.",18,vi,,sự cần thiết,needs_review,
490,G490,Ἀντιόχεια,Antiócheia,Antioch,:--Antioch.,18,vi,,An-ti-ốt,needs_review,
602,G602,ἀποκάλυψις,apokálypsis,revelation,":--appearing, coming, lighten, manifestation, be  revealed, revelation.",18,vi,,Sự mặc thị,needs_review,
2344,G2344,θησαυρός,thēsaurós,treasure,:--treasure.,18,vi,,kho báu,needs_review,
2372,G2372,θυμός,thymós,wrath,":--fierceness, indignation,  wrath.",18,vi,,cơn thạnh nộ,needs_review,
3376,G3376,μήν,mḗn,month,:--month.,18,vi,,tháng,needs_review,
3619,G3619,οἰκοδομή,oikodomḗ,building,":--building, edify(-ication, -ing).",18,vi,,sự gây dựng,needs_review,
4166,G4166,ποιμήν,poimḗn,shepherd,":--shepherd, pastor.",18,vi,,người chăn,needs_review,
4171,G4171,πόλεμος,pólemos,war,":--battle, fight, war.",18,vi,,chiến tranh,needs_review,
4440,G4440,πυλών,pylṓn,gate,":--gate, porch.",18,vi,,cổng,needs_review,
4735,G4735,στέφανος,stéphanos,crown,:--crown.,18,vi,,mão triều thiên,needs_review,
706,G706,ἀριθμός,arithmós,number,:--number.,17,vi,,số,needs_review,
859,G859,ἄφεσις,áphesis,forgiveness,":--deliverance, forgiveness,  liberty, remission.",17,vi,,sự tha thứ,needs_review,
1033,G1033,βρῶμα,brōma,food,":--meat,  victuals.",17,vi,,đồ ăn,needs_review,
2205,G2205,ζῆλος,zēlos,zeal,":--emulation, envy(-ing),  fervent mind, indignation, jealousy, zeal.",17,vi,,lòng sốt sắng,needs_review,
2542,G2542,Καισάρεια,Kaisáreia,Caesarea,:--Cæsarea.,17,vi,,Sê-sa-rê,needs_review,
2923,G2923,κριτής,kritḗs,judge,:--judge.,17,vi,,quan án,needs_review,
4138,G4138,πλήρωμα,plḗrōma,fullness,":--which is put in to  fill up, piece that filled up, fulfilling, full, fulness.",17,vi,,sự đầy dẫy,needs_review,
4491,G4491,ῥίζα,rhíza,root,:--root.,17,vi,,rễ,needs_review,
4569,G4569,Σαῦλος,Saûlos,Saul,:--Saul.,17,vi,,Sau-lơ,needs_review,
5486,G5486,χάρισμα,chárisma,gift,:--(free)  gift.,17,vi,,ân tứ,needs_review,
1062,G1062,γάμος,gámos,wedding,":--marriage, wedding.",16,vi,,hôn lễ,needs_review,
1173,G1173,δεῖπνον,deîpnon,supper,":--feast, supper.",16,vi,,bữa ăn tối,needs_review,
1198,G1198,δέσμιος,désmios,prisoner,":--in bonds, prisoner.",16,vi,,tù nhân,needs_review,
1220,G1220,δηνάριον,dēnárion,denarius,":--pence, penny(-worth).",16,vi,,đơ-ni-ê,needs_review,
2040,G2040,ἐργάτης,ergátēs,worker,":--labourer, worker(-men).",16,vi,,người làm việc,needs_review,
2129,G2129,εὐλογία,eulogía,blessing,":--blessing (a matter of) bounty (X -tifully), fair speech.",16,vi,,phước lành,needs_review,
2310,G2310,θεμέλιος,themélios,foundation,:--foundation.,16,vi,,nền,needs_review,
2462,G2462,ἵππος,híppos,horse,:--horse.,16,vi,,ngựa,needs_review,
2584,G2584,Καπερναούμ,Kapernaoúm,Capernaum,:--Capernaum.,16,vi,,Ca-bê-na-um,needs_review,
2812,G2812,κλέπτης,kléptēs,thief,:--thief.,16,vi,,kẻ trộm,needs_review,
3077,G3077,λύπη,lýpē,sorrow,":--grief, grievous, + grudgingly,  heaviness, sorrow.",16,vi,,buồn rầu,needs_review,
3566,G3566,νυμφίος,nymphíos,bridegroom,:--bridegroom.,16,vi,,chàng rể,needs_review,
3804,G3804,πάθημα,páthēma,suffering,":-- affection,  affliction, motion, suffering.",16,vi,,sự đau khổ,needs_review,
4073,G4073,πέτρα,pétra,rock,:--rock.,16,vi,,đá,needs_review,
4215,G4215,ποταμός,potamós,river,":--flood,  river, stream, water.",16,vi,,sông,needs_review,
4653,G4653,σκοτία,skotía,darkness,:--dark(-ness).,16,vi,,bóng tối,needs_review,
4808,G4808,συκῆ,sykē,fig tree,:--fig tree.,16,vi,,cây vả,needs_review,
4973,G4973,σφραγίς,sphragís,seal,:--seal.,16,vi,,ấn,needs_review,
5059,G5059,τέρας,téras,wonder,:--wonder.,16,vi,,dấu lạ,needs_review,
5160,G5160,τροφή,trophḗ,food,":--food, meat.",16,vi,,đồ ăn,needs_review,
5179,G5179,τύπος,týpos,pattern,":--en-(ex-)ample, fashion, figure,  form, manner, pattern, print.",16,vi,,mẫu,needs_review,
458,G458,ἀνομία,anomía,lawlessness,":--iniquity, X transgress(-ion of) the law, unrighteousness.",15,vi,,sự gian ác,needs_review,
1121,G1121,γράμμα,grámma,letter,":--bill, learning, letter, scripture, writing, written.",15,vi,,chữ,needs_review,
1154,G1154,Δαμασκός,Damaskós,Damascus,:--Damascus.,15,vi,,Đa-mách,needs_review,
1636,G1636,ἐλαία,elaía,olive tree,":--olive (berry, tree).",15,vi,,cây ô-li-ve,needs_review,
2150,G2150,εὐσέβεια,eusébeia,godliness,":--godliness, holiness.",15,vi,,lòng tin kính,needs_review,
2169,G2169,εὐχαριστία,eucharistía,thanksgiving,":--thankfulness, (giving of) thanks(-giving).",15,vi,,sự tạ ơn,needs_review,
2181,G2181,Ἔφεσος,Éphesos,Ephesus,:--Ephesus.,15,vi,,Ê-phê-sô,needs_review,
2359,G2359,θρίξ,thríx,hair,:--hair.,15,vi,,tóc,needs_review,
2446,G2446,Ἰορδάνης,Iordánēs,Jordan,:--Jordan.,15,vi,,Sông Giô-đanh,needs_review,
2818,G2818,κληρονόμος,klēronómos,heir,:--heir.,15,vi,,người kế tự,needs_review,
2976,G2976,Λάζαρος,Lázaros,Lazarus,:--Lazarus.,15,vi,,La-xa-rơ,needs_review,
3027,G3027,λῃστής,lēistḗs,robber,":--robber, thief.",15,vi,,kẻ cướp,needs_review,
3480,G3480,Ναζωραῖος,Nazōraîos,Nazarene,":--Nazarene, of Nazareth.",15,vi,,Người Na-xa-rét,needs_review,
3625,G3625,οἰκουμένη,oikouménē,world,":--earth, world.",15,vi,,thế gian,needs_review,
4625,G4625,σκάνδαλον,skándalon,stumbling block,":--occasion to fall (of stumbling), offence, thing that offends,  stumblingblock.",15,vi,,gây vấp phạm,needs_review,
5007,G5007,τάλαντον,tálanton,talent,:--talent.,15,vi,,ta-lâng,needs_review,
5103,G5103,Τίτος,Títos,Titus,:--Titus.,15,vi,,Tít,needs_review,
5132,G5132,τράπεζα,trápeza,table,":--bank, meat, table.",15,vi,,bàn,needs_review,
5218,G5218,ὑπακοή,hypakoḗ,obedience,":--obedience, (make) obedient, obey(-ing).",15,vi,,sự vâng phục,needs_review,
5528,G5528,χόρτος,chórtos,grass,":--blade, grass, hay.",15,vi,,cỏ,needs_review,
173,G173,ἄκανθα,ákantha,thorn,:--thorn.,14,vi,,gai,needs_review,
910,G910,Βαπτιστής,Baptistḗs,Baptist,:--Baptist.,14,vi,,Giăng Báp-tít,needs_review,
1261,G1261,διαλογισμός,dialogismós,reasoning,":--dispute, doubtful(-ing), imagination,  reasoning, thought.",14,vi,,sự suy luận,needs_review,
1654,G1654,ἐλεημοσύνη,eleēmosýnē,alms,:--alms(-deeds).,14,vi,,bố thí,needs_review,
1763,G1763,ἐνιαυτός,eniautós,year,:--year.,14,vi,,năm,needs_review,
2495,G2495,Ἰωνᾶς,Iōnâs,Jonah,:--Jonas.,14,vi,,Giô-na,needs_review,
2817,G2817,κληρονομία,klēronomía,inheritance,:--inheritance.,14,vi,,cơ nghiệp,needs_review,
3088,G3088,λύχνος,lýchnos,lamp,":--candle, light.",14,vi,,đèn,needs_review,
3115,G3115,μακροθυμία,makrothymía,patience,":--longsuffering, patience.",14,vi,,sự nhịn nhục,needs_review,
3464,G3464,μύρον,mýron,ointment,:--ointment.,14,vi,,dầu thơm,needs_review,
3789,G3789,ὄφις,óphis,serpent,:--serpent.,14,vi,,con rắn,needs_review,
3933,G3933,παρθένος,parthénos,virgin,:--virgin.,14,vi,,trinh nữ,needs_review,
4071,G4071,πετεινόν,peteinón,bird,":--bird,  fowl.",14,vi,,chim,needs_review,
4523,G4523,Σαδδουκαῖος,Saddoukaîos,Sadducee,:--Sadducee.,14,vi,,Sa-đu-sê,needs_review,
4578,G4578,σεισμός,seismós,earthquake,":--earthquake, tempest.",14,vi,,động đất,needs_review,
4621,G4621,σῖτος,sîtos,wheat,":--corn, wheat.",14,vi,,lúa mì,needs_review,
5449,G5449,φύσις,phýsis,nature,":--(man-)kind,  nature(-al).",14,vi,,bản tính,needs_review,
5519,G5519,χοῖρος,choîros,swine,:--swine.,14,vi,,heo,needs_review,
391,G391,ἀναστροφή,anastrophḗ,conduct,:--conversation.,13,vi,,cách ăn ở,needs_review,
406,G406,Ἀνδρέας,Andréas,Andrew,:--Andrew.,13,vi,,Anh-rê,needs_review,
976,G976,βίβλος,bíblos,book,:--book.,13,vi,,sách,needs_review,
1271,G1271,διάνοια,diánoia,mind,":-- imagination, mind,  understanding.",13,vi,,tâm trí,needs_review,
1404,G1404,δράκων,drákōn,dragon,:--dragon.,13,vi,,con rồng,needs_review,
2219,G2219,ζύμη,zýmē,leaven,:--leaven.,13,vi,,men,needs_review,
2326,G2326,θερισμός,therismós,harvest,:--harvest.,13,vi,,mùa gặt,needs_review,
2586,G2586,καπνός,kapnós,smoke,:--smoke.,13,vi,,khói,needs_review,
2819,G2819,κλῆρος,klēros,lot,":--heritage, inheritance, lot, part.",13,vi,,phần cơ nghiệp,needs_review,
3136,G3136,Μάρθα,Mártha,Martha,:--Martha.,13,vi,,Ma-thê,needs_review,
3358,G3358,μέτρον,métron,measure,:-- measure.,13,vi,,cái lường,needs_review,
3814,G3814,παιδίσκη,paidískē,maidservant,":--bondmaid(-woman), damsel, maid(-en).",13,vi,,đầy tớ gái,needs_review,
3862,G3862,παράδοσις,parádosis,tradition,":--ordinance, tradition.",13,vi,,truyền khẩu,needs_review,
4516,G4516,Ῥώμη,Rhṓmē,Rome,:--Rome.,13,vi,,Rô-ma,needs_review,
4609,G4609,Σίλας,Sílas,Silas,:--Silas.,13,vi,,Si-la,needs_review,
5158,G5158,τρόπος,trópos,way,":--(even) as, conversation, (+  like) manner, (+ by any) means, way.",13,vi,,cách,needs_review,
5347,G5347,Φῆστος,Phēstos,Festus,:--Festus.,13,vi,,Phê-tu,needs_review,
5557,G5557,χρυσός,chrysós,gold,:--gold.,13,vi,,vàng,needs_review,
67,G67,Ἀγρίππας,Agríppas,Agrippa,:--Agrippa.,12,vi,,Ạc-ríp-ba,needs_review,
220,G220,ἀλέκτωρ,aléktōr,rooster,:--cock.,12,vi,,gà trống,needs_review,
570,G570,ἀπιστία,apistía,unbelief,:--unbelief.,12,vi,,sự chẳng tin,needs_review,
779,G779,ἀσκός,askós,wineskin,:--bottle.,12,vi,,cái bầu da,needs_review,
833,G833,αὐλή,aulḗ,courtyard,":--court, (sheep-)fold, hall, palace.",12,vi,,sân,needs_review,
897,G897,Βαβυλών,Babylṓn,Babylon,:-- Babylon.,12,vi,,Ba-by-lôn,needs_review,
968,G968,βῆμα,bēma,judgment seat,":--judgment-seat, set (foot) on, throne.",12,vi,,tòa án,needs_review,
1012,G1012,βουλή,boulḗ,counsel,":--+ advise, counsel, will.",12,vi,,ý chỉ,needs_review,
1027,G1027,βροντή,brontḗ,thunder,:--thunder(-ing).,12,vi,,sấm sét,needs_review,
1067,G1067,γέεννα,géenna,hell,:--hell.,12,vi,,hỏa ngục,needs_review,
1119,G1119,γόνυ,góny,knee,:--knee(X -l).,12,vi,,đầu gối,needs_review,
1350,G1350,δίκτυον,díktyon,net,:--net.,12,vi,,lưới,needs_review,
1388,G1388,δόλος,dólos,deceit,":--craft,  deceit, guile, subtilty.",12,vi,,sự dối trá,needs_review,
1485,G1485,ἔθος,éthos,custom,":--custom, manner, be  wont.",12,vi,,thói quen,needs_review,
2199,G2199,Ζεβεδαῖος,Zebedaîos,Zebedee,:--Zebedee.,12,vi,,Xê-bê-đê,needs_review,
2381,G2381,Θωμᾶς,Thōmâs,Thomas,:--Thomas.,12,vi,,Thô-ma,needs_review,
2563,G2563,κάλαμος,kálamos,reed,":--pen, reed.",12,vi,,cây sậy,needs_review,
2746,G2746,καύχησις,kaúchēsis,boasting,":--boasting, whereof I may glory, glorying,  rejoicing.",12,vi,,sự khoe mình,needs_review,
2895,G2895,κράββατος,krábbatos,bed,:--bed.,12,vi,,cái giường,needs_review,
2904,G2904,κράτος,krátos,power,":--dominion, might(-ily), power, strength.",12,vi,,quyền năng,needs_review,
3042,G3042,λιμός,limós,famine,":--dearth, famine, hunger.",12,vi,,nạn đói,needs_review,
3087,G3087,λυχνία,lychnía,lampstand,:--candlestick.,12,vi,,chân đèn,needs_review,
3094,G3094,Μαγδαληνή,Magdalēnḗ,Magdalene,:--Magdalene.,12,vi,,Ma-đơ-len,needs_review,
3554,G3554,νόσος,nósos,disease,":--disease, infirmity, sickness.",12,vi,,bệnh,needs_review,
3599,G3599,ὀδούς,odoús,tooth,:--tooth.,12,vi,,răng,needs_review,
3617,G3617,οἰκοδεσπότης,oikodespótēs,householder,":--goodman (of the house),  householder, master of the house.",12,vi,,chủ nhà,needs_review,
3705,G3705,ὅραμα,hórama,vision,":--sight, vision.",12,vi,,sự hiện thấy,needs_review,
4077,G4077,πηγή,pēgḗ,spring,":--fountain, well.",12,vi,,suối,needs_review,
4204,G4204,πόρνη,pórnē,prostitute,":--harlot,  whore.",12,vi,,gái điếm,needs_review,
4240,G4240,πραΰτης,praÿtēs,meekness,:--meekness.,12,vi,,sự nhu mì,needs_review,
4286,G4286,πρόθεσις,próthesis,purpose,":--purpose, shew(-bread).",12,vi,,mục đích,needs_review,
4454,G4454,πῶλος,pōlos,colt,:--colt.,12,vi,,lừa con,needs_review,
4464,G4464,ῥάβδος,rhábdos,rod,":--rod, sceptre, staff.",12,vi,,gậy,needs_review,
4672,G4672,Σολομών,Solomṓn,Solomon,:--Solomon.,12,vi,,Sa-lô-môn,needs_review,
4710,G4710,σπουδή,spoudḗ,diligence,":--business, (earnest) care(-fulness), diligence,  forwardness, haste.",12,vi,,sự siêng năng,needs_review,
5357,G5357,φιάλη,phiálē,bowl,:--vial.,12,vi,,cái bát,needs_review,
58,G58,ἀγορά,agorá,marketplace,":--market(-place), street.",11,vi,,chợ,needs_review,
86,G86,ᾅδης,háidēs,Hades,":--grave, hell.",11,vi,,Âm phủ,needs_review,
254,G254,ἅλυσις,hálysis,chain,":--bonds, chain.",11,vi,,xiềng,needs_review,
367,G367,Ἀνανίας,Ananías,Ananias,:--Ananias.,11,vi,,A-na-nia,needs_review,
882,G882,Ἀχαΐα,Achaḯa,Achaia,:--Achaia.,11,vi,,A-chai,needs_review,
912,G912,Βαραββᾶς,Barabbâs,Barabbas,:--Barabbas.,11,vi,,Ba-ra-ba,needs_review,
963,G963,Βηθανία,Bēthanía,Bethany,:--Bethany.,11,vi,,Bê-tha-ni,needs_review,
979,G979,βίος,bíos,living,":--good, life, living.",11,vi,,đời sống,needs_review,
1035,G1035,βρῶσις,brōsis,food,":--eating,  food, meat.",11,vi,,thức ăn,needs_review,
1057,G1057,Γαλιλαῖος,Galilaîos,Galilean,":--Galilean, of Galilee.",11,vi,,người Ga-li-lê,needs_review,
1144,G1144,δάκρυ,dákry,tear,:--tear.,11,vi,,nước mắt,needs_review,
1431,G1431,δωρεά,dōreá,gift,:--gift.,11,vi,,quà tặng,needs_review,
1497,G1497,εἴδωλον,eídōlon,idol,:--idol.,11,vi,,thần tượng,needs_review,
1637,G1637,ἔλαιον,élaion,oil,:--oil.,11,vi,,dầu,needs_review,
1657,G1657,ἐλευθερία,eleuthería,freedom,:--liberty.,11,vi,,tự do,needs_review,
1868,G1868,ἔπαινος,épainos,praise,:--praise.,11,vi,,lời khen ngợi,needs_review,
2197,G2197,Ζαχαρίας,Zacharías,Zacharias,:--Zacharias.,11,vi,,Xa-cha-ri,needs_review,
2469,G2469,Ἰσκαριώτης,Iskariṓtēs,Iscariot,:--Iscariot.,11,vi,,Iscariốt,needs_review,
2479,G2479,ἰσχύς,ischýs,strength,":--ability, might(-ily),  power, strength.",11,vi,,sức mạnh,needs_review,
2549,G2549,κακία,kakía,malice,":--evil, malice(-iousness),  naughtiness, wickedness.",11,vi,,sự độc ác,needs_review,
2602,G2602,καταβολή,katabolḗ,foundation,":--conceive, foundation.",11,vi,,sự sáng lập,needs_review,
2745,G2745,καύχημα,kaúchēma,boasting,":--boasting, (whereof) to glory (of), glorying,  rejoice(-ing).",11,vi,,sự khoe mình,needs_review,
2768,G2768,κέρας,kéras,horn,:--horn.,11,vi,,sừng,needs_review,
2798,G2798,κλάδος,kládos,branch,:--branch.,11,vi,,nhánh,needs_review,
2821,G2821,κλῆσις,klēsis,calling,:--calling.,11,vi,,sự kêu gọi,needs_review,
3725,G3725,ὅριον,hórion,border,":--border, coast.",11,vi,,biên giới,needs_review,
4229,G4229,πρᾶγμα,prâgma,matter,":--business, matter, thing, work.",11,vi,,việc,needs_review,
4536,G4536,σάλπιγξ,sálpinx,trumpet,:--trump(-et).,11,vi,,kèn,needs_review,
4540,G4540,Σαμάρεια,Samáreia,Samaria,:--Samaria.,11,vi,,Sa-ma-ri,needs_review,
4605,G4605,Σιδών,Sidṓn,Sidon,:--Sidon.,11,vi,,Si-đôn,needs_review,
4698,G4698,σπλάγχνον,splánchnon,affection,":--bowels, inward affection, +  tender mercy.",11,vi,,lòng thương xót,needs_review,
5184,G5184,Τύρος,Týros,Tyre,:--Tyre.,11,vi,,Ty-rơ,needs_review,
5509,G5509,χιτών,chitṓn,tunic,":--clothes, coat, garment.",11,vi,,áo dài,needs_review,
5578,G5578,ψευδοπροφήτης,pseudoprophḗtēs,false prophet,:--false prophet.,11,vi,,tiên tri giả,needs_review,
38,G38,ἁγιασμός,hagiasmós,sanctification,":--holiness, sanctification.",10,vi,,sự nên thánh,needs_review,
167,G167,ἀκαθαρσία,akatharsía,uncleanness,:--uncleanness.,10,vi,,sự ô uế,needs_review,
395,G395,ἀνατολή,anatolḗ,east,":--dayspring, east, rising.",10,vi,,phương đông,needs_review,
625,G625,Ἀπολλῶς,Apollōs,Apollos,:--Apollos.,10,vi,,A-bô-lô,needs_review,
629,G629,ἀπολύτρωσις,apolýtrōsis,redemption,":--deliverance, redemption.",10,vi,,sự cứu chuộc,needs_review,
783,G783,ἀσπασμός,aspasmós,greeting,":--greeting, salutation.",10,vi,,lời chào,needs_review,
1203,G1203,δεσπότης,despótēs,master,":--Lord, master.",10,vi,,chủ,needs_review,
1345,G1345,δικαίωμα,dikaíōma,ordinance,":--judgment, justification, ordinance, righteousness.",10,vi,,mạng lịnh,needs_review,
1375,G1375,διωγμός,diōgmós,persecution,:--persecution.,10,vi,,sự bắt bớ,needs_review,
2445,G2445,Ἰόππη,Ióppē,Joppa,:--Joppa.,10,vi,,Gióp-bê,needs_review,
2825,G2825,κλίνη,klínē,bed,":--bed,  table.",10,vi,,giường,needs_review,
2844,G2844,κοινωνός,koinōnós,partner,":--companion, X fellowship,  partaker, partner.",10,vi,,bạn đồng công,needs_review,
2883,G2883,Κορνήλιος,Kornḗlios,Cornelius,:--Cornelius.,10,vi,,Cọt-nây,needs_review,
3041,G3041,λίμνη,límnē,lake,:--lake.,10,vi,,hồ,needs_review,
3495,G3495,νεανίσκος,neanískos,young man,:--young man.,10,vi,,người trai trẻ,needs_review,
3623,G3623,οἰκονόμος,oikonómos,steward,":--chamberlain, governor, steward.",10,vi,,quản gia,needs_review,
3727,G3727,ὅρκος,hórkos,oath,:--oath.,10,vi,,lời thề,needs_review,
3841,G3841,παντοκράτωρ,pantokrátōr,Almighty,":--Almighty, Omnipotent.",10,vi,,Đấng Toàn Năng,needs_review,
3925,G3925,παρεμβολή,parembolḗ,camp,":--army, camp, castle.",10,vi,,trại quân,needs_review,
4058,G4058,περιστερά,peristerá,dove,":--dove, pigeon.",10,vi,,chim bồ câu,needs_review,
4106,G4106,πλάνη,plánē,error,":--deceit, to deceive,  delusion, error.",10,vi,,lầm lạc,needs_review,
4124,G4124,πλεονεξία,pleonexía,greed,":--covetous(-ness) practices, greediness.",10,vi,,lòng tham lam,needs_review,
4205,G4205,πόρνος,pórnos,fornicator,":--fornicator,  whoremonger.",10,vi,,kẻ tà dâm,needs_review,
4439,G4439,πύλη,pýlē,gate,:--gate.,10,vi,,cửa,needs_review,
4670,G4670,Σόδομα,Sódoma,Sodom,:--Sodom.,10,vi,,Sô-đôm,needs_review,
4755,G4755,στρατηγός,stratēgós,captain,":--captain, magistrate.",10,vi,,quan thị chánh,needs_review,
4889,G4889,σύνδουλος,sýndoulos,fellow servant,:--fellowservant.,10,vi,,bạn đồng công,needs_review,
5010,G5010,τάξις,táxis,order,:--order.,10,vi,,trật tự,needs_review,
5266,G5266,ὑπόδημα,hypódēma,sandal,:--shoe.,10,vi,,giày,needs_review,
5408,G5408,φόνος,phónos,murder,":--murder, + be slain  with, slaughter.",10,vi,,sự giết người,needs_review,
5544,G5544,χρηστότης,chrēstótēs,kindness,":--gentleness, good(-ness), kindness.",10,vi,,lòng nhân từ,needs_review,
5564,G5564,χωρίον,chōríon,field,":--field, land, parcel of  ground, place, possession.",10,vi,,ruộng,needs_review,
5583,G5583,ψεύστης,pseústēs,liar,:--liar.,10,vi,,kẻ nói dối,needs_review,
12,G12,ἄβυσσος,ábyssos,abyss,":--deep, (bottomless) pit.",9,vi,,vực sâu,needs_review,
76,G76,Ἀδάμ,Adám,Adam,:--Adam.,9,vi,,A-đam,needs_review,
139,G139,αἵρεσις,haíresis,sect,":--heresy (which is the Greek word itself), sect.",9,vi,,bè phái,needs_review,
752,G752,ἀρχισυνάγωγος,archisynágōgos,synagogue ruler,:--(chief) ruler  of the synagogue.,9,vi,,quản lý nhà hội,needs_review,
766,G766,ἀσέλγεια,asélgeia,licentiousness,":--filthy, lasciviousness, wantonness.",9,vi,,sự buông tuồng,needs_review,
796,G796,ἀστραπή,astrapḗ,lightning,":--lightning, bright shining.",9,vi,,chớp,needs_review,
899,G899,βάθος,báthos,depth,":--deep(-ness, things), depth.",9,vi,,sâu,needs_review,
1064,G1064,γαστήρ,gastḗr,womb,":--belly, + with child, womb.",9,vi,,dạ con,needs_review,
1081,G1081,γέννημα,génnēma,fruit,":--fruit, generation.",9,vi,,con cái,needs_review,
1106,G1106,γνώμη,gnṓmē,mind,":--advice, + agree, judgment, mind,  purpose, will.",9,vi,,ý định,needs_review,
1137,G1137,γωνία,gōnía,corner,":--corner, quarter.",9,vi,,góc,needs_review,
1557,G1557,ἐκδίκησις,ekdíkēsis,vengeance,":--(a-, re-)venge(-ance),  punishment.",9,vi,,báo thù,needs_review,
1665,G1665,Ἐλισάβετ,Elisábet,Elisabeth,:--Elisabeth.,9,vi,,Ê-li-sa-bét,needs_review,
2054,G2054,ἔρις,éris,strife,":--contention, debate, strife, variance.",9,vi,,sự tranh cạnh,needs_review,
2107,G2107,εὐδοκία,eudokía,good pleasure,":--desire, good pleasure (will), X seem good.",9,vi,,đẹp lòng,needs_review,
2475,G2475,Ἰσραηλίτης,Israēlítēs,Israelite,:--Israelite.,9,vi,,người Y-sơ-ra-ên,needs_review,
2533,G2533,Καϊάφας,Kaïáphas,Caiaphas,:--Caiaphas.,9,vi,,Caia-pha,needs_review,
2663,G2663,κατάπαυσις,katápausis,rest,:--rest.,9,vi,,sự yên nghỉ,needs_review,
2794,G2794,κίνδυνος,kíndynos,danger,:--peril.,9,vi,,nguy hiểm,needs_review,
2801,G2801,κλάσμα,klásma,fragment,":--broken, fragment.",9,vi,,mảnh,needs_review,
2805,G2805,κλαυθμός,klauthmós,weeping,":--wailing, weeping, X wept.",9,vi,,khóc lóc,needs_review,
2985,G2985,λαμπάς,lampás,lamp,":--lamp, light, torch.",9,vi,,đèn,needs_review,
3023,G3023,λέων,léōn,lion,:--lion.,9,vi,,sư tử,needs_review,
3135,G3135,μαργαρίτης,margarítēs,pearl,:--pearl.,9,vi,,ngọc châu,needs_review,
3198,G3198,Μελχισεδέκ,Melchisedék,Melchisedec,:--Melchisedec.,9,vi,,Mên-chi-xê-đéc,needs_review,
3414,G3414,μνᾶ,mnâ,mina,:-- pound.,9,vi,,miên,needs_review,
3520,G3520,νῆσος,nēsos,island,":--island, isle.",9,vi,,đảo,needs_review,
4113,G4113,πλατεῖα,plateîa,street,:--street.,9,vi,,đường,needs_review,
4376,G4376,προσφορά,prosphorá,offering,:--offering (up).,9,vi,,của lễ dâng,needs_review,
4541,G4541,Σαμαρείτης,Samareítēs,Samaritan,:--Samaritan.,9,vi,,người Sa-ma-ri,needs_review,
4549,G4549,Σαούλ,Saoúl,Saul,:--Saul.,9,vi,,Sau-lơ,needs_review,
4582,G4582,σελήνη,selḗnē,moon,:--moon.,9,vi,,mặt trăng,needs_review,
4714,G4714,στάσις,stásis,dissension,":--dissension, insurrection, X standing,  uproar.",9,vi,,sự nổi loạn,needs_review,
4749,G4749,στολή,stolḗ,robe,":--long clothing (garment), (long) robe.",9,vi,,áo dài,needs_review,
5038,G5038,τεῖχος,teîchos,wall,:--wall.,9,vi,,tường,needs_review,
5040,G5040,τεκνίον,tekníon,little child,:--little children.,9,vi,,con cái nhỏ,needs_review,
5286,G5286,ὑποπόδιον,hypopódion,footstool,:--footstool.,9,vi,,bệ chân,needs_review,
5303,G5303,ὑστέρημα,hystérēma,lack,":--that which is behind, (that  which was) lack(-ing), penury, want.",9,vi,,sự thiếu thốn,needs_review,
5344,G5344,Φῆλιξ,Phēlix,Felix,:--Felix.,9,vi,,Phê-lít,needs_review,
5355,G5355,φθόνος,phthónos,envy,:--envy.,9,vi,,lòng ghen ghét,needs_review,
5356,G5356,φθορά,phthorá,corruption,":--corruption, destroy, perish.",9,vi,,sự hư nát,needs_review,
5480,G5480,χάραγμα,cháragma,mark,":--graven, mark.",9,vi,,dấu,needs_review,
5553,G5553,χρυσίον,chrysíon,gold,:--gold.,9,vi,,vàng,needs_review,
5579,G5579,ψεῦδος,pseûdos,lie,":--lie, lying.",9,vi,,sự nói dối,needs_review,
34,G34,ἀγέλη,agélē,herd,:--herd.,8,vi,,bầy,needs_review,
217,G217,ἅλας,hálas,salt,:--salt.,8,vi,,muối,needs_review,
288,G288,ἄμπελος,ámpelos,vine,:--vine.,8,vi,,cây nho,needs_review,
536,G536,ἀπαρχή,aparchḗ,firstfruits,:--first-fruits.,8,vi,,trái đầu mùa,needs_review,
572,G572,ἁπλότης,haplótēs,simplicity,":--bountifulness, liberal(-ity), simplicity, singleness.",8,vi,,đơn sơ,needs_review,
627,G627,ἀπολογία,apología,defense,":--answer (for self), clearing  of self, defence.",8,vi,,sự binh vực,needs_review,
861,G861,ἀφθαρσία,aphtharsía,incorruption,":--immortality, incorruption, sincerity.",8,vi,,sự không hư nát,needs_review,
965,G965,Βηθλεέμ,Bēthleém,Bethlehem,:--Bethlehem.,8,vi,,Bết-lê-hem,needs_review,
1016,G1016,βοῦς,boûs,ox,:--ox.,8,vi,,bò,needs_review,
1025,G1025,βρέφος,bréphos,infant,":--babe, (young) child, infant.",8,vi,,trẻ sơ sinh,needs_review,
1147,G1147,δάκτυλος,dáktylos,finger,:--finger.,8,vi,,ngón tay,needs_review,
1407,G1407,δρέπανον,drépanon,sickle,:--sickle.,8,vi,,cái liềm,needs_review,
1742,G1742,ἔνδυμα,éndyma,garment,":--clothing, garment,  raiment.",8,vi,,y phục,needs_review,
1753,G1753,ἐνέργεια,enérgeia,working,":--operation, strong, (effectual)  working.",8,vi,,sự tác động,needs_review,
2066,G2066,ἐσθής,esthḗs,clothing,":--apparel, clothing, raiment, robe.",8,vi,,y phục,needs_review,
2135,G2135,εὐνοῦχος,eunoûchos,eunuch,:--eunuch.,8,vi,,hoạn quan,needs_review,
2215,G2215,ζιζάνιον,zizánion,tares,:--tares.,8,vi,,cỏ lùng,needs_review,
2223,G2223,ζώνη,zṓnē,belt,":--girdle, purse.",8,vi,,dây nịt,needs_review,
2244,G2244,ἡλικία,hēlikía,stature,":--age, stature.",8,vi,,tuổi tác,needs_review,
2782,G2782,κήρυγμα,kḗrygma,preaching,:--preaching.,8,vi,,Sự giảng dạy,needs_review,
2791,G2791,Κιλικία,Kilikía,Cilicia,:--Cilicia.,8,vi,,Ki-li-ki,needs_review,
2877,G2877,κοράσιον,korásion,girl,":--damsel, maid.",8,vi,,con gái,needs_review,
3138,G3138,Μάρκος,Márkos,Mark,":--Marcus, Mark.",8,vi,,Mác,needs_review,
3359,G3359,μέτωπον,métōpon,forehead,:--forehead.,8,vi,,trán,needs_review,
3521,G3521,νηστεία,nēsteía,fast,:-- fast(-ing).,8,vi,,kiêng ăn,needs_review,
3565,G3565,νύμφη,nýmphē,bride,":--bride, daughter in  law.",8,vi,,cô dâu,needs_review,
3575,G3575,Νῶε,Nōe,Noah,:--Noe.,8,vi,,Nô-ê,needs_review,
3622,G3622,οἰκονομία,oikonomía,stewardship,":--dispensation, stewardship.",8,vi,,sự quản trị,needs_review,
3751,G3751,ὀσφῦς,osphŷs,loin,:--loin.,8,vi,,lưng,needs_review,
3968,G3968,πατρίς,patrís,homeland,:--(own) country.,8,vi,,quê hương,needs_review,
4232,G4232,πραιτώριον,praitṓrion,praetorium,":--(common, judgment) hall (of  judgment), palace, prætorium.",8,vi,,dinh quan tổng đốc,needs_review,
4753,G4753,στράτευμα,stráteuma,army,":--army, soldier, man of war.",8,vi,,đạo quân,needs_review,
4824,G4824,συμβούλιον,symboúlion,council,":--consultation, counsel, council.",8,vi,,hội đồng,needs_review,
4947,G4947,Συρία,Syría,Syria,:--Syria.,8,vi,,Sy-ri,needs_review,
4978,G4978,σχίσμα,schísma,division,":--division, rent, schism.",8,vi,,phân rẽ,needs_review,
5034,G5034,τάχος,táchos,speed,":--+ quickly, + shortly, + speedily.",8,vi,,sự mau chóng,needs_review,
5236,G5236,ὑπερβολή,hyperbolḗ,surpassing,":--abundance, (far more) exceeding, excellency, more  excellent, beyond (out of) measure.",8,vi,,sự vượt quá,needs_review,
109,G109,ἀήρ,aḗr,air,:--air.,7,vi,,không khí,needs_review,
539,G539,ἀπάτη,apátē,deceit,":--deceit(-ful, -fulness), deceivableness(-ving).",7,vi,,sự lừa dối,needs_review,
543,G543,ἀπείθεια,apeítheia,disobedience,":--disobedience,  unbelief.",7,vi,,sự không vâng phục,needs_review,
819,G819,ἀτιμία,atimía,dishonor,":--dishonour, reproach, shame, vile.",7,vi,,sự sỉ nhục,needs_review,
874,G874,ἀφορμή,aphormḗ,occasion,:--occasion.,7,vi,,cơ hội,needs_review,
1030,G1030,βρυγμός,brygmós,gnashing,:--gnashing.,7,vi,,nghiến răng,needs_review,
1382,G1382,δοκιμή,dokimḗ,proof,":--experience(-riment), proof, trial.",7,vi,,thử nghiệm,needs_review,
1430,G1430,δῶμα,dōma,housetop,:--housetop.,7,vi,,nóc nhà,needs_review,
1496,G1496,εἰδωλολάτρης,eidōlolátrēs,idolater,:--idolater.,7,vi,,kẻ thờ hình tượng,needs_review,
1589,G1589,ἐκλογή,eklogḗ,election,":--chosen,  election.",7,vi,,sự lựa chọn,needs_review,
1611,G1611,ἔκστασις,ékstasis,trance,":--+ be amazed, amazement, astonishment, trance.",7,vi,,sự ngất trí,needs_review,
1985,G1985,ἐπίσκοπος,epískopos,overseer,":--bishop, overseer.",7,vi,,giám mục,needs_review,
1988,G1988,ἐπιστάτης,epistátēs,master,:--master.,7,vi,,Thầy,needs_review,
2003,G2003,ἐπιταγή,epitagḗ,command,":--authority, commandment.",7,vi,,mạng lịnh,needs_review,
2052,G2052,ἐριθεία,eritheía,strife,":--contention(-ious), strife.",7,vi,,tranh cạnh,needs_review,
2207,G2207,ζηλωτής,zēlōtḗs,zealot,:--zealous.,7,vi,,người sốt sắng,needs_review,
2303,G2303,θεῖον,theîon,brimstone,:--brimstone.,7,vi,,lưu huỳnh,needs_review,
2351,G2351,θόρυβος,thórybos,uproar,":--tumult, uproar.",7,vi,,sự hỗn loạn,needs_review,
2395,G2395,ἰατρός,iatrós,physician,:--physician.,7,vi,,thầy thuốc,needs_review,
2410,G2410,Ἱεριχώ,Hierichṓ,Jericho,:--Jericho.,7,vi,,Giê-ri-cô,needs_review,
2448,G2448,Ἰουδά,Ioudá,Judah,:--Judah.,7,vi,,Giu-đa,needs_review,
2500,G2500,Ἰωσῆς,Iōsēs,Joses,:--Joses.,7,vi,,Giô-sê,needs_review,
2512,G2512,καθαρισμός,katharismós,purification,":--cleansing, + purge, purification(-fying).",7,vi,,sự tẩy sạch,needs_review,
2725,G2725,κατήγορος,katḗgoros,accuser,:--accuser.,7,vi,,kẻ cáo,needs_review,
2848,G2848,κόκκος,kókkos,grain,":--corn, grain.",7,vi,,hột,needs_review,
2882,G2882,Κόρινθος,Kórinthos,Corinth,:--Corinth.,7,vi,,Cô-rinh-tô,needs_review,
2945,G2945,κύκλῳ,kýklōi,round about,:--round about.,7,vi,,vòng quanh,needs_review,
3402,G3402,μιμητής,mimētḗs,imitator,:--follower.,7,vi,,kẻ bắt chước,needs_review,
3417,G3417,μνεία,mneía,remembrance,":--mention,  remembrance.",7,vi,,sự nhắc đến,needs_review,
3418,G3418,μνῆμα,mnēma,tomb,":--grave, sepulchre, tomb.",7,vi,,mộ,needs_review,
3428,G3428,μοιχαλίς,moichalís,adulteress,":--adulteress(-ous, -y).",7,vi,,người đàn bà ngoại tình,needs_review,
3461,G3461,μυριάς,myriás,myriad,:--ten thousand.,7,vi,,vạn,needs_review,
3558,G3558,νότος,nótos,south,:--south (wind).,7,vi,,phương nam,needs_review,
3690,G3690,ὄξος,óxos,vinegar,:--vinegar.,7,vi,,giấm,needs_review,
3781,G3781,ὀφειλέτης,opheilétēs,debtor,":--debtor, which owed, sinner.",7,vi,,con nợ,needs_review,
3847,G3847,παράβασις,parábasis,transgression,":--breaking, transgression.",7,vi,,sự phạm pháp,needs_review,
4189,G4189,πονηρία,ponēría,wickedness,":--iniquity, wickedness.",7,vi,,sự gian ác,needs_review,
4392,G4392,πρόφασις,próphasis,pretense,":--cloke, colour, pretence, show.",7,vi,,cớ,needs_review,
4501,G4501,ῥομφαία,rhomphaía,sword,:--sword.,7,vi,,gươm,needs_review,
4622,G4622,Σιών,Siṓn,Zion,:--Sion.,7,vi,,Si-ôn,needs_review,
4639,G4639,σκιά,skiá,shadow,:-- shadow.,7,vi,,bóng,needs_review,
4686,G4686,σπεῖρα,speîra,cohort,:--band.,7,vi,,cơ đội,needs_review,
4736,G4736,Στέφανος,Stéphanos,Stephen,:--Stephen.,7,vi,,Ê-tiên,needs_review,
4747,G4747,στοιχεῖον,stoicheîon,rudiment,":--element, principle, rudiment.",7,vi,,nguyên lý,needs_review,
4826,G4826,Συμεών,Symeṓn,Simeon,":--Simeon, Simon.",7,vi,,Si-mê-ôn,needs_review,
4907,G4907,σύνεσις,sýnesis,understanding,":--knowledge, understanding.",7,vi,,sự hiểu biết,needs_review,
5012,G5012,ταπεινοφροσύνη,tapeinophrosýnē,humility,":--humbleness of mind, humility (of mind, loneliness (of  mind).",7,vi,,khiêm nhường,needs_review,
5028,G5028,τάφος,táphos,tomb,":--sepulchre,  tomb.",7,vi,,mồ mả,needs_review,
5137,G5137,τράχηλος,tráchēlos,neck,:--neck.,7,vi,,cổ,needs_review,
5272,G5272,ὑπόκρισις,hypókrisis,hypocrisy,":--condemnation, dissimulation, hypocrisy.",7,vi,,sự giả hình,needs_review,
5370,G5370,φίλημα,phílēma,kiss,:--kiss.,7,vi,,cái hôn,needs_review,
5395,G5395,φλόξ,phlóx,flame,:--flame(-ing).,7,vi,,ngọn lửa,needs_review,
5406,G5406,φονεύς,phoneús,murderer,:--murderer.,7,vi,,kẻ giết người,needs_review,
5421,G5421,φρέαρ,phréar,well,":--well, pit.",7,vi,,giếng,needs_review,
5491,G5491,χεῖλος,cheîlos,lip,":--lip, shore.",7,vi,,môi,needs_review,
5536,G5536,χρῆμα,chrēma,money,":--money, riches.",7,vi,,tiền,needs_review,
5568,G5568,ψαλμός,psalmós,psalm,:--psalm.,7,vi,,thi thiên,needs_review,
5603,G5603,ᾠδή,ōidḗ,song,:--song.,7,vi,,bài hát,needs_review,
73,G73,ἀγών,agṓn,contest,":--conflict, contention, fight, race.",6,vi,,cuộc chiến,needs_review,
123,G123,αἰγιαλός,aigialós,shore,:--shore.,6,vi,,bờ biển,needs_review,
152,G152,αἰσχύνη,aischýnē,shame,":--dishonesty,  shame.",6,vi,,xấu hổ,needs_review,
206,G206,ἄκρον,ákron,tip,":--one end… other, tip, top, uttermost participle",6,vi,,đầu,needs_review,
207,G207,Ἀκύλας,Akýlas,Aquila,:--Aquila.,6,vi,,A-qui-la,needs_review,
223,G223,Ἀλέξανδρος,Aléxandros,Alexander,:--Alexander.,6,vi,,A-léc-xan-đơ,needs_review,
331,G331,ἀνάθεμα,anáthema,curse,":--accused, anathema, curse, X great.",6,vi,,lời nguyền rủa,needs_review,
596,G596,ἀποθήκη,apothḗkē,barn,":--barn, garner.",6,vi,,kho chứa,needs_review,
763,G763,ἀσέβεια,asébeia,ungodliness,:--ungodly(-liness).,6,vi,,sự vô đạo,needs_review,
922,G922,βάρος,báros,burden,":--burden(-some), weight.",6,vi,,gánh nặng,needs_review,
929,G929,βασανισμός,basanismós,torment,:--torment.,6,vi,,sự đau đớn,needs_review,
946,G946,βδέλυγμα,bdélygma,abomination,:--abomination.,6,vi,,điều gớm ghiếc,needs_review,
954,G954,Βεελζεβούλ,Beelzeboúl,Beelzebul,:--Beelzebub.,6,vi,,Bê-ên-xê-bun,needs_review,
1258,G1258,διάλεκτος,diálektos,language,":--language, tongue.",6,vi,,ngôn ngữ,needs_review,
1312,G1312,διαφθορά,diaphthorá,corruption,:--corruption.,6,vi,,sự hư nát,needs_review,
1385,G1385,δοκός,dokós,beam,:--beam.,6,vi,,cây đà,needs_review,
2015,G2015,ἐπιφάνεια,epipháneia,appearing,":--appearing, brightness.",6,vi,,Sự hiện ra,needs_review,
2039,G2039,ἐργασία,ergasía,profit,":--craft,  diligence, gain, work.",6,vi,,lợi,needs_review,
2189,G2189,ἔχθρα,échthra,enmity,":--enmity, hatred.",6,vi,,thù nghịch,needs_review,
2214,G2214,ζήτησις,zḗtēsis,controversy,:--question.,6,vi,,sự tranh luận,needs_review,
2218,G2218,ζυγός,zygós,yoke,":--pair  of balances, yoke.",6,vi,,cái ách,needs_review,
2266,G2266,Ἡρωδιάς,Hērōdiás,Herodias,:--Herodias.,6,vi,,Hê-rô-đia,needs_review,
2331,G2331,Θεσσαλονικεύς,Thessalonikeús,Thessalonian,:--Thessalonian.,6,vi,,người Tê-sa-lô-ni-ca,needs_review,
2368,G2368,θυμίαμα,thymíama,incense,":--incense, odour.",6,vi,,trầm hương,needs_review,
2430,G2430,Ἰκόνιον,Ikónion,Iconium,:--Iconium.,6,vi,,I-cô-ni,needs_review,
2441,G2441,ἱματισμός,himatismós,clothing,":--apparel (X -led), array, raiment, vesture.",6,vi,,y phục,needs_review,
2574,G2574,κάμηλος,kámēlos,camel,:--camel.,6,vi,,lạc đà,needs_review,
2595,G2595,κάρφος,kárphos,speck,:--mote.,6,vi,,cái rác,needs_review,
2665,G2665,καταπέτασμα,katapétasma,veil,:--vail.,6,vi,,màn,needs_review,
2671,G2671,κατάρα,katára,curse,":--curse(-d,  ing).",6,vi,,lời nguyền rủa,needs_review,
2786,G2786,Κηφᾶς,Kēphâs,Cephas,:--Cephas.,6,vi,,Sê-pha,needs_review,
2787,G2787,κιβωτός,kibōtós,ark,:--ark.,6,vi,,hòm,needs_review,
2807,G2807,κλείς,kleís,key,:--key.,6,vi,,chìa khóa,needs_review,
2859,G2859,κόλπος,kólpos,bosom,":--bosom,  creek.",6,vi,,lòng,needs_review,
2894,G2894,κόφινος,kóphinos,basket,:--basket.,6,vi,,cái giỏ,needs_review,
2906,G2906,κραυγή,kraugḗ,cry,":--clamour,  cry(-ing).",6,vi,,tiếng kêu,needs_review,
2956,G2956,Κυρηναῖος,Kyrēnaîos,Cyrenian,":--of Cyrene,  Cyrenian.",6,vi,,người Sy-ren,needs_review,
2993,G2993,Λαοδίκεια,Laodíkeia,Laodicea,:--Laodicea.,6,vi,,La-ô-đi-xê,needs_review,
3009,G3009,λειτουργία,leitourgía,ministry,":--ministration(-try), service.",6,vi,,chức vụ,needs_review,
3074,G3074,λύκος,lýkos,wolf,:--wolf.,6,vi,,chó sói,needs_review,
3082,G3082,Λύστρα,Lýstra,Lystra,:--Lystra.,6,vi,,Lít-trơ,needs_review,
3097,G3097,μάγος,mágos,magi,":--sorcerer, wise man.",6,vi,,thầy bói,needs_review,
3148,G3148,μάστιξ,mástix,scourge,":--plague, scourging.",6,vi,,roi vọt,needs_review,
3308,G3308,μέριμνα,mérimna,anxiety,:--care.,6,vi,,sự lo lắng,needs_review,
3316,G3316,μεσίτης,mesítēs,mediator,:--mediator.,6,vi,,người trung bảo,needs_review,
3448,G3448,μόσχος,móschos,calf,:--calf.,6,vi,,bò con,needs_review,
3482,G3482,Ναθαναήλ,Nathanaḗl,Nathanael,:--Nathanael.,6,vi,,Na-tha-na-ên,needs_review,
3540,G3540,νόημα,nóēma,thought,":--device, mind, thought.",6,vi,,tư tưởng,needs_review,
3667,G3667,ὁμοίωμα,homoíōma,likeness,":--made like to, likeness,  shape, similitude.",6,vi,,hình trạng,needs_review,
3671,G3671,ὁμολογία,homología,confession,":--con- (pro-)fession, professed.",6,vi,,sự xưng nhận,needs_review,
3677,G3677,ὄναρ,ónar,dream,:--dream.,6,vi,,chiêm bao,needs_review,
3688,G3688,ὄνος,ónos,donkey,:--an ass.,6,vi,,lừa,needs_review,
3696,G3696,ὅπλον,hóplon,weapon,":--armour, instrument, weapon.",6,vi,,khí giới,needs_review,
3744,G3744,ὀσμή,osmḗ,fragrance,":--odour, savour.",6,vi,,mùi thơm,needs_review,
3809,G3809,παιδεία,paideía,discipline,":--chastening, chastisement, instruction,  nurture.",6,vi,,sự sửa phạt,needs_review,
3904,G3904,παρασκευή,paraskeuḗ,preparation,:--preparation.,6,vi,,sự sửa soạn,needs_review,
3994,G3994,πενθερά,pentherá,mother-in-law,":--mother in law, wife's mother.",6,vi,,mẹ vợ,needs_review,
4006,G4006,πεποίθησις,pepoíthēsis,confidence,":--confidence,  trust.",6,vi,,lòng tin cậy,needs_review,
4081,G4081,πηλός,pēlós,clay,:--clay.,6,vi,,đất sét,needs_review,
4082,G4082,πήρα,pḗra,bag,:--scrip.,6,vi,,cái túi,needs_review,
4142,G4142,πλοιάριον,ploiárion,boat,":--boat, little (small)  ship.",6,vi,,thuyền,needs_review,
4163,G4163,ποιητής,poiētḗs,doer,"--doer, poet.",6,vi,,người làm,needs_review,
4234,G4234,πρᾶξις,prâxis,deed,":--deed, office, work.",6,vi,,việc làm,needs_review,
4348,G4348,πρόσκομμα,próskomma,stumbling block,":--offence,  stumbling(-block, (-stone)).",6,vi,,chướng ngại vật,needs_review,
4446,G4446,πυρετός,pyretós,fever,:--fever.,6,vi,,cơn sốt,needs_review,
4616,G4616,σινδών,sindṓn,linen,:--(fine) linen (cloth).,6,vi,,vải gai mịn,needs_review,
4693,G4693,σπήλαιον,spḗlaion,cave,":--cave, den.",6,vi,,hang,needs_review,
4712,G4712,στάδιον,stádion,stade,":--furlong, race.",6,vi,,dặm,needs_review,
4930,G4930,συντέλεια,syntéleia,consummation,:--end.,6,vi,,sự kết thúc,needs_review,
5174,G5174,Τρωάς,Trōás,Troas,:--Troas.,6,vi,,Trô-ách,needs_review,
5190,G5190,Τυχικός,Tychikós,Tychicus,:--Tychicus.,6,vi,,Ty-chi-cơ,needs_review,
5205,G5205,ὑετός,hyetós,rain,:--rain.,6,vi,,mưa,needs_review,
5258,G5258,ὕπνος,hýpnos,sleep,:--sleep.,6,vi,,giấc ngủ,needs_review,
5262,G5262,ὑπόδειγμα,hypódeigma,example,":--en-(ex-)ample, pattern.",6,vi,,gương,needs_review,
5311,G5311,ὕψος,hýpsos,height,":--be exalted, height,  (on) high.",6,vi,,cao,needs_review,
5360,G5360,φιλαδελφία,philadelphía,brotherly love,":--brotherly love (kindness), love of  the brethren.",6,vi,,lòng yêu thương anh em,needs_review,
5375,G5375,Φίλιπποι,Phílippoi,Philippi,:--Philippi.,6,vi,,Thành phố Phi-líp,needs_review,
5444,G5444,φύλλον,phýllon,leaf,:--leaf.,6,vi,,lá,needs_review,
5494,G5494,χειμών,cheimṓn,winter,":--tempest, foul weather,  winter.",6,vi,,mùa đông,needs_review,
2,G2,Ἀαρών,Aarṓn,Aaron,:--Aaron.,5,vi,,A-rôn,needs_review,
20,G20,ἀγαλλίασις,agallíasis,exultation,":--gladness, (exceeding) joy.",5,vi,,sự vui mừng,needs_review,
181,G181,ἀκαταστασία,akatastasía,disorder,":--commotion, confusion, tumult.",5,vi,,rối loạn,needs_review,
231,G231,ἁλιεύς,halieús,fisherman,:--fisher(-man).,5,vi,,ngư phủ,needs_review,
256,G256,Ἀλφαῖος,Alphaîos,Alphaeus,:--Alpheus.,5,vi,,A-phê,needs_review,
285,G285,ἄμμος,ámmos,sand,:--sand.,5,vi,,cát,needs_review,
372,G372,ἀνάπαυσις,anápausis,rest,:--rest.,5,vi,,sự yên nghỉ,needs_review,
425,G425,ἄνεσις,ánesis,relief,":--eased, liberty, rest.",5,vi,,sự yên nghỉ,needs_review,
476,G476,ἀντίδικος,antídikos,adversary,:--adversary.,5,vi,,kẻ nghịch,needs_review,
500,G500,ἀντίχριστος,antíchristos,antichrist,:--antichrist.,5,vi,,Kẻ chống Chúa,needs_review,
696,G696,ἄργυρος,árgyros,silver,:--silver.,5,vi,,bạc,needs_review,
703,G703,ἀρέτη,arétē,virtue,":--praise, virtue.",5,vi,,nhân đức,needs_review,
708,G708,Ἀρίσταρχος,Arístarchos,Aristarchus,:--Aristarchus.,5,vi,,A-ri-xtác,needs_review,
735,G735,Ἄρτεμις,Ártemis,Artemis,:--Diana.,5,vi,,Điana,needs_review,
942,G942,βάτος,bátos,bush,":--bramble, bush.",5,vi,,bụi gai,needs_review,
1049,G1049,γαζοφυλάκιον,gazophylákion,treasury,:--treasury.,5,vi,,két bạc,needs_review,
1050,G1050,Γάϊος,Gáïos,Gaius,:--Gaius.,5,vi,,Gai-út,needs_review,
1051,G1051,γάλα,gála,milk,:--milk.,5,vi,,sữa,needs_review,
1116,G1116,Γόμοῤῥα,Gómorrha,Gomorrah,:--Gomorrha.,5,vi,,Gô-mô-rơ,needs_review,
1142,G1142,δαίμων,daímōn,demon,:--devil.,5,vi,,ma quỷ,needs_review,
1378,G1378,δόγμα,dógma,decree,":--decree, ordinance.",5,vi,,chiếu chỉ,needs_review,
1397,G1397,δουλεία,douleía,bondage,:--bondage.,5,vi,,sự nô lệ,needs_review,
1424,G1424,δυσμή,dysmḗ,west,:--west.,5,vi,,tây,needs_review,
1491,G1491,εἶδος,eîdos,form,":--appearance,  fashion, shape, sight.",5,vi,,hình dạng,needs_review,
1529,G1529,εἴσοδος,eísodos,entrance,":--coming,  enter(-ing) in (to).",5,vi,,sự vào,needs_review,
1713,G1713,ἔμπορος,émporos,merchant,:--merchant.,5,vi,,thương gia,needs_review,
1923,G1923,ἐπιγραφή,epigraphḗ,inscription,:--superscription.,5,vi,,chữ đề,needs_review,
2191,G2191,ἔχιδνα,échidna,viper,:--viper.,5,vi,,rắn lục,needs_review,
2213,G2213,ζήτημα,zḗtēma,question,:--question.,5,vi,,vấn đề,needs_review,
2237,G2237,ἡδονή,hēdonḗ,pleasure,":--lust, pleasure.",5,vi,,khoái lạc,needs_review,
2332,G2332,Θεσσαλονίκη,Thessaloníkē,Thessalonica,:--Thessalonica.,5,vi,,Thê-sa-lô-ni-ca,needs_review,
2382,G2382,θώραξ,thṓrax,breastplate,:--breast-plate.,5,vi,,áo giáp,needs_review,
2394,G2394,Ἰάσων,Iásōn,Jason,:--Jason.,5,vi,,Gia-sôn,needs_review,
2399,G2399,ἰδιώτης,idiṓtēs,unskilled person,":--ignorant, rude, unlearned.",5,vi,,người thường,needs_review,
2421,G2421,Ἰεσσαί,Iessaí,Jesse,:--Jesse.,5,vi,,Gie-sê,needs_review,
2482,G2482,Ἰταλία,Italía,Italy,:--Italy.,5,vi,,Nước Ý,needs_review,
2583,G2583,κανών,kanṓn,rule,":--line, rule.",5,vi,,quy tắc,needs_review,
2759,G2759,κέντρον,kéntron,sting,":--prick,  sting.",5,vi,,nọc,needs_review,
2779,G2779,κῆπος,kēpos,garden,:--garden.,5,vi,,vườn,needs_review,
2861,G2861,κολυμβήθρα,kolymbḗthra,pool,:--pool.,5,vi,,hồ,needs_review,
2868,G2868,κονιορτός,koniortós,dust,:--dust.,5,vi,,bụi,needs_review,
2899,G2899,κράσπεδον,kráspedon,hem,":--border, hem.",5,vi,,viền áo,needs_review,
2914,G2914,Κρήτη,Krḗtē,Crete,:--Crete.,5,vi,,Cơ-rết,needs_review,
2949,G2949,κῦμα,kŷma,wave,:--wave.,5,vi,,sóng,needs_review,
2954,G2954,Κύπρος,Kýpros,Cyprus,:--Cyprus.,5,vi,,Chíp-rơ,needs_review,
2965,G2965,κύων,kýōn,dog,:--dog.,5,vi,,chó,needs_review,
2999,G2999,λατρεία,latreía,worship,:--(divine) service.,5,vi,,sự thờ phượng,needs_review,
3011,G3011,λειτουργός,leitourgós,minister,:--minister(-ed).,5,vi,,người phục vụ,needs_review,
3017,G3017,Λευΐ,Leuḯ,Levi,:--Levi.,5,vi,,Lê-vi,needs_review,
3025,G3025,ληνός,lēnós,winepress,:--winepress.,5,vi,,máy ép rượu,needs_review,
3110,G3110,Μακεδών,Makedṓn,Macedonian,":--of Macedonia, Macedonian.",5,vi,,người Ma-xê-đoan,needs_review,
3156,G3156,Ματθαῖος,Matthaîos,Matthew,:--Matthew.,5,vi,,Ma-thi-ơ,needs_review,
3310,G3310,μερίς,merís,portion,:--part (X -akers).,5,vi,,phần,needs_review,
3454,G3454,μῦθος,mŷthos,myth,:--fable.,5,vi,,chuyện hoang đường,needs_review,
3472,G3472,μωρία,mōría,foolishness,:--foolishness.,5,vi,,sự ngu dại,needs_review,
3494,G3494,νεανίας,neanías,young man,:--young  man.,5,vi,,người trai trẻ,needs_review,
3503,G3503,νεότης,neótēs,youth,:--youth.,5,vi,,tuổi trẻ,needs_review,
3530,G3530,Νικόδημος,Nikódēmos,Nicodemus,:--Nicodemus.,5,vi,,Ni-cô-đem,needs_review,
3595,G3595,ὁδηγός,hodēgós,guide,":--guide, leader.",5,vi,,người dẫn đường,needs_review,
3608,G3608,ὀθόνιον,othónion,linen wrappings,:--linen  clothes.,5,vi,,vải liệm,needs_review,
3628,G3628,οἰκτιρμός,oiktirmós,mercy,:--mercy.,5,vi,,lòng thương xót,needs_review,
3680,G3680,ὀνειδισμός,oneidismós,reproach,:--reproach.,5,vi,,sự sỉ nhục,needs_review,
3747,G3747,ὀστέον,ostéon,bone,:--bone.,5,vi,,xương,needs_review,
3795,G3795,ὀψάριον,opsárion,fish,:--fish.,5,vi,,cá,needs_review,
3803,G3803,παγίς,pagís,snare,:--snare.,5,vi,,cái bẫy,needs_review,
3828,G3828,Παμφυλία,Pamphylía,Pamphylia,:--Pamphylia.,5,vi,,Pam-phi-ly,needs_review,
3834,G3834,πανουργία,panourgía,craftiness,":--(cunning) craftiness, subtilty.",5,vi,,xảo quyệt,needs_review,
3848,G3848,παραβάτης,parabátēs,transgressor,":--breaker, transgress(-or).",5,vi,,kẻ phạm pháp,needs_review,
3852,G3852,παραγγελία,parangelía,command,":--charge, command.",5,vi,,mạng lịnh,needs_review,
3875,G3875,παράκλητος,paráklētos,Advocate,":--advocate, comforter.",5,vi,,Đấng Yên Ủi,needs_review,
3942,G3942,παροιμία,paroimía,proverb,":--parable, proverb.",5,vi,,tục ngữ,needs_review,
3997,G3997,πένθος,pénthos,mourning,":--mourning, sorrow.",5,vi,,sự buồn rầu,needs_review,
4047,G4047,περιποίησις,peripoíēsis,possession,":--obtain(-ing), peculiar, purchased, possession, saving.",5,vi,,sự được rỗi,needs_review,
4051,G4051,περίσσευμα,perísseuma,abundance,":--abundance, that was left,  over and above.",5,vi,,dư dật,needs_review,
4094,G4094,πίναξ,pínax,platter,":--charger, platter.",5,vi,,cái dĩa,needs_review,
4125,G4125,πλευρά,pleurá,side,:--side.,5,vi,,sườn,needs_review,
4167,G4167,ποίμνη,poímnē,flock,":--flock,  fold.",5,vi,,bầy chiên,needs_review,
4168,G4168,ποίμνιον,poímnion,flock,:--flock.,5,vi,,bầy chiên,needs_review,
4209,G4209,πορφύρα,porphýra,purple,:--purple.,5,vi,,màu tía,needs_review,
4252,G4252,Πρίσκιλλα,Prískilla,Priscilla,:--Priscilla.,5,vi,,Bà Bích-sơ,needs_review,
4288,G4288,προθυμία,prothymía,eagerness,":--forwardness of mind,  readiness (of mind), ready (willing) mind.",5,vi,,lòng sốt sắng,needs_review,
4411,G4411,πρωτοκλισία,prōtoklisía,seat of honor,":--chief (highest, uppermost)  room.",5,vi,,chỗ ngồi cao nhất,needs_review,
4420,G4420,πτέρυξ,ptéryx,wing,:--wing.,5,vi,,cánh,needs_review,
4430,G4430,πτῶμα,ptōma,corpse,":--dead body, carcase, corpse.",5,vi,,xác chết,needs_review,
4615,G4615,σίναπι,sínapi,mustard,:--mustard.,5,vi,,cải,needs_review,
4651,G4651,σκορπίος,skorpíos,scorpion,:--scorpion.,5,vi,,bọ cạp,needs_review,
4703,G4703,σπόρος,spóros,seed,:--seed (X sown).,5,vi,,hạt giống,needs_review,
4711,G4711,σπυρίς,spyrís,basket,:--basket.,5,vi,,cái giỏ,needs_review,
4719,G4719,στάχυς,stáchys,ear of grain,:--ear (of corn).,5,vi,,gié lúa,needs_review,
4738,G4738,στῆθος,stēthos,chest,:--breast.,5,vi,,ngực,needs_review,
5156,G5156,τρόμος,trómos,trembling,:--+ tremble(-ing).,5,vi,,run rẩy,needs_review,
5206,G5206,υἱοθεσία,huiothesía,adoption,":--adoption (of children, of sons).",5,vi,,sự làm con nuôi,needs_review,
5287,G5287,ὑπόστασις,hypóstasis,substance,":--confidence, confident, person,  substance.",5,vi,,bản thể,needs_review,
5328,G5328,Φαραώ,Pharaṓ,Pharaoh,:--Pharaoh.,5,vi,,Pha-ra-ôn,needs_review,
5411,G5411,φόρος,phóros,tribute,:--tribute.,5,vi,,thuế,needs_review,
5413,G5413,φορτίον,phortíon,burden,:--burden.,5,vi,,gánh nặng,needs_review,
5445,G5445,φύραμα,phýrama,lump,:--lump.,5,vi,,cục bột,needs_review,
5475,G5475,χαλκός,chalkós,bronze,":--brass, money.",5,vi,,đồng,needs_review,
5621,G5621,ὠτίον,ōtíon,ear,:--ear.,5,vi,,tai,needs_review,
1,G1,Α,A,Alpha,--Alpha.,4,vi,,An-pha,needs_review,
6,G6,Ἄβελ,Ábel,Abel,:--Abel.,4,vi,,A-bên,needs_review,
19,G19,ἀγαθωσύνη,agathōsýnē,goodness,:--goodness.,4,vi,,lòng nhân từ,needs_review,
22,G22,ἄγαμος,ágamos,unmarried,:--unmarried.,4,vi,,người chưa lập gia đình,needs_review,
45,G45,ἄγκυρα,ánkyra,anchor,:--anchor.,4,vi,,cái neo,needs_review,
52,G52,ἄγνοια,ágnoia,ignorance,:--ignorance.,4,vi,,sự ngu dốt,needs_review,
105,G105,ἀετός,aetós,eagle,:--eagle.,4,vi,,chim ưng,needs_review,
116,G116,Ἀθῆναι,Athēnai,Athens,:-- Athens.,4,vi,,A-thên,needs_review,
200,G200,ἀκρίς,akrís,locust,:--locust.,4,vi,,châu chấu,needs_review,
202,G202,ἀκροατής,akroatḗs,hearer,:--hearer.,4,vi,,người nghe,needs_review,
211,G211,ἀλάβαστρον,alábastron,alabaster jar,:--(alabaster) box.,4,vi,,bình ngọc trắng,needs_review,
265,G265,ἁμάρτημα,hamártēma,sin,:--sin.,4,vi,,tội,needs_review,
286,G286,ἀμνός,amnós,lamb,:--lamb.,4,vi,,Chiên Con,needs_review,
364,G364,ἀνάμνησις,anámnēsis,remembrance,:--remembrance (again).,4,vi,,Sự nhắc lại,needs_review,
438,G438,ἄνθος,ánthos,flower,:--flower.,4,vi,,hoa,needs_review,
446,G446,ἀνθύπατος,anthýpatos,proconsul,:--deputy.,4,vi,,quan tổng đốc,needs_review,
452,G452,Ἄννας,Ánnas,Annas,:--Annas.,4,vi,,An-ne,needs_review,
485,G485,ἀντιλογία,antilogía,opposition,":--contradiction,  gainsaying, strife.",4,vi,,sự chống trả,needs_review,
529,G529,ἀπάντησις,apántēsis,meeting,:--meet.,4,vi,,sự gặp gỡ,needs_review,
547,G547,ἀπειλή,apeilḗ,threat,":--X straitly, threatening.",4,vi,,sự hăm dọa,needs_review,
612,G612,ἀπόκρισις,apókrisis,answer,:--answer.,4,vi,,lời đáp,needs_review,
651,G651,ἀποστολή,apostolḗ,apostleship,:--apostleship.,4,vi,,chức vụ sứ đồ,needs_review,
697,G697,Ἄρειος Πάγος,Áreios Págos,Areopagus,":--Areopagus, Mars' Hill.",4,vi,,Hội đồng A-rê-ô-ba,needs_review,
707,G707,Ἀριμαθαία,Arimathaía,Arimathea,:--Arimathæa.,4,vi,,A-ri-ma-thê,needs_review,
716,G716,ἅρμα,hárma,chariot,:--chariot.,4,vi,,xe chiến,needs_review,
747,G747,ἀρχηγός,archēgós,pioneer,":--author, captain, prince.",4,vi,,Đấng khởi nguyên,needs_review,
759,G759,ἄρωμα,árōma,spice,:--(sweet)  spice.,4,vi,,thuốc thơm,needs_review,
798,G798,ἄστρον,ástron,star,:--star.,4,vi,,ngôi sao,needs_review,
877,G877,ἀφροσύνη,aphrosýnē,foolishness,":--folly, foolishly(-ness).",4,vi,,sự ngu dại,needs_review,
905,G905,βαλάντιον,balántion,money bag,":--bag, purse.",4,vi,,túi tiền,needs_review,
909,G909,βαπτισμός,baptismós,washing,":--baptism, washing.",4,vi,,sự rửa,needs_review,
918,G918,Βαρθολομαῖος,Bartholomaîos,Bartholomew,:--Bartholomeus.,4,vi,,Ba-thê-lê-my,needs_review,
938,G938,βασίλισσα,basílissa,queen,:--queen.,4,vi,,nữ vương,needs_review,
958,G958,Βενιαμίν,Beniamín,Benjamin,:--Benjamin.,4,vi,,Bên-gia-min,needs_review,
966,G966,Βηθσαϊδά,Bēthsaïdá,Bethsaida,:--Bethsaida.,4,vi,,Bết-sai-đa,needs_review,
970,G970,βία,bía,violence,:--violence.,4,vi,,bạo lực,needs_review,
974,G974,βιβλιαρίδιον,bibliarídion,little scroll,:--little book.,4,vi,,cuộn sách nhỏ,needs_review,
1053,G1053,Γαλατία,Galatía,Galatia,:--Galatia.,4,vi,,Ga-la-ti,needs_review,
1069,G1069,γείτων,geítōn,neighbor,:--neighbour.,4,vi,,người lân cận,needs_review,
1112,G1112,γογγυσμός,gongysmós,grumbling,":--grudging, murmuring.",4,vi,,lằm bằm,needs_review,
1201,G1201,δεσμωτήριον,desmōtḗrion,prison,:--prison.,4,vi,,ngục,needs_review,
1218,G1218,δῆμος,dēmos,crowd,:--people.,4,vi,,dân chúng,needs_review,
1349,G1349,δίκη,díkē,punishment,":--judgment, punish,  vengeance.",4,vi,,hình phạt,needs_review,
1390,G1390,δόμα,dóma,gift,:--gift.,4,vi,,quà tặng,needs_review,
1466,G1466,ἐγκράτεια,enkráteia,self-control,:--temperance.,4,vi,,tiết độ,needs_review,
1495,G1495,εἰδωλολατρεία,eidōlolatreía,idolatry,:--idolatry.,4,vi,,thờ hình tượng,needs_review,
1732,G1732,ἔνδειξις,éndeixis,proof,":--declare, evident token, proof.",4,vi,,bằng chứng,needs_review,
1761,G1761,ἐνθύμησις,enthýmēsis,thought,":--device, thought.",4,vi,,ý tưởng,needs_review,
1915,G1915,ἐπίβλημα,epíblēma,patch,:--piece.,4,vi,,miếng vá,needs_review,
1917,G1917,ἐπιβουλή,epiboulḗ,plot,:--laying (lying) in wait.,4,vi,,mưu hại,needs_review,
1936,G1936,ἐπίθεσις,epíthesis,laying on,:--laying (putting) on.,4,vi,,sự đặt tay,needs_review,
1984,G1984,ἐπισκοπή,episkopḗ,visitation,":--the office of a ""bishop"",  bishoprick, visitation.",4,vi,,sự thăm viếng,needs_review,
2047,G2047,ἐρημία,erēmía,wilderness,":--desert, wilderness.",4,vi,,đồng vắng,needs_review,
2062,G2062,ἑρπετόν,herpetón,reptile,":--creeping thing, serpent.",4,vi,,loài bò sát,needs_review,
2083,G2083,ἑταῖρος,hetaîros,friend,":--fellow, friend.",4,vi,,bạn,needs_review,
2209,G2209,ζημία,zēmía,loss,":--damage, loss.",4,vi,,tổn hại,needs_review,
2217,G2217,ζόφος,zóphos,darkness,":--blackness, darkness, mist.",4,vi,,tối tăm,needs_review,
2271,G2271,ἡσυχία,hēsychía,quietness,":--quietness, silence.",4,vi,,yên lặng,needs_review,
2322,G2322,θεραπεία,therapeía,healing,":--healing, household.",4,vi,,sự chữa lành,needs_review,
2356,G2356,θρησκεία,thrēskeía,religion,":--religion,  worshipping.",4,vi,,tôn giáo,needs_review,
2363,G2363,Θυάτειρα,Thyáteira,Thyatira,:--Thyatira.,4,vi,,Thi-a-ti-rơ,needs_review,
2377,G2377,θυρωρός,thyrōrós,doorkeeper,":--that kept the door,  porter.",4,vi,,người giữ cửa,needs_review,
2393,G2393,ἴασπις,íaspis,jasper,:--jasper.,4,vi,,ngọc bích,needs_review,
2420,G2420,ἱερωσύνη,hierōsýnē,priesthood,:--priesthood.,4,vi,,chức tế lễ,needs_review,
2438,G2438,ἱμάς,himás,strap,":--latchet, thong.",4,vi,,dây giày,needs_review,
2571,G2571,κάλυμα,kályma,veil,:--vail.,4,vi,,màn che,needs_review,
2575,G2575,κάμινος,káminos,furnace,:--furnace.,4,vi,,lò lửa,needs_review,
2580,G2580,Κανᾶ,Kanâ,Cana,:--Cana.,4,vi,,Ca-na,needs_review,
2627,G2627,κατακλυσμός,kataklysmós,flood,:--flood.,4,vi,,nước lụt,needs_review,
2643,G2643,καταλλαγή,katallagḗ,reconciliation,":--atonement, reconciliation(-ing).",4,vi,,sự hòa giải,needs_review,
2724,G2724,κατηγορία,katēgoría,accusation,:--accusation  (X -ed).,4,vi,,cáo buộc,needs_review,
2778,G2778,κῆνσος,kēnsos,tribute,:--tribute.,4,vi,,thuế,needs_review,
2788,G2788,κιθάρα,kithára,harp,:--harp.,4,vi,,đàn hạc,needs_review,
2814,G2814,κλῆμα,klēma,branch,:--branch.,4,vi,,nhánh,needs_review,
2845,G2845,κοίτη,koítē,bed,":--bed, chambering, X conceive.",4,vi,,giường,needs_review,
2898,G2898,κρανίον,kraníon,skull,":--Calvary, skull.",4,vi,,cái sọ,needs_review,
2933,G2933,κτῆμα,ktēma,possession,:--possession.,4,vi,,của cải,needs_review,
2934,G2934,κτῆνος,ktēnos,beast,:--beast.,4,vi,,thú vật,needs_review,
2938,G2938,κτίσμα,ktísma,creature,:--creature.,4,vi,,vật thọ tạo,needs_review,
2952,G2952,κυνάριον,kynárion,dog,:--dog.,4,vi,,chó con,needs_review,
2963,G2963,κυριότης,kyriótēs,dominion,":--dominion, government.",4,vi,,quyền cai trị,needs_review,
2981,G2981,λαλιά,laliá,speech,":--saying, speech.",4,vi,,lời nói,needs_review,
3001,G3001,λάχανον,láchanon,herb,:--herb.,4,vi,,rau,needs_review,
3003,G3003,λεγεών,legeṓn,legion,:--legion.,4,vi,,quân đội,needs_review,
3014,G3014,λέπρα,lépra,leprosy,:--leprosy.,4,vi,,bệnh phung,needs_review,
3051,G3051,λόγιον,lógion,oracle,:--oracle.,4,vi,,lời phán,needs_review,
3091,G3091,Λώτ,Lṓt,Lot,:--Lot.,4,vi,,Lót,needs_review,
3126,G3126,μαμμωνᾶς,mammōnâs,mammon,:--mammon.,4,vi,,ma-môn,needs_review,
3163,G3163,μάχη,máchē,strife,":--fighting,  strive, striving.",4,vi,,tranh chiến,needs_review,
3192,G3192,μέλι,méli,honey,:--honey.,4,vi,,mật ong,needs_review,
3317,G3317,μεσονύκτιον,mesonýktion,midnight,:--midnight.,4,vi,,nửa đêm,needs_review,
3350,G3350,μετοικεσία,metoikesía,deportation,":--X brought, carried(-ying) away  (in-)to.",4,vi,,đày,needs_review,
3411,G3411,μισθωτός,misthōtós,hireling,":--hired servant, hireling.",4,vi,,người làm thuê,needs_review,
3430,G3430,μοιχεία,moicheía,adultery,:--adultery.,4,vi,,ngoại tình,needs_review,
3432,G3432,μοιχός,moichós,adulterer,:--adulterer.,4,vi,,kẻ tà dâm,needs_review,
3458,G3458,μύλος,mýlos,millstone,:--millstone.,4,vi,,cối xay,needs_review,
3534,G3534,νῖκος,nîkos,victory,:--victory.,4,vi,,sự thắng,needs_review,
3610,G3610,οἰκέτης,oikétēs,servant,:--(household)  servant.,4,vi,,đầy tớ,needs_review,
3639,G3639,ὄλεθρος,ólethros,destruction,:--destruction.,4,vi,,sự hủy diệt,needs_review,
3701,G3701,ὀπτασία,optasía,vision,:--vision.,4,vi,,sự hiện thấy,needs_review,
3706,G3706,ὅρασις,hórasis,sight,":--sight, vision.",4,vi,,sự hiện thấy,needs_review,
3728,G3728,ὁρκωμοσία,horkōmosía,oath,:--oath.,4,vi,,lời thề,needs_review,
3759,G3759,οὐαί,ouaí,woe,":--alas, woe.",4,vi,,khốn,needs_review,
3769,G3769,οὐρά,ourá,tail,:--tail.,4,vi,,đuôi,needs_review,
3800,G3800,ὀψώνιον,opsṓnion,wages,:-- wages.,4,vi,,tiền công,needs_review,
3966,G3966,πατριάρχης,patriárchēs,patriarch,:--patriarch.,4,vi,,tổ phụ,needs_review,
4009,G4009,πέρας,péras,end,":--end, ut-(ter-)most participle",4,vi,,cùng tận,needs_review,
4050,G4050,περισσεία,perisseía,abundance,":--abundance(-ant, (-ly)),  superfluity.",4,vi,,sự dư dật,needs_review,
4083,G4083,πῆχυς,pēchys,cubit,:--cubit.,4,vi,,cubit,needs_review,
4088,G4088,πικρία,pikría,bitterness,:--bitterness.,4,vi,,sự cay đắng,needs_review,
4114,G4114,πλάτος,plátos,breadth,:--breadth.,4,vi,,bề rộng,needs_review,
4123,G4123,πλεονέκτης,pleonéktēs,covetous,:--covetous.,4,vi,,kẻ tham lam,needs_review,
4136,G4136,πληροφορία,plērophoría,assurance,:--(full) assurance.,4,vi,,sự bảo đảm,needs_review,
4194,G4194,Πόντιος,Póntios,Pontius,:--Pontius.,4,vi,,Bô-xơ,needs_review,
4339,G4339,προσήλυτος,prosḗlytos,proselyte,:--proselyte.,4,vi,,người mới theo đạo,needs_review,
4382,G4382,προσωποληψία,prosōpolēpsía,respect of persons,:--respect of persons.,4,vi,,tây vị người,needs_review,
4405,G4405,πρωΐα,prōḯa,early,":--early, morning.",4,vi,,buổi sáng,needs_review,
4410,G4410,πρωτοκαθεδρία,prōtokathedría,chief,":--chief (highest, uppermost) seat.",4,vi,,chỗ ngồi cao nhất,needs_review,
4444,G4444,πύργος,pýrgos,tower,:--tower.,4,vi,,tháp,needs_review,
4505,G4505,ῥύμη,rhýmē,lane,":--lane, street.",4,vi,,đường,needs_review,
4526,G4526,σάκκος,sákkos,sackcloth,:-- sackcloth.,4,vi,,bao nhang,needs_review,
4564,G4564,Σάῤῥα,Sárrha,Sara,":--Sara, Sarah.",4,vi,,Sa-ra,needs_review,
4610,G4610,Σιλουανός,Silouanós,Silvanus,:--Silvanus.,4,vi,,Si-lu-an,needs_review,
4614,G4614,Σινᾶ,Sinâ,Sina,:--Sina.,4,vi,,Si-na,needs_review,
4676,G4676,σουδάριον,soudárion,handkerchief,":--handkerchief, napkin.",4,vi,,khăn,needs_review,
4723,G4723,στείρος,steíros,barren,:--barren.,4,vi,,hiếm muộn,needs_review,
4730,G4730,στενοχωρία,stenochōría,anguish,":--anguish, distress.",4,vi,,sự khốn khổ,needs_review,
4734,G4734,Στεφανᾶς,Stephanâs,Stephanas,:--Stephanas.,4,vi,,Sê-pha-na,needs_review,
4745,G4745,στοά,stoá,porch,:--porch.,4,vi,,hiên cửa,needs_review,
4765,G4765,στρουθίον,strouthíon,sparrow,:--sparrow.,4,vi,,chim sẻ,needs_review,
4769,G4769,στῦλος,stŷlos,pillar,:--pillar.,4,vi,,trụ,needs_review,
4791,G4791,συγκοινωνός,synkoinōnós,companion,":--companion, partake(-r, -r  with).",4,vi,,bạn đồng công,needs_review,
4810,G4810,σῦκον,sŷkon,fig,:--fig.,4,vi,,trái vả,needs_review,
4886,G4886,σύνδεσμος,sýndesmos,band,":--band, bond.",4,vi,,dây ràng buộc,needs_review,
5009,G5009,ταμεῖον,tameîon,secret chamber,":--secret chamber, closet, storehouse.",4,vi,,phòng kín,needs_review,
5014,G5014,ταπείνωσις,tapeínōsis,humiliation,":--humiliation, be made low,  low estate, vile.",4,vi,,sự hèn hạ,needs_review,
5022,G5022,ταῦρος,taûros,bull,":--bull,  ox.",4,vi,,bò đực,needs_review,
5076,G5076,τετράρχης,tetrárchēs,tetrarch,:--tetrarch.,4,vi,,vua chư hầu,needs_review,
5079,G5079,τεχνίτης,technítēs,builder,":--builder,  craftsman.",4,vi,,thợ khéo,needs_review,
5131,G5131,τράγος,trágos,goat,:--goat.,4,vi,,dê đực,needs_review,
5253,G5253,ὑπερῷον,hyperōion,upper chamber,:--upper chamber (room).,4,vi,,phòng cao,needs_review,
5292,G5292,ὑποταγή,hypotagḗ,subjection,:--subjection.,4,vi,,sự phục tùng,needs_review,
5336,G5336,φάτνη,phátnē,manger,":--manager, stall.",4,vi,,máng cỏ,needs_review,
5418,G5418,φραγμός,phragmós,hedge,":--hedge (+ round about), partition.",4,vi,,hàng rào,needs_review,
5427,G5427,φρόνημα,phrónēma,mindset,":--(be, + be carnally, + be  spiritually) mind(-ed).",4,vi,,tư tưởng,needs_review,
5435,G5435,Φρυγία,Phrygía,Phrygia,:--Phrygia.,4,vi,,Phry-gi,needs_review,
5464,G5464,χάλαζα,chálaza,hail,:--hail.,4,vi,,mưa đá,needs_review,
5596,G5596,ψωμίον,psōmíon,sop,:--sop.,4,vi,,miếng bánh nhúng,needs_review,
5598,G5598,Ω,Ō,Omega,:--Omega.,4,vi,,Ô-mê-ga,needs_review,
5604,G5604,ὠδίν,ōdín,pain,":--pain,  sorrow, travail.",4,vi,,cơn đau,needs_review,
5,G5,Ἀββᾶ,Abbâ,Abba,:--Abba.,3,vi,,A-ba,needs_review,
7,G7,Ἀβιά,Abiá,Abia,:--Abia.,3,vi,,A-bi-a,needs_review,
42,G42,ἁγιωσύνη,hagiōsýnē,holiness,:--holiness.,3,vi,,sự thánh khiết,needs_review,
92,G92,ἀδίκημα,adíkēma,evil doing,":--evil doing, iniquity, matter of wrong.",3,vi,,điều gian ác,needs_review,
110,G110,ἀθανασία,athanasía,immortality,:--immortality.,3,vi,,sự bất tử,needs_review,
155,G155,αἴτημα,aítēma,petition,":--petition, request,  required.",3,vi,,lời thỉnh cầu,needs_review,
161,G161,αἰχμαλωσία,aichmalōsía,captivity,:--captivity.,3,vi,,sự bị cầm tù,needs_review,
258,G258,ἀλώπηξ,alṓpēx,fox,:--fox.,3,vi,,con cáo,needs_review,
284,G284,Ἀμιναδάβ,Aminadáb,Aminadab,:--Aminadab.,3,vi,,A-mi-na-đáp,needs_review,
320,G320,ἀνάγνωσις,anágnōsis,reading,:--reading.,3,vi,,đọc,needs_review,
647,G647,ἀποστάσιον,apostásion,divorcement,:--(writing of)  divorcement.,3,vi,,ly dịp,needs_review,
689,G689,Ἀράμ,Arám,Aram,:--Aram.,3,vi,,A-ram,needs_review,
712,G712,ἄριστον,áriston,dinner,:--dinner.,3,vi,,bữa ăn,needs_review,
724,G724,ἁρπαγή,harpagḗ,extortion,":--extortion, ravening, spoiling.",3,vi,,cướp bóc,needs_review,
728,G728,ἀῤῥαβών,arrhabṓn,earnest,:--earnest.,3,vi,,cọc giao ước,needs_review,
755,G755,ἀρχιτρίκλινος,architríklinos,governor of the feast,:--governor  (ruler) of the feast.,3,vi,,quan tọa,needs_review,
803,G803,ἀσφάλεια,aspháleia,certainty,":--certainty, safety.",3,vi,,sự chắc chắn,needs_review,
810,G810,ἀσωτία,asōtía,excess,":--excess, riot.",3,vi,,phóng túng,needs_review,
903,G903,Βαλαάμ,Balaám,Balaam,:--Balaam.,3,vi,,Ba-la-am,needs_review,
931,G931,βάσανος,básanos,torment,:--torment.,3,vi,,sự đau đớn,needs_review,
959,G959,Βερνίκη,Berníkē,Bernice,:--Bernice.,3,vi,,Bê-nít,needs_review,
967,G967,Βηθφαγή,Bēthphagḗ,Bethphage,:--Bethphage.,3,vi,,Bê-tha-ghê,needs_review,
999,G999,βόθυνος,bóthynos,ditch,":--ditch,  pit.",3,vi,,hố,needs_review,
1003,G1003,Βοόζ,Boóz,Booz,:--Booz.,3,vi,,Bô-ô,needs_review,
1023,G1023,βραχίων,brachíōn,arm,:--arm.,3,vi,,cánh tay,needs_review,
1038,G1038,βυρσεύς,byrseús,tanner,:--tanner.,3,vi,,thợ thuộc da,needs_review,
1055,G1055,γαλήνη,galḗnē,calm,:--calm.,3,vi,,sự yên lặng,needs_review,
1058,G1058,Γαλλίων,Gallíōn,Gallio,:--Gallio.,3,vi,,Gáp-li-ôn,needs_review,
1078,G1078,γένεσις,génesis,generation,":--generation,  nature(-ral).",3,vi,,sự sanh ra,needs_review,
1115,G1115,Γολγοθᾶ,Golgothâ,Golgotha,:--Golgotha.,3,vi,,Gô-gô-tha,needs_review,
1117,G1117,γόμος,gómos,burden,":--burden, merchandise.",3,vi,,hàng hóa,needs_review,
1132,G1132,γυμνότης,gymnótēs,nakedness,:--nakedness.,3,vi,,sự trần truồng,needs_review,
1179,G1179,Δεκάπολις,Dekápolis,Decapolis,:--Decapolis.,3,vi,,Đê-ca-bô-lơ,needs_review,
1191,G1191,Δέρβη,Dérbē,Derbe,:--Derbe.,3,vi,,Đẹt-bơ,needs_review,
1200,G1200,δεσμοφύλαξ,desmophýlax,jailor,":--jailor,  keeper of the prison.",3,vi,,cai ngục,needs_review,
1214,G1214,Δημᾶς,Dēmâs,Demas,:--Demas.,3,vi,,Đê-ma,needs_review,
1216,G1216,Δημήτριος,Dēmḗtrios,Demetrius,:--Demetrius.,3,vi,,Đê-mê-triu,needs_review,
1238,G1238,διάδημα,diádēma,crown,:--crown.,3,vi,,mão triều thiên,needs_review,
1243,G1243,διαίρεσις,diaíresis,difference,":--difference,  diversity.",3,vi,,sự khác biệt,needs_review,
1253,G1253,διάκρισις,diákrisis,discernment,":--discern(-ing), disputation.",3,vi,,phân biệt,needs_review,
1290,G1290,διασπορά,diasporá,diaspora,:--(which are) scattered  (abroad).,3,vi,,dân lưu lạc,needs_review,
1293,G1293,διαστολή,diastolḗ,difference,":--difference, distinction.",3,vi,,sự phân biệt,needs_review,
1324,G1324,Δίδυμος,Dídymos,Didymus,:--Didymus.,3,vi,,Đi-đi-mơ,needs_review,
1348,G1348,δικαστής,dikastḗs,judge,:--judge.,3,vi,,quan án,needs_review,
1370,G1370,διχοστασία,dichostasía,division,":--division, sedition.",3,vi,,chia rẽ,needs_review,
1399,G1399,δούλη,doúlē,handmaid,:--handmaid(-en).,3,vi,,đầy tớ gái,needs_review,
1406,G1406,δραχμή,drachmḗ,drachma,:--piece (of  silver).,3,vi,,đồng bạc,needs_review,
1408,G1408,δρόμος,drómos,course,:--course.,3,vi,,đường chạy,needs_review,
1413,G1413,δυνάστης,dynástēs,potentate,":--of great authority, mighty, potentate.",3,vi,,kẻ có quyền thế,needs_review,
1446,G1446,Ἑβραΐς,Hebraḯs,Hebrew,:--Hebrew.,3,vi,,tiếng Hê-bơ-rơ,needs_review,
1505,G1505,εἰλικρίνεια,eilikríneia,sincerity,:--sincerity.,3,vi,,sự thành thật,needs_review,
1662,G1662,Ἐλιακείμ,Eliakeím,Eliakim,:--Eliakim.,3,vi,,Ê-li-a-kim,needs_review,
1668,G1668,ἕλκος,hélkos,sore,:--sore.,3,vi,,vết lở,needs_review,
1675,G1675,Ἑλληνιστής,Hellēnistḗs,Grecian,:--Grecian.,3,vi,,người Hê-lê-nít,needs_review,
1778,G1778,ἔνταλμα,éntalma,commandment,:--commandment.,3,vi,,mạng lịnh,needs_review,
1802,G1802,Ἐνώχ,Enṓch,Enoch,:--Enoch.,3,vi,,Hê-nóc,needs_review,
1841,G1841,ἔξοδος,éxodos,decease,":--decease,  departing.",3,vi,,sự chết,needs_review,
1889,G1889,Ἐπαφρᾶς,Epaphrâs,Epaphras,:--Epaphras.,3,vi,,Ê-pháp-ra,needs_review,
2012,G2012,ἐπίτροπος,epítropos,steward,":--steward, tutor.",3,vi,,quản gia,needs_review,
2037,G2037,Ἔραστος,Érastos,Erastus,:--Erastus.,3,vi,,Ê-rát-tu,needs_review,
2050,G2050,ἐρήμωσις,erḗmōsis,desolation,:--desolation.,3,vi,,hoang tàn,needs_review,
2073,G2073,ἑσπέρα,hespéra,evening,:--evening(-tide).,3,vi,,buổi chiều,needs_review,
2074,G2074,Ἐσρώμ,Esrṓm,Hezron,:--Esrom.,3,vi,,Hết-rôn,needs_review,
2099,G2099,εὐαγγελιστής,euangelistḗs,evangelist,:--evangelist.,3,vi,,nhà truyền giáo,needs_review,
2171,G2171,εὐχή,euchḗ,prayer,":--prayer, vow.",3,vi,,lời cầu nguyện,needs_review,
2175,G2175,εὐωδία,euōdía,sweet fragrance,":--sweet savour (smell, -smelling).",3,vi,,mùi thơm,needs_review,
2194,G2194,Ζαβουλών,Zaboulṓn,Zebulun,:--Zabulon.,3,vi,,Sa-bu-lôn,needs_review,
2195,G2195,Ζακχαῖος,Zakchaîos,Zacchæus,:--Zacchæus.,3,vi,,Xa-chê,needs_review,
2216,G2216,Ζοροβάβελ,Zorobábel,Zerubbabel,:--Zorobabel.,3,vi,,Xô-rô-ba-bên,needs_review,
2265,G2265,Ἡρωδιανοί,Hērōdianoí,Herodian,:--Herodians.,3,vi,,phe Hê-rốt,needs_review,
2269,G2269,Ἠσαῦ,Ēsaû,Esau,:--Esau.,3,vi,,Ê-sau,needs_review,
2279,G2279,ἦχος,ēchos,sound,":--fame, sound.",3,vi,,tiếng,needs_review,
2285,G2285,θάμβος,thámbos,amazement,":--X amazed, + astonished, wonder.",3,vi,,sự kinh ngạc,needs_review,
2299,G2299,θεά,theá,goddess,:--goddess.,3,vi,,nữ thần,needs_review,
2302,G2302,θέατρον,théatron,spectacle,":--spectacle, theatre.",3,vi,,rạp hát,needs_review,
2330,G2330,θέρος,théros,summer,:--summer.,3,vi,,mùa hạ,needs_review,
2386,G2386,ἴαμα,íama,healing,:--healing.,3,vi,,sự chữa lành,needs_review,
2392,G2392,ἴασις,íasis,cure,":--cure, heal(-ing).",3,vi,,chữa lành,needs_review,
2408,G2408,Ἱερεμίας,Hieremías,Jeremiah,:--Jeremiah.,3,vi,,Giê-rê-mi,needs_review,
2447,G2447,ἰός,iós,rust,":--poison, rust.",3,vi,,rỉ sét,needs_review,
2459,G2459,Ἰοῦστος,Ioûstos,Justus,:--Justus.,3,vi,,Giúc-tu,needs_review,
2471,G2471,ἰσότης,isótēs,equality,:--equal(-ity).,3,vi,,sự bằng nhau,needs_review,
2487,G2487,ἴχνος,íchnos,step,:--step.,3,vi,,dấu chân,needs_review,
2506,G2506,καθαίρεσις,kathaíresis,destruction,":--destruction, pulling  down.",3,vi,,sự phá hủy,needs_review,
2515,G2515,καθέδρα,kathédra,seat,:--seat.,3,vi,,ghế,needs_review,
2519,G2519,καθηγητής,kathēgētḗs,teacher,:--master.,3,vi,,thầy,needs_review,
2535,G2535,Κάϊν,Káïn,Cain,:--Cain.,3,vi,,Ca-in,needs_review,
2631,G2631,κατάκριμα,katákrima,condemnation,:--condemnation.,3,vi,,sự định tội,needs_review,
2646,G2646,κατάλυμα,katályma,guest room,":-- guestchamber, inn.",3,vi,,phòng khách,needs_review,
2742,G2742,καύσων,kaúsōn,burning heat,:--(burning) heat.,3,vi,,nắng gắt,needs_review,
2747,G2747,Κεγχρεαί,Kenchreaí,Cenchrea,:--Cencrea.,3,vi,,Cencre,needs_review,
2760,G2760,κεντυρίων,kentyríōn,centurion,:--centurion.,3,vi,,đội trưởng,needs_review,
2763,G2763,κεραμεύς,kerameús,potter,:--potter.,3,vi,,thợ gốm,needs_review,
2771,G2771,κέρδος,kérdos,gain,":--gain,  lucre.",3,vi,,lợi,needs_review,
2783,G2783,κῆρυξ,kēryx,preacher,:--preacher.,3,vi,,người rao giảng,needs_review,
2804,G2804,Κλαύδιος,Klaúdios,Claudius,:--Claudius.,3,vi,,Clau-đia,needs_review,
2824,G2824,κλίμα,klíma,region,":--part, region.",3,vi,,miền,needs_review,
2855,G2855,κολλυβιστής,kollybistḗs,money changer,:--(money-)changer.,3,vi,,người đổi bạc,needs_review,
2892,G2892,κουστωδία,koustōdía,watch,:--watch.,3,vi,,lính canh,needs_review,
2911,G2911,κρημνός,krēmnós,steep place,:--steep place.,3,vi,,vách đứng,needs_review,
2912,G2912,Κρής,Krḗs,Cretan,":--Crete, Cretian.",3,vi,,người Cơ-rết,needs_review,
2922,G2922,κριτήριον,kritḗrion,court,":--to judge, judgment  (seat).",3,vi,,tòa án,needs_review,
2953,G2953,Κύπριος,Kýprios,Cypriot,:--of Cyprus.,3,vi,,người Cơ-rết,needs_review,
2970,G2970,κῶμος,kōmos,revelry,":--revelling, rioting.",3,vi,,sự ăn uống say sưa,needs_review,
2978,G2978,λαῖλαψ,laîlaps,storm,":--storm, tempest.",3,vi,,bão tố,needs_review,
3016,G3016,λεπτόν,leptón,mite,:--mite.,3,vi,,đồng tiền nhỏ,needs_review,
3018,G3018,Λευΐς,Leuḯs,Levi,:--Levi.,3,vi,,Lê-vi,needs_review,
3019,G3019,Λευΐτης,Leuḯtēs,Levite,:--Levite.,3,vi,,người Lê-vi,needs_review,
3040,G3040,λιμήν,limḗn,harbor,:--haven.,3,vi,,bến tàu,needs_review,
3059,G3059,λοιδορία,loidoría,railing,":--railing, reproach(-fully).",3,vi,,chưởi rủa,needs_review,
3061,G3061,λοιμός,loimós,pestilence,:--pestilence(-t).,3,vi,,bệnh dịch,needs_review,
3065,G3065,Λουκᾶς,Loukâs,Luke,":--Lucas, Luke.",3,vi,,Lu-ca,needs_review,
3069,G3069,Λύδδα,Lýdda,Lydda,:--Lydda.,3,vi,,Lý-đa,needs_review,
3079,G3079,Λυσίας,Lysías,Lysias,:--Lysias.,3,vi,,Ly-si,needs_review,
3085,G3085,λύτρωσις,lýtrōsis,redemption,":--+ redeemed, redemption.",3,vi,,sự cứu chuộc,needs_review,
3108,G3108,μακαρισμός,makarismós,blessing,:--blessedness.,3,vi,,phước hạnh,needs_review,
3119,G3119,μαλακία,malakía,disease,:--disease.,3,vi,,bịnh tật,needs_review,
3128,G3128,Μανασσῆς,Manassēs,Manasses,:--Manasses.,3,vi,,Ma-na-se,needs_review,
3149,G3149,μαστός,mastós,breast,:--pap.,3,vi,,vú,needs_review,
3153,G3153,ματαιότης,mataiótēs,vanity,:--vanity.,3,vi,,Sự hư không,needs_review,
3168,G3168,μεγαλειότης,megaleiótēs,majesty,":--magnificence, majesty,  mighty power.",3,vi,,uy nghi,needs_review,
3172,G3172,μεγαλωσύνη,megalōsýnē,majesty,:--majesty.,3,vi,,uy nghi,needs_review,
3175,G3175,μεγιστᾶνες,megistânes,great men,":--great men, lords.",3,vi,,các quan lớn,needs_review,
3178,G3178,μέθη,méthē,drunkenness,:--drunkenness.,3,vi,,say sưa,needs_review,
3321,G3321,μεσουράνημα,mesouránēma,midheaven,:--midst of heaven.,3,vi,,giữa trời,needs_review,
3331,G3331,μετάθεσις,metáthesis,change,":--change, removing, translation.",3,vi,,chuyển dời,needs_review,
3372,G3372,μῆκος,mēkos,length,,3,vi,,chiều dài,needs_review,
3399,G3399,Μίλητος,Mílētos,Miletus,:--Miletus.,3,vi,,Mi-lê,needs_review,
3405,G3405,μισθαποδοσία,misthapodosía,reward,:--recompence of reward.,3,vi,,phần thưởng,needs_review,
3422,G3422,μνημόσυνον,mnēmósynon,memorial,:--memorial.,3,vi,,ký niệm,needs_review,
3426,G3426,μόδιος,módios,bushel,:--bushel.,3,vi,,cái thùng,needs_review,
3444,G3444,μορφή,morphḗ,form,:--form.,3,vi,,hình thể,needs_review,
3449,G3449,μόχθος,móchthos,painfulness,":--painfulness, travail.",3,vi,,khó nhọc,needs_review,
3476,G3476,Ναασσών,Naassṓn,Nahshon,:--Naasson.,3,vi,,Na-ách-son,needs_review,
3492,G3492,ναύτης,naútēs,sailor,":--sailor, shipman.",3,vi,,thủy thủ,needs_review,
3508,G3508,Νεφθαλείμ,Nephthaleím,Naphtali,:--Nephthalim.,3,vi,,Nép-ta-li,needs_review,
3547,G3547,νομοδιδάσκαλος,nomodidáskalos,teacher of law,:--doctor (teacher) of the law.,3,vi,,thầy dạy luật,needs_review,
3559,G3559,νουθεσία,nouthesía,admonition,:--admonition.,3,vi,,khuyên bảo,needs_review,
3567,G3567,νυμφών,nymphṓn,bridechamber,:--bridechamber.,3,vi,,phòng cưới,needs_review,
3646,G3646,ὁλοκαύτωμα,holokaútōma,burnt offering,:--(whole) burnt offering.,3,vi,,của lễ thiêu,needs_review,
3682,G3682,Ὀνήσιμος,Onḗsimos,Onesimus,:--Onesimus.,3,vi,,Ô-nê-sim,needs_review,
3722,G3722,ὄρθρος,órthros,early in the morning,:--early in the morning.,3,vi,,ban sớm,needs_review,
3732,G3732,ὄρνεον,órneon,bird,":--bird, fowl.",3,vi,,chim,needs_review,
3786,G3786,ὄφελος,óphelos,profit,":--advantageth, profit.",3,vi,,lợi,needs_review,
3799,G3799,ὄψις,ópsis,appearance,":--appearance, countenance, face.",3,vi,,diện mạo,needs_review,
3806,G3806,πάθος,páthos,passion,":-- (inordinate)  affection, lust.",3,vi,,dục tình,needs_review,
3807,G3807,παιδαγωγός,paidagōgós,schoolmaster,":-- instructor, schoolmaster.",3,vi,,thầy giáo,needs_review,
3833,G3833,πανοπλία,panoplía,armor,:--all (whole)  armour.,3,vi,,khí giới,needs_review,
3857,G3857,παράδεισος,parádeisos,paradise,:--paradise.,3,vi,,vườn địa đàng,needs_review,
3876,G3876,παρακοή,parakoḗ,disobedience,:--disobedience.,3,vi,,sự không vâng lời,needs_review,
3965,G3965,πατριά,patriá,family,":--family,  kindred, lineage.",3,vi,,dòng họ,needs_review,
3976,G3976,πέδη,pédē,fetter,:--fetter.,3,vi,,xiềng,needs_review,
4005,G4005,πεντηκοστή,pentēkostḗ,Pentecost,:--Pentecost.,3,vi,,Lễ Ngũ Tuần,needs_review,
4011,G4011,Πέργη,Pérgē,Perga,:--Perga.,3,vi,,Bẹt-giê,needs_review,
4109,G4109,πλάξ,pláx,tablet,:--table.,3,vi,,bảng,needs_review,
4144,G4144,πλόος,plóos,voyage,":--course, sailing, voyage.",3,vi,,chuyến đi biển,needs_review,
4177,G4177,πολίτης,polítēs,citizen,:--citizen.,3,vi,,công dân,needs_review,
4192,G4192,πόνος,pónos,pain,:--pain.,3,vi,,sự đau đớn,needs_review,
4213,G4213,πόσις,pósis,drink,:--drink.,3,vi,,đồ uống,needs_review,
4244,G4244,πρεσβυτέριον,presbytérion,elder,":--(estate  of) elder(-s), presbytery.",3,vi,,hội đồng trưởng lão,needs_review,
4246,G4246,πρεσβύτης,presbýtēs,old man,":--aged (man), old man.",3,vi,,người già,needs_review,
4273,G4273,προδότης,prodótēs,betrayer,":--betrayer, traitor.",3,vi,,kẻ phản bội,needs_review,
4297,G4297,προκοπή,prokopḗ,furtherance,":--furtherance, profit.",3,vi,,sự tấn tới,needs_review,
4318,G4318,προσαγωγή,prosagōgḗ,access,:--access.,3,vi,,sự đến gần,needs_review,
4403,G4403,πρύμνα,prýmna,stern,":--hinder part,  stern.",3,vi,,đuôi tàu,needs_review,
4432,G4432,πτωχεία,ptōcheía,poverty,:--poverty.,3,vi,,sự nghèo khó,needs_review,
4451,G4451,πύρωσις,pýrōsis,fiery trial,":--burning, trial.",3,vi,,sự thử thách bởi lửa,needs_review,
4457,G4457,πώρωσις,pṓrōsis,blindness,":--blindness, hardness.",3,vi,,sự cứng lòng,needs_review,
4475,G4475,ῥάπισμα,rhápisma,palm of the hand,":--(+ strike with the) palm of the hand, smite with  the hand.",3,vi,,cái tát,needs_review,
4476,G4476,ῥαφίς,rhaphís,needle,:-- needle.,3,vi,,cây kim,needs_review,
4511,G4511,ῥύσις,rhýsis,flow,:--issue.,3,vi,,sự chảy,needs_review,
4528,G4528,Σαλαθιήλ,Salathiḗl,Salathiel,:--Salathiel.,3,vi,,Sa-la-thi-ên,needs_review,
4533,G4533,Σαλμών,Salmṓn,Salmon,:--Salmon.,3,vi,,Sal-môn,needs_review,
4545,G4545,Σαμουήλ,Samouḗl,Samuel,:--Samuel.,3,vi,,Sa-mu-ên,needs_review,
4554,G4554,Σάρδεις,Sárdeis,Sardis,:--Sardis.,3,vi,,Sạt-đe,needs_review,
4587,G4587,σεμνότης,semnótēs,dignity,":--gravity, honesty.",3,vi,,sự nghiêm trang,needs_review,
4597,G4597,σής,sḗs,moth,:--moth.,3,vi,,con sâu mọt,needs_review,
4611,G4611,Σιλωάμ,Silōám,Siloam,:--Siloam.,3,vi,,Silo-am,needs_review,
4627,G4627,σκάφη,skáphē,boat,:--boat.,3,vi,,thuyền,needs_review,
4628,G4628,σκέλος,skélos,leg,:--leg.,3,vi,,chân,needs_review,
4638,G4638,σκήνωμα,skḗnōma,tabernacle,:-- tabernacle.,3,vi,,đền tạm,needs_review,
4641,G4641,σκληροκαρδία,sklērokardía,hardness of heart,:--hardness of  heart.,3,vi,,lòng cứng cỏi,needs_review,
4663,G4663,σκώληξ,skṓlēx,worm,:--worm.,3,vi,,sâu bọ,needs_review,
4699,G4699,σπόγγος,spóngos,sponge,:--spunge.,3,vi,,bọt biển,needs_review,
4700,G4700,σποδός,spodós,ashes,:--ashes.,3,vi,,tro,needs_review,
4718,G4718,σταφυλή,staphylḗ,grapes,:--grapes.,3,vi,,trái nho,needs_review,
4721,G4721,στέγη,stégē,roof,:--roof.,3,vi,,mái nhà,needs_review,
4772,G4772,συγγένεια,syngéneia,kindred,:--kindred.,3,vi,,bà con,needs_review,
4803,G4803,συζήτησις,syzḗtēsis,disputation,":--disputation(-ting),  reasoning.",3,vi,,sự biện luận,needs_review,
4967,G4967,σφαγή,sphagḗ,slaughter,:--slaughter.,3,vi,,sự giết,needs_review,
4997,G4997,σωφροσύνη,sōphrosýnē,soberness,":--soberness, sobriety.",3,vi,,sự tiết độ,needs_review,
5019,G5019,Ταρσός,Tarsós,Tarsus,:--Tarsus.,3,vi,,Tạc-sơ,needs_review,
5058,G5058,τελώνιον,telṓnion,tax office,:--receipt of custom.,3,vi,,sở thâu thuế,needs_review,
5078,G5078,τέχνη,téchnē,art,":--art, craft, occupation.",3,vi,,nghề,needs_review,
5084,G5084,τήρησις,tḗrēsis,keeping,:--hold.,3,vi,,sự giữ,needs_review,
5085,G5085,Τιβεριάς,Tiberiás,Tiberias,:--Tiberias.,3,vi,,Ti-bê-ri-át,needs_review,
5147,G5147,τρίβος,tríbos,path,:--path.,3,vi,,đường,needs_review,
5161,G5161,Τρόφιμος,Tróphimos,Trophimus,:--Trophimus.,3,vi,,Trophim,needs_review,
5196,G5196,ὕβρις,hýbris,insult,":--harm,  hurt, reproach.",3,vi,,sự sỉ nhục,needs_review,
5201,G5201,ὑδρία,hydría,water jar,:--water-pot.,3,vi,,cái vò,needs_review,
5280,G5280,ὑπόμνησις,hypómnēsis,remembrance,:--remembrance.,3,vi,,sự nhắc nhở,needs_review,
5329,G5329,Φάρες,Pháres,Perez,:--Phares.,3,vi,,Phê-rê,needs_review,
5331,G5331,φαρμακεία,pharmakeía,sorcery,":--sorcery, witchcraft.",3,vi,,phù thủy,needs_review,
5338,G5338,φέγγος,phéngos,light,:--light.,3,vi,,ánh sáng,needs_review,
5384,G5384,φίλος,phílos,friend,:--friend.,3,vi,,bạn,needs_review,
5403,G5403,Φοινίκη,Phoiníkē,Phoenix,":--Phenice, Phenicia.",3,vi,,Phê-nít,needs_review,
5441,G5441,φύλαξ,phýlax,keeper,:--keeper.,3,vi,,kẻ canh giữ,needs_review,
5510,G5510,χιών,chiṓn,snow,:--snow.,3,vi,,tuyết,needs_review,
5545,G5545,χρῖσμα,chrîsma,anointing,":--anointing, unction.",3,vi,,sự xức dầu,needs_review,
5546,G5546,Χριστιανός,Christianós,Christian,:--Christian.,3,vi,,Cơ-đốc nhân,needs_review,
5575,G5575,ψευδομάρτυρ,pseudomártyr,false witness,:--false witness.,3,vi,,người làm chứng dối,needs_review,
5586,G5586,ψῆφος,psēphos,stone,":--stone, voice.",3,vi,,đá,needs_review,
5589,G5589,ψιχίον,psichíon,crumb,:--crumb.,3,vi,,mảnh bánh vụn,needs_review,
5592,G5592,ψύχος,psýchos,cold,:--cold.,3,vi,,lạnh,needs_review,
5601,G5601,Ὠβήδ,Ōbḗd,Obed,:--Obed.,3,vi,,Ô-bết,needs_review,
10,G10,Ἀβιούδ,Abioúd,Abiud,:--Abiud.,2,vi,,A-bi-út,needs_review,
13,G13,Ἄγαβος,Ágabos,Agabus,:--Agabus.,2,vi,,A-gáp,needs_review,
28,G28,Ἄγαρ,Ágar,Hagar,:--Hagar.,2,vi,,A-ga,needs_review,
30,G30,ἀγγεῖον,angeîon,vessel,:--vessel.,2,vi,,bình,needs_review,
47,G47,ἁγνεία,hagneía,purity,:--purity.,2,vi,,sự tinh sạch,needs_review,
56,G56,ἀγνωσία,agnōsía,ignorance,":--ignorance, not the knowledge.",2,vi,,sự ngu dốt,needs_review,
61,G61,ἄγρα,ágra,draught,:--draught.,2,vi,,mẻ lưới,needs_review,
65,G65,ἀγριέλαιος,agriélaios,olive tree wild,:--olive tree (which is) wild.,2,vi,,cây ô-li-ve hoang,needs_review,
70,G70,ἀγρυπνία,agrypnía,watch,:--watch.,2,vi,,sự tỉnh thức,needs_review,
81,G81,ἀδελφότης,adelphótēs,brotherhood,":--brethren, brotherhood.",2,vi,,tình anh em,needs_review,
107,G107,Ἀζώρ,Azṓr,Azor,:--Azorigin,2,vi,,A-xo,needs_review,
115,G115,ἀθέτησις,athétēsis,disannulling,":--disannulling, put  away.",2,vi,,bãi bỏ,needs_review,
127,G127,αἰδώς,aidṓs,reverence,":--reverence, shamefacedness.",2,vi,,lòng kính sợ,needs_review,
128,G128,Αἰθίοψ,Aithíops,Ethiopian,:--Ethiopian.,2,vi,,Ê-thi-ô-bi,needs_review,
132,G132,Αἰνέας,Ainéas,Aeneas,:--Æneas.,2,vi,,A-nê,needs_review,
136,G136,αἶνος,aînos,praise,:--praise.,2,vi,,lời khen ngợi,needs_review,
192,G192,ἀκρασία,akrasía,excess,":--excess, incontinency.",2,vi,,sự quá độ,needs_review,
212,G212,ἀλαζονεία,alazoneía,boasting,":--boasting, pride.",2,vi,,khoe khoang,needs_review,
213,G213,ἀλαζών,alazṓn,boaster,:--boaster.,2,vi,,kẻ khoe khoang,needs_review,
221,G221,Ἀλεξανδρεύς,Alexandreús,of Alexandria,":--of Alexandria, Alexandrian.",2,vi,,người A-léc-xan-đơ,needs_review,
224,G224,ἄλευρον,áleuron,meal,:--meal.,2,vi,,bột mì,needs_review,
257,G257,ἅλων,hálōn,threshing floor,:--floor.,2,vi,,sân đạp lúa,needs_review,
293,G293,ἀμφίβληστρον,amphíblēstron,casting net,:--net.,2,vi,,lưới,needs_review,
300,G300,Ἀμών,Amṓn,Amon,:--Amon.,2,vi,,A-môn,needs_review,
304,G304,ἀναβαθμός,anabathmós,stairs,:--stairs.,2,vi,,thang,needs_review,
336,G336,ἀναίρεσις,anaíresis,death,:--death.,2,vi,,sự chết,needs_review,
342,G342,ἀνακαίνωσις,anakaínōsis,renewing,:--renewing.,2,vi,,sự đổi mới,needs_review,
439,G439,ἀνθρακιά,anthrakiá,coal fire,:--fire of coals.,2,vi,,lửa than,needs_review,
454,G454,ἄνοια,ánoia,folly,":--folly, madness.",2,vi,,sự ngu dại,needs_review,
463,G463,ἀνοχή,anochḗ,forbearance,:--forbearance.,2,vi,,sự nhịn nhục,needs_review,
465,G465,ἀντάλλαγμα,antállagma,exchange,:--in exchange.,2,vi,,vật đổi chác,needs_review,
468,G468,ἀνταπόδομα,antapódoma,recompense,:--recompense.,2,vi,,báo trả,needs_review,
489,G489,ἀντιμισθία,antimisthía,recompense,:--recompense.,2,vi,,báo trả,needs_review,
508,G508,ἀνώγεον,anṓgeon,upper room,:--upper  room.,2,vi,,phòng cao,needs_review,
513,G513,ἀξίνη,axínē,axe,:--axe.,2,vi,,cái rìu,needs_review,
580,G580,ἀποβολή,apobolḗ,casting away,":--casting away, loss.",2,vi,,sự bỏ đi,needs_review,
582,G582,ἀπογραφή,apographḗ,registration,:--taxing.,2,vi,,sự đăng ký,needs_review,
594,G594,ἀποδοχή,apodochḗ,acceptation,:--acceptation.,2,vi,,sự tiếp nhận,needs_review,
595,G595,ἀπόθεσις,apóthesis,putting away,:--putting away  (off).,2,vi,,sự bỏ đi,needs_review,
603,G603,ἀποκαραδοκία,apokaradokía,earnest expectation,:--earnest  expectation.,2,vi,,sự trông đợi,needs_review,
619,G619,ἀπόλαυσις,apólausis,enjoy,:--enjoy(-ment).,2,vi,,sự hưởng thụ,needs_review,
646,G646,ἀποστασία,apostasía,apostasy,":--falling away, forsake.",2,vi,,sự bỏ đạo,needs_review,
663,G663,ἀποτομία,apotomía,severity,:--severity.,2,vi,,sự nghiêm khắc,needs_review,
688,G688,Ἀραβία,Arabía,Arabia,:--Arabia.,2,vi,,Ả-rập,needs_review,
733,G733,ἀρσενοκοίτης,arsenokoítēs,sodomite,:--abuser of (that defile) self with  mankind.,2,vi,,kẻ làm điềm ô uế với loài người,needs_review,
743,G743,ἀρχάγγελος,archángelos,archangel,:--archangel.,2,vi,,thiên sứ trưởng,needs_review,
751,G751,Ἄρχιππος,Árchippos,Archippus,:--Archippus.,2,vi,,A-chíp,needs_review,
760,G760,Ἀσά,Asá,Asa,:--Asa.,2,vi,,A-sa,needs_review,
768,G768,Ἀσήρ,Asḗr,Asher,:--Aser.,2,vi,,A-se,needs_review,
787,G787,ἀσσάριον,assárion,farthing,:--farthing.,2,vi,,đồng xu,needs_review,
789,G789,Ἄσσος,Ássos,Assos,:--Assos.,2,vi,,A-số,needs_review,
808,G808,ἀσχημοσύνη,aschēmosýnē,shame,":--shame, that  which is unseemly.",2,vi,,sự xấu hổ,needs_review,
822,G822,ἀτμίς,atmís,vapour,:--vapour.,2,vi,,hơi,needs_review,
834,G834,αὐλητής,aulētḗs,minstrel,":--minstrel, piper.",2,vi,,kẻ thổi sáo,needs_review,
838,G838,αὔξησις,aúxēsis,increase,:--increase.,2,vi,,sự tăng trưởng,needs_review,
841,G841,αὐτάρκεια,autárkeia,contentment,":--contentment, sufficiency.",2,vi,,sự đầy đủ,needs_review,
856,G856,ἀφεδρών,aphedrṓn,draught,:--draught.,2,vi,,hố xí,needs_review,
860,G860,ἁφή,haphḗ,joint,:--joint.,2,vi,,khớp,needs_review,
881,G881,Ἀχάζ,Acház,Achaz,:--Achaz.,2,vi,,A-cha,needs_review,
883,G883,Ἀχαϊκός,Achaïkós,Achaicus,:--Achaicus.,2,vi,,A-chai-cơ,needs_review,
885,G885,Ἀχείμ,Acheím,Achim,:--Achim.,2,vi,,A-chim,needs_review,
892,G892,ἄχυρον,áchyron,chaff,:--chaff.,2,vi,,trấu,needs_review,
894,G894,ἄψινθος,ápsinthos,wormwood,:--wormwood.,2,vi,,ngải đắng,needs_review,
923,G923,Βαρσαβᾶς,Barsabâs,Barsabas,:--Barsabas.,2,vi,,Barsaba,needs_review,
951,G951,βεβαίωσις,bebaíōsis,confirmation,:--confirmation.,2,vi,,xác nhận,needs_review,
960,G960,Βέροια,Béroia,Berea,:--Berea.,2,vi,,Bê-rê,needs_review,
978,G978,Βιθυνία,Bithynía,Bithynia,:--Bithynia.,2,vi,,Bith-ni-a,needs_review,
996,G996,βοήθεια,boḗtheia,help,:--help.,2,vi,,sự giúp đỡ,needs_review,
1005,G1005,βοῤῥᾶς,borrhâs,north,:--north.,2,vi,,phương bắc,needs_review,
1010,G1010,βουλευτής,bouleutḗs,counsellor,:--counsellor.,2,vi,,nghị viên,needs_review,
1013,G1013,βούλημα,boúlēma,purpose,":--purpose, will.",2,vi,,ý định,needs_review,
1015,G1015,βουνός,bounós,hill,:--hill.,2,vi,,đồi,needs_review,
1017,G1017,βραβεῖον,brabeîon,prize,:--prize.,2,vi,,giải thưởng,needs_review,
1028,G1028,βροχή,brochḗ,rain,:--rain.,2,vi,,mưa,needs_review,
1040,G1040,βύσσος,býssos,fine linen,:--fine linen.,2,vi,,vải gai mịn,needs_review,
1043,G1043,Γαβριήλ,Gabriḗl,Gabriel,:--Gabriel.,2,vi,,Ga-bri-ên,needs_review,
1052,G1052,Γαλάτης,Galátēs,Galatian,:--Galatian.,2,vi,,người Ga-la-ti,needs_review,
1059,G1059,Γαμαλιήλ,Gamaliḗl,Gamaliel,:--Gamaliel.,2,vi,,Ga-ma-li-ên,needs_review,
1068,G1068,Γεθσημανῆ,Gethsēmanē,Gethsemane,:--Gethsemane.,2,vi,,Ghết-sê-ma-nê,needs_review,
1076,G1076,γενεαλογία,genealogía,genealogy,:--genealogy.,2,vi,,gia phổ,needs_review,
1077,G1077,γενέσια,genésia,birthday,:--birthday.,2,vi,,sinh nhật,needs_review,
1082,G1082,Γεννησαρέτ,Gennēsarét,Gennesaret,:--Gennesaret.,2,vi,,Ghê-nê-xa-rết,needs_review,
1083,G1083,γέννησις,génnēsis,birth,:--birth.,2,vi,,sự sanh,needs_review,
1101,G1101,γλωσσόκομον,glōssókomon,bag,:--bag.,2,vi,,cái túi,needs_review,
1158,G1158,Δανιήλ,Daniḗl,Daniel,:--Daniel.,2,vi,,Đa-ni-ên,needs_review,
1202,G1202,δεσμώτης,desmṓtēs,prisoner,:--prisoner.,2,vi,,tù nhân,needs_review,
1296,G1296,διαταγή,diatagḗ,ordinance,:--instrumentality.,2,vi,,mạng lịnh,needs_review,
1323,G1323,δίδραχμον,dídrachmon,tribute,:--tribute.,2,vi,,thuế,needs_review,
1333,G1333,διετία,dietía,two years,:--two years.,2,vi,,hai năm,needs_review,
1347,G1347,δικαίωσις,dikaíōsis,justification,:--justification.,2,vi,,sự xưng công bình,needs_review,
1383,G1383,δοκίμιον,dokímion,trial,":--trial, trying.",2,vi,,thử thách,needs_review,
1393,G1393,Δορκάς,Dorkás,Dorcas,:--Dorcas.,2,vi,,Đô-ca,needs_review,
1394,G1394,δόσις,dósis,gift,":--gift, giving.",2,vi,,sự ban cho,needs_review,
1403,G1403,δοχή,dochḗ,feast,:--feast.,2,vi,,yến tiệc,needs_review,
1434,G1434,δώρημα,dṓrēma,gift,:--gift.,2,vi,,quà tặng,needs_review,
1462,G1462,ἔγκλημα,énklēma,crime laid against,":--crime laid against,  laid to charge.",2,vi,,tội bị cáo buộc,needs_review,
1478,G1478,Ἐζεκίας,Ezekías,Ezekias,:--Ezekias.,2,vi,,Ê-xê-chia,needs_review,
1545,G1545,ἔκβασις,ékbasis,end,":--end, way to escape.",2,vi,,lối thoát,needs_review,
1648,G1648,Ἐλεάζαρ,Eleázar,Eleazar,:--Eleazar.,2,vi,,Ê-lê-a-xa,needs_review,
1650,G1650,ἔλεγχος,élenchos,evidence,":--evidence, reproof.",2,vi,,bằng cớ,needs_review,
1664,G1664,Ἐλιούδ,Elioúd,Eliud,:--Eliud.,2,vi,,Ê-li-út,needs_review,
1674,G1674,Ἑλληνίς,Hellēnís,Greek,:--Greek.,2,vi,,người Gờ-réc,needs_review,
1703,G1703,ἐμπαίκτης,empaíktēs,mocker,":--mocker,  scoffer.",2,vi,,kẻ nhạo báng,needs_review,
1755,G1755,ἐνέργημα,enérgēma,operation,":--operation, working.",2,vi,,sự vận hành,needs_review,
1771,G1771,ἔννοια,énnoia,intent,":--intent, mind.",2,vi,,ý định,needs_review,
1775,G1775,ἑνότης,henótēs,unity,:--unity.,2,vi,,sự hiệp một,needs_review,
1780,G1780,ἐνταφιασμός,entaphiasmós,burying,:--burying.,2,vi,,sự chôn,needs_review,
1783,G1783,ἔντευξις,énteuxis,intercession,":--intercession,  prayer.",2,vi,,sự cầu thay,needs_review,
1791,G1791,ἐντροπή,entropḗ,shame,:--shame.,2,vi,,hổ thẹn,needs_review,
1862,G1862,ἐπάγγελμα,epángelma,promise,:--promise.,2,vi,,lời hứa,needs_review,
1885,G1885,ἐπαρχία,eparchía,province,:--province.,2,vi,,tỉnh,needs_review,
1891,G1891,Ἐπαφρόδιτος,Epaphróditos,Epaphroditus,:--Epaphroditus.,2,vi,,Ê-pháp-rô-đi-tu,needs_review,
1932,G1932,ἐπιείκεια,epieíkeia,clemency,":--clemency, gentleness.",2,vi,,khoan dung,needs_review,
1972,G1972,ἐπιπόθησις,epipóthēsis,earnest desire,:--earnest (vehement) desire.,2,vi,,lòng mong ước thiết tha,needs_review,
1997,G1997,ἐπισυναγωγή,episynagōgḗ,assembling together,:--assembling (gathering) together.,2,vi,,sự nhóm lại,needs_review,
1999,G1999,ἐπισύστασις,episýstasis,that which cometh upon,":--that which cometh upon, +  raising up.",2,vi,,sự nổi dậy,needs_review,
2024,G2024,ἐπιχορηγία,epichorēgía,supply,:--supply.,2,vi,,sự cung ứng,needs_review,
2053,G2053,ἔριον,érion,wool,:--wool.,2,vi,,lông chiên,needs_review,
2056,G2056,ἔριφος,ériphos,goat,":--goat, kid.",2,vi,,dê con,needs_review,
2058,G2058,ἑρμηνεία,hermēneía,interpretation,:--interpretation.,2,vi,,sự giải nghĩa,needs_review,
2060,G2060,Ἑρμῆς,Hermēs,Hermes,":--Hermes, Mercury.",2,vi,,Hẹt-mê,needs_review,
2072,G2072,ἔσοπτρον,ésoptron,mirror,:--glass.,2,vi,,gương,needs_review,
2096,G2096,Εὖα,Eûa,Eve,:--Eve.,2,vi,,Ê-va,needs_review,
2108,G2108,εὐεργεσία,euergesía,benefit,":--benefit, good  deed done.",2,vi,,ơn lành,needs_review,
2120,G2120,εὐκαιρία,eukairía,opportunity,:--opportunity.,2,vi,,cơ hội,needs_review,
2124,G2124,εὐλάβεια,eulábeia,fear,:--fear(-ed).,2,vi,,lòng kính sợ,needs_review,
2133,G2133,εὔνοια,eúnoia,benevolence,":--benevolence, good will.",2,vi,,lòng nhân từ,needs_review,
2166,G2166,Εὐφράτης,Euphrátēs,Euphrates,:--Euphrates.,2,vi,,Ơ-phơ-rát,needs_review,
2167,G2167,εὐφροσύνη,euphrosýnē,gladness,":--gladness, joy.",2,vi,,sự vui mừng,needs_review,
2183,G2183,ἐφημερία,ephēmería,course,:--course.,2,vi,,ban thờ,needs_review,
2201,G2201,ζεῦγος,zeûgos,yoke,":--yoke, pair.",2,vi,,cặp,needs_review,
2203,G2203,Ζεύς,Zeús,Zeus,:--Jupiter.,2,vi,,thần Giu-pi-tê,needs_review,
2238,G2238,ἡδύοσμον,hēdýosmon,mint,:--mint.,2,vi,,bạc hà,needs_review,
2247,G2247,ἧλος,hēlos,nail,:--nail.,2,vi,,cái đinh,needs_review,
2275,G2275,ἥττημα,hḗttēma,diminishing,":--diminishing, fault.",2,vi,,sự thua thiệt,needs_review,
2280,G2280,Θαδδαῖος,Thaddaîos,Thaddaeus,:--Thaddæus.,2,vi,,Tha-đê,needs_review,
2321,G2321,Θεόφιλος,Theóphilos,Theophilus,:--Theophilus.,2,vi,,Thê-ô-phi-lơ,needs_review,
2327,G2327,θεριστής,theristḗs,reaper,:--reaper.,2,vi,,thợ gặt,needs_review,
2365,G2365,θυγάτριον,thygátrion,little daughter,:--little (young) daughter.,2,vi,,con gái nhỏ,needs_review,
2376,G2376,θυρίς,thyrís,window,:--window.,2,vi,,cửa sổ,needs_review,
2383,G2383,Ἰάειρος,Iáeiros,Jairus,:--Jairus.,2,vi,,Giai-ru,needs_review,
2405,G2405,ἱερατεία,hierateía,office of the priesthood,":--office of the  priesthood, priest's office.",2,vi,,chức tế lễ,needs_review,
2406,G2406,ἱεράτευμα,hieráteuma,priesthood,:--priesthood.,2,vi,,chức tế lễ,needs_review,
2415,G2415,Ἱεροσολυμίτης,Hierosolymítēs,of Jerusalem,:--of  Jerusalem.,2,vi,,người Giê-ru-sa-lem,needs_review,
2423,G2423,Ἰεχονίας,Iechonías,Jechonias,:--Jechonias.,2,vi,,Giê-chô-nia,needs_review,
2434,G2434,ἱλασμός,hilasmós,propitiation,:--propitiation.,2,vi,,Sự chuộc tội,needs_review,
2435,G2435,ἱλαστήριον,hilastḗrion,mercyseat,":--mercyseat, propitiation.",2,vi,,nắp thi ân,needs_review,
2454,G2454,Ἰουδαϊσμός,Ioudaïsmós,Jews' religion,:--Jews'  religion.,2,vi,,đạo Do-thái,needs_review,
2457,G2457,Ἰούλιος,Ioúlios,Julius,:--Julius.,2,vi,,Giuli,needs_review,
2460,G2460,ἱππεύς,hippeús,horseman,:--horseman.,2,vi,,kỵ binh,needs_review,
2463,G2463,ἶρις,îris,rainbow,:--rainbow.,2,vi,,cầu vồng,needs_review,
2485,G2485,ἰχθύδιον,ichthýdion,little fish,:--little (small) fish.,2,vi,,cá nhỏ,needs_review,
2488,G2488,Ἰωάθαμ,Iōátham,Joatham,:--Joatham.,2,vi,,Giô-tham,needs_review,
2489,G2489,Ἰωάννα,Iōánna,Joanna,:--Joanna.,2,vi,,Giô-ên,needs_review,
2496,G2496,Ἰωράμ,Iōrám,Joram,:--Joram.,2,vi,,Giô-ram,needs_review,
2498,G2498,Ἰωσαφάτ,Iōsaphát,Jehoshaphat,:--Josaphat.,2,vi,,Giô-sa-phát,needs_review,
2502,G2502,Ἰωσίας,Iōsías,Josias,:--Josias.,2,vi,,Giô-si-a,needs_review,
2536,G2536,Καϊνάν,Kaïnán,Cainan,:--Cainan.,2,vi,,Ca-nan,needs_review,
2538,G2538,καινότης,kainótēs,newness,:--newness.,2,vi,,sự mới,needs_review,
2581,G2581,Κανανίτης,Kananítēs,Canaanite,:--Canaanite (by mistake for a derivative from ).,2,vi,,Ca-na-nít,needs_review,
2587,G2587,Καππαδοκία,Kappadokía,Cappadocia,:--Cappadocia.,2,vi,,Cáp-ba-đốc,needs_review,
2589,G2589,καρδιογνώστης,kardiognṓstēs,which knowest the hearts,:--which knowest the hearts.,2,vi,,Đấng biết lòng người,needs_review,
2633,G2633,κατάκρισις,katákrisis,condemn,:--condemn(-ation).,2,vi,,sự kết án,needs_review,
2636,G2636,καταλαλία,katalalía,backbiting,":--backbiting, evil speaking.",2,vi,,nói xấu,needs_review,
2682,G2682,κατασκήνωσις,kataskḗnōsis,nest,:--nest.,2,vi,,ổ,needs_review,
2692,G2692,καταστροφή,katastrophḗ,overthrow,":--overthrow, subverting.",2,vi,,sự lật đổ,needs_review,
2697,G2697,κατάσχεσις,katáschesis,possession,:--possession.,2,vi,,sự chiếm hữu,needs_review,
2732,G2732,κατοικητήριον,katoikētḗrion,habitation,:--habitation.,2,vi,,nơi ở,needs_review,
2738,G2738,καῦμα,kaûma,heat,:--heat.,2,vi,,nắng,needs_review,
2757,G2757,κενοφωνία,kenophōnía,empty talk,:--vain.,2,vi,,lời hư không,needs_review,
2762,G2762,κεραία,keraía,tittle,:--tittle.,2,vi,,dấu phết,needs_review,
2765,G2765,κεράμιον,kerámion,pitcher,:--pitcher.,2,vi,,bình,needs_review,
2774,G2774,κεφάλαιον,kephálaion,sum,:--sum.,2,vi,,tổng số,needs_review,
2790,G2790,κιθαρῳδός,kitharōidós,harper,:--harper.,2,vi,,người đàn hạc,needs_review,
2800,G2800,κλάσις,klásis,breaking,:--breaking.,2,vi,,bẻ,needs_review,
2823,G2823,κλίβανος,klíbanos,oven,:--oven.,2,vi,,lò,needs_review,
2826,G2826,κλινίδιον,klinídion,bed,:--bed.,2,vi,,giường nhỏ,needs_review,
2829,G2829,κλοπή,klopḗ,theft,:--theft.,2,vi,,trộm cướp,needs_review,
2830,G2830,κλύδων,klýdōn,wave,":--raging, wave.",2,vi,,sóng,needs_review,
2835,G2835,κοδράντης,kodrántēs,farthing,:--farthing.,2,vi,,đồng tiền nhỏ,needs_review,
2851,G2851,κόλασις,kólasis,punishment,":--punishment, torment.",2,vi,,hình phạt,needs_review,
2874,G2874,κοπρία,kopría,dung,:--dung(-hill).,2,vi,,phân,needs_review,
2907,G2907,κρέας,kréas,flesh,:--flesh.,2,vi,,thịt,needs_review,
2918,G2918,κρίνον,krínon,lily,:--lily.,2,vi,,hoa huệ,needs_review,
2921,G2921,Κρίσπος,Kríspos,Crispus,:--Crispus.,2,vi,,Cơ-rít-bu,needs_review,
2930,G2930,κρύσταλλος,krýstallos,crystal,:--crystal.,2,vi,,băng,needs_review,
2942,G2942,κυβερνήτης,kybernḗtēs,master,:--(ship) master.,2,vi,,thuyền trưởng,needs_review,
2959,G2959,Κυρία,Kyría,lady,:--lady.,2,vi,,bà,needs_review,
2994,G2994,Λαοδικεύς,Laodikeús,Laodicean,:--Laodicean.,2,vi,,người Lao-đi-xê,needs_review,
3012,G3012,λέντιον,léntion,towel,:--towel.,2,vi,,khăn,needs_review,
3030,G3030,λίβανος,líbanos,frankincense,:--frankincense.,2,vi,,nhũ hương,needs_review,
3031,G3031,λιβανωτός,libanōtós,censer,:--censer.,2,vi,,lư hương,needs_review,
3043,G3043,λίνον,línon,linen,:--linen.,2,vi,,cây gai,needs_review,
3046,G3046,λίτρα,lítra,pound,:--pound.,2,vi,,cân,needs_review,
3048,G3048,λογία,logía,collection,":--collection,  gathering.",2,vi,,sự quyên góp,needs_review,
3053,G3053,λογισμός,logismós,imagination,":--imagination, thought.",2,vi,,tư tưởng,needs_review,
3066,G3066,Λούκιος,Loúkios,Lucius,:--Lucius.,2,vi,,Lu-cơ,needs_review,
3067,G3067,λουτρόν,loutrón,washing,:--washing.,2,vi,,sự rửa tội,needs_review,
3070,G3070,Λυδία,Lydía,Lydia,:--Lydia.,2,vi,,Ly-đi,needs_review,
3083,G3083,λύτρον,lýtron,ransom,:--ransom.,2,vi,,giá chuộc,needs_review,
3157,G3157,Ματθάν,Matthán,Matthan,:--Matthan.,2,vi,,Ma-tha,needs_review,
3158,G3158,Ματθάτ,Matthát,Mathat,:--Mathat.,2,vi,,Ma-thát,needs_review,
3159,G3159,Ματθίας,Matthías,Matthias,:--Matthias.,2,vi,,Ma-thi-ơ,needs_review,
3161,G3161,Ματταθίας,Mattathías,Mattathias,:--Mattathias.,2,vi,,Ma-thát,needs_review,
3180,G3180,μεθοδεία,methodeía,wile,":--wile, lie in wait.",2,vi,,mưu kế,needs_review,
3183,G3183,μέθυσος,méthysos,drunkard,:--drunkard.,2,vi,,kẻ say rượu,needs_review,
3197,G3197,Μελχί,Melchí,Melchi,:--Melchi.,2,vi,,Mên-chi,needs_review,
3311,G3311,μερισμός,merismós,division,":--dividing asunder, gift.",2,vi,,phân rẽ,needs_review,
3314,G3314,μεσημβρία,mesēmbría,noon,":--noon, south.",2,vi,,buổi trưa,needs_review,
3318,G3318,Μεσοποταμία,Mesopotamía,Mesopotamia,:--Mesopotamia.,2,vi,,Mê-sô-bô-ta-mi,needs_review,
3323,G3323,Μεσσίας,Messías,Messias,:--Messias.,2,vi,,Đấng Mê-si,needs_review,
3388,G3388,μήτρα,mḗtra,womb,:--womb.,2,vi,,dạ con,needs_review,
3413,G3413,Μιχαήλ,Michaḗl,Michael,:--Michael.,2,vi,,Mi-chen,needs_review,
3438,G3438,μονή,monḗ,abode,":--abode,  mansion.",2,vi,,chỗ ở,needs_review,
3446,G3446,μόρφωσις,mórphōsis,form,:--form.,2,vi,,hình thức,needs_review,
3465,G3465,Μυσία,Mysía,Mysia,:--Mysia.,2,vi,,Mysia,needs_review,
3487,G3487,νάρδος,nárdos,nard,:--(spike-)nard.,2,vi,,dầu cam tùng,needs_review,
3500,G3500,νέκρωσις,nékrōsis,deadness,":--deadness, dying.",2,vi,,sự chết,needs_review,
3531,G3531,Νικολαΐτης,Nikolaḯtēs,Nicolaitane,:--Nicolaitane.,2,vi,,Người Ni-cô-la,needs_review,
3533,G3533,Νικόπολις,Nikópolis,Nicopolis,:--Nicopolis.,2,vi,,Ni-cô-bô-li,needs_review,
3536,G3536,Νινευΐτης,Nineuḯtēs,of Nineve,":--of Nineve,  Ninevite.",2,vi,,dân thành Ni-ni-ve,needs_review,
3542,G3542,νομή,nomḗ,pasture,":--X  eat, pasture.",2,vi,,đồng cỏ,needs_review,
3578,G3578,ξενία,xenía,lodging,:--lodging.,2,vi,,chỗ trọ,needs_review,
3582,G3582,ξέστης,xéstēs,pot,:--pot.,2,vi,,cái chén,needs_review,
3597,G3597,ὁδοιπορία,hodoiporía,journey,:--journey(-ing).,2,vi,,cuộc hành trình,needs_review,
3601,G3601,ὀδύνη,odýnē,sorrow,:--sorrow.,2,vi,,đau buồn,needs_review,
3602,G3602,ὀδυρμός,odyrmós,mourning,:--mourning.,2,vi,,than khóc,needs_review,
3604,G3604,Ὀζίας,Ozías,Ozias,:--Ozias.,2,vi,,Ô-xia,needs_review,
3607,G3607,ὀθόνη,othónē,sheet,:--sheet.,2,vi,,tấm vải,needs_review,
3613,G3613,οἰκητήριον,oikētḗrion,habitation,":--habitation, house.",2,vi,,nhà ở,needs_review,
3615,G3615,οἰκιακός,oikiakós,they of household,:--they (them) of (his  own) household.,2,vi,,người nhà,needs_review,
3630,G3630,οἰνοπότης,oinopótēs,winebibber,:--winebibber.,2,vi,,kẻ ghiền rượu,needs_review,
3665,G3665,ὁμοιότης,homoiótēs,likeness,":--like as, similitude.",2,vi,,sự giống nhau,needs_review,
3683,G3683,Ὀνησίφορος,Onēsíphoros,Onespiphorus,:--Onespiphorus.,2,vi,,Ô-nê-si-phô-rơ,needs_review,
3692,G3692,ὀπή,opḗ,cave,":--cave, place.",2,vi,,hang,needs_review,
3712,G3712,ὀργυιά,orguiá,fathom,:--fathom.,2,vi,,sải,needs_review,
3730,G3730,ὁρμή,hormḗ,assault,:--assault.,2,vi,,sự xông vào,needs_review,
3733,G3733,ὄρνις,órnis,hen,:--hen.,2,vi,,gà mái,needs_review,
3742,G3742,ὁσιότης,hosiótēs,holiness,:--holiness.,2,vi,,sự thánh khiết,needs_review,
3776,G3776,οὐσία,ousía,goods,":--goods, substance.",2,vi,,của cải,needs_review,
3782,G3782,ὀφειλή,opheilḗ,debt,":--debt, due.",2,vi,,món nợ,needs_review,
3783,G3783,ὀφείλημα,opheílēma,debt,:--debt.,2,vi,,món nợ,needs_review,
3787,G3787,ὀφθαλμοδουλεία,ophthalmodouleía,eye-service,:--eye-service.,2,vi,,hầu việc trước mắt,needs_review,
3808,G3808,παιδάριον,paidárion,child,":--child, lad.",2,vi,,con trẻ,needs_review,
3810,G3810,παιδευτής,paideutḗs,which corrected,":--which corrected, instructor.",2,vi,,người sửa dạy,needs_review,
3824,G3824,παλιγγενεσία,palingenesía,regeneration,:--regeneration.,2,vi,,sự tái sinh,needs_review,
3872,G3872,παρακαταθήκη,parakatathḗkē,that which is committed to,:--that (thing) which is committed (un-)to  (trust).,2,vi,,vật đã giao phó,needs_review,
3894,G3894,παραπικρασμός,parapikrasmós,provocation,:--provocation.,2,vi,,sự nổi loạn,needs_review,
3940,G3940,παροικία,paroikía,sojourning,":--sojourning, X as strangers.",2,vi,,kiều ngụ,needs_review,
3948,G3948,παροξυσμός,paroxysmós,contention,":--contention, provoke unto.",2,vi,,sự tranh cạnh,needs_review,
3953,G3953,παροψίς,paropsís,platter,:--platter.,2,vi,,dĩa,needs_review,
3974,G3974,Πάφος,Páphos,Paphos,:--Paphos.,2,vi,,Ba-phô,needs_review,
3984,G3984,πεῖρα,peîra,assaying,":--assaying, trial.",2,vi,,thử nghiệm,needs_review,
3989,G3989,πέλαγος,pélagos,depth,":--depth, sea.",2,vi,,biển sâu,needs_review,
4010,G4010,Πέργαμος,Pérgamos,Pergamos,:--Pergamos.,2,vi,,Bẹt-găm,needs_review,
4018,G4018,περιβόλαιον,peribólaion,covering,":--covering, vesture.",2,vi,,áo choàng,needs_review,
4030,G4030,περικεφαλαία,perikephalaía,helmet,:--helmet.,2,vi,,mão trụ,needs_review,
4079,G4079,πηδάλιον,pēdálion,rudder,:--rudder.,2,vi,,bánh lái,needs_review,
4099,G4099,Πισιδία,Pisidía,Pisidia,:--Pisidia.,2,vi,,Phi-si-đi,needs_review,
4131,G4131,πλήκτης,plḗktēs,striker,:--striker.,2,vi,,kẻ hay đánh,needs_review,
4157,G4157,πνοή,pnoḗ,breath,":--breath, wind.",2,vi,,hơi thở,needs_review,
4161,G4161,ποίημα,poíēma,thing that is made,":--thing  that is made, workmanship.",2,vi,,vật được dựng nên,needs_review,
4173,G4173,πολιτάρχης,politárchēs,ruler of the city,:--ruler of the  city.,2,vi,,quan cai trị thành,needs_review,
4174,G4174,πολιτεία,politeía,commonwealth,":--commonwealth, freedom.",2,vi,,nền cộng hòa,needs_review,
4188,G4188,πόμα,póma,drink,:--drink.,2,vi,,đồ uống,needs_review,
4195,G4195,Πόντος,Póntos,Pontus,:--Pontus.,2,vi,,Pontơ,needs_review,
4196,G4196,Πόπλιος,Póplios,Publius,:--Publius.,2,vi,,Púp-liu,needs_review,
4197,G4197,πορεία,poreía,journey,":--journey(-ing), ways.",2,vi,,cuộc hành trình,needs_review,
4200,G4200,πορισμός,porismós,gain,:--gain.,2,vi,,lợi,needs_review,
4233,G4233,πράκτωρ,práktōr,officer,:--officer.,2,vi,,quan chức,needs_review,
4237,G4237,πρασιά,prasiá,in ranks,:--in ranks.,2,vi,,hàng,needs_review,
4242,G4242,πρεσβεία,presbeía,ambassage,":--ambassage, message.",2,vi,,sứ mạng,needs_review,
4268,G4268,πρόγνωσις,prógnōsis,foreknowledge,:--foreknowledge.,2,vi,,sự biết trước,needs_review,
4269,G4269,πρόγονος,prógonos,forefather,":--forefather, parent.",2,vi,,tổ phụ,needs_review,
4307,G4307,πρόνοια,prónoia,providence,":--providence,  provision.",2,vi,,sự quan phòng,needs_review,
4329,G4329,προσδοκία,prosdokía,expectation,":--expectation, looking after.",2,vi,,sự trông đợi,needs_review,
4398,G4398,προφῆτις,prophētis,prophetess,:--prophetess.,2,vi,,nữ tiên tri,needs_review,
4408,G4408,πρῶρα,prōra,forepart,:--forepart(-ship).,2,vi,,mũi tàu,needs_review,
4419,G4419,πτερύγιον,pterýgion,pinnacle,:--pinnacle.,2,vi,,nóc,needs_review,
4425,G4425,πτύον,ptýon,fan,:--fan.,2,vi,,cái quạt,needs_review,
4431,G4431,πτῶσις,ptōsis,fall,:--fall.,2,vi,,sự sa ngã,needs_review,
4443,G4443,πυρά,pyrá,fire,:--fire.,2,vi,,lửa,needs_review,
4460,G4460,Ῥαάβ,Rhaáb,Rahab,:--Rahab.,2,vi,,Ra-háp,needs_review,
4465,G4465,ῥαβδοῦχος,rhabdoûchos,serjeant,:--serjeant.,2,vi,,thừa sai,needs_review,
4470,G4470,ῥάκος,rhákos,cloth,:--cloth.,2,vi,,mảnh vải,needs_review,
4473,G4473,ῥαντισμός,rhantismós,sprinkling,:--sprinkling.,2,vi,,sự rảy,needs_review,
4497,G4497,Ῥοβοάμ,Rhoboám,Roboam,:--Roboam.,2,vi,,Rô-bô-am,needs_review,
4504,G4504,Ῥοῦφος,Rhoûphos,Rufus,:--Rufus.,2,vi,,Ru-phu,needs_review,
4524,G4524,Σαδώκ,Sadṓk,Sadoc,:--Sadoc.,2,vi,,Xa-đốc,needs_review,
4532,G4532,Σαλήμ,Salḗm,Salem,:--Salem.,2,vi,,Sa-lem,needs_review,
4539,G4539,Σαλώμη,Salṓmē,Salome,:--Salome.,2,vi,,Sa-lô-mê,needs_review,
4542,G4542,Σαμαρεῖτις,Samareîtis,of Samaria,:--of Samaria.,2,vi,,người Sa-ma-ri,needs_review,
4547,G4547,σανδάλιον,sandálion,sandal,:--sandal.,2,vi,,dép,needs_review,
4568,G4568,σάτον,sáton,measure,:--measure.,2,vi,,đấu,needs_review,
4574,G4574,σέβασμα,sébasma,devotion,":--devotion, that is worshipped.",2,vi,,đối tượng thờ phượng,needs_review,
4600,G4600,σιαγών,siagṓn,cheek,:--cheek.,2,vi,,má,needs_review,
4602,G4602,σιγή,sigḗ,silence,:--silence.,2,vi,,im lặng,needs_review,
4636,G4636,σκῆνος,skēnos,tabernacle,:--tabernacle.,2,vi,,đền tạm,needs_review,
4666,G4666,σμύρνα,smýrna,myrrh,:--myrrh.,2,vi,,nhựa thơm một dược,needs_review,
4681,G4681,Σπανία,Spanía,Spain,:--Spain.,2,vi,,Tây-ban-nha,needs_review,
4696,G4696,σπίλος,spílos,spot,:--spot.,2,vi,,vết,needs_review,
4726,G4726,στεναγμός,stenagmós,groaning,:--groaning.,2,vi,,sự rên rỉ,needs_review,
4752,G4752,στρατεία,strateía,warfare,:--warfare.,2,vi,,chiến trận,needs_review,
4756,G4756,στρατιά,stratiá,host,:--host.,2,vi,,đạo binh,needs_review,
4849,G4849,συμπόσιον,sympósion,company,:--company.,2,vi,,đoàn,needs_review,
4898,G4898,συνέκδημος,synékdēmos,companion in travel,":--companion in travel, travel with.",2,vi,,bạn đồng hành,needs_review,
4914,G4914,συνήθεια,synḗtheia,custom,:--custom.,2,vi,,thói quen,needs_review,
4928,G4928,συνοχή,synochḗ,anguish,":--anguish, distress.",2,vi,,sự thống khổ,needs_review,
4961,G4961,συστρατιώτης,systratiṓtēs,fellowsoldier,:--fellowsoldier.,2,vi,,bạn chiến hữu,needs_review,
4963,G4963,συστροφή,systrophḗ,conspiracy,":--+ band together, concourse.",2,vi,,âm mưu,needs_review,
4976,G4976,σχῆμα,schēma,fashion,:--fashion.,2,vi,,hình dạng,needs_review,
4979,G4979,σχοινίον,schoiníon,small cord,":--small  cord, rope.",2,vi,,dây nhỏ,needs_review,
4988,G4988,Σωσθένης,Sōsthénēs,Sosthenes,:--Sosthenes.,2,vi,,Sô-then,needs_review,
5000,G5000,Ταβιθά,Tabithá,Tabitha,:--Tabitha.,2,vi,,Ta-bi-tha,needs_review,
5004,G5004,ταλαιπωρία,talaipōría,misery,:--misery.,2,vi,,khốn khổ,needs_review,
5016,G5016,ταραχή,tarachḗ,trouble,:--trouble(-ing).,2,vi,,sự rối loạn,needs_review,
5017,G5017,τάραχος,tárachos,stir,:--stir.,2,vi,,sự xao động,needs_review,
5018,G5018,Ταρσεύς,Tarseús,of Tarsus,:--of Tarsus.,2,vi,,người Tạt-sơ,needs_review,
5045,G5045,τέκτων,téktōn,carpenter,:--carpenter.,2,vi,,thợ mộc,needs_review,
5047,G5047,τελειότης,teleiótēs,perfection,:--perfection(-ness).,2,vi,,sự trọn vẹn,needs_review,
5050,G5050,τελείωσις,teleíōsis,perfection,":--perfection, performance.",2,vi,,sự trọn vẹn,needs_review,
5061,G5061,Τέρτυλλος,Tértyllos,Tertullus,:--Tertullus.,2,vi,,Tẹt-tu-lơ,needs_review,
5102,G5102,τίτλος,títlos,title,:--title.,2,vi,,tít,needs_review,
5110,G5110,τόκος,tókos,usury,:--usury.,2,vi,,lợi tức,needs_review,
5146,G5146,τρίβολος,tríbolos,brier,":--brier, thistle.",2,vi,,cây gai,needs_review,
5165,G5165,τρύβλιον,trýblion,dish,:--dish.,2,vi,,dĩa,needs_review,
5168,G5168,τρυμαλιά,trymaliá,eye,:--eye.,2,vi,,lỗ,needs_review,
5172,G5172,τρυφή,tryphḗ,delicately,":--delicately, riot.",2,vi,,sự xa xỉ,needs_review,
5194,G5194,ὕαλος,hýalos,glass,:--glass.,2,vi,,thủy tinh,needs_review,
5197,G5197,ὑβριστής,hybristḗs,insolent,":--despiteful, injurious.",2,vi,,kẻ ngạo mạn,needs_review,
5211,G5211,Ὑμεναῖος,Hymenaîos,Hymenaeus,:--Hymenæus.,2,vi,,Hê-mê-nê,needs_review,
5215,G5215,ὕμνος,hýmnos,hymn,:--hymn.,2,vi,,thánh ca,needs_review,
5223,G5223,ὕπαρξις,hýparxis,goods,":--goods, substance.",2,vi,,của cải,needs_review,
5247,G5247,ὑπεροχή,hyperochḗ,authority,":--authority, excellency.",2,vi,,uy quyền,needs_review,
5268,G5268,ὑποζύγιον,hypozýgion,ass,:--ass.,2,vi,,lừa,needs_review,
5296,G5296,ὑποτύπωσις,hypotýpōsis,form,":--form, pattern.",2,vi,,mẫu mực,needs_review,
5301,G5301,ὕσσωπος,hýssōpos,hyssop,:--hyssop.,2,vi,,cây bài hương,needs_review,
5304,G5304,ὑστέρησις,hystérēsis,want,:--want.,2,vi,,sự thiếu thốn,needs_review,
5313,G5313,ὕψωμα,hýpsōma,height,":-- height, high thing.",2,vi,,cao,needs_review,
5314,G5314,φάγος,phágos,gluttonous,:--gluttonous.,2,vi,,kẻ mê ăn,needs_review,
5321,G5321,φανέρωσις,phanérōsis,manifestation,:--manifestation.,2,vi,,sự tỏ ra,needs_review,
5326,G5326,φάντασμα,phántasma,spirit,:--spirit.,2,vi,,thần,needs_review,
5345,G5345,φήμη,phḗmē,fame,:--fame.,2,vi,,tiếng đồn,needs_review,
5353,G5353,φθόγγος,phthóngos,sound,:--sound.,2,vi,,âm thanh,needs_review,
5359,G5359,Φιλαδέλφεια,Philadélpheia,Philadelphia,:--Philadelphia.,2,vi,,Phi-la-đen-phi,needs_review,
5363,G5363,φιλανθρωπία,philanthrōpía,kindness,":--kindness, love towards man.",2,vi,,lòng nhân từ,needs_review,
5371,G5371,Φιλήμων,Philḗmōn,Philemon,:--Philemon.,2,vi,,Phi-lê-môn,needs_review,
5374,G5374,Φιλιππήσιος,Philippḗsios,Philippian,:--Philippian.,2,vi,,người Phi-líp,needs_review,
5381,G5381,φιλονεξία,philonexía,entertain stranger,":--entertain stranger, hospitality.",2,vi,,lòng hiếu khách,needs_review,
5402,G5402,Φοίβη,Phoíbē,Phebe,:--Phebe.,2,vi,,Phê-bê,needs_review,
5404,G5404,φοῖνιξ,phoînix,palm tree,:--palm (tree).,2,vi,,cây chà là,needs_review,
5415,G5415,Φορτουνᾶτος,Phortounâtos,Fortunatus,:--Fortunatus.,2,vi,,Phô-tu-na-tu,needs_review,
5424,G5424,φρήν,phrḗn,understanding,:--understanding.,2,vi,,sự hiểu biết,needs_review,
5428,G5428,φρόνησις,phrónēsis,prudence,":--prudence, wisdom.",2,vi,,sự khôn ngoan,needs_review,
5437,G5437,φυγή,phygḗ,flight,:--flight.,2,vi,,sự trốn chạy,needs_review,
5454,G5454,φωλεός,phōleós,hole,:--hole.,2,vi,,hang,needs_review,
5458,G5458,φωστήρ,phōstḗr,light,:--light.,2,vi,,ánh sáng,needs_review,
5462,G5462,φωτισμός,phōtismós,light,:--light.,2,vi,,ánh sáng,needs_review,
5469,G5469,χαλινός,chalinós,bit,":--bit, bridle.",2,vi,,dây cương,needs_review,
5474,G5474,χαλκολίβανον,chalkolíbanon,fine brass,:--fine brass.,2,vi,,đồng sáng,needs_review,
5477,G5477,Χαναάν,Chanaán,Chanaan,:--Chanaan.,2,vi,,Ca-na-an,needs_review,
5488,G5488,Χαῤῥάν,Charrhán,Charran,:--Charran.,2,vi,,Cha-ran,needs_review,
5511,G5511,χλαμύς,chlamýs,robe,:--robe.,2,vi,,áo choàng,needs_review,
5518,G5518,χοῖνιξ,choînix,measure,:--measure.,2,vi,,đấu,needs_review,
5521,G5521,χολή,cholḗ,gall,:--gall.,2,vi,,mật đắng,needs_review,
5522,G5522,χόος,chóos,dust,:--dust.,2,vi,,bụi đất,needs_review,
5523,G5523,Χοραζίν,Chorazín,Chorazin,:--Chorazin.,2,vi,,Chô-ra-xin,needs_review,
5533,G5533,χρεωφειλέτης,chreōpheilétēs,debtor,:--debtor.,2,vi,,con nợ,needs_review,
5540,G5540,χρῆσις,chrēsis,use,:--use.,2,vi,,sự dùng,needs_review,
5569,G5569,ψευδάδελφος,pseudádelphos,false brethren,:--false  brethren.,2,vi,,anh em giả,needs_review,
5577,G5577,ψευδομαρτυρία,pseudomartyría,false witness,:--false witness.,2,vi,,lời chứng dối,needs_review,
5580,G5580,ψευδόχριστος,pseudóchristos,false Christ,:--false Christ.,2,vi,,kẻ giả mạo Đấng Christ,needs_review,
5606,G5606,ὦμος,ōmos,shoulder,:--shoulder.,2,vi,,vai,needs_review,
5622,G5622,ὠφέλεια,ōphéleia,advantage,":--advantage, profit.",2,vi,,lợi ích,needs_review,
3,G3,Ἀβαδδών,Abaddṓn,Abaddon,:--Abaddon.,1,vi,,A-ba-đôn,needs_review,
8,G8,Ἀβιαθάρ,Abiathár,Abiathar,:--Abiathar.,1,vi,,A-bi-a-tha,needs_review,
9,G9,Ἀβιληνή,Abilēnḗ,Abilene,:--Abilene.,1,vi,,A-bi-len,needs_review,
16,G16,ἀγαθοποιΐα,agathopoiḯa,well-doing,:--well-doing.,1,vi,,làm lành,needs_review,
24,G24,ἀγανάκτησις,aganáktēsis,indignation,:--indignation.,1,vi,,sự phẫn nộ,needs_review,
31,G31,ἀγγελία,angelía,message,:--message.,1,vi,,tin lành,needs_review,
41,G41,ἁγιότης,hagiótēs,holiness,:--holiness.,1,vi,,sự thánh khiết,needs_review,
43,G43,ἀγκάλη,ankálē,arm,:--arm.,1,vi,,cánh tay,needs_review,
44,G44,ἄγκιστρον,ánkistron,hook,:--hook.,1,vi,,lưỡi câu,needs_review,
49,G49,ἁγνισμός,hagnismós,purification,:--purification.,1,vi,,sự tinh sạch,needs_review,
51,G51,ἀγνόημα,agnóēma,error,:--error.,1,vi,,lỗi lầm,needs_review,
54,G54,ἁγνότης,hagnótēs,pureness,:--pureness.,1,vi,,tinh sạch,needs_review,
72,G72,ἀγωγή,agōgḗ,manner of life,:--manner of  life.,1,vi,,cách sống,needs_review,
74,G74,ἀγωνία,agōnía,agony,:--agony.,1,vi,,sự đau đớn,needs_review,
78,G78,Ἀδδί,Addí,Addi,:--Addi.,1,vi,,A-đi,needs_review,
83,G83,ἀδηλότης,adēlótēs,uncertain,:--X uncertain.,1,vi,,sự không chắc chắn,needs_review,
90,G90,ἀδιαφθορία,adiaphthoría,uncorruptness,:--uncorruptness.,1,vi,,sự không hư nát,needs_review,
99,G99,Ἀδρίας,Adrías,Adria,:--Adria.,1,vi,,A-đria,needs_review,
100,G100,ἁδρότης,hadrótēs,abundance,:--abundance.,1,vi,,sự dư dật,needs_review,
108,G108,Ἄζωτος,Ázōtos,Azotus,:--Azotus.,1,vi,,A-xốt,needs_review,
119,G119,ἄθλησις,áthlēsis,fight,:--fight.,1,vi,,sự chiến đấu,needs_review,
130,G130,αἱματεκχυσία,haimatekchysía,bloodshed,:--shedding of  blood.,1,vi,,đổ máu,needs_review,
133,G133,αἴνεσις,aínesis,praise,:--praise.,1,vi,,sự ngợi khen,needs_review,
135,G135,αἴνιγμα,aínigma,enigma,:--X darkly.,1,vi,,lời nói tối tăm,needs_review,
137,G137,Αἰνών,Ainṓn,Ænon,:--Ænon.,1,vi,,Ê-nôn,needs_review,
144,G144,αἴσθησις,aísthēsis,judgment,:--judgment.,1,vi,,sự phán đoán,needs_review,
145,G145,αἰσθητήριον,aisthētḗrion,senses,:--senses.,1,vi,,các giác quan,needs_review,
148,G148,αἰσχρολογία,aischrología,filthy communication,:--filthy communication.,1,vi,,lời nói tục tỉu,needs_review,
151,G151,αἰσχρότης,aischrótēs,filthiness,:--filthiness.,1,vi,,sự ô uế,needs_review,
157,G157,αἰτίαμα,aitíama,complaint,:--complaint.,1,vi,,lời kiện cáo,needs_review,
164,G164,αἰχμάλωτος,aichmálōtos,captive,:--captive.,1,vi,,tù nhân,needs_review,
168,G168,ἀκαθάρτης,akathártēs,filthiness,:--filthiness.,1,vi,,sự ô uế,needs_review,
184,G184,Ἀκελδαμά,Akeldamá,Aceldama,:--Aceldama.,1,vi,,A-cên-đa-ma,needs_review,
188,G188,ἀκμήν,akmḗn,yet,:--yet.,1,vi,,còn,needs_review,
195,G195,ἀκρίβεια,akríbeia,perfect manner,:--perfect manner.,1,vi,,sự chính xác,needs_review,
201,G201,ἀκροατήριον,akroatḗrion,place of hearing,:--place of hearing.,1,vi,,phòng xử án,needs_review,
205,G205,ἀκροθίνιον,akrothínion,spoils,:--spoils.,1,vi,,chiến lợi phẩm,needs_review,
219,G219,ἀλεκτοροφωνία,alektorophōnía,cockcrowing,:--cockcrowing.,1,vi,,gà gáy,needs_review,
234,G234,ἀλίσγεμα,alísgema,pollution,:--pollution.,1,vi,,sự ô uế,needs_review,
244,G244,ἀλλοτριεπίσκοπος,allotriepískopos,busybody,:--busybody in other men's matters.,1,vi,,kẻ dòm ngó việc người khác,needs_review,
250,G250,ἀλόη,alóē,aloes,:--aloes.,1,vi,,nhựa thơm,needs_review,
251,G251,ἅλς,háls,salt,:--salt.,1,vi,,muối,needs_review,
259,G259,ἅλωσις,hálōsis,capture,,1,vi,,sự bắt lấy,needs_review,
271,G271,ἀμέθυστος,améthystos,amethyst,:--amethyst.,1,vi,,thạch anh tím,needs_review,
287,G287,ἀμοιβή,amoibḗ,recompense,:--requite.,1,vi,,báo trả,needs_review,
289,G289,ἀμπελουργός,ampelourgós,vine-dresser,:--vine-dresser.,1,vi,,người trồng nho,needs_review,
291,G291,Ἀμπλίας,Amplías,Amplias,:--Amplias.,1,vi,,Ampli,needs_review,
295,G295,Ἀμφίπολις,Amphípolis,Amphipolis,:--Amphipolis.,1,vi,,Amphipolis,needs_review,
296,G296,ἄμφοδον,ámphodon,where two ways meet,:--where two ways  meet.,1,vi,,ngã tư đường,needs_review,
301,G301,Ἀμώς,Amṓs,Amos,:--Amos.,1,vi,,A-mốt,needs_review,
309,G309,ἀνάβλεψις,anáblepsis,recovery of sight,:--recovery of sight.,1,vi,,sự sáng mắt lại,needs_review,
311,G311,ἀναβολή,anabolḗ,delay,:--delay.,1,vi,,sự chậm trễ,needs_review,
323,G323,ἀνάδειξις,anádeixis,shewing,:--shewing.,1,vi,,sự tỏ ra,needs_review,
334,G334,ἀνάθημα,anáthēma,gift,:--gift.,1,vi,,vật dâng,needs_review,
335,G335,ἀναίδεια,anaídeia,importunity,:--importunity.,1,vi,,sự trơ trẽn,needs_review,
351,G351,ἀνάκρισις,anákrisis,examination,:--examination.,1,vi,,sự tra hỏi,needs_review,
354,G354,ἀνάληψις,análēpsis,taking up,:--taking up.,1,vi,,sự cất lên,needs_review,
356,G356,ἀναλογία,analogía,proportion,:--proportion.,1,vi,,tỷ lệ,needs_review,
359,G359,ἀνάλυσις,análysis,departure,:--departure.,1,vi,,sự ra đi,needs_review,
401,G401,ἀνάχυσις,anáchysis,excess,:--excess.,1,vi,,sự tràn lan,needs_review,
403,G403,ἀνάψυξις,anápsyxis,revival,:--revival.,1,vi,,sự tỉnh táo,needs_review,
405,G405,ἀνδραποδιστής,andrapodistḗs,menstealer,:--menstealer.,1,vi,,kẻ bắt người làm nô lệ,needs_review,
408,G408,Ἀνδρόνικος,Andrónikos,Adronicus,:--Adronicus.,1,vi,,Anh-rô-ních,needs_review,
409,G409,ἀνδροφόνος,androphónos,manslayer,:--manslayer.,1,vi,,kẻ giết người,needs_review,
431,G431,ἀνεψιός,anepsiós,cousin,:--sister's son.,1,vi,,anh em họ,needs_review,
432,G432,ἄνηθον,ánēthon,anise,:--anise.,1,vi,,thì là,needs_review,
440,G440,ἄνθραξ,ánthrax,coal of fire,:--coal of fire.,1,vi,,than đỏ,needs_review,
451,G451,Ἄννα,Ánna,Anna,:--Anna.,1,vi,,An-ne,needs_review,
457,G457,ἄνοιξις,ánoixis,open,:--X open.,1,vi,,sự mở ra,needs_review,
469,G469,ἀνταπόδοσις,antapódosis,reward,:--reward.,1,vi,,thưởng,needs_review,
477,G477,ἀντίθεσις,antíthesis,opposition,:--opposition.,1,vi,,đối nghịch,needs_review,
484,G484,ἀντίληψις,antílēpsis,help,:--help.,1,vi,,sự giúp đỡ,needs_review,
487,G487,ἀντίλυτρον,antílytron,ransom,:--ransom.,1,vi,,giá chuộc,needs_review,
491,G491,Ἀντιοχεύς,Antiocheús,of Antioch,:--of Antioch.,1,vi,,người thành An-ti-ốt,needs_review,
493,G493,Ἀντίπας,Antípas,Antipas,:--Antipas.,1,vi,,An-típ,needs_review,
494,G494,Ἀντιπατρίς,Antipatrís,Antipatris,:--Antipatris.,1,vi,,An-ti-ba-tri,needs_review,
502,G502,ἄντλημα,ántlēma,thing to draw with,:--thing to draw with.,1,vi,,đồ múc nước,needs_review,
535,G535,ἀπαρτισμός,apartismós,finishing,:--finishing.,1,vi,,sự hoàn thành,needs_review,
541,G541,ἀπαύγασμα,apaúgasma,brightness,:--brightness.,1,vi,,sự chói sáng,needs_review,
555,G555,ἀπέκδυσις,apékdysis,putting off,:--putting off.,1,vi,,sự lột bỏ,needs_review,
557,G557,ἀπελεγμός,apelegmós,nought,:--nought.,1,vi,,Sự khinh bỉ,needs_review,
558,G558,ἀπελεύθερος,apeleútheros,freeman,:--freeman.,1,vi,,người tự do,needs_review,
559,G559,Ἀπελλῆς,Apellēs,Apelles,:--Apelles.,1,vi,,A-bên,needs_review,
585,G585,ἀπόδειξις,apódeixis,demonstration,:--demonstration.,1,vi,,chứng cớ,needs_review,
605,G605,ἀποκατάστασις,apokatástasis,restitution,:--restitution.,1,vi,,sự phục hồi,needs_review,
610,G610,ἀπόκριμα,apókrima,sentence,:--sentence.,1,vi,,án xử,needs_review,
623,G623,Ἀπολλύων,Apollýōn,Apollyon,:--Apollyon.,1,vi,,A-bô-lion,needs_review,
624,G624,Ἀπολλωνία,Apollōnía,Apollonia,:--Apollonia.,1,vi,,A-bô-lô-ni,needs_review,
640,G640,ἀπορία,aporía,perplexity,:--perplexity.,1,vi,,sự bối rối,needs_review,
644,G644,ἀποσκίασμα,aposkíasma,shadow,:--shadow.,1,vi,,bóng,needs_review,
666,G666,ἀπουσία,apousía,absence,:--absence.,1,vi,,vắng mặt,needs_review,
671,G671,ἀπόχρησις,apóchrēsis,using,:--using.,1,vi,,sự dùng,needs_review,
675,G675,Ἄππιος,Áppios,Appius,:--Appii.,1,vi,,Áp-bi,needs_review,
682,G682,Ἀπφία,Apphía,Apphia,:--Apphia.,1,vi,,Aphi-a,needs_review,
685,G685,ἀρά,ará,curse,:--curse.,1,vi,,lời rủa sả,needs_review,
690,G690,Ἄραψ,Áraps,Arabian,:--Arabian.,1,vi,,A-rập,needs_review,
695,G695,ἀργυροκόπος,argyrokópos,silversmith,:--silversmith.,1,vi,,thợ bạc,needs_review,
698,G698,Ἀρεοπαγίτης,Areopagítēs,Areopagite,:--Areopagite.,1,vi,,thành viên Hội đồng A-rê-ô-ba,needs_review,
699,G699,ἀρεσκεία,areskeía,pleasing,:--pleasing.,1,vi,,sự làm đẹp lòng,needs_review,
702,G702,Ἀρέτας,Arétas,Aretas,:--Aretas.,1,vi,,A-rê-ta,needs_review,
704,G704,ἀρήν,arḗn,lamb,:--lamb.,1,vi,,chiên con,needs_review,
711,G711,Ἀριστόβουλος,Aristóboulos,Aristobulus,:--Aristobulus.,1,vi,,A-ri-xtô-bu-lơ,needs_review,
715,G715,ἄρκτος,árktos,bear,:--bear.,1,vi,,gấu,needs_review,
717,G717,Ἀρμαγεδδών,Armageddṓn,Armageddon,:--Armageddon.,1,vi,,Ha-ma-ghê-đôn,needs_review,
719,G719,ἁρμός,harmós,joint,:--joint.,1,vi,,khớp,needs_review,
723,G723,ἄροτρον,árotron,plough,:--plough.,1,vi,,cái cày,needs_review,
725,G725,ἁρπαγμός,harpagmós,robbery,:--robbery.,1,vi,,cướp,needs_review,
734,G734,Ἀρτεμάς,Artemás,Artemas,:--Artemas.,1,vi,,A-thê-ma,needs_review,
736,G736,ἀρτέμων,artémōn,mainsail,:--mainsail.,1,vi,,buồm chính,needs_review,
742,G742,Ἀρφαξάδ,Arphaxád,Arphaxad,:--Arphaxad.,1,vi,,A-bô-sát,needs_review,
745,G745,Ἀρχέλαος,Archélaos,Archelaus,:--Archelaus.,1,vi,,Ạc-hê-la,needs_review,
750,G750,ἀρχιποίμην,archipoímēn,chief shepherd,:--chief shepherd.,1,vi,,Trưởng người chăn,needs_review,
753,G753,ἀρχιτέκτων,architéktōn,masterbuilder,:--masterbuilder.,1,vi,,thợ xây cất chính,needs_review,
754,G754,ἀρχιτελώνης,architelṓnēs,chief among the publicans,:--chief among the  publicans.,1,vi,,quan trưởng đội thuế,needs_review,
771,G771,ἀσθένημα,asthénēma,infirmity,:--infirmity.,1,vi,,sự yếu đuối,needs_review,
774,G774,Ἀσιανός,Asianós,of Asia,:--of Asia.,1,vi,,người A-si,needs_review,
775,G775,Ἀσιάρχης,Asiárchēs,chief of Asia,:--chief of Asia.,1,vi,,quan châu Á,needs_review,
776,G776,ἀσιτία,asitía,abstinence,:--abstinence.,1,vi,,kiêng ăn,needs_review,
785,G785,ἀσπίς,aspís,asp,:--asp.,1,vi,,rắn lục,needs_review,
799,G799,Ἀσύγκριτος,Asýnkritos,Asyncritus,:--Asyncritos.,1,vi,,A-sin-cơ-rít,needs_review,
825,G825,Ἀττάλεια,Attáleia,Attalia,:--Attalia.,1,vi,,A-ta-li,needs_review,
827,G827,αὐγή,augḗ,break of day,:--break of day.,1,vi,,bình minh,needs_review,
828,G828,Αὐγοῦστος,Augoûstos,Augustus,:--Augustus.,1,vi,,Augustus,needs_review,
836,G836,αὐλός,aulós,pipe,:--pipe.,1,vi,,ống sáo,needs_review,
845,G845,αὐτόπτης,autóptēs,eye-witness,:--eye-witness.,1,vi,,người chứng kiến tận mắt,needs_review,
854,G854,ἀφανισμός,aphanismós,disappearance,:--vanish away.,1,vi,,sự biến mất,needs_review,
857,G857,ἀφειδία,apheidía,severity,:--neglecting.,1,vi,,khắc khổ,needs_review,
858,G858,ἀφελότης,aphelótēs,singleness,:--singleness.,1,vi,,đơn sơ,needs_review,
867,G867,ἄφιξις,áphixis,departing,:--departing.,1,vi,,sự ra đi,needs_review,
876,G876,ἀφρός,aphrós,foaming,:--foaming.,1,vi,,bọt mép,needs_review,
887,G887,ἀχλύς,achlýs,mist,:--mist.,1,vi,,sương mù,needs_review,
896,G896,Βάαλ,Báal,Baal,:--Baal.,1,vi,,Ba-anh,needs_review,
898,G898,βαθμός,bathmós,degree,:--degree.,1,vi,,bậc,needs_review,
902,G902,βαΐον,baḯon,branch,:--branch.,1,vi,,nhánh,needs_review,
904,G904,Βαλάκ,Balák,Balac,:--Balac.,1,vi,,Ba-lác,needs_review,
913,G913,Βαράκ,Barák,Barak,:--Barak.,1,vi,,Ba-rác,needs_review,
914,G914,Βαραχίας,Barachías,Barachias,:--Barachias.,1,vi,,Ba-ra-chi,needs_review,
919,G919,Βαριησοῦς,Bariēsoûs,Barjesus,:--Barjesus.,1,vi,,Ba-Giê-xu,needs_review,
924,G924,Βαρτιμαῖος,Bartimaîos,Bartimaeus,:--Bartimæus.,1,vi,,Ba-ti-mê,needs_review,
930,G930,βασανιστής,basanistḗs,tormentor,:--tormentor.,1,vi,,kẻ hành hạ,needs_review,
939,G939,βάσις,básis,foot,:--foot.,1,vi,,chân,needs_review,
943,G943,βάτος,bátos,measure,:--measure.,1,vi,,lường,needs_review,
944,G944,βάτραχος,bátrachos,frog,:--frog.,1,vi,,con ếch,needs_review,
956,G956,βέλος,bélos,dart,:--dart.,1,vi,,tên,needs_review,
962,G962,Βηθαβαρά,Bēthabará,Bethabara,:--Bethabara.,1,vi,,Bê-ta-ba-ra,needs_review,
964,G964,Βηθεσδά,Bēthesdá,Bethesda,:--Bethesda.,1,vi,,Bê-tết-đa,needs_review,
969,G969,βήρυλλος,bḗryllos,beryl,:--beryl.,1,vi,,bê-rin,needs_review,
973,G973,βιαστής,biastḗs,violent man,:--violent.,1,vi,,kẻ cường bạo,needs_review,
981,G981,βίωσις,bíōsis,manner of life,:--manner of life.,1,vi,,cách sống,needs_review,
986,G986,Βλάστος,Blástos,Blastus,:--Blastus.,1,vi,,Bla-tu,needs_review,
990,G990,βλέμμα,blémma,seeing,:--seeing.,1,vi,,sự thấy,needs_review,
993,G993,Βοανεργές,Boanergés,Boanerges,:--Boanerges.,1,vi,,Bô-a-nẹt-giê,needs_review,
995,G995,βοή,boḗ,cry,:--cry.,1,vi,,tiếng kêu,needs_review,
998,G998,βοηθός,boēthós,helper,:--helper.,1,vi,,người giúp đỡ,needs_review,
1000,G1000,βολή,bolḗ,cast,:--cast.,1,vi,,sự ném,needs_review,
1002,G1002,βολίς,bolís,dart,:--dart.,1,vi,,cái lao,needs_review,
1004,G1004,βόρβορος,bórboros,mire,:--mire.,1,vi,,bùn,needs_review,
1007,G1007,Βοσόρ,Bosór,Beor,:--Bosor.,1,vi,,Bê-ô,needs_review,
1008,G1008,βοτάνη,botánē,herb,:--herb.,1,vi,,rau,needs_review,
1009,G1009,βότρυς,bótrys,cluster,:--(vine) cluster (of the  vine).,1,vi,,chùm nho,needs_review,
1022,G1022,βραδύτης,bradýtēs,slackness,:--slackness.,1,vi,,sự chậm trễ,needs_review,
1029,G1029,βρόχος,bróchos,snare,:--snare.,1,vi,,cái bẫy,needs_review,
1037,G1037,βυθός,bythós,deep,:--deep.,1,vi,,vực sâu,needs_review,
1041,G1041,βωμός,bōmós,altar,:--altar.,1,vi,,bàn thờ,needs_review,
1042,G1042,γαββαθά,gabbathá,Gabbatha,:-- Gabbatha.,1,vi,,Gáp-ba-tha,needs_review,
1044,G1044,γάγγραινα,gángraina,canker,:--canker.,1,vi,,bệnh hoại thư,needs_review,
1045,G1045,Γάδ,Gád,Gad,:--Gad.,1,vi,,Gát,needs_review,
1047,G1047,γάζα,gáza,treasure,:--treasure.,1,vi,,kho tàng,needs_review,
1048,G1048,Γάζα,Gáza,Gaza,:--Gaza.,1,vi,,Ga-xa,needs_review,
1066,G1066,Γεδεών,Gedeṓn,Gedeon,:--Gedeon  (in the King James Version).,1,vi,,Ghê-đê-ôn,needs_review,
1071,G1071,γέλως,gélōs,laughter,:--laughter.,1,vi,,cười,needs_review,
1079,G1079,γενετή,genetḗ,birth,:--birth.,1,vi,,sự sanh,needs_review,
1086,G1086,Γεργεσηνός,Gergesēnós,Gergesene,:--Gergesene.,1,vi,,Ghéc-ghê-sê-nít,needs_review,
1087,G1087,γερουσία,gerousía,senate,:--senate.,1,vi,,hội đồng trưởng lão,needs_review,
1088,G1088,γέρων,gérōn,old man,:--old.,1,vi,,người già,needs_review,
1091,G1091,γεώργιον,geṓrgion,husbandry,:--husbandry.,1,vi,,nông nghiệp,needs_review,
1094,G1094,γῆρας,gēras,old age,:--old age.,1,vi,,tuổi già,needs_review,
1098,G1098,γλεῦκος,gleûkos,new wine,:--new wine.,1,vi,,rượu ngọt,needs_review,
1102,G1102,γναφεύς,gnapheús,fuller,:--fuller.,1,vi,,thợ nhuộm,needs_review,
1105,G1105,γνόφος,gnóphos,blackness,:--blackness.,1,vi,,bóng tối,needs_review,
1109,G1109,γνώστης,gnṓstēs,expert,:--expert.,1,vi,,người biết,needs_review,
1113,G1113,γογγυστής,gongystḗs,murmurer,:--murmurer.,1,vi,,kẻ lằm bằm,needs_review,
1114,G1114,γόης,góēs,seducer,:--seducer.,1,vi,,kẻ lừa dối,needs_review,
1129,G1129,γυμνασία,gymnasía,exercise,:--exercise.,1,vi,,tập luyện,needs_review,
1133,G1133,γυναικάριον,gynaikárion,silly woman,:--silly woman.,1,vi,,đàn bà ngu dại,needs_review,
1136,G1136,Γώγ,Gṓg,Gog,:--Gog.,1,vi,,Gót,needs_review,
1146,G1146,δακτύλιος,daktýlios,ring,:--ring.,1,vi,,cái nhẫn,needs_review,
1148,G1148,Δαλμανουθά,Dalmanouthá,Dalmanutha,:--Dalmanutha.,1,vi,,Đa-man-nu-tha,needs_review,
1149,G1149,Δαλματία,Dalmatía,Dalmatia,:--Dalmatia.,1,vi,,Đan-ma-ti,needs_review,
1151,G1151,δάμαλις,dámalis,heifer,:--heifer.,1,vi,,bò cái tơ,needs_review,
1152,G1152,Δάμαρις,Dámaris,Damaris,:--Damaris.,1,vi,,Đa-ma-ri,needs_review,
1156,G1156,δάνειον,dáneion,debt,:--debt.,1,vi,,món nợ,needs_review,
1157,G1157,δανειστής,daneistḗs,creditor,:--creditor.,1,vi,,chủ nợ,needs_review,
1160,G1160,δαπάνη,dapánē,cost,:--cost.,1,vi,,chi phí,needs_review,
1164,G1164,δεῖγμα,deîgma,example,:--example.,1,vi,,gương,needs_review,
1167,G1167,δειλία,deilía,fear,:--fear.,1,vi,,sự sợ hãi,needs_review,
1175,G1175,δεισιδαιμονία,deisidaimonía,superstition,:--superstition.,1,vi,,sự mê tín,needs_review,
1187,G1187,δεξιολάβος,dexiolábos,spearman,:--spearman.,1,vi,,lính cầm giáo,needs_review,
1192,G1192,δέρμα,dérma,skin,:--skin.,1,vi,,da,needs_review,
1197,G1197,δέσμη,désmē,bundle,:--bundle.,1,vi,,bó,needs_review,
1217,G1217,δημιουργός,dēmiourgós,maker,:--maker.,1,vi,,Đấng Tạo Hóa,needs_review,
1233,G1233,διάγνωσις,diágnōsis,hearing,:--hearing.,1,vi,,sự xét xử,needs_review,
1240,G1240,διάδοχος,diádochos,successor,:--room.,1,vi,,người kế vị,needs_review,
1267,G1267,διαμερισμός,diamerismós,division,:--division.,1,vi,,phân rẽ,needs_review,
1270,G1270,διανόημα,dianóēma,thought,:--thought.,1,vi,,tư tưởng,needs_review,
1292,G1292,διάστημα,diástēma,space,:--space.,1,vi,,khoảng cách,needs_review,
1297,G1297,διάταγμα,diátagma,commandment,:--commandment.,1,vi,,mạng lịnh,needs_review,
1305,G1305,διατροφή,diatrophḗ,food,:--food.,1,vi,,đồ ăn,needs_review,
1327,G1327,διέξοδος,diéxodos,highway,:--highway.,1,vi,,đường cái,needs_review,
1328,G1328,διερμηνευτής,diermēneutḗs,interpreter,:--interpreter.,1,vi,,người thông dịch,needs_review,
1335,G1335,διήγεσις,diḗgesis,declaration,:--declaration.,1,vi,,sự tường thuật,needs_review,
1341,G1341,δικαιοκρισία,dikaiokrisía,righteous judgment,:--righteous judgment.,1,vi,,sự phán xét công bình,needs_review,
1354,G1354,Διονύσιος,Dionýsios,Dionysius,:--Dionysius.,1,vi,,Đi-ô-ni-si-u,needs_review,
1357,G1357,διόρθωσις,diórthōsis,reformation,:--reformation.,1,vi,,cải chánh,needs_review,
1359,G1359,Διόσκουροι,Dióskouroi,Castor and Pollux,:--Castor and Pollux.,1,vi,,Điôtruýt,needs_review,
1361,G1361,Διοτρεφής,Diotrephḗs,Diotrephes,:--Diotrephes.,1,vi,,Đi-ô-trép,needs_review,
1373,G1373,δίψος,dípsos,thirst,:--thirst.,1,vi,,cơn khát,needs_review,
1376,G1376,διώκτης,diṓktēs,persecutor,:--persecutor.,1,vi,,kẻ bắt bớ,needs_review,
1395,G1395,δότης,dótēs,giver,:--giver.,1,vi,,người ban cho,needs_review,
1409,G1409,Δρούσιλλα,Droúsilla,Drusilla,:--Drusilla.,1,vi,,Đơ-ru-si-la,needs_review,
1420,G1420,δυσεντερία,dysentería,bloody flux,:--bloody flux.,1,vi,,bệnh kiết lỵ,needs_review,
1426,G1426,δυσφημία,dysphēmía,evil report,:--evil report.,1,vi,,sự bêu xấu,needs_review,
1429,G1429,δωδεκάφυλον,dōdekáphylon,twelve tribes,:--twelve tribes.,1,vi,,mười hai chi phái,needs_review,
1443,G1443,Ἐβέρ,Ebér,Eber,:--Eber.,1,vi,,Ê-be,needs_review,
1454,G1454,ἔγερσις,égersis,resurrection,:--resurrection.,1,vi,,sự sống lại,needs_review,
1456,G1456,ἐγκαίνια,enkaínia,dedication,:--dedication.,1,vi,,lễ khánh thành,needs_review,
1464,G1464,ἐγκοπή,enkopḗ,hindrance,:--X hinder.,1,vi,,sự ngăn trở,needs_review,
1471,G1471,ἔγκυος,énkyos,great with child,:--great  with child.,1,vi,,có thai,needs_review,
1475,G1475,ἔδαφος,édaphos,ground,:--ground.,1,vi,,đất,needs_review,
1477,G1477,ἑδραίωμα,hedraíōma,ground,:--ground.,1,vi,,nền,needs_review,
1479,G1479,ἐθελοθρησκεία,ethelothrēskeía,will worship,:--will worship.,1,vi,,sự thờ phượng theo ý riêng,needs_review,
1481,G1481,ἐθνάρχης,ethnárchēs,ethnarch,:--ethnarch.,1,vi,,quan trấn thủ,needs_review,
1493,G1493,εἰδωλεῖον,eidōleîon,idol temple,:--idol's  temple.,1,vi,,đền thờ thần tượng,needs_review,
1546,G1546,ἐκβολή,ekbolḗ,jettison,:--+ lighten the ship.,1,vi,,sự ném hàng xuống biển,needs_review,
1561,G1561,ἐκδοχή,ekdochḗ,looking for,:--looking for.,1,vi,,sự trông đợi,needs_review,
1604,G1604,ἐκπλήρωσις,ekplḗrōsis,accomplishment,:--accomplishment.,1,vi,,sự ứng nghiệm,needs_review,
1616,G1616,ἐκτένεια,ekténeia,earnestness,:--X instantly.,1,vi,,sự sốt sắng,needs_review,
1626,G1626,ἔκτρωμα,éktrōma,premature birth,:--born out of due time.,1,vi,,sự sinh non,needs_review,
1638,G1638,ἐλαιών,elaiṓn,Olivet,:--Olivet.,1,vi,,Ô-li-ve,needs_review,
1639,G1639,Ἐλαμίτης,Elamítēs,Elamite,:--Elamite.,1,vi,,người Ê-lam,needs_review,
1644,G1644,ἐλαφρία,elaphría,lightness,:--lightness.,1,vi,,nhẹ,needs_review,
1649,G1649,ἔλεγξις,élenxis,rebuke,:--rebuke.,1,vi,,sự quở trách,needs_review,
1660,G1660,ἔλευσις,éleusis,coming,:--coming.,1,vi,,sự đến,needs_review,
1663,G1663,Ἐλιέζερ,Eliézer,Eliezer,:--Eliezer.,1,vi,,Ê-li-ê-xe,needs_review,
1666,G1666,Ἐλισσαῖος,Elissaîos,Elisha,:--Elissæus.,1,vi,,Ê-li-sê,needs_review,
1671,G1671,Ἑλλάς,Hellás,Greece,:--Greece.,1,vi,,Hy Lạp,needs_review,
1678,G1678,Ἐλμωδάμ,Elmōdám,Elmodam,:--Elmodam.,1,vi,,Ên-mô-đam,needs_review,
1681,G1681,Ἐλύμας,Elýmas,Elymas,:--Elymas.,1,vi,,Ê-ly-ma,needs_review,
1694,G1694,Ἐμμανουήλ,Emmanouḗl,Emmanuel,:--Emmanuel.,1,vi,,Em-ma-nu-ên,needs_review,
1695,G1695,Ἐμμαούς,Emmaoús,Emmaus,:--Emmaus.,1,vi,,Êm-ma-út,needs_review,
1701,G1701,ἐμπαιγμός,empaigmós,mocking,:--mocking.,1,vi,,nhạo báng,needs_review,
1708,G1708,ἐμπλοκή,emplokḗ,plaiting,:--plaiting.,1,vi,,bện tóc,needs_review,
1711,G1711,ἐμπορία,emporía,merchandise,:--merchandise.,1,vi,,hàng hóa,needs_review,
1712,G1712,ἐμπόριον,empórion,merchandise,:--merchandise.,1,vi,,hàng hóa,needs_review,
1730,G1730,ἔνδειγμα,éndeigma,manifest token,:--manifest token.,1,vi,,dấu hiệu tỏ tường,needs_review,
1739,G1739,ἐνδόμησις,endómēsis,building,:--building.,1,vi,,sự xây cất,needs_review,
1745,G1745,ἔνδυσις,éndysis,putting on,:--putting on.,1,vi,,mặc vào,needs_review,
1747,G1747,ἐνέδρα,enédra,lay wait,:--lay wait.,1,vi,,sự phục kích,needs_review,
1749,G1749,ἔνεδρον,énedron,lying in wait,:--lying in wait.,1,vi,,sự rình rập,needs_review,
1798,G1798,ἐνύπνιον,enýpnion,dream,:--dream.,1,vi,,chiêm bao,needs_review,
1800,G1800,Ἐνώς,Enṓs,Enos,:--Enos.,1,vi,,Ê-nót,needs_review,
1815,G1815,ἐξανάστασις,exanástasis,resurrection,:--resurrection.,1,vi,,sự sống lại,needs_review,
1829,G1829,ἐξέραμα,exérama,vomit,:--vomit.,1,vi,,chất nôn,needs_review,
1838,G1838,ἕξις,héxis,practice,:--use.,1,vi,,thói quen,needs_review,
1845,G1845,ἐξορκιστής,exorkistḗs,exorcist,:--exorcist.,1,vi,,thầy trừ quỷ,needs_review,
1851,G1851,ἐξοχή,exochḗ,principal,:--principal.,1,vi,,bậc cao trọng,needs_review,
1866,G1866,Ἐπαίνετος,Epaínetos,Epenetus,:--Epenetus.,1,vi,,Ê-phê-nết,needs_review,
1882,G1882,ἐπανόρθωσις,epanórthōsis,correction,:-- correction.,1,vi,,sự sửa trị,needs_review,
1886,G1886,ἔπαυλις,épaulis,habitation,:--habitation.,1,vi,,nơi ở,needs_review,
1898,G1898,ἐπεισαγωγή,epeisagōgḗ,bringing in,:--bringing in.,1,vi,,sự đem vào,needs_review,
1903,G1903,ἐπενδύτης,ependýtēs,fisher coat,:--fisher's coat.,1,vi,,áo lưới,needs_review,
1906,G1906,ἐπερώτημα,eperṓtēma,pledge,:--answer.,1,vi,,lời hứa,needs_review,
1938,G1938,ἐπιθυμητής,epithymētḗs,lustful person,:--+ lust after.,1,vi,,người ham muốn,needs_review,
1942,G1942,ἐπικάλυμα,epikályma,cloak,:--cloke.,1,vi,,màn che,needs_review,
1946,G1946,Ἐπικούρειος,Epikoúreios,Epicurean,:--Epicurean.,1,vi,,Người theo chủ nghĩa Epicurus,needs_review,
1947,G1947,ἐπικουρία,epikouría,help,:--help.,1,vi,,sự giúp đỡ,needs_review,
1953,G1953,ἐπιλησμονή,epilēsmonḗ,forgetfulness,:--X forgetful.,1,vi,,sự hay quên,needs_review,
1955,G1955,ἐπίλυσις,epílysis,interpretation,:--interpretation.,1,vi,,lời giải nghĩa,needs_review,
1958,G1958,ἐπιμέλεια,epiméleia,care,:--+ refresh  self.,1,vi,,sự chăm sóc,needs_review,
1963,G1963,ἐπίνοια,epínoia,thought,:--thought.,1,vi,,ý tưởng,needs_review,
1974,G1974,ἐπιποθία,epipothía,great desire,:--great desire.,1,vi,,lòng mong ước lớn,needs_review,
1979,G1979,ἐπισιτισμός,episitismós,victuals,:--victuals.,1,vi,,lương thực,needs_review,
1995,G1995,ἐπιστροφή,epistrophḗ,conversion,:--conversion.,1,vi,,sự trở lại,needs_review,
2009,G2009,ἐπιτιμία,epitimía,punishment,:--punishment.,1,vi,,hình phạt,needs_review,
2011,G2011,ἐπιτροπή,epitropḗ,commission,:--commission.,1,vi,,ủy quyền,needs_review,
2030,G2030,ἐπόπτης,epóptēs,eye-witness,:--eye-witness.,1,vi,,người chứng kiến,needs_review,
2031,G2031,ἔπος,épos,word,:--X say.,1,vi,,lời,needs_review,
2055,G2055,ἐρίφιον,eríphion,goat,:--goat.,1,vi,,dê con,needs_review,
2057,G2057,Ἑρμᾶς,Hermâs,Hermas,:--Hermas.,1,vi,,Hẹt-ma,needs_review,
2061,G2061,Ἑρμογένης,Hermogénēs,Hermogenes,:--Hermogenes.,1,vi,,Hẹt-mô-ghen,needs_review,
2069,G2069,Ἐσλί,Eslí,Esli,:--Esli.,1,vi,,Ê-sli,needs_review,
2091,G2091,ἑτοιμασία,hetoimasía,preparation,:--preparation.,1,vi,,sự sẵn sàng,needs_review,
2103,G2103,Εὔβουλος,Eúboulos,Eubulus,:--Eubulus.,1,vi,,Êu-bu-lơ,needs_review,
2105,G2105,εὐδία,eudía,fair weather,:--fair weather.,1,vi,,tiết trời tốt,needs_review,
2110,G2110,εὐεργέτης,euergétēs,benefactor,:--benefactor.,1,vi,,ân nhân,needs_review,
2118,G2118,εὐθύτης,euthýtēs,righteousness,:--righteousness.,1,vi,,sự ngay thẳng,needs_review,
2140,G2140,εὐποιΐα,eupoiḯa,to do good,:--to do  good.,1,vi,,làm lành,needs_review,
2142,G2142,εὐπορία,euporía,wealth,:--wealth.,1,vi,,sự giàu có,needs_review,
2143,G2143,εὐπρέπεια,euprépeia,grace,:--grace.,1,vi,,sự tốt đẹp,needs_review,
2148,G2148,Εὐροκλύδων,Euroklýdōn,Euroclydon,:--Euroklydon.,1,vi,,Êu-rô-clít-đôn,needs_review,
2157,G2157,εὐσχημοσύνη,euschēmosýnē,comeliness,:--comeliness.,1,vi,,sự đoan trang,needs_review,
2160,G2160,εὐτραπελία,eutrapelía,jesting,:--jesting.,1,vi,,chế nhạo,needs_review,
2161,G2161,Εὔτυχος,Eútychos,Eutychus,:--Eutychus.,1,vi,,Êu-tých,needs_review,
2162,G2162,εὐφημία,euphēmía,good report,:--good  report.,1,vi,,lời khen ngợi,needs_review,
2179,G2179,Ἐφεσῖνος,Ephesînos,of Ephesus,:--of Ephesus.,1,vi,,Ê-phê-sô,needs_review,
2182,G2182,ἐφευρετής,epheuretḗs,inventor,:--inventor.,1,vi,,kẻ phát minh,needs_review,
2187,G2187,Ἐφραίμ,Ephraím,Ephraim,:--Ephraim.,1,vi,,Ép-ra-im,needs_review,
2196,G2196,Ζαρά,Zará,Zara,:--Zara.,1,vi,,Xa-ra,needs_review,
2202,G2202,ζευκτηρία,zeuktēría,band,:--band.,1,vi,,dây buộc,needs_review,
2211,G2211,Ζηνᾶς,Zēnâs,Zenas,:--Zenas.,1,vi,,Xê-na,needs_review,
2231,G2231,ἡγεμονία,hēgemonía,reign,:--reign.,1,vi,,sự cai trị,needs_review,
2239,G2239,ἦθος,ēthos,manners,:--manners.,1,vi,,thói quen,needs_review,
2242,G2242,Ἡλί,Hēlí,Heli,:--Heli.,1,vi,,Hê-li,needs_review,
2256,G2256,ἡμιώριον,hēmiṓrion,half an hour,:--half an hour.,1,vi,,nửa giờ,needs_review,
2262,G2262,Ἤρ,Ḗr,Er,:--Er.,1,vi,,Ê-rơ,needs_review,
2267,G2267,Ἡρωδίων,Hērōdíōn,Herodion,:--Herodion.,1,vi,,Hê-rô-đi-ôn,needs_review,
2283,G2283,Θάμαρ,Thámar,Thamar,:--Thamar.,1,vi,,Tha-ma,needs_review,
2291,G2291,Θάρα,Thára,Thara,:--Thara.,1,vi,,Tha-ra,needs_review,
2294,G2294,θάρσος,thársos,courage,:--courage.,1,vi,,lòng can đảm,needs_review,
2295,G2295,θαῦμα,thaûma,wonder,:--admiration.,1,vi,,sự lạ lùng,needs_review,
2305,G2305,θειότης,theiótēs,godhead,:--godhead.,1,vi,,thần tánh,needs_review,
2308,G2308,θέλησις,thélēsis,will,:--will.,1,vi,,ý muốn,needs_review,
2317,G2317,θεοσέβεια,theosébeia,godliness,:--godliness.,1,vi,,lòng kính sợ Đức Chúa Trời,needs_review,
2320,G2320,θεότης,theótēs,godhead,:--godhead.,1,vi,,Thần tánh,needs_review,
2324,G2324,θεράπων,therápōn,servant,:--servant.,1,vi,,đầy tớ,needs_review,
2329,G2329,θέρμη,thérmē,heat,:--heat.,1,vi,,nóng,needs_review,
2333,G2333,Θευδᾶς,Theudâs,Theudas,:--Theudas.,1,vi,,Thêu-đa,needs_review,
2335,G2335,θεωρία,theōría,sight,:--sight.,1,vi,,sự xem thấy,needs_review,
2336,G2336,θήκη,thḗkē,sheath,:--sheath.,1,vi,,bao kiếm,needs_review,
2339,G2339,θήρα,thḗra,trap,:--trap.,1,vi,,bẫy,needs_review,
2353,G2353,θρέμμα,thrémma,cattle,:--cattle.,1,vi,,thú vật,needs_review,
2355,G2355,θρῆνος,thrēnos,lamentation,:--lamentation.,1,vi,,than văn,needs_review,
2361,G2361,θρόμβος,thrómbos,great drop,:--great drop.,1,vi,,cục máu đông,needs_review,
2366,G2366,θύελλα,thýella,tempest,:--tempest.,1,vi,,bão tố,needs_review,
2369,G2369,θυμιαστήριον,thymiastḗrion,censer,:--censer.,1,vi,,bình xông hương,needs_review,
2375,G2375,θυρεός,thyreós,shield,:--shield.,1,vi,,cái thuẫn,needs_review,
2387,G2387,Ἰαμβρῆς,Iambrēs,Jambres,:--Jambres.,1,vi,,Giam-be-rơ,needs_review,
2388,G2388,Ἰαννά,Ianná,Janna,:--Janna.,1,vi,,Gia-na,needs_review,
2389,G2389,Ἰαννῆς,Iannēs,Jannes,:--Jannes.,1,vi,,Gian-nét,needs_review,
2391,G2391,Ἰάρεδ,Iáred,Jared,:--Jared.,1,vi,,Gia-rết,needs_review,
2397,G2397,ἰδέα,idéa,countenance,:--countenance.,1,vi,,diện mạo,needs_review,
2401,G2401,Ἰδουμαία,Idoumaía,Idumaea,:--Idumæa.,1,vi,,Ê-đôm,needs_review,
2402,G2402,ἱδρώς,hidrṓs,sweat,:--sweat.,1,vi,,mồ hôi,needs_review,
2403,G2403,Ἰεζαβήλ,Iezabḗl,Jezebel,:--Jezabel.,1,vi,,Giê-sa-bên,needs_review,
2404,G2404,Ἱεράπολις,Hierápolis,Hierapolis,:--Hierapolis.,1,vi,,Giê-ra-phô-li,needs_review,
2422,G2422,Ἰεφθάε,Iephtháe,Jephthah,:--Jephthah.,1,vi,,Gíp-thê,needs_review,
2426,G2426,ἱκανότης,hikanótēs,sufficiency,:--sufficiency.,1,vi,,sự đầy đủ,needs_review,
2428,G2428,ἱκετηρία,hiketēría,supplication,:--supplication.,1,vi,,sự nài xin,needs_review,
2429,G2429,ἱκμάς,hikmás,moisture,:--moisture.,1,vi,,hơi ẩm,needs_review,
2432,G2432,ἱλαρότης,hilarótēs,cheerfulness,:--cheerfulness.,1,vi,,sự vui lòng,needs_review,
2437,G2437,Ἰλλυρικόν,Illyrikón,Illyricum,:--Illyricum.,1,vi,,I-ly-ri-cơ,needs_review,
2456,G2456,Ἰουλία,Ioulía,Julia,:--Julia.,1,vi,,Giuli,needs_review,
2458,G2458,Ἰουνιᾶς,Iouniâs,Junias,:--Junias.,1,vi,,Giunias,needs_review,
2466,G2466,Ἰσαχάρ,Isachár,Issachar,:--Issachar.,1,vi,,Y-sa-ca,needs_review,
2490,G2490,Ἰωαννᾶς,Iōannâs,Joannas,:--Joannas.,1,vi,,Giô-an-na,needs_review,
2492,G2492,Ἰώβ,Iṓb,Job,:--Job.,1,vi,,Gióp,needs_review,
2493,G2493,Ἰωήλ,Iōḗl,Joel,:--Joel.,1,vi,,Giô-ên,needs_review,
2494,G2494,Ἰωνάν,Iōnán,Jonan,:--Jonan.,1,vi,,Giô-nan,needs_review,
2497,G2497,Ἰωρείμ,Iōreím,Jorim,:--Jorim.,1,vi,,Giô-rim,needs_review,
2503,G2503,ἰῶτα,iōta,jot,:--jot.,1,vi,,chấm,needs_review,
2514,G2514,καθαρότης,katharótēs,purification,:--purification.,1,vi,,sự tinh sạch,needs_review,
2550,G2550,κακοήθεια,kakoḗtheia,malignity,:--malignity.,1,vi,,ác tâm,needs_review,
2552,G2552,κακοπάθεια,kakopátheia,affliction,:--suffering affliction.,1,vi,,sự khổ nạn,needs_review,
2561,G2561,κάκωσις,kákōsis,affliction,:--affliction.,1,vi,,sự khốn khổ,needs_review,
2562,G2562,καλάμη,kalámē,stubble,:--stubble.,1,vi,,rơm,needs_review,
2565,G2565,καλλιέλαιος,kalliélaios,good olive tree,:--good olive tree.,1,vi,,cây ô-li-ve tốt,needs_review,
2582,G2582,Κανδάκη,Kandákē,Candace,:--Candace.,1,vi,,Can-đác,needs_review,
2591,G2591,Κάρπος,Kárpos,Carpus,:--Carpus.,1,vi,,Carpơ,needs_review,
2600,G2600,κατάβασις,katábasis,descent,:--descent.,1,vi,,sự xuống,needs_review,
2604,G2604,καταγγελεύς,katangeleús,setter forth,:--setter forth.,1,vi,,kẻ rao giảng,needs_review,
2640,G2640,κατάλειμμα,katáleimma,remnant,:--remnant.,1,vi,,phần còn lại,needs_review,
2652,G2652,κατανάθεμα,katanáthema,curse,:--curse.,1,vi,,lời nguyền rủa,needs_review,
2659,G2659,κατάνυξις,katányxis,slumber,:--slumber.,1,vi,,ngủ mê,needs_review,
2676,G2676,κατάρτισις,katártisis,perfection,:--perfection.,1,vi,,sự trọn vẹn,needs_review,
2677,G2677,καταρτισμός,katartismós,perfecting,:--perfecting.,1,vi,,sự làm nên trọn vẹn,needs_review,
2685,G2685,κατάσκοπος,katáskopos,spy,:--spy.,1,vi,,thám tử,needs_review,
2688,G2688,κατάστημα,katástēma,behaviour,:--behaviour.,1,vi,,hạnh kiểm,needs_review,
2689,G2689,καταστολή,katastolḗ,apparel,:--apparel.,1,vi,,y phục,needs_review,
2699,G2699,κατατομή,katatomḗ,concision,:--concision.,1,vi,,cắt bỏ,needs_review,
2707,G2707,καταφροντής,kataphrontḗs,despiser,:--despiser.,1,vi,,kẻ khinh dể,needs_review,
2726,G2726,κατήφεια,katḗpheia,heaviness,:--heaviness.,1,vi,,sự nặng nề,needs_review,
2731,G2731,κατοίκησις,katoíkēsis,dwelling,:--dwelling.,1,vi,,sự ở,needs_review,
2733,G2733,κατοικία,katoikía,house,:--habitation.,1,vi,,nhà ở,needs_review,
2735,G2735,κατόρθωμα,katórthōma,very worthy deed,:--very worthy deed.,1,vi,,việc rất xứng đáng,needs_review,
2740,G2740,καῦσις,kaûsis,burning,:--be burned.,1,vi,,sự đốt cháy,needs_review,
2748,G2748,Κεδρών,Kedrṓn,Cedron,:--Cedron.,1,vi,,Kết-rôn,needs_review,
2750,G2750,κειρία,keiría,graveclothes,:--graveclothes.,1,vi,,vải liệm,needs_review,
2752,G2752,κέλευμα,kéleuma,shout,:--shout.,1,vi,,tiếng kêu,needs_review,
2754,G2754,κενοδοξία,kenodoxía,vain-glory,:--vain-glory.,1,vi,,lòng khoe khoang,needs_review,
2766,G2766,κέραμος,kéramos,tiling,:--tiling.,1,vi,,ngói,needs_review,
2769,G2769,κεράτιον,kerátion,husk,:--husk.,1,vi,,vỏ đậu,needs_review,
2772,G2772,κέρμα,kérma,money,:--money.,1,vi,,tiền,needs_review,
2773,G2773,κερματιστής,kermatistḗs,changer of money,:--changer of money.,1,vi,,người đổi tiền,needs_review,
2777,G2777,κεφαλίς,kephalís,volume,:--volume.,1,vi,,cuộn,needs_review,
2780,G2780,κηπουρός,kēpourós,gardener,:--gardener.,1,vi,,người làm vườn,needs_review,
2781,G2781,κηρίον,kēríon,comb,:--(honey-)comb.,1,vi,,tàng ong,needs_review,
2785,G2785,κῆτος,kētos,whale,:--whale.,1,vi,,cá lớn,needs_review,
2792,G2792,κινάμωμον,kinámōmon,cinnamon,:--cinnamon.,1,vi,,quế,needs_review,
2796,G2796,κίνησις,kínēsis,moving,:--moving.,1,vi,,sự chuyển động,needs_review,
2797,G2797,Κίς,Kís,Cis,:--Cis.,1,vi,,Kích,needs_review,
2802,G2802,Κλαύδη,Klaúdē,Clauda,:--Clauda.,1,vi,,Cơ-lô-đê,needs_review,
2803,G2803,Κλαυδία,Klaudía,Claudia,:--Claudia.,1,vi,,Claudia,needs_review,
2809,G2809,κλέμμα,klémma,theft,:--theft.,1,vi,,sự trộm cướp,needs_review,
2810,G2810,Κλεόπας,Kleópas,Cleopas,:--Cleopas.,1,vi,,Clê-ốp,needs_review,
2811,G2811,κλέος,kléos,renown,:--glory.,1,vi,,vinh quang,needs_review,
2815,G2815,Κλήμης,Klḗmēs,Clement,:--Clement.,1,vi,,Cơ-lê-măn,needs_review,
2828,G2828,κλισία,klisía,company,:--company.,1,vi,,đoàn,needs_review,
2832,G2832,Κλωπᾶς,Klōpâs,Clopas,:--Cleophas.,1,vi,,Clô-ba,needs_review,
2834,G2834,Κνίδος,Knídos,Cnidus,:--Cnidus.,1,vi,,Sành-nơ,needs_review,
2838,G2838,κοίμησις,koímēsis,sleep,:--taking of rest.,1,vi,,giấc ngủ,needs_review,
2846,G2846,κοιτών,koitṓn,chamberlain,:--+ chamberlain.,1,vi,,quan thị vệ,needs_review,
2850,G2850,κολακεία,kolakeía,flattery,:-- X flattering.,1,vi,,nịnh hót,needs_review,
2854,G2854,κολλούριον,kolloúrion,eyesalve,:-- eyesalve.,1,vi,,thuốc bôi mắt,needs_review,
2858,G2858,Κολοσσαεύς,Kolossaeús,Colossian,:--Colossian.,1,vi,,người Cô-lô-se,needs_review,
2862,G2862,κολωνία,kolōnía,colony,:--colony.,1,vi,,thuộc địa,needs_review,
2864,G2864,κόμη,kómē,hair,:--hair.,1,vi,,tóc,needs_review,
2870,G2870,κοπετός,kopetós,lamentation,:--lamentation.,1,vi,,sự than khóc,needs_review,
2871,G2871,κοπή,kopḗ,slaughter,:--slaughter.,1,vi,,sự tàn sát,needs_review,
2876,G2876,κόραξ,kórax,raven,:--raven.,1,vi,,quạ,needs_review,
2878,G2878,κορβᾶν,korbân,Corban,":--Corban, treasury.",1,vi,,Cô-ban,needs_review,
2879,G2879,Κορέ,Koré,Korah,:--Core.,1,vi,,Cô-rê,needs_review,
2884,G2884,κόρος,kóros,measure,:--measure.,1,vi,,cô-rơ,needs_review,
2888,G2888,κοσμοκράτωρ,kosmokrátōr,ruler,:--ruler.,1,vi,,kẻ cai trị thế gian,needs_review,
2890,G2890,Κούαρτος,Koúartos,Quartus,:--Quartus.,1,vi,,Quạt-tư,needs_review,
2897,G2897,κραιπάλη,kraipálē,surfeiting,:--surfeiting.,1,vi,,say sưa,needs_review,
2913,G2913,Κρήσκης,Krḗskēs,Crescens,:--Crescens.,1,vi,,Cơ-rết-xen,needs_review,
2915,G2915,κριθή,krithḗ,barley,:--barley.,1,vi,,lúa mạch,needs_review,
2935,G2935,κτήτωρ,ktḗtōr,possessor,:--possessor.,1,vi,,chủ sở hữu,needs_review,
2939,G2939,κτίστης,ktístēs,Creator,:--Creator.,1,vi,,Đấng Tạo Hóa,needs_review,
2940,G2940,κυβεία,kybeía,sleight,:--sleight.,1,vi,,xảo thuật,needs_review,
2941,G2941,κυβέρνησις,kybérnēsis,government,:--government.,1,vi,,sự cai trị,needs_review,
2946,G2946,κύλισμα,kýlisma,wallowing,:--wallowing.,1,vi,,sự lăn lộn,needs_review,
2950,G2950,κύμβαλον,kýmbalon,cymbal,:--cymbal.,1,vi,,chập chõa,needs_review,
2951,G2951,κύμινον,kýminon,cummin,:--cummin.,1,vi,,thì là,needs_review,
2957,G2957,Κυρήνη,Kyrḗnē,Cyrene,:--Cyrene.,1,vi,,Xy-ren,needs_review,
2958,G2958,Κυρήνιος,Kyrḗnios,Cyrenius,:--Cyrenius.,1,vi,,Si-ru-lơ,needs_review,
2966,G2966,κῶλον,kōlon,carcase,:--carcase.,1,vi,,xác chết,needs_review,
2969,G2969,κωμόπολις,kōmópolis,town,:--town.,1,vi,,thị trấn,needs_review,
2971,G2971,κώνωψ,kṓnōps,gnat,:--gnat.,1,vi,,con muỗi,needs_review,
2972,G2972,Κώς,Kṓs,Cos,:--Cos.,1,vi,,Cốt,needs_review,
2973,G2973,Κωσάμ,Kōsám,Cosam,:--Cosam.,1,vi,,Cô-sam,needs_review,
2984,G2984,Λάμεχ,Lámech,Lamech,:--Lamech.,1,vi,,Lê-méc,needs_review,
2987,G2987,λαμπρότης,lamprótēs,brightness,:--brightness.,1,vi,,sự sáng láng,needs_review,
2995,G2995,λάρυγξ,lárynx,throat,:--throat.,1,vi,,họng,needs_review,
2996,G2996,Λασαία,Lasaía,Lasea,:--Lasea.,1,vi,,La-sê,needs_review,
3002,G3002,Λεββαῖος,Lebbaîos,Lebbaeus,:--Lebbæus.,1,vi,,Lê-ba,needs_review,
3005,G3005,λεῖμμα,leîmma,remnant,:--remnant.,1,vi,,phần còn lại,needs_review,
3013,G3013,λεπίς,lepís,scale,:--scale.,1,vi,,vảy,needs_review,
3024,G3024,λήθη,lḗthē,forgetfulness,:--+ forget.,1,vi,,sự quên lãng,needs_review,
3026,G3026,λῆρος,lēros,idle tale,:--idle  tale.,1,vi,,chuyện hão,needs_review,
3028,G3028,λῆμψις,lēmpsis,receiving,:--receiving.,1,vi,,sự nhận lãnh,needs_review,
3032,G3032,Λιβερτῖνος,Libertînos,Libertine,:--Libertine.,1,vi,,Người Lít-bê-tin,needs_review,
3033,G3033,Λιβύη,Libýē,Libya,:--Libya.,1,vi,,Li-by,needs_review,
3044,G3044,Λίνος,Línos,Linus,:--Linus.,1,vi,,Linus,needs_review,
3047,G3047,λίψ,líps,southwest,:--southwest.,1,vi,,tây nam,needs_review,
3055,G3055,λογομαχία,logomachía,strife of words,:--strife of words.,1,vi,,tranh luận về lời nói,needs_review,
3057,G3057,λόγχη,lónchē,spear,:--spear.,1,vi,,cái giáo,needs_review,
3071,G3071,Λυκαονία,Lykaonía,Lycaonia,:--Lycaonia.,1,vi,,Ly-cao-ni,needs_review,
3073,G3073,Λυκία,Lykía,Lycia,:--Lycia.,1,vi,,Lycia,needs_review,
3078,G3078,Λυσανίας,Lysanías,Lysanias,:--Lysanias.,1,vi,,Ly-sa-ni-a,needs_review,
3080,G3080,λύσις,lýsis,release,:--to be loosed.,1,vi,,sự giải cứu,needs_review,
3086,G3086,λυτρωτής,lytrōtḗs,deliverer,:--deliverer.,1,vi,,Đấng Cứu Chuộc,needs_review,
3090,G3090,Λωΐς,Lōḯs,Lois,:--Lois.,1,vi,,Lô-ít,needs_review,
3092,G3092,Μαάθ,Maáth,Maath,:--Maath.,1,vi,,Maath,needs_review,
3093,G3093,Μαγδαλά,Magdalá,Magdala,:--Magdala.,1,vi,,Ma-ga-đan,needs_review,
3095,G3095,μαγεία,mageía,sorcery,:--sorcery.,1,vi,,phù thủy,needs_review,
3098,G3098,Μαγώγ,Magṓg,Magog,:--Magog.,1,vi,,Ma-gốc,needs_review,
3099,G3099,Μαδιάν,Madián,Midian,:--Madian.,1,vi,,Ma-đi-an,needs_review,
3102,G3102,μαθήτρια,mathḗtria,disciple,:--disciple.,1,vi,,môn đồ,needs_review,
3103,G3103,Μαθουσάλα,Mathousála,Methuselah,:--Mathusala.,1,vi,,Ma-tu-sê-la,needs_review,
3111,G3111,μάκελλον,mákellon,shambles,:--shambles.,1,vi,,chợ,needs_review,
3121,G3121,Μαλελεήλ,Maleleḗl,Mahalaleel,:--Maleleel.,1,vi,,Ma-la-lê-ên,needs_review,
3124,G3124,Μάλχος,Málchos,Malchus,:--Malchus.,1,vi,,Mách,needs_review,
3125,G3125,μάμμη,mámmē,grandmother,:--grandmother.,1,vi,,bà,needs_review,
3127,G3127,Μαναήν,Manaḗn,Manaen,:--Manaen.,1,vi,,Ma-na-ên,needs_review,
3130,G3130,μανία,manía,madness,:--(+ make) X mad.,1,vi,,điên cuồng,needs_review,
3139,G3139,μάρμαρος,mármaros,marble,:--marble.,1,vi,,cẩm thạch,needs_review,
3150,G3150,ματαιολογία,mataiología,vain jangling,:--vain jangling.,1,vi,,lời hư không,needs_review,
3160,G3160,Ματταθά,Mattathá,Mattatha,:--Mattatha.,1,vi,,Ma-tha-tha,needs_review,
3174,G3174,μέγεθος,mégethos,greatness,:--greatness.,1,vi,,sự cao trọng,needs_review,
3181,G3181,μεθόριος,methórios,border,:--border.,1,vi,,biên giới,needs_review,
3190,G3190,Μελεᾶς,Meleâs,Melea,:--Meleas.,1,vi,,Mê-lê,needs_review,
3194,G3194,Μελίτη,Melítē,Melita,:--Melita.,1,vi,,Mê-li-tê,needs_review,
3200,G3200,μεμβράνα,membrána,parchment,:--parchment.,1,vi,,giấy da,needs_review,
3312,G3312,μεριστής,meristḗs,divider,:--divider.,1,vi,,kẻ chia rẽ,needs_review,
3320,G3320,μεσότοιχον,mesótoichon,middle wall,:--middle wall.,1,vi,,vách ngăn giữa,needs_review,
3336,G3336,μετάλημψις,metálēmpsis,taking,:--taking.,1,vi,,sự nhận lãnh,needs_review,
3352,G3352,μετοχή,metochḗ,fellowship,:--fellowship.,1,vi,,thông công,needs_review,
3355,G3355,μετρητής,metrētḗs,firkin,:--firkin.,1,vi,,thùng,needs_review,
3370,G3370,Μῆδος,Mēdos,Mede,:--Mede.,1,vi,,Mê-đi,needs_review,
3374,G3374,μηλωτή,mēlōtḗ,sheepskin,:--sheepskin.,1,vi,,da lông chiên,needs_review,
3382,G3382,μηρός,mērós,thigh,:--thigh.,1,vi,,đùi,needs_review,
3389,G3389,μητραλῴας,mētralṓias,murderer of mothers,:--murderer of mothers.,1,vi,,kẻ giết mẹ,needs_review,
3390,G3390,μητρόπολις,mētrópolis,chiefest city,:--chiefest city.,1,vi,,thành phố chính,needs_review,
3393,G3393,μίασμα,míasma,pollution,:--pollution.,1,vi,,ô uế,needs_review,
3394,G3394,μιασμός,miasmós,uncleanness,:--uncleanness.,1,vi,,ô uế,needs_review,
3395,G3395,μίγμα,mígma,mixture,:--mixture.,1,vi,,hỗn hợp,needs_review,
3400,G3400,μίλιον,mílion,mile,:--mile.,1,vi,,dặm,needs_review,
3406,G3406,μισθαποδότης,misthapodótēs,rewarder,:--rewarder.,1,vi,,Đấng ban thưởng,needs_review,
3410,G3410,μίσθωμα,místhōma,hired house,:--hired house.,1,vi,,nhà thuê,needs_review,
3412,G3412,Μιτυλήνη,Mitylḗnē,Mitylene,:--Mitylene.,1,vi,,Mity-len,needs_review,
3416,G3416,Μνάσων,Mnásōn,Mnason,:--Mnason.,1,vi,,Mê-na-sôn,needs_review,
3420,G3420,μνήμη,mnḗmē,remembrance,:--remembrance.,1,vi,,ký ức,needs_review,
3434,G3434,Μολόχ,Molóch,Moloch,:--Moloch.,1,vi,,Mô-lóc,needs_review,
3436,G3436,μολυσμός,molysmós,filthiness,:--filthiness.,1,vi,,sự ô uế,needs_review,
3437,G3437,μομφή,momphḗ,quarrel,:--quarrel.,1,vi,,lời trách móc,needs_review,
3452,G3452,μυελός,myelós,marrow,:--marrow.,1,vi,,tủy,needs_review,
3459,G3459,μύλων,mýlōn,mill,:--mill.,1,vi,,cối xay,needs_review,
3460,G3460,Μύρα,Mýra,Myra,:--Myra.,1,vi,,Myra,needs_review,
3468,G3468,μώλωψ,mṓlōps,stripe,:--stripe.,1,vi,,vết sẹo,needs_review,
3470,G3470,μῶμος,mōmos,blemish,:--blemish.,1,vi,,vết nhơ,needs_review,
3473,G3473,μωρολογία,mōrología,foolish talking,:--foolish talking.,1,vi,,lời nói dại dột,needs_review,
3477,G3477,Ναγγαί,Nangaí,Naggai,:--Nagge.,1,vi,,Nangai,needs_review,
3481,G3481,Ναθάν,Nathán,Nathan,:--Nathan.,1,vi,,Na-than,needs_review,
3484,G3484,Ναΐν,Naḯn,Nain,:--Nain.,1,vi,,Na-in,needs_review,
3486,G3486,Ναούμ,Naoúm,Nahum,:--Naum.,1,vi,,Naum,needs_review,
3488,G3488,Νάρκισσος,Nárkissos,Narcissus,:--Narcissus.,1,vi,,Nạt-xít,needs_review,
3490,G3490,ναύκληρος,naúklēros,owner of a ship,:--owner of a ship.,1,vi,,chủ tàu,needs_review,
3491,G3491,ναῦς,naûs,ship,:--ship.,1,vi,,tàu,needs_review,
3493,G3493,Ναχώρ,Nachṓr,Nahor,:--Nachor.,1,vi,,Na-cô,needs_review,
3496,G3496,Νεάπολις,Neápolis,Neapolis,:--Neapolis.,1,vi,,Nê-a-bô-lít,needs_review,
3497,G3497,Νεεμάν,Neemán,Naaman,:--Naaman.,1,vi,,Na-a-man,needs_review,
3502,G3502,νεοσσός,neossós,chick,:--young.,1,vi,,chim non,needs_review,
3509,G3509,νέφος,néphos,cloud,:--cloud.,1,vi,,đám mây,needs_review,
3510,G3510,νεφρός,nephrós,kidneys,:--reins.,1,vi,,thận,needs_review,
3511,G3511,νεωκόρος,neōkóros,worshipper,:--worshipper.,1,vi,,người thờ phượng,needs_review,
3517,G3517,Νηρεύς,Nēreús,Nereus,:--Nereus.,1,vi,,Nê-rê,needs_review,
3518,G3518,Νηρί,Nērí,Neri,:--Neri.,1,vi,,Nê-ri,needs_review,
3519,G3519,νησίον,nēsíon,island,:--island.,1,vi,,đảo,needs_review,
3526,G3526,Νίγερ,Níger,Niger,:--Niger.,1,vi,,Ni-giê,needs_review,
3527,G3527,Νικάνωρ,Nikánōr,Nicanor,:--Nicanor.,1,vi,,Ni-ca-nô,needs_review,
3529,G3529,νίκη,níkē,victory,:--victory.,1,vi,,sự thắng,needs_review,
3532,G3532,Νικόλαος,Nikólaos,Nicolas,:--Nicolaus.,1,vi,,Ni-cô-la,needs_review,
3535,G3535,Νινευΐ,Nineuḯ,Nineveh,:--Nineve.,1,vi,,Ni-ni-ve,needs_review,
3537,G3537,νιπτήρ,niptḗr,bason,:--bason.,1,vi,,chậu rửa chân,needs_review,
3546,G3546,νόμισμα,nómisma,money,:--money.,1,vi,,tiền,needs_review,
3548,G3548,νομοθεσία,nomothesía,giving of the law,:--giving of the law.,1,vi,,sự ban hành luật pháp,needs_review,
3550,G3550,νομοθέτης,nomothétēs,lawgiver,:--lawgiver.,1,vi,,người lập luật,needs_review,
3553,G3553,νόσημα,nósēma,disease,:--disease.,1,vi,,bệnh tật,needs_review,
3555,G3555,νοσσιά,nossiá,brood,:--brood.,1,vi,,ổ chim,needs_review,
3556,G3556,νοσσίον,nossíon,chicken,:--chicken.,1,vi,,gà con,needs_review,
3561,G3561,νουμηνία,noumēnía,new moon,:--new moon.,1,vi,,trăng mới,needs_review,
3564,G3564,Νυμφᾶς,Nymphâs,Nymphas,:--Nymphas.,1,vi,,Nym-pha,needs_review,
3574,G3574,νυχθήμερον,nychthḗmeron,night and day,:--night and day.,1,vi,,ngày đêm,needs_review,
3577,G3577,νῶτος,nōtos,back,:--back.,1,vi,,lưng,needs_review,
3591,G3591,ὄγκος,ónkos,weight,:--weight.,1,vi,,gánh nặng,needs_review,
3612,G3612,οἴκημα,oíkēma,prison,:--prison.,1,vi,,ngục,needs_review,
3632,G3632,οἰνοφλυγία,oinophlygía,excess of wine,:--excess of wine.,1,vi,,say sưa,needs_review,
3644,G3644,ὀλοθρευτής,olothreutḗs,destroyer,:--destroyer.,1,vi,,kẻ hủy diệt,needs_review,
3647,G3647,ὁλοκληρία,holoklēría,perfect soundness,:--perfect soundness.,1,vi,,sự lành lặn trọn vẹn,needs_review,
3652,G3652,Ὀλυμπᾶς,Olympâs,Olympas,:--Olympas.,1,vi,,Ô-lim-ba,needs_review,
3653,G3653,ὄλυνθος,ólynthos,untimely fig,:--untimely fig.,1,vi,,trái vả non,needs_review,
3655,G3655,ὄμβρος,ómbros,shower,:--shower.,1,vi,,mưa,needs_review,
3657,G3657,ὁμιλία,homilía,communication,:--communication.,1,vi,,sự giao thông,needs_review,
3658,G3658,ὅμιλος,hómilos,company,:--company.,1,vi,,đám đông,needs_review,
3659,G3659,ὄμμα,ómma,eye,:--eye.,1,vi,,mắt,needs_review,
3669,G3669,ὁμοίωσις,homoíōsis,similitude,:--similitude.,1,vi,,sự giống nhau,needs_review,
3678,G3678,ὀνάριον,onárion,young ass,:--young ass.,1,vi,,lừa con,needs_review,
3681,G3681,ὄνειδος,óneidos,reproach,:--reproach.,1,vi,,sự sỉ nhục,needs_review,
3703,G3703,ὀπώρα,opṓra,fruit,:--fruit.,1,vi,,trái cây,needs_review,
3715,G3715,ὄρεξις,órexis,lust,:--lust.,1,vi,,dục dục,needs_review,
3731,G3731,ὅρμημα,hórmēma,violence,:--violence.,1,vi,,sự hung bạo,needs_review,
3734,G3734,ὁροθεσία,horothesía,bound,:--bound.,1,vi,,ranh giới,needs_review,
3750,G3750,ὄσφρησις,ósphrēsis,smelling,:--smelling.,1,vi,,sự ngửi,needs_review,
3773,G3773,Οὐρβανός,Ourbanós,Urbanus,:--Urbanus.,1,vi,,U-rơ-ban,needs_review,
3774,G3774,Οὐρίας,Ourías,Uriah,:--Urias.,1,vi,,U-ri,needs_review,
3790,G3790,ὀφρῦς,ophrŷs,brow,:--brow.,1,vi,,lông mày,needs_review,
3794,G3794,ὀχύρωμα,ochýrōma,stronghold,:--stronghold.,1,vi,,đồn lũy,needs_review,
3821,G3821,παλαιότης,palaiótēs,oldness,:--oldness.,1,vi,,sự cũ,needs_review,
3823,G3823,πάλη,pálē,wrestle,:--+ wrestle.,1,vi,,vật lộn,needs_review,
3829,G3829,πανδοχεῖον,pandocheîon,inn,:--inn.,1,vi,,quán trọ,needs_review,
3830,G3830,πανδοχεύς,pandocheús,host,:--host.,1,vi,,chủ quán,needs_review,
3831,G3831,πανήγυρις,panḗgyris,general assembly,:--general assembly.,1,vi,,hội chung,needs_review,
3835,G3835,πανοῦργος,panoûrgos,crafty,:--crafty.,1,vi,,kẻ xảo quyệt,needs_review,
3859,G3859,παραδιατριβή,paradiatribḗ,perverse disputing,:--perverse disputing.,1,vi,,cuộc cãi lộn bậy bạ,needs_review,
3866,G3866,παραθήκη,parathḗkē,deposit,:--committed unto.,1,vi,,ký thác,needs_review,
3883,G3883,παραλλαγή,parallagḗ,variableness,:--variableness.,1,vi,,sự thay đổi,needs_review,
3889,G3889,παραμυθία,paramythía,comfort,:--comfort.,1,vi,,an ủi,needs_review,
3890,G3890,παραμύθιον,paramýthion,comfort,:--comfort.,1,vi,,an ủi,needs_review,
3892,G3892,παρανομία,paranomía,iniquity,:--iniquity.,1,vi,,sự trái luật pháp,needs_review,
3902,G3902,παράσημος,parásēmos,sign,:--sign.,1,vi,,dấu,needs_review,
3907,G3907,παρατήρησις,paratḗrēsis,observation,:--obervation.,1,vi,,sự quan sát,needs_review,
3913,G3913,παραφρονία,paraphronía,madness,:--madness.,1,vi,,sự điên cuồng,needs_review,
3915,G3915,παραχειμασία,paracheimasía,winter in,:--winter in.,1,vi,,ở lại qua mùa đông,needs_review,
3917,G3917,πάρδαλις,párdalis,leopard,:--leopard.,1,vi,,beo,needs_review,
3929,G3929,πάρεσις,páresis,remission,:--remission.,1,vi,,sự bỏ qua,needs_review,
3931,G3931,παρηγορία,parēgoría,comfort,:--comfort.,1,vi,,an ủi,needs_review,
3932,G3932,παρθενία,parthenía,virginity,:--virginity.,1,vi,,trinh nữ,needs_review,
3934,G3934,Πάρθος,Párthos,Parthian,:--Parthian.,1,vi,,người Pạt-thi,needs_review,
3937,G3937,Παρμενᾶς,Parmenâs,Parmenas,:--Parmenas.,1,vi,,Parmêna,needs_review,
3938,G3938,πάροδος,párodos,way,:--way.,1,vi,,lối đi,needs_review,
3950,G3950,παροργισμός,parorgismós,wrath,:--wrath.,1,vi,,cơn thạnh nộ,needs_review,
3959,G3959,Πάταρα,Pátara,Patara,:--Patara.,1,vi,,Ba-ta-ra,needs_review,
3963,G3963,Πάτμος,Pátmos,Patmos,:--Patmos.,1,vi,,Bát-mô,needs_review,
3964,G3964,πατραλῴας,patralṓias,murderer of fathers,:--murderer of fathers.,1,vi,,kẻ giết cha,needs_review,
3969,G3969,Πατροβᾶς,Patrobâs,Patrobas,:--Patrobas.,1,vi,,Pha-trốp-ba,needs_review,
3988,G3988,πεισμονή,peismonḗ,persuasion,:--persuasion.,1,vi,,sự thuyết phục,needs_review,
3993,G3993,πένης,pénēs,pauper,:--poor.,1,vi,,người nghèo,needs_review,
3995,G3995,πενθερός,pentherós,father in law,:--father in law.,1,vi,,cha,needs_review,
4025,G4025,περίθεσις,períthesis,wearing,:--wearing.,1,vi,,sự đeo,needs_review,
4027,G4027,περικάθαρμα,perikátharma,filth,:--filth.,1,vi,,đồ dơ bẩn,needs_review,
4042,G4042,περιοχή,periochḗ,place,:--place.,1,vi,,chỗ,needs_review,
4067,G4067,περίψωμα,perípsōma,offscouring,:--offscouring.,1,vi,,đồ bỏ đi,needs_review,
4069,G4069,Περσίς,Persís,Persis,:--Persis.,1,vi,,Bơ-sít,needs_review,
4076,G4076,πήγανον,pḗganon,rue,:--rue.,1,vi,,rau ngải,needs_review,
4086,G4086,πιθανολογία,pithanología,enticing words,:--enticing words.,1,vi,,lời nói dỗ dành,needs_review,
4093,G4093,πινακίδιον,pinakídion,writing table,:--writing table.,1,vi,,bảng viết,needs_review,
4096,G4096,πιότης,piótēs,fatness,:--fatness.,1,vi,,sự mầu mỡ,needs_review,
4107,G4107,πλανήτης,planḗtēs,wanderer,:--wandering.,1,vi,,kẻ đi lang thang,needs_review,
4110,G4110,πλάσμα,plásma,thing formed,:--thing formed.,1,vi,,vật tạo nên,needs_review,
4117,G4117,πλέγμα,plégma,broidered hair,:--broidered hair.,1,vi,,tóc bện,needs_review,
4132,G4132,πλήμμυρα,plḗmmyra,flood,:--flood.,1,vi,,lụt,needs_review,
4140,G4140,πλησμονή,plēsmonḗ,satisfying,:--satisfying.,1,vi,,sự thỏa mãn,needs_review,
4162,G4162,ποίησις,poíēsis,deed,:--deed.,1,vi,,việc làm,needs_review,
4175,G4175,πολίτευμα,políteuma,citizenship,:--conversation.,1,vi,,quốc tịch,needs_review,
4180,G4180,πολυλογία,polylogía,much speaking,:--much  speaking.,1,vi,,nói nhiều,needs_review,
4201,G4201,Πόρκιος,Pórkios,Porcius,:--Porcius.,1,vi,,Porcius,needs_review,
4211,G4211,πορφυρόπωλις,porphyrópōlis,seller of purple,:--seller of purple.,1,vi,,người bán hàng tím,needs_review,
4223,G4223,Ποτίολοι,Potíoloi,Puteoli,:--Puteoli.,1,vi,,Pô-ti-ô-li,needs_review,
4224,G4224,πότος,pótos,banqueting,:--banqueting.,1,vi,,yến tiệc,needs_review,
4227,G4227,Πούδης,Poúdēs,Pudens,:--Pudens.,1,vi,,Pơ-đen,needs_review,
4230,G4230,πραγματεία,pragmateía,affair,:--affair.,1,vi,,việc,needs_review,
4247,G4247,πρεσβῦτις,presbŷtis,aged woman,:--aged woman.,1,vi,,bà già,needs_review,
4251,G4251,Πρίσκα,Príska,Prisca,:--Prisca.,1,vi,,Bà Pơ-rít-ca,needs_review,
4259,G4259,προαύλιον,proaúlion,porch,:--porch.,1,vi,,hành lang,needs_review,
4287,G4287,προθέσμιος,prothésmios,time appointed,:--time appointed.,1,vi,,thời hạn định,needs_review,
4299,G4299,πρόκριμα,prókrima,prejudice,:--prefer one before another.,1,vi,,thiên vị,needs_review,
4315,G4315,προσάββατον,prosábbaton,day before the sabbath,:--day before  the sabbath.,1,vi,,ngày trước ngày Sa-bát,needs_review,
4343,G4343,προσκαρτέρησις,proskartérēsis,perseverance,:--perseverance.,1,vi,,sự bền lòng,needs_review,
4344,G4344,προσκεφάλαιον,proskephálaion,pillow,:--pillow.,1,vi,,gối,needs_review,
4346,G4346,πρόσκλισις,prósklisis,partiality,:--partiality.,1,vi,,thiên vị,needs_review,
4349,G4349,προσκοπή,proskopḗ,offence,:--offence.,1,vi,,sự vấp phạm,needs_review,
4353,G4353,προσκυνητής,proskynētḗs,worshipper,:--worshipper.,1,vi,,người thờ phượng,needs_review,
4356,G4356,πρόσληψις,próslēpsis,receiving,:--receiving.,1,vi,,sự tiếp nhận,needs_review,
4368,G4368,προστάτις,prostátis,succourer,:--succourer.,1,vi,,người giúp đỡ,needs_review,
4371,G4371,προσφάγιον,prosphágion,meat,:--meat.,1,vi,,thức ăn,needs_review,
4378,G4378,πρόσχυσις,próschysis,sprinkling,:--sprinkling.,1,vi,,sự rảy,needs_review,
4381,G4381,προσωπολήπτης,prosōpolḗptēs,respecter of persons,:--respecter of persons.,1,vi,,kẻ tây vị người,needs_review,
4402,G4402,Πρόχορος,Próchoros,Prochorus,:--Prochorus.,1,vi,,Ba-rốt,needs_review,
4414,G4414,πρωτοστάτης,prōtostátēs,ringleader,:--ringleader.,1,vi,,kẻ cầm đầu,needs_review,
4415,G4415,πρωτοτόκια,prōtotókia,birthright,:--birthright.,1,vi,,quyền trưởng nam,needs_review,
4418,G4418,πτέρνα,ptérna,heel,:--heel.,1,vi,,gót chân,needs_review,
4423,G4423,πτόησις,ptóēsis,amazement,:--amazement.,1,vi,,sự kinh ngạc,needs_review,
4424,G4424,Πτολεμαΐς,Ptolemaḯs,Ptolemais,:--Ptolemais.,1,vi,,Ptô-lê-mai,needs_review,
4427,G4427,πτύσμα,ptýsma,spittle,:--spittle.,1,vi,,nước miếng,needs_review,
4435,G4435,πυγμή,pygmḗ,fist,:--oft.,1,vi,,nắm tay,needs_review,
4436,G4436,Πύθων,Pýthōn,divination,:-- divination.,1,vi,,thần tà,needs_review,
4466,G4466,Ῥαγαῦ,Rhagaû,Ragau,:--Ragau.,1,vi,,Rê-hu,needs_review,
4467,G4467,ῥᾳδιούργημα,rhaidioúrgēma,lewdness,:--lewdness.,1,vi,,sự dâm dật,needs_review,
4468,G4468,ῥᾳδιουργία,rhaidiourgía,mischief,:--mischief.,1,vi,,sự gian ác,needs_review,
4471,G4471,Ῥαμᾶ,Rhamâ,Rama,:--Rama.,1,vi,,Ra-ma,needs_review,
4477,G4477,Ῥαχάβ,Rhacháb,Rahab,:--Rachab.,1,vi,,Ra-háp,needs_review,
4478,G4478,Ῥαχήλ,Rhachḗl,Rachel,:--Rachel.,1,vi,,Ra-chên,needs_review,
4479,G4479,Ῥεβέκκα,Rhebékka,Rebecca,:--Rebecca.,1,vi,,Rê-bê-ca,needs_review,
4480,G4480,ῥέδα,rhéda,chariot,:--chariot.,1,vi,,xe,needs_review,
4481,G4481,Ῥεμφάν,Rhemphán,Remphan,:--Remphan.,1,vi,,Rê-phan,needs_review,
4484,G4484,Ῥήγιον,Rhḗgion,Rhegium,:--Rhegium.,1,vi,,Rê-gi-ôn,needs_review,
4485,G4485,ῥῆγμα,rhēgma,ruin,:--ruin.,1,vi,,sự đổ nát,needs_review,
4488,G4488,Ῥησά,Rhēsá,Rhesa,:--Rhesa.,1,vi,,Rê-sa,needs_review,
4489,G4489,ῥήτωρ,rhḗtōr,orator,:--orator.,1,vi,,nhà hùng biện,needs_review,
4493,G4493,ῥιπή,rhipḗ,twinkling,:--twinkling.,1,vi,,chớp mắt,needs_review,
4498,G4498,Ῥόδη,Rhódē,Rhoda,:--Rhoda.,1,vi,,Rô-đơ,needs_review,
4499,G4499,Ῥόδος,Rhódos,Rhodes,:--Rhodes.,1,vi,,Rô-đơ,needs_review,
4502,G4502,Ῥουβήν,Rhoubḗn,Reuben,:--Reuben.,1,vi,,Ru-bên,needs_review,
4503,G4503,Ῥούθ,Rhoúth,Ruth,:--Ruth.,1,vi,,Ru-tơ,needs_review,
4507,G4507,ῥυπαρία,rhyparía,turpitude,:--turpitude.,1,vi,,sự ô uế,needs_review,
4509,G4509,ῥύπος,rhýpos,filth,:--filth.,1,vi,,dơ dáy,needs_review,
4512,G4512,ῥυτίς,rhytís,wrinkle,:--wrinkle.,1,vi,,nếp nhăn,needs_review,
4520,G4520,σαββατισμός,sabbatismós,rest,:--rest.,1,vi,,sự yên nghỉ,needs_review,
4522,G4522,σαγήνη,sagḗnē,net,:--net.,1,vi,,lưới,needs_review,
4527,G4527,Σαλά,Salá,Sala,:--Sala.,1,vi,,Sê-la,needs_review,
4529,G4529,Σαλαμίς,Salamís,Salamis,:--Salamis.,1,vi,,Sa-la-min,needs_review,
4530,G4530,Σαλείμ,Saleím,Salim,:--Salim.,1,vi,,Sa-lim,needs_review,
4534,G4534,Σαλμώνη,Salmṓnē,Salmone,:--Salmone.,1,vi,,Salmôn,needs_review,
4535,G4535,σάλος,sálos,wave,:--wave.,1,vi,,sóng,needs_review,
4538,G4538,σαλπιστής,salpistḗs,trumpeter,:--trumpeter.,1,vi,,kèn thổi,needs_review,
4543,G4543,Σαμοθρᾴκη,Samothráikē,Samothrace,:--Samothracia.,1,vi,,Sa-mô-tra-sơ,needs_review,
4544,G4544,Σάμος,Sámos,Samos,:--Samos.,1,vi,,Sa-mốt,needs_review,
4546,G4546,Σαμψών,Sampsṓn,Samson,:--Samson.,1,vi,,Sam-sôn,needs_review,
4548,G4548,σανίς,sanís,board,:--board.,1,vi,,ván,needs_review,
4551,G4551,Σαπφείρη,Sappheírē,Sapphira,:--Sapphira.,1,vi,,Sapphira,needs_review,
4552,G4552,σάπφειρος,sáppheiros,sapphire,:--sapphire.,1,vi,,ngọc bích,needs_review,
4553,G4553,σαργάνη,sargánē,basket,:--basket.,1,vi,,cái giỏ,needs_review,
4555,G4555,σάρδινος,sárdinos,sardius,:--sardine.,1,vi,,sác-đi,needs_review,
4557,G4557,σαρδόνυξ,sardónyx,sardonyx,:-- sardonyx.,1,vi,,ngọc sắc,needs_review,
4558,G4558,Σάρεπτα,Sárepta,Sarepta,:--Sarepta.,1,vi,,Sa-rép-ta,needs_review,
4562,G4562,Σαρούχ,Saroúch,Saruch,:--Saruch.,1,vi,,Sa-rúc,needs_review,
4566,G4566,Σατᾶν,Satân,Satan,:--Satan.,1,vi,,Sa-tan,needs_review,
4577,G4577,σειρά,seirá,chain,:--chain.,1,vi,,xiềng,needs_review,
4580,G4580,Σεκοῦνδος,Sekoûndos,Secundus,:--Secundus.,1,vi,,Sê-cun-đu,needs_review,
4581,G4581,Σελεύκεια,Seleúkeia,Seleucia,:--Seleucia.,1,vi,,Sê-lơ-xi,needs_review,
4584,G4584,Σεμεΐ,Semeḯ,Semei,:--Semei.,1,vi,,Sê-mê,needs_review,
4585,G4585,σεμίδαλις,semídalis,fine flour,:--fine flour.,1,vi,,bột lọc,needs_review,
4588,G4588,Σέργιος,Sérgios,Sergius,:--Sergius.,1,vi,,SẾt-giơ,needs_review,
4589,G4589,Σήθ,Sḗth,Seth,:--Seth.,1,vi,,Sết,needs_review,
4590,G4590,Σήμ,Sḗm,Shem,:-- Sem.,1,vi,,Sem,needs_review,
4604,G4604,σίδηρος,sídēros,iron,:--iron.,1,vi,,sắt,needs_review,
4607,G4607,σικάριος,sikários,murderer,:--murderer.,1,vi,,kẻ giết người,needs_review,
4608,G4608,σίκερα,síkera,strong drink,:--strong drink.,1,vi,,rượu mạnh,needs_review,
4612,G4612,σιμικίνθιον,simikínthion,apron,:--apron.,1,vi,,tạp dề,needs_review,
4620,G4620,σιτόμετρον,sitómetron,portion of meat,:--portion of meat.,1,vi,,phần đồ ăn,needs_review,
4629,G4629,σκέπασμα,sképasma,raiment,:--raiment.,1,vi,,quần áo,needs_review,
4630,G4630,Σκευᾶς,Skeuâs,Sceva,:--Sceva.,1,vi,,Sê-va,needs_review,
4631,G4631,σκευή,skeuḗ,tackling,:--tackling.,1,vi,,đồ dùng,needs_review,
4634,G4634,σκηνοπηγία,skēnopēgía,tabernacles,:--tabernacles.,1,vi,,Lễ Lều Tạm,needs_review,
4635,G4635,σκηνοποιός,skēnopoiós,tent-maker,:--tent-maker.,1,vi,,thợ may trại,needs_review,
4643,G4643,σκληρότης,sklērótēs,hardness,:--hardness.,1,vi,,cứng lòng,needs_review,
4647,G4647,σκόλοψ,skólops,thorn,:--thorn.,1,vi,,cái dằm,needs_review,
4649,G4649,σκοπός,skopós,mark,:--mark.,1,vi,,mục đích,needs_review,
4657,G4657,σκύβαλον,skýbalon,dung,:--dung.,1,vi,,phân,needs_review,
4658,G4658,Σκύθης,Skýthēs,Scythian,:--Scythian.,1,vi,,người Sy-the,needs_review,
4661,G4661,σκῦλον,skŷlon,spoil,:--spoil.,1,vi,,chiến lợi phẩm,needs_review,
4665,G4665,σμάραγδος,smáragdos,emerald,:--emerald.,1,vi,,ngọc lục bảo,needs_review,
4667,G4667,Σμύρνα,Smýrna,Smyrna,:--Smyrna.,1,vi,,Smyrna,needs_review,
4668,G4668,Σμυρναῖος,Smyrnaîos,Smyrnaean,:--in Smyrna.,1,vi,,người thành Si-mẹt-nơ,needs_review,
4673,G4673,σορός,sorós,bier,:--bier.,1,vi,,quan tài,needs_review,
4677,G4677,Σουσάννα,Sousánna,Susanna,:--Susanna.,1,vi,,Su-san-na,needs_review,
4688,G4688,σπεκουλάτωρ,spekoulátōr,executioner,:--executioner.,1,vi,,lính thị vệ,needs_review,
4694,G4694,σπιλάς,spilás,spot,:--spot (by  confusion with ).,1,vi,,vết nhơ,needs_review,
4701,G4701,σπορά,sporá,seed,:--seed.,1,vi,,hạt giống,needs_review,
4713,G4713,στάμνος,stámnos,pot,:--pot.,1,vi,,bình,needs_review,
4715,G4715,στατήρ,statḗr,stater,:--piece of money.,1,vi,,đồng tiền,needs_review,
4720,G4720,Στάχυς,Stáchys,Stachys,:--Stachys.,1,vi,,Stachơ,needs_review,
4725,G4725,στέμμα,stémma,garland,:--garland.,1,vi,,vòng hoa,needs_review,
4733,G4733,στερέωμα,steréōma,stedfastness,:--stedfastness.,1,vi,,sự vững bền,needs_review,
4740,G4740,στηριγμός,stērigmós,stedfastness,:--stedfastness.,1,vi,,sự vững vàng,needs_review,
4742,G4742,στίγμα,stígma,mark,:--mark.,1,vi,,dấu,needs_review,
4743,G4743,στιγμή,stigmḗ,moment,:--moment.,1,vi,,khoảnh khắc,needs_review,
4746,G4746,στοιβάς,stoibás,branch,:--branch.,1,vi,,nhánh,needs_review,
4751,G4751,στόμαχος,stómachos,stomach,:--stomach.,1,vi,,dạ dày,needs_review,
4759,G4759,στρατοπεδάρχης,stratopedárchēs,captain of the guard,:--captain of the guard.,1,vi,,quan thủ ngục,needs_review,
4760,G4760,στρατόπεδον,stratópedon,army,:--army.,1,vi,,đạo quân,needs_review,
4764,G4764,στρῆνος,strēnos,delicacy,:--delicacy.,1,vi,,xa xa,needs_review,
4774,G4774,συγγνώμη,syngnṓmē,permission,:--permission.,1,vi,,sự cho phép,needs_review,
4783,G4783,συγκατάθεσις,synkatáthesis,agreement,:--agreement.,1,vi,,sự hiệp ý,needs_review,
4795,G4795,συγκυρία,synkyría,chance,:--chance.,1,vi,,sự tình cờ,needs_review,
4799,G4799,σύγχυσις,sýnchysis,confusion,:--confusion.,1,vi,,sự hỗn loạn,needs_review,
4804,G4804,συζητητής,syzētētḗs,disputer,:--disputer.,1,vi,,kẻ bàn luận,needs_review,
4807,G4807,συκάμινος,sykáminos,sycamine tree,:--sycamine tree.,1,vi,,cây sung,needs_review,
4809,G4809,συκομωραία,sykomōraía,sycamore tree,:--sycamore  tree.,1,vi,,cây sung,needs_review,
4825,G4825,σύμβουλος,sýmboulos,counsellor,:--counsellor.,1,vi,,cố vấn,needs_review,
4827,G4827,συμμαθητής,symmathētḗs,fellow disciple,:--fellow disciple.,1,vi,,bạn đồng môn,needs_review,
4831,G4831,συμμιμητής,symmimētḗs,follower together,:--follower together.,1,vi,,người cùng bắt chước,needs_review,
4847,G4847,συμπολίτης,sympolítēs,fellow citizen,:--fellow- citizen.,1,vi,,đồng bào,needs_review,
4850,G4850,συμπρεσβύτερος,sympresbýteros,presbyter,":--presbyter, also an elder.",1,vi,,trưởng lão,needs_review,
4853,G4853,συμφυλέτης,symphylétēs,countryman,:--countryman.,1,vi,,đồng bào,needs_review,
4857,G4857,συμφώνησις,symphṓnēsis,concord,:--concord.,1,vi,,sự hòa thuận,needs_review,
4858,G4858,συμφωνία,symphōnía,music,:--music.,1,vi,,nhạc,needs_review,
4877,G4877,συνάντησις,synántēsis,meeting,:--meet.,1,vi,,cuộc gặp,needs_review,
4890,G4890,συνδρομή,syndromḗ,concourse,:--run together.,1,vi,,sự chạy xô lại,needs_review,
4915,G4915,συνηλικιώτης,synēlikiṓtēs,equal,:--equal.,1,vi,,bạn đồng lứa,needs_review,
4923,G4923,συνοδία,synodía,company,:--company.,1,vi,,đoàn,needs_review,
4938,G4938,σύντριμμα,sýntrimma,destruction,:--destruction.,1,vi,,sự hủy diệt,needs_review,
4941,G4941,Συντύχη,Syntýchē,Syntyche,:--Syntyche.,1,vi,,Syntyche,needs_review,
4945,G4945,συνωμοσία,synōmosía,conspiracy,:--comspiracy.,1,vi,,âm mưu,needs_review,
4946,G4946,Συράκουσαι,Syrákousai,Syracuse,:--Syracuse.,1,vi,,Si-ra-cu-sơ,needs_review,
4948,G4948,Σύρος,Sýros,Syrian,:--Syrian.,1,vi,,người Sy-ri,needs_review,
4949,G4949,Συροφοίνισσα,Syrophoínissa,Syrophoenician,:--Syrophenician.,1,vi,,người Sy-rô-phê-ni-xi,needs_review,
4950,G4950,σύρτις,sýrtis,quicksands,:--quicksands.,1,vi,,cát lún,needs_review,
4953,G4953,σύσσημον,sýssēmon,token,:--token.,1,vi,,dấu hiệu,needs_review,
4955,G4955,συστασιαστής,systasiastḗs,make insurrection with,:--make insurrection with.,1,vi,,kẻ đồng loạn,needs_review,
4965,G4965,Συχάρ,Sychár,Sychar,:--Sychar.,1,vi,,Si-kha,needs_review,
4968,G4968,σφάγιον,sphágion,slain beast,:--slain beast.,1,vi,,thú bị giết,needs_review,
4974,G4974,σφυρόν,sphyrón,ankle bone,:--ancle bone.,1,vi,,mắt cá chân,needs_review,
4981,G4981,σχολή,scholḗ,school,:--school.,1,vi,,trường học,needs_review,
4986,G4986,Σώπατρος,Sṓpatros,Sopater,:--Sopater.,1,vi,,Sô-ba-tê,needs_review,
4989,G4989,Σωσίπατρος,Sōsípatros,Sosipater,:--Sosipater.,1,vi,,Sô-si-ba-tê,needs_review,
4995,G4995,σωφρονισμός,sōphronismós,sound mind,:--sound mind.,1,vi,,sự tâm trí lành mạnh,needs_review,
4999,G4999,Ταβέρναι,Tabérnai,Taverns,:--taverns.,1,vi,,Quán trọ,needs_review,
5001,G5001,τάγμα,tágma,order,:--order.,1,vi,,ban,needs_review,
5027,G5027,ταφή,taphḗ,burial,:--X bury.,1,vi,,sự chôn,needs_review,
5039,G5039,τεκμήριον,tekmḗrion,infallible proof,:--infallible  proof.,1,vi,,bằng chứng chắc chắn,needs_review,
5042,G5042,τεκνογονία,teknogonía,childbearing,:--childbearing.,1,vi,,sự sanh con,needs_review,
5051,G5051,τελειωτής,teleiōtḗs,finisher,:--finisher.,1,vi,,Đấng làm cho trọn,needs_review,
5054,G5054,τελευτή,teleutḗ,death,:--death.,1,vi,,sự chết,needs_review,
5060,G5060,Τέρτιος,Tértios,Tertius,:--Tertius.,1,vi,,Tẹt-tiu,needs_review,
5069,G5069,τετράδιον,tetrádion,quaternion,:--quaternion.,1,vi,,tứ đội,needs_review,
5086,G5086,Τιβέριος,Tibérios,Tiberius,:--Tiberius.,1,vi,,Ti-be-rơ,needs_review,
5090,G5090,Τιμαῖος,Timaîos,Timaeus,:--Timæus.,1,vi,,Ti-mê,needs_review,
5094,G5094,τιμιότης,timiótēs,costliness,:--costliness.,1,vi,,sự quý giá,needs_review,
5096,G5096,Τίμων,Tímōn,Timon,:--Timon.,1,vi,,Ti-môn,needs_review,
5098,G5098,τιμωρία,timōría,punishment,:--punishment.,1,vi,,hình phạt,needs_review,
5109,G5109,τοῖχος,toîchos,wall,:--wall.,1,vi,,tường,needs_review,
5113,G5113,τολμητής,tolmētḗs,daredevil,:--presumptuous.,1,vi,,kẻ cả gan,needs_review,
5115,G5115,τόξον,tóxon,bow,:--bow.,1,vi,,cây cung,needs_review,
5116,G5116,τοπάζιον,topázion,topaz,:--topaz.,1,vi,,topaz,needs_review,
5133,G5133,τραπεζίτης,trapezítēs,exchanger,:--exchanger.,1,vi,,người đổi bạc,needs_review,
5134,G5134,τραῦμα,traûma,wound,:--wound.,1,vi,,vết thương,needs_review,
5139,G5139,Τραχωνῖτις,Trachōnîtis,Trachonitis,:--Trachonitis.,1,vi,,Trachôn,needs_review,
5148,G5148,τριετία,trietía,space of three years,:--space of three years.,1,vi,,ba năm,needs_review,
5152,G5152,τρίστεγον,trístegon,third loft,:--third loft.,1,vi,,tầng thứ ba,needs_review,
5157,G5157,τροπή,tropḗ,turning,:--turning.,1,vi,,sự biến hóa,needs_review,
5162,G5162,τροφός,trophós,nurse,:--nurse.,1,vi,,vú nuôi,needs_review,
5163,G5163,τροχιά,trochiá,path,:--path.,1,vi,,đường,needs_review,
5164,G5164,τροχός,trochós,course,:--course.,1,vi,,vòng đời,needs_review,
5167,G5167,τρυγών,trygṓn,turtle-dove,:--turtle-dove.,1,vi,,chim cu,needs_review,
5169,G5169,τρύπημα,trýpēma,eye,:--eye.,1,vi,,lỗ,needs_review,
5170,G5170,Τρύφαινα,Trýphaina,Tryphaena,:--Tryphena.,1,vi,,Trơ-phiên,needs_review,
5173,G5173,Τρυφῶσα,Tryphōsa,Tryphosa,:--Tryphosa.,1,vi,,Trơ-phô-sa,needs_review,
5175,G5175,Τρωγύλλιον,Trōgýllion,Trogyllium,:--Trogyllium.,1,vi,,Trogyllium,needs_review,
5181,G5181,Τύραννος,Týrannos,Tyrannus,:--Tyrannus.,1,vi,,Ty-răn-nơ,needs_review,
5183,G5183,Τύριος,Týrios,Tyrian,:--of Tyre.,1,vi,,dân thành Ty-rơ,needs_review,
5192,G5192,ὑάκινθος,hyákinthos,jacinth,:-- jacinth.,1,vi,,hyacinth,needs_review,
5208,G5208,ὕλη,hýlē,wood,:--matter.,1,vi,,gỗ,needs_review,
5222,G5222,ὑπάντησις,hypántēsis,meeting,:--meeting.,1,vi,,sự gặp,needs_review,
5243,G5243,ὑπερηφανία,hyperēphanía,pride,:--pride.,1,vi,,tính kiêu ngạo,needs_review,
5261,G5261,ὑπογραμμός,hypogrammós,example,:--example.,1,vi,,gương,needs_review,
5276,G5276,ὑπολήνιον,hypolḗnion,winefat,:--winefat.,1,vi,,hầm rượu,needs_review,
5283,G5283,ὑπόνοια,hypónoia,surmising,:--surmising.,1,vi,,sự nghi ngờ,needs_review,
5289,G5289,ὑποστολή,hypostolḗ,draw back,:--draw  back.,1,vi,,sự rút lui,needs_review,
5300,G5300,ὗς,hŷs,sow,:--sow.,1,vi,,heo cái,needs_review,
5317,G5317,Φάλεκ,Phálek,Phalec,:--Phalec.,1,vi,,Phaléc,needs_review,
5322,G5322,φανός,phanós,lantern,:--lantern.,1,vi,,đèn,needs_review,
5323,G5323,Φανουήλ,Phanouḗl,Phanuel,:--Phanuel.,1,vi,,Phanuel,needs_review,
5325,G5325,φαντασία,phantasía,pomp,:--pomp.,1,vi,,sự phô trương,needs_review,
5327,G5327,φάραγξ,pháranx,valley,:--valley.,1,vi,,thung lũng,needs_review,
5332,G5332,φαρμακεύς,pharmakeús,sorcerer,:--sorcerer.,1,vi,,thầy phù thủy,needs_review,
5333,G5333,φάρμακος,phármakos,sorcerer,:--sorcerer.,1,vi,,thầy phù thủy,needs_review,
5334,G5334,φάσις,phásis,tidings,:--tidings.,1,vi,,tin tức,needs_review,
5365,G5365,φιλαργυρία,philargyría,love of money,:--love of money.,1,vi,,lòng tham tiền,needs_review,
5372,G5372,Φίλητος,Phílētos,Philetus,:--Philetus.,1,vi,,Phi-lết,needs_review,
5373,G5373,φιλία,philía,friendship,:--friendship.,1,vi,,tình bạn,needs_review,
5378,G5378,Φιλόλογος,Philólogos,Philologus,:--Philologus.,1,vi,,Phi-lô-lô,needs_review,
5379,G5379,φιλονεικία,philoneikía,strife,:--strife.,1,vi,,sự tranh cạnh,needs_review,
5385,G5385,φιλοσοφία,philosophía,philosophy,:--philosophy.,1,vi,,triết học,needs_review,
5386,G5386,φιλόσοφος,philósophos,philosopher,:--philosopher.,1,vi,,nhà triết học,needs_review,
5393,G5393,Φλέγων,Phlégōn,Phlegon,:--Phlegon.,1,vi,,Phlê-gôn,needs_review,
5400,G5400,φόβητρον,phóbētron,fearful sight,:--fearful sight.,1,vi,,cảnh tượng đáng sợ,needs_review,
5405,G5405,Φοῖνιξ,Phoînix,Phoenix,:--Phenice.,1,vi,,Phê-nít,needs_review,
5410,G5410,Φόρον,Phóron,Forum,:--forum.,1,vi,,Phố,needs_review,
5414,G5414,φόρτος,phórtos,lading,:--lading.,1,vi,,hàng hóa,needs_review,
5416,G5416,φραγέλλιον,phragéllion,scourge,:--scourge.,1,vi,,roi,needs_review,
5423,G5423,φρεναπάτης,phrenapátēs,deceiver,:--deceiver.,1,vi,,kẻ lừa dối,needs_review,
5434,G5434,φρύγανον,phrýganon,stick,:--stick.,1,vi,,cây củi khô,needs_review,
5436,G5436,Φύγελλος,Phýgellos,Phygellus,:--Phygellus.,1,vi,,Phy-ghen,needs_review,
5440,G5440,φυλακτήριον,phylaktḗrion,phylactery,:-- phylactery.,1,vi,,dây bọc trán,needs_review,
5450,G5450,φυσίωσις,physíōsis,swelling,:--swelling.,1,vi,,sự kiêu ngạo,needs_review,
5451,G5451,φυτεία,phyteía,plant,:--plant.,1,vi,,cây trồng,needs_review,
5466,G5466,Χαλδαῖος,Chaldaîos,Chaldean,:--Chaldæan.,1,vi,,Canh-đê,needs_review,
5471,G5471,χαλκεύς,chalkeús,coppersmith,:--coppersmith.,1,vi,,thợ đồng,needs_review,
5472,G5472,χαλκηδών,chalkēdṓn,chalcedony,:--chalcedony.,1,vi,,ngọc chalcedon,needs_review,
5473,G5473,χαλκίον,chalkíon,brazen vessel,:--brazen vessel.,1,vi,,bằng đồng,needs_review,
5481,G5481,χαρακτήρ,charaktḗr,express image,:--express image.,1,vi,,hình ảnh rõ rệt,needs_review,
5482,G5482,χάραξ,chárax,trench,:--trench.,1,vi,,hào,needs_review,
5489,G5489,χάρτης,chártēs,paper,:--paper.,1,vi,,giấy,needs_review,
5490,G5490,χάσμα,chásma,gulf,:--gulf.,1,vi,,vực,needs_review,
5493,G5493,χείμαῤῥος,cheímarrhos,brook,:--brook.,1,vi,,suối,needs_review,
5497,G5497,χειραγωγός,cheiragōgós,some to lead by the hand,:--some to lead by the hand.,1,vi,,người dắt tay,needs_review,
5498,G5498,χειρόγραφον,cheirógraphon,handwriting,:--handwriting.,1,vi,,chứng thư tay,needs_review,
5502,G5502,χερουβίμ,cheroubím,cherubims,:--cherubims.,1,vi,,chê-ru-bim,needs_review,
5508,G5508,Χίος,Chíos,Chios,:--Chios.,1,vi,,Chiót,needs_review,
5514,G5514,Χλόη,Chlóē,Chloe,:--Chloe.,1,vi,,Chloe,needs_review,
5525,G5525,χορός,chorós,dancing,:--dancing.,1,vi,,nhảy múa,needs_review,
5527,G5527,χόρτασμα,chórtasma,sustenance,:--sustenance.,1,vi,,đồ ăn,needs_review,
5529,G5529,Χουζᾶς,Chouzâs,Chuza,:--Chuza.,1,vi,,Chu-xa,needs_review,
5538,G5538,χρηματισμός,chrēmatismós,answer of God,:--answer of God.,1,vi,,lời Đức Chúa Trời phán,needs_review,
5542,G5542,χρηστολογία,chrēstología,flattery,:--good words.,1,vi,,lời nói ngọt ngào,needs_review,
5555,G5555,χρυσόλιθος,chrysólithos,chrysolite,:--chrysolite.,1,vi,,hoàng ngọc,needs_review,
5556,G5556,χρυσόπρασος,chrysóprasos,chrysoprase,:--chrysoprase.,1,vi,,Kim ngọc,needs_review,
5559,G5559,χρώς,chrṓs,skin,:--body.,1,vi,,da,needs_review,
5566,G5566,χῶρος,chōros,north west,:--north west.,1,vi,,tây bắc,needs_review,
5570,G5570,ψευδαπόστολος,pseudapóstolos,false apostle,:--false  teacher.,1,vi,,kẻ giả sứ đồ,needs_review,
5572,G5572,ψευδοδιδάσκαλος,pseudodidáskalos,false teacher,:--false teacher.,1,vi,,giáo sư giả,needs_review,
5582,G5582,ψεῦσμα,pseûsma,lie,:--lie.,1,vi,,lời nói dối,needs_review,
5587,G5587,ψιθυρισμός,psithyrismós,whispering,:--whispering.,1,vi,,lời thì thầm,needs_review,
5588,G5588,ψιθυριστής,psithyristḗs,whisperer,:--whisperer.,1,vi,,kẻ nói hành,needs_review,
5609,G5609,ὠόν,ōón,egg,:--egg.,1,vi,,trứng,needs_review,
5617,G5617,Ὡσηέ,Hōsēé,Hosea,:--Osee.,1,vi,,Ô-sê,needs_review,
