target_ref,action,source_refs
1CH 1:1,COPY_OR_MERGE,1Chr.1.1
1CH 1:2,COPY_OR_MERGE,1Chr.1.2
1CH 1:3,COPY_OR_MERGE,1Chr.1.3
1CH 1:4,COPY_OR_MERGE,1Chr.1.4
1CH 1:5,COPY_OR_MERGE,1Chr.1.5
1CH 1:6,COPY_OR_MERGE,1Chr.1.6
1CH 1:7,COPY_OR_MERGE,1Chr.1.7
1CH 1:8,COPY_OR_MERGE,1Chr.1.8
1CH 1:9,COPY_OR_MERGE,1Chr.1.9
1CH 1:10,COPY_OR_MERGE,1Chr.1.10
1CH 1:11,COPY_OR_MERGE,1Chr.1.11
1CH 1:12,COPY_OR_MERGE,1Chr.1.12
1CH 1:13,COPY_OR_MERGE,1Chr.1.13
1CH 1:14,COPY_OR_MERGE,1Chr.1.14
1CH 1:15,COPY_OR_MERGE,1Chr.1.15
1CH 1:16,COPY_OR_MERGE,1Chr.1.16
1CH 1:17,COPY_OR_MERGE,1Chr.1.17
1CH 1:18,COPY_OR_MERGE,1Chr.1.18
1CH 1:19,COPY_OR_MERGE,1Chr.1.19
1CH 1:20,COPY_OR_MERGE,1Chr.1.20
1CH 1:21,COPY_OR_MERGE,1Chr.1.21
1CH 1:22,COPY_OR_MERGE,1Chr.1.22
1CH 1:23,COPY_OR_MERGE,1Chr.1.23
1CH 1:24,COPY_OR_MERGE,1Chr.1.24
1CH 1:25,COPY_OR_MERGE,1Chr.1.25
1CH 1:26,COPY_OR_MERGE,1Chr.1.26
1CH 1:27,COPY_OR_MERGE,1Chr.1.27
1CH 1:28,COPY_OR_MERGE,1Chr.1.28
1CH 1:29,COPY_OR_MERGE,1Chr.1.29
1CH 1:30,COPY_OR_MERGE,1Chr.1.30
1CH 1:31,COPY_OR_MERGE,1Chr.1.31
1CH 1:32,COPY_OR_MERGE,1Chr.1.32
1CH 1:33,COPY_OR_MERGE,1Chr.1.33
1CH 1:34,COPY_OR_MERGE,1Chr.1.34
1CH 1:35,COPY_OR_MERGE,1Chr.1.35
1CH 1:36,COPY_OR_MERGE,1Chr.1.36
1CH 1:37,COPY_OR_MERGE,1Chr.1.37
1CH 1:38,COPY_OR_MERGE,1Chr.1.38
1CH 1:39,COPY_OR_MERGE,1Chr.1.39
1CH 1:40,COPY_OR_MERGE,1Chr.1.40
1CH 1:41,COPY_OR_MERGE,1Chr.1.41
1CH 1:42,COPY_OR_MERGE,1Chr.1.42
1CH 1:43,COPY_OR_MERGE,1Chr.1.43
1CH 1:44,COPY_OR_MERGE,1Chr.1.44
1CH 1:45,COPY_OR_MERGE,1Chr.1.45
1CH 1:46,COPY_OR_MERGE,1Chr.1.46
1CH 1:47,COPY_OR_MERGE,1Chr.1.47
1CH 1:48,COPY_OR_MERGE,1Chr.1.48
1CH 1:49,COPY_OR_MERGE,1Chr.1.49
1CH 1:50,COPY_OR_MERGE,1Chr.1.50
1CH 1:51,COPY_OR_MERGE,1Chr.1.51
1CH 1:52,COPY_OR_MERGE,1Chr.1.52
1CH 1:53,COPY_OR_MERGE,1Chr.1.53
1CH 1:54,COPY_OR_MERGE,1Chr.1.54
1CH 2:1,COPY_OR_MERGE,1Chr.2.1
1CH 2:2,COPY_OR_MERGE,1Chr.2.2
1CH 2:3,COPY_OR_MERGE,1Chr.2.3
1CH 2:4,COPY_OR_MERGE,1Chr.2.4
1CH 2:5,COPY_OR_MERGE,1Chr.2.5
1CH 2:6,COPY_OR_MERGE,1Chr.2.6
1CH 2:7,COPY_OR_MERGE,1Chr.2.7
1CH 2:8,COPY_OR_MERGE,1Chr.2.8
1CH 2:9,COPY_OR_MERGE,1Chr.2.9
1CH 2:10,COPY_OR_MERGE,1Chr.2.10
1CH 2:11,COPY_OR_MERGE,1Chr.2.11
1CH 2:12,COPY_OR_MERGE,1Chr.2.12
1CH 2:13,COPY_OR_MERGE,1Chr.2.13
1CH 2:14,COPY_OR_MERGE,1Chr.2.14
1CH 2:15,COPY_OR_MERGE,1Chr.2.15
1CH 2:16,COPY_OR_MERGE,1Chr.2.16
1CH 2:17,COPY_OR_MERGE,1Chr.2.17
1CH 2:18,COPY_OR_MERGE,1Chr.2.18
1CH 2:19,COPY_OR_MERGE,1Chr.2.19
1CH 2:20,COPY_OR_MERGE,1Chr.2.20
1CH 2:21,COPY_OR_MERGE,1Chr.2.21
1CH 2:22,COPY_OR_MERGE,1Chr.2.22
1CH 2:23,COPY_OR_MERGE,1Chr.2.23
1CH 2:24,COPY_OR_MERGE,1Chr.2.24
1CH 2:25,COPY_OR_MERGE,1Chr.2.25
1CH 2:26,COPY_OR_MERGE,1Chr.2.26
1CH 2:27,COPY_OR_MERGE,1Chr.2.27
1CH 2:28,COPY_OR_MERGE,1Chr.2.28
1CH 2:29,COPY_OR_MERGE,1Chr.2.29
1CH 2:30,COPY_OR_MERGE,1Chr.2.30
1CH 2:31,COPY_OR_MERGE,1Chr.2.31
1CH 2:32,COPY_OR_MERGE,1Chr.2.32
1CH 2:33,COPY_OR_MERGE,1Chr.2.33
1CH 2:34,COPY_OR_MERGE,1Chr.2.34
1CH 2:35,COPY_OR_MERGE,1Chr.2.35
1CH 2:36,COPY_OR_MERGE,1Chr.2.36
1CH 2:37,COPY_OR_MERGE,1Chr.2.37
1CH 2:38,COPY_OR_MERGE,1Chr.2.38
1CH 2:39,COPY_OR_MERGE,1Chr.2.39
1CH 2:40,COPY_OR_MERGE,1Chr.2.40
1CH 2:41,COPY_OR_MERGE,1Chr.2.41
1CH 2:42,COPY_OR_MERGE,1Chr.2.42
1CH 2:43,COPY_OR_MERGE,1Chr.2.43
1CH 2:44,COPY_OR_MERGE,1Chr.2.44
1CH 2:45,COPY_OR_MERGE,1Chr.2.45
1CH 2:46,COPY_OR_MERGE,1Chr.2.46
1CH 2:47,COPY_OR_MERGE,1Chr.2.47
1CH 2:48,COPY_OR_MERGE,1Chr.2.48
1CH 2:49,COPY_OR_MERGE,1Chr.2.49
1CH 2:50,COPY_OR_MERGE,1Chr.2.50
1CH 2:51,COPY_OR_MERGE,1Chr.2.51
1CH 2:52,COPY_OR_MERGE,1Chr.2.52
1CH 2:53,COPY_OR_MERGE,1Chr.2.53
1CH 2:54,COPY_OR_MERGE,1Chr.2.54
1CH 2:55,COPY_OR_MERGE,1Chr.2.55
1CH 3:1,COPY_OR_MERGE,1Chr.3.1
1CH 3:2,COPY_OR_MERGE,1Chr.3.2
1CH 3:3,COPY_OR_MERGE,1Chr.3.3
1CH 3:4,COPY_OR_MERGE,1Chr.3.4
1CH 3:5,COPY_OR_MERGE,1Chr.3.5
1CH 3:6,COPY_OR_MERGE,1Chr.3.6
1CH 3:7,COPY_OR_MERGE,1Chr.3.7
1CH 3:8,COPY_OR_MERGE,1Chr.3.8
1CH 3:9,COPY_OR_MERGE,1Chr.3.9
1CH 3:10,COPY_OR_MERGE,1Chr.3.10
1CH 3:11,COPY_OR_MERGE,1Chr.3.11
1CH 3:12,COPY_OR_MERGE,1Chr.3.12
1CH 3:13,COPY_OR_MERGE,1Chr.3.13
1CH 3:14,COPY_OR_MERGE,1Chr.3.14
1CH 3:15,COPY_OR_MERGE,1Chr.3.15
1CH 3:16,COPY_OR_MERGE,1Chr.3.16
1CH 3:17,COPY_OR_MERGE,1Chr.3.17
1CH 3:18,COPY_OR_MERGE,1Chr.3.18
1CH 3:19,COPY_OR_MERGE,1Chr.3.19
1CH 3:20,COPY_OR_MERGE,1Chr.3.20
1CH 3:21,COPY_OR_MERGE,1Chr.3.21
1CH 3:22,COPY_OR_MERGE,1Chr.3.22
1CH 3:23,COPY_OR_MERGE,1Chr.3.23
1CH 3:24,COPY_OR_MERGE,1Chr.3.24
1CH 4:1,COPY_OR_MERGE,1Chr.4.1
1CH 4:2,COPY_OR_MERGE,1Chr.4.2
1CH 4:3,COPY_OR_MERGE,1Chr.4.3
1CH 4:4,COPY_OR_MERGE,1Chr.4.4
1CH 4:5,COPY_OR_MERGE,1Chr.4.5
1CH 4:6,COPY_OR_MERGE,1Chr.4.6
1CH 4:7,COPY_OR_MERGE,1Chr.4.7
1CH 4:8,COPY_OR_MERGE,1Chr.4.8
1CH 4:9,COPY_OR_MERGE,1Chr.4.9
1CH 4:10,COPY_OR_MERGE,1Chr.4.10
1CH 4:11,COPY_OR_MERGE,1Chr.4.11
1CH 4:12,COPY_OR_MERGE,1Chr.4.12
1CH 4:13,COPY_OR_MERGE,1Chr.4.13
1CH 4:14,COPY_OR_MERGE,1Chr.4.14
1CH 4:15,COPY_OR_MERGE,1Chr.4.15
1CH 4:16,COPY_OR_MERGE,1Chr.4.16
1CH 4:17,COPY_OR_MERGE,1Chr.4.17
1CH 4:18,COPY_OR_MERGE,1Chr.4.18
1CH 4:19,COPY_OR_MERGE,1Chr.4.19
1CH 4:20,COPY_OR_MERGE,1Chr.4.20
1CH 4:21,COPY_OR_MERGE,1Chr.4.21
1CH 4:22,COPY_OR_MERGE,1Chr.4.22
1CH 4:23,COPY_OR_MERGE,1Chr.4.23
1CH 4:24,COPY_OR_MERGE,1Chr.4.24
1CH 4:25,COPY_OR_MERGE,1Chr.4.25
1CH 4:26,COPY_OR_MERGE,1Chr.4.26
1CH 4:27,COPY_OR_MERGE,1Chr.4.27
1CH 4:28,COPY_OR_MERGE,1Chr.4.28
1CH 4:29,COPY_OR_MERGE,1Chr.4.29
1CH 4:30,COPY_OR_MERGE,1Chr.4.30
1CH 4:31,COPY_OR_MERGE,1Chr.4.31
1CH 4:32,COPY_OR_MERGE,1Chr.4.32
1CH 4:33,COPY_OR_MERGE,1Chr.4.33
1CH 4:34,COPY_OR_MERGE,1Chr.4.34
1CH 4:35,COPY_OR_MERGE,1Chr.4.35
1CH 4:36,COPY_OR_MERGE,1Chr.4.36
1CH 4:37,COPY_OR_MERGE,1Chr.4.37
1CH 4:38,COPY_OR_MERGE,1Chr.4.38
1CH 4:39,COPY_OR_MERGE,1Chr.4.39
1CH 4:40,COPY_OR_MERGE,1Chr.4.40
1CH 4:41,COPY_OR_MERGE,1Chr.4.41
1CH 4:42,COPY_OR_MERGE,1Chr.4.42
1CH 4:43,COPY_OR_MERGE,1Chr.4.43
1CH 5:1,COPY_OR_MERGE,1Chr.5.1
1CH 5:2,COPY_OR_MERGE,1Chr.5.2
1CH 5:3,COPY_OR_MERGE,1Chr.5.3
1CH 5:4,COPY_OR_MERGE,1Chr.5.4
1CH 5:5,COPY_OR_MERGE,1Chr.5.5
1CH 5:6,COPY_OR_MERGE,1Chr.5.6
1CH 5:7,COPY_OR_MERGE,1Chr.5.7
1CH 5:8,COPY_OR_MERGE,1Chr.5.8
1CH 5:9,COPY_OR_MERGE,1Chr.5.9
1CH 5:10,COPY_OR_MERGE,1Chr.5.10
1CH 5:11,COPY_OR_MERGE,1Chr.5.11
1CH 5:12,COPY_OR_MERGE,1Chr.5.12
1CH 5:13,COPY_OR_MERGE,1Chr.5.13
1CH 5:14,COPY_OR_MERGE,1Chr.5.14
1CH 5:15,COPY_OR_MERGE,1Chr.5.15
1CH 5:16,COPY_OR_MERGE,1Chr.5.16
1CH 5:17,COPY_OR_MERGE,1Chr.5.17
1CH 5:18,COPY_OR_MERGE,1Chr.5.18
1CH 5:19,COPY_OR_MERGE,1Chr.5.19
1CH 5:20,COPY_OR_MERGE,1Chr.5.20
1CH 5:21,COPY_OR_MERGE,1Chr.5.21
1CH 5:22,COPY_OR_MERGE,1Chr.5.22
1CH 5:23,COPY_OR_MERGE,1Chr.5.23
1CH 5:24,COPY_OR_MERGE,1Chr.5.24
1CH 5:25,COPY_OR_MERGE,1Chr.5.25
1CH 5:26,COPY_OR_MERGE,1Chr.5.26
1CH 6:1,COPY_OR_MERGE,1Chr.5.27
1CH 6:2,COPY_OR_MERGE,1Chr.5.28
1CH 6:3,COPY_OR_MERGE,1Chr.5.29
1CH 6:4,COPY_OR_MERGE,1Chr.5.30
1CH 6:5,COPY_OR_MERGE,1Chr.5.31
1CH 6:6,COPY_OR_MERGE,1Chr.5.32
1CH 6:7,COPY_OR_MERGE,1Chr.5.33
1CH 6:8,COPY_OR_MERGE,1Chr.5.34
1CH 6:9,COPY_OR_MERGE,1Chr.5.35
1CH 6:10,COPY_OR_MERGE,1Chr.5.36
1CH 6:11,COPY_OR_MERGE,1Chr.5.37
1CH 6:12,COPY_OR_MERGE,1Chr.5.38
1CH 6:13,COPY_OR_MERGE,1Chr.5.39
1CH 6:14,COPY_OR_MERGE,1Chr.5.40
1CH 6:15,COPY_OR_MERGE,1Chr.5.41
1CH 6:16,COPY_OR_MERGE,1Chr.6.1
1CH 6:17,COPY_OR_MERGE,1Chr.6.2
1CH 6:18,COPY_OR_MERGE,1Chr.6.3
1CH 6:19,COPY_OR_MERGE,1Chr.6.4
1CH 6:20,COPY_OR_MERGE,1Chr.6.5
1CH 6:21,COPY_OR_MERGE,1Chr.6.6
1CH 6:22,COPY_OR_MERGE,1Chr.6.7
1CH 6:23,COPY_OR_MERGE,1Chr.6.8
1CH 6:24,COPY_OR_MERGE,1Chr.6.9
1CH 6:25,COPY_OR_MERGE,1Chr.6.10
1CH 6:26,COPY_OR_MERGE,1Chr.6.11
1CH 6:27,COPY_OR_MERGE,1Chr.6.12
1CH 6:28,COPY_OR_MERGE,1Chr.6.13
1CH 6:29,COPY_OR_MERGE,1Chr.6.14
1CH 6:30,COPY_OR_MERGE,1Chr.6.15
1CH 6:31,COPY_OR_MERGE,1Chr.6.16
1CH 6:32,COPY_OR_MERGE,1Chr.6.17
1CH 6:33,COPY_OR_MERGE,1Chr.6.18
1CH 6:34,COPY_OR_MERGE,1Chr.6.19
1CH 6:35,COPY_OR_MERGE,1Chr.6.20
1CH 6:36,COPY_OR_MERGE,1Chr.6.21
1CH 6:37,COPY_OR_MERGE,1Chr.6.22
1CH 6:38,COPY_OR_MERGE,1Chr.6.23
1CH 6:39,COPY_OR_MERGE,1Chr.6.24
1CH 6:40,COPY_OR_MERGE,1Chr.6.25
1CH 6:41,COPY_OR_MERGE,1Chr.6.26
1CH 6:42,COPY_OR_MERGE,1Chr.6.27
1CH 6:43,COPY_OR_MERGE,1Chr.6.28
1CH 6:44,COPY_OR_MERGE,1Chr.6.29
1CH 6:45,COPY_OR_MERGE,1Chr.6.30
1CH 6:46,COPY_OR_MERGE,1Chr.6.31
1CH 6:47,COPY_OR_MERGE,1Chr.6.32
1CH 6:48,COPY_OR_MERGE,1Chr.6.33
1CH 6:49,COPY_OR_MERGE,1Chr.6.34
1CH 6:50,COPY_OR_MERGE,1Chr.6.35
1CH 6:51,COPY_OR_MERGE,1Chr.6.36
1CH 6:52,COPY_OR_MERGE,1Chr.6.37
1CH 6:53,COPY_OR_MERGE,1Chr.6.38
1CH 6:54,COPY_OR_MERGE,1Chr.6.39
1CH 6:55,COPY_OR_MERGE,1Chr.6.40
1CH 6:56,COPY_OR_MERGE,1Chr.6.41
1CH 6:57,COPY_OR_MERGE,1Chr.6.42
1CH 6:58,COPY_OR_MERGE,1Chr.6.43
1CH 6:59,COPY_OR_MERGE,1Chr.6.44
1CH 6:60,COPY_OR_MERGE,1Chr.6.45
1CH 6:61,COPY_OR_MERGE,1Chr.6.46
1CH 6:62,COPY_OR_MERGE,1Chr.6.47
1CH 6:63,COPY_OR_MERGE,1Chr.6.48
1CH 6:64,COPY_OR_MERGE,1Chr.6.49
1CH 6:65,COPY_OR_MERGE,1Chr.6.50
1CH 6:66,COPY_OR_MERGE,1Chr.6.51
1CH 6:67,COPY_OR_MERGE,1Chr.6.52
1CH 6:68,COPY_OR_MERGE,1Chr.6.53
1CH 6:69,COPY_OR_MERGE,1Chr.6.54
1CH 6:70,COPY_OR_MERGE,1Chr.6.55
1CH 6:71,COPY_OR_MERGE,1Chr.6.56
1CH 6:72,COPY_OR_MERGE,1Chr.6.57
1CH 6:73,COPY_OR_MERGE,1Chr.6.58
1CH 6:74,COPY_OR_MERGE,1Chr.6.59
1CH 6:75,COPY_OR_MERGE,1Chr.6.60
1CH 6:76,COPY_OR_MERGE,1Chr.6.61
1CH 6:77,COPY_OR_MERGE,1Chr.6.62
1CH 6:78,COPY_OR_MERGE,1Chr.6.63
1CH 6:79,COPY_OR_MERGE,1Chr.6.64
1CH 6:80,COPY_OR_MERGE,1Chr.6.65
1CH 6:81,COPY_OR_MERGE,1Chr.6.66
1CH 7:1,COPY_OR_MERGE,1Chr.7.1
1CH 7:2,COPY_OR_MERGE,1Chr.7.2
1CH 7:3,COPY_OR_MERGE,1Chr.7.3
1CH 7:4,COPY_OR_MERGE,1Chr.7.4
1CH 7:5,COPY_OR_MERGE,1Chr.7.5
1CH 7:6,COPY_OR_MERGE,1Chr.7.6
1CH 7:7,COPY_OR_MERGE,1Chr.7.7
1CH 7:8,COPY_OR_MERGE,1Chr.7.8
1CH 7:9,COPY_OR_MERGE,1Chr.7.9
1CH 7:10,COPY_OR_MERGE,1Chr.7.10
1CH 7:11,COPY_OR_MERGE,1Chr.7.11
1CH 7:12,COPY_OR_MERGE,1Chr.7.12
1CH 7:13,COPY_OR_MERGE,1Chr.7.13
1CH 7:14,COPY_OR_MERGE,1Chr.7.14
1CH 7:15,COPY_OR_MERGE,1Chr.7.15
1CH 7:16,COPY_OR_MERGE,1Chr.7.16
1CH 7:17,COPY_OR_MERGE,1Chr.7.17
1CH 7:18,COPY_OR_MERGE,1Chr.7.18
1CH 7:19,COPY_OR_MERGE,1Chr.7.19
1CH 7:20,COPY_OR_MERGE,1Chr.7.20
1CH 7:21,COPY_OR_MERGE,1Chr.7.21
1CH 7:22,COPY_OR_MERGE,1Chr.7.22
1CH 7:23,COPY_OR_MERGE,1Chr.7.23
1CH 7:24,COPY_OR_MERGE,1Chr.7.24
1CH 7:25,COPY_OR_MERGE,1Chr.7.25
1CH 7:26,COPY_OR_MERGE,1Chr.7.26
1CH 7:27,COPY_OR_MERGE,1Chr.7.27
1CH 7:28,COPY_OR_MERGE,1Chr.7.28
1CH 7:29,COPY_OR_MERGE,1Chr.7.29
1CH 7:30,COPY_OR_MERGE,1Chr.7.30
1CH 7:31,COPY_OR_MERGE,1Chr.7.31
1CH 7:32,COPY_OR_MERGE,1Chr.7.32
1CH 7:33,COPY_OR_MERGE,1Chr.7.33
1CH 7:34,COPY_OR_MERGE,1Chr.7.34
1CH 7:35,COPY_OR_MERGE,1Chr.7.35
1CH 7:36,COPY_OR_MERGE,1Chr.7.36
1CH 7:37,COPY_OR_MERGE,1Chr.7.37
1CH 7:38,COPY_OR_MERGE,1Chr.7.38
1CH 7:39,COPY_OR_MERGE,1Chr.7.39
1CH 7:40,COPY_OR_MERGE,1Chr.7.40
1CH 8:1,COPY_OR_MERGE,1Chr.8.1
1CH 8:2,COPY_OR_MERGE,1Chr.8.2
1CH 8:3,COPY_OR_MERGE,1Chr.8.3
1CH 8:4,COPY_OR_MERGE,1Chr.8.4
1CH 8:5,COPY_OR_MERGE,1Chr.8.5
1CH 8:6,COPY_OR_MERGE,1Chr.8.6
1CH 8:7,COPY_OR_MERGE,1Chr.8.7
1CH 8:8,COPY_OR_MERGE,1Chr.8.8
1CH 8:9,COPY_OR_MERGE,1Chr.8.9
1CH 8:10,COPY_OR_MERGE,1Chr.8.10
1CH 8:11,COPY_OR_MERGE,1Chr.8.11
1CH 8:12,COPY_OR_MERGE,1Chr.8.12
1CH 8:13,COPY_OR_MERGE,1Chr.8.13
1CH 8:14,COPY_OR_MERGE,1Chr.8.14
1CH 8:15,COPY_OR_MERGE,1Chr.8.15
1CH 8:16,COPY_OR_MERGE,1Chr.8.16
1CH 8:17,COPY_OR_MERGE,1Chr.8.17
1CH 8:18,COPY_OR_MERGE,1Chr.8.18
1CH 8:19,COPY_OR_MERGE,1Chr.8.19
1CH 8:20,COPY_OR_MERGE,1Chr.8.20
1CH 8:21,COPY_OR_MERGE,1Chr.8.21
1CH 8:22,COPY_OR_MERGE,1Chr.8.22
1CH 8:23,COPY_OR_MERGE,1Chr.8.23
1CH 8:24,COPY_OR_MERGE,1Chr.8.24
1CH 8:25,COPY_OR_MERGE,1Chr.8.25
1CH 8:26,COPY_OR_MERGE,1Chr.8.26
1CH 8:27,COPY_OR_MERGE,1Chr.8.27
1CH 8:28,COPY_OR_MERGE,1Chr.8.28
1CH 8:29,COPY_OR_MERGE,1Chr.8.29
1CH 8:30,COPY_OR_MERGE,1Chr.8.30
1CH 8:31,COPY_OR_MERGE,1Chr.8.31
1CH 8:32,COPY_OR_MERGE,1Chr.8.32
1CH 8:33,COPY_OR_MERGE,1Chr.8.33
1CH 8:34,COPY_OR_MERGE,1Chr.8.34
1CH 8:35,COPY_OR_MERGE,1Chr.8.35
1CH 8:36,COPY_OR_MERGE,1Chr.8.36
1CH 8:37,COPY_OR_MERGE,1Chr.8.37
1CH 8:38,COPY_OR_MERGE,1Chr.8.38
1CH 8:39,COPY_OR_MERGE,1Chr.8.39
1CH 8:40,COPY_OR_MERGE,1Chr.8.40
1CH 9:1,COPY_OR_MERGE,1Chr.9.1
1CH 9:2,COPY_OR_MERGE,1Chr.9.2
1CH 9:3,COPY_OR_MERGE,1Chr.9.3
1CH 9:4,COPY_OR_MERGE,1Chr.9.4
1CH 9:5,COPY_OR_MERGE,1Chr.9.5
1CH 9:6,COPY_OR_MERGE,1Chr.9.6
1CH 9:7,COPY_OR_MERGE,1Chr.9.7
1CH 9:8,COPY_OR_MERGE,1Chr.9.8
1CH 9:9,COPY_OR_MERGE,1Chr.9.9
1CH 9:10,COPY_OR_MERGE,1Chr.9.10
1CH 9:11,COPY_OR_MERGE,1Chr.9.11
1CH 9:12,COPY_OR_MERGE,1Chr.9.12
1CH 9:13,COPY_OR_MERGE,1Chr.9.13
1CH 9:14,COPY_OR_MERGE,1Chr.9.14
1CH 9:15,COPY_OR_MERGE,1Chr.9.15
1CH 9:16,COPY_OR_MERGE,1Chr.9.16
1CH 9:17,COPY_OR_MERGE,1Chr.9.17
1CH 9:18,COPY_OR_MERGE,1Chr.9.18
1CH 9:19,COPY_OR_MERGE,1Chr.9.19
1CH 9:20,COPY_OR_MERGE,1Chr.9.20
1CH 9:21,COPY_OR_MERGE,1Chr.9.21
1CH 9:22,COPY_OR_MERGE,1Chr.9.22
1CH 9:23,COPY_OR_MERGE,1Chr.9.23
1CH 9:24,COPY_OR_MERGE,1Chr.9.24
1CH 9:25,COPY_OR_MERGE,1Chr.9.25
1CH 9:26,COPY_OR_MERGE,1Chr.9.26
1CH 9:27,COPY_OR_MERGE,1Chr.9.27
1CH 9:28,COPY_OR_MERGE,1Chr.9.28
1CH 9:29,COPY_OR_MERGE,1Chr.9.29
1CH 9:30,COPY_OR_MERGE,1Chr.9.30
1CH 9:31,COPY_OR_MERGE,1Chr.9.31
1CH 9:32,COPY_OR_MERGE,1Chr.9.32
1CH 9:33,COPY_OR_MERGE,1Chr.9.33
1CH 9:34,COPY_OR_MERGE,1Chr.9.34
1CH 9:35,COPY_OR_MERGE,1Chr.9.35
1CH 9:36,COPY_OR_MERGE,1Chr.9.36
1CH 9:37,COPY_OR_MERGE,1Chr.9.37
1CH 9:38,COPY_OR_MERGE,1Chr.9.38
1CH 9:39,COPY_OR_MERGE,1Chr.9.39
1CH 9:40,COPY_OR_MERGE,1Chr.9.40
1CH 9:41,COPY_OR_MERGE,1Chr.9.41
1CH 9:42,COPY_OR_MERGE,1Chr.9.42
1CH 9:43,COPY_OR_MERGE,1Chr.9.43
1CH 9:44,COPY_OR_MERGE,1Chr.9.44
1CH 10:1,COPY_OR_MERGE,1Chr.10.1
1CH 10:2,COPY_OR_MERGE,1Chr.10.2
1CH 10:3,COPY_OR_MERGE,1Chr.10.3
1CH 10:4,COPY_OR_MERGE,1Chr.10.4
1CH 10:5,COPY_OR_MERGE,1Chr.10.5
1CH 10:6,COPY_OR_MERGE,1Chr.10.6
1CH 10:7,COPY_OR_MERGE,1Chr.10.7
1CH 10:8,COPY_OR_MERGE,1Chr.10.8
1CH 10:9,COPY_OR_MERGE,1Chr.10.9
1CH 10:10,COPY_OR_MERGE,1Chr.10.10
1CH 10:11,COPY_OR_MERGE,1Chr.10.11
1CH 10:12,COPY_OR_MERGE,1Chr.10.12
1CH 10:13,COPY_OR_MERGE,1Chr.10.13
1CH 10:14,COPY_OR_MERGE,1Chr.10.14
1CH 11:1,COPY_OR_MERGE,1Chr.11.1
1CH 11:2,COPY_OR_MERGE,1Chr.11.2
1CH 11:3,COPY_OR_MERGE,1Chr.11.3
1CH 11:4,COPY_OR_MERGE,1Chr.11.4
1CH 11:5,COPY_OR_MERGE,1Chr.11.5
1CH 11:6,COPY_OR_MERGE,1Chr.11.6
1CH 11:7,COPY_OR_MERGE,1Chr.11.7
1CH 11:8,COPY_OR_MERGE,1Chr.11.8
1CH 11:9,COPY_OR_MERGE,1Chr.11.9
1CH 11:10,COPY_OR_MERGE,1Chr.11.10
1CH 11:11,COPY_OR_MERGE,1Chr.11.11
1CH 11:12,COPY_OR_MERGE,1Chr.11.12
1CH 11:13,COPY_OR_MERGE,1Chr.11.13
1CH 11:14,COPY_OR_MERGE,1Chr.11.14
1CH 11:15,COPY_OR_MERGE,1Chr.11.15
1CH 11:16,COPY_OR_MERGE,1Chr.11.16
1CH 11:17,COPY_OR_MERGE,1Chr.11.17
1CH 11:18,COPY_OR_MERGE,1Chr.11.18
1CH 11:19,COPY_OR_MERGE,1Chr.11.19
1CH 11:20,COPY_OR_MERGE,1Chr.11.20
1CH 11:21,COPY_OR_MERGE,1Chr.11.21
1CH 11:22,COPY_OR_MERGE,1Chr.11.22
1CH 11:23,COPY_OR_MERGE,1Chr.11.23
1CH 11:24,COPY_OR_MERGE,1Chr.11.24
1CH 11:25,COPY_OR_MERGE,1Chr.11.25
1CH 11:26,COPY_OR_MERGE,1Chr.11.26
1CH 11:27,COPY_OR_MERGE,1Chr.11.27
1CH 11:28,COPY_OR_MERGE,1Chr.11.28
1CH 11:29,COPY_OR_MERGE,1Chr.11.29
1CH 11:30,COPY_OR_MERGE,1Chr.11.30
1CH 11:31,COPY_OR_MERGE,1Chr.11.31
1CH 11:32,COPY_OR_MERGE,1Chr.11.32
1CH 11:33,COPY_OR_MERGE,1Chr.11.33
1CH 11:34,COPY_OR_MERGE,1Chr.11.34
1CH 11:35,COPY_OR_MERGE,1Chr.11.35
1CH 11:36,COPY_OR_MERGE,1Chr.11.36
1CH 11:37,COPY_OR_MERGE,1Chr.11.37
1CH 11:38,COPY_OR_MERGE,1Chr.11.38
1CH 11:39,COPY_OR_MERGE,1Chr.11.39
1CH 11:40,COPY_OR_MERGE,1Chr.11.40
1CH 11:41,COPY_OR_MERGE,1Chr.11.41
1CH 11:42,COPY_OR_MERGE,1Chr.11.42
1CH 11:43,COPY_OR_MERGE,1Chr.11.43
1CH 11:44,COPY_OR_MERGE,1Chr.11.44
1CH 11:45,COPY_OR_MERGE,1Chr.11.45
1CH 11:46,COPY_OR_MERGE,1Chr.11.46
1CH 11:47,COPY_OR_MERGE,1Chr.11.47
1CH 12:1,COPY_OR_MERGE,1Chr.12.1
1CH 12:2,COPY_OR_MERGE,1Chr.12.2
1CH 12:3,COPY_OR_MERGE,1Chr.12.3
1CH 12:4,COPY_OR_MERGE,1Chr.12.4; 1Chr.12.5
1CH 12:5,COPY_OR_MERGE,1Chr.12.6
1CH 12:6,COPY_OR_MERGE,1Chr.12.7
1CH 12:7,COPY_OR_MERGE,1Chr.12.8
1CH 12:8,COPY_OR_MERGE,1Chr.12.9
1CH 12:9,COPY_OR_MERGE,1Chr.12.10
1CH 12:10,COPY_OR_MERGE,1Chr.12.11
1CH 12:11,COPY_OR_MERGE,1Chr.12.12
1CH 12:12,COPY_OR_MERGE,1Chr.12.13
1CH 12:13,COPY_OR_MERGE,1Chr.12.14
1CH 12:14,COPY_OR_MERGE,1Chr.12.15
1CH 12:15,COPY_OR_MERGE,1Chr.12.16
1CH 12:16,COPY_OR_MERGE,1Chr.12.17
1CH 12:17,COPY_OR_MERGE,1Chr.12.18
1CH 12:18,COPY_OR_MERGE,1Chr.12.19
1CH 12:19,COPY_OR_MERGE,1Chr.12.20
1CH 12:20,COPY_OR_MERGE,1Chr.12.21
1CH 12:21,COPY_OR_MERGE,1Chr.12.22
1CH 12:22,COPY_OR_MERGE,1Chr.12.23
1CH 12:23,COPY_OR_MERGE,1Chr.12.24
1CH 12:24,COPY_OR_MERGE,1Chr.12.25
1CH 12:25,COPY_OR_MERGE,1Chr.12.26
1CH 12:26,COPY_OR_MERGE,1Chr.12.27
1CH 12:27,COPY_OR_MERGE,1Chr.12.28
1CH 12:28,COPY_OR_MERGE,1Chr.12.29
1CH 12:29,COPY_OR_MERGE,1Chr.12.30
1CH 12:30,COPY_OR_MERGE,1Chr.12.31
1CH 12:31,COPY_OR_MERGE,1Chr.12.32
1CH 12:32,COPY_OR_MERGE,1Chr.12.33
1CH 12:33,COPY_OR_MERGE,1Chr.12.34
1CH 12:34,COPY_OR_MERGE,1Chr.12.35
1CH 12:35,COPY_OR_MERGE,1Chr.12.36
1CH 12:36,COPY_OR_MERGE,1Chr.12.37
1CH 12:37,COPY_OR_MERGE,1Chr.12.38
1CH 12:38,COPY_OR_MERGE,1Chr.12.39
1CH 12:39,COPY_OR_MERGE,1Chr.12.40
1CH 12:40,COPY_OR_MERGE,1Chr.12.41
1CH 13:1,COPY_OR_MERGE,1Chr.13.1
1CH 13:2,COPY_OR_MERGE,1Chr.13.2
1CH 13:3,COPY_OR_MERGE,1Chr.13.3
1CH 13:4,COPY_OR_MERGE,1Chr.13.4
1CH 13:5,COPY_OR_MERGE,1Chr.13.5
1CH 13:6,COPY_OR_MERGE,1Chr.13.6
1CH 13:7,COPY_OR_MERGE,1Chr.13.7
1CH 13:8,COPY_OR_MERGE,1Chr.13.8
1CH 13:9,COPY_OR_MERGE,1Chr.13.9
1CH 13:10,COPY_OR_MERGE,1Chr.13.10
1CH 13:11,COPY_OR_MERGE,1Chr.13.11
1CH 13:12,COPY_OR_MERGE,1Chr.13.12
1CH 13:13,COPY_OR_MERGE,1Chr.13.13
1CH 13:14,COPY_OR_MERGE,1Chr.13.14
1CH 14:1,COPY_OR_MERGE,1Chr.14.1
1CH 14:2,COPY_OR_MERGE,1Chr.14.2
1CH 14:3,COPY_OR_MERGE,1Chr.14.3
1CH 14:4,COPY_OR_MERGE,1Chr.14.4
1CH 14:5,COPY_OR_MERGE,1Chr.14.5
1CH 14:6,COPY_OR_MERGE,1Chr.14.6
1CH 14:7,COPY_OR_MERGE,1Chr.14.7
1CH 14:8,COPY_OR_MERGE,1Chr.14.8
1CH 14:9,COPY_OR_MERGE,1Chr.14.9
1CH 14:10,COPY_OR_MERGE,1Chr.14.10
1CH 14:11,COPY_OR_MERGE,1Chr.14.11
1CH 14:12,COPY_OR_MERGE,1Chr.14.12
1CH 14:13,COPY_OR_MERGE,1Chr.14.13
1CH 14:14,COPY_OR_MERGE,1Chr.14.14
1CH 14:15,COPY_OR_MERGE,1Chr.14.15
1CH 14:16,COPY_OR_MERGE,1Chr.14.16
1CH 14:17,COPY_OR_MERGE,1Chr.14.17
1CH 15:1,COPY_OR_MERGE,1Chr.15.1
1CH 15:2,COPY_OR_MERGE,1Chr.15.2
1CH 15:3,COPY_OR_MERGE,1Chr.15.3
1CH 15:4,COPY_OR_MERGE,1Chr.15.4
1CH 15:5,COPY_OR_MERGE,1Chr.15.5
1CH 15:6,COPY_OR_MERGE,1Chr.15.6
1CH 15:7,COPY_OR_MERGE,1Chr.15.7
1CH 15:8,COPY_OR_MERGE,1Chr.15.8
1CH 15:9,COPY_OR_MERGE,1Chr.15.9
1CH 15:10,COPY_OR_MERGE,1Chr.15.10
1CH 15:11,COPY_OR_MERGE,1Chr.15.11
1CH 15:12,COPY_OR_MERGE,1Chr.15.12
1CH 15:13,COPY_OR_MERGE,1Chr.15.13
1CH 15:14,COPY_OR_MERGE,1Chr.15.14
1CH 15:15,COPY_OR_MERGE,1Chr.15.15
1CH 15:16,COPY_OR_MERGE,1Chr.15.16
1CH 15:17,COPY_OR_MERGE,1Chr.15.17
1CH 15:18,COPY_OR_MERGE,1Chr.15.18
1CH 15:19,COPY_OR_MERGE,1Chr.15.19
1CH 15:20,COPY_OR_MERGE,1Chr.15.20
1CH 15:21,COPY_OR_MERGE,1Chr.15.21
1CH 15:22,COPY_OR_MERGE,1Chr.15.22
1CH 15:23,COPY_OR_MERGE,1Chr.15.23
1CH 15:24,COPY_OR_MERGE,1Chr.15.24
1CH 15:25,COPY_OR_MERGE,1Chr.15.25
1CH 15:26,COPY_OR_MERGE,1Chr.15.26
1CH 15:27,COPY_OR_MERGE,1Chr.15.27
1CH 15:28,COPY_OR_MERGE,1Chr.15.28
1CH 15:29,COPY_OR_MERGE,1Chr.15.29
1CH 16:1,COPY_OR_MERGE,1Chr.16.1
1CH 16:2,COPY_OR_MERGE,1Chr.16.2
1CH 16:3,COPY_OR_MERGE,1Chr.16.3
1CH 16:4,COPY_OR_MERGE,1Chr.16.4
1CH 16:5,COPY_OR_MERGE,1Chr.16.5
1CH 16:6,COPY_OR_MERGE,1Chr.16.6
1CH 16:7,COPY_OR_MERGE,1Chr.16.7
1CH 16:8,COPY_OR_MERGE,1Chr.16.8
1CH 16:9,COPY_OR_MERGE,1Chr.16.9
1CH 16:10,COPY_OR_MERGE,1Chr.16.10
1CH 16:11,COPY_OR_MERGE,1Chr.16.11
1CH 16:12,COPY_OR_MERGE,1Chr.16.12
1CH 16:13,COPY_OR_MERGE,1Chr.16.13
1CH 16:14,COPY_OR_MERGE,1Chr.16.14
1CH 16:15,COPY_OR_MERGE,1Chr.16.15
1CH 16:16,COPY_OR_MERGE,1Chr.16.16
1CH 16:17,COPY_OR_MERGE,1Chr.16.17
1CH 16:18,COPY_OR_MERGE,1Chr.16.18
1CH 16:19,COPY_OR_MERGE,1Chr.16.19
1CH 16:20,COPY_OR_MERGE,1Chr.16.20
1CH 16:21,COPY_OR_MERGE,1Chr.16.21
1CH 16:22,COPY_OR_MERGE,1Chr.16.22
1CH 16:23,COPY_OR_MERGE,1Chr.16.23
1CH 16:24,COPY_OR_MERGE,1Chr.16.24
1CH 16:25,COPY_OR_MERGE,1Chr.16.25
1CH 16:26,COPY_OR_MERGE,1Chr.16.26
1CH 16:27,COPY_OR_MERGE,1Chr.16.27
1CH 16:28,COPY_OR_MERGE,1Chr.16.28
1CH 16:29,COPY_OR_MERGE,1Chr.16.29
1CH 16:30,COPY_OR_MERGE,1Chr.16.30
1CH 16:31,COPY_OR_MERGE,1Chr.16.31
1CH 16:32,COPY_OR_MERGE,1Chr.16.32
1CH 16:33,COPY_OR_MERGE,1Chr.16.33
1CH 16:34,COPY_OR_MERGE,1Chr.16.34
1CH 16:35,COPY_OR_MERGE,1Chr.16.35
1CH 16:36,COPY_OR_MERGE,1Chr.16.36
1CH 16:37,COPY_OR_MERGE,1Chr.16.37
1CH 16:38,COPY_OR_MERGE,1Chr.16.38
1CH 16:39,COPY_OR_MERGE,1Chr.16.39
1CH 16:40,COPY_OR_MERGE,1Chr.16.40
1CH 16:41,COPY_OR_MERGE,1Chr.16.41
1CH 16:42,COPY_OR_MERGE,1Chr.16.42
1CH 16:43,COPY_OR_MERGE,1Chr.16.43
1CH 17:1,COPY_OR_MERGE,1Chr.17.1
1CH 17:2,COPY_OR_MERGE,1Chr.17.2
1CH 17:3,COPY_OR_MERGE,1Chr.17.3
1CH 17:4,COPY_OR_MERGE,1Chr.17.4
1CH 17:5,COPY_OR_MERGE,1Chr.17.5
1CH 17:6,COPY_OR_MERGE,1Chr.17.6
1CH 17:7,COPY_OR_MERGE,1Chr.17.7
1CH 17:8,COPY_OR_MERGE,1Chr.17.8
1CH 17:9,COPY_OR_MERGE,1Chr.17.9
1CH 17:10,COPY_OR_MERGE,1Chr.17.10
1CH 17:11,COPY_OR_MERGE,1Chr.17.11
1CH 17:12,COPY_OR_MERGE,1Chr.17.12
1CH 17:13,COPY_OR_MERGE,1Chr.17.13
1CH 17:14,COPY_OR_MERGE,1Chr.17.14
1CH 17:15,COPY_OR_MERGE,1Chr.17.15
1CH 17:16,COPY_OR_MERGE,1Chr.17.16
1CH 17:17,COPY_OR_MERGE,1Chr.17.17
1CH 17:18,COPY_OR_MERGE,1Chr.17.18
1CH 17:19,COPY_OR_MERGE,1Chr.17.19
1CH 17:20,COPY_OR_MERGE,1Chr.17.20
1CH 17:21,COPY_OR_MERGE,1Chr.17.21
1CH 17:22,COPY_OR_MERGE,1Chr.17.22
1CH 17:23,COPY_OR_MERGE,1Chr.17.23
1CH 17:24,COPY_OR_MERGE,1Chr.17.24
1CH 17:25,COPY_OR_MERGE,1Chr.17.25
1CH 17:26,COPY_OR_MERGE,1Chr.17.26
1CH 17:27,COPY_OR_MERGE,1Chr.17.27
1CH 18:1,COPY_OR_MERGE,1Chr.18.1
1CH 18:2,COPY_OR_MERGE,1Chr.18.2
1CH 18:3,COPY_OR_MERGE,1Chr.18.3
1CH 18:4,COPY_OR_MERGE,1Chr.18.4
1CH 18:5,COPY_OR_MERGE,1Chr.18.5
1CH 18:6,COPY_OR_MERGE,1Chr.18.6
1CH 18:7,COPY_OR_MERGE,1Chr.18.7
1CH 18:8,COPY_OR_MERGE,1Chr.18.8
1CH 18:9,COPY_OR_MERGE,1Chr.18.9
1CH 18:10,COPY_OR_MERGE,1Chr.18.10
1CH 18:11,COPY_OR_MERGE,1Chr.18.11
1CH 18:12,COPY_OR_MERGE,1Chr.18.12
1CH 18:13,COPY_OR_MERGE,1Chr.18.13
1CH 18:14,COPY_OR_MERGE,1Chr.18.14
1CH 18:15,COPY_OR_MERGE,1Chr.18.15
1CH 18:16,COPY_OR_MERGE,1Chr.18.16
1CH 18:17,COPY_OR_MERGE,1Chr.18.17
1CH 19:1,COPY_OR_MERGE,1Chr.19.1
1CH 19:2,COPY_OR_MERGE,1Chr.19.2
1CH 19:3,COPY_OR_MERGE,1Chr.19.3
1CH 19:4,COPY_OR_MERGE,1Chr.19.4
1CH 19:5,COPY_OR_MERGE,1Chr.19.5
1CH 19:6,COPY_OR_MERGE,1Chr.19.6
1CH 19:7,COPY_OR_MERGE,1Chr.19.7
1CH 19:8,COPY_OR_MERGE,1Chr.19.8
1CH 19:9,COPY_OR_MERGE,1Chr.19.9
1CH 19:10,COPY_OR_MERGE,1Chr.19.10
1CH 19:11,COPY_OR_MERGE,1Chr.19.11
1CH 19:12,COPY_OR_MERGE,1Chr.19.12
1CH 19:13,COPY_OR_MERGE,1Chr.19.13
1CH 19:14,COPY_OR_MERGE,1Chr.19.14
1CH 19:15,COPY_OR_MERGE,1Chr.19.15
1CH 19:16,COPY_OR_MERGE,1Chr.19.16
1CH 19:17,COPY_OR_MERGE,1Chr.19.17
1CH 19:18,COPY_OR_MERGE,1Chr.19.18
1CH 19:19,COPY_OR_MERGE,1Chr.19.19
1CH 20:1,COPY_OR_MERGE,1Chr.20.1
1CH 20:2,COPY_OR_MERGE,1Chr.20.2
1CH 20:3,COPY_OR_MERGE,1Chr.20.3
1CH 20:4,COPY_OR_MERGE,1Chr.20.4
1CH 20:5,COPY_OR_MERGE,1Chr.20.5
1CH 20:6,COPY_OR_MERGE,1Chr.20.6
1CH 20:7,COPY_OR_MERGE,1Chr.20.7
1CH 20:8,COPY_OR_MERGE,1Chr.20.8
1CH 21:1,COPY_OR_MERGE,1Chr.21.1
1CH 21:2,COPY_OR_MERGE,1Chr.21.2
1CH 21:3,COPY_OR_MERGE,1Chr.21.3
1CH 21:4,COPY_OR_MERGE,1Chr.21.4
1CH 21:5,COPY_OR_MERGE,1Chr.21.5
1CH 21:6,COPY_OR_MERGE,1Chr.21.6
1CH 21:7,COPY_OR_MERGE,1Chr.21.7
1CH 21:8,COPY_OR_MERGE,1Chr.21.8
1CH 21:9,COPY_OR_MERGE,1Chr.21.9
1CH 21:10,COPY_OR_MERGE,1Chr.21.10
1CH 21:11,COPY_OR_MERGE,1Chr.21.11
1CH 21:12,COPY_OR_MERGE,1Chr.21.12
1CH 21:13,COPY_OR_MERGE,1Chr.21.13
1CH 21:14,COPY_OR_MERGE,1Chr.21.14
1CH 21:15,COPY_OR_MERGE,1Chr.21.15
1CH 21:16,COPY_OR_MERGE,1Chr.21.16
1CH 21:17,COPY_OR_MERGE,1Chr.21.17
1CH 21:18,COPY_OR_MERGE,1Chr.21.18
1CH 21:19,COPY_OR_MERGE,1Chr.21.19
1CH 21:20,COPY_OR_MERGE,1Chr.21.20
1CH 21:21,COPY_OR_MERGE,1Chr.21.21
1CH 21:22,COPY_OR_MERGE,1Chr.21.22
1CH 21:23,COPY_OR_MERGE,1Chr.21.23
1CH 21:24,COPY_OR_MERGE,1Chr.21.24
1CH 21:25,COPY_OR_MERGE,1Chr.21.25
1CH 21:26,COPY_OR_MERGE,1Chr.21.26
1CH 21:27,COPY_OR_MERGE,1Chr.21.27
1CH 21:28,COPY_OR_MERGE,1Chr.21.28
1CH 21:29,COPY_OR_MERGE,1Chr.21.29
1CH 21:30,COPY_OR_MERGE,1Chr.21.30
1CH 22:1,COPY_OR_MERGE,1Chr.22.1
1CH 22:2,COPY_OR_MERGE,1Chr.22.2
1CH 22:3,COPY_OR_MERGE,1Chr.22.3
1CH 22:4,COPY_OR_MERGE,1Chr.22.4
1CH 22:5,COPY_OR_MERGE,1Chr.22.5
1CH 22:6,COPY_OR_MERGE,1Chr.22.6
1CH 22:7,COPY_OR_MERGE,1Chr.22.7
1CH 22:8,COPY_OR_MERGE,1Chr.22.8
1CH 22:9,COPY_OR_MERGE,1Chr.22.9
1CH 22:10,COPY_OR_MERGE,1Chr.22.10
1CH 22:11,COPY_OR_MERGE,1Chr.22.11
1CH 22:12,COPY_OR_MERGE,1Chr.22.12
1CH 22:13,COPY_OR_MERGE,1Chr.22.13
1CH 22:14,COPY_OR_MERGE,1Chr.22.14
1CH 22:15,COPY_OR_MERGE,1Chr.22.15
1CH 22:16,COPY_OR_MERGE,1Chr.22.16
1CH 22:17,COPY_OR_MERGE,1Chr.22.17
1CH 22:18,COPY_OR_MERGE,1Chr.22.18
1CH 22:19,COPY_OR_MERGE,1Chr.22.19
1CH 23:1,COPY_OR_MERGE,1Chr.23.1
1CH 23:2,COPY_OR_MERGE,1Chr.23.2
1CH 23:3,COPY_OR_MERGE,1Chr.23.3
1CH 23:4,COPY_OR_MERGE,1Chr.23.4
1CH 23:5,COPY_OR_MERGE,1Chr.23.5
1CH 23:6,COPY_OR_MERGE,1Chr.23.6
1CH 23:7,COPY_OR_MERGE,1Chr.23.7
1CH 23:8,COPY_OR_MERGE,1Chr.23.8
1CH 23:9,COPY_OR_MERGE,1Chr.23.9
1CH 23:10,COPY_OR_MERGE,1Chr.23.10
1CH 23:11,COPY_OR_MERGE,1Chr.23.11
1CH 23:12,COPY_OR_MERGE,1Chr.23.12
1CH 23:13,COPY_OR_MERGE,1Chr.23.13
1CH 23:14,COPY_OR_MERGE,1Chr.23.14
1CH 23:15,COPY_OR_MERGE,1Chr.23.15
1CH 23:16,COPY_OR_MERGE,1Chr.23.16
1CH 23:17,COPY_OR_MERGE,1Chr.23.17
1CH 23:18,COPY_OR_MERGE,1Chr.23.18
1CH 23:19,COPY_OR_MERGE,1Chr.23.19
1CH 23:20,COPY_OR_MERGE,1Chr.23.20
1CH 23:21,COPY_OR_MERGE,1Chr.23.21
1CH 23:22,COPY_OR_MERGE,1Chr.23.22
1CH 23:23,COPY_OR_MERGE,1Chr.23.23
1CH 23:24,COPY_OR_MERGE,1Chr.23.24
1CH 23:25,COPY_OR_MERGE,1Chr.23.25
1CH 23:26,COPY_OR_MERGE,1Chr.23.26
1CH 23:27,COPY_OR_MERGE,1Chr.23.27
1CH 23:28,COPY_OR_MERGE,1Chr.23.28
1CH 23:29,COPY_OR_MERGE,1Chr.23.29
1CH 23:30,COPY_OR_MERGE,1Chr.23.30
1CH 23:31,COPY_OR_MERGE,1Chr.23.31
1CH 23:32,COPY_OR_MERGE,1Chr.23.32
1CH 24:1,COPY_OR_MERGE,1Chr.24.1
1CH 24:2,COPY_OR_MERGE,1Chr.24.2
1CH 24:3,COPY_OR_MERGE,1Chr.24.3
1CH 24:4,COPY_OR_MERGE,1Chr.24.4
1CH 24:5,COPY_OR_MERGE,1Chr.24.5
1CH 24:6,COPY_OR_MERGE,1Chr.24.6
1CH 24:7,COPY_OR_MERGE,1Chr.24.7
1CH 24:8,COPY_OR_MERGE,1Chr.24.8
1CH 24:9,COPY_OR_MERGE,1Chr.24.9
1CH 24:10,COPY_OR_MERGE,1Chr.24.10
1CH 24:11,COPY_OR_MERGE,1Chr.24.11
1CH 24:12,COPY_OR_MERGE,1Chr.24.12
1CH 24:13,COPY_OR_MERGE,1Chr.24.13
1CH 24:14,COPY_OR_MERGE,1Chr.24.14
1CH 24:15,COPY_OR_MERGE,1Chr.24.15
1CH 24:16,COPY_OR_MERGE,1Chr.24.16
1CH 24:17,COPY_OR_MERGE,1Chr.24.17
1CH 24:18,COPY_OR_MERGE,1Chr.24.18
1CH 24:19,COPY_OR_MERGE,1Chr.24.19
1CH 24:20,COPY_OR_MERGE,1Chr.24.20
1CH 24:21,COPY_OR_MERGE,1Chr.24.21
1CH 24:22,COPY_OR_MERGE,1Chr.24.22
1CH 24:23,COPY_OR_MERGE,1Chr.24.23
1CH 24:24,COPY_OR_MERGE,1Chr.24.24
1CH 24:25,COPY_OR_MERGE,1Chr.24.25
1CH 24:26,COPY_OR_MERGE,1Chr.24.26
1CH 24:27,COPY_OR_MERGE,1Chr.24.27
1CH 24:28,COPY_OR_MERGE,1Chr.24.28
1CH 24:29,COPY_OR_MERGE,1Chr.24.29
1CH 24:30,COPY_OR_MERGE,1Chr.24.30
1CH 24:31,COPY_OR_MERGE,1Chr.24.31
1CH 25:1,COPY_OR_MERGE,1Chr.25.1
1CH 25:2,COPY_OR_MERGE,1Chr.25.2
1CH 25:3,COPY_OR_MERGE,1Chr.25.3
1CH 25:4,COPY_OR_MERGE,1Chr.25.4
1CH 25:5,COPY_OR_MERGE,1Chr.25.5
1CH 25:6,COPY_OR_MERGE,1Chr.25.6
1CH 25:7,COPY_OR_MERGE,1Chr.25.7
1CH 25:8,COPY_OR_MERGE,1Chr.25.8
1CH 25:9,COPY_OR_MERGE,1Chr.25.9
1CH 25:10,COPY_OR_MERGE,1Chr.25.10
1CH 25:11,COPY_OR_MERGE,1Chr.25.11
1CH 25:12,COPY_OR_MERGE,1Chr.25.12
1CH 25:13,COPY_OR_MERGE,1Chr.25.13
1CH 25:14,COPY_OR_MERGE,1Chr.25.14
1CH 25:15,COPY_OR_MERGE,1Chr.25.15
1CH 25:16,COPY_OR_MERGE,1Chr.25.16
1CH 25:17,COPY_OR_MERGE,1Chr.25.17
1CH 25:18,COPY_OR_MERGE,1Chr.25.18
1CH 25:19,COPY_OR_MERGE,1Chr.25.19
1CH 25:20,COPY_OR_MERGE,1Chr.25.20
1CH 25:21,COPY_OR_MERGE,1Chr.25.21
1CH 25:22,COPY_OR_MERGE,1Chr.25.22
1CH 25:23,COPY_OR_MERGE,1Chr.25.23
1CH 25:24,COPY_OR_MERGE,1Chr.25.24
1CH 25:25,COPY_OR_MERGE,1Chr.25.25
1CH 25:26,COPY_OR_MERGE,1Chr.25.26
1CH 25:27,COPY_OR_MERGE,1Chr.25.27
1CH 25:28,COPY_OR_MERGE,1Chr.25.28
1CH 25:29,COPY_OR_MERGE,1Chr.25.29
1CH 25:30,COPY_OR_MERGE,1Chr.25.30
1CH 25:31,COPY_OR_MERGE,1Chr.25.31
1CH 26:1,COPY_OR_MERGE,1Chr.26.1
1CH 26:2,COPY_OR_MERGE,1Chr.26.2
1CH 26:3,COPY_OR_MERGE,1Chr.26.3
1CH 26:4,COPY_OR_MERGE,1Chr.26.4
1CH 26:5,COPY_OR_MERGE,1Chr.26.5
1CH 26:6,COPY_OR_MERGE,1Chr.26.6
1CH 26:7,COPY_OR_MERGE,1Chr.26.7
1CH 26:8,COPY_OR_MERGE,1Chr.26.8
1CH 26:9,COPY_OR_MERGE,1Chr.26.9
1CH 26:10,COPY_OR_MERGE,1Chr.26.10
1CH 26:11,COPY_OR_MERGE,1Chr.26.11
1CH 26:12,COPY_OR_MERGE,1Chr.26.12
1CH 26:13,COPY_OR_MERGE,1Chr.26.13
1CH 26:14,COPY_OR_MERGE,1Chr.26.14
1CH 26:15,COPY_OR_MERGE,1Chr.26.15
1CH 26:16,COPY_OR_MERGE,1Chr.26.16
1CH 26:17,COPY_OR_MERGE,1Chr.26.17
1CH 26:18,COPY_OR_MERGE,1Chr.26.18
1CH 26:19,COPY_OR_MERGE,1Chr.26.19
1CH 26:20,COPY_OR_MERGE,1Chr.26.20
1CH 26:21,COPY_OR_MERGE,1Chr.26.21
1CH 26:22,COPY_OR_MERGE,1Chr.26.22
1CH 26:23,COPY_OR_MERGE,1Chr.26.23
1CH 26:24,COPY_OR_MERGE,1Chr.26.24
1CH 26:25,COPY_OR_MERGE,1Chr.26.25
1CH 26:26,COPY_OR_MERGE,1Chr.26.26
1CH 26:27,COPY_OR_MERGE,1Chr.26.27
1CH 26:28,COPY_OR_MERGE,1Chr.26.28
1CH 26:29,COPY_OR_MERGE,1Chr.26.29
1CH 26:30,COPY_OR_MERGE,1Chr.26.30
1CH 26:31,COPY_OR_MERGE,1Chr.26.31
1CH 26:32,COPY_OR_MERGE,1Chr.26.32
1CH 27:1,COPY_OR_MERGE,1Chr.27.1
1CH 27:2,COPY_OR_MERGE,1Chr.27.2
1CH 27:3,COPY_OR_MERGE,1Chr.27.3
1CH 27:4,COPY_OR_MERGE,1Chr.27.4
1CH 27:5,COPY_OR_MERGE,1Chr.27.5
1CH 27:6,COPY_OR_MERGE,1Chr.27.6
1CH 27:7,COPY_OR_MERGE,1Chr.27.7
1CH 27:8,COPY_OR_MERGE,1Chr.27.8
1CH 27:9,COPY_OR_MERGE,1Chr.27.9
1CH 27:10,COPY_OR_MERGE,1Chr.27.10
1CH 27:11,COPY_OR_MERGE,1Chr.27.11
1CH 27:12,COPY_OR_MERGE,1Chr.27.12
1CH 27:13,COPY_OR_MERGE,1Chr.27.13
1CH 27:14,COPY_OR_MERGE,1Chr.27.14
1CH 27:15,COPY_OR_MERGE,1Chr.27.15
1CH 27:16,COPY_OR_MERGE,1Chr.27.16
1CH 27:17,COPY_OR_MERGE,1Chr.27.17
1CH 27:18,COPY_OR_MERGE,1Chr.27.18
1CH 27:19,COPY_OR_MERGE,1Chr.27.19
1CH 27:20,COPY_OR_MERGE,1Chr.27.20
1CH 27:21,COPY_OR_MERGE,1Chr.27.21
1CH 27:22,COPY_OR_MERGE,1Chr.27.22
1CH 27:23,COPY_OR_MERGE,1Chr.27.23
1CH 27:24,COPY_OR_MERGE,1Chr.27.24
1CH 27:25,COPY_OR_MERGE,1Chr.27.25
1CH 27:26,COPY_OR_MERGE,1Chr.27.26
1CH 27:27,COPY_OR_MERGE,1Chr.27.27
1CH 27:28,COPY_OR_MERGE,1Chr.27.28
1CH 27:29,COPY_OR_MERGE,1Chr.27.29
1CH 27:30,COPY_OR_MERGE,1Chr.27.30
1CH 27:31,COPY_OR_MERGE,1Chr.27.31
1CH 27:32,COPY_OR_MERGE,1Chr.27.32
1CH 27:33,COPY_OR_MERGE,1Chr.27.33
1CH 27:34,COPY_OR_MERGE,1Chr.27.34
1CH 28:1,COPY_OR_MERGE,1Chr.28.1
1CH 28:2,COPY_OR_MERGE,1Chr.28.2
1CH 28:3,COPY_OR_MERGE,1Chr.28.3
1CH 28:4,COPY_OR_MERGE,1Chr.28.4
1CH 28:5,COPY_OR_MERGE,1Chr.28.5
1CH 28:6,COPY_OR_MERGE,1Chr.28.6
1CH 28:7,COPY_OR_MERGE,1Chr.28.7
1CH 28:8,COPY_OR_MERGE,1Chr.28.8
1CH 28:9,COPY_OR_MERGE,1Chr.28.9
1CH 28:10,COPY_OR_MERGE,1Chr.28.10
1CH 28:11,COPY_OR_MERGE,1Chr.28.11
1CH 28:12,COPY_OR_MERGE,1Chr.28.12
1CH 28:13,COPY_OR_MERGE,1Chr.28.13
1CH 28:14,COPY_OR_MERGE,1Chr.28.14
1CH 28:15,COPY_OR_MERGE,1Chr.28.15
1CH 28:16,COPY_OR_MERGE,1Chr.28.16
1CH 28:17,COPY_OR_MERGE,1Chr.28.17
1CH 28:18,COPY_OR_MERGE,1Chr.28.18
1CH 28:19,COPY_OR_MERGE,1Chr.28.19
1CH 28:20,COPY_OR_MERGE,1Chr.28.20
1CH 28:21,COPY_OR_MERGE,1Chr.28.21
1CH 29:1,COPY_OR_MERGE,1Chr.29.1
1CH 29:2,COPY_OR_MERGE,1Chr.29.2
1CH 29:3,COPY_OR_MERGE,1Chr.29.3
1CH 29:4,COPY_OR_MERGE,1Chr.29.4
1CH 29:5,COPY_OR_MERGE,1Chr.29.5
1CH 29:6,COPY_OR_MERGE,1Chr.29.6
1CH 29:7,COPY_OR_MERGE,1Chr.29.7
1CH 29:8,COPY_OR_MERGE,1Chr.29.8
1CH 29:9,COPY_OR_MERGE,1Chr.29.9
1CH 29:10,COPY_OR_MERGE,1Chr.29.10
1CH 29:11,COPY_OR_MERGE,1Chr.29.11
1CH 29:12,COPY_OR_MERGE,1Chr.29.12
1CH 29:13,COPY_OR_MERGE,1Chr.29.13
1CH 29:14,COPY_OR_MERGE,1Chr.29.14
1CH 29:15,COPY_OR_MERGE,1Chr.29.15
1CH 29:16,COPY_OR_MERGE,1Chr.29.16
1CH 29:17,COPY_OR_MERGE,1Chr.29.17
1CH 29:18,COPY_OR_MERGE,1Chr.29.18
1CH 29:19,COPY_OR_MERGE,1Chr.29.19
1CH 29:20,COPY_OR_MERGE,1Chr.29.20
1CH 29:21,COPY_OR_MERGE,1Chr.29.21
1CH 29:22,COPY_OR_MERGE,1Chr.29.22
1CH 29:23,COPY_OR_MERGE,1Chr.29.23
1CH 29:24,COPY_OR_MERGE,1Chr.29.24
1CH 29:25,COPY_OR_MERGE,1Chr.29.25
1CH 29:26,COPY_OR_MERGE,1Chr.29.26
1CH 29:27,COPY_OR_MERGE,1Chr.29.27
1CH 29:28,COPY_OR_MERGE,1Chr.29.28
1CH 29:29,COPY_OR_MERGE,1Chr.29.29
1CH 29:30,COPY_OR_MERGE,1Chr.29.30
1KI 1:1,COPY_OR_MERGE,1Kgs.1.1
1KI 1:2,COPY_OR_MERGE,1Kgs.1.2
1KI 1:3,COPY_OR_MERGE,1Kgs.1.3
1KI 1:4,COPY_OR_MERGE,1Kgs.1.4
1KI 1:5,COPY_OR_MERGE,1Kgs.1.5
1KI 1:6,COPY_OR_MERGE,1Kgs.1.6
1KI 1:7,COPY_OR_MERGE,1Kgs.1.7
1KI 1:8,COPY_OR_MERGE,1Kgs.1.8
1KI 1:9,COPY_OR_MERGE,1Kgs.1.9
1KI 1:10,COPY_OR_MERGE,1Kgs.1.10
1KI 1:11,COPY_OR_MERGE,1Kgs.1.11
1KI 1:12,COPY_OR_MERGE,1Kgs.1.12
1KI 1:13,COPY_OR_MERGE,1Kgs.1.13
1KI 1:14,COPY_OR_MERGE,1Kgs.1.14
1KI 1:15,COPY_OR_MERGE,1Kgs.1.15
1KI 1:16,COPY_OR_MERGE,1Kgs.1.16
1KI 1:17,COPY_OR_MERGE,1Kgs.1.17
1KI 1:18,COPY_OR_MERGE,1Kgs.1.18
1KI 1:19,COPY_OR_MERGE,1Kgs.1.19
1KI 1:20,COPY_OR_MERGE,1Kgs.1.20
1KI 1:21,COPY_OR_MERGE,1Kgs.1.21
1KI 1:22,COPY_OR_MERGE,1Kgs.1.22
1KI 1:23,COPY_OR_MERGE,1Kgs.1.23
1KI 1:24,COPY_OR_MERGE,1Kgs.1.24
1KI 1:25,COPY_OR_MERGE,1Kgs.1.25
1KI 1:26,COPY_OR_MERGE,1Kgs.1.26
1KI 1:27,COPY_OR_MERGE,1Kgs.1.27
1KI 1:28,COPY_OR_MERGE,1Kgs.1.28
1KI 1:29,COPY_OR_MERGE,1Kgs.1.29
1KI 1:30,COPY_OR_MERGE,1Kgs.1.30
1KI 1:31,COPY_OR_MERGE,1Kgs.1.31
1KI 1:32,COPY_OR_MERGE,1Kgs.1.32
1KI 1:33,COPY_OR_MERGE,1Kgs.1.33
1KI 1:34,COPY_OR_MERGE,1Kgs.1.34
1KI 1:35,COPY_OR_MERGE,1Kgs.1.35
1KI 1:36,COPY_OR_MERGE,1Kgs.1.36
1KI 1:37,COPY_OR_MERGE,1Kgs.1.37
1KI 1:38,COPY_OR_MERGE,1Kgs.1.38
1KI 1:39,COPY_OR_MERGE,1Kgs.1.39
1KI 1:40,COPY_OR_MERGE,1Kgs.1.40
1KI 1:41,COPY_OR_MERGE,1Kgs.1.41
1KI 1:42,COPY_OR_MERGE,1Kgs.1.42
1KI 1:43,COPY_OR_MERGE,1Kgs.1.43
1KI 1:44,COPY_OR_MERGE,1Kgs.1.44
1KI 1:45,COPY_OR_MERGE,1Kgs.1.45
1KI 1:46,COPY_OR_MERGE,1Kgs.1.46
1KI 1:47,COPY_OR_MERGE,1Kgs.1.47
1KI 1:48,COPY_OR_MERGE,1Kgs.1.48
1KI 1:49,COPY_OR_MERGE,1Kgs.1.49
1KI 1:50,COPY_OR_MERGE,1Kgs.1.50
1KI 1:51,COPY_OR_MERGE,1Kgs.1.51
1KI 1:52,COPY_OR_MERGE,1Kgs.1.52
1KI 1:53,COPY_OR_MERGE,1Kgs.1.53
1KI 2:1,COPY_OR_MERGE,1Kgs.2.1
1KI 2:2,COPY_OR_MERGE,1Kgs.2.2
1KI 2:3,COPY_OR_MERGE,1Kgs.2.3
1KI 2:4,COPY_OR_MERGE,1Kgs.2.4
1KI 2:5,COPY_OR_MERGE,1Kgs.2.5
1KI 2:6,COPY_OR_MERGE,1Kgs.2.6
1KI 2:7,COPY_OR_MERGE,1Kgs.2.7
1KI 2:8,COPY_OR_MERGE,1Kgs.2.8
1KI 2:9,COPY_OR_MERGE,1Kgs.2.9
1KI 2:10,COPY_OR_MERGE,1Kgs.2.10
1KI 2:11,COPY_OR_MERGE,1Kgs.2.11
1KI 2:12,COPY_OR_MERGE,1Kgs.2.12
1KI 2:13,COPY_OR_MERGE,1Kgs.2.13
1KI 2:14,COPY_OR_MERGE,1Kgs.2.14
1KI 2:15,COPY_OR_MERGE,1Kgs.2.15
1KI 2:16,COPY_OR_MERGE,1Kgs.2.16
1KI 2:17,COPY_OR_MERGE,1Kgs.2.17
1KI 2:18,COPY_OR_MERGE,1Kgs.2.18
1KI 2:19,COPY_OR_MERGE,1Kgs.2.19
1KI 2:20,COPY_OR_MERGE,1Kgs.2.20
1KI 2:21,COPY_OR_MERGE,1Kgs.2.21
1KI 2:22,COPY_OR_MERGE,1Kgs.2.22
1KI 2:23,COPY_OR_MERGE,1Kgs.2.23
1KI 2:24,COPY_OR_MERGE,1Kgs.2.24
1KI 2:25,COPY_OR_MERGE,1Kgs.2.25
1KI 2:26,COPY_OR_MERGE,1Kgs.2.26
1KI 2:27,COPY_OR_MERGE,1Kgs.2.27
1KI 2:28,COPY_OR_MERGE,1Kgs.2.28
1KI 2:29,COPY_OR_MERGE,1Kgs.2.29
1KI 2:30,COPY_OR_MERGE,1Kgs.2.30
1KI 2:31,COPY_OR_MERGE,1Kgs.2.31
1KI 2:32,COPY_OR_MERGE,1Kgs.2.32
1KI 2:33,COPY_OR_MERGE,1Kgs.2.33
1KI 2:34,COPY_OR_MERGE,1Kgs.2.34
1KI 2:35,COPY_OR_MERGE,1Kgs.2.35
1KI 2:36,COPY_OR_MERGE,1Kgs.2.36
1KI 2:37,COPY_OR_MERGE,1Kgs.2.37
1KI 2:38,COPY_OR_MERGE,1Kgs.2.38
1KI 2:39,COPY_OR_MERGE,1Kgs.2.39
1KI 2:40,COPY_OR_MERGE,1Kgs.2.40
1KI 2:41,COPY_OR_MERGE,1Kgs.2.41
1KI 2:42,COPY_OR_MERGE,1Kgs.2.42
1KI 2:43,COPY_OR_MERGE,1Kgs.2.43
1KI 2:44,COPY_OR_MERGE,1Kgs.2.44
1KI 2:45,COPY_OR_MERGE,1Kgs.2.45
1KI 2:46,COPY_OR_MERGE,1Kgs.2.46
1KI 3:1,COPY_OR_MERGE,1Kgs.3.1
1KI 3:2,COPY_OR_MERGE,1Kgs.3.2
1KI 3:3,COPY_OR_MERGE,1Kgs.3.3
1KI 3:4,COPY_OR_MERGE,1Kgs.3.4
1KI 3:5,COPY_OR_MERGE,1Kgs.3.5
1KI 3:6,COPY_OR_MERGE,1Kgs.3.6
1KI 3:7,COPY_OR_MERGE,1Kgs.3.7
1KI 3:8,COPY_OR_MERGE,1Kgs.3.8
1KI 3:9,COPY_OR_MERGE,1Kgs.3.9
1KI 3:10,COPY_OR_MERGE,1Kgs.3.10
1KI 3:11,COPY_OR_MERGE,1Kgs.3.11
1KI 3:12,COPY_OR_MERGE,1Kgs.3.12
1KI 3:13,COPY_OR_MERGE,1Kgs.3.13
1KI 3:14,COPY_OR_MERGE,1Kgs.3.14
1KI 3:15,COPY_OR_MERGE,1Kgs.3.15
1KI 3:16,COPY_OR_MERGE,1Kgs.3.16
1KI 3:17,COPY_OR_MERGE,1Kgs.3.17
1KI 3:18,COPY_OR_MERGE,1Kgs.3.18
1KI 3:19,COPY_OR_MERGE,1Kgs.3.19
1KI 3:20,COPY_OR_MERGE,1Kgs.3.20
1KI 3:21,COPY_OR_MERGE,1Kgs.3.21
1KI 3:22,COPY_OR_MERGE,1Kgs.3.22
1KI 3:23,COPY_OR_MERGE,1Kgs.3.23
1KI 3:24,COPY_OR_MERGE,1Kgs.3.24
1KI 3:25,COPY_OR_MERGE,1Kgs.3.25
1KI 3:26,COPY_OR_MERGE,1Kgs.3.26
1KI 3:27,COPY_OR_MERGE,1Kgs.3.27
1KI 3:28,COPY_OR_MERGE,1Kgs.3.28
1KI 4:1,COPY_OR_MERGE,1Kgs.4.1
1KI 4:2,COPY_OR_MERGE,1Kgs.4.2
1KI 4:3,COPY_OR_MERGE,1Kgs.4.3
1KI 4:4,COPY_OR_MERGE,1Kgs.4.4
1KI 4:5,COPY_OR_MERGE,1Kgs.4.5
1KI 4:6,COPY_OR_MERGE,1Kgs.4.6
1KI 4:7,COPY_OR_MERGE,1Kgs.4.7
1KI 4:8,COPY_OR_MERGE,1Kgs.4.8
1KI 4:9,COPY_OR_MERGE,1Kgs.4.9
1KI 4:10,COPY_OR_MERGE,1Kgs.4.10
1KI 4:11,COPY_OR_MERGE,1Kgs.4.11
1KI 4:12,COPY_OR_MERGE,1Kgs.4.12
1KI 4:13,COPY_OR_MERGE,1Kgs.4.13
1KI 4:14,COPY_OR_MERGE,1Kgs.4.14
1KI 4:15,COPY_OR_MERGE,1Kgs.4.15
1KI 4:16,COPY_OR_MERGE,1Kgs.4.16
1KI 4:17,COPY_OR_MERGE,1Kgs.4.17
1KI 4:18,COPY_OR_MERGE,1Kgs.4.18
1KI 4:19,COPY_OR_MERGE,1Kgs.4.19
1KI 4:20,COPY_OR_MERGE,1Kgs.4.20
1KI 4:21,COPY_OR_MERGE,1Kgs.5.1
1KI 4:22,COPY_OR_MERGE,1Kgs.5.2
1KI 4:23,COPY_OR_MERGE,1Kgs.5.3
1KI 4:24,COPY_OR_MERGE,1Kgs.5.4
1KI 4:25,COPY_OR_MERGE,1Kgs.5.5
1KI 4:26,COPY_OR_MERGE,1Kgs.5.6
1KI 4:27,COPY_OR_MERGE,1Kgs.5.7
1KI 4:28,COPY_OR_MERGE,1Kgs.5.8
1KI 4:29,COPY_OR_MERGE,1Kgs.5.9
1KI 4:30,COPY_OR_MERGE,1Kgs.5.10
1KI 4:31,COPY_OR_MERGE,1Kgs.5.11
1KI 4:32,COPY_OR_MERGE,1Kgs.5.12
1KI 4:33,COPY_OR_MERGE,1Kgs.5.13
1KI 4:34,COPY_OR_MERGE,1Kgs.5.14
1KI 5:1,COPY_OR_MERGE,1Kgs.5.15
1KI 5:2,COPY_OR_MERGE,1Kgs.5.16
1KI 5:3,COPY_OR_MERGE,1Kgs.5.17
1KI 5:4,COPY_OR_MERGE,1Kgs.5.18
1KI 5:5,COPY_OR_MERGE,1Kgs.5.19
1KI 5:6,COPY_OR_MERGE,1Kgs.5.20
1KI 5:7,COPY_OR_MERGE,1Kgs.5.21
1KI 5:8,COPY_OR_MERGE,1Kgs.5.22
1KI 5:9,COPY_OR_MERGE,1Kgs.5.23
1KI 5:10,COPY_OR_MERGE,1Kgs.5.24
1KI 5:11,COPY_OR_MERGE,1Kgs.5.25
1KI 5:12,COPY_OR_MERGE,1Kgs.5.26
1KI 5:13,COPY_OR_MERGE,1Kgs.5.27
1KI 5:14,COPY_OR_MERGE,1Kgs.5.28
1KI 5:15,COPY_OR_MERGE,1Kgs.5.29
1KI 5:16,COPY_OR_MERGE,1Kgs.5.30
1KI 5:17,COPY_OR_MERGE,1Kgs.5.31
1KI 5:18,COPY_OR_MERGE,1Kgs.5.32
1KI 6:1,COPY_OR_MERGE,1Kgs.6.1
1KI 6:2,COPY_OR_MERGE,1Kgs.6.2
1KI 6:3,COPY_OR_MERGE,1Kgs.6.3
1KI 6:4,COPY_OR_MERGE,1Kgs.6.4
1KI 6:5,COPY_OR_MERGE,1Kgs.6.5
1KI 6:6,COPY_OR_MERGE,1Kgs.6.6
1KI 6:7,COPY_OR_MERGE,1Kgs.6.7
1KI 6:8,COPY_OR_MERGE,1Kgs.6.8
1KI 6:9,COPY_OR_MERGE,1Kgs.6.9
1KI 6:10,COPY_OR_MERGE,1Kgs.6.10
1KI 6:11,COPY_OR_MERGE,1Kgs.6.11
1KI 6:12,COPY_OR_MERGE,1Kgs.6.12
1KI 6:13,COPY_OR_MERGE,1Kgs.6.13
1KI 6:14,COPY_OR_MERGE,1Kgs.6.14
1KI 6:15,COPY_OR_MERGE,1Kgs.6.15
1KI 6:16,COPY_OR_MERGE,1Kgs.6.16
1KI 6:17,COPY_OR_MERGE,1Kgs.6.17
1KI 6:18,COPY_OR_MERGE,1Kgs.6.18
1KI 6:19,COPY_OR_MERGE,1Kgs.6.19
1KI 6:20,COPY_OR_MERGE,1Kgs.6.20
1KI 6:21,COPY_OR_MERGE,1Kgs.6.21
1KI 6:22,COPY_OR_MERGE,1Kgs.6.22
1KI 6:23,COPY_OR_MERGE,1Kgs.6.23
1KI 6:24,COPY_OR_MERGE,1Kgs.6.24
1KI 6:25,COPY_OR_MERGE,1Kgs.6.25
1KI 6:26,COPY_OR_MERGE,1Kgs.6.26
1KI 6:27,COPY_OR_MERGE,1Kgs.6.27
1KI 6:28,COPY_OR_MERGE,1Kgs.6.28
1KI 6:29,COPY_OR_MERGE,1Kgs.6.29
1KI 6:30,COPY_OR_MERGE,1Kgs.6.30
1KI 6:31,COPY_OR_MERGE,1Kgs.6.31
1KI 6:32,COPY_OR_MERGE,1Kgs.6.32
1KI 6:33,COPY_OR_MERGE,1Kgs.6.33
1KI 6:34,COPY_OR_MERGE,1Kgs.6.34
1KI 6:35,COPY_OR_MERGE,1Kgs.6.35
1KI 6:36,COPY_OR_MERGE,1Kgs.6.36
1KI 6:37,COPY_OR_MERGE,1Kgs.6.37
1KI 6:38,COPY_OR_MERGE,1Kgs.6.38
1KI 7:1,COPY_OR_MERGE,1Kgs.7.1
1KI 7:2,COPY_OR_MERGE,1Kgs.7.2
1KI 7:3,COPY_OR_MERGE,1Kgs.7.3
1KI 7:4,COPY_OR_MERGE,1Kgs.7.4
1KI 7:5,COPY_OR_MERGE,1Kgs.7.5
1KI 7:6,COPY_OR_MERGE,1Kgs.7.6
1KI 7:7,COPY_OR_MERGE,1Kgs.7.7
1KI 7:8,COPY_OR_MERGE,1Kgs.7.8
1KI 7:9,COPY_OR_MERGE,1Kgs.7.9
1KI 7:10,COPY_OR_MERGE,1Kgs.7.10
1KI 7:11,COPY_OR_MERGE,1Kgs.7.11
1KI 7:12,COPY_OR_MERGE,1Kgs.7.12
1KI 7:13,COPY_OR_MERGE,1Kgs.7.13
1KI 7:14,COPY_OR_MERGE,1Kgs.7.14
1KI 7:15,COPY_OR_MERGE,1Kgs.7.15
1KI 7:16,COPY_OR_MERGE,1Kgs.7.16
1KI 7:17,COPY_OR_MERGE,1Kgs.7.17
1KI 7:18,COPY_OR_MERGE,1Kgs.7.18
1KI 7:19,COPY_OR_MERGE,1Kgs.7.19
1KI 7:20,COPY_OR_MERGE,1Kgs.7.20
1KI 7:21,COPY_OR_MERGE,1Kgs.7.21
1KI 7:22,COPY_OR_MERGE,1Kgs.7.22
1KI 7:23,COPY_OR_MERGE,1Kgs.7.23
1KI 7:24,COPY_OR_MERGE,1Kgs.7.24
1KI 7:25,COPY_OR_MERGE,1Kgs.7.25
1KI 7:26,COPY_OR_MERGE,1Kgs.7.26
1KI 7:27,COPY_OR_MERGE,1Kgs.7.27
1KI 7:28,COPY_OR_MERGE,1Kgs.7.28
1KI 7:29,COPY_OR_MERGE,1Kgs.7.29
1KI 7:30,COPY_OR_MERGE,1Kgs.7.30
1KI 7:31,COPY_OR_MERGE,1Kgs.7.31
1KI 7:32,COPY_OR_MERGE,1Kgs.7.32
1KI 7:33,COPY_OR_MERGE,1Kgs.7.33
1KI 7:34,COPY_OR_MERGE,1Kgs.7.34
1KI 7:35,COPY_OR_MERGE,1Kgs.7.35
1KI 7:36,COPY_OR_MERGE,1Kgs.7.36
1KI 7:37,COPY_OR_MERGE,1Kgs.7.37
1KI 7:38,COPY_OR_MERGE,1Kgs.7.38
1KI 7:39,COPY_OR_MERGE,1Kgs.7.39
1KI 7:40,COPY_OR_MERGE,1Kgs.7.40
1KI 7:41,COPY_OR_MERGE,1Kgs.7.41
1KI 7:42,COPY_OR_MERGE,1Kgs.7.42
1KI 7:43,COPY_OR_MERGE,1Kgs.7.43
1KI 7:44,COPY_OR_MERGE,1Kgs.7.44
1KI 7:45,COPY_OR_MERGE,1Kgs.7.45
1KI 7:46,COPY_OR_MERGE,1Kgs.7.46
1KI 7:47,COPY_OR_MERGE,1Kgs.7.47
1KI 7:48,COPY_OR_MERGE,1Kgs.7.48
1KI 7:49,COPY_OR_MERGE,1Kgs.7.49
1KI 7:50,COPY_OR_MERGE,1Kgs.7.50
1KI 7:51,COPY_OR_MERGE,1Kgs.7.51
1KI 8:1,COPY_OR_MERGE,1Kgs.8.1
1KI 8:2,COPY_OR_MERGE,1Kgs.8.2
1KI 8:3,COPY_OR_MERGE,1Kgs.8.3
1KI 8:4,COPY_OR_MERGE,1Kgs.8.4
1KI 8:5,COPY_OR_MERGE,1Kgs.8.5
1KI 8:6,COPY_OR_MERGE,1Kgs.8.6
1KI 8:7,COPY_OR_MERGE,1Kgs.8.7
1KI 8:8,COPY_OR_MERGE,1Kgs.8.8
1KI 8:9,COPY_OR_MERGE,1Kgs.8.9
1KI 8:10,COPY_OR_MERGE,1Kgs.8.10
1KI 8:11,COPY_OR_MERGE,1Kgs.8.11
1KI 8:12,COPY_OR_MERGE,1Kgs.8.12
1KI 8:13,COPY_OR_MERGE,1Kgs.8.13
1KI 8:14,COPY_OR_MERGE,1Kgs.8.14
1KI 8:15,COPY_OR_MERGE,1Kgs.8.15
1KI 8:16,COPY_OR_MERGE,1Kgs.8.16
1KI 8:17,COPY_OR_MERGE,1Kgs.8.17
1KI 8:18,COPY_OR_MERGE,1Kgs.8.18
1KI 8:19,COPY_OR_MERGE,1Kgs.8.19
1KI 8:20,COPY_OR_MERGE,1Kgs.8.20
1KI 8:21,COPY_OR_MERGE,1Kgs.8.21
1KI 8:22,COPY_OR_MERGE,1Kgs.8.22
1KI 8:23,COPY_OR_MERGE,1Kgs.8.23
1KI 8:24,COPY_OR_MERGE,1Kgs.8.24
1KI 8:25,COPY_OR_MERGE,1Kgs.8.25
1KI 8:26,COPY_OR_MERGE,1Kgs.8.26
1KI 8:27,COPY_OR_MERGE,1Kgs.8.27
1KI 8:28,COPY_OR_MERGE,1Kgs.8.28
1KI 8:29,COPY_OR_MERGE,1Kgs.8.29
1KI 8:30,COPY_OR_MERGE,1Kgs.8.30
1KI 8:31,COPY_OR_MERGE,1Kgs.8.31
1KI 8:32,COPY_OR_MERGE,1Kgs.8.32
1KI 8:33,COPY_OR_MERGE,1Kgs.8.33
1KI 8:34,COPY_OR_MERGE,1Kgs.8.34
1KI 8:35,COPY_OR_MERGE,1Kgs.8.35
1KI 8:36,COPY_OR_MERGE,1Kgs.8.36
1KI 8:37,COPY_OR_MERGE,1Kgs.8.37
1KI 8:38,COPY_OR_MERGE,1Kgs.8.38
1KI 8:39,COPY_OR_MERGE,1Kgs.8.39
1KI 8:40,COPY_OR_MERGE,1Kgs.8.40
1KI 8:41,COPY_OR_MERGE,1Kgs.8.41
1KI 8:42,COPY_OR_MERGE,1Kgs.8.42
1KI 8:43,COPY_OR_MERGE,1Kgs.8.43
1KI 8:44,COPY_OR_MERGE,1Kgs.8.44
1KI 8:45,COPY_OR_MERGE,1Kgs.8.45
1KI 8:46,COPY_OR_MERGE,1Kgs.8.46
1KI 8:47,COPY_OR_MERGE,1Kgs.8.47
1KI 8:48,COPY_OR_MERGE,1Kgs.8.48
1KI 8:49,COPY_OR_MERGE,1Kgs.8.49
1KI 8:50,COPY_OR_MERGE,1Kgs.8.50
1KI 8:51,COPY_OR_MERGE,1Kgs.8.51
1KI 8:52,COPY_OR_MERGE,1Kgs.8.52
1KI 8:53,COPY_OR_MERGE,1Kgs.8.53
1KI 8:54,COPY_OR_MERGE,1Kgs.8.54
1KI 8:55,COPY_OR_MERGE,1Kgs.8.55
1KI 8:56,COPY_OR_MERGE,1Kgs.8.56
1KI 8:57,COPY_OR_MERGE,1Kgs.8.57
1KI 8:58,COPY_OR_MERGE,1Kgs.8.58
1KI 8:59,COPY_OR_MERGE,1Kgs.8.59
1KI 8:60,COPY_OR_MERGE,1Kgs.8.60
1KI 8:61,COPY_OR_MERGE,1Kgs.8.61
1KI 8:62,COPY_OR_MERGE,1Kgs.8.62
1KI 8:63,COPY_OR_MERGE,1Kgs.8.63
1KI 8:64,COPY_OR_MERGE,1Kgs.8.64
1KI 8:65,COPY_OR_MERGE,1Kgs.8.65
1KI 8:66,COPY_OR_MERGE,1Kgs.8.66
1KI 9:1,COPY_OR_MERGE,1Kgs.9.1
1KI 9:2,COPY_OR_MERGE,1Kgs.9.2
1KI 9:3,COPY_OR_MERGE,1Kgs.9.3
1KI 9:4,COPY_OR_MERGE,1Kgs.9.4
1KI 9:5,COPY_OR_MERGE,1Kgs.9.5
1KI 9:6,COPY_OR_MERGE,1Kgs.9.6
1KI 9:7,COPY_OR_MERGE,1Kgs.9.7
1KI 9:8,COPY_OR_MERGE,1Kgs.9.8
1KI 9:9,COPY_OR_MERGE,1Kgs.9.9
1KI 9:10,COPY_OR_MERGE,1Kgs.9.10
1KI 9:11,COPY_OR_MERGE,1Kgs.9.11
1KI 9:12,COPY_OR_MERGE,1Kgs.9.12
1KI 9:13,COPY_OR_MERGE,1Kgs.9.13
1KI 9:14,COPY_OR_MERGE,1Kgs.9.14
1KI 9:15,COPY_OR_MERGE,1Kgs.9.15
1KI 9:16,COPY_OR_MERGE,1Kgs.9.16
1KI 9:17,COPY_OR_MERGE,1Kgs.9.17
1KI 9:18,COPY_OR_MERGE,1Kgs.9.18
1KI 9:19,COPY_OR_MERGE,1Kgs.9.19
1KI 9:20,COPY_OR_MERGE,1Kgs.9.20
1KI 9:21,COPY_OR_MERGE,1Kgs.9.21
1KI 9:22,COPY_OR_MERGE,1Kgs.9.22
1KI 9:23,COPY_OR_MERGE,1Kgs.9.23
1KI 9:24,COPY_OR_MERGE,1Kgs.9.24
1KI 9:25,COPY_OR_MERGE,1Kgs.9.25
1KI 9:26,COPY_OR_MERGE,1Kgs.9.26
1KI 9:27,COPY_OR_MERGE,1Kgs.9.27
1KI 9:28,COPY_OR_MERGE,1Kgs.9.28
1KI 10:1,COPY_OR_MERGE,1Kgs.10.1
1KI 10:2,COPY_OR_MERGE,1Kgs.10.2
1KI 10:3,COPY_OR_MERGE,1Kgs.10.3
1KI 10:4,COPY_OR_MERGE,1Kgs.10.4
1KI 10:5,COPY_OR_MERGE,1Kgs.10.5
1KI 10:6,COPY_OR_MERGE,1Kgs.10.6
1KI 10:7,COPY_OR_MERGE,1Kgs.10.7
1KI 10:8,COPY_OR_MERGE,1Kgs.10.8
1KI 10:9,COPY_OR_MERGE,1Kgs.10.9
1KI 10:10,COPY_OR_MERGE,1Kgs.10.10
1KI 10:11,COPY_OR_MERGE,1Kgs.10.11
1KI 10:12,COPY_OR_MERGE,1Kgs.10.12
1KI 10:13,COPY_OR_MERGE,1Kgs.10.13
1KI 10:14,COPY_OR_MERGE,1Kgs.10.14
1KI 10:15,COPY_OR_MERGE,1Kgs.10.15
1KI 10:16,COPY_OR_MERGE,1Kgs.10.16
1KI 10:17,COPY_OR_MERGE,1Kgs.10.17
1KI 10:18,COPY_OR_MERGE,1Kgs.10.18
1KI 10:19,COPY_OR_MERGE,1Kgs.10.19
1KI 10:20,COPY_OR_MERGE,1Kgs.10.20
1KI 10:21,COPY_OR_MERGE,1Kgs.10.21
1KI 10:22,COPY_OR_MERGE,1Kgs.10.22
1KI 10:23,COPY_OR_MERGE,1Kgs.10.23
1KI 10:24,COPY_OR_MERGE,1Kgs.10.24
1KI 10:25,COPY_OR_MERGE,1Kgs.10.25
1KI 10:26,COPY_OR_MERGE,1Kgs.10.26
1KI 10:27,COPY_OR_MERGE,1Kgs.10.27
1KI 10:28,COPY_OR_MERGE,1Kgs.10.28
1KI 10:29,COPY_OR_MERGE,1Kgs.10.29
1KI 11:1,COPY_OR_MERGE,1Kgs.11.1
1KI 11:2,COPY_OR_MERGE,1Kgs.11.2
1KI 11:3,COPY_OR_MERGE,1Kgs.11.3
1KI 11:4,COPY_OR_MERGE,1Kgs.11.4
1KI 11:5,COPY_OR_MERGE,1Kgs.11.5
1KI 11:6,COPY_OR_MERGE,1Kgs.11.6
1KI 11:7,COPY_OR_MERGE,1Kgs.11.7
1KI 11:8,COPY_OR_MERGE,1Kgs.11.8
1KI 11:9,COPY_OR_MERGE,1Kgs.11.9
1KI 11:10,COPY_OR_MERGE,1Kgs.11.10
1KI 11:11,COPY_OR_MERGE,1Kgs.11.11
1KI 11:12,COPY_OR_MERGE,1Kgs.11.12
1KI 11:13,COPY_OR_MERGE,1Kgs.11.13
1KI 11:14,COPY_OR_MERGE,1Kgs.11.14
1KI 11:15,COPY_OR_MERGE,1Kgs.11.15
1KI 11:16,COPY_OR_MERGE,1Kgs.11.16
1KI 11:17,COPY_OR_MERGE,1Kgs.11.17
1KI 11:18,COPY_OR_MERGE,1Kgs.11.18
1KI 11:19,COPY_OR_MERGE,1Kgs.11.19
1KI 11:20,COPY_OR_MERGE,1Kgs.11.20
1KI 11:21,COPY_OR_MERGE,1Kgs.11.21
1KI 11:22,COPY_OR_MERGE,1Kgs.11.22
1KI 11:23,COPY_OR_MERGE,1Kgs.11.23
1KI 11:24,COPY_OR_MERGE,1Kgs.11.24
1KI 11:25,COPY_OR_MERGE,1Kgs.11.25
1KI 11:26,COPY_OR_MERGE,1Kgs.11.26
1KI 11:27,COPY_OR_MERGE,1Kgs.11.27
1KI 11:28,COPY_OR_MERGE,1Kgs.11.28
1KI 11:29,COPY_OR_MERGE,1Kgs.11.29
1KI 11:30,COPY_OR_MERGE,1Kgs.11.30
1KI 11:31,COPY_OR_MERGE,1Kgs.11.31
1KI 11:32,COPY_OR_MERGE,1Kgs.11.32
1KI 11:33,COPY_OR_MERGE,1Kgs.11.33
1KI 11:34,COPY_OR_MERGE,1Kgs.11.34
1KI 11:35,COPY_OR_MERGE,1Kgs.11.35
1KI 11:36,COPY_OR_MERGE,1Kgs.11.36
1KI 11:37,COPY_OR_MERGE,1Kgs.11.37
1KI 11:38,COPY_OR_MERGE,1Kgs.11.38
1KI 11:39,COPY_OR_MERGE,1Kgs.11.39
1KI 11:40,COPY_OR_MERGE,1Kgs.11.40
1KI 11:41,COPY_OR_MERGE,1Kgs.11.41
1KI 11:42,COPY_OR_MERGE,1Kgs.11.42
1KI 11:43,COPY_OR_MERGE,1Kgs.11.43
1KI 12:1,COPY_OR_MERGE,1Kgs.12.1
1KI 12:2,COPY_OR_MERGE,1Kgs.12.2
1KI 12:3,COPY_OR_MERGE,1Kgs.12.3
1KI 12:4,COPY_OR_MERGE,1Kgs.12.4
1KI 12:5,COPY_OR_MERGE,1Kgs.12.5
1KI 12:6,COPY_OR_MERGE,1Kgs.12.6
1KI 12:7,COPY_OR_MERGE,1Kgs.12.7
1KI 12:8,COPY_OR_MERGE,1Kgs.12.8
1KI 12:9,COPY_OR_MERGE,1Kgs.12.9
1KI 12:10,COPY_OR_MERGE,1Kgs.12.10
1KI 12:11,COPY_OR_MERGE,1Kgs.12.11
1KI 12:12,COPY_OR_MERGE,1Kgs.12.12
1KI 12:13,COPY_OR_MERGE,1Kgs.12.13
1KI 12:14,COPY_OR_MERGE,1Kgs.12.14
1KI 12:15,COPY_OR_MERGE,1Kgs.12.15
1KI 12:16,COPY_OR_MERGE,1Kgs.12.16
1KI 12:17,COPY_OR_MERGE,1Kgs.12.17
1KI 12:18,COPY_OR_MERGE,1Kgs.12.18
1KI 12:19,COPY_OR_MERGE,1Kgs.12.19
1KI 12:20,COPY_OR_MERGE,1Kgs.12.20
1KI 12:21,COPY_OR_MERGE,1Kgs.12.21
1KI 12:22,COPY_OR_MERGE,1Kgs.12.22
1KI 12:23,COPY_OR_MERGE,1Kgs.12.23
1KI 12:24,COPY_OR_MERGE,1Kgs.12.24
1KI 12:25,COPY_OR_MERGE,1Kgs.12.25
1KI 12:26,COPY_OR_MERGE,1Kgs.12.26
1KI 12:27,COPY_OR_MERGE,1Kgs.12.27
1KI 12:28,COPY_OR_MERGE,1Kgs.12.28
1KI 12:29,COPY_OR_MERGE,1Kgs.12.29
1KI 12:30,COPY_OR_MERGE,1Kgs.12.30
1KI 12:31,COPY_OR_MERGE,1Kgs.12.31
1KI 12:32,COPY_OR_MERGE,1Kgs.12.32
1KI 12:33,COPY_OR_MERGE,1Kgs.12.33
1KI 13:1,COPY_OR_MERGE,1Kgs.13.1
1KI 13:2,COPY_OR_MERGE,1Kgs.13.2
1KI 13:3,COPY_OR_MERGE,1Kgs.13.3
1KI 13:4,COPY_OR_MERGE,1Kgs.13.4
1KI 13:5,COPY_OR_MERGE,1Kgs.13.5
1KI 13:6,COPY_OR_MERGE,1Kgs.13.6
1KI 13:7,COPY_OR_MERGE,1Kgs.13.7
1KI 13:8,COPY_OR_MERGE,1Kgs.13.8
1KI 13:9,COPY_OR_MERGE,1Kgs.13.9
1KI 13:10,COPY_OR_MERGE,1Kgs.13.10
1KI 13:11,COPY_OR_MERGE,1Kgs.13.11
1KI 13:12,COPY_OR_MERGE,1Kgs.13.12
1KI 13:13,COPY_OR_MERGE,1Kgs.13.13
1KI 13:14,COPY_OR_MERGE,1Kgs.13.14
1KI 13:15,COPY_OR_MERGE,1Kgs.13.15
1KI 13:16,COPY_OR_MERGE,1Kgs.13.16
1KI 13:17,COPY_OR_MERGE,1Kgs.13.17
1KI 13:18,COPY_OR_MERGE,1Kgs.13.18
1KI 13:19,COPY_OR_MERGE,1Kgs.13.19
1KI 13:20,COPY_OR_MERGE,1Kgs.13.20
1KI 13:21,COPY_OR_MERGE,1Kgs.13.21
1KI 13:22,COPY_OR_MERGE,1Kgs.13.22
1KI 13:23,COPY_OR_MERGE,1Kgs.13.23
1KI 13:24,COPY_OR_MERGE,1Kgs.13.24
1KI 13:25,COPY_OR_MERGE,1Kgs.13.25
1KI 13:26,COPY_OR_MERGE,1Kgs.13.26
1KI 13:27,COPY_OR_MERGE,1Kgs.13.27
1KI 13:28,COPY_OR_MERGE,1Kgs.13.28
1KI 13:29,COPY_OR_MERGE,1Kgs.13.29
1KI 13:30,COPY_OR_MERGE,1Kgs.13.30
1KI 13:31,COPY_OR_MERGE,1Kgs.13.31
1KI 13:32,COPY_OR_MERGE,1Kgs.13.32
1KI 13:33,COPY_OR_MERGE,1Kgs.13.33
1KI 13:34,COPY_OR_MERGE,1Kgs.13.34
1KI 14:1,COPY_OR_MERGE,1Kgs.14.1
1KI 14:2,COPY_OR_MERGE,1Kgs.14.2
1KI 14:3,COPY_OR_MERGE,1Kgs.14.3
1KI 14:4,COPY_OR_MERGE,1Kgs.14.4
1KI 14:5,COPY_OR_MERGE,1Kgs.14.5
1KI 14:6,COPY_OR_MERGE,1Kgs.14.6
1KI 14:7,COPY_OR_MERGE,1Kgs.14.7
1KI 14:8,COPY_OR_MERGE,1Kgs.14.8
1KI 14:9,COPY_OR_MERGE,1Kgs.14.9
1KI 14:10,COPY_OR_MERGE,1Kgs.14.10
1KI 14:11,COPY_OR_MERGE,1Kgs.14.11
1KI 14:12,COPY_OR_MERGE,1Kgs.14.12
1KI 14:13,COPY_OR_MERGE,1Kgs.14.13
1KI 14:14,COPY_OR_MERGE,1Kgs.14.14
1KI 14:15,COPY_OR_MERGE,1Kgs.14.15
1KI 14:16,COPY_OR_MERGE,1Kgs.14.16
1KI 14:17,COPY_OR_MERGE,1Kgs.14.17
1KI 14:18,COPY_OR_MERGE,1Kgs.14.18
1KI 14:19,COPY_OR_MERGE,1Kgs.14.19
1KI 14:20,COPY_OR_MERGE,1Kgs.14.20
1KI 14:21,COPY_OR_MERGE,1Kgs.14.21
1KI 14:22,COPY_OR_MERGE,1Kgs.14.22
1KI 14:23,COPY_OR_MERGE,1Kgs.14.23
1KI 14:24,COPY_OR_MERGE,1Kgs.14.24
1KI 14:25,COPY_OR_MERGE,1Kgs.14.25
1KI 14:26,COPY_OR_MERGE,1Kgs.14.26
1KI 14:27,COPY_OR_MERGE,1Kgs.14.27
1KI 14:28,COPY_OR_MERGE,1Kgs.14.28
1KI 14:29,COPY_OR_MERGE,1Kgs.14.29
1KI 14:30,COPY_OR_MERGE,1Kgs.14.30
1KI 14:31,COPY_OR_MERGE,1Kgs.14.31
1KI 15:1,COPY_OR_MERGE,1Kgs.15.1
1KI 15:2,COPY_OR_MERGE,1Kgs.15.2
1KI 15:3,COPY_OR_MERGE,1Kgs.15.3
1KI 15:4,COPY_OR_MERGE,1Kgs.15.4
1KI 15:5,COPY_OR_MERGE,1Kgs.15.5
1KI 15:6,COPY_OR_MERGE,1Kgs.15.6
1KI 15:7,COPY_OR_MERGE,1Kgs.15.7
1KI 15:8,COPY_OR_MERGE,1Kgs.15.8
1KI 15:9,COPY_OR_MERGE,1Kgs.15.9
1KI 15:10,COPY_OR_MERGE,1Kgs.15.10
1KI 15:11,COPY_OR_MERGE,1Kgs.15.11
1KI 15:12,COPY_OR_MERGE,1Kgs.15.12
1KI 15:13,COPY_OR_MERGE,1Kgs.15.13
1KI 15:14,COPY_OR_MERGE,1Kgs.15.14
1KI 15:15,COPY_OR_MERGE,1Kgs.15.15
1KI 15:16,COPY_OR_MERGE,1Kgs.15.16
1KI 15:17,COPY_OR_MERGE,1Kgs.15.17
1KI 15:18,COPY_OR_MERGE,1Kgs.15.18
1KI 15:19,COPY_OR_MERGE,1Kgs.15.19
1KI 15:20,COPY_OR_MERGE,1Kgs.15.20
1KI 15:21,COPY_OR_MERGE,1Kgs.15.21
1KI 15:22,COPY_OR_MERGE,1Kgs.15.22
1KI 15:23,COPY_OR_MERGE,1Kgs.15.23
1KI 15:24,COPY_OR_MERGE,1Kgs.15.24
1KI 15:25,COPY_OR_MERGE,1Kgs.15.25
1KI 15:26,COPY_OR_MERGE,1Kgs.15.26
1KI 15:27,COPY_OR_MERGE,1Kgs.15.27
1KI 15:28,COPY_OR_MERGE,1Kgs.15.28
1KI 15:29,COPY_OR_MERGE,1Kgs.15.29
1KI 15:30,COPY_OR_MERGE,1Kgs.15.30
1KI 15:31,COPY_OR_MERGE,1Kgs.15.31
1KI 15:32,COPY_OR_MERGE,1Kgs.15.32
1KI 15:33,COPY_OR_MERGE,1Kgs.15.33
1KI 15:34,COPY_OR_MERGE,1Kgs.15.34
1KI 16:1,COPY_OR_MERGE,1Kgs.16.1
1KI 16:2,COPY_OR_MERGE,1Kgs.16.2
1KI 16:3,COPY_OR_MERGE,1Kgs.16.3
1KI 16:4,COPY_OR_MERGE,1Kgs.16.4
1KI 16:5,COPY_OR_MERGE,1Kgs.16.5
1KI 16:6,COPY_OR_MERGE,1Kgs.16.6
1KI 16:7,COPY_OR_MERGE,1Kgs.16.7
1KI 16:8,COPY_OR_MERGE,1Kgs.16.8
1KI 16:9,COPY_OR_MERGE,1Kgs.16.9
1KI 16:10,COPY_OR_MERGE,1Kgs.16.10
1KI 16:11,COPY_OR_MERGE,1Kgs.16.11
1KI 16:12,COPY_OR_MERGE,1Kgs.16.12
1KI 16:13,COPY_OR_MERGE,1Kgs.16.13
1KI 16:14,COPY_OR_MERGE,1Kgs.16.14
1KI 16:15,COPY_OR_MERGE,1Kgs.16.15
1KI 16:16,COPY_OR_MERGE,1Kgs.16.16
1KI 16:17,COPY_OR_MERGE,1Kgs.16.17
1KI 16:18,COPY_OR_MERGE,1Kgs.16.18
1KI 16:19,COPY_OR_MERGE,1Kgs.16.19
1KI 16:20,COPY_OR_MERGE,1Kgs.16.20
1KI 16:21,COPY_OR_MERGE,1Kgs.16.21
1KI 16:22,COPY_OR_MERGE,1Kgs.16.22
1KI 16:23,COPY_OR_MERGE,1Kgs.16.23
1KI 16:24,COPY_OR_MERGE,1Kgs.16.24
1KI 16:25,COPY_OR_MERGE,1Kgs.16.25
1KI 16:26,COPY_OR_MERGE,1Kgs.16.26
1KI 16:27,COPY_OR_MERGE,1Kgs.16.27
1KI 16:28,COPY_OR_MERGE,1Kgs.16.28
1KI 16:29,COPY_OR_MERGE,1Kgs.16.29
1KI 16:30,COPY_OR_MERGE,1Kgs.16.30
1KI 16:31,COPY_OR_MERGE,1Kgs.16.31
1KI 16:32,COPY_OR_MERGE,1Kgs.16.32
1KI 16:33,COPY_OR_MERGE,1Kgs.16.33
1KI 16:34,COPY_OR_MERGE,1Kgs.16.34
1KI 17:1,COPY_OR_MERGE,1Kgs.17.1
1KI 17:2,COPY_OR_MERGE,1Kgs.17.2
1KI 17:3,COPY_OR_MERGE,1Kgs.17.3
1KI 17:4,COPY_OR_MERGE,1Kgs.17.4
1KI 17:5,COPY_OR_MERGE,1Kgs.17.5
1KI 17:6,COPY_OR_MERGE,1Kgs.17.6
1KI 17:7,COPY_OR_MERGE,1Kgs.17.7
1KI 17:8,COPY_OR_MERGE,1Kgs.17.8
1KI 17:9,COPY_OR_MERGE,1Kgs.17.9
1KI 17:10,COPY_OR_MERGE,1Kgs.17.10
1KI 17:11,COPY_OR_MERGE,1Kgs.17.11
1KI 17:12,COPY_OR_MERGE,1Kgs.17.12
1KI 17:13,COPY_OR_MERGE,1Kgs.17.13
1KI 17:14,COPY_OR_MERGE,1Kgs.17.14
1KI 17:15,COPY_OR_MERGE,1Kgs.17.15
1KI 17:16,COPY_OR_MERGE,1Kgs.17.16
1KI 17:17,COPY_OR_MERGE,1Kgs.17.17
1KI 17:18,COPY_OR_MERGE,1Kgs.17.18
1KI 17:19,COPY_OR_MERGE,1Kgs.17.19
1KI 17:20,COPY_OR_MERGE,1Kgs.17.20
1KI 17:21,COPY_OR_MERGE,1Kgs.17.21
1KI 17:22,COPY_OR_MERGE,1Kgs.17.22
1KI 17:23,COPY_OR_MERGE,1Kgs.17.23
1KI 17:24,COPY_OR_MERGE,1Kgs.17.24
1KI 18:1,COPY_OR_MERGE,1Kgs.18.1
1KI 18:2,COPY_OR_MERGE,1Kgs.18.2
1KI 18:3,COPY_OR_MERGE,1Kgs.18.3
1KI 18:4,COPY_OR_MERGE,1Kgs.18.4
1KI 18:5,COPY_OR_MERGE,1Kgs.18.5
1KI 18:6,COPY_OR_MERGE,1Kgs.18.6
1KI 18:7,COPY_OR_MERGE,1Kgs.18.7
1KI 18:8,COPY_OR_MERGE,1Kgs.18.8
1KI 18:9,COPY_OR_MERGE,1Kgs.18.9
1KI 18:10,COPY_OR_MERGE,1Kgs.18.10
1KI 18:11,COPY_OR_MERGE,1Kgs.18.11
1KI 18:12,COPY_OR_MERGE,1Kgs.18.12
1KI 18:13,COPY_OR_MERGE,1Kgs.18.13
1KI 18:14,COPY_OR_MERGE,1Kgs.18.14
1KI 18:15,COPY_OR_MERGE,1Kgs.18.15
1KI 18:16,COPY_OR_MERGE,1Kgs.18.16
1KI 18:17,COPY_OR_MERGE,1Kgs.18.17
1KI 18:18,COPY_OR_MERGE,1Kgs.18.18
1KI 18:19,COPY_OR_MERGE,1Kgs.18.19
1KI 18:20,COPY_OR_MERGE,1Kgs.18.20
1KI 18:21,COPY_OR_MERGE,1Kgs.18.21
1KI 18:22,COPY_OR_MERGE,1Kgs.18.22
1KI 18:23,COPY_OR_MERGE,1Kgs.18.23
1KI 18:24,COPY_OR_MERGE,1Kgs.18.24
1KI 18:25,COPY_OR_MERGE,1Kgs.18.25
1KI 18:26,COPY_OR_MERGE,1Kgs.18.26
1KI 18:27,COPY_OR_MERGE,1Kgs.18.27
1KI 18:28,COPY_OR_MERGE,1Kgs.18.28
1KI 18:29,COPY_OR_MERGE,1Kgs.18.29
1KI 18:30,COPY_OR_MERGE,1Kgs.18.30
1KI 18:31,COPY_OR_MERGE,1Kgs.18.31
1KI 18:32,COPY_OR_MERGE,1Kgs.18.32
1KI 18:33,COPY_OR_MERGE,1Kgs.18.33
1KI 18:34,COPY_OR_MERGE,1Kgs.18.34
1KI 18:35,COPY_OR_MERGE,1Kgs.18.35
1KI 18:36,COPY_OR_MERGE,1Kgs.18.36
1KI 18:37,COPY_OR_MERGE,1Kgs.18.37
1KI 18:38,COPY_OR_MERGE,1Kgs.18.38
1KI 18:39,COPY_OR_MERGE,1Kgs.18.39
1KI 18:40,COPY_OR_MERGE,1Kgs.18.40
1KI 18:41,COPY_OR_MERGE,1Kgs.18.41
1KI 18:42,COPY_OR_MERGE,1Kgs.18.42
1KI 18:43,COPY_OR_MERGE,1Kgs.18.43
1KI 18:44,COPY_OR_MERGE,1Kgs.18.44
1KI 18:45,COPY_OR_MERGE,1Kgs.18.45
1KI 18:46,COPY_OR_MERGE,1Kgs.18.46
1KI 19:1,COPY_OR_MERGE,1Kgs.19.1
1KI 19:2,COPY_OR_MERGE,1Kgs.19.2
1KI 19:3,COPY_OR_MERGE,1Kgs.19.3
1KI 19:4,COPY_OR_MERGE,1Kgs.19.4
1KI 19:5,COPY_OR_MERGE,1Kgs.19.5
1KI 19:6,COPY_OR_MERGE,1Kgs.19.6
1KI 19:7,COPY_OR_MERGE,1Kgs.19.7
1KI 19:8,COPY_OR_MERGE,1Kgs.19.8
1KI 19:9,COPY_OR_MERGE,1Kgs.19.9
1KI 19:10,COPY_OR_MERGE,1Kgs.19.10
1KI 19:11,COPY_OR_MERGE,1Kgs.19.11
1KI 19:12,COPY_OR_MERGE,1Kgs.19.12
1KI 19:13,COPY_OR_MERGE,1Kgs.19.13
1KI 19:14,COPY_OR_MERGE,1Kgs.19.14
1KI 19:15,COPY_OR_MERGE,1Kgs.19.15
1KI 19:16,COPY_OR_MERGE,1Kgs.19.16
1KI 19:17,COPY_OR_MERGE,1Kgs.19.17
1KI 19:18,COPY_OR_MERGE,1Kgs.19.18
1KI 19:19,COPY_OR_MERGE,1Kgs.19.19
1KI 19:20,COPY_OR_MERGE,1Kgs.19.20
1KI 19:21,COPY_OR_MERGE,1Kgs.19.21
1KI 20:1,COPY_OR_MERGE,1Kgs.20.1
1KI 20:2,COPY_OR_MERGE,1Kgs.20.2
1KI 20:3,COPY_OR_MERGE,1Kgs.20.3
1KI 20:4,COPY_OR_MERGE,1Kgs.20.4
1KI 20:5,COPY_OR_MERGE,1Kgs.20.5
1KI 20:6,COPY_OR_MERGE,1Kgs.20.6
1KI 20:7,COPY_OR_MERGE,1Kgs.20.7
1KI 20:8,COPY_OR_MERGE,1Kgs.20.8
1KI 20:9,COPY_OR_MERGE,1Kgs.20.9
1KI 20:10,COPY_OR_MERGE,1Kgs.20.10
1KI 20:11,COPY_OR_MERGE,1Kgs.20.11
1KI 20:12,COPY_OR_MERGE,1Kgs.20.12
1KI 20:13,COPY_OR_MERGE,1Kgs.20.13
1KI 20:14,COPY_OR_MERGE,1Kgs.20.14
1KI 20:15,COPY_OR_MERGE,1Kgs.20.15
1KI 20:16,COPY_OR_MERGE,1Kgs.20.16
1KI 20:17,COPY_OR_MERGE,1Kgs.20.17
1KI 20:18,COPY_OR_MERGE,1Kgs.20.18
1KI 20:19,COPY_OR_MERGE,1Kgs.20.19
1KI 20:20,COPY_OR_MERGE,1Kgs.20.20
1KI 20:21,COPY_OR_MERGE,1Kgs.20.21
1KI 20:22,COPY_OR_MERGE,1Kgs.20.22
1KI 20:23,COPY_OR_MERGE,1Kgs.20.23
1KI 20:24,COPY_OR_MERGE,1Kgs.20.24
1KI 20:25,COPY_OR_MERGE,1Kgs.20.25
1KI 20:26,COPY_OR_MERGE,1Kgs.20.26
1KI 20:27,COPY_OR_MERGE,1Kgs.20.27
1KI 20:28,COPY_OR_MERGE,1Kgs.20.28
1KI 20:29,COPY_OR_MERGE,1Kgs.20.29
1KI 20:30,COPY_OR_MERGE,1Kgs.20.30
1KI 20:31,COPY_OR_MERGE,1Kgs.20.31
1KI 20:32,COPY_OR_MERGE,1Kgs.20.32
1KI 20:33,COPY_OR_MERGE,1Kgs.20.33
1KI 20:34,COPY_OR_MERGE,1Kgs.20.34
1KI 20:35,COPY_OR_MERGE,1Kgs.20.35
1KI 20:36,COPY_OR_MERGE,1Kgs.20.36
1KI 20:37,COPY_OR_MERGE,1Kgs.20.37
1KI 20:38,COPY_OR_MERGE,1Kgs.20.38
1KI 20:39,COPY_OR_MERGE,1Kgs.20.39
1KI 20:40,COPY_OR_MERGE,1Kgs.20.40
1KI 20:41,COPY_OR_MERGE,1Kgs.20.41
1KI 20:42,COPY_OR_MERGE,1Kgs.20.42
1KI 20:43,COPY_OR_MERGE,1Kgs.20.43
1KI 21:1,COPY_OR_MERGE,1Kgs.21.1
1KI 21:2,COPY_OR_MERGE,1Kgs.21.2
1KI 21:3,COPY_OR_MERGE,1Kgs.21.3
1KI 21:4,COPY_OR_MERGE,1Kgs.21.4
1KI 21:5,COPY_OR_MERGE,1Kgs.21.5
1KI 21:6,COPY_OR_MERGE,1Kgs.21.6
1KI 21:7,COPY_OR_MERGE,1Kgs.21.7
1KI 21:8,COPY_OR_MERGE,1Kgs.21.8
1KI 21:9,COPY_OR_MERGE,1Kgs.21.9
1KI 21:10,COPY_OR_MERGE,1Kgs.21.10
1KI 21:11,COPY_OR_MERGE,1Kgs.21.11
1KI 21:12,COPY_OR_MERGE,1Kgs.21.12
1KI 21:13,COPY_OR_MERGE,1Kgs.21.13
1KI 21:14,COPY_OR_MERGE,1Kgs.21.14
1KI 21:15,COPY_OR_MERGE,1Kgs.21.15
1KI 21:16,COPY_OR_MERGE,1Kgs.21.16
1KI 21:17,COPY_OR_MERGE,1Kgs.21.17
1KI 21:18,COPY_OR_MERGE,1Kgs.21.18
1KI 21:19,COPY_OR_MERGE,1Kgs.21.19
1KI 21:20,COPY_OR_MERGE,1Kgs.21.20
1KI 21:21,COPY_OR_MERGE,1Kgs.21.21
1KI 21:22,COPY_OR_MERGE,1Kgs.21.22
1KI 21:23,COPY_OR_MERGE,1Kgs.21.23
1KI 21:24,COPY_OR_MERGE,1Kgs.21.24
1KI 21:25,COPY_OR_MERGE,1Kgs.21.25
1KI 21:26,COPY_OR_MERGE,1Kgs.21.26
1KI 21:27,COPY_OR_MERGE,1Kgs.21.27
1KI 21:28,COPY_OR_MERGE,1Kgs.21.28
1KI 21:29,COPY_OR_MERGE,1Kgs.21.29
1KI 22:1,COPY_OR_MERGE,1Kgs.22.1
1KI 22:2,COPY_OR_MERGE,1Kgs.22.2
1KI 22:3,COPY_OR_MERGE,1Kgs.22.3
1KI 22:4,COPY_OR_MERGE,1Kgs.22.4
1KI 22:5,COPY_OR_MERGE,1Kgs.22.5
1KI 22:6,COPY_OR_MERGE,1Kgs.22.6
1KI 22:7,COPY_OR_MERGE,1Kgs.22.7
1KI 22:8,COPY_OR_MERGE,1Kgs.22.8
1KI 22:9,COPY_OR_MERGE,1Kgs.22.9
1KI 22:10,COPY_OR_MERGE,1Kgs.22.10
1KI 22:11,COPY_OR_MERGE,1Kgs.22.11
1KI 22:12,COPY_OR_MERGE,1Kgs.22.12
1KI 22:13,COPY_OR_MERGE,1Kgs.22.13
1KI 22:14,COPY_OR_MERGE,1Kgs.22.14
1KI 22:15,COPY_OR_MERGE,1Kgs.22.15
1KI 22:16,COPY_OR_MERGE,1Kgs.22.16
1KI 22:17,COPY_OR_MERGE,1Kgs.22.17
1KI 22:18,COPY_OR_MERGE,1Kgs.22.18
1KI 22:19,COPY_OR_MERGE,1Kgs.22.19
1KI 22:20,COPY_OR_MERGE,1Kgs.22.20
1KI 22:21,MANUAL_SPLIT_FIX,1Kgs.22.21
1KI 22:22,MANUAL_SPLIT_FIX,1Kgs.22.21; 1Kgs.22.22
1KI 22:23,COPY_OR_MERGE,1Kgs.22.23
1KI 22:24,COPY_OR_MERGE,1Kgs.22.24
1KI 22:25,COPY_OR_MERGE,1Kgs.22.25
1KI 22:26,COPY_OR_MERGE,1Kgs.22.26
1KI 22:27,COPY_OR_MERGE,1Kgs.22.27
1KI 22:28,COPY_OR_MERGE,1Kgs.22.28
1KI 22:29,COPY_OR_MERGE,1Kgs.22.29
1KI 22:30,COPY_OR_MERGE,1Kgs.22.30
1KI 22:31,COPY_OR_MERGE,1Kgs.22.31
1KI 22:32,COPY_OR_MERGE,1Kgs.22.32
1KI 22:33,COPY_OR_MERGE,1Kgs.22.33
1KI 22:34,COPY_OR_MERGE,1Kgs.22.34
1KI 22:35,COPY_OR_MERGE,1Kgs.22.35
1KI 22:36,COPY_OR_MERGE,1Kgs.22.36
1KI 22:37,COPY_OR_MERGE,1Kgs.22.37
1KI 22:38,COPY_OR_MERGE,1Kgs.22.38
1KI 22:39,COPY_OR_MERGE,1Kgs.22.39
1KI 22:40,COPY_OR_MERGE,1Kgs.22.40
1KI 22:41,COPY_OR_MERGE,1Kgs.22.41
1KI 22:42,COPY_OR_MERGE,1Kgs.22.42
1KI 22:43,COPY_OR_MERGE,1Kgs.22.43; 1Kgs.22.44
1KI 22:44,COPY_OR_MERGE,1Kgs.22.45
1KI 22:45,COPY_OR_MERGE,1Kgs.22.46
1KI 22:46,COPY_OR_MERGE,1Kgs.22.47
1KI 22:47,COPY_OR_MERGE,1Kgs.22.48
1KI 22:48,COPY_OR_MERGE,1Kgs.22.49
1KI 22:49,COPY_OR_MERGE,1Kgs.22.50
1KI 22:50,COPY_OR_MERGE,1Kgs.22.51
1KI 22:51,COPY_OR_MERGE,1Kgs.22.52
1KI 22:52,COPY_OR_MERGE,1Kgs.22.53
1KI 22:53,COPY_OR_MERGE,1Kgs.22.54
1SA 1:1,COPY_OR_MERGE,1Sam.1.1
1SA 1:2,COPY_OR_MERGE,1Sam.1.2
1SA 1:3,COPY_OR_MERGE,1Sam.1.3
1SA 1:4,COPY_OR_MERGE,1Sam.1.4
1SA 1:5,COPY_OR_MERGE,1Sam.1.5
1SA 1:6,COPY_OR_MERGE,1Sam.1.6
1SA 1:7,COPY_OR_MERGE,1Sam.1.7
1SA 1:8,COPY_OR_MERGE,1Sam.1.8
1SA 1:9,COPY_OR_MERGE,1Sam.1.9
1SA 1:10,COPY_OR_MERGE,1Sam.1.10
1SA 1:11,COPY_OR_MERGE,1Sam.1.11
1SA 1:12,COPY_OR_MERGE,1Sam.1.12
1SA 1:13,COPY_OR_MERGE,1Sam.1.13
1SA 1:14,COPY_OR_MERGE,1Sam.1.14
1SA 1:15,COPY_OR_MERGE,1Sam.1.15
1SA 1:16,COPY_OR_MERGE,1Sam.1.16
1SA 1:17,COPY_OR_MERGE,1Sam.1.17
1SA 1:18,COPY_OR_MERGE,1Sam.1.18
1SA 1:19,COPY_OR_MERGE,1Sam.1.19
1SA 1:20,COPY_OR_MERGE,1Sam.1.20
1SA 1:21,COPY_OR_MERGE,1Sam.1.21
1SA 1:22,COPY_OR_MERGE,1Sam.1.22
1SA 1:23,COPY_OR_MERGE,1Sam.1.23
1SA 1:24,COPY_OR_MERGE,1Sam.1.24
1SA 1:25,COPY_OR_MERGE,1Sam.1.25
1SA 1:26,COPY_OR_MERGE,1Sam.1.26
1SA 1:27,COPY_OR_MERGE,1Sam.1.27
1SA 1:28,COPY_OR_MERGE,1Sam.1.28
1SA 2:1,COPY_OR_MERGE,1Sam.2.1
1SA 2:2,COPY_OR_MERGE,1Sam.2.2
1SA 2:3,COPY_OR_MERGE,1Sam.2.3
1SA 2:4,COPY_OR_MERGE,1Sam.2.4
1SA 2:5,COPY_OR_MERGE,1Sam.2.5
1SA 2:6,COPY_OR_MERGE,1Sam.2.6
1SA 2:7,COPY_OR_MERGE,1Sam.2.7
1SA 2:8,COPY_OR_MERGE,1Sam.2.8
1SA 2:9,COPY_OR_MERGE,1Sam.2.9
1SA 2:10,COPY_OR_MERGE,1Sam.2.10
1SA 2:11,COPY_OR_MERGE,1Sam.2.11
1SA 2:12,COPY_OR_MERGE,1Sam.2.12
1SA 2:13,COPY_OR_MERGE,1Sam.2.13
1SA 2:14,COPY_OR_MERGE,1Sam.2.14
1SA 2:15,COPY_OR_MERGE,1Sam.2.15
1SA 2:16,COPY_OR_MERGE,1Sam.2.16
1SA 2:17,COPY_OR_MERGE,1Sam.2.17
1SA 2:18,COPY_OR_MERGE,1Sam.2.18
1SA 2:19,COPY_OR_MERGE,1Sam.2.19
1SA 2:20,COPY_OR_MERGE,1Sam.2.20
1SA 2:21,COPY_OR_MERGE,1Sam.2.21
1SA 2:22,COPY_OR_MERGE,1Sam.2.22
1SA 2:23,COPY_OR_MERGE,1Sam.2.23
1SA 2:24,COPY_OR_MERGE,1Sam.2.24
1SA 2:25,COPY_OR_MERGE,1Sam.2.25
1SA 2:26,COPY_OR_MERGE,1Sam.2.26
1SA 2:27,COPY_OR_MERGE,1Sam.2.27
1SA 2:28,COPY_OR_MERGE,1Sam.2.28
1SA 2:29,COPY_OR_MERGE,1Sam.2.29
1SA 2:30,COPY_OR_MERGE,1Sam.2.30
1SA 2:31,COPY_OR_MERGE,1Sam.2.31
1SA 2:32,COPY_OR_MERGE,1Sam.2.32
1SA 2:33,COPY_OR_MERGE,1Sam.2.33
1SA 2:34,COPY_OR_MERGE,1Sam.2.34
1SA 2:35,COPY_OR_MERGE,1Sam.2.35
1SA 2:36,COPY_OR_MERGE,1Sam.2.36
1SA 3:1,COPY_OR_MERGE,1Sam.3.1
1SA 3:2,COPY_OR_MERGE,1Sam.3.2
1SA 3:3,COPY_OR_MERGE,1Sam.3.3
1SA 3:4,COPY_OR_MERGE,1Sam.3.4
1SA 3:5,COPY_OR_MERGE,1Sam.3.5
1SA 3:6,COPY_OR_MERGE,1Sam.3.6
1SA 3:7,COPY_OR_MERGE,1Sam.3.7
1SA 3:8,COPY_OR_MERGE,1Sam.3.8
1SA 3:9,COPY_OR_MERGE,1Sam.3.9
1SA 3:10,COPY_OR_MERGE,1Sam.3.10
1SA 3:11,COPY_OR_MERGE,1Sam.3.11
1SA 3:12,COPY_OR_MERGE,1Sam.3.12
1SA 3:13,COPY_OR_MERGE,1Sam.3.13
1SA 3:14,COPY_OR_MERGE,1Sam.3.14
1SA 3:15,COPY_OR_MERGE,1Sam.3.15
1SA 3:16,COPY_OR_MERGE,1Sam.3.16
1SA 3:17,COPY_OR_MERGE,1Sam.3.17
1SA 3:18,COPY_OR_MERGE,1Sam.3.18
1SA 3:19,COPY_OR_MERGE,1Sam.3.19
1SA 3:20,COPY_OR_MERGE,1Sam.3.20
1SA 3:21,COPY_OR_MERGE,1Sam.3.21
1SA 4:1,COPY_OR_MERGE,1Sam.4.1
1SA 4:2,COPY_OR_MERGE,1Sam.4.2
1SA 4:3,COPY_OR_MERGE,1Sam.4.3
1SA 4:4,COPY_OR_MERGE,1Sam.4.4
1SA 4:5,COPY_OR_MERGE,1Sam.4.5
1SA 4:6,COPY_OR_MERGE,1Sam.4.6
1SA 4:7,COPY_OR_MERGE,1Sam.4.7
1SA 4:8,COPY_OR_MERGE,1Sam.4.8
1SA 4:9,COPY_OR_MERGE,1Sam.4.9
1SA 4:10,COPY_OR_MERGE,1Sam.4.10
1SA 4:11,COPY_OR_MERGE,1Sam.4.11
1SA 4:12,COPY_OR_MERGE,1Sam.4.12
1SA 4:13,COPY_OR_MERGE,1Sam.4.13
1SA 4:14,COPY_OR_MERGE,1Sam.4.14
1SA 4:15,COPY_OR_MERGE,1Sam.4.15
1SA 4:16,COPY_OR_MERGE,1Sam.4.16
1SA 4:17,COPY_OR_MERGE,1Sam.4.17
1SA 4:18,COPY_OR_MERGE,1Sam.4.18
1SA 4:19,COPY_OR_MERGE,1Sam.4.19
1SA 4:20,COPY_OR_MERGE,1Sam.4.20
1SA 4:21,COPY_OR_MERGE,1Sam.4.21
1SA 4:22,COPY_OR_MERGE,1Sam.4.22
1SA 5:1,COPY_OR_MERGE,1Sam.5.1
1SA 5:2,COPY_OR_MERGE,1Sam.5.2
1SA 5:3,COPY_OR_MERGE,1Sam.5.3
1SA 5:4,COPY_OR_MERGE,1Sam.5.4
1SA 5:5,COPY_OR_MERGE,1Sam.5.5
1SA 5:6,COPY_OR_MERGE,1Sam.5.6
1SA 5:7,COPY_OR_MERGE,1Sam.5.7
1SA 5:8,COPY_OR_MERGE,1Sam.5.8
1SA 5:9,COPY_OR_MERGE,1Sam.5.9
1SA 5:10,COPY_OR_MERGE,1Sam.5.10
1SA 5:11,COPY_OR_MERGE,1Sam.5.11
1SA 5:12,COPY_OR_MERGE,1Sam.5.12
1SA 6:1,COPY_OR_MERGE,1Sam.6.1
1SA 6:2,COPY_OR_MERGE,1Sam.6.2
1SA 6:3,COPY_OR_MERGE,1Sam.6.3
1SA 6:4,COPY_OR_MERGE,1Sam.6.4
1SA 6:5,COPY_OR_MERGE,1Sam.6.5
1SA 6:6,COPY_OR_MERGE,1Sam.6.6
1SA 6:7,COPY_OR_MERGE,1Sam.6.7
1SA 6:8,COPY_OR_MERGE,1Sam.6.8
1SA 6:9,COPY_OR_MERGE,1Sam.6.9
1SA 6:10,COPY_OR_MERGE,1Sam.6.10
1SA 6:11,COPY_OR_MERGE,1Sam.6.11
1SA 6:12,COPY_OR_MERGE,1Sam.6.12
1SA 6:13,COPY_OR_MERGE,1Sam.6.13
1SA 6:14,COPY_OR_MERGE,1Sam.6.14
1SA 6:15,COPY_OR_MERGE,1Sam.6.15
1SA 6:16,COPY_OR_MERGE,1Sam.6.16
1SA 6:17,COPY_OR_MERGE,1Sam.6.17
1SA 6:18,COPY_OR_MERGE,1Sam.6.18
1SA 6:19,COPY_OR_MERGE,1Sam.6.19
1SA 6:20,COPY_OR_MERGE,1Sam.6.20
1SA 6:21,COPY_OR_MERGE,1Sam.6.21
1SA 7:1,COPY_OR_MERGE,1Sam.7.1
1SA 7:2,COPY_OR_MERGE,1Sam.7.2
1SA 7:3,COPY_OR_MERGE,1Sam.7.3
1SA 7:4,COPY_OR_MERGE,1Sam.7.4
1SA 7:5,COPY_OR_MERGE,1Sam.7.5
1SA 7:6,COPY_OR_MERGE,1Sam.7.6
1SA 7:7,COPY_OR_MERGE,1Sam.7.7
1SA 7:8,COPY_OR_MERGE,1Sam.7.8
1SA 7:9,COPY_OR_MERGE,1Sam.7.9
1SA 7:10,COPY_OR_MERGE,1Sam.7.10
1SA 7:11,COPY_OR_MERGE,1Sam.7.11
1SA 7:12,COPY_OR_MERGE,1Sam.7.12
1SA 7:13,COPY_OR_MERGE,1Sam.7.13
1SA 7:14,COPY_OR_MERGE,1Sam.7.14
1SA 7:15,COPY_OR_MERGE,1Sam.7.15
1SA 7:16,COPY_OR_MERGE,1Sam.7.16
1SA 7:17,COPY_OR_MERGE,1Sam.7.17
1SA 8:1,COPY_OR_MERGE,1Sam.8.1
1SA 8:2,COPY_OR_MERGE,1Sam.8.2
1SA 8:3,COPY_OR_MERGE,1Sam.8.3
1SA 8:4,COPY_OR_MERGE,1Sam.8.4
1SA 8:5,COPY_OR_MERGE,1Sam.8.5
1SA 8:6,COPY_OR_MERGE,1Sam.8.6
1SA 8:7,COPY_OR_MERGE,1Sam.8.7
1SA 8:8,COPY_OR_MERGE,1Sam.8.8
1SA 8:9,COPY_OR_MERGE,1Sam.8.9
1SA 8:10,COPY_OR_MERGE,1Sam.8.10
1SA 8:11,COPY_OR_MERGE,1Sam.8.11
1SA 8:12,COPY_OR_MERGE,1Sam.8.12
1SA 8:13,COPY_OR_MERGE,1Sam.8.13
1SA 8:14,COPY_OR_MERGE,1Sam.8.14
1SA 8:15,COPY_OR_MERGE,1Sam.8.15
1SA 8:16,COPY_OR_MERGE,1Sam.8.16
1SA 8:17,COPY_OR_MERGE,1Sam.8.17
1SA 8:18,COPY_OR_MERGE,1Sam.8.18
1SA 8:19,COPY_OR_MERGE,1Sam.8.19
1SA 8:20,COPY_OR_MERGE,1Sam.8.20
1SA 8:21,COPY_OR_MERGE,1Sam.8.21
1SA 8:22,COPY_OR_MERGE,1Sam.8.22
1SA 9:1,COPY_OR_MERGE,1Sam.9.1
1SA 9:2,COPY_OR_MERGE,1Sam.9.2
1SA 9:3,COPY_OR_MERGE,1Sam.9.3
1SA 9:4,COPY_OR_MERGE,1Sam.9.4
1SA 9:5,COPY_OR_MERGE,1Sam.9.5
1SA 9:6,COPY_OR_MERGE,1Sam.9.6
1SA 9:7,COPY_OR_MERGE,1Sam.9.7
1SA 9:8,COPY_OR_MERGE,1Sam.9.8
1SA 9:9,COPY_OR_MERGE,1Sam.9.9
1SA 9:10,COPY_OR_MERGE,1Sam.9.10
1SA 9:11,COPY_OR_MERGE,1Sam.9.11
1SA 9:12,COPY_OR_MERGE,1Sam.9.12
1SA 9:13,COPY_OR_MERGE,1Sam.9.13
1SA 9:14,COPY_OR_MERGE,1Sam.9.14
1SA 9:15,COPY_OR_MERGE,1Sam.9.15
1SA 9:16,COPY_OR_MERGE,1Sam.9.16
1SA 9:17,COPY_OR_MERGE,1Sam.9.17
1SA 9:18,COPY_OR_MERGE,1Sam.9.18
1SA 9:19,COPY_OR_MERGE,1Sam.9.19
1SA 9:20,COPY_OR_MERGE,1Sam.9.20
1SA 9:21,COPY_OR_MERGE,1Sam.9.21
1SA 9:22,COPY_OR_MERGE,1Sam.9.22
1SA 9:23,COPY_OR_MERGE,1Sam.9.23
1SA 9:24,COPY_OR_MERGE,1Sam.9.24
1SA 9:25,COPY_OR_MERGE,1Sam.9.25
1SA 9:26,COPY_OR_MERGE,1Sam.9.26
1SA 9:27,COPY_OR_MERGE,1Sam.9.27
1SA 10:1,COPY_OR_MERGE,1Sam.10.1
1SA 10:2,COPY_OR_MERGE,1Sam.10.2
1SA 10:3,COPY_OR_MERGE,1Sam.10.3
1SA 10:4,COPY_OR_MERGE,1Sam.10.4
1SA 10:5,COPY_OR_MERGE,1Sam.10.5
1SA 10:6,COPY_OR_MERGE,1Sam.10.6
1SA 10:7,COPY_OR_MERGE,1Sam.10.7
1SA 10:8,COPY_OR_MERGE,1Sam.10.8
1SA 10:9,COPY_OR_MERGE,1Sam.10.9
1SA 10:10,COPY_OR_MERGE,1Sam.10.10
1SA 10:11,COPY_OR_MERGE,1Sam.10.11
1SA 10:12,COPY_OR_MERGE,1Sam.10.12
1SA 10:13,COPY_OR_MERGE,1Sam.10.13
1SA 10:14,COPY_OR_MERGE,1Sam.10.14
1SA 10:15,COPY_OR_MERGE,1Sam.10.15
1SA 10:16,COPY_OR_MERGE,1Sam.10.16
1SA 10:17,COPY_OR_MERGE,1Sam.10.17
1SA 10:18,COPY_OR_MERGE,1Sam.10.18
1SA 10:19,COPY_OR_MERGE,1Sam.10.19
1SA 10:20,COPY_OR_MERGE,1Sam.10.20
1SA 10:21,COPY_OR_MERGE,1Sam.10.21
1SA 10:22,COPY_OR_MERGE,1Sam.10.22
1SA 10:23,COPY_OR_MERGE,1Sam.10.23
1SA 10:24,COPY_OR_MERGE,1Sam.10.24
1SA 10:25,COPY_OR_MERGE,1Sam.10.25
1SA 10:26,COPY_OR_MERGE,1Sam.10.26
1SA 10:27,COPY_OR_MERGE,1Sam.10.27
1SA 11:1,COPY_OR_MERGE,1Sam.11.1
1SA 11:2,COPY_OR_MERGE,1Sam.11.2
1SA 11:3,COPY_OR_MERGE,1Sam.11.3
1SA 11:4,COPY_OR_MERGE,1Sam.11.4
1SA 11:5,COPY_OR_MERGE,1Sam.11.5
1SA 11:6,COPY_OR_MERGE,1Sam.11.6
1SA 11:7,COPY_OR_MERGE,1Sam.11.7
1SA 11:8,COPY_OR_MERGE,1Sam.11.8
1SA 11:9,COPY_OR_MERGE,1Sam.11.9
1SA 11:10,COPY_OR_MERGE,1Sam.11.10
1SA 11:11,COPY_OR_MERGE,1Sam.11.11
1SA 11:12,COPY_OR_MERGE,1Sam.11.12
1SA 11:13,COPY_OR_MERGE,1Sam.11.13
1SA 11:14,COPY_OR_MERGE,1Sam.11.14
1SA 11:15,COPY_OR_MERGE,1Sam.11.15
1SA 12:1,COPY_OR_MERGE,1Sam.12.1
1SA 12:2,COPY_OR_MERGE,1Sam.12.2
1SA 12:3,COPY_OR_MERGE,1Sam.12.3
1SA 12:4,COPY_OR_MERGE,1Sam.12.4
1SA 12:5,COPY_OR_MERGE,1Sam.12.5
1SA 12:6,COPY_OR_MERGE,1Sam.12.6
1SA 12:7,COPY_OR_MERGE,1Sam.12.7
1SA 12:8,COPY_OR_MERGE,1Sam.12.8
1SA 12:9,COPY_OR_MERGE,1Sam.12.9
1SA 12:10,COPY_OR_MERGE,1Sam.12.10
1SA 12:11,COPY_OR_MERGE,1Sam.12.11
1SA 12:12,COPY_OR_MERGE,1Sam.12.12
1SA 12:13,COPY_OR_MERGE,1Sam.12.13
1SA 12:14,COPY_OR_MERGE,1Sam.12.14
1SA 12:15,COPY_OR_MERGE,1Sam.12.15
1SA 12:16,COPY_OR_MERGE,1Sam.12.16
1SA 12:17,COPY_OR_MERGE,1Sam.12.17
1SA 12:18,COPY_OR_MERGE,1Sam.12.18
1SA 12:19,COPY_OR_MERGE,1Sam.12.19
1SA 12:20,COPY_OR_MERGE,1Sam.12.20
1SA 12:21,COPY_OR_MERGE,1Sam.12.21
1SA 12:22,COPY_OR_MERGE,1Sam.12.22
1SA 12:23,COPY_OR_MERGE,1Sam.12.23
1SA 12:24,COPY_OR_MERGE,1Sam.12.24
1SA 12:25,COPY_OR_MERGE,1Sam.12.25
1SA 13:1,COPY_OR_MERGE,1Sam.13.1
1SA 13:2,COPY_OR_MERGE,1Sam.13.2
1SA 13:3,COPY_OR_MERGE,1Sam.13.3
1SA 13:4,COPY_OR_MERGE,1Sam.13.4
1SA 13:5,COPY_OR_MERGE,1Sam.13.5
1SA 13:6,COPY_OR_MERGE,1Sam.13.6
1SA 13:7,COPY_OR_MERGE,1Sam.13.7
1SA 13:8,COPY_OR_MERGE,1Sam.13.8
1SA 13:9,COPY_OR_MERGE,1Sam.13.9
1SA 13:10,COPY_OR_MERGE,1Sam.13.10
1SA 13:11,COPY_OR_MERGE,1Sam.13.11
1SA 13:12,COPY_OR_MERGE,1Sam.13.12
1SA 13:13,COPY_OR_MERGE,1Sam.13.13
1SA 13:14,COPY_OR_MERGE,1Sam.13.14
1SA 13:15,COPY_OR_MERGE,1Sam.13.15
1SA 13:16,COPY_OR_MERGE,1Sam.13.16
1SA 13:17,COPY_OR_MERGE,1Sam.13.17
1SA 13:18,COPY_OR_MERGE,1Sam.13.18
1SA 13:19,COPY_OR_MERGE,1Sam.13.19
1SA 13:20,COPY_OR_MERGE,1Sam.13.20
1SA 13:21,COPY_OR_MERGE,1Sam.13.21
1SA 13:22,COPY_OR_MERGE,1Sam.13.22
1SA 13:23,COPY_OR_MERGE,1Sam.13.23
1SA 14:1,COPY_OR_MERGE,1Sam.14.1
1SA 14:2,COPY_OR_MERGE,1Sam.14.2
1SA 14:3,COPY_OR_MERGE,1Sam.14.3
1SA 14:4,COPY_OR_MERGE,1Sam.14.4
1SA 14:5,COPY_OR_MERGE,1Sam.14.5
1SA 14:6,COPY_OR_MERGE,1Sam.14.6
1SA 14:7,COPY_OR_MERGE,1Sam.14.7
1SA 14:8,COPY_OR_MERGE,1Sam.14.8
1SA 14:9,COPY_OR_MERGE,1Sam.14.9
1SA 14:10,COPY_OR_MERGE,1Sam.14.10
1SA 14:11,COPY_OR_MERGE,1Sam.14.11
1SA 14:12,COPY_OR_MERGE,1Sam.14.12
1SA 14:13,COPY_OR_MERGE,1Sam.14.13
1SA 14:14,COPY_OR_MERGE,1Sam.14.14
1SA 14:15,COPY_OR_MERGE,1Sam.14.15
1SA 14:16,COPY_OR_MERGE,1Sam.14.16
1SA 14:17,COPY_OR_MERGE,1Sam.14.17
1SA 14:18,COPY_OR_MERGE,1Sam.14.18
1SA 14:19,COPY_OR_MERGE,1Sam.14.19
1SA 14:20,COPY_OR_MERGE,1Sam.14.20
1SA 14:21,COPY_OR_MERGE,1Sam.14.21
1SA 14:22,COPY_OR_MERGE,1Sam.14.22
1SA 14:23,COPY_OR_MERGE,1Sam.14.23
1SA 14:24,COPY_OR_MERGE,1Sam.14.24
1SA 14:25,COPY_OR_MERGE,1Sam.14.25
1SA 14:26,COPY_OR_MERGE,1Sam.14.26
1SA 14:27,COPY_OR_MERGE,1Sam.14.27
1SA 14:28,COPY_OR_MERGE,1Sam.14.28
1SA 14:29,COPY_OR_MERGE,1Sam.14.29
1SA 14:30,COPY_OR_MERGE,1Sam.14.30
1SA 14:31,COPY_OR_MERGE,1Sam.14.31
1SA 14:32,COPY_OR_MERGE,1Sam.14.32
1SA 14:33,COPY_OR_MERGE,1Sam.14.33
1SA 14:34,COPY_OR_MERGE,1Sam.14.34
1SA 14:35,COPY_OR_MERGE,1Sam.14.35
1SA 14:36,COPY_OR_MERGE,1Sam.14.36
1SA 14:37,COPY_OR_MERGE,1Sam.14.37
1SA 14:38,COPY_OR_MERGE,1Sam.14.38
1SA 14:39,COPY_OR_MERGE,1Sam.14.39
1SA 14:40,COPY_OR_MERGE,1Sam.14.40
1SA 14:41,COPY_OR_MERGE,1Sam.14.41
1SA 14:42,COPY_OR_MERGE,1Sam.14.42
1SA 14:43,COPY_OR_MERGE,1Sam.14.43
1SA 14:44,COPY_OR_MERGE,1Sam.14.44
1SA 14:45,COPY_OR_MERGE,1Sam.14.45
1SA 14:46,COPY_OR_MERGE,1Sam.14.46
1SA 14:47,COPY_OR_MERGE,1Sam.14.47
1SA 14:48,COPY_OR_MERGE,1Sam.14.48
1SA 14:49,COPY_OR_MERGE,1Sam.14.49
1SA 14:50,COPY_OR_MERGE,1Sam.14.50
1SA 14:51,COPY_OR_MERGE,1Sam.14.51
1SA 14:52,COPY_OR_MERGE,1Sam.14.52
1SA 15:1,COPY_OR_MERGE,1Sam.15.1
1SA 15:2,COPY_OR_MERGE,1Sam.15.2
1SA 15:3,COPY_OR_MERGE,1Sam.15.3
1SA 15:4,COPY_OR_MERGE,1Sam.15.4
1SA 15:5,COPY_OR_MERGE,1Sam.15.5
1SA 15:6,COPY_OR_MERGE,1Sam.15.6
1SA 15:7,COPY_OR_MERGE,1Sam.15.7
1SA 15:8,COPY_OR_MERGE,1Sam.15.8
1SA 15:9,COPY_OR_MERGE,1Sam.15.9
1SA 15:10,COPY_OR_MERGE,1Sam.15.10
1SA 15:11,COPY_OR_MERGE,1Sam.15.11
1SA 15:12,COPY_OR_MERGE,1Sam.15.12
1SA 15:13,COPY_OR_MERGE,1Sam.15.13
1SA 15:14,COPY_OR_MERGE,1Sam.15.14
1SA 15:15,COPY_OR_MERGE,1Sam.15.15
1SA 15:16,COPY_OR_MERGE,1Sam.15.16
1SA 15:17,COPY_OR_MERGE,1Sam.15.17
1SA 15:18,COPY_OR_MERGE,1Sam.15.18
1SA 15:19,COPY_OR_MERGE,1Sam.15.19
1SA 15:20,COPY_OR_MERGE,1Sam.15.20
1SA 15:21,COPY_OR_MERGE,1Sam.15.21
1SA 15:22,COPY_OR_MERGE,1Sam.15.22
1SA 15:23,COPY_OR_MERGE,1Sam.15.23
1SA 15:24,COPY_OR_MERGE,1Sam.15.24
1SA 15:25,COPY_OR_MERGE,1Sam.15.25
1SA 15:26,COPY_OR_MERGE,1Sam.15.26
1SA 15:27,COPY_OR_MERGE,1Sam.15.27
1SA 15:28,COPY_OR_MERGE,1Sam.15.28
1SA 15:29,COPY_OR_MERGE,1Sam.15.29
1SA 15:30,COPY_OR_MERGE,1Sam.15.30
1SA 15:31,COPY_OR_MERGE,1Sam.15.31
1SA 15:32,COPY_OR_MERGE,1Sam.15.32
1SA 15:33,COPY_OR_MERGE,1Sam.15.33
1SA 15:34,COPY_OR_MERGE,1Sam.15.34
1SA 15:35,COPY_OR_MERGE,1Sam.15.35
1SA 16:1,COPY_OR_MERGE,1Sam.16.1
1SA 16:2,COPY_OR_MERGE,1Sam.16.2
1SA 16:3,COPY_OR_MERGE,1Sam.16.3
1SA 16:4,COPY_OR_MERGE,1Sam.16.4
1SA 16:5,COPY_OR_MERGE,1Sam.16.5
1SA 16:6,COPY_OR_MERGE,1Sam.16.6
1SA 16:7,COPY_OR_MERGE,1Sam.16.7
1SA 16:8,COPY_OR_MERGE,1Sam.16.8
1SA 16:9,COPY_OR_MERGE,1Sam.16.9
1SA 16:10,COPY_OR_MERGE,1Sam.16.10
1SA 16:11,COPY_OR_MERGE,1Sam.16.11
1SA 16:12,COPY_OR_MERGE,1Sam.16.12
1SA 16:13,COPY_OR_MERGE,1Sam.16.13
1SA 16:14,COPY_OR_MERGE,1Sam.16.14
1SA 16:15,COPY_OR_MERGE,1Sam.16.15
1SA 16:16,COPY_OR_MERGE,1Sam.16.16
1SA 16:17,COPY_OR_MERGE,1Sam.16.17
1SA 16:18,COPY_OR_MERGE,1Sam.16.18
1SA 16:19,COPY_OR_MERGE,1Sam.16.19
1SA 16:20,COPY_OR_MERGE,1Sam.16.20
1SA 16:21,COPY_OR_MERGE,1Sam.16.21
1SA 16:22,COPY_OR_MERGE,1Sam.16.22
1SA 16:23,COPY_OR_MERGE,1Sam.16.23
1SA 17:1,COPY_OR_MERGE,1Sam.17.1
1SA 17:2,COPY_OR_MERGE,1Sam.17.2
1SA 17:3,COPY_OR_MERGE,1Sam.17.3
1SA 17:4,COPY_OR_MERGE,1Sam.17.4
1SA 17:5,COPY_OR_MERGE,1Sam.17.5
1SA 17:6,COPY_OR_MERGE,1Sam.17.6
1SA 17:7,COPY_OR_MERGE,1Sam.17.7
1SA 17:8,COPY_OR_MERGE,1Sam.17.8
1SA 17:9,COPY_OR_MERGE,1Sam.17.9
1SA 17:10,COPY_OR_MERGE,1Sam.17.10
1SA 17:11,COPY_OR_MERGE,1Sam.17.11
1SA 17:12,COPY_OR_MERGE,1Sam.17.12
1SA 17:13,COPY_OR_MERGE,1Sam.17.13
1SA 17:14,COPY_OR_MERGE,1Sam.17.14
1SA 17:15,COPY_OR_MERGE,1Sam.17.15
1SA 17:16,COPY_OR_MERGE,1Sam.17.16
1SA 17:17,COPY_OR_MERGE,1Sam.17.17
1SA 17:18,COPY_OR_MERGE,1Sam.17.18
1SA 17:19,COPY_OR_MERGE,1Sam.17.19
1SA 17:20,COPY_OR_MERGE,1Sam.17.20
1SA 17:21,COPY_OR_MERGE,1Sam.17.21
1SA 17:22,COPY_OR_MERGE,1Sam.17.22
1SA 17:23,COPY_OR_MERGE,1Sam.17.23
1SA 17:24,COPY_OR_MERGE,1Sam.17.24
1SA 17:25,COPY_OR_MERGE,1Sam.17.25
1SA 17:26,COPY_OR_MERGE,1Sam.17.26
1SA 17:27,COPY_OR_MERGE,1Sam.17.27
1SA 17:28,COPY_OR_MERGE,1Sam.17.28
1SA 17:29,COPY_OR_MERGE,1Sam.17.29
1SA 17:30,COPY_OR_MERGE,1Sam.17.30
1SA 17:31,COPY_OR_MERGE,1Sam.17.31
1SA 17:32,COPY_OR_MERGE,1Sam.17.32
1SA 17:33,COPY_OR_MERGE,1Sam.17.33
1SA 17:34,COPY_OR_MERGE,1Sam.17.34
1SA 17:35,COPY_OR_MERGE,1Sam.17.35
1SA 17:36,COPY_OR_MERGE,1Sam.17.36
1SA 17:37,COPY_OR_MERGE,1Sam.17.37
1SA 17:38,COPY_OR_MERGE,1Sam.17.38
1SA 17:39,COPY_OR_MERGE,1Sam.17.39
1SA 17:40,COPY_OR_MERGE,1Sam.17.40
1SA 17:41,COPY_OR_MERGE,1Sam.17.41
1SA 17:42,COPY_OR_MERGE,1Sam.17.42
1SA 17:43,COPY_OR_MERGE,1Sam.17.43
1SA 17:44,COPY_OR_MERGE,1Sam.17.44
1SA 17:45,COPY_OR_MERGE,1Sam.17.45
1SA 17:46,COPY_OR_MERGE,1Sam.17.46
1SA 17:47,COPY_OR_MERGE,1Sam.17.47
1SA 17:48,COPY_OR_MERGE,1Sam.17.48
1SA 17:49,COPY_OR_MERGE,1Sam.17.49
1SA 17:50,COPY_OR_MERGE,1Sam.17.50
1SA 17:51,COPY_OR_MERGE,1Sam.17.51
1SA 17:52,COPY_OR_MERGE,1Sam.17.52
1SA 17:53,COPY_OR_MERGE,1Sam.17.53
1SA 17:54,COPY_OR_MERGE,1Sam.17.54
1SA 17:55,COPY_OR_MERGE,1Sam.17.55
1SA 17:56,COPY_OR_MERGE,1Sam.17.56
1SA 17:57,COPY_OR_MERGE,1Sam.17.57
1SA 17:58,COPY_OR_MERGE,1Sam.17.58
1SA 18:1,COPY_OR_MERGE,1Sam.18.1
1SA 18:2,COPY_OR_MERGE,1Sam.18.2
1SA 18:3,COPY_OR_MERGE,1Sam.18.3
1SA 18:4,COPY_OR_MERGE,1Sam.18.4
1SA 18:5,COPY_OR_MERGE,1Sam.18.5
1SA 18:6,COPY_OR_MERGE,1Sam.18.6
1SA 18:7,COPY_OR_MERGE,1Sam.18.7
1SA 18:8,COPY_OR_MERGE,1Sam.18.8
1SA 18:9,COPY_OR_MERGE,1Sam.18.9
1SA 18:10,COPY_OR_MERGE,1Sam.18.10
1SA 18:11,COPY_OR_MERGE,1Sam.18.11
1SA 18:12,COPY_OR_MERGE,1Sam.18.12
1SA 18:13,COPY_OR_MERGE,1Sam.18.13
1SA 18:14,COPY_OR_MERGE,1Sam.18.14
1SA 18:15,COPY_OR_MERGE,1Sam.18.15
1SA 18:16,COPY_OR_MERGE,1Sam.18.16
1SA 18:17,COPY_OR_MERGE,1Sam.18.17
1SA 18:18,COPY_OR_MERGE,1Sam.18.18
1SA 18:19,COPY_OR_MERGE,1Sam.18.19
1SA 18:20,COPY_OR_MERGE,1Sam.18.20
1SA 18:21,COPY_OR_MERGE,1Sam.18.21
1SA 18:22,COPY_OR_MERGE,1Sam.18.22
1SA 18:23,COPY_OR_MERGE,1Sam.18.23
1SA 18:24,COPY_OR_MERGE,1Sam.18.24
1SA 18:25,COPY_OR_MERGE,1Sam.18.25
1SA 18:26,COPY_OR_MERGE,1Sam.18.26
1SA 18:27,COPY_OR_MERGE,1Sam.18.27
1SA 18:28,COPY_OR_MERGE,1Sam.18.28
1SA 18:29,COPY_OR_MERGE,1Sam.18.29
1SA 18:30,COPY_OR_MERGE,1Sam.18.30
1SA 19:1,COPY_OR_MERGE,1Sam.19.1
1SA 19:2,COPY_OR_MERGE,1Sam.19.2
1SA 19:3,COPY_OR_MERGE,1Sam.19.3
1SA 19:4,COPY_OR_MERGE,1Sam.19.4
1SA 19:5,COPY_OR_MERGE,1Sam.19.5
1SA 19:6,COPY_OR_MERGE,1Sam.19.6
1SA 19:7,COPY_OR_MERGE,1Sam.19.7
1SA 19:8,COPY_OR_MERGE,1Sam.19.8
1SA 19:9,COPY_OR_MERGE,1Sam.19.9
1SA 19:10,COPY_OR_MERGE,1Sam.19.10
1SA 19:11,COPY_OR_MERGE,1Sam.19.11
1SA 19:12,COPY_OR_MERGE,1Sam.19.12
1SA 19:13,COPY_OR_MERGE,1Sam.19.13
1SA 19:14,COPY_OR_MERGE,1Sam.19.14
1SA 19:15,COPY_OR_MERGE,1Sam.19.15
1SA 19:16,COPY_OR_MERGE,1Sam.19.16
1SA 19:17,COPY_OR_MERGE,1Sam.19.17
1SA 19:18,COPY_OR_MERGE,1Sam.19.18
1SA 19:19,COPY_OR_MERGE,1Sam.19.19
1SA 19:20,COPY_OR_MERGE,1Sam.19.20
1SA 19:21,COPY_OR_MERGE,1Sam.19.21
1SA 19:22,COPY_OR_MERGE,1Sam.19.22
1SA 19:23,COPY_OR_MERGE,1Sam.19.23
1SA 19:24,COPY_OR_MERGE,1Sam.19.24
1SA 20:1,COPY_OR_MERGE,1Sam.20.1
1SA 20:2,COPY_OR_MERGE,1Sam.20.2
1SA 20:3,COPY_OR_MERGE,1Sam.20.3
1SA 20:4,COPY_OR_MERGE,1Sam.20.4
1SA 20:5,COPY_OR_MERGE,1Sam.20.5
1SA 20:6,COPY_OR_MERGE,1Sam.20.6
1SA 20:7,COPY_OR_MERGE,1Sam.20.7
1SA 20:8,COPY_OR_MERGE,1Sam.20.8
1SA 20:9,COPY_OR_MERGE,1Sam.20.9
1SA 20:10,COPY_OR_MERGE,1Sam.20.10
1SA 20:11,COPY_OR_MERGE,1Sam.20.11
1SA 20:12,COPY_OR_MERGE,1Sam.20.12
1SA 20:13,COPY_OR_MERGE,1Sam.20.13
1SA 20:14,COPY_OR_MERGE,1Sam.20.14
1SA 20:15,COPY_OR_MERGE,1Sam.20.15
1SA 20:16,COPY_OR_MERGE,1Sam.20.16
1SA 20:17,COPY_OR_MERGE,1Sam.20.17
1SA 20:18,COPY_OR_MERGE,1Sam.20.18
1SA 20:19,COPY_OR_MERGE,1Sam.20.19
1SA 20:20,COPY_OR_MERGE,1Sam.20.20
1SA 20:21,COPY_OR_MERGE,1Sam.20.21
1SA 20:22,COPY_OR_MERGE,1Sam.20.22
1SA 20:23,COPY_OR_MERGE,1Sam.20.23
1SA 20:24,COPY_OR_MERGE,1Sam.20.24
1SA 20:25,COPY_OR_MERGE,1Sam.20.25
1SA 20:26,COPY_OR_MERGE,1Sam.20.26
1SA 20:27,COPY_OR_MERGE,1Sam.20.27
1SA 20:28,COPY_OR_MERGE,1Sam.20.28
1SA 20:29,COPY_OR_MERGE,1Sam.20.29
1SA 20:30,COPY_OR_MERGE,1Sam.20.30
1SA 20:31,COPY_OR_MERGE,1Sam.20.31
1SA 20:32,COPY_OR_MERGE,1Sam.20.32
1SA 20:33,COPY_OR_MERGE,1Sam.20.33
1SA 20:34,COPY_OR_MERGE,1Sam.20.34
1SA 20:35,COPY_OR_MERGE,1Sam.20.35
1SA 20:36,COPY_OR_MERGE,1Sam.20.36
1SA 20:37,COPY_OR_MERGE,1Sam.20.37
1SA 20:38,COPY_OR_MERGE,1Sam.20.38
1SA 20:39,COPY_OR_MERGE,1Sam.20.39
1SA 20:40,COPY_OR_MERGE,1Sam.20.40
1SA 20:41,COPY_OR_MERGE,1Sam.20.41
1SA 20:42,COPY_OR_MERGE,1Sam.20.42; 1Sam.21.1
1SA 21:1,COPY_OR_MERGE,1Sam.21.2
1SA 21:2,COPY_OR_MERGE,1Sam.21.3
1SA 21:3,COPY_OR_MERGE,1Sam.21.4
1SA 21:4,COPY_OR_MERGE,1Sam.21.5
1SA 21:5,COPY_OR_MERGE,1Sam.21.6
1SA 21:6,COPY_OR_MERGE,1Sam.21.7
1SA 21:7,COPY_OR_MERGE,1Sam.21.8
1SA 21:8,COPY_OR_MERGE,1Sam.21.9
1SA 21:9,COPY_OR_MERGE,1Sam.21.10
1SA 21:10,COPY_OR_MERGE,1Sam.21.11
1SA 21:11,COPY_OR_MERGE,1Sam.21.12
1SA 21:12,COPY_OR_MERGE,1Sam.21.13
1SA 21:13,COPY_OR_MERGE,1Sam.21.14
1SA 21:14,COPY_OR_MERGE,1Sam.21.15
1SA 21:15,COPY_OR_MERGE,1Sam.21.16
1SA 22:1,COPY_OR_MERGE,1Sam.22.1
1SA 22:2,COPY_OR_MERGE,1Sam.22.2
1SA 22:3,COPY_OR_MERGE,1Sam.22.3
1SA 22:4,COPY_OR_MERGE,1Sam.22.4
1SA 22:5,COPY_OR_MERGE,1Sam.22.5
1SA 22:6,COPY_OR_MERGE,1Sam.22.6
1SA 22:7,COPY_OR_MERGE,1Sam.22.7
1SA 22:8,COPY_OR_MERGE,1Sam.22.8
1SA 22:9,COPY_OR_MERGE,1Sam.22.9
1SA 22:10,COPY_OR_MERGE,1Sam.22.10
1SA 22:11,COPY_OR_MERGE,1Sam.22.11
1SA 22:12,COPY_OR_MERGE,1Sam.22.12
1SA 22:13,COPY_OR_MERGE,1Sam.22.13
1SA 22:14,COPY_OR_MERGE,1Sam.22.14
1SA 22:15,COPY_OR_MERGE,1Sam.22.15
1SA 22:16,COPY_OR_MERGE,1Sam.22.16
1SA 22:17,COPY_OR_MERGE,1Sam.22.17
1SA 22:18,COPY_OR_MERGE,1Sam.22.18
1SA 22:19,COPY_OR_MERGE,1Sam.22.19
1SA 22:20,COPY_OR_MERGE,1Sam.22.20
1SA 22:21,COPY_OR_MERGE,1Sam.22.21
1SA 22:22,COPY_OR_MERGE,1Sam.22.22
1SA 22:23,COPY_OR_MERGE,1Sam.22.23
1SA 23:1,COPY_OR_MERGE,1Sam.23.1
1SA 23:2,COPY_OR_MERGE,1Sam.23.2
1SA 23:3,COPY_OR_MERGE,1Sam.23.3
1SA 23:4,COPY_OR_MERGE,1Sam.23.4
1SA 23:5,COPY_OR_MERGE,1Sam.23.5
1SA 23:6,COPY_OR_MERGE,1Sam.23.6
1SA 23:7,COPY_OR_MERGE,1Sam.23.7
1SA 23:8,COPY_OR_MERGE,1Sam.23.8
1SA 23:9,COPY_OR_MERGE,1Sam.23.9
1SA 23:10,COPY_OR_MERGE,1Sam.23.10
1SA 23:11,COPY_OR_MERGE,1Sam.23.11
1SA 23:12,COPY_OR_MERGE,1Sam.23.12
1SA 23:13,COPY_OR_MERGE,1Sam.23.13
1SA 23:14,COPY_OR_MERGE,1Sam.23.14
1SA 23:15,COPY_OR_MERGE,1Sam.23.15
1SA 23:16,COPY_OR_MERGE,1Sam.23.16
1SA 23:17,COPY_OR_MERGE,1Sam.23.17
1SA 23:18,COPY_OR_MERGE,1Sam.23.18
1SA 23:19,COPY_OR_MERGE,1Sam.23.19
1SA 23:20,COPY_OR_MERGE,1Sam.23.20
1SA 23:21,COPY_OR_MERGE,1Sam.23.21
1SA 23:22,COPY_OR_MERGE,1Sam.23.22
1SA 23:23,COPY_OR_MERGE,1Sam.23.23
1SA 23:24,COPY_OR_MERGE,1Sam.23.24
1SA 23:25,COPY_OR_MERGE,1Sam.23.25
1SA 23:26,COPY_OR_MERGE,1Sam.23.26
1SA 23:27,COPY_OR_MERGE,1Sam.23.27
1SA 23:28,COPY_OR_MERGE,1Sam.23.28
1SA 23:29,COPY_OR_MERGE,1Sam.24.1
1SA 24:1,COPY_OR_MERGE,1Sam.24.2
1SA 24:2,COPY_OR_MERGE,1Sam.24.3
1SA 24:3,COPY_OR_MERGE,1Sam.24.4
1SA 24:4,COPY_OR_MERGE,1Sam.24.5
1SA 24:5,COPY_OR_MERGE,1Sam.24.6
1SA 24:6,COPY_OR_MERGE,1Sam.24.7
1SA 24:7,COPY_OR_MERGE,1Sam.24.8
1SA 24:8,COPY_OR_MERGE,1Sam.24.9
1SA 24:9,COPY_OR_MERGE,1Sam.24.10
1SA 24:10,COPY_OR_MERGE,1Sam.24.11
1SA 24:11,COPY_OR_MERGE,1Sam.24.12
1SA 24:12,COPY_OR_MERGE,1Sam.24.13
1SA 24:13,COPY_OR_MERGE,1Sam.24.14
1SA 24:14,COPY_OR_MERGE,1Sam.24.15
1SA 24:15,COPY_OR_MERGE,1Sam.24.16
1SA 24:16,COPY_OR_MERGE,1Sam.24.17
1SA 24:17,COPY_OR_MERGE,1Sam.24.18
1SA 24:18,COPY_OR_MERGE,1Sam.24.19
1SA 24:19,COPY_OR_MERGE,1Sam.24.20
1SA 24:20,COPY_OR_MERGE,1Sam.24.21
1SA 24:21,COPY_OR_MERGE,1Sam.24.22
1SA 24:22,COPY_OR_MERGE,1Sam.24.23
1SA 25:1,COPY_OR_MERGE,1Sam.25.1
1SA 25:2,COPY_OR_MERGE,1Sam.25.2
1SA 25:3,COPY_OR_MERGE,1Sam.25.3
1SA 25:4,COPY_OR_MERGE,1Sam.25.4
1SA 25:5,COPY_OR_MERGE,1Sam.25.5
1SA 25:6,COPY_OR_MERGE,1Sam.25.6
1SA 25:7,COPY_OR_MERGE,1Sam.25.7
1SA 25:8,COPY_OR_MERGE,1Sam.25.8
1SA 25:9,COPY_OR_MERGE,1Sam.25.9
1SA 25:10,COPY_OR_MERGE,1Sam.25.10
1SA 25:11,COPY_OR_MERGE,1Sam.25.11
1SA 25:12,COPY_OR_MERGE,1Sam.25.12
1SA 25:13,COPY_OR_MERGE,1Sam.25.13
1SA 25:14,COPY_OR_MERGE,1Sam.25.14
1SA 25:15,COPY_OR_MERGE,1Sam.25.15
1SA 25:16,COPY_OR_MERGE,1Sam.25.16
1SA 25:17,COPY_OR_MERGE,1Sam.25.17
1SA 25:18,COPY_OR_MERGE,1Sam.25.18
1SA 25:19,COPY_OR_MERGE,1Sam.25.19
1SA 25:20,COPY_OR_MERGE,1Sam.25.20
1SA 25:21,COPY_OR_MERGE,1Sam.25.21
1SA 25:22,COPY_OR_MERGE,1Sam.25.22
1SA 25:23,COPY_OR_MERGE,1Sam.25.23
1SA 25:24,COPY_OR_MERGE,1Sam.25.24
1SA 25:25,COPY_OR_MERGE,1Sam.25.25
1SA 25:26,COPY_OR_MERGE,1Sam.25.26
1SA 25:27,COPY_OR_MERGE,1Sam.25.27
1SA 25:28,COPY_OR_MERGE,1Sam.25.28
1SA 25:29,COPY_OR_MERGE,1Sam.25.29
1SA 25:30,COPY_OR_MERGE,1Sam.25.30
1SA 25:31,COPY_OR_MERGE,1Sam.25.31
1SA 25:32,COPY_OR_MERGE,1Sam.25.32
1SA 25:33,COPY_OR_MERGE,1Sam.25.33
1SA 25:34,COPY_OR_MERGE,1Sam.25.34
1SA 25:35,COPY_OR_MERGE,1Sam.25.35
1SA 25:36,COPY_OR_MERGE,1Sam.25.36
1SA 25:37,COPY_OR_MERGE,1Sam.25.37
1SA 25:38,COPY_OR_MERGE,1Sam.25.38
1SA 25:39,COPY_OR_MERGE,1Sam.25.39
1SA 25:40,COPY_OR_MERGE,1Sam.25.40
1SA 25:41,COPY_OR_MERGE,1Sam.25.41
1SA 25:42,COPY_OR_MERGE,1Sam.25.42
1SA 25:43,COPY_OR_MERGE,1Sam.25.43
1SA 25:44,COPY_OR_MERGE,1Sam.25.44
1SA 26:1,COPY_OR_MERGE,1Sam.26.1
1SA 26:2,COPY_OR_MERGE,1Sam.26.2
1SA 26:3,COPY_OR_MERGE,1Sam.26.3
1SA 26:4,COPY_OR_MERGE,1Sam.26.4
1SA 26:5,COPY_OR_MERGE,1Sam.26.5
1SA 26:6,COPY_OR_MERGE,1Sam.26.6
1SA 26:7,COPY_OR_MERGE,1Sam.26.7
1SA 26:8,COPY_OR_MERGE,1Sam.26.8
1SA 26:9,COPY_OR_MERGE,1Sam.26.9
1SA 26:10,COPY_OR_MERGE,1Sam.26.10
1SA 26:11,COPY_OR_MERGE,1Sam.26.11
1SA 26:12,COPY_OR_MERGE,1Sam.26.12
1SA 26:13,COPY_OR_MERGE,1Sam.26.13
1SA 26:14,COPY_OR_MERGE,1Sam.26.14
1SA 26:15,COPY_OR_MERGE,1Sam.26.15
1SA 26:16,COPY_OR_MERGE,1Sam.26.16
1SA 26:17,COPY_OR_MERGE,1Sam.26.17
1SA 26:18,COPY_OR_MERGE,1Sam.26.18
1SA 26:19,COPY_OR_MERGE,1Sam.26.19
1SA 26:20,COPY_OR_MERGE,1Sam.26.20
1SA 26:21,COPY_OR_MERGE,1Sam.26.21
1SA 26:22,COPY_OR_MERGE,1Sam.26.22
1SA 26:23,COPY_OR_MERGE,1Sam.26.23
1SA 26:24,COPY_OR_MERGE,1Sam.26.24
1SA 26:25,COPY_OR_MERGE,1Sam.26.25
1SA 27:1,COPY_OR_MERGE,1Sam.27.1
1SA 27:2,COPY_OR_MERGE,1Sam.27.2
1SA 27:3,COPY_OR_MERGE,1Sam.27.3
1SA 27:4,COPY_OR_MERGE,1Sam.27.4
1SA 27:5,COPY_OR_MERGE,1Sam.27.5
1SA 27:6,COPY_OR_MERGE,1Sam.27.6
1SA 27:7,COPY_OR_MERGE,1Sam.27.7
1SA 27:8,COPY_OR_MERGE,1Sam.27.8
1SA 27:9,COPY_OR_MERGE,1Sam.27.9
1SA 27:10,COPY_OR_MERGE,1Sam.27.10
1SA 27:11,COPY_OR_MERGE,1Sam.27.11
1SA 27:12,COPY_OR_MERGE,1Sam.27.12
1SA 28:1,COPY_OR_MERGE,1Sam.28.1
1SA 28:2,COPY_OR_MERGE,1Sam.28.2
1SA 28:3,COPY_OR_MERGE,1Sam.28.3
1SA 28:4,COPY_OR_MERGE,1Sam.28.4
1SA 28:5,COPY_OR_MERGE,1Sam.28.5
1SA 28:6,COPY_OR_MERGE,1Sam.28.6
1SA 28:7,COPY_OR_MERGE,1Sam.28.7
1SA 28:8,COPY_OR_MERGE,1Sam.28.8
1SA 28:9,COPY_OR_MERGE,1Sam.28.9
1SA 28:10,COPY_OR_MERGE,1Sam.28.10
1SA 28:11,COPY_OR_MERGE,1Sam.28.11
1SA 28:12,COPY_OR_MERGE,1Sam.28.12
1SA 28:13,COPY_OR_MERGE,1Sam.28.13
1SA 28:14,COPY_OR_MERGE,1Sam.28.14
1SA 28:15,COPY_OR_MERGE,1Sam.28.15
1SA 28:16,COPY_OR_MERGE,1Sam.28.16
1SA 28:17,COPY_OR_MERGE,1Sam.28.17
1SA 28:18,COPY_OR_MERGE,1Sam.28.18
1SA 28:19,COPY_OR_MERGE,1Sam.28.19
1SA 28:20,COPY_OR_MERGE,1Sam.28.20
1SA 28:21,COPY_OR_MERGE,1Sam.28.21
1SA 28:22,COPY_OR_MERGE,1Sam.28.22
1SA 28:23,COPY_OR_MERGE,1Sam.28.23
1SA 28:24,COPY_OR_MERGE,1Sam.28.24
1SA 28:25,COPY_OR_MERGE,1Sam.28.25
1SA 29:1,COPY_OR_MERGE,1Sam.29.1
1SA 29:2,COPY_OR_MERGE,1Sam.29.2
1SA 29:3,COPY_OR_MERGE,1Sam.29.3
1SA 29:4,COPY_OR_MERGE,1Sam.29.4
1SA 29:5,COPY_OR_MERGE,1Sam.29.5
1SA 29:6,COPY_OR_MERGE,1Sam.29.6
1SA 29:7,COPY_OR_MERGE,1Sam.29.7
1SA 29:8,COPY_OR_MERGE,1Sam.29.8
1SA 29:9,COPY_OR_MERGE,1Sam.29.9
1SA 29:10,COPY_OR_MERGE,1Sam.29.10
1SA 29:11,COPY_OR_MERGE,1Sam.29.11
1SA 30:1,COPY_OR_MERGE,1Sam.30.1
1SA 30:2,COPY_OR_MERGE,1Sam.30.2
1SA 30:3,COPY_OR_MERGE,1Sam.30.3
1SA 30:4,COPY_OR_MERGE,1Sam.30.4
1SA 30:5,COPY_OR_MERGE,1Sam.30.5
1SA 30:6,COPY_OR_MERGE,1Sam.30.6
1SA 30:7,COPY_OR_MERGE,1Sam.30.7
1SA 30:8,COPY_OR_MERGE,1Sam.30.8
1SA 30:9,COPY_OR_MERGE,1Sam.30.9
1SA 30:10,COPY_OR_MERGE,1Sam.30.10
1SA 30:11,COPY_OR_MERGE,1Sam.30.11
1SA 30:12,COPY_OR_MERGE,1Sam.30.12
1SA 30:13,COPY_OR_MERGE,1Sam.30.13
1SA 30:14,COPY_OR_MERGE,1Sam.30.14
1SA 30:15,COPY_OR_MERGE,1Sam.30.15
1SA 30:16,COPY_OR_MERGE,1Sam.30.16
1SA 30:17,COPY_OR_MERGE,1Sam.30.17
1SA 30:18,COPY_OR_MERGE,1Sam.30.18
1SA 30:19,COPY_OR_MERGE,1Sam.30.19
1SA 30:20,COPY_OR_MERGE,1Sam.30.20
1SA 30:21,COPY_OR_MERGE,1Sam.30.21
1SA 30:22,COPY_OR_MERGE,1Sam.30.22
1SA 30:23,COPY_OR_MERGE,1Sam.30.23
1SA 30:24,COPY_OR_MERGE,1Sam.30.24
1SA 30:25,COPY_OR_MERGE,1Sam.30.25
1SA 30:26,COPY_OR_MERGE,1Sam.30.26
1SA 30:27,COPY_OR_MERGE,1Sam.30.27
1SA 30:28,COPY_OR_MERGE,1Sam.30.28
1SA 30:29,COPY_OR_MERGE,1Sam.30.29
1SA 30:30,COPY_OR_MERGE,1Sam.30.30
1SA 30:31,COPY_OR_MERGE,1Sam.30.31
1SA 31:1,COPY_OR_MERGE,1Sam.31.1
1SA 31:2,COPY_OR_MERGE,1Sam.31.2
1SA 31:3,COPY_OR_MERGE,1Sam.31.3
1SA 31:4,COPY_OR_MERGE,1Sam.31.4
1SA 31:5,COPY_OR_MERGE,1Sam.31.5
1SA 31:6,COPY_OR_MERGE,1Sam.31.6
1SA 31:7,COPY_OR_MERGE,1Sam.31.7
1SA 31:8,COPY_OR_MERGE,1Sam.31.8
1SA 31:9,COPY_OR_MERGE,1Sam.31.9
1SA 31:10,COPY_OR_MERGE,1Sam.31.10
1SA 31:11,COPY_OR_MERGE,1Sam.31.11
1SA 31:12,COPY_OR_MERGE,1Sam.31.12
1SA 31:13,COPY_OR_MERGE,1Sam.31.13
2CH 1:1,COPY_OR_MERGE,2Chr.1.1
2CH 1:2,COPY_OR_MERGE,2Chr.1.2
2CH 1:3,COPY_OR_MERGE,2Chr.1.3
2CH 1:4,COPY_OR_MERGE,2Chr.1.4
2CH 1:5,COPY_OR_MERGE,2Chr.1.5
2CH 1:6,COPY_OR_MERGE,2Chr.1.6
2CH 1:7,COPY_OR_MERGE,2Chr.1.7
2CH 1:8,COPY_OR_MERGE,2Chr.1.8
2CH 1:9,COPY_OR_MERGE,2Chr.1.9
2CH 1:10,COPY_OR_MERGE,2Chr.1.10
2CH 1:11,COPY_OR_MERGE,2Chr.1.11
2CH 1:12,COPY_OR_MERGE,2Chr.1.12
2CH 1:13,COPY_OR_MERGE,2Chr.1.13
2CH 1:14,COPY_OR_MERGE,2Chr.1.14
2CH 1:15,COPY_OR_MERGE,2Chr.1.15
2CH 1:16,COPY_OR_MERGE,2Chr.1.16
2CH 1:17,COPY_OR_MERGE,2Chr.1.17
2CH 2:1,COPY_OR_MERGE,2Chr.1.18
2CH 2:2,COPY_OR_MERGE,2Chr.2.1
2CH 2:3,COPY_OR_MERGE,2Chr.2.2
2CH 2:4,COPY_OR_MERGE,2Chr.2.3
2CH 2:5,COPY_OR_MERGE,2Chr.2.4
2CH 2:6,COPY_OR_MERGE,2Chr.2.5
2CH 2:7,COPY_OR_MERGE,2Chr.2.6
2CH 2:8,COPY_OR_MERGE,2Chr.2.7
2CH 2:9,COPY_OR_MERGE,2Chr.2.8
2CH 2:10,COPY_OR_MERGE,2Chr.2.9
2CH 2:11,COPY_OR_MERGE,2Chr.2.10
2CH 2:12,COPY_OR_MERGE,2Chr.2.11
2CH 2:13,COPY_OR_MERGE,2Chr.2.12
2CH 2:14,COPY_OR_MERGE,2Chr.2.13
2CH 2:15,COPY_OR_MERGE,2Chr.2.14
2CH 2:16,COPY_OR_MERGE,2Chr.2.15
2CH 2:17,COPY_OR_MERGE,2Chr.2.16
2CH 2:18,COPY_OR_MERGE,2Chr.2.17
2CH 3:1,COPY_OR_MERGE,2Chr.3.1
2CH 3:2,COPY_OR_MERGE,2Chr.3.2
2CH 3:3,COPY_OR_MERGE,2Chr.3.3
2CH 3:4,COPY_OR_MERGE,2Chr.3.4
2CH 3:5,COPY_OR_MERGE,2Chr.3.5
2CH 3:6,COPY_OR_MERGE,2Chr.3.6
2CH 3:7,COPY_OR_MERGE,2Chr.3.7
2CH 3:8,COPY_OR_MERGE,2Chr.3.8
2CH 3:9,COPY_OR_MERGE,2Chr.3.9
2CH 3:10,COPY_OR_MERGE,2Chr.3.10
2CH 3:11,COPY_OR_MERGE,2Chr.3.11
2CH 3:12,COPY_OR_MERGE,2Chr.3.12
2CH 3:13,COPY_OR_MERGE,2Chr.3.13
2CH 3:14,COPY_OR_MERGE,2Chr.3.14
2CH 3:15,COPY_OR_MERGE,2Chr.3.15
2CH 3:16,COPY_OR_MERGE,2Chr.3.16
2CH 3:17,COPY_OR_MERGE,2Chr.3.17
2CH 4:1,COPY_OR_MERGE,2Chr.4.1
2CH 4:2,COPY_OR_MERGE,2Chr.4.2
2CH 4:3,COPY_OR_MERGE,2Chr.4.3
2CH 4:4,COPY_OR_MERGE,2Chr.4.4
2CH 4:5,COPY_OR_MERGE,2Chr.4.5
2CH 4:6,COPY_OR_MERGE,2Chr.4.6
2CH 4:7,COPY_OR_MERGE,2Chr.4.7
2CH 4:8,COPY_OR_MERGE,2Chr.4.8
2CH 4:9,COPY_OR_MERGE,2Chr.4.9
2CH 4:10,COPY_OR_MERGE,2Chr.4.10
2CH 4:11,COPY_OR_MERGE,2Chr.4.11
2CH 4:12,COPY_OR_MERGE,2Chr.4.12
2CH 4:13,COPY_OR_MERGE,2Chr.4.13
2CH 4:14,COPY_OR_MERGE,2Chr.4.14
2CH 4:15,COPY_OR_MERGE,2Chr.4.15
2CH 4:16,COPY_OR_MERGE,2Chr.4.16
2CH 4:17,COPY_OR_MERGE,2Chr.4.17
2CH 4:18,COPY_OR_MERGE,2Chr.4.18
2CH 4:19,COPY_OR_MERGE,2Chr.4.19
2CH 4:20,COPY_OR_MERGE,2Chr.4.20
2CH 4:21,COPY_OR_MERGE,2Chr.4.21
2CH 4:22,COPY_OR_MERGE,2Chr.4.22
2CH 5:1,COPY_OR_MERGE,2Chr.5.1
2CH 5:2,COPY_OR_MERGE,2Chr.5.2
2CH 5:3,COPY_OR_MERGE,2Chr.5.3
2CH 5:4,COPY_OR_MERGE,2Chr.5.4
2CH 5:5,COPY_OR_MERGE,2Chr.5.5
2CH 5:6,COPY_OR_MERGE,2Chr.5.6
2CH 5:7,COPY_OR_MERGE,2Chr.5.7
2CH 5:8,COPY_OR_MERGE,2Chr.5.8
2CH 5:9,COPY_OR_MERGE,2Chr.5.9
2CH 5:10,COPY_OR_MERGE,2Chr.5.10
2CH 5:11,COPY_OR_MERGE,2Chr.5.11
2CH 5:12,COPY_OR_MERGE,2Chr.5.12
2CH 5:13,COPY_OR_MERGE,2Chr.5.13
2CH 5:14,COPY_OR_MERGE,2Chr.5.14
2CH 6:1,COPY_OR_MERGE,2Chr.6.1
2CH 6:2,COPY_OR_MERGE,2Chr.6.2
2CH 6:3,COPY_OR_MERGE,2Chr.6.3
2CH 6:4,COPY_OR_MERGE,2Chr.6.4
2CH 6:5,COPY_OR_MERGE,2Chr.6.5
2CH 6:6,COPY_OR_MERGE,2Chr.6.6
2CH 6:7,COPY_OR_MERGE,2Chr.6.7
2CH 6:8,COPY_OR_MERGE,2Chr.6.8
2CH 6:9,COPY_OR_MERGE,2Chr.6.9
2CH 6:10,COPY_OR_MERGE,2Chr.6.10
2CH 6:11,COPY_OR_MERGE,2Chr.6.11
2CH 6:12,COPY_OR_MERGE,2Chr.6.12
2CH 6:13,COPY_OR_MERGE,2Chr.6.13
2CH 6:14,COPY_OR_MERGE,2Chr.6.14
2CH 6:15,COPY_OR_MERGE,2Chr.6.15
2CH 6:16,COPY_OR_MERGE,2Chr.6.16
2CH 6:17,COPY_OR_MERGE,2Chr.6.17
2CH 6:18,COPY_OR_MERGE,2Chr.6.18
2CH 6:19,COPY_OR_MERGE,2Chr.6.19
2CH 6:20,COPY_OR_MERGE,2Chr.6.20
2CH 6:21,COPY_OR_MERGE,2Chr.6.21
2CH 6:22,COPY_OR_MERGE,2Chr.6.22
2CH 6:23,COPY_OR_MERGE,2Chr.6.23
2CH 6:24,COPY_OR_MERGE,2Chr.6.24
2CH 6:25,COPY_OR_MERGE,2Chr.6.25
2CH 6:26,COPY_OR_MERGE,2Chr.6.26
2CH 6:27,COPY_OR_MERGE,2Chr.6.27
2CH 6:28,COPY_OR_MERGE,2Chr.6.28
2CH 6:29,COPY_OR_MERGE,2Chr.6.29
2CH 6:30,COPY_OR_MERGE,2Chr.6.30
2CH 6:31,COPY_OR_MERGE,2Chr.6.31
2CH 6:32,COPY_OR_MERGE,2Chr.6.32
2CH 6:33,COPY_OR_MERGE,2Chr.6.33
2CH 6:34,COPY_OR_MERGE,2Chr.6.34
2CH 6:35,COPY_OR_MERGE,2Chr.6.35
2CH 6:36,COPY_OR_MERGE,2Chr.6.36
2CH 6:37,COPY_OR_MERGE,2Chr.6.37
2CH 6:38,COPY_OR_MERGE,2Chr.6.38
2CH 6:39,COPY_OR_MERGE,2Chr.6.39
2CH 6:40,COPY_OR_MERGE,2Chr.6.40
2CH 6:41,COPY_OR_MERGE,2Chr.6.41
2CH 6:42,COPY_OR_MERGE,2Chr.6.42
2CH 7:1,COPY_OR_MERGE,2Chr.7.1
2CH 7:2,COPY_OR_MERGE,2Chr.7.2
2CH 7:3,COPY_OR_MERGE,2Chr.7.3
2CH 7:4,COPY_OR_MERGE,2Chr.7.4
2CH 7:5,COPY_OR_MERGE,2Chr.7.5
2CH 7:6,COPY_OR_MERGE,2Chr.7.6
2CH 7:7,COPY_OR_MERGE,2Chr.7.7
2CH 7:8,COPY_OR_MERGE,2Chr.7.8
2CH 7:9,COPY_OR_MERGE,2Chr.7.9
2CH 7:10,COPY_OR_MERGE,2Chr.7.10
2CH 7:11,COPY_OR_MERGE,2Chr.7.11
2CH 7:12,COPY_OR_MERGE,2Chr.7.12
2CH 7:13,COPY_OR_MERGE,2Chr.7.13
2CH 7:14,COPY_OR_MERGE,2Chr.7.14
2CH 7:15,COPY_OR_MERGE,2Chr.7.15
2CH 7:16,COPY_OR_MERGE,2Chr.7.16
2CH 7:17,COPY_OR_MERGE,2Chr.7.17
2CH 7:18,COPY_OR_MERGE,2Chr.7.18
2CH 7:19,COPY_OR_MERGE,2Chr.7.19
2CH 7:20,COPY_OR_MERGE,2Chr.7.20
2CH 7:21,COPY_OR_MERGE,2Chr.7.21
2CH 7:22,COPY_OR_MERGE,2Chr.7.22
2CH 8:1,COPY_OR_MERGE,2Chr.8.1
2CH 8:2,COPY_OR_MERGE,2Chr.8.2
2CH 8:3,COPY_OR_MERGE,2Chr.8.3
2CH 8:4,COPY_OR_MERGE,2Chr.8.4
2CH 8:5,COPY_OR_MERGE,2Chr.8.5
2CH 8:6,COPY_OR_MERGE,2Chr.8.6
2CH 8:7,COPY_OR_MERGE,2Chr.8.7
2CH 8:8,COPY_OR_MERGE,2Chr.8.8
2CH 8:9,COPY_OR_MERGE,2Chr.8.9
2CH 8:10,COPY_OR_MERGE,2Chr.8.10
2CH 8:11,COPY_OR_MERGE,2Chr.8.11
2CH 8:12,COPY_OR_MERGE,2Chr.8.12
2CH 8:13,COPY_OR_MERGE,2Chr.8.13
2CH 8:14,COPY_OR_MERGE,2Chr.8.14
2CH 8:15,COPY_OR_MERGE,2Chr.8.15
2CH 8:16,COPY_OR_MERGE,2Chr.8.16
2CH 8:17,COPY_OR_MERGE,2Chr.8.17
2CH 8:18,COPY_OR_MERGE,2Chr.8.18
2CH 9:1,COPY_OR_MERGE,2Chr.9.1
2CH 9:2,COPY_OR_MERGE,2Chr.9.2
2CH 9:3,COPY_OR_MERGE,2Chr.9.3
2CH 9:4,COPY_OR_MERGE,2Chr.9.4
2CH 9:5,COPY_OR_MERGE,2Chr.9.5
2CH 9:6,COPY_OR_MERGE,2Chr.9.6
2CH 9:7,COPY_OR_MERGE,2Chr.9.7
2CH 9:8,COPY_OR_MERGE,2Chr.9.8
2CH 9:9,COPY_OR_MERGE,2Chr.9.9
2CH 9:10,COPY_OR_MERGE,2Chr.9.10
2CH 9:11,COPY_OR_MERGE,2Chr.9.11
2CH 9:12,COPY_OR_MERGE,2Chr.9.12
2CH 9:13,COPY_OR_MERGE,2Chr.9.13
2CH 9:14,COPY_OR_MERGE,2Chr.9.14
2CH 9:15,COPY_OR_MERGE,2Chr.9.15
2CH 9:16,COPY_OR_MERGE,2Chr.9.16
2CH 9:17,COPY_OR_MERGE,2Chr.9.17
2CH 9:18,COPY_OR_MERGE,2Chr.9.18
2CH 9:19,COPY_OR_MERGE,2Chr.9.19
2CH 9:20,COPY_OR_MERGE,2Chr.9.20
2CH 9:21,COPY_OR_MERGE,2Chr.9.21
2CH 9:22,COPY_OR_MERGE,2Chr.9.22
2CH 9:23,COPY_OR_MERGE,2Chr.9.23
2CH 9:24,COPY_OR_MERGE,2Chr.9.24
2CH 9:25,COPY_OR_MERGE,2Chr.9.25
2CH 9:26,COPY_OR_MERGE,2Chr.9.26
2CH 9:27,COPY_OR_MERGE,2Chr.9.27
2CH 9:28,COPY_OR_MERGE,2Chr.9.28
2CH 9:29,COPY_OR_MERGE,2Chr.9.29
2CH 9:30,COPY_OR_MERGE,2Chr.9.30
2CH 9:31,COPY_OR_MERGE,2Chr.9.31
2CH 10:1,COPY_OR_MERGE,2Chr.10.1
2CH 10:2,COPY_OR_MERGE,2Chr.10.2
2CH 10:3,COPY_OR_MERGE,2Chr.10.3
2CH 10:4,COPY_OR_MERGE,2Chr.10.4
2CH 10:5,COPY_OR_MERGE,2Chr.10.5
2CH 10:6,COPY_OR_MERGE,2Chr.10.6
2CH 10:7,COPY_OR_MERGE,2Chr.10.7
2CH 10:8,COPY_OR_MERGE,2Chr.10.8
2CH 10:9,COPY_OR_MERGE,2Chr.10.9
2CH 10:10,COPY_OR_MERGE,2Chr.10.10
2CH 10:11,COPY_OR_MERGE,2Chr.10.11
2CH 10:12,COPY_OR_MERGE,2Chr.10.12
2CH 10:13,COPY_OR_MERGE,2Chr.10.13
2CH 10:14,COPY_OR_MERGE,2Chr.10.14
2CH 10:15,COPY_OR_MERGE,2Chr.10.15
2CH 10:16,COPY_OR_MERGE,2Chr.10.16
2CH 10:17,COPY_OR_MERGE,2Chr.10.17
2CH 10:18,COPY_OR_MERGE,2Chr.10.18
2CH 10:19,COPY_OR_MERGE,2Chr.10.19
2CH 11:1,COPY_OR_MERGE,2Chr.11.1
2CH 11:2,COPY_OR_MERGE,2Chr.11.2
2CH 11:3,COPY_OR_MERGE,2Chr.11.3
2CH 11:4,COPY_OR_MERGE,2Chr.11.4
2CH 11:5,COPY_OR_MERGE,2Chr.11.5
2CH 11:6,COPY_OR_MERGE,2Chr.11.6
2CH 11:7,COPY_OR_MERGE,2Chr.11.7
2CH 11:8,COPY_OR_MERGE,2Chr.11.8
2CH 11:9,COPY_OR_MERGE,2Chr.11.9
2CH 11:10,COPY_OR_MERGE,2Chr.11.10
2CH 11:11,COPY_OR_MERGE,2Chr.11.11
2CH 11:12,COPY_OR_MERGE,2Chr.11.12
2CH 11:13,COPY_OR_MERGE,2Chr.11.13
2CH 11:14,COPY_OR_MERGE,2Chr.11.14
2CH 11:15,COPY_OR_MERGE,2Chr.11.15
2CH 11:16,COPY_OR_MERGE,2Chr.11.16
2CH 11:17,COPY_OR_MERGE,2Chr.11.17
2CH 11:18,COPY_OR_MERGE,2Chr.11.18
2CH 11:19,COPY_OR_MERGE,2Chr.11.19
2CH 11:20,COPY_OR_MERGE,2Chr.11.20
2CH 11:21,COPY_OR_MERGE,2Chr.11.21
2CH 11:22,COPY_OR_MERGE,2Chr.11.22
2CH 11:23,COPY_OR_MERGE,2Chr.11.23
2CH 12:1,COPY_OR_MERGE,2Chr.12.1
2CH 12:2,COPY_OR_MERGE,2Chr.12.2
2CH 12:3,COPY_OR_MERGE,2Chr.12.3
2CH 12:4,COPY_OR_MERGE,2Chr.12.4
2CH 12:5,COPY_OR_MERGE,2Chr.12.5
2CH 12:6,COPY_OR_MERGE,2Chr.12.6
2CH 12:7,COPY_OR_MERGE,2Chr.12.7
2CH 12:8,COPY_OR_MERGE,2Chr.12.8
2CH 12:9,COPY_OR_MERGE,2Chr.12.9
2CH 12:10,COPY_OR_MERGE,2Chr.12.10
2CH 12:11,COPY_OR_MERGE,2Chr.12.11
2CH 12:12,COPY_OR_MERGE,2Chr.12.12
2CH 12:13,COPY_OR_MERGE,2Chr.12.13
2CH 12:14,COPY_OR_MERGE,2Chr.12.14
2CH 12:15,COPY_OR_MERGE,2Chr.12.15
2CH 12:16,COPY_OR_MERGE,2Chr.12.16
2CH 13:1,COPY_OR_MERGE,2Chr.13.1
2CH 13:2,COPY_OR_MERGE,2Chr.13.2
2CH 13:3,COPY_OR_MERGE,2Chr.13.3
2CH 13:4,COPY_OR_MERGE,2Chr.13.4
2CH 13:5,COPY_OR_MERGE,2Chr.13.5
2CH 13:6,COPY_OR_MERGE,2Chr.13.6
2CH 13:7,COPY_OR_MERGE,2Chr.13.7
2CH 13:8,COPY_OR_MERGE,2Chr.13.8
2CH 13:9,COPY_OR_MERGE,2Chr.13.9
2CH 13:10,COPY_OR_MERGE,2Chr.13.10
2CH 13:11,COPY_OR_MERGE,2Chr.13.11
2CH 13:12,COPY_OR_MERGE,2Chr.13.12
2CH 13:13,COPY_OR_MERGE,2Chr.13.13
2CH 13:14,COPY_OR_MERGE,2Chr.13.14
2CH 13:15,COPY_OR_MERGE,2Chr.13.15
2CH 13:16,COPY_OR_MERGE,2Chr.13.16
2CH 13:17,COPY_OR_MERGE,2Chr.13.17
2CH 13:18,COPY_OR_MERGE,2Chr.13.18
2CH 13:19,COPY_OR_MERGE,2Chr.13.19
2CH 13:20,COPY_OR_MERGE,2Chr.13.20
2CH 13:21,COPY_OR_MERGE,2Chr.13.21
2CH 13:22,COPY_OR_MERGE,2Chr.13.22
2CH 14:1,COPY_OR_MERGE,2Chr.13.23
2CH 14:2,COPY_OR_MERGE,2Chr.14.1
2CH 14:3,COPY_OR_MERGE,2Chr.14.2
2CH 14:4,COPY_OR_MERGE,2Chr.14.3
2CH 14:5,COPY_OR_MERGE,2Chr.14.4
2CH 14:6,COPY_OR_MERGE,2Chr.14.5
2CH 14:7,COPY_OR_MERGE,2Chr.14.6
2CH 14:8,COPY_OR_MERGE,2Chr.14.7
2CH 14:9,COPY_OR_MERGE,2Chr.14.8
2CH 14:10,COPY_OR_MERGE,2Chr.14.9
2CH 14:11,COPY_OR_MERGE,2Chr.14.10
2CH 14:12,COPY_OR_MERGE,2Chr.14.11
2CH 14:13,COPY_OR_MERGE,2Chr.14.12
2CH 14:14,COPY_OR_MERGE,2Chr.14.13
2CH 14:15,COPY_OR_MERGE,2Chr.14.14
2CH 15:1,COPY_OR_MERGE,2Chr.15.1
2CH 15:2,COPY_OR_MERGE,2Chr.15.2
2CH 15:3,COPY_OR_MERGE,2Chr.15.3
2CH 15:4,COPY_OR_MERGE,2Chr.15.4
2CH 15:5,COPY_OR_MERGE,2Chr.15.5
2CH 15:6,COPY_OR_MERGE,2Chr.15.6
2CH 15:7,COPY_OR_MERGE,2Chr.15.7
2CH 15:8,COPY_OR_MERGE,2Chr.15.8
2CH 15:9,COPY_OR_MERGE,2Chr.15.9
2CH 15:10,COPY_OR_MERGE,2Chr.15.10
2CH 15:11,COPY_OR_MERGE,2Chr.15.11
2CH 15:12,COPY_OR_MERGE,2Chr.15.12
2CH 15:13,COPY_OR_MERGE,2Chr.15.13
2CH 15:14,COPY_OR_MERGE,2Chr.15.14
2CH 15:15,COPY_OR_MERGE,2Chr.15.15
2CH 15:16,COPY_OR_MERGE,2Chr.15.16
2CH 15:17,COPY_OR_MERGE,2Chr.15.17
2CH 15:18,COPY_OR_MERGE,2Chr.15.18
2CH 15:19,COPY_OR_MERGE,2Chr.15.19
2CH 16:1,COPY_OR_MERGE,2Chr.16.1
2CH 16:2,COPY_OR_MERGE,2Chr.16.2
2CH 16:3,COPY_OR_MERGE,2Chr.16.3
2CH 16:4,COPY_OR_MERGE,2Chr.16.4
2CH 16:5,COPY_OR_MERGE,2Chr.16.5
2CH 16:6,COPY_OR_MERGE,2Chr.16.6
2CH 16:7,COPY_OR_MERGE,2Chr.16.7
2CH 16:8,COPY_OR_MERGE,2Chr.16.8
2CH 16:9,COPY_OR_MERGE,2Chr.16.9
2CH 16:10,COPY_OR_MERGE,2Chr.16.10
2CH 16:11,COPY_OR_MERGE,2Chr.16.11
2CH 16:12,COPY_OR_MERGE,2Chr.16.12
2CH 16:13,COPY_OR_MERGE,2Chr.16.13
2CH 16:14,COPY_OR_MERGE,2Chr.16.14
2CH 17:1,COPY_OR_MERGE,2Chr.17.1
2CH 17:2,COPY_OR_MERGE,2Chr.17.2
2CH 17:3,COPY_OR_MERGE,2Chr.17.3
2CH 17:4,COPY_OR_MERGE,2Chr.17.4
2CH 17:5,COPY_OR_MERGE,2Chr.17.5
2CH 17:6,COPY_OR_MERGE,2Chr.17.6
2CH 17:7,COPY_OR_MERGE,2Chr.17.7
2CH 17:8,COPY_OR_MERGE,2Chr.17.8
2CH 17:9,COPY_OR_MERGE,2Chr.17.9
2CH 17:10,COPY_OR_MERGE,2Chr.17.10
2CH 17:11,COPY_OR_MERGE,2Chr.17.11
2CH 17:12,COPY_OR_MERGE,2Chr.17.12
2CH 17:13,COPY_OR_MERGE,2Chr.17.13
2CH 17:14,COPY_OR_MERGE,2Chr.17.14
2CH 17:15,COPY_OR_MERGE,2Chr.17.15
2CH 17:16,COPY_OR_MERGE,2Chr.17.16
2CH 17:17,COPY_OR_MERGE,2Chr.17.17
2CH 17:18,COPY_OR_MERGE,2Chr.17.18
2CH 17:19,COPY_OR_MERGE,2Chr.17.19
2CH 18:1,COPY_OR_MERGE,2Chr.18.1
2CH 18:2,COPY_OR_MERGE,2Chr.18.2
2CH 18:3,COPY_OR_MERGE,2Chr.18.3
2CH 18:4,COPY_OR_MERGE,2Chr.18.4
2CH 18:5,COPY_OR_MERGE,2Chr.18.5
2CH 18:6,COPY_OR_MERGE,2Chr.18.6
2CH 18:7,COPY_OR_MERGE,2Chr.18.7
2CH 18:8,COPY_OR_MERGE,2Chr.18.8
2CH 18:9,COPY_OR_MERGE,2Chr.18.9
2CH 18:10,COPY_OR_MERGE,2Chr.18.10
2CH 18:11,COPY_OR_MERGE,2Chr.18.11
2CH 18:12,COPY_OR_MERGE,2Chr.18.12
2CH 18:13,COPY_OR_MERGE,2Chr.18.13
2CH 18:14,COPY_OR_MERGE,2Chr.18.14
2CH 18:15,COPY_OR_MERGE,2Chr.18.15
2CH 18:16,COPY_OR_MERGE,2Chr.18.16
2CH 18:17,COPY_OR_MERGE,2Chr.18.17
2CH 18:18,COPY_OR_MERGE,2Chr.18.18
2CH 18:19,COPY_OR_MERGE,2Chr.18.19
2CH 18:20,COPY_OR_MERGE,2Chr.18.20
2CH 18:21,COPY_OR_MERGE,2Chr.18.21
2CH 18:22,COPY_OR_MERGE,2Chr.18.22
2CH 18:23,COPY_OR_MERGE,2Chr.18.23
2CH 18:24,COPY_OR_MERGE,2Chr.18.24
2CH 18:25,COPY_OR_MERGE,2Chr.18.25
2CH 18:26,COPY_OR_MERGE,2Chr.18.26
2CH 18:27,COPY_OR_MERGE,2Chr.18.27
2CH 18:28,COPY_OR_MERGE,2Chr.18.28
2CH 18:29,COPY_OR_MERGE,2Chr.18.29
2CH 18:30,COPY_OR_MERGE,2Chr.18.30
2CH 18:31,COPY_OR_MERGE,2Chr.18.31
2CH 18:32,COPY_OR_MERGE,2Chr.18.32
2CH 18:33,COPY_OR_MERGE,2Chr.18.33
2CH 18:34,COPY_OR_MERGE,2Chr.18.34
2CH 19:1,COPY_OR_MERGE,2Chr.19.1
2CH 19:2,COPY_OR_MERGE,2Chr.19.2
2CH 19:3,COPY_OR_MERGE,2Chr.19.3
2CH 19:4,COPY_OR_MERGE,2Chr.19.4
2CH 19:5,COPY_OR_MERGE,2Chr.19.5
2CH 19:6,COPY_OR_MERGE,2Chr.19.6
2CH 19:7,COPY_OR_MERGE,2Chr.19.7
2CH 19:8,COPY_OR_MERGE,2Chr.19.8
2CH 19:9,COPY_OR_MERGE,2Chr.19.9
2CH 19:10,COPY_OR_MERGE,2Chr.19.10
2CH 19:11,COPY_OR_MERGE,2Chr.19.11
2CH 20:1,COPY_OR_MERGE,2Chr.20.1
2CH 20:2,COPY_OR_MERGE,2Chr.20.2
2CH 20:3,COPY_OR_MERGE,2Chr.20.3
2CH 20:4,COPY_OR_MERGE,2Chr.20.4
2CH 20:5,COPY_OR_MERGE,2Chr.20.5
2CH 20:6,COPY_OR_MERGE,2Chr.20.6
2CH 20:7,COPY_OR_MERGE,2Chr.20.7
2CH 20:8,COPY_OR_MERGE,2Chr.20.8
2CH 20:9,COPY_OR_MERGE,2Chr.20.9
2CH 20:10,COPY_OR_MERGE,2Chr.20.10
2CH 20:11,COPY_OR_MERGE,2Chr.20.11
2CH 20:12,COPY_OR_MERGE,2Chr.20.12
2CH 20:13,COPY_OR_MERGE,2Chr.20.13
2CH 20:14,COPY_OR_MERGE,2Chr.20.14
2CH 20:15,COPY_OR_MERGE,2Chr.20.15
2CH 20:16,COPY_OR_MERGE,2Chr.20.16
2CH 20:17,COPY_OR_MERGE,2Chr.20.17
2CH 20:18,COPY_OR_MERGE,2Chr.20.18
2CH 20:19,COPY_OR_MERGE,2Chr.20.19
2CH 20:20,COPY_OR_MERGE,2Chr.20.20
2CH 20:21,COPY_OR_MERGE,2Chr.20.21
2CH 20:22,COPY_OR_MERGE,2Chr.20.22
2CH 20:23,COPY_OR_MERGE,2Chr.20.23
2CH 20:24,COPY_OR_MERGE,2Chr.20.24
2CH 20:25,COPY_OR_MERGE,2Chr.20.25
2CH 20:26,COPY_OR_MERGE,2Chr.20.26
2CH 20:27,COPY_OR_MERGE,2Chr.20.27
2CH 20:28,COPY_OR_MERGE,2Chr.20.28
2CH 20:29,COPY_OR_MERGE,2Chr.20.29
2CH 20:30,COPY_OR_MERGE,2Chr.20.30
2CH 20:31,COPY_OR_MERGE,2Chr.20.31
2CH 20:32,COPY_OR_MERGE,2Chr.20.32
2CH 20:33,COPY_OR_MERGE,2Chr.20.33
2CH 20:34,COPY_OR_MERGE,2Chr.20.34
2CH 20:35,COPY_OR_MERGE,2Chr.20.35
2CH 20:36,COPY_OR_MERGE,2Chr.20.36
2CH 20:37,COPY_OR_MERGE,2Chr.20.37
2CH 21:1,COPY_OR_MERGE,2Chr.21.1
2CH 21:2,COPY_OR_MERGE,2Chr.21.2
2CH 21:3,COPY_OR_MERGE,2Chr.21.3
2CH 21:4,COPY_OR_MERGE,2Chr.21.4
2CH 21:5,COPY_OR_MERGE,2Chr.21.5
2CH 21:6,COPY_OR_MERGE,2Chr.21.6
2CH 21:7,COPY_OR_MERGE,2Chr.21.7
2CH 21:8,COPY_OR_MERGE,2Chr.21.8
2CH 21:9,COPY_OR_MERGE,2Chr.21.9
2CH 21:10,COPY_OR_MERGE,2Chr.21.10
2CH 21:11,COPY_OR_MERGE,2Chr.21.11
2CH 21:12,COPY_OR_MERGE,2Chr.21.12
2CH 21:13,COPY_OR_MERGE,2Chr.21.13
2CH 21:14,COPY_OR_MERGE,2Chr.21.14
2CH 21:15,COPY_OR_MERGE,2Chr.21.15
2CH 21:16,COPY_OR_MERGE,2Chr.21.16
2CH 21:17,COPY_OR_MERGE,2Chr.21.17
2CH 21:18,COPY_OR_MERGE,2Chr.21.18
2CH 21:19,COPY_OR_MERGE,2Chr.21.19
2CH 21:20,COPY_OR_MERGE,2Chr.21.20
2CH 22:1,COPY_OR_MERGE,2Chr.22.1
2CH 22:2,COPY_OR_MERGE,2Chr.22.2
2CH 22:3,COPY_OR_MERGE,2Chr.22.3
2CH 22:4,COPY_OR_MERGE,2Chr.22.4
2CH 22:5,COPY_OR_MERGE,2Chr.22.5
2CH 22:6,COPY_OR_MERGE,2Chr.22.6
2CH 22:7,COPY_OR_MERGE,2Chr.22.7
2CH 22:8,COPY_OR_MERGE,2Chr.22.8
2CH 22:9,COPY_OR_MERGE,2Chr.22.9
2CH 22:10,COPY_OR_MERGE,2Chr.22.10
2CH 22:11,COPY_OR_MERGE,2Chr.22.11
2CH 22:12,COPY_OR_MERGE,2Chr.22.12
2CH 23:1,COPY_OR_MERGE,2Chr.23.1
2CH 23:2,COPY_OR_MERGE,2Chr.23.2
2CH 23:3,COPY_OR_MERGE,2Chr.23.3
2CH 23:4,COPY_OR_MERGE,2Chr.23.4
2CH 23:5,COPY_OR_MERGE,2Chr.23.5
2CH 23:6,COPY_OR_MERGE,2Chr.23.6
2CH 23:7,COPY_OR_MERGE,2Chr.23.7
2CH 23:8,COPY_OR_MERGE,2Chr.23.8
2CH 23:9,COPY_OR_MERGE,2Chr.23.9
2CH 23:10,COPY_OR_MERGE,2Chr.23.10
2CH 23:11,COPY_OR_MERGE,2Chr.23.11
2CH 23:12,COPY_OR_MERGE,2Chr.23.12
2CH 23:13,COPY_OR_MERGE,2Chr.23.13
2CH 23:14,COPY_OR_MERGE,2Chr.23.14
2CH 23:15,COPY_OR_MERGE,2Chr.23.15
2CH 23:16,COPY_OR_MERGE,2Chr.23.16
2CH 23:17,COPY_OR_MERGE,2Chr.23.17
2CH 23:18,COPY_OR_MERGE,2Chr.23.18
2CH 23:19,COPY_OR_MERGE,2Chr.23.19
2CH 23:20,COPY_OR_MERGE,2Chr.23.20
2CH 23:21,COPY_OR_MERGE,2Chr.23.21
2CH 24:1,COPY_OR_MERGE,2Chr.24.1
2CH 24:2,COPY_OR_MERGE,2Chr.24.2
2CH 24:3,COPY_OR_MERGE,2Chr.24.3
2CH 24:4,COPY_OR_MERGE,2Chr.24.4
2CH 24:5,COPY_OR_MERGE,2Chr.24.5
2CH 24:6,COPY_OR_MERGE,2Chr.24.6
2CH 24:7,COPY_OR_MERGE,2Chr.24.7
2CH 24:8,COPY_OR_MERGE,2Chr.24.8
2CH 24:9,COPY_OR_MERGE,2Chr.24.9
2CH 24:10,COPY_OR_MERGE,2Chr.24.10
2CH 24:11,COPY_OR_MERGE,2Chr.24.11
2CH 24:12,COPY_OR_MERGE,2Chr.24.12
2CH 24:13,COPY_OR_MERGE,2Chr.24.13
2CH 24:14,COPY_OR_MERGE,2Chr.24.14
2CH 24:15,COPY_OR_MERGE,2Chr.24.15
2CH 24:16,COPY_OR_MERGE,2Chr.24.16
2CH 24:17,COPY_OR_MERGE,2Chr.24.17
2CH 24:18,COPY_OR_MERGE,2Chr.24.18
2CH 24:19,COPY_OR_MERGE,2Chr.24.19
2CH 24:20,COPY_OR_MERGE,2Chr.24.20
2CH 24:21,COPY_OR_MERGE,2Chr.24.21
2CH 24:22,COPY_OR_MERGE,2Chr.24.22
2CH 24:23,COPY_OR_MERGE,2Chr.24.23
2CH 24:24,COPY_OR_MERGE,2Chr.24.24
2CH 24:25,COPY_OR_MERGE,2Chr.24.25
2CH 24:26,COPY_OR_MERGE,2Chr.24.26
2CH 24:27,COPY_OR_MERGE,2Chr.24.27
2CH 25:1,COPY_OR_MERGE,2Chr.25.1
2CH 25:2,COPY_OR_MERGE,2Chr.25.2
2CH 25:3,COPY_OR_MERGE,2Chr.25.3
2CH 25:4,COPY_OR_MERGE,2Chr.25.4
2CH 25:5,COPY_OR_MERGE,2Chr.25.5
2CH 25:6,COPY_OR_MERGE,2Chr.25.6
2CH 25:7,COPY_OR_MERGE,2Chr.25.7
2CH 25:8,COPY_OR_MERGE,2Chr.25.8
2CH 25:9,COPY_OR_MERGE,2Chr.25.9
2CH 25:10,COPY_OR_MERGE,2Chr.25.10
2CH 25:11,COPY_OR_MERGE,2Chr.25.11
2CH 25:12,COPY_OR_MERGE,2Chr.25.12
2CH 25:13,COPY_OR_MERGE,2Chr.25.13
2CH 25:14,COPY_OR_MERGE,2Chr.25.14
2CH 25:15,COPY_OR_MERGE,2Chr.25.15
2CH 25:16,COPY_OR_MERGE,2Chr.25.16
2CH 25:17,COPY_OR_MERGE,2Chr.25.17
2CH 25:18,COPY_OR_MERGE,2Chr.25.18
2CH 25:19,COPY_OR_MERGE,2Chr.25.19
2CH 25:20,COPY_OR_MERGE,2Chr.25.20
2CH 25:21,COPY_OR_MERGE,2Chr.25.21
2CH 25:22,COPY_OR_MERGE,2Chr.25.22
2CH 25:23,COPY_OR_MERGE,2Chr.25.23
2CH 25:24,COPY_OR_MERGE,2Chr.25.24
2CH 25:25,COPY_OR_MERGE,2Chr.25.25
2CH 25:26,COPY_OR_MERGE,2Chr.25.26
2CH 25:27,COPY_OR_MERGE,2Chr.25.27
2CH 25:28,COPY_OR_MERGE,2Chr.25.28
2CH 26:1,COPY_OR_MERGE,2Chr.26.1
2CH 26:2,COPY_OR_MERGE,2Chr.26.2
2CH 26:3,COPY_OR_MERGE,2Chr.26.3
2CH 26:4,COPY_OR_MERGE,2Chr.26.4
2CH 26:5,COPY_OR_MERGE,2Chr.26.5
2CH 26:6,COPY_OR_MERGE,2Chr.26.6
2CH 26:7,COPY_OR_MERGE,2Chr.26.7
2CH 26:8,COPY_OR_MERGE,2Chr.26.8
2CH 26:9,COPY_OR_MERGE,2Chr.26.9
2CH 26:10,COPY_OR_MERGE,2Chr.26.10
2CH 26:11,COPY_OR_MERGE,2Chr.26.11
2CH 26:12,COPY_OR_MERGE,2Chr.26.12
2CH 26:13,COPY_OR_MERGE,2Chr.26.13
2CH 26:14,COPY_OR_MERGE,2Chr.26.14
2CH 26:15,COPY_OR_MERGE,2Chr.26.15
2CH 26:16,COPY_OR_MERGE,2Chr.26.16
2CH 26:17,COPY_OR_MERGE,2Chr.26.17
2CH 26:18,COPY_OR_MERGE,2Chr.26.18
2CH 26:19,COPY_OR_MERGE,2Chr.26.19
2CH 26:20,COPY_OR_MERGE,2Chr.26.20
2CH 26:21,COPY_OR_MERGE,2Chr.26.21
2CH 26:22,COPY_OR_MERGE,2Chr.26.22
2CH 26:23,COPY_OR_MERGE,2Chr.26.23
2CH 27:1,COPY_OR_MERGE,2Chr.27.1
2CH 27:2,COPY_OR_MERGE,2Chr.27.2
2CH 27:3,COPY_OR_MERGE,2Chr.27.3
2CH 27:4,COPY_OR_MERGE,2Chr.27.4
2CH 27:5,COPY_OR_MERGE,2Chr.27.5
2CH 27:6,COPY_OR_MERGE,2Chr.27.6
2CH 27:7,COPY_OR_MERGE,2Chr.27.7
2CH 27:8,COPY_OR_MERGE,2Chr.27.8
2CH 27:9,COPY_OR_MERGE,2Chr.27.9
2CH 28:1,COPY_OR_MERGE,2Chr.28.1
2CH 28:2,COPY_OR_MERGE,2Chr.28.2
2CH 28:3,COPY_OR_MERGE,2Chr.28.3
2CH 28:4,COPY_OR_MERGE,2Chr.28.4
2CH 28:5,COPY_OR_MERGE,2Chr.28.5
2CH 28:6,COPY_OR_MERGE,2Chr.28.6
2CH 28:7,COPY_OR_MERGE,2Chr.28.7
2CH 28:8,COPY_OR_MERGE,2Chr.28.8
2CH 28:9,COPY_OR_MERGE,2Chr.28.9
2CH 28:10,COPY_OR_MERGE,2Chr.28.10
2CH 28:11,COPY_OR_MERGE,2Chr.28.11
2CH 28:12,COPY_OR_MERGE,2Chr.28.12
2CH 28:13,COPY_OR_MERGE,2Chr.28.13
2CH 28:14,COPY_OR_MERGE,2Chr.28.14
2CH 28:15,COPY_OR_MERGE,2Chr.28.15
2CH 28:16,COPY_OR_MERGE,2Chr.28.16
2CH 28:17,COPY_OR_MERGE,2Chr.28.17
2CH 28:18,COPY_OR_MERGE,2Chr.28.18
2CH 28:19,COPY_OR_MERGE,2Chr.28.19
2CH 28:20,COPY_OR_MERGE,2Chr.28.20
2CH 28:21,COPY_OR_MERGE,2Chr.28.21
2CH 28:22,COPY_OR_MERGE,2Chr.28.22
2CH 28:23,COPY_OR_MERGE,2Chr.28.23
2CH 28:24,COPY_OR_MERGE,2Chr.28.24
2CH 28:25,COPY_OR_MERGE,2Chr.28.25
2CH 28:26,COPY_OR_MERGE,2Chr.28.26
2CH 28:27,COPY_OR_MERGE,2Chr.28.27
2CH 29:1,COPY_OR_MERGE,2Chr.29.1
2CH 29:2,COPY_OR_MERGE,2Chr.29.2
2CH 29:3,COPY_OR_MERGE,2Chr.29.3
2CH 29:4,COPY_OR_MERGE,2Chr.29.4
2CH 29:5,COPY_OR_MERGE,2Chr.29.5
2CH 29:6,COPY_OR_MERGE,2Chr.29.6
2CH 29:7,COPY_OR_MERGE,2Chr.29.7
2CH 29:8,COPY_OR_MERGE,2Chr.29.8
2CH 29:9,COPY_OR_MERGE,2Chr.29.9
2CH 29:10,COPY_OR_MERGE,2Chr.29.10
2CH 29:11,COPY_OR_MERGE,2Chr.29.11
2CH 29:12,COPY_OR_MERGE,2Chr.29.12
2CH 29:13,COPY_OR_MERGE,2Chr.29.13
2CH 29:14,COPY_OR_MERGE,2Chr.29.14
2CH 29:15,COPY_OR_MERGE,2Chr.29.15
2CH 29:16,COPY_OR_MERGE,2Chr.29.16
2CH 29:17,COPY_OR_MERGE,2Chr.29.17
2CH 29:18,COPY_OR_MERGE,2Chr.29.18
2CH 29:19,COPY_OR_MERGE,2Chr.29.19
2CH 29:20,COPY_OR_MERGE,2Chr.29.20
2CH 29:21,COPY_OR_MERGE,2Chr.29.21
2CH 29:22,COPY_OR_MERGE,2Chr.29.22
2CH 29:23,COPY_OR_MERGE,2Chr.29.23
2CH 29:24,COPY_OR_MERGE,2Chr.29.24
2CH 29:25,COPY_OR_MERGE,2Chr.29.25
2CH 29:26,COPY_OR_MERGE,2Chr.29.26
2CH 29:27,COPY_OR_MERGE,2Chr.29.27
2CH 29:28,COPY_OR_MERGE,2Chr.29.28
2CH 29:29,COPY_OR_MERGE,2Chr.29.29
2CH 29:30,COPY_OR_MERGE,2Chr.29.30
2CH 29:31,COPY_OR_MERGE,2Chr.29.31
2CH 29:32,COPY_OR_MERGE,2Chr.29.32
2CH 29:33,COPY_OR_MERGE,2Chr.29.33
2CH 29:34,COPY_OR_MERGE,2Chr.29.34
2CH 29:35,COPY_OR_MERGE,2Chr.29.35
2CH 29:36,COPY_OR_MERGE,2Chr.29.36
2CH 30:1,COPY_OR_MERGE,2Chr.30.1
2CH 30:2,COPY_OR_MERGE,2Chr.30.2
2CH 30:3,COPY_OR_MERGE,2Chr.30.3
2CH 30:4,COPY_OR_MERGE,2Chr.30.4
2CH 30:5,COPY_OR_MERGE,2Chr.30.5
2CH 30:6,COPY_OR_MERGE,2Chr.30.6
2CH 30:7,COPY_OR_MERGE,2Chr.30.7
2CH 30:8,COPY_OR_MERGE,2Chr.30.8
2CH 30:9,COPY_OR_MERGE,2Chr.30.9
2CH 30:10,COPY_OR_MERGE,2Chr.30.10
2CH 30:11,COPY_OR_MERGE,2Chr.30.11
2CH 30:12,COPY_OR_MERGE,2Chr.30.12
2CH 30:13,COPY_OR_MERGE,2Chr.30.13
2CH 30:14,COPY_OR_MERGE,2Chr.30.14
2CH 30:15,COPY_OR_MERGE,2Chr.30.15
2CH 30:16,COPY_OR_MERGE,2Chr.30.16
2CH 30:17,COPY_OR_MERGE,2Chr.30.17
2CH 30:18,COPY_OR_MERGE,2Chr.30.18
2CH 30:19,COPY_OR_MERGE,2Chr.30.19
2CH 30:20,COPY_OR_MERGE,2Chr.30.20
2CH 30:21,COPY_OR_MERGE,2Chr.30.21
2CH 30:22,COPY_OR_MERGE,2Chr.30.22
2CH 30:23,COPY_OR_MERGE,2Chr.30.23
2CH 30:24,COPY_OR_MERGE,2Chr.30.24
2CH 30:25,COPY_OR_MERGE,2Chr.30.25
2CH 30:26,COPY_OR_MERGE,2Chr.30.26
2CH 30:27,COPY_OR_MERGE,2Chr.30.27
2CH 31:1,COPY_OR_MERGE,2Chr.31.1
2CH 31:2,COPY_OR_MERGE,2Chr.31.2
2CH 31:3,COPY_OR_MERGE,2Chr.31.3
2CH 31:4,COPY_OR_MERGE,2Chr.31.4
2CH 31:5,COPY_OR_MERGE,2Chr.31.5
2CH 31:6,COPY_OR_MERGE,2Chr.31.6
2CH 31:7,COPY_OR_MERGE,2Chr.31.7
2CH 31:8,COPY_OR_MERGE,2Chr.31.8
2CH 31:9,COPY_OR_MERGE,2Chr.31.9
2CH 31:10,COPY_OR_MERGE,2Chr.31.10
2CH 31:11,COPY_OR_MERGE,2Chr.31.11
2CH 31:12,COPY_OR_MERGE,2Chr.31.12
2CH 31:13,COPY_OR_MERGE,2Chr.31.13
2CH 31:14,COPY_OR_MERGE,2Chr.31.14
2CH 31:15,COPY_OR_MERGE,2Chr.31.15
2CH 31:16,COPY_OR_MERGE,2Chr.31.16
2CH 31:17,COPY_OR_MERGE,2Chr.31.17
2CH 31:18,COPY_OR_MERGE,2Chr.31.18
2CH 31:19,COPY_OR_MERGE,2Chr.31.19
2CH 31:20,COPY_OR_MERGE,2Chr.31.20
2CH 31:21,COPY_OR_MERGE,2Chr.31.21
2CH 32:1,COPY_OR_MERGE,2Chr.32.1
2CH 32:2,COPY_OR_MERGE,2Chr.32.2
2CH 32:3,COPY_OR_MERGE,2Chr.32.3
2CH 32:4,COPY_OR_MERGE,2Chr.32.4
2CH 32:5,COPY_OR_MERGE,2Chr.32.5
2CH 32:6,COPY_OR_MERGE,2Chr.32.6
2CH 32:7,COPY_OR_MERGE,2Chr.32.7
2CH 32:8,COPY_OR_MERGE,2Chr.32.8
2CH 32:9,COPY_OR_MERGE,2Chr.32.9
2CH 32:10,COPY_OR_MERGE,2Chr.32.10
2CH 32:11,COPY_OR_MERGE,2Chr.32.11
2CH 32:12,COPY_OR_MERGE,2Chr.32.12
2CH 32:13,COPY_OR_MERGE,2Chr.32.13
2CH 32:14,COPY_OR_MERGE,2Chr.32.14
2CH 32:15,COPY_OR_MERGE,2Chr.32.15
2CH 32:16,COPY_OR_MERGE,2Chr.32.16
2CH 32:17,COPY_OR_MERGE,2Chr.32.17
2CH 32:18,COPY_OR_MERGE,2Chr.32.18
2CH 32:19,COPY_OR_MERGE,2Chr.32.19
2CH 32:20,COPY_OR_MERGE,2Chr.32.20
2CH 32:21,COPY_OR_MERGE,2Chr.32.21
2CH 32:22,COPY_OR_MERGE,2Chr.32.22
2CH 32:23,COPY_OR_MERGE,2Chr.32.23
2CH 32:24,COPY_OR_MERGE,2Chr.32.24
2CH 32:25,COPY_OR_MERGE,2Chr.32.25
2CH 32:26,COPY_OR_MERGE,2Chr.32.26
2CH 32:27,COPY_OR_MERGE,2Chr.32.27
2CH 32:28,COPY_OR_MERGE,2Chr.32.28
2CH 32:29,COPY_OR_MERGE,2Chr.32.29
2CH 32:30,COPY_OR_MERGE,2Chr.32.30
2CH 32:31,COPY_OR_MERGE,2Chr.32.31
2CH 32:32,COPY_OR_MERGE,2Chr.32.32
2CH 32:33,COPY_OR_MERGE,2Chr.32.33
2CH 33:1,COPY_OR_MERGE,2Chr.33.1
2CH 33:2,COPY_OR_MERGE,2Chr.33.2
2CH 33:3,COPY_OR_MERGE,2Chr.33.3
2CH 33:4,COPY_OR_MERGE,2Chr.33.4
2CH 33:5,COPY_OR_MERGE,2Chr.33.5
2CH 33:6,COPY_OR_MERGE,2Chr.33.6
2CH 33:7,COPY_OR_MERGE,2Chr.33.7
2CH 33:8,COPY_OR_MERGE,2Chr.33.8
2CH 33:9,COPY_OR_MERGE,2Chr.33.9
2CH 33:10,COPY_OR_MERGE,2Chr.33.10
2CH 33:11,COPY_OR_MERGE,2Chr.33.11
2CH 33:12,COPY_OR_MERGE,2Chr.33.12
2CH 33:13,COPY_OR_MERGE,2Chr.33.13
2CH 33:14,COPY_OR_MERGE,2Chr.33.14
2CH 33:15,COPY_OR_MERGE,2Chr.33.15
2CH 33:16,COPY_OR_MERGE,2Chr.33.16
2CH 33:17,COPY_OR_MERGE,2Chr.33.17
2CH 33:18,COPY_OR_MERGE,2Chr.33.18
2CH 33:19,COPY_OR_MERGE,2Chr.33.19
2CH 33:20,COPY_OR_MERGE,2Chr.33.20
2CH 33:21,COPY_OR_MERGE,2Chr.33.21
2CH 33:22,COPY_OR_MERGE,2Chr.33.22
2CH 33:23,COPY_OR_MERGE,2Chr.33.23
2CH 33:24,COPY_OR_MERGE,2Chr.33.24
2CH 33:25,COPY_OR_MERGE,2Chr.33.25
2CH 34:1,COPY_OR_MERGE,2Chr.34.1
2CH 34:2,COPY_OR_MERGE,2Chr.34.2
2CH 34:3,COPY_OR_MERGE,2Chr.34.3
2CH 34:4,COPY_OR_MERGE,2Chr.34.4
2CH 34:5,COPY_OR_MERGE,2Chr.34.5
2CH 34:6,COPY_OR_MERGE,2Chr.34.6
2CH 34:7,COPY_OR_MERGE,2Chr.34.7
2CH 34:8,COPY_OR_MERGE,2Chr.34.8
2CH 34:9,COPY_OR_MERGE,2Chr.34.9
2CH 34:10,COPY_OR_MERGE,2Chr.34.10
2CH 34:11,COPY_OR_MERGE,2Chr.34.11
2CH 34:12,COPY_OR_MERGE,2Chr.34.12
2CH 34:13,COPY_OR_MERGE,2Chr.34.13
2CH 34:14,COPY_OR_MERGE,2Chr.34.14
2CH 34:15,COPY_OR_MERGE,2Chr.34.15
2CH 34:16,COPY_OR_MERGE,2Chr.34.16
2CH 34:17,COPY_OR_MERGE,2Chr.34.17
2CH 34:18,COPY_OR_MERGE,2Chr.34.18
2CH 34:19,COPY_OR_MERGE,2Chr.34.19
2CH 34:20,COPY_OR_MERGE,2Chr.34.20
2CH 34:21,COPY_OR_MERGE,2Chr.34.21
2CH 34:22,COPY_OR_MERGE,2Chr.34.22
2CH 34:23,COPY_OR_MERGE,2Chr.34.23
2CH 34:24,COPY_OR_MERGE,2Chr.34.24
2CH 34:25,COPY_OR_MERGE,2Chr.34.25
2CH 34:26,COPY_OR_MERGE,2Chr.34.26
2CH 34:27,COPY_OR_MERGE,2Chr.34.27
2CH 34:28,COPY_OR_MERGE,2Chr.34.28
2CH 34:29,COPY_OR_MERGE,2Chr.34.29
2CH 34:30,COPY_OR_MERGE,2Chr.34.30
2CH 34:31,COPY_OR_MERGE,2Chr.34.31
2CH 34:32,COPY_OR_MERGE,2Chr.34.32
2CH 34:33,COPY_OR_MERGE,2Chr.34.33
2CH 35:1,COPY_OR_MERGE,2Chr.35.1
2CH 35:2,COPY_OR_MERGE,2Chr.35.2
2CH 35:3,COPY_OR_MERGE,2Chr.35.3
2CH 35:4,COPY_OR_MERGE,2Chr.35.4
2CH 35:5,COPY_OR_MERGE,2Chr.35.5
2CH 35:6,COPY_OR_MERGE,2Chr.35.6
2CH 35:7,COPY_OR_MERGE,2Chr.35.7
2CH 35:8,COPY_OR_MERGE,2Chr.35.8
2CH 35:9,COPY_OR_MERGE,2Chr.35.9
2CH 35:10,COPY_OR_MERGE,2Chr.35.10
2CH 35:11,COPY_OR_MERGE,2Chr.35.11
2CH 35:12,COPY_OR_MERGE,2Chr.35.12
2CH 35:13,COPY_OR_MERGE,2Chr.35.13
2CH 35:14,COPY_OR_MERGE,2Chr.35.14
2CH 35:15,COPY_OR_MERGE,2Chr.35.15
2CH 35:16,COPY_OR_MERGE,2Chr.35.16
2CH 35:17,COPY_OR_MERGE,2Chr.35.17
2CH 35:18,COPY_OR_MERGE,2Chr.35.18
2CH 35:19,COPY_OR_MERGE,2Chr.35.19
2CH 35:20,COPY_OR_MERGE,2Chr.35.20
2CH 35:21,COPY_OR_MERGE,2Chr.35.21
2CH 35:22,COPY_OR_MERGE,2Chr.35.22
2CH 35:23,COPY_OR_MERGE,2Chr.35.23
2CH 35:24,COPY_OR_MERGE,2Chr.35.24
2CH 35:25,COPY_OR_MERGE,2Chr.35.25
2CH 35:26,COPY_OR_MERGE,2Chr.35.26
2CH 35:27,COPY_OR_MERGE,2Chr.35.27
2CH 36:1,COPY_OR_MERGE,2Chr.36.1
2CH 36:2,COPY_OR_MERGE,2Chr.36.2
2CH 36:3,COPY_OR_MERGE,2Chr.36.3
2CH 36:4,COPY_OR_MERGE,2Chr.36.4
2CH 36:5,COPY_OR_MERGE,2Chr.36.5
2CH 36:6,COPY_OR_MERGE,2Chr.36.6
2CH 36:7,COPY_OR_MERGE,2Chr.36.7
2CH 36:8,COPY_OR_MERGE,2Chr.36.8
2CH 36:9,COPY_OR_MERGE,2Chr.36.9
2CH 36:10,COPY_OR_MERGE,2Chr.36.10
2CH 36:11,COPY_OR_MERGE,2Chr.36.11
2CH 36:12,COPY_OR_MERGE,2Chr.36.12
2CH 36:13,COPY_OR_MERGE,2Chr.36.13
2CH 36:14,COPY_OR_MERGE,2Chr.36.14
2CH 36:15,COPY_OR_MERGE,2Chr.36.15
2CH 36:16,COPY_OR_MERGE,2Chr.36.16
2CH 36:17,COPY_OR_MERGE,2Chr.36.17
2CH 36:18,COPY_OR_MERGE,2Chr.36.18
2CH 36:19,COPY_OR_MERGE,2Chr.36.19
2CH 36:20,COPY_OR_MERGE,2Chr.36.20
2CH 36:21,COPY_OR_MERGE,2Chr.36.21
2CH 36:22,COPY_OR_MERGE,2Chr.36.22
2CH 36:23,COPY_OR_MERGE,2Chr.36.23
2KI 1:1,COPY_OR_MERGE,2Kgs.1.1
2KI 1:2,COPY_OR_MERGE,2Kgs.1.2
2KI 1:3,COPY_OR_MERGE,2Kgs.1.3
2KI 1:4,COPY_OR_MERGE,2Kgs.1.4
2KI 1:5,COPY_OR_MERGE,2Kgs.1.5
2KI 1:6,COPY_OR_MERGE,2Kgs.1.6
2KI 1:7,COPY_OR_MERGE,2Kgs.1.7
2KI 1:8,COPY_OR_MERGE,2Kgs.1.8
2KI 1:9,COPY_OR_MERGE,2Kgs.1.9
2KI 1:10,COPY_OR_MERGE,2Kgs.1.10
2KI 1:11,COPY_OR_MERGE,2Kgs.1.11
2KI 1:12,COPY_OR_MERGE,2Kgs.1.12
2KI 1:13,COPY_OR_MERGE,2Kgs.1.13
2KI 1:14,COPY_OR_MERGE,2Kgs.1.14
2KI 1:15,COPY_OR_MERGE,2Kgs.1.15
2KI 1:16,COPY_OR_MERGE,2Kgs.1.16
2KI 1:17,COPY_OR_MERGE,2Kgs.1.17
2KI 1:18,COPY_OR_MERGE,2Kgs.1.18
2KI 2:1,COPY_OR_MERGE,2Kgs.2.1
2KI 2:2,COPY_OR_MERGE,2Kgs.2.2
2KI 2:3,COPY_OR_MERGE,2Kgs.2.3
2KI 2:4,COPY_OR_MERGE,2Kgs.2.4
2KI 2:5,COPY_OR_MERGE,2Kgs.2.5
2KI 2:6,COPY_OR_MERGE,2Kgs.2.6
2KI 2:7,COPY_OR_MERGE,2Kgs.2.7
2KI 2:8,COPY_OR_MERGE,2Kgs.2.8
2KI 2:9,COPY_OR_MERGE,2Kgs.2.9
2KI 2:10,COPY_OR_MERGE,2Kgs.2.10
2KI 2:11,COPY_OR_MERGE,2Kgs.2.11
2KI 2:12,COPY_OR_MERGE,2Kgs.2.12
2KI 2:13,COPY_OR_MERGE,2Kgs.2.13
2KI 2:14,COPY_OR_MERGE,2Kgs.2.14
2KI 2:15,COPY_OR_MERGE,2Kgs.2.15
2KI 2:16,COPY_OR_MERGE,2Kgs.2.16
2KI 2:17,COPY_OR_MERGE,2Kgs.2.17
2KI 2:18,COPY_OR_MERGE,2Kgs.2.18
2KI 2:19,COPY_OR_MERGE,2Kgs.2.19
2KI 2:20,COPY_OR_MERGE,2Kgs.2.20
2KI 2:21,COPY_OR_MERGE,2Kgs.2.21
2KI 2:22,COPY_OR_MERGE,2Kgs.2.22
2KI 2:23,COPY_OR_MERGE,2Kgs.2.23
2KI 2:24,COPY_OR_MERGE,2Kgs.2.24
2KI 2:25,COPY_OR_MERGE,2Kgs.2.25
2KI 3:1,COPY_OR_MERGE,2Kgs.3.1
2KI 3:2,COPY_OR_MERGE,2Kgs.3.2
2KI 3:3,COPY_OR_MERGE,2Kgs.3.3
2KI 3:4,COPY_OR_MERGE,2Kgs.3.4
2KI 3:5,COPY_OR_MERGE,2Kgs.3.5
2KI 3:6,COPY_OR_MERGE,2Kgs.3.6
2KI 3:7,COPY_OR_MERGE,2Kgs.3.7
2KI 3:8,COPY_OR_MERGE,2Kgs.3.8
2KI 3:9,COPY_OR_MERGE,2Kgs.3.9
2KI 3:10,COPY_OR_MERGE,2Kgs.3.10
2KI 3:11,COPY_OR_MERGE,2Kgs.3.11
2KI 3:12,COPY_OR_MERGE,2Kgs.3.12
2KI 3:13,COPY_OR_MERGE,2Kgs.3.13
2KI 3:14,COPY_OR_MERGE,2Kgs.3.14
2KI 3:15,COPY_OR_MERGE,2Kgs.3.15
2KI 3:16,COPY_OR_MERGE,2Kgs.3.16
2KI 3:17,COPY_OR_MERGE,2Kgs.3.17
2KI 3:18,COPY_OR_MERGE,2Kgs.3.18
2KI 3:19,COPY_OR_MERGE,2Kgs.3.19
2KI 3:20,COPY_OR_MERGE,2Kgs.3.20
2KI 3:21,COPY_OR_MERGE,2Kgs.3.21
2KI 3:22,COPY_OR_MERGE,2Kgs.3.22
2KI 3:23,COPY_OR_MERGE,2Kgs.3.23
2KI 3:24,COPY_OR_MERGE,2Kgs.3.24
2KI 3:25,COPY_OR_MERGE,2Kgs.3.25
2KI 3:26,COPY_OR_MERGE,2Kgs.3.26
2KI 3:27,COPY_OR_MERGE,2Kgs.3.27
2KI 4:1,COPY_OR_MERGE,2Kgs.4.1
2KI 4:2,COPY_OR_MERGE,2Kgs.4.2
2KI 4:3,COPY_OR_MERGE,2Kgs.4.3
2KI 4:4,COPY_OR_MERGE,2Kgs.4.4
2KI 4:5,COPY_OR_MERGE,2Kgs.4.5
2KI 4:6,COPY_OR_MERGE,2Kgs.4.6
2KI 4:7,COPY_OR_MERGE,2Kgs.4.7
2KI 4:8,COPY_OR_MERGE,2Kgs.4.8
2KI 4:9,COPY_OR_MERGE,2Kgs.4.9
2KI 4:10,COPY_OR_MERGE,2Kgs.4.10
2KI 4:11,COPY_OR_MERGE,2Kgs.4.11
2KI 4:12,COPY_OR_MERGE,2Kgs.4.12
2KI 4:13,COPY_OR_MERGE,2Kgs.4.13
2KI 4:14,COPY_OR_MERGE,2Kgs.4.14
2KI 4:15,COPY_OR_MERGE,2Kgs.4.15
2KI 4:16,COPY_OR_MERGE,2Kgs.4.16
2KI 4:17,COPY_OR_MERGE,2Kgs.4.17
2KI 4:18,COPY_OR_MERGE,2Kgs.4.18
2KI 4:19,COPY_OR_MERGE,2Kgs.4.19
2KI 4:20,COPY_OR_MERGE,2Kgs.4.20
2KI 4:21,COPY_OR_MERGE,2Kgs.4.21
2KI 4:22,COPY_OR_MERGE,2Kgs.4.22
2KI 4:23,COPY_OR_MERGE,2Kgs.4.23
2KI 4:24,COPY_OR_MERGE,2Kgs.4.24
2KI 4:25,COPY_OR_MERGE,2Kgs.4.25
2KI 4:26,COPY_OR_MERGE,2Kgs.4.26
2KI 4:27,COPY_OR_MERGE,2Kgs.4.27
2KI 4:28,COPY_OR_MERGE,2Kgs.4.28
2KI 4:29,COPY_OR_MERGE,2Kgs.4.29
2KI 4:30,COPY_OR_MERGE,2Kgs.4.30
2KI 4:31,COPY_OR_MERGE,2Kgs.4.31
2KI 4:32,COPY_OR_MERGE,2Kgs.4.32
2KI 4:33,COPY_OR_MERGE,2Kgs.4.33
2KI 4:34,COPY_OR_MERGE,2Kgs.4.34
2KI 4:35,COPY_OR_MERGE,2Kgs.4.35
2KI 4:36,COPY_OR_MERGE,2Kgs.4.36
2KI 4:37,COPY_OR_MERGE,2Kgs.4.37
2KI 4:38,COPY_OR_MERGE,2Kgs.4.38
2KI 4:39,COPY_OR_MERGE,2Kgs.4.39
2KI 4:40,COPY_OR_MERGE,2Kgs.4.40
2KI 4:41,COPY_OR_MERGE,2Kgs.4.41
2KI 4:42,COPY_OR_MERGE,2Kgs.4.42
2KI 4:43,COPY_OR_MERGE,2Kgs.4.43
2KI 4:44,COPY_OR_MERGE,2Kgs.4.44
2KI 5:1,COPY_OR_MERGE,2Kgs.5.1
2KI 5:2,COPY_OR_MERGE,2Kgs.5.2
2KI 5:3,COPY_OR_MERGE,2Kgs.5.3
2KI 5:4,COPY_OR_MERGE,2Kgs.5.4
2KI 5:5,COPY_OR_MERGE,2Kgs.5.5
2KI 5:6,COPY_OR_MERGE,2Kgs.5.6
2KI 5:7,COPY_OR_MERGE,2Kgs.5.7
2KI 5:8,COPY_OR_MERGE,2Kgs.5.8
2KI 5:9,COPY_OR_MERGE,2Kgs.5.9
2KI 5:10,COPY_OR_MERGE,2Kgs.5.10
2KI 5:11,COPY_OR_MERGE,2Kgs.5.11
2KI 5:12,COPY_OR_MERGE,2Kgs.5.12
2KI 5:13,COPY_OR_MERGE,2Kgs.5.13
2KI 5:14,COPY_OR_MERGE,2Kgs.5.14
2KI 5:15,COPY_OR_MERGE,2Kgs.5.15
2KI 5:16,COPY_OR_MERGE,2Kgs.5.16
2KI 5:17,COPY_OR_MERGE,2Kgs.5.17
2KI 5:18,COPY_OR_MERGE,2Kgs.5.18
2KI 5:19,COPY_OR_MERGE,2Kgs.5.19
2KI 5:20,COPY_OR_MERGE,2Kgs.5.20
2KI 5:21,COPY_OR_MERGE,2Kgs.5.21
2KI 5:22,COPY_OR_MERGE,2Kgs.5.22
2KI 5:23,COPY_OR_MERGE,2Kgs.5.23
2KI 5:24,COPY_OR_MERGE,2Kgs.5.24
2KI 5:25,COPY_OR_MERGE,2Kgs.5.25
2KI 5:26,COPY_OR_MERGE,2Kgs.5.26
2KI 5:27,COPY_OR_MERGE,2Kgs.5.27
2KI 6:1,COPY_OR_MERGE,2Kgs.6.1
2KI 6:2,COPY_OR_MERGE,2Kgs.6.2
2KI 6:3,COPY_OR_MERGE,2Kgs.6.3
2KI 6:4,COPY_OR_MERGE,2Kgs.6.4
2KI 6:5,COPY_OR_MERGE,2Kgs.6.5
2KI 6:6,COPY_OR_MERGE,2Kgs.6.6
2KI 6:7,COPY_OR_MERGE,2Kgs.6.7
2KI 6:8,COPY_OR_MERGE,2Kgs.6.8
2KI 6:9,COPY_OR_MERGE,2Kgs.6.9
2KI 6:10,COPY_OR_MERGE,2Kgs.6.10
2KI 6:11,COPY_OR_MERGE,2Kgs.6.11
2KI 6:12,COPY_OR_MERGE,2Kgs.6.12
2KI 6:13,COPY_OR_MERGE,2Kgs.6.13
2KI 6:14,COPY_OR_MERGE,2Kgs.6.14
2KI 6:15,COPY_OR_MERGE,2Kgs.6.15
2KI 6:16,COPY_OR_MERGE,2Kgs.6.16
2KI 6:17,COPY_OR_MERGE,2Kgs.6.17
2KI 6:18,COPY_OR_MERGE,2Kgs.6.18
2KI 6:19,COPY_OR_MERGE,2Kgs.6.19
2KI 6:20,COPY_OR_MERGE,2Kgs.6.20
2KI 6:21,COPY_OR_MERGE,2Kgs.6.21
2KI 6:22,COPY_OR_MERGE,2Kgs.6.22
2KI 6:23,COPY_OR_MERGE,2Kgs.6.23
2KI 6:24,COPY_OR_MERGE,2Kgs.6.24
2KI 6:25,COPY_OR_MERGE,2Kgs.6.25
2KI 6:26,COPY_OR_MERGE,2Kgs.6.26
2KI 6:27,COPY_OR_MERGE,2Kgs.6.27
2KI 6:28,COPY_OR_MERGE,2Kgs.6.28
2KI 6:29,COPY_OR_MERGE,2Kgs.6.29
2KI 6:30,COPY_OR_MERGE,2Kgs.6.30
2KI 6:31,COPY_OR_MERGE,2Kgs.6.31
2KI 6:32,COPY_OR_MERGE,2Kgs.6.32
2KI 6:33,COPY_OR_MERGE,2Kgs.6.33
2KI 7:1,COPY_OR_MERGE,2Kgs.7.1
2KI 7:2,COPY_OR_MERGE,2Kgs.7.2
2KI 7:3,COPY_OR_MERGE,2Kgs.7.3
2KI 7:4,COPY_OR_MERGE,2Kgs.7.4
2KI 7:5,COPY_OR_MERGE,2Kgs.7.5
2KI 7:6,COPY_OR_MERGE,2Kgs.7.6
2KI 7:7,COPY_OR_MERGE,2Kgs.7.7
2KI 7:8,COPY_OR_MERGE,2Kgs.7.8
2KI 7:9,COPY_OR_MERGE,2Kgs.7.9
2KI 7:10,COPY_OR_MERGE,2Kgs.7.10
2KI 7:11,COPY_OR_MERGE,2Kgs.7.11
2KI 7:12,COPY_OR_MERGE,2Kgs.7.12
2KI 7:13,COPY_OR_MERGE,2Kgs.7.13
2KI 7:14,COPY_OR_MERGE,2Kgs.7.14
2KI 7:15,COPY_OR_MERGE,2Kgs.7.15
2KI 7:16,COPY_OR_MERGE,2Kgs.7.16
2KI 7:17,COPY_OR_MERGE,2Kgs.7.17
2KI 7:18,COPY_OR_MERGE,2Kgs.7.18
2KI 7:19,COPY_OR_MERGE,2Kgs.7.19
2KI 7:20,COPY_OR_MERGE,2Kgs.7.20
2KI 8:1,COPY_OR_MERGE,2Kgs.8.1
2KI 8:2,COPY_OR_MERGE,2Kgs.8.2
2KI 8:3,COPY_OR_MERGE,2Kgs.8.3
2KI 8:4,COPY_OR_MERGE,2Kgs.8.4
2KI 8:5,COPY_OR_MERGE,2Kgs.8.5
2KI 8:6,COPY_OR_MERGE,2Kgs.8.6
2KI 8:7,COPY_OR_MERGE,2Kgs.8.7
2KI 8:8,COPY_OR_MERGE,2Kgs.8.8
2KI 8:9,COPY_OR_MERGE,2Kgs.8.9
2KI 8:10,COPY_OR_MERGE,2Kgs.8.10
2KI 8:11,COPY_OR_MERGE,2Kgs.8.11
2KI 8:12,COPY_OR_MERGE,2Kgs.8.12
2KI 8:13,COPY_OR_MERGE,2Kgs.8.13
2KI 8:14,COPY_OR_MERGE,2Kgs.8.14
2KI 8:15,COPY_OR_MERGE,2Kgs.8.15
2KI 8:16,COPY_OR_MERGE,2Kgs.8.16
2KI 8:17,COPY_OR_MERGE,2Kgs.8.17
2KI 8:18,COPY_OR_MERGE,2Kgs.8.18
2KI 8:19,COPY_OR_MERGE,2Kgs.8.19
2KI 8:20,COPY_OR_MERGE,2Kgs.8.20
2KI 8:21,COPY_OR_MERGE,2Kgs.8.21
2KI 8:22,COPY_OR_MERGE,2Kgs.8.22
2KI 8:23,COPY_OR_MERGE,2Kgs.8.23
2KI 8:24,COPY_OR_MERGE,2Kgs.8.24
2KI 8:25,COPY_OR_MERGE,2Kgs.8.25
2KI 8:26,COPY_OR_MERGE,2Kgs.8.26
2KI 8:27,COPY_OR_MERGE,2Kgs.8.27
2KI 8:28,COPY_OR_MERGE,2Kgs.8.28
2KI 8:29,COPY_OR_MERGE,2Kgs.8.29
2KI 9:1,COPY_OR_MERGE,2Kgs.9.1
2KI 9:2,COPY_OR_MERGE,2Kgs.9.2
2KI 9:3,COPY_OR_MERGE,2Kgs.9.3
2KI 9:4,COPY_OR_MERGE,2Kgs.9.4
2KI 9:5,COPY_OR_MERGE,2Kgs.9.5
2KI 9:6,COPY_OR_MERGE,2Kgs.9.6
2KI 9:7,COPY_OR_MERGE,2Kgs.9.7
2KI 9:8,COPY_OR_MERGE,2Kgs.9.8
2KI 9:9,COPY_OR_MERGE,2Kgs.9.9
2KI 9:10,COPY_OR_MERGE,2Kgs.9.10
2KI 9:11,COPY_OR_MERGE,2Kgs.9.11
2KI 9:12,COPY_OR_MERGE,2Kgs.9.12
2KI 9:13,COPY_OR_MERGE,2Kgs.9.13
2KI 9:14,COPY_OR_MERGE,2Kgs.9.14
2KI 9:15,COPY_OR_MERGE,2Kgs.9.15
2KI 9:16,COPY_OR_MERGE,2Kgs.9.16
2KI 9:17,COPY_OR_MERGE,2Kgs.9.17
2KI 9:18,COPY_OR_MERGE,2Kgs.9.18
2KI 9:19,COPY_OR_MERGE,2Kgs.9.19
2KI 9:20,COPY_OR_MERGE,2Kgs.9.20
2KI 9:21,COPY_OR_MERGE,2Kgs.9.21
2KI 9:22,COPY_OR_MERGE,2Kgs.9.22
2KI 9:23,COPY_OR_MERGE,2Kgs.9.23
2KI 9:24,COPY_OR_MERGE,2Kgs.9.24
2KI 9:25,COPY_OR_MERGE,2Kgs.9.25
2KI 9:26,COPY_OR_MERGE,2Kgs.9.26
2KI 9:27,COPY_OR_MERGE,2Kgs.9.27
2KI 9:28,COPY_OR_MERGE,2Kgs.9.28
2KI 9:29,COPY_OR_MERGE,2Kgs.9.29
2KI 9:30,COPY_OR_MERGE,2Kgs.9.30
2KI 9:31,COPY_OR_MERGE,2Kgs.9.31
2KI 9:32,COPY_OR_MERGE,2Kgs.9.32
2KI 9:33,COPY_OR_MERGE,2Kgs.9.33
2KI 9:34,COPY_OR_MERGE,2Kgs.9.34
2KI 9:35,COPY_OR_MERGE,2Kgs.9.35
2KI 9:36,COPY_OR_MERGE,2Kgs.9.36
2KI 9:37,COPY_OR_MERGE,2Kgs.9.37
2KI 10:1,COPY_OR_MERGE,2Kgs.10.1
2KI 10:2,COPY_OR_MERGE,2Kgs.10.2
2KI 10:3,COPY_OR_MERGE,2Kgs.10.3
2KI 10:4,COPY_OR_MERGE,2Kgs.10.4
2KI 10:5,COPY_OR_MERGE,2Kgs.10.5
2KI 10:6,COPY_OR_MERGE,2Kgs.10.6
2KI 10:7,COPY_OR_MERGE,2Kgs.10.7
2KI 10:8,COPY_OR_MERGE,2Kgs.10.8
2KI 10:9,COPY_OR_MERGE,2Kgs.10.9
2KI 10:10,COPY_OR_MERGE,2Kgs.10.10
2KI 10:11,COPY_OR_MERGE,2Kgs.10.11
2KI 10:12,COPY_OR_MERGE,2Kgs.10.12
2KI 10:13,COPY_OR_MERGE,2Kgs.10.13
2KI 10:14,COPY_OR_MERGE,2Kgs.10.14
2KI 10:15,COPY_OR_MERGE,2Kgs.10.15
2KI 10:16,COPY_OR_MERGE,2Kgs.10.16
2KI 10:17,COPY_OR_MERGE,2Kgs.10.17
2KI 10:18,COPY_OR_MERGE,2Kgs.10.18
2KI 10:19,COPY_OR_MERGE,2Kgs.10.19
2KI 10:20,COPY_OR_MERGE,2Kgs.10.20
2KI 10:21,COPY_OR_MERGE,2Kgs.10.21
2KI 10:22,COPY_OR_MERGE,2Kgs.10.22
2KI 10:23,COPY_OR_MERGE,2Kgs.10.23
2KI 10:24,COPY_OR_MERGE,2Kgs.10.24
2KI 10:25,COPY_OR_MERGE,2Kgs.10.25
2KI 10:26,COPY_OR_MERGE,2Kgs.10.26
2KI 10:27,COPY_OR_MERGE,2Kgs.10.27
2KI 10:28,COPY_OR_MERGE,2Kgs.10.28
2KI 10:29,COPY_OR_MERGE,2Kgs.10.29
2KI 10:30,COPY_OR_MERGE,2Kgs.10.30
2KI 10:31,COPY_OR_MERGE,2Kgs.10.31
2KI 10:32,COPY_OR_MERGE,2Kgs.10.32
2KI 10:33,COPY_OR_MERGE,2Kgs.10.33
2KI 10:34,COPY_OR_MERGE,2Kgs.10.34
2KI 10:35,COPY_OR_MERGE,2Kgs.10.35
2KI 10:36,COPY_OR_MERGE,2Kgs.10.36
2KI 11:1,COPY_OR_MERGE,2Kgs.11.1
2KI 11:2,COPY_OR_MERGE,2Kgs.11.2
2KI 11:3,COPY_OR_MERGE,2Kgs.11.3
2KI 11:4,COPY_OR_MERGE,2Kgs.11.4
2KI 11:5,COPY_OR_MERGE,2Kgs.11.5
2KI 11:6,COPY_OR_MERGE,2Kgs.11.6
2KI 11:7,COPY_OR_MERGE,2Kgs.11.7
2KI 11:8,COPY_OR_MERGE,2Kgs.11.8
2KI 11:9,COPY_OR_MERGE,2Kgs.11.9
2KI 11:10,COPY_OR_MERGE,2Kgs.11.10
2KI 11:11,COPY_OR_MERGE,2Kgs.11.11
2KI 11:12,COPY_OR_MERGE,2Kgs.11.12
2KI 11:13,COPY_OR_MERGE,2Kgs.11.13
2KI 11:14,COPY_OR_MERGE,2Kgs.11.14
2KI 11:15,COPY_OR_MERGE,2Kgs.11.15
2KI 11:16,COPY_OR_MERGE,2Kgs.11.16
2KI 11:17,COPY_OR_MERGE,2Kgs.11.17
2KI 11:18,COPY_OR_MERGE,2Kgs.11.18
2KI 11:19,COPY_OR_MERGE,2Kgs.11.19
2KI 11:20,COPY_OR_MERGE,2Kgs.11.20
2KI 11:21,COPY_OR_MERGE,2Kgs.12.1
2KI 12:1,COPY_OR_MERGE,2Kgs.12.2
2KI 12:2,COPY_OR_MERGE,2Kgs.12.3
2KI 12:3,COPY_OR_MERGE,2Kgs.12.4
2KI 12:4,COPY_OR_MERGE,2Kgs.12.5
2KI 12:5,COPY_OR_MERGE,2Kgs.12.6
2KI 12:6,COPY_OR_MERGE,2Kgs.12.7
2KI 12:7,COPY_OR_MERGE,2Kgs.12.8
2KI 12:8,COPY_OR_MERGE,2Kgs.12.9
2KI 12:9,COPY_OR_MERGE,2Kgs.12.10
2KI 12:10,COPY_OR_MERGE,2Kgs.12.11
2KI 12:11,COPY_OR_MERGE,2Kgs.12.12
2KI 12:12,COPY_OR_MERGE,2Kgs.12.13
2KI 12:13,COPY_OR_MERGE,2Kgs.12.14
2KI 12:14,COPY_OR_MERGE,2Kgs.12.15
2KI 12:15,COPY_OR_MERGE,2Kgs.12.16
2KI 12:16,COPY_OR_MERGE,2Kgs.12.17
2KI 12:17,COPY_OR_MERGE,2Kgs.12.18
2KI 12:18,COPY_OR_MERGE,2Kgs.12.19
2KI 12:19,COPY_OR_MERGE,2Kgs.12.20
2KI 12:20,COPY_OR_MERGE,2Kgs.12.21
2KI 12:21,COPY_OR_MERGE,2Kgs.12.22
2KI 13:1,COPY_OR_MERGE,2Kgs.13.1
2KI 13:2,COPY_OR_MERGE,2Kgs.13.2
2KI 13:3,COPY_OR_MERGE,2Kgs.13.3
2KI 13:4,COPY_OR_MERGE,2Kgs.13.4
2KI 13:5,COPY_OR_MERGE,2Kgs.13.5
2KI 13:6,COPY_OR_MERGE,2Kgs.13.6
2KI 13:7,COPY_OR_MERGE,2Kgs.13.7
2KI 13:8,COPY_OR_MERGE,2Kgs.13.8
2KI 13:9,COPY_OR_MERGE,2Kgs.13.9
2KI 13:10,COPY_OR_MERGE,2Kgs.13.10
2KI 13:11,COPY_OR_MERGE,2Kgs.13.11
2KI 13:12,COPY_OR_MERGE,2Kgs.13.12
2KI 13:13,COPY_OR_MERGE,2Kgs.13.13
2KI 13:14,COPY_OR_MERGE,2Kgs.13.14
2KI 13:15,COPY_OR_MERGE,2Kgs.13.15
2KI 13:16,COPY_OR_MERGE,2Kgs.13.16
2KI 13:17,COPY_OR_MERGE,2Kgs.13.17
2KI 13:18,COPY_OR_MERGE,2Kgs.13.18
2KI 13:19,COPY_OR_MERGE,2Kgs.13.19
2KI 13:20,COPY_OR_MERGE,2Kgs.13.20
2KI 13:21,COPY_OR_MERGE,2Kgs.13.21
2KI 13:22,COPY_OR_MERGE,2Kgs.13.22
2KI 13:23,COPY_OR_MERGE,2Kgs.13.23
2KI 13:24,COPY_OR_MERGE,2Kgs.13.24
2KI 13:25,COPY_OR_MERGE,2Kgs.13.25
2KI 14:1,COPY_OR_MERGE,2Kgs.14.1
2KI 14:2,COPY_OR_MERGE,2Kgs.14.2
2KI 14:3,COPY_OR_MERGE,2Kgs.14.3
2KI 14:4,COPY_OR_MERGE,2Kgs.14.4
2KI 14:5,COPY_OR_MERGE,2Kgs.14.5
2KI 14:6,COPY_OR_MERGE,2Kgs.14.6
2KI 14:7,COPY_OR_MERGE,2Kgs.14.7
2KI 14:8,COPY_OR_MERGE,2Kgs.14.8
2KI 14:9,COPY_OR_MERGE,2Kgs.14.9
2KI 14:10,COPY_OR_MERGE,2Kgs.14.10
2KI 14:11,COPY_OR_MERGE,2Kgs.14.11
2KI 14:12,COPY_OR_MERGE,2Kgs.14.12
2KI 14:13,COPY_OR_MERGE,2Kgs.14.13
2KI 14:14,COPY_OR_MERGE,2Kgs.14.14
2KI 14:15,COPY_OR_MERGE,2Kgs.14.15
2KI 14:16,COPY_OR_MERGE,2Kgs.14.16
2KI 14:17,COPY_OR_MERGE,2Kgs.14.17
2KI 14:18,COPY_OR_MERGE,2Kgs.14.18
2KI 14:19,COPY_OR_MERGE,2Kgs.14.19
2KI 14:20,COPY_OR_MERGE,2Kgs.14.20
2KI 14:21,COPY_OR_MERGE,2Kgs.14.21
2KI 14:22,COPY_OR_MERGE,2Kgs.14.22
2KI 14:23,COPY_OR_MERGE,2Kgs.14.23
2KI 14:24,COPY_OR_MERGE,2Kgs.14.24
2KI 14:25,COPY_OR_MERGE,2Kgs.14.25
2KI 14:26,COPY_OR_MERGE,2Kgs.14.26
2KI 14:27,COPY_OR_MERGE,2Kgs.14.27
2KI 14:28,COPY_OR_MERGE,2Kgs.14.28
2KI 14:29,COPY_OR_MERGE,2Kgs.14.29
2KI 15:1,COPY_OR_MERGE,2Kgs.15.1
2KI 15:2,COPY_OR_MERGE,2Kgs.15.2
2KI 15:3,COPY_OR_MERGE,2Kgs.15.3
2KI 15:4,COPY_OR_MERGE,2Kgs.15.4
2KI 15:5,COPY_OR_MERGE,2Kgs.15.5
2KI 15:6,COPY_OR_MERGE,2Kgs.15.6
2KI 15:7,COPY_OR_MERGE,2Kgs.15.7
2KI 15:8,COPY_OR_MERGE,2Kgs.15.8
2KI 15:9,COPY_OR_MERGE,2Kgs.15.9
2KI 15:10,COPY_OR_MERGE,2Kgs.15.10
2KI 15:11,COPY_OR_MERGE,2Kgs.15.11
2KI 15:12,COPY_OR_MERGE,2Kgs.15.12
2KI 15:13,COPY_OR_MERGE,2Kgs.15.13
2KI 15:14,COPY_OR_MERGE,2Kgs.15.14
2KI 15:15,COPY_OR_MERGE,2Kgs.15.15
2KI 15:16,COPY_OR_MERGE,2Kgs.15.16
2KI 15:17,COPY_OR_MERGE,2Kgs.15.17
2KI 15:18,COPY_OR_MERGE,2Kgs.15.18
2KI 15:19,COPY_OR_MERGE,2Kgs.15.19
2KI 15:20,COPY_OR_MERGE,2Kgs.15.20
2KI 15:21,COPY_OR_MERGE,2Kgs.15.21
2KI 15:22,COPY_OR_MERGE,2Kgs.15.22
2KI 15:23,COPY_OR_MERGE,2Kgs.15.23
2KI 15:24,COPY_OR_MERGE,2Kgs.15.24
2KI 15:25,COPY_OR_MERGE,2Kgs.15.25
2KI 15:26,COPY_OR_MERGE,2Kgs.15.26
2KI 15:27,COPY_OR_MERGE,2Kgs.15.27
2KI 15:28,COPY_OR_MERGE,2Kgs.15.28
2KI 15:29,COPY_OR_MERGE,2Kgs.15.29
2KI 15:30,COPY_OR_MERGE,2Kgs.15.30
2KI 15:31,COPY_OR_MERGE,2Kgs.15.31
2KI 15:32,COPY_OR_MERGE,2Kgs.15.32
2KI 15:33,COPY_OR_MERGE,2Kgs.15.33
2KI 15:34,COPY_OR_MERGE,2Kgs.15.34
2KI 15:35,COPY_OR_MERGE,2Kgs.15.35
2KI 15:36,COPY_OR_MERGE,2Kgs.15.36
2KI 15:37,COPY_OR_MERGE,2Kgs.15.37
2KI 15:38,COPY_OR_MERGE,2Kgs.15.38
2KI 16:1,COPY_OR_MERGE,2Kgs.16.1
2KI 16:2,COPY_OR_MERGE,2Kgs.16.2
2KI 16:3,COPY_OR_MERGE,2Kgs.16.3
2KI 16:4,COPY_OR_MERGE,2Kgs.16.4
2KI 16:5,COPY_OR_MERGE,2Kgs.16.5
2KI 16:6,COPY_OR_MERGE,2Kgs.16.6
2KI 16:7,COPY_OR_MERGE,2Kgs.16.7
2KI 16:8,COPY_OR_MERGE,2Kgs.16.8
2KI 16:9,COPY_OR_MERGE,2Kgs.16.9
2KI 16:10,COPY_OR_MERGE,2Kgs.16.10
2KI 16:11,COPY_OR_MERGE,2Kgs.16.11
2KI 16:12,COPY_OR_MERGE,2Kgs.16.12
2KI 16:13,COPY_OR_MERGE,2Kgs.16.13
2KI 16:14,COPY_OR_MERGE,2Kgs.16.14
2KI 16:15,COPY_OR_MERGE,2Kgs.16.15
2KI 16:16,COPY_OR_MERGE,2Kgs.16.16
2KI 16:17,COPY_OR_MERGE,2Kgs.16.17
2KI 16:18,COPY_OR_MERGE,2Kgs.16.18
2KI 16:19,COPY_OR_MERGE,2Kgs.16.19
2KI 16:20,COPY_OR_MERGE,2Kgs.16.20
2KI 17:1,COPY_OR_MERGE,2Kgs.17.1
2KI 17:2,COPY_OR_MERGE,2Kgs.17.2
2KI 17:3,COPY_OR_MERGE,2Kgs.17.3
2KI 17:4,COPY_OR_MERGE,2Kgs.17.4
2KI 17:5,COPY_OR_MERGE,2Kgs.17.5
2KI 17:6,COPY_OR_MERGE,2Kgs.17.6
2KI 17:7,COPY_OR_MERGE,2Kgs.17.7
2KI 17:8,COPY_OR_MERGE,2Kgs.17.8
2KI 17:9,COPY_OR_MERGE,2Kgs.17.9
2KI 17:10,COPY_OR_MERGE,2Kgs.17.10
2KI 17:11,COPY_OR_MERGE,2Kgs.17.11
2KI 17:12,COPY_OR_MERGE,2Kgs.17.12
2KI 17:13,COPY_OR_MERGE,2Kgs.17.13
2KI 17:14,COPY_OR_MERGE,2Kgs.17.14
2KI 17:15,COPY_OR_MERGE,2Kgs.17.15
2KI 17:16,COPY_OR_MERGE,2Kgs.17.16
2KI 17:17,COPY_OR_MERGE,2Kgs.17.17
2KI 17:18,COPY_OR_MERGE,2Kgs.17.18
2KI 17:19,COPY_OR_MERGE,2Kgs.17.19
2KI 17:20,COPY_OR_MERGE,2Kgs.17.20
2KI 17:21,COPY_OR_MERGE,2Kgs.17.21
2KI 17:22,COPY_OR_MERGE,2Kgs.17.22
2KI 17:23,COPY_OR_MERGE,2Kgs.17.23
2KI 17:24,COPY_OR_MERGE,2Kgs.17.24
2KI 17:25,COPY_OR_MERGE,2Kgs.17.25
2KI 17:26,COPY_OR_MERGE,2Kgs.17.26
2KI 17:27,COPY_OR_MERGE,2Kgs.17.27
2KI 17:28,COPY_OR_MERGE,2Kgs.17.28
2KI 17:29,COPY_OR_MERGE,2Kgs.17.29
2KI 17:30,COPY_OR_MERGE,2Kgs.17.30
2KI 17:31,COPY_OR_MERGE,2Kgs.17.31
2KI 17:32,COPY_OR_MERGE,2Kgs.17.32
2KI 17:33,COPY_OR_MERGE,2Kgs.17.33
2KI 17:34,COPY_OR_MERGE,2Kgs.17.34
2KI 17:35,COPY_OR_MERGE,2Kgs.17.35
2KI 17:36,COPY_OR_MERGE,2Kgs.17.36
2KI 17:37,COPY_OR_MERGE,2Kgs.17.37
2KI 17:38,COPY_OR_MERGE,2Kgs.17.38
2KI 17:39,COPY_OR_MERGE,2Kgs.17.39
2KI 17:40,COPY_OR_MERGE,2Kgs.17.40
2KI 17:41,COPY_OR_MERGE,2Kgs.17.41
2KI 18:1,COPY_OR_MERGE,2Kgs.18.1
2KI 18:2,COPY_OR_MERGE,2Kgs.18.2
2KI 18:3,COPY_OR_MERGE,2Kgs.18.3
2KI 18:4,COPY_OR_MERGE,2Kgs.18.4
2KI 18:5,COPY_OR_MERGE,2Kgs.18.5
2KI 18:6,COPY_OR_MERGE,2Kgs.18.6
2KI 18:7,COPY_OR_MERGE,2Kgs.18.7
2KI 18:8,COPY_OR_MERGE,2Kgs.18.8
2KI 18:9,COPY_OR_MERGE,2Kgs.18.9
2KI 18:10,COPY_OR_MERGE,2Kgs.18.10
2KI 18:11,COPY_OR_MERGE,2Kgs.18.11
2KI 18:12,COPY_OR_MERGE,2Kgs.18.12
2KI 18:13,COPY_OR_MERGE,2Kgs.18.13
2KI 18:14,COPY_OR_MERGE,2Kgs.18.14
2KI 18:15,COPY_OR_MERGE,2Kgs.18.15
2KI 18:16,COPY_OR_MERGE,2Kgs.18.16
2KI 18:17,COPY_OR_MERGE,2Kgs.18.17
2KI 18:18,COPY_OR_MERGE,2Kgs.18.18
2KI 18:19,COPY_OR_MERGE,2Kgs.18.19
2KI 18:20,COPY_OR_MERGE,2Kgs.18.20
2KI 18:21,COPY_OR_MERGE,2Kgs.18.21
2KI 18:22,COPY_OR_MERGE,2Kgs.18.22
2KI 18:23,COPY_OR_MERGE,2Kgs.18.23
2KI 18:24,COPY_OR_MERGE,2Kgs.18.24
2KI 18:25,COPY_OR_MERGE,2Kgs.18.25
2KI 18:26,COPY_OR_MERGE,2Kgs.18.26
2KI 18:27,COPY_OR_MERGE,2Kgs.18.27
2KI 18:28,COPY_OR_MERGE,2Kgs.18.28
2KI 18:29,COPY_OR_MERGE,2Kgs.18.29
2KI 18:30,COPY_OR_MERGE,2Kgs.18.30
2KI 18:31,COPY_OR_MERGE,2Kgs.18.31
2KI 18:32,COPY_OR_MERGE,2Kgs.18.32
2KI 18:33,COPY_OR_MERGE,2Kgs.18.33
2KI 18:34,COPY_OR_MERGE,2Kgs.18.34
2KI 18:35,COPY_OR_MERGE,2Kgs.18.35
2KI 18:36,COPY_OR_MERGE,2Kgs.18.36
2KI 18:37,COPY_OR_MERGE,2Kgs.18.37
2KI 19:1,COPY_OR_MERGE,2Kgs.19.1
2KI 19:2,COPY_OR_MERGE,2Kgs.19.2
2KI 19:3,COPY_OR_MERGE,2Kgs.19.3
2KI 19:4,COPY_OR_MERGE,2Kgs.19.4
2KI 19:5,COPY_OR_MERGE,2Kgs.19.5
2KI 19:6,COPY_OR_MERGE,2Kgs.19.6
2KI 19:7,COPY_OR_MERGE,2Kgs.19.7
2KI 19:8,COPY_OR_MERGE,2Kgs.19.8
2KI 19:9,COPY_OR_MERGE,2Kgs.19.9
2KI 19:10,COPY_OR_MERGE,2Kgs.19.10
2KI 19:11,COPY_OR_MERGE,2Kgs.19.11
2KI 19:12,COPY_OR_MERGE,2Kgs.19.12
2KI 19:13,COPY_OR_MERGE,2Kgs.19.13
2KI 19:14,COPY_OR_MERGE,2Kgs.19.14
2KI 19:15,COPY_OR_MERGE,2Kgs.19.15
2KI 19:16,COPY_OR_MERGE,2Kgs.19.16
2KI 19:17,COPY_OR_MERGE,2Kgs.19.17
2KI 19:18,COPY_OR_MERGE,2Kgs.19.18
2KI 19:19,COPY_OR_MERGE,2Kgs.19.19
2KI 19:20,COPY_OR_MERGE,2Kgs.19.20
2KI 19:21,COPY_OR_MERGE,2Kgs.19.21
2KI 19:22,COPY_OR_MERGE,2Kgs.19.22
2KI 19:23,COPY_OR_MERGE,2Kgs.19.23
2KI 19:24,COPY_OR_MERGE,2Kgs.19.24
2KI 19:25,COPY_OR_MERGE,2Kgs.19.25
2KI 19:26,COPY_OR_MERGE,2Kgs.19.26
2KI 19:27,COPY_OR_MERGE,2Kgs.19.27
2KI 19:28,COPY_OR_MERGE,2Kgs.19.28
2KI 19:29,COPY_OR_MERGE,2Kgs.19.29
2KI 19:30,COPY_OR_MERGE,2Kgs.19.30
2KI 19:31,COPY_OR_MERGE,2Kgs.19.31
2KI 19:32,COPY_OR_MERGE,2Kgs.19.32
2KI 19:33,COPY_OR_MERGE,2Kgs.19.33
2KI 19:34,COPY_OR_MERGE,2Kgs.19.34
2KI 19:35,COPY_OR_MERGE,2Kgs.19.35
2KI 19:36,COPY_OR_MERGE,2Kgs.19.36
2KI 19:37,COPY_OR_MERGE,2Kgs.19.37
2KI 20:1,COPY_OR_MERGE,2Kgs.20.1
2KI 20:2,COPY_OR_MERGE,2Kgs.20.2
2KI 20:3,COPY_OR_MERGE,2Kgs.20.3
2KI 20:4,COPY_OR_MERGE,2Kgs.20.4
2KI 20:5,COPY_OR_MERGE,2Kgs.20.5
2KI 20:6,COPY_OR_MERGE,2Kgs.20.6
2KI 20:7,COPY_OR_MERGE,2Kgs.20.7
2KI 20:8,COPY_OR_MERGE,2Kgs.20.8
2KI 20:9,COPY_OR_MERGE,2Kgs.20.9
2KI 20:10,COPY_OR_MERGE,2Kgs.20.10
2KI 20:11,COPY_OR_MERGE,2Kgs.20.11
2KI 20:12,COPY_OR_MERGE,2Kgs.20.12
2KI 20:13,COPY_OR_MERGE,2Kgs.20.13
2KI 20:14,COPY_OR_MERGE,2Kgs.20.14
2KI 20:15,COPY_OR_MERGE,2Kgs.20.15
2KI 20:16,COPY_OR_MERGE,2Kgs.20.16
2KI 20:17,COPY_OR_MERGE,2Kgs.20.17
2KI 20:18,COPY_OR_MERGE,2Kgs.20.18
2KI 20:19,COPY_OR_MERGE,2Kgs.20.19
2KI 20:20,COPY_OR_MERGE,2Kgs.20.20
2KI 20:21,COPY_OR_MERGE,2Kgs.20.21
2KI 21:1,COPY_OR_MERGE,2Kgs.21.1
2KI 21:2,COPY_OR_MERGE,2Kgs.21.2
2KI 21:3,COPY_OR_MERGE,2Kgs.21.3
2KI 21:4,COPY_OR_MERGE,2Kgs.21.4
2KI 21:5,COPY_OR_MERGE,2Kgs.21.5
2KI 21:6,COPY_OR_MERGE,2Kgs.21.6
2KI 21:7,COPY_OR_MERGE,2Kgs.21.7
2KI 21:8,COPY_OR_MERGE,2Kgs.21.8
2KI 21:9,COPY_OR_MERGE,2Kgs.21.9
2KI 21:10,COPY_OR_MERGE,2Kgs.21.10
2KI 21:11,COPY_OR_MERGE,2Kgs.21.11
2KI 21:12,COPY_OR_MERGE,2Kgs.21.12
2KI 21:13,COPY_OR_MERGE,2Kgs.21.13
2KI 21:14,COPY_OR_MERGE,2Kgs.21.14
2KI 21:15,COPY_OR_MERGE,2Kgs.21.15
2KI 21:16,COPY_OR_MERGE,2Kgs.21.16
2KI 21:17,COPY_OR_MERGE,2Kgs.21.17
2KI 21:18,COPY_OR_MERGE,2Kgs.21.18
2KI 21:19,COPY_OR_MERGE,2Kgs.21.19
2KI 21:20,COPY_OR_MERGE,2Kgs.21.20
2KI 21:21,COPY_OR_MERGE,2Kgs.21.21
2KI 21:22,COPY_OR_MERGE,2Kgs.21.22
2KI 21:23,COPY_OR_MERGE,2Kgs.21.23
2KI 21:24,COPY_OR_MERGE,2Kgs.21.24
2KI 21:25,COPY_OR_MERGE,2Kgs.21.25
2KI 21:26,COPY_OR_MERGE,2Kgs.21.26
2KI 22:1,COPY_OR_MERGE,2Kgs.22.1
2KI 22:2,COPY_OR_MERGE,2Kgs.22.2
2KI 22:3,COPY_OR_MERGE,2Kgs.22.3
2KI 22:4,COPY_OR_MERGE,2Kgs.22.4
2KI 22:5,COPY_OR_MERGE,2Kgs.22.5
2KI 22:6,COPY_OR_MERGE,2Kgs.22.6
2KI 22:7,COPY_OR_MERGE,2Kgs.22.7
2KI 22:8,COPY_OR_MERGE,2Kgs.22.8
2KI 22:9,COPY_OR_MERGE,2Kgs.22.9
2KI 22:10,COPY_OR_MERGE,2Kgs.22.10
2KI 22:11,COPY_OR_MERGE,2Kgs.22.11
2KI 22:12,COPY_OR_MERGE,2Kgs.22.12
2KI 22:13,COPY_OR_MERGE,2Kgs.22.13
2KI 22:14,COPY_OR_MERGE,2Kgs.22.14
2KI 22:15,COPY_OR_MERGE,2Kgs.22.15
2KI 22:16,COPY_OR_MERGE,2Kgs.22.16
2KI 22:17,COPY_OR_MERGE,2Kgs.22.17
2KI 22:18,COPY_OR_MERGE,2Kgs.22.18
2KI 22:19,COPY_OR_MERGE,2Kgs.22.19
2KI 22:20,COPY_OR_MERGE,2Kgs.22.20
2KI 23:1,COPY_OR_MERGE,2Kgs.23.1
2KI 23:2,COPY_OR_MERGE,2Kgs.23.2
2KI 23:3,COPY_OR_MERGE,2Kgs.23.3
2KI 23:4,COPY_OR_MERGE,2Kgs.23.4
2KI 23:5,COPY_OR_MERGE,2Kgs.23.5
2KI 23:6,COPY_OR_MERGE,2Kgs.23.6
2KI 23:7,COPY_OR_MERGE,2Kgs.23.7
2KI 23:8,COPY_OR_MERGE,2Kgs.23.8
2KI 23:9,COPY_OR_MERGE,2Kgs.23.9
2KI 23:10,COPY_OR_MERGE,2Kgs.23.10
2KI 23:11,COPY_OR_MERGE,2Kgs.23.11
2KI 23:12,COPY_OR_MERGE,2Kgs.23.12
2KI 23:13,COPY_OR_MERGE,2Kgs.23.13
2KI 23:14,COPY_OR_MERGE,2Kgs.23.14
2KI 23:15,COPY_OR_MERGE,2Kgs.23.15
2KI 23:16,COPY_OR_MERGE,2Kgs.23.16
2KI 23:17,COPY_OR_MERGE,2Kgs.23.17
2KI 23:18,COPY_OR_MERGE,2Kgs.23.18
2KI 23:19,COPY_OR_MERGE,2Kgs.23.19
2KI 23:20,COPY_OR_MERGE,2Kgs.23.20
2KI 23:21,COPY_OR_MERGE,2Kgs.23.21
2KI 23:22,COPY_OR_MERGE,2Kgs.23.22
2KI 23:23,COPY_OR_MERGE,2Kgs.23.23
2KI 23:24,COPY_OR_MERGE,2Kgs.23.24
2KI 23:25,COPY_OR_MERGE,2Kgs.23.25
2KI 23:26,COPY_OR_MERGE,2Kgs.23.26
2KI 23:27,COPY_OR_MERGE,2Kgs.23.27
2KI 23:28,COPY_OR_MERGE,2Kgs.23.28
2KI 23:29,COPY_OR_MERGE,2Kgs.23.29
2KI 23:30,COPY_OR_MERGE,2Kgs.23.30
2KI 23:31,COPY_OR_MERGE,2Kgs.23.31
2KI 23:32,COPY_OR_MERGE,2Kgs.23.32
2KI 23:33,COPY_OR_MERGE,2Kgs.23.33
2KI 23:34,COPY_OR_MERGE,2Kgs.23.34
2KI 23:35,COPY_OR_MERGE,2Kgs.23.35
2KI 23:36,COPY_OR_MERGE,2Kgs.23.36
2KI 23:37,COPY_OR_MERGE,2Kgs.23.37
2KI 24:1,COPY_OR_MERGE,2Kgs.24.1
2KI 24:2,COPY_OR_MERGE,2Kgs.24.2
2KI 24:3,COPY_OR_MERGE,2Kgs.24.3
2KI 24:4,COPY_OR_MERGE,2Kgs.24.4
2KI 24:5,COPY_OR_MERGE,2Kgs.24.5
2KI 24:6,COPY_OR_MERGE,2Kgs.24.6
2KI 24:7,COPY_OR_MERGE,2Kgs.24.7
2KI 24:8,COPY_OR_MERGE,2Kgs.24.8
2KI 24:9,COPY_OR_MERGE,2Kgs.24.9
2KI 24:10,COPY_OR_MERGE,2Kgs.24.10
2KI 24:11,COPY_OR_MERGE,2Kgs.24.11
2KI 24:12,COPY_OR_MERGE,2Kgs.24.12
2KI 24:13,COPY_OR_MERGE,2Kgs.24.13
2KI 24:14,COPY_OR_MERGE,2Kgs.24.14
2KI 24:15,COPY_OR_MERGE,2Kgs.24.15
2KI 24:16,COPY_OR_MERGE,2Kgs.24.16
2KI 24:17,COPY_OR_MERGE,2Kgs.24.17
2KI 24:18,COPY_OR_MERGE,2Kgs.24.18
2KI 24:19,COPY_OR_MERGE,2Kgs.24.19
2KI 24:20,COPY_OR_MERGE,2Kgs.24.20
2KI 25:1,COPY_OR_MERGE,2Kgs.25.1
2KI 25:2,COPY_OR_MERGE,2Kgs.25.2
2KI 25:3,COPY_OR_MERGE,2Kgs.25.3
2KI 25:4,COPY_OR_MERGE,2Kgs.25.4
2KI 25:5,COPY_OR_MERGE,2Kgs.25.5
2KI 25:6,COPY_OR_MERGE,2Kgs.25.6
2KI 25:7,COPY_OR_MERGE,2Kgs.25.7
2KI 25:8,COPY_OR_MERGE,2Kgs.25.8
2KI 25:9,COPY_OR_MERGE,2Kgs.25.9
2KI 25:10,COPY_OR_MERGE,2Kgs.25.10
2KI 25:11,COPY_OR_MERGE,2Kgs.25.11
2KI 25:12,COPY_OR_MERGE,2Kgs.25.12
2KI 25:13,COPY_OR_MERGE,2Kgs.25.13
2KI 25:14,COPY_OR_MERGE,2Kgs.25.14
2KI 25:15,COPY_OR_MERGE,2Kgs.25.15
2KI 25:16,COPY_OR_MERGE,2Kgs.25.16
2KI 25:17,COPY_OR_MERGE,2Kgs.25.17
2KI 25:18,COPY_OR_MERGE,2Kgs.25.18
2KI 25:19,COPY_OR_MERGE,2Kgs.25.19
2KI 25:20,COPY_OR_MERGE,2Kgs.25.20
2KI 25:21,COPY_OR_MERGE,2Kgs.25.21
2KI 25:22,COPY_OR_MERGE,2Kgs.25.22
2KI 25:23,COPY_OR_MERGE,2Kgs.25.23
2KI 25:24,COPY_OR_MERGE,2Kgs.25.24
2KI 25:25,COPY_OR_MERGE,2Kgs.25.25
2KI 25:26,COPY_OR_MERGE,2Kgs.25.26
2KI 25:27,COPY_OR_MERGE,2Kgs.25.27
2KI 25:28,COPY_OR_MERGE,2Kgs.25.28
2KI 25:29,COPY_OR_MERGE,2Kgs.25.29
2KI 25:30,COPY_OR_MERGE,2Kgs.25.30
2SA 1:1,COPY_OR_MERGE,2Sam.1.1
2SA 1:2,COPY_OR_MERGE,2Sam.1.2
2SA 1:3,COPY_OR_MERGE,2Sam.1.3
2SA 1:4,COPY_OR_MERGE,2Sam.1.4
2SA 1:5,COPY_OR_MERGE,2Sam.1.5
2SA 1:6,COPY_OR_MERGE,2Sam.1.6
2SA 1:7,COPY_OR_MERGE,2Sam.1.7
2SA 1:8,COPY_OR_MERGE,2Sam.1.8
2SA 1:9,COPY_OR_MERGE,2Sam.1.9
2SA 1:10,COPY_OR_MERGE,2Sam.1.10
2SA 1:11,COPY_OR_MERGE,2Sam.1.11
2SA 1:12,COPY_OR_MERGE,2Sam.1.12
2SA 1:13,COPY_OR_MERGE,2Sam.1.13
2SA 1:14,COPY_OR_MERGE,2Sam.1.14
2SA 1:15,COPY_OR_MERGE,2Sam.1.15
2SA 1:16,COPY_OR_MERGE,2Sam.1.16
2SA 1:17,COPY_OR_MERGE,2Sam.1.17
2SA 1:18,COPY_OR_MERGE,2Sam.1.18
2SA 1:19,COPY_OR_MERGE,2Sam.1.19
2SA 1:20,COPY_OR_MERGE,2Sam.1.20
2SA 1:21,COPY_OR_MERGE,2Sam.1.21
2SA 1:22,COPY_OR_MERGE,2Sam.1.22
2SA 1:23,COPY_OR_MERGE,2Sam.1.23
2SA 1:24,COPY_OR_MERGE,2Sam.1.24
2SA 1:25,COPY_OR_MERGE,2Sam.1.25
2SA 1:26,COPY_OR_MERGE,2Sam.1.26
2SA 1:27,COPY_OR_MERGE,2Sam.1.27
2SA 2:1,COPY_OR_MERGE,2Sam.2.1
2SA 2:2,COPY_OR_MERGE,2Sam.2.2
2SA 2:3,COPY_OR_MERGE,2Sam.2.3
2SA 2:4,COPY_OR_MERGE,2Sam.2.4
2SA 2:5,COPY_OR_MERGE,2Sam.2.5
2SA 2:6,COPY_OR_MERGE,2Sam.2.6
2SA 2:7,COPY_OR_MERGE,2Sam.2.7
2SA 2:8,COPY_OR_MERGE,2Sam.2.8
2SA 2:9,COPY_OR_MERGE,2Sam.2.9
2SA 2:10,COPY_OR_MERGE,2Sam.2.10
2SA 2:11,COPY_OR_MERGE,2Sam.2.11
2SA 2:12,COPY_OR_MERGE,2Sam.2.12
2SA 2:13,COPY_OR_MERGE,2Sam.2.13
2SA 2:14,COPY_OR_MERGE,2Sam.2.14
2SA 2:15,COPY_OR_MERGE,2Sam.2.15
2SA 2:16,COPY_OR_MERGE,2Sam.2.16
2SA 2:17,COPY_OR_MERGE,2Sam.2.17
2SA 2:18,COPY_OR_MERGE,2Sam.2.18
2SA 2:19,COPY_OR_MERGE,2Sam.2.19
2SA 2:20,COPY_OR_MERGE,2Sam.2.20
2SA 2:21,COPY_OR_MERGE,2Sam.2.21
2SA 2:22,COPY_OR_MERGE,2Sam.2.22
2SA 2:23,COPY_OR_MERGE,2Sam.2.23
2SA 2:24,COPY_OR_MERGE,2Sam.2.24
2SA 2:25,COPY_OR_MERGE,2Sam.2.25
2SA 2:26,COPY_OR_MERGE,2Sam.2.26
2SA 2:27,COPY_OR_MERGE,2Sam.2.27
2SA 2:28,COPY_OR_MERGE,2Sam.2.28
2SA 2:29,COPY_OR_MERGE,2Sam.2.29
2SA 2:30,COPY_OR_MERGE,2Sam.2.30
2SA 2:31,COPY_OR_MERGE,2Sam.2.31
2SA 2:32,COPY_OR_MERGE,2Sam.2.32
2SA 3:1,COPY_OR_MERGE,2Sam.3.1
2SA 3:2,COPY_OR_MERGE,2Sam.3.2
2SA 3:3,COPY_OR_MERGE,2Sam.3.3
2SA 3:4,COPY_OR_MERGE,2Sam.3.4
2SA 3:5,COPY_OR_MERGE,2Sam.3.5
2SA 3:6,COPY_OR_MERGE,2Sam.3.6
2SA 3:7,COPY_OR_MERGE,2Sam.3.7
2SA 3:8,COPY_OR_MERGE,2Sam.3.8
2SA 3:9,COPY_OR_MERGE,2Sam.3.9
2SA 3:10,COPY_OR_MERGE,2Sam.3.10
2SA 3:11,COPY_OR_MERGE,2Sam.3.11
2SA 3:12,COPY_OR_MERGE,2Sam.3.12
2SA 3:13,COPY_OR_MERGE,2Sam.3.13
2SA 3:14,COPY_OR_MERGE,2Sam.3.14
2SA 3:15,COPY_OR_MERGE,2Sam.3.15
2SA 3:16,COPY_OR_MERGE,2Sam.3.16
2SA 3:17,COPY_OR_MERGE,2Sam.3.17
2SA 3:18,COPY_OR_MERGE,2Sam.3.18
2SA 3:19,COPY_OR_MERGE,2Sam.3.19
2SA 3:20,COPY_OR_MERGE,2Sam.3.20
2SA 3:21,COPY_OR_MERGE,2Sam.3.21
2SA 3:22,COPY_OR_MERGE,2Sam.3.22
2SA 3:23,COPY_OR_MERGE,2Sam.3.23
2SA 3:24,COPY_OR_MERGE,2Sam.3.24
2SA 3:25,COPY_OR_MERGE,2Sam.3.25
2SA 3:26,COPY_OR_MERGE,2Sam.3.26
2SA 3:27,COPY_OR_MERGE,2Sam.3.27
2SA 3:28,COPY_OR_MERGE,2Sam.3.28
2SA 3:29,COPY_OR_MERGE,2Sam.3.29
2SA 3:30,COPY_OR_MERGE,2Sam.3.30
2SA 3:31,COPY_OR_MERGE,2Sam.3.31
2SA 3:32,COPY_OR_MERGE,2Sam.3.32
2SA 3:33,COPY_OR_MERGE,2Sam.3.33
2SA 3:34,COPY_OR_MERGE,2Sam.3.34
2SA 3:35,COPY_OR_MERGE,2Sam.3.35
2SA 3:36,COPY_OR_MERGE,2Sam.3.36
2SA 3:37,COPY_OR_MERGE,2Sam.3.37
2SA 3:38,COPY_OR_MERGE,2Sam.3.38
2SA 3:39,COPY_OR_MERGE,2Sam.3.39
2SA 4:1,COPY_OR_MERGE,2Sam.4.1
2SA 4:2,COPY_OR_MERGE,2Sam.4.2
2SA 4:3,COPY_OR_MERGE,2Sam.4.3
2SA 4:4,COPY_OR_MERGE,2Sam.4.4
2SA 4:5,COPY_OR_MERGE,2Sam.4.5
2SA 4:6,COPY_OR_MERGE,2Sam.4.6
2SA 4:7,COPY_OR_MERGE,2Sam.4.7
2SA 4:8,COPY_OR_MERGE,2Sam.4.8
2SA 4:9,COPY_OR_MERGE,2Sam.4.9
2SA 4:10,COPY_OR_MERGE,2Sam.4.10
2SA 4:11,COPY_OR_MERGE,2Sam.4.11
2SA 4:12,COPY_OR_MERGE,2Sam.4.12
2SA 5:1,COPY_OR_MERGE,2Sam.5.1
2SA 5:2,COPY_OR_MERGE,2Sam.5.2
2SA 5:3,COPY_OR_MERGE,2Sam.5.3
2SA 5:4,COPY_OR_MERGE,2Sam.5.4
2SA 5:5,COPY_OR_MERGE,2Sam.5.5
2SA 5:6,COPY_OR_MERGE,2Sam.5.6
2SA 5:7,COPY_OR_MERGE,2Sam.5.7
2SA 5:8,COPY_OR_MERGE,2Sam.5.8
2SA 5:9,COPY_OR_MERGE,2Sam.5.9
2SA 5:10,COPY_OR_MERGE,2Sam.5.10
2SA 5:11,COPY_OR_MERGE,2Sam.5.11
2SA 5:12,COPY_OR_MERGE,2Sam.5.12
2SA 5:13,COPY_OR_MERGE,2Sam.5.13
2SA 5:14,COPY_OR_MERGE,2Sam.5.14
2SA 5:15,COPY_OR_MERGE,2Sam.5.15
2SA 5:16,COPY_OR_MERGE,2Sam.5.16
2SA 5:17,COPY_OR_MERGE,2Sam.5.17
2SA 5:18,COPY_OR_MERGE,2Sam.5.18
2SA 5:19,COPY_OR_MERGE,2Sam.5.19
2SA 5:20,COPY_OR_MERGE,2Sam.5.20
2SA 5:21,COPY_OR_MERGE,2Sam.5.21
2SA 5:22,COPY_OR_MERGE,2Sam.5.22
2SA 5:23,COPY_OR_MERGE,2Sam.5.23
2SA 5:24,COPY_OR_MERGE,2Sam.5.24
2SA 5:25,COPY_OR_MERGE,2Sam.5.25
2SA 6:1,COPY_OR_MERGE,2Sam.6.1
2SA 6:2,COPY_OR_MERGE,2Sam.6.2
2SA 6:3,COPY_OR_MERGE,2Sam.6.3
2SA 6:4,COPY_OR_MERGE,2Sam.6.4
2SA 6:5,COPY_OR_MERGE,2Sam.6.5
2SA 6:6,COPY_OR_MERGE,2Sam.6.6
2SA 6:7,COPY_OR_MERGE,2Sam.6.7
2SA 6:8,COPY_OR_MERGE,2Sam.6.8
2SA 6:9,COPY_OR_MERGE,2Sam.6.9
2SA 6:10,COPY_OR_MERGE,2Sam.6.10
2SA 6:11,COPY_OR_MERGE,2Sam.6.11
2SA 6:12,COPY_OR_MERGE,2Sam.6.12
2SA 6:13,COPY_OR_MERGE,2Sam.6.13
2SA 6:14,COPY_OR_MERGE,2Sam.6.14
2SA 6:15,COPY_OR_MERGE,2Sam.6.15
2SA 6:16,COPY_OR_MERGE,2Sam.6.16
2SA 6:17,COPY_OR_MERGE,2Sam.6.17
2SA 6:18,COPY_OR_MERGE,2Sam.6.18
2SA 6:19,COPY_OR_MERGE,2Sam.6.19
2SA 6:20,COPY_OR_MERGE,2Sam.6.20
2SA 6:21,COPY_OR_MERGE,2Sam.6.21
2SA 6:22,COPY_OR_MERGE,2Sam.6.22
2SA 6:23,COPY_OR_MERGE,2Sam.6.23
2SA 7:1,COPY_OR_MERGE,2Sam.7.1
2SA 7:2,COPY_OR_MERGE,2Sam.7.2
2SA 7:3,COPY_OR_MERGE,2Sam.7.3
2SA 7:4,COPY_OR_MERGE,2Sam.7.4
2SA 7:5,COPY_OR_MERGE,2Sam.7.5
2SA 7:6,COPY_OR_MERGE,2Sam.7.6
2SA 7:7,COPY_OR_MERGE,2Sam.7.7
2SA 7:8,COPY_OR_MERGE,2Sam.7.8
2SA 7:9,COPY_OR_MERGE,2Sam.7.9
2SA 7:10,COPY_OR_MERGE,2Sam.7.10
2SA 7:11,COPY_OR_MERGE,2Sam.7.11
2SA 7:12,COPY_OR_MERGE,2Sam.7.12
2SA 7:13,COPY_OR_MERGE,2Sam.7.13
2SA 7:14,COPY_OR_MERGE,2Sam.7.14
2SA 7:15,COPY_OR_MERGE,2Sam.7.15
2SA 7:16,COPY_OR_MERGE,2Sam.7.16
2SA 7:17,COPY_OR_MERGE,2Sam.7.17
2SA 7:18,COPY_OR_MERGE,2Sam.7.18
2SA 7:19,COPY_OR_MERGE,2Sam.7.19
2SA 7:20,COPY_OR_MERGE,2Sam.7.20
2SA 7:21,COPY_OR_MERGE,2Sam.7.21
2SA 7:22,COPY_OR_MERGE,2Sam.7.22
2SA 7:23,COPY_OR_MERGE,2Sam.7.23
2SA 7:24,COPY_OR_MERGE,2Sam.7.24
2SA 7:25,COPY_OR_MERGE,2Sam.7.25
2SA 7:26,COPY_OR_MERGE,2Sam.7.26
2SA 7:27,COPY_OR_MERGE,2Sam.7.27
2SA 7:28,COPY_OR_MERGE,2Sam.7.28
2SA 7:29,COPY_OR_MERGE,2Sam.7.29
2SA 8:1,COPY_OR_MERGE,2Sam.8.1
2SA 8:2,COPY_OR_MERGE,2Sam.8.2
2SA 8:3,COPY_OR_MERGE,2Sam.8.3
2SA 8:4,COPY_OR_MERGE,2Sam.8.4
2SA 8:5,COPY_OR_MERGE,2Sam.8.5
2SA 8:6,COPY_OR_MERGE,2Sam.8.6
2SA 8:7,COPY_OR_MERGE,2Sam.8.7
2SA 8:8,COPY_OR_MERGE,2Sam.8.8
2SA 8:9,COPY_OR_MERGE,2Sam.8.9
2SA 8:10,COPY_OR_MERGE,2Sam.8.10
2SA 8:11,COPY_OR_MERGE,2Sam.8.11
2SA 8:12,COPY_OR_MERGE,2Sam.8.12
2SA 8:13,COPY_OR_MERGE,2Sam.8.13
2SA 8:14,COPY_OR_MERGE,2Sam.8.14
2SA 8:15,COPY_OR_MERGE,2Sam.8.15
2SA 8:16,COPY_OR_MERGE,2Sam.8.16
2SA 8:17,COPY_OR_MERGE,2Sam.8.17
2SA 8:18,COPY_OR_MERGE,2Sam.8.18
2SA 9:1,COPY_OR_MERGE,2Sam.9.1
2SA 9:2,COPY_OR_MERGE,2Sam.9.2
2SA 9:3,COPY_OR_MERGE,2Sam.9.3
2SA 9:4,COPY_OR_MERGE,2Sam.9.4
2SA 9:5,COPY_OR_MERGE,2Sam.9.5
2SA 9:6,COPY_OR_MERGE,2Sam.9.6
2SA 9:7,COPY_OR_MERGE,2Sam.9.7
2SA 9:8,COPY_OR_MERGE,2Sam.9.8
2SA 9:9,COPY_OR_MERGE,2Sam.9.9
2SA 9:10,COPY_OR_MERGE,2Sam.9.10
2SA 9:11,COPY_OR_MERGE,2Sam.9.11
2SA 9:12,COPY_OR_MERGE,2Sam.9.12
2SA 9:13,COPY_OR_MERGE,2Sam.9.13
2SA 10:1,COPY_OR_MERGE,2Sam.10.1
2SA 10:2,COPY_OR_MERGE,2Sam.10.2
2SA 10:3,COPY_OR_MERGE,2Sam.10.3
2SA 10:4,COPY_OR_MERGE,2Sam.10.4
2SA 10:5,COPY_OR_MERGE,2Sam.10.5
2SA 10:6,COPY_OR_MERGE,2Sam.10.6
2SA 10:7,COPY_OR_MERGE,2Sam.10.7
2SA 10:8,COPY_OR_MERGE,2Sam.10.8
2SA 10:9,COPY_OR_MERGE,2Sam.10.9
2SA 10:10,COPY_OR_MERGE,2Sam.10.10
2SA 10:11,COPY_OR_MERGE,2Sam.10.11
2SA 10:12,COPY_OR_MERGE,2Sam.10.12
2SA 10:13,COPY_OR_MERGE,2Sam.10.13
2SA 10:14,COPY_OR_MERGE,2Sam.10.14
2SA 10:15,COPY_OR_MERGE,2Sam.10.15
2SA 10:16,COPY_OR_MERGE,2Sam.10.16
2SA 10:17,COPY_OR_MERGE,2Sam.10.17
2SA 10:18,COPY_OR_MERGE,2Sam.10.18
2SA 10:19,COPY_OR_MERGE,2Sam.10.19
2SA 11:1,COPY_OR_MERGE,2Sam.11.1
2SA 11:2,COPY_OR_MERGE,2Sam.11.2
2SA 11:3,COPY_OR_MERGE,2Sam.11.3
2SA 11:4,COPY_OR_MERGE,2Sam.11.4
2SA 11:5,COPY_OR_MERGE,2Sam.11.5
2SA 11:6,COPY_OR_MERGE,2Sam.11.6
2SA 11:7,COPY_OR_MERGE,2Sam.11.7
2SA 11:8,COPY_OR_MERGE,2Sam.11.8
2SA 11:9,COPY_OR_MERGE,2Sam.11.9
2SA 11:10,COPY_OR_MERGE,2Sam.11.10
2SA 11:11,COPY_OR_MERGE,2Sam.11.11
2SA 11:12,COPY_OR_MERGE,2Sam.11.12
2SA 11:13,COPY_OR_MERGE,2Sam.11.13
2SA 11:14,COPY_OR_MERGE,2Sam.11.14
2SA 11:15,COPY_OR_MERGE,2Sam.11.15
2SA 11:16,COPY_OR_MERGE,2Sam.11.16
2SA 11:17,COPY_OR_MERGE,2Sam.11.17
2SA 11:18,COPY_OR_MERGE,2Sam.11.18
2SA 11:19,COPY_OR_MERGE,2Sam.11.19
2SA 11:20,COPY_OR_MERGE,2Sam.11.20
2SA 11:21,COPY_OR_MERGE,2Sam.11.21
2SA 11:22,COPY_OR_MERGE,2Sam.11.22
2SA 11:23,COPY_OR_MERGE,2Sam.11.23
2SA 11:24,COPY_OR_MERGE,2Sam.11.24
2SA 11:25,COPY_OR_MERGE,2Sam.11.25
2SA 11:26,COPY_OR_MERGE,2Sam.11.26
2SA 11:27,COPY_OR_MERGE,2Sam.11.27
2SA 12:1,COPY_OR_MERGE,2Sam.12.1
2SA 12:2,COPY_OR_MERGE,2Sam.12.2
2SA 12:3,COPY_OR_MERGE,2Sam.12.3
2SA 12:4,COPY_OR_MERGE,2Sam.12.4
2SA 12:5,COPY_OR_MERGE,2Sam.12.5
2SA 12:6,COPY_OR_MERGE,2Sam.12.6
2SA 12:7,COPY_OR_MERGE,2Sam.12.7
2SA 12:8,COPY_OR_MERGE,2Sam.12.8
2SA 12:9,COPY_OR_MERGE,2Sam.12.9
2SA 12:10,COPY_OR_MERGE,2Sam.12.10
2SA 12:11,COPY_OR_MERGE,2Sam.12.11
2SA 12:12,COPY_OR_MERGE,2Sam.12.12
2SA 12:13,COPY_OR_MERGE,2Sam.12.13
2SA 12:14,COPY_OR_MERGE,2Sam.12.14
2SA 12:15,COPY_OR_MERGE,2Sam.12.15
2SA 12:16,COPY_OR_MERGE,2Sam.12.16
2SA 12:17,COPY_OR_MERGE,2Sam.12.17
2SA 12:18,COPY_OR_MERGE,2Sam.12.18
2SA 12:19,COPY_OR_MERGE,2Sam.12.19
2SA 12:20,COPY_OR_MERGE,2Sam.12.20
2SA 12:21,COPY_OR_MERGE,2Sam.12.21
2SA 12:22,COPY_OR_MERGE,2Sam.12.22
2SA 12:23,COPY_OR_MERGE,2Sam.12.23
2SA 12:24,COPY_OR_MERGE,2Sam.12.24
2SA 12:25,COPY_OR_MERGE,2Sam.12.25
2SA 12:26,COPY_OR_MERGE,2Sam.12.26
2SA 12:27,COPY_OR_MERGE,2Sam.12.27
2SA 12:28,COPY_OR_MERGE,2Sam.12.28
2SA 12:29,COPY_OR_MERGE,2Sam.12.29
2SA 12:30,COPY_OR_MERGE,2Sam.12.30
2SA 12:31,COPY_OR_MERGE,2Sam.12.31
2SA 13:1,COPY_OR_MERGE,2Sam.13.1
2SA 13:2,COPY_OR_MERGE,2Sam.13.2
2SA 13:3,COPY_OR_MERGE,2Sam.13.3
2SA 13:4,COPY_OR_MERGE,2Sam.13.4
2SA 13:5,COPY_OR_MERGE,2Sam.13.5
2SA 13:6,COPY_OR_MERGE,2Sam.13.6
2SA 13:7,COPY_OR_MERGE,2Sam.13.7
2SA 13:8,COPY_OR_MERGE,2Sam.13.8
2SA 13:9,COPY_OR_MERGE,2Sam.13.9
2SA 13:10,COPY_OR_MERGE,2Sam.13.10
2SA 13:11,COPY_OR_MERGE,2Sam.13.11
2SA 13:12,COPY_OR_MERGE,2Sam.13.12
2SA 13:13,COPY_OR_MERGE,2Sam.13.13
2SA 13:14,COPY_OR_MERGE,2Sam.13.14
2SA 13:15,COPY_OR_MERGE,2Sam.13.15
2SA 13:16,COPY_OR_MERGE,2Sam.13.16
2SA 13:17,COPY_OR_MERGE,2Sam.13.17
2SA 13:18,COPY_OR_MERGE,2Sam.13.18
2SA 13:19,COPY_OR_MERGE,2Sam.13.19
2SA 13:20,COPY_OR_MERGE,2Sam.13.20
2SA 13:21,COPY_OR_MERGE,2Sam.13.21
2SA 13:22,COPY_OR_MERGE,2Sam.13.22
2SA 13:23,COPY_OR_MERGE,2Sam.13.23
2SA 13:24,COPY_OR_MERGE,2Sam.13.24
2SA 13:25,COPY_OR_MERGE,2Sam.13.25
2SA 13:26,COPY_OR_MERGE,2Sam.13.26
2SA 13:27,COPY_OR_MERGE,2Sam.13.27
2SA 13:28,COPY_OR_MERGE,2Sam.13.28
2SA 13:29,COPY_OR_MERGE,2Sam.13.29
2SA 13:30,COPY_OR_MERGE,2Sam.13.30
2SA 13:31,COPY_OR_MERGE,2Sam.13.31
2SA 13:32,COPY_OR_MERGE,2Sam.13.32
2SA 13:33,COPY_OR_MERGE,2Sam.13.33
2SA 13:34,COPY_OR_MERGE,2Sam.13.34
2SA 13:35,COPY_OR_MERGE,2Sam.13.35
2SA 13:36,COPY_OR_MERGE,2Sam.13.36
2SA 13:37,COPY_OR_MERGE,2Sam.13.37
2SA 13:38,COPY_OR_MERGE,2Sam.13.38
2SA 13:39,COPY_OR_MERGE,2Sam.13.39
2SA 14:1,COPY_OR_MERGE,2Sam.14.1
2SA 14:2,COPY_OR_MERGE,2Sam.14.2
2SA 14:3,COPY_OR_MERGE,2Sam.14.3
2SA 14:4,COPY_OR_MERGE,2Sam.14.4
2SA 14:5,COPY_OR_MERGE,2Sam.14.5
2SA 14:6,COPY_OR_MERGE,2Sam.14.6
2SA 14:7,COPY_OR_MERGE,2Sam.14.7
2SA 14:8,COPY_OR_MERGE,2Sam.14.8
2SA 14:9,COPY_OR_MERGE,2Sam.14.9
2SA 14:10,COPY_OR_MERGE,2Sam.14.10
2SA 14:11,COPY_OR_MERGE,2Sam.14.11
2SA 14:12,COPY_OR_MERGE,2Sam.14.12
2SA 14:13,COPY_OR_MERGE,2Sam.14.13
2SA 14:14,COPY_OR_MERGE,2Sam.14.14
2SA 14:15,COPY_OR_MERGE,2Sam.14.15
2SA 14:16,COPY_OR_MERGE,2Sam.14.16
2SA 14:17,COPY_OR_MERGE,2Sam.14.17
2SA 14:18,COPY_OR_MERGE,2Sam.14.18
2SA 14:19,COPY_OR_MERGE,2Sam.14.19
2SA 14:20,COPY_OR_MERGE,2Sam.14.20
2SA 14:21,COPY_OR_MERGE,2Sam.14.21
2SA 14:22,COPY_OR_MERGE,2Sam.14.22
2SA 14:23,COPY_OR_MERGE,2Sam.14.23
2SA 14:24,COPY_OR_MERGE,2Sam.14.24
2SA 14:25,COPY_OR_MERGE,2Sam.14.25
2SA 14:26,COPY_OR_MERGE,2Sam.14.26
2SA 14:27,COPY_OR_MERGE,2Sam.14.27
2SA 14:28,COPY_OR_MERGE,2Sam.14.28
2SA 14:29,COPY_OR_MERGE,2Sam.14.29
2SA 14:30,COPY_OR_MERGE,2Sam.14.30
2SA 14:31,COPY_OR_MERGE,2Sam.14.31
2SA 14:32,COPY_OR_MERGE,2Sam.14.32
2SA 14:33,COPY_OR_MERGE,2Sam.14.33
2SA 15:1,COPY_OR_MERGE,2Sam.15.1
2SA 15:2,COPY_OR_MERGE,2Sam.15.2
2SA 15:3,COPY_OR_MERGE,2Sam.15.3
2SA 15:4,COPY_OR_MERGE,2Sam.15.4
2SA 15:5,COPY_OR_MERGE,2Sam.15.5
2SA 15:6,COPY_OR_MERGE,2Sam.15.6
2SA 15:7,COPY_OR_MERGE,2Sam.15.7
2SA 15:8,COPY_OR_MERGE,2Sam.15.8
2SA 15:9,COPY_OR_MERGE,2Sam.15.9
2SA 15:10,COPY_OR_MERGE,2Sam.15.10
2SA 15:11,COPY_OR_MERGE,2Sam.15.11
2SA 15:12,COPY_OR_MERGE,2Sam.15.12
2SA 15:13,COPY_OR_MERGE,2Sam.15.13
2SA 15:14,COPY_OR_MERGE,2Sam.15.14
2SA 15:15,COPY_OR_MERGE,2Sam.15.15
2SA 15:16,COPY_OR_MERGE,2Sam.15.16
2SA 15:17,COPY_OR_MERGE,2Sam.15.17
2SA 15:18,COPY_OR_MERGE,2Sam.15.18
2SA 15:19,COPY_OR_MERGE,2Sam.15.19
2SA 15:20,COPY_OR_MERGE,2Sam.15.20
2SA 15:21,COPY_OR_MERGE,2Sam.15.21
2SA 15:22,COPY_OR_MERGE,2Sam.15.22
2SA 15:23,COPY_OR_MERGE,2Sam.15.23
2SA 15:24,COPY_OR_MERGE,2Sam.15.24
2SA 15:25,COPY_OR_MERGE,2Sam.15.25
2SA 15:26,COPY_OR_MERGE,2Sam.15.26
2SA 15:27,COPY_OR_MERGE,2Sam.15.27
2SA 15:28,COPY_OR_MERGE,2Sam.15.28
2SA 15:29,COPY_OR_MERGE,2Sam.15.29
2SA 15:30,COPY_OR_MERGE,2Sam.15.30
2SA 15:31,COPY_OR_MERGE,2Sam.15.31
2SA 15:32,COPY_OR_MERGE,2Sam.15.32
2SA 15:33,COPY_OR_MERGE,2Sam.15.33
2SA 15:34,COPY_OR_MERGE,2Sam.15.34
2SA 15:35,COPY_OR_MERGE,2Sam.15.35
2SA 15:36,COPY_OR_MERGE,2Sam.15.36
2SA 15:37,COPY_OR_MERGE,2Sam.15.37
2SA 16:1,COPY_OR_MERGE,2Sam.16.1
2SA 16:2,COPY_OR_MERGE,2Sam.16.2
2SA 16:3,COPY_OR_MERGE,2Sam.16.3
2SA 16:4,COPY_OR_MERGE,2Sam.16.4
2SA 16:5,COPY_OR_MERGE,2Sam.16.5
2SA 16:6,COPY_OR_MERGE,2Sam.16.6
2SA 16:7,COPY_OR_MERGE,2Sam.16.7
2SA 16:8,COPY_OR_MERGE,2Sam.16.8
2SA 16:9,COPY_OR_MERGE,2Sam.16.9
2SA 16:10,COPY_OR_MERGE,2Sam.16.10
2SA 16:11,COPY_OR_MERGE,2Sam.16.11
2SA 16:12,COPY_OR_MERGE,2Sam.16.12
2SA 16:13,COPY_OR_MERGE,2Sam.16.13
2SA 16:14,COPY_OR_MERGE,2Sam.16.14
2SA 16:15,COPY_OR_MERGE,2Sam.16.15
2SA 16:16,COPY_OR_MERGE,2Sam.16.16
2SA 16:17,COPY_OR_MERGE,2Sam.16.17
2SA 16:18,COPY_OR_MERGE,2Sam.16.18
2SA 16:19,COPY_OR_MERGE,2Sam.16.19
2SA 16:20,COPY_OR_MERGE,2Sam.16.20
2SA 16:21,COPY_OR_MERGE,2Sam.16.21
2SA 16:22,COPY_OR_MERGE,2Sam.16.22
2SA 16:23,COPY_OR_MERGE,2Sam.16.23
2SA 17:1,COPY_OR_MERGE,2Sam.17.1
2SA 17:2,COPY_OR_MERGE,2Sam.17.2
2SA 17:3,COPY_OR_MERGE,2Sam.17.3
2SA 17:4,COPY_OR_MERGE,2Sam.17.4
2SA 17:5,COPY_OR_MERGE,2Sam.17.5
2SA 17:6,COPY_OR_MERGE,2Sam.17.6
2SA 17:7,COPY_OR_MERGE,2Sam.17.7
2SA 17:8,COPY_OR_MERGE,2Sam.17.8
2SA 17:9,COPY_OR_MERGE,2Sam.17.9
2SA 17:10,COPY_OR_MERGE,2Sam.17.10
2SA 17:11,COPY_OR_MERGE,2Sam.17.11
2SA 17:12,COPY_OR_MERGE,2Sam.17.12
2SA 17:13,COPY_OR_MERGE,2Sam.17.13
2SA 17:14,COPY_OR_MERGE,2Sam.17.14
2SA 17:15,COPY_OR_MERGE,2Sam.17.15
2SA 17:16,COPY_OR_MERGE,2Sam.17.16
2SA 17:17,COPY_OR_MERGE,2Sam.17.17
2SA 17:18,COPY_OR_MERGE,2Sam.17.18
2SA 17:19,COPY_OR_MERGE,2Sam.17.19
2SA 17:20,COPY_OR_MERGE,2Sam.17.20
2SA 17:21,COPY_OR_MERGE,2Sam.17.21
2SA 17:22,COPY_OR_MERGE,2Sam.17.22
2SA 17:23,COPY_OR_MERGE,2Sam.17.23
2SA 17:24,COPY_OR_MERGE,2Sam.17.24
2SA 17:25,COPY_OR_MERGE,2Sam.17.25
2SA 17:26,COPY_OR_MERGE,2Sam.17.26
2SA 17:27,COPY_OR_MERGE,2Sam.17.27
2SA 17:28,COPY_OR_MERGE,2Sam.17.28
2SA 17:29,COPY_OR_MERGE,2Sam.17.29
2SA 18:1,COPY_OR_MERGE,2Sam.18.1
2SA 18:2,COPY_OR_MERGE,2Sam.18.2
2SA 18:3,COPY_OR_MERGE,2Sam.18.3
2SA 18:4,COPY_OR_MERGE,2Sam.18.4
2SA 18:5,COPY_OR_MERGE,2Sam.18.5
2SA 18:6,COPY_OR_MERGE,2Sam.18.6
2SA 18:7,COPY_OR_MERGE,2Sam.18.7
2SA 18:8,COPY_OR_MERGE,2Sam.18.8
2SA 18:9,COPY_OR_MERGE,2Sam.18.9
2SA 18:10,COPY_OR_MERGE,2Sam.18.10
2SA 18:11,COPY_OR_MERGE,2Sam.18.11
2SA 18:12,COPY_OR_MERGE,2Sam.18.12
2SA 18:13,COPY_OR_MERGE,2Sam.18.13
2SA 18:14,COPY_OR_MERGE,2Sam.18.14
2SA 18:15,COPY_OR_MERGE,2Sam.18.15
2SA 18:16,COPY_OR_MERGE,2Sam.18.16
2SA 18:17,COPY_OR_MERGE,2Sam.18.17
2SA 18:18,COPY_OR_MERGE,2Sam.18.18
2SA 18:19,COPY_OR_MERGE,2Sam.18.19
2SA 18:20,COPY_OR_MERGE,2Sam.18.20
2SA 18:21,COPY_OR_MERGE,2Sam.18.21
2SA 18:22,COPY_OR_MERGE,2Sam.18.22
2SA 18:23,COPY_OR_MERGE,2Sam.18.23
2SA 18:24,COPY_OR_MERGE,2Sam.18.24
2SA 18:25,COPY_OR_MERGE,2Sam.18.25
2SA 18:26,COPY_OR_MERGE,2Sam.18.26
2SA 18:27,COPY_OR_MERGE,2Sam.18.27
2SA 18:28,COPY_OR_MERGE,2Sam.18.28
2SA 18:29,COPY_OR_MERGE,2Sam.18.29
2SA 18:30,COPY_OR_MERGE,2Sam.18.30
2SA 18:31,COPY_OR_MERGE,2Sam.18.31
2SA 18:32,COPY_OR_MERGE,2Sam.18.32
2SA 18:33,COPY_OR_MERGE,2Sam.19.1
2SA 19:1,COPY_OR_MERGE,2Sam.19.2
2SA 19:2,COPY_OR_MERGE,2Sam.19.3
2SA 19:3,COPY_OR_MERGE,2Sam.19.4
2SA 19:4,COPY_OR_MERGE,2Sam.19.5
2SA 19:5,COPY_OR_MERGE,2Sam.19.6
2SA 19:6,COPY_OR_MERGE,2Sam.19.7
2SA 19:7,COPY_OR_MERGE,2Sam.19.8
2SA 19:8,COPY_OR_MERGE,2Sam.19.9
2SA 19:9,COPY_OR_MERGE,2Sam.19.10
2SA 19:10,COPY_OR_MERGE,2Sam.19.11
2SA 19:11,COPY_OR_MERGE,2Sam.19.12
2SA 19:12,COPY_OR_MERGE,2Sam.19.13
2SA 19:13,COPY_OR_MERGE,2Sam.19.14
2SA 19:14,COPY_OR_MERGE,2Sam.19.15
2SA 19:15,COPY_OR_MERGE,2Sam.19.16
2SA 19:16,COPY_OR_MERGE,2Sam.19.17
2SA 19:17,COPY_OR_MERGE,2Sam.19.18
2SA 19:18,COPY_OR_MERGE,2Sam.19.19
2SA 19:19,COPY_OR_MERGE,2Sam.19.20
2SA 19:20,COPY_OR_MERGE,2Sam.19.21
2SA 19:21,COPY_OR_MERGE,2Sam.19.22
2SA 19:22,COPY_OR_MERGE,2Sam.19.23
2SA 19:23,COPY_OR_MERGE,2Sam.19.24
2SA 19:24,COPY_OR_MERGE,2Sam.19.25
2SA 19:25,COPY_OR_MERGE,2Sam.19.26
2SA 19:26,COPY_OR_MERGE,2Sam.19.27
2SA 19:27,COPY_OR_MERGE,2Sam.19.28
2SA 19:28,COPY_OR_MERGE,2Sam.19.29
2SA 19:29,COPY_OR_MERGE,2Sam.19.30
2SA 19:30,COPY_OR_MERGE,2Sam.19.31
2SA 19:31,COPY_OR_MERGE,2Sam.19.32
2SA 19:32,COPY_OR_MERGE,2Sam.19.33
2SA 19:33,COPY_OR_MERGE,2Sam.19.34
2SA 19:34,COPY_OR_MERGE,2Sam.19.35
2SA 19:35,COPY_OR_MERGE,2Sam.19.36
2SA 19:36,COPY_OR_MERGE,2Sam.19.37
2SA 19:37,COPY_OR_MERGE,2Sam.19.38
2SA 19:38,COPY_OR_MERGE,2Sam.19.39
2SA 19:39,COPY_OR_MERGE,2Sam.19.40
2SA 19:40,COPY_OR_MERGE,2Sam.19.41
2SA 19:41,COPY_OR_MERGE,2Sam.19.42
2SA 19:42,COPY_OR_MERGE,2Sam.19.43
2SA 19:43,COPY_OR_MERGE,2Sam.19.44
2SA 20:1,COPY_OR_MERGE,2Sam.20.1
2SA 20:2,COPY_OR_MERGE,2Sam.20.2
2SA 20:3,COPY_OR_MERGE,2Sam.20.3
2SA 20:4,COPY_OR_MERGE,2Sam.20.4
2SA 20:5,COPY_OR_MERGE,2Sam.20.5
2SA 20:6,COPY_OR_MERGE,2Sam.20.6
2SA 20:7,COPY_OR_MERGE,2Sam.20.7
2SA 20:8,COPY_OR_MERGE,2Sam.20.8
2SA 20:9,COPY_OR_MERGE,2Sam.20.9
2SA 20:10,COPY_OR_MERGE,2Sam.20.10
2SA 20:11,COPY_OR_MERGE,2Sam.20.11
2SA 20:12,COPY_OR_MERGE,2Sam.20.12
2SA 20:13,COPY_OR_MERGE,2Sam.20.13
2SA 20:14,COPY_OR_MERGE,2Sam.20.14
2SA 20:15,COPY_OR_MERGE,2Sam.20.15
2SA 20:16,COPY_OR_MERGE,2Sam.20.16
2SA 20:17,COPY_OR_MERGE,2Sam.20.17
2SA 20:18,COPY_OR_MERGE,2Sam.20.18
2SA 20:19,COPY_OR_MERGE,2Sam.20.19
2SA 20:20,COPY_OR_MERGE,2Sam.20.20
2SA 20:21,COPY_OR_MERGE,2Sam.20.21
2SA 20:22,COPY_OR_MERGE,2Sam.20.22
2SA 20:23,COPY_OR_MERGE,2Sam.20.23
2SA 20:24,COPY_OR_MERGE,2Sam.20.24
2SA 20:25,COPY_OR_MERGE,2Sam.20.25
2SA 20:26,COPY_OR_MERGE,2Sam.20.26
2SA 21:1,COPY_OR_MERGE,2Sam.21.1
2SA 21:2,COPY_OR_MERGE,2Sam.21.2
2SA 21:3,COPY_OR_MERGE,2Sam.21.3
2SA 21:4,COPY_OR_MERGE,2Sam.21.4
2SA 21:5,COPY_OR_MERGE,2Sam.21.5
2SA 21:6,COPY_OR_MERGE,2Sam.21.6
2SA 21:7,COPY_OR_MERGE,2Sam.21.7
2SA 21:8,COPY_OR_MERGE,2Sam.21.8
2SA 21:9,COPY_OR_MERGE,2Sam.21.9
2SA 21:10,COPY_OR_MERGE,2Sam.21.10
2SA 21:11,COPY_OR_MERGE,2Sam.21.11
2SA 21:12,COPY_OR_MERGE,2Sam.21.12
2SA 21:13,COPY_OR_MERGE,2Sam.21.13
2SA 21:14,COPY_OR_MERGE,2Sam.21.14
2SA 21:15,COPY_OR_MERGE,2Sam.21.15
2SA 21:16,COPY_OR_MERGE,2Sam.21.16
2SA 21:17,COPY_OR_MERGE,2Sam.21.17
2SA 21:18,COPY_OR_MERGE,2Sam.21.18
2SA 21:19,COPY_OR_MERGE,2Sam.21.19
2SA 21:20,COPY_OR_MERGE,2Sam.21.20
2SA 21:21,COPY_OR_MERGE,2Sam.21.21
2SA 21:22,COPY_OR_MERGE,2Sam.21.22
2SA 22:1,COPY_OR_MERGE,2Sam.22.1
2SA 22:2,COPY_OR_MERGE,2Sam.22.2
2SA 22:3,COPY_OR_MERGE,2Sam.22.3
2SA 22:4,COPY_OR_MERGE,2Sam.22.4
2SA 22:5,COPY_OR_MERGE,2Sam.22.5
2SA 22:6,COPY_OR_MERGE,2Sam.22.6
2SA 22:7,COPY_OR_MERGE,2Sam.22.7
2SA 22:8,COPY_OR_MERGE,2Sam.22.8
2SA 22:9,COPY_OR_MERGE,2Sam.22.9
2SA 22:10,COPY_OR_MERGE,2Sam.22.10
2SA 22:11,COPY_OR_MERGE,2Sam.22.11
2SA 22:12,COPY_OR_MERGE,2Sam.22.12
2SA 22:13,COPY_OR_MERGE,2Sam.22.13
2SA 22:14,COPY_OR_MERGE,2Sam.22.14
2SA 22:15,COPY_OR_MERGE,2Sam.22.15
2SA 22:16,COPY_OR_MERGE,2Sam.22.16
2SA 22:17,COPY_OR_MERGE,2Sam.22.17
2SA 22:18,COPY_OR_MERGE,2Sam.22.18
2SA 22:19,COPY_OR_MERGE,2Sam.22.19
2SA 22:20,COPY_OR_MERGE,2Sam.22.20
2SA 22:21,COPY_OR_MERGE,2Sam.22.21
2SA 22:22,COPY_OR_MERGE,2Sam.22.22
2SA 22:23,COPY_OR_MERGE,2Sam.22.23
2SA 22:24,COPY_OR_MERGE,2Sam.22.24
2SA 22:25,COPY_OR_MERGE,2Sam.22.25
2SA 22:26,COPY_OR_MERGE,2Sam.22.26
2SA 22:27,COPY_OR_MERGE,2Sam.22.27
2SA 22:28,COPY_OR_MERGE,2Sam.22.28
2SA 22:29,COPY_OR_MERGE,2Sam.22.29
2SA 22:30,COPY_OR_MERGE,2Sam.22.30
2SA 22:31,COPY_OR_MERGE,2Sam.22.31
2SA 22:32,COPY_OR_MERGE,2Sam.22.32
2SA 22:33,COPY_OR_MERGE,2Sam.22.33
2SA 22:34,COPY_OR_MERGE,2Sam.22.34
2SA 22:35,COPY_OR_MERGE,2Sam.22.35
2SA 22:36,COPY_OR_MERGE,2Sam.22.36
2SA 22:37,COPY_OR_MERGE,2Sam.22.37
2SA 22:38,COPY_OR_MERGE,2Sam.22.38
2SA 22:39,COPY_OR_MERGE,2Sam.22.39
2SA 22:40,COPY_OR_MERGE,2Sam.22.40
2SA 22:41,COPY_OR_MERGE,2Sam.22.41
2SA 22:42,COPY_OR_MERGE,2Sam.22.42
2SA 22:43,COPY_OR_MERGE,2Sam.22.43
2SA 22:44,COPY_OR_MERGE,2Sam.22.44
2SA 22:45,COPY_OR_MERGE,2Sam.22.45
2SA 22:46,COPY_OR_MERGE,2Sam.22.46
2SA 22:47,COPY_OR_MERGE,2Sam.22.47
2SA 22:48,COPY_OR_MERGE,2Sam.22.48
2SA 22:49,COPY_OR_MERGE,2Sam.22.49
2SA 22:50,COPY_OR_MERGE,2Sam.22.50
2SA 22:51,COPY_OR_MERGE,2Sam.22.51
2SA 23:1,COPY_OR_MERGE,2Sam.23.1
2SA 23:2,COPY_OR_MERGE,2Sam.23.2
2SA 23:3,COPY_OR_MERGE,2Sam.23.3
2SA 23:4,COPY_OR_MERGE,2Sam.23.4
2SA 23:5,COPY_OR_MERGE,2Sam.23.5
2SA 23:6,COPY_OR_MERGE,2Sam.23.6
2SA 23:7,COPY_OR_MERGE,2Sam.23.7
2SA 23:8,COPY_OR_MERGE,2Sam.23.8
2SA 23:9,COPY_OR_MERGE,2Sam.23.9
2SA 23:10,COPY_OR_MERGE,2Sam.23.10
2SA 23:11,COPY_OR_MERGE,2Sam.23.11
2SA 23:12,COPY_OR_MERGE,2Sam.23.12
2SA 23:13,COPY_OR_MERGE,2Sam.23.13
2SA 23:14,COPY_OR_MERGE,2Sam.23.14
2SA 23:15,COPY_OR_MERGE,2Sam.23.15
2SA 23:16,COPY_OR_MERGE,2Sam.23.16
2SA 23:17,COPY_OR_MERGE,2Sam.23.17
2SA 23:18,COPY_OR_MERGE,2Sam.23.18
2SA 23:19,COPY_OR_MERGE,2Sam.23.19
2SA 23:20,COPY_OR_MERGE,2Sam.23.20
2SA 23:21,COPY_OR_MERGE,2Sam.23.21
2SA 23:22,COPY_OR_MERGE,2Sam.23.22
2SA 23:23,COPY_OR_MERGE,2Sam.23.23
2SA 23:24,COPY_OR_MERGE,2Sam.23.24
2SA 23:25,COPY_OR_MERGE,2Sam.23.25
2SA 23:26,COPY_OR_MERGE,2Sam.23.26
2SA 23:27,COPY_OR_MERGE,2Sam.23.27
2SA 23:28,COPY_OR_MERGE,2Sam.23.28
2SA 23:29,COPY_OR_MERGE,2Sam.23.29
2SA 23:30,COPY_OR_MERGE,2Sam.23.30
2SA 23:31,COPY_OR_MERGE,2Sam.23.31
2SA 23:32,COPY_OR_MERGE,2Sam.23.32
2SA 23:33,COPY_OR_MERGE,2Sam.23.33
2SA 23:34,COPY_OR_MERGE,2Sam.23.34
2SA 23:35,COPY_OR_MERGE,2Sam.23.35
2SA 23:36,COPY_OR_MERGE,2Sam.23.36
2SA 23:37,COPY_OR_MERGE,2Sam.23.37
2SA 23:38,COPY_OR_MERGE,2Sam.23.38
2SA 23:39,COPY_OR_MERGE,2Sam.23.39
2SA 24:1,COPY_OR_MERGE,2Sam.24.1
2SA 24:2,COPY_OR_MERGE,2Sam.24.2
2SA 24:3,COPY_OR_MERGE,2Sam.24.3
2SA 24:4,COPY_OR_MERGE,2Sam.24.4
2SA 24:5,COPY_OR_MERGE,2Sam.24.5
2SA 24:6,COPY_OR_MERGE,2Sam.24.6
2SA 24:7,COPY_OR_MERGE,2Sam.24.7
2SA 24:8,COPY_OR_MERGE,2Sam.24.8
2SA 24:9,COPY_OR_MERGE,2Sam.24.9
2SA 24:10,COPY_OR_MERGE,2Sam.24.10
2SA 24:11,COPY_OR_MERGE,2Sam.24.11
2SA 24:12,COPY_OR_MERGE,2Sam.24.12
2SA 24:13,COPY_OR_MERGE,2Sam.24.13
2SA 24:14,COPY_OR_MERGE,2Sam.24.14
2SA 24:15,COPY_OR_MERGE,2Sam.24.15
2SA 24:16,COPY_OR_MERGE,2Sam.24.16
2SA 24:17,COPY_OR_MERGE,2Sam.24.17
2SA 24:18,COPY_OR_MERGE,2Sam.24.18
2SA 24:19,COPY_OR_MERGE,2Sam.24.19
2SA 24:20,COPY_OR_MERGE,2Sam.24.20
2SA 24:21,COPY_OR_MERGE,2Sam.24.21
2SA 24:22,COPY_OR_MERGE,2Sam.24.22
2SA 24:23,COPY_OR_MERGE,2Sam.24.23
2SA 24:24,COPY_OR_MERGE,2Sam.24.24
2SA 24:25,COPY_OR_MERGE,2Sam.24.25
AMO 1:1,COPY_OR_MERGE,Amos.1.1
AMO 1:2,COPY_OR_MERGE,Amos.1.2
AMO 1:3,COPY_OR_MERGE,Amos.1.3
AMO 1:4,COPY_OR_MERGE,Amos.1.4
AMO 1:5,COPY_OR_MERGE,Amos.1.5
AMO 1:6,COPY_OR_MERGE,Amos.1.6
AMO 1:7,COPY_OR_MERGE,Amos.1.7
AMO 1:8,COPY_OR_MERGE,Amos.1.8
AMO 1:9,COPY_OR_MERGE,Amos.1.9
AMO 1:10,COPY_OR_MERGE,Amos.1.10
AMO 1:11,COPY_OR_MERGE,Amos.1.11
AMO 1:12,COPY_OR_MERGE,Amos.1.12
AMO 1:13,COPY_OR_MERGE,Amos.1.13
AMO 1:14,COPY_OR_MERGE,Amos.1.14
AMO 1:15,COPY_OR_MERGE,Amos.1.15
AMO 2:1,COPY_OR_MERGE,Amos.2.1
AMO 2:2,COPY_OR_MERGE,Amos.2.2
AMO 2:3,COPY_OR_MERGE,Amos.2.3
AMO 2:4,COPY_OR_MERGE,Amos.2.4
AMO 2:5,COPY_OR_MERGE,Amos.2.5
AMO 2:6,COPY_OR_MERGE,Amos.2.6
AMO 2:7,COPY_OR_MERGE,Amos.2.7
AMO 2:8,COPY_OR_MERGE,Amos.2.8
AMO 2:9,COPY_OR_MERGE,Amos.2.9
AMO 2:10,COPY_OR_MERGE,Amos.2.10
AMO 2:11,COPY_OR_MERGE,Amos.2.11
AMO 2:12,COPY_OR_MERGE,Amos.2.12
AMO 2:13,COPY_OR_MERGE,Amos.2.13
AMO 2:14,COPY_OR_MERGE,Amos.2.14
AMO 2:15,COPY_OR_MERGE,Amos.2.15
AMO 2:16,COPY_OR_MERGE,Amos.2.16
AMO 3:1,COPY_OR_MERGE,Amos.3.1
AMO 3:2,COPY_OR_MERGE,Amos.3.2
AMO 3:3,COPY_OR_MERGE,Amos.3.3
AMO 3:4,COPY_OR_MERGE,Amos.3.4
AMO 3:5,COPY_OR_MERGE,Amos.3.5
AMO 3:6,COPY_OR_MERGE,Amos.3.6
AMO 3:7,COPY_OR_MERGE,Amos.3.7
AMO 3:8,COPY_OR_MERGE,Amos.3.8
AMO 3:9,COPY_OR_MERGE,Amos.3.9
AMO 3:10,COPY_OR_MERGE,Amos.3.10
AMO 3:11,COPY_OR_MERGE,Amos.3.11
AMO 3:12,COPY_OR_MERGE,Amos.3.12
AMO 3:13,COPY_OR_MERGE,Amos.3.13
AMO 3:14,COPY_OR_MERGE,Amos.3.14
AMO 3:15,COPY_OR_MERGE,Amos.3.15
AMO 4:1,COPY_OR_MERGE,Amos.4.1
AMO 4:2,COPY_OR_MERGE,Amos.4.2
AMO 4:3,COPY_OR_MERGE,Amos.4.3
AMO 4:4,COPY_OR_MERGE,Amos.4.4
AMO 4:5,COPY_OR_MERGE,Amos.4.5
AMO 4:6,COPY_OR_MERGE,Amos.4.6
AMO 4:7,COPY_OR_MERGE,Amos.4.7
AMO 4:8,COPY_OR_MERGE,Amos.4.8
AMO 4:9,COPY_OR_MERGE,Amos.4.9
AMO 4:10,COPY_OR_MERGE,Amos.4.10
AMO 4:11,COPY_OR_MERGE,Amos.4.11
AMO 4:12,COPY_OR_MERGE,Amos.4.12
AMO 4:13,COPY_OR_MERGE,Amos.4.13
AMO 5:1,COPY_OR_MERGE,Amos.5.1
AMO 5:2,COPY_OR_MERGE,Amos.5.2
AMO 5:3,COPY_OR_MERGE,Amos.5.3
AMO 5:4,COPY_OR_MERGE,Amos.5.4
AMO 5:5,COPY_OR_MERGE,Amos.5.5
AMO 5:6,COPY_OR_MERGE,Amos.5.6
AMO 5:7,COPY_OR_MERGE,Amos.5.7
AMO 5:8,COPY_OR_MERGE,Amos.5.8
AMO 5:9,COPY_OR_MERGE,Amos.5.9
AMO 5:10,COPY_OR_MERGE,Amos.5.10
AMO 5:11,COPY_OR_MERGE,Amos.5.11
AMO 5:12,COPY_OR_MERGE,Amos.5.12
AMO 5:13,COPY_OR_MERGE,Amos.5.13
AMO 5:14,COPY_OR_MERGE,Amos.5.14
AMO 5:15,COPY_OR_MERGE,Amos.5.15
AMO 5:16,COPY_OR_MERGE,Amos.5.16
AMO 5:17,COPY_OR_MERGE,Amos.5.17
AMO 5:18,COPY_OR_MERGE,Amos.5.18
AMO 5:19,COPY_OR_MERGE,Amos.5.19
AMO 5:20,COPY_OR_MERGE,Amos.5.20
AMO 5:21,COPY_OR_MERGE,Amos.5.21
AMO 5:22,COPY_OR_MERGE,Amos.5.22
AMO 5:23,COPY_OR_MERGE,Amos.5.23
AMO 5:24,COPY_OR_MERGE,Amos.5.24
AMO 5:25,COPY_OR_MERGE,Amos.5.25
AMO 5:26,COPY_OR_MERGE,Amos.5.26
AMO 5:27,COPY_OR_MERGE,Amos.5.27
AMO 6:1,COPY_OR_MERGE,Amos.6.1
AMO 6:2,COPY_OR_MERGE,Amos.6.2
AMO 6:3,COPY_OR_MERGE,Amos.6.3
AMO 6:4,COPY_OR_MERGE,Amos.6.4
AMO 6:5,COPY_OR_MERGE,Amos.6.5
AMO 6:6,COPY_OR_MERGE,Amos.6.6
AMO 6:7,COPY_OR_MERGE,Amos.6.7
AMO 6:8,COPY_OR_MERGE,Amos.6.8
AMO 6:9,COPY_OR_MERGE,Amos.6.9
AMO 6:10,COPY_OR_MERGE,Amos.6.10
AMO 6:11,COPY_OR_MERGE,Amos.6.11
AMO 6:12,COPY_OR_MERGE,Amos.6.12
AMO 6:13,COPY_OR_MERGE,Amos.6.13
AMO 6:14,COPY_OR_MERGE,Amos.6.14
AMO 7:1,COPY_OR_MERGE,Amos.7.1
AMO 7:2,COPY_OR_MERGE,Amos.7.2
AMO 7:3,COPY_OR_MERGE,Amos.7.3
AMO 7:4,COPY_OR_MERGE,Amos.7.4
AMO 7:5,COPY_OR_MERGE,Amos.7.5
AMO 7:6,COPY_OR_MERGE,Amos.7.6
AMO 7:7,COPY_OR_MERGE,Amos.7.7
AMO 7:8,COPY_OR_MERGE,Amos.7.8
AMO 7:9,COPY_OR_MERGE,Amos.7.9
AMO 7:10,COPY_OR_MERGE,Amos.7.10
AMO 7:11,COPY_OR_MERGE,Amos.7.11
AMO 7:12,COPY_OR_MERGE,Amos.7.12
AMO 7:13,COPY_OR_MERGE,Amos.7.13
AMO 7:14,COPY_OR_MERGE,Amos.7.14
AMO 7:15,COPY_OR_MERGE,Amos.7.15
AMO 7:16,COPY_OR_MERGE,Amos.7.16
AMO 7:17,COPY_OR_MERGE,Amos.7.17
AMO 8:1,COPY_OR_MERGE,Amos.8.1
AMO 8:2,COPY_OR_MERGE,Amos.8.2
AMO 8:3,COPY_OR_MERGE,Amos.8.3
AMO 8:4,COPY_OR_MERGE,Amos.8.4
AMO 8:5,COPY_OR_MERGE,Amos.8.5
AMO 8:6,COPY_OR_MERGE,Amos.8.6
AMO 8:7,COPY_OR_MERGE,Amos.8.7
AMO 8:8,COPY_OR_MERGE,Amos.8.8
AMO 8:9,COPY_OR_MERGE,Amos.8.9
AMO 8:10,COPY_OR_MERGE,Amos.8.10
AMO 8:11,COPY_OR_MERGE,Amos.8.11
AMO 8:12,COPY_OR_MERGE,Amos.8.12
AMO 8:13,COPY_OR_MERGE,Amos.8.13
AMO 8:14,COPY_OR_MERGE,Amos.8.14
AMO 9:1,COPY_OR_MERGE,Amos.9.1
AMO 9:2,COPY_OR_MERGE,Amos.9.2
AMO 9:3,COPY_OR_MERGE,Amos.9.3
AMO 9:4,COPY_OR_MERGE,Amos.9.4
AMO 9:5,COPY_OR_MERGE,Amos.9.5
AMO 9:6,COPY_OR_MERGE,Amos.9.6
AMO 9:7,COPY_OR_MERGE,Amos.9.7
AMO 9:8,COPY_OR_MERGE,Amos.9.8
AMO 9:9,COPY_OR_MERGE,Amos.9.9
AMO 9:10,COPY_OR_MERGE,Amos.9.10
AMO 9:11,COPY_OR_MERGE,Amos.9.11
AMO 9:12,COPY_OR_MERGE,Amos.9.12
AMO 9:13,COPY_OR_MERGE,Amos.9.13
AMO 9:14,COPY_OR_MERGE,Amos.9.14
AMO 9:15,COPY_OR_MERGE,Amos.9.15
DAN 1:1,COPY_OR_MERGE,Dan.1.1
DAN 1:2,COPY_OR_MERGE,Dan.1.2
DAN 1:3,COPY_OR_MERGE,Dan.1.3
DAN 1:4,COPY_OR_MERGE,Dan.1.4
DAN 1:5,COPY_OR_MERGE,Dan.1.5
DAN 1:6,COPY_OR_MERGE,Dan.1.6
DAN 1:7,COPY_OR_MERGE,Dan.1.7
DAN 1:8,COPY_OR_MERGE,Dan.1.8
DAN 1:9,COPY_OR_MERGE,Dan.1.9
DAN 1:10,COPY_OR_MERGE,Dan.1.10
DAN 1:11,COPY_OR_MERGE,Dan.1.11
DAN 1:12,COPY_OR_MERGE,Dan.1.12
DAN 1:13,COPY_OR_MERGE,Dan.1.13
DAN 1:14,COPY_OR_MERGE,Dan.1.14
DAN 1:15,COPY_OR_MERGE,Dan.1.15
DAN 1:16,COPY_OR_MERGE,Dan.1.16
DAN 1:17,COPY_OR_MERGE,Dan.1.17
DAN 1:18,COPY_OR_MERGE,Dan.1.18
DAN 1:19,COPY_OR_MERGE,Dan.1.19
DAN 1:20,COPY_OR_MERGE,Dan.1.20
DAN 1:21,COPY_OR_MERGE,Dan.1.21
DAN 2:1,COPY_OR_MERGE,Dan.2.1
DAN 2:2,COPY_OR_MERGE,Dan.2.2
DAN 2:3,COPY_OR_MERGE,Dan.2.3
DAN 2:4,COPY_OR_MERGE,Dan.2.4
DAN 2:5,COPY_OR_MERGE,Dan.2.5
DAN 2:6,COPY_OR_MERGE,Dan.2.6
DAN 2:7,COPY_OR_MERGE,Dan.2.7
DAN 2:8,COPY_OR_MERGE,Dan.2.8
DAN 2:9,COPY_OR_MERGE,Dan.2.9
DAN 2:10,COPY_OR_MERGE,Dan.2.10
DAN 2:11,COPY_OR_MERGE,Dan.2.11
DAN 2:12,COPY_OR_MERGE,Dan.2.12
DAN 2:13,COPY_OR_MERGE,Dan.2.13
DAN 2:14,COPY_OR_MERGE,Dan.2.14
DAN 2:15,COPY_OR_MERGE,Dan.2.15
DAN 2:16,COPY_OR_MERGE,Dan.2.16
DAN 2:17,COPY_OR_MERGE,Dan.2.17
DAN 2:18,COPY_OR_MERGE,Dan.2.18
DAN 2:19,COPY_OR_MERGE,Dan.2.19
DAN 2:20,COPY_OR_MERGE,Dan.2.20
DAN 2:21,COPY_OR_MERGE,Dan.2.21
DAN 2:22,COPY_OR_MERGE,Dan.2.22
DAN 2:23,COPY_OR_MERGE,Dan.2.23
DAN 2:24,COPY_OR_MERGE,Dan.2.24
DAN 2:25,COPY_OR_MERGE,Dan.2.25
DAN 2:26,COPY_OR_MERGE,Dan.2.26
DAN 2:27,COPY_OR_MERGE,Dan.2.27
DAN 2:28,COPY_OR_MERGE,Dan.2.28
DAN 2:29,COPY_OR_MERGE,Dan.2.29
DAN 2:30,COPY_OR_MERGE,Dan.2.30
DAN 2:31,COPY_OR_MERGE,Dan.2.31
DAN 2:32,COPY_OR_MERGE,Dan.2.32
DAN 2:33,COPY_OR_MERGE,Dan.2.33
DAN 2:34,COPY_OR_MERGE,Dan.2.34
DAN 2:35,COPY_OR_MERGE,Dan.2.35
DAN 2:36,COPY_OR_MERGE,Dan.2.36
DAN 2:37,COPY_OR_MERGE,Dan.2.37
DAN 2:38,COPY_OR_MERGE,Dan.2.38
DAN 2:39,COPY_OR_MERGE,Dan.2.39
DAN 2:40,COPY_OR_MERGE,Dan.2.40
DAN 2:41,COPY_OR_MERGE,Dan.2.41
DAN 2:42,COPY_OR_MERGE,Dan.2.42
DAN 2:43,COPY_OR_MERGE,Dan.2.43
DAN 2:44,COPY_OR_MERGE,Dan.2.44
DAN 2:45,COPY_OR_MERGE,Dan.2.45
DAN 2:46,COPY_OR_MERGE,Dan.2.46
DAN 2:47,COPY_OR_MERGE,Dan.2.47
DAN 2:48,COPY_OR_MERGE,Dan.2.48
DAN 2:49,COPY_OR_MERGE,Dan.2.49
DAN 3:1,COPY_OR_MERGE,Dan.3.1
DAN 3:2,COPY_OR_MERGE,Dan.3.2
DAN 3:3,COPY_OR_MERGE,Dan.3.3
DAN 3:4,COPY_OR_MERGE,Dan.3.4
DAN 3:5,COPY_OR_MERGE,Dan.3.5
DAN 3:6,COPY_OR_MERGE,Dan.3.6
DAN 3:7,COPY_OR_MERGE,Dan.3.7
DAN 3:8,COPY_OR_MERGE,Dan.3.8
DAN 3:9,COPY_OR_MERGE,Dan.3.9
DAN 3:10,COPY_OR_MERGE,Dan.3.10
DAN 3:11,COPY_OR_MERGE,Dan.3.11
DAN 3:12,COPY_OR_MERGE,Dan.3.12
DAN 3:13,COPY_OR_MERGE,Dan.3.13
DAN 3:14,COPY_OR_MERGE,Dan.3.14
DAN 3:15,COPY_OR_MERGE,Dan.3.15
DAN 3:16,COPY_OR_MERGE,Dan.3.16
DAN 3:17,COPY_OR_MERGE,Dan.3.17
DAN 3:18,COPY_OR_MERGE,Dan.3.18
DAN 3:19,COPY_OR_MERGE,Dan.3.19
DAN 3:20,COPY_OR_MERGE,Dan.3.20
DAN 3:21,COPY_OR_MERGE,Dan.3.21
DAN 3:22,COPY_OR_MERGE,Dan.3.22
DAN 3:23,COPY_OR_MERGE,Dan.3.23
DAN 3:24,COPY_OR_MERGE,Dan.3.24
DAN 3:25,COPY_OR_MERGE,Dan.3.25
DAN 3:26,COPY_OR_MERGE,Dan.3.26
DAN 3:27,COPY_OR_MERGE,Dan.3.27
DAN 3:28,COPY_OR_MERGE,Dan.3.28
DAN 3:29,COPY_OR_MERGE,Dan.3.29
DAN 3:30,COPY_OR_MERGE,Dan.3.30
DAN 4:1,COPY_OR_MERGE,Dan.3.31
DAN 4:2,COPY_OR_MERGE,Dan.3.32
DAN 4:3,COPY_OR_MERGE,Dan.3.33
DAN 4:4,COPY_OR_MERGE,Dan.4.1
DAN 4:5,COPY_OR_MERGE,Dan.4.2
DAN 4:6,COPY_OR_MERGE,Dan.4.3
DAN 4:7,COPY_OR_MERGE,Dan.4.4
DAN 4:8,COPY_OR_MERGE,Dan.4.5
DAN 4:9,COPY_OR_MERGE,Dan.4.6
DAN 4:10,COPY_OR_MERGE,Dan.4.7
DAN 4:11,COPY_OR_MERGE,Dan.4.8
DAN 4:12,COPY_OR_MERGE,Dan.4.9
DAN 4:13,COPY_OR_MERGE,Dan.4.10
DAN 4:14,COPY_OR_MERGE,Dan.4.11
DAN 4:15,COPY_OR_MERGE,Dan.4.12
DAN 4:16,COPY_OR_MERGE,Dan.4.13
DAN 4:17,COPY_OR_MERGE,Dan.4.14
DAN 4:18,COPY_OR_MERGE,Dan.4.15
DAN 4:19,COPY_OR_MERGE,Dan.4.16
DAN 4:20,COPY_OR_MERGE,Dan.4.17
DAN 4:21,COPY_OR_MERGE,Dan.4.18
DAN 4:22,COPY_OR_MERGE,Dan.4.19
DAN 4:23,COPY_OR_MERGE,Dan.4.20
DAN 4:24,COPY_OR_MERGE,Dan.4.21
DAN 4:25,COPY_OR_MERGE,Dan.4.22
DAN 4:26,COPY_OR_MERGE,Dan.4.23
DAN 4:27,COPY_OR_MERGE,Dan.4.24
DAN 4:28,COPY_OR_MERGE,Dan.4.25
DAN 4:29,COPY_OR_MERGE,Dan.4.26
DAN 4:30,COPY_OR_MERGE,Dan.4.27
DAN 4:31,COPY_OR_MERGE,Dan.4.28
DAN 4:32,COPY_OR_MERGE,Dan.4.29
DAN 4:33,COPY_OR_MERGE,Dan.4.30
DAN 4:34,COPY_OR_MERGE,Dan.4.31
DAN 4:35,COPY_OR_MERGE,Dan.4.32
DAN 4:36,COPY_OR_MERGE,Dan.4.33
DAN 4:37,COPY_OR_MERGE,Dan.4.34
DAN 5:1,COPY_OR_MERGE,Dan.5.1
DAN 5:2,COPY_OR_MERGE,Dan.5.2
DAN 5:3,COPY_OR_MERGE,Dan.5.3
DAN 5:4,COPY_OR_MERGE,Dan.5.4
DAN 5:5,COPY_OR_MERGE,Dan.5.5
DAN 5:6,COPY_OR_MERGE,Dan.5.6
DAN 5:7,COPY_OR_MERGE,Dan.5.7
DAN 5:8,COPY_OR_MERGE,Dan.5.8
DAN 5:9,COPY_OR_MERGE,Dan.5.9
DAN 5:10,COPY_OR_MERGE,Dan.5.10
DAN 5:11,COPY_OR_MERGE,Dan.5.11
DAN 5:12,COPY_OR_MERGE,Dan.5.12
DAN 5:13,COPY_OR_MERGE,Dan.5.13
DAN 5:14,COPY_OR_MERGE,Dan.5.14
DAN 5:15,COPY_OR_MERGE,Dan.5.15
DAN 5:16,COPY_OR_MERGE,Dan.5.16
DAN 5:17,COPY_OR_MERGE,Dan.5.17
DAN 5:18,COPY_OR_MERGE,Dan.5.18
DAN 5:19,COPY_OR_MERGE,Dan.5.19
DAN 5:20,COPY_OR_MERGE,Dan.5.20
DAN 5:21,COPY_OR_MERGE,Dan.5.21
DAN 5:22,COPY_OR_MERGE,Dan.5.22
DAN 5:23,COPY_OR_MERGE,Dan.5.23
DAN 5:24,COPY_OR_MERGE,Dan.5.24
DAN 5:25,COPY_OR_MERGE,Dan.5.25
DAN 5:26,COPY_OR_MERGE,Dan.5.26
DAN 5:27,COPY_OR_MERGE,Dan.5.27
DAN 5:28,COPY_OR_MERGE,Dan.5.28
DAN 5:29,COPY_OR_MERGE,Dan.5.29
DAN 5:30,COPY_OR_MERGE,Dan.5.30
DAN 5:31,COPY_OR_MERGE,Dan.6.1
DAN 6:1,COPY_OR_MERGE,Dan.6.2
DAN 6:2,COPY_OR_MERGE,Dan.6.3
DAN 6:3,COPY_OR_MERGE,Dan.6.4
DAN 6:4,COPY_OR_MERGE,Dan.6.5
DAN 6:5,COPY_OR_MERGE,Dan.6.6
DAN 6:6,COPY_OR_MERGE,Dan.6.7
DAN 6:7,COPY_OR_MERGE,Dan.6.8
DAN 6:8,COPY_OR_MERGE,Dan.6.9
DAN 6:9,COPY_OR_MERGE,Dan.6.10
DAN 6:10,COPY_OR_MERGE,Dan.6.11
DAN 6:11,COPY_OR_MERGE,Dan.6.12
DAN 6:12,COPY_OR_MERGE,Dan.6.13
DAN 6:13,COPY_OR_MERGE,Dan.6.14
DAN 6:14,COPY_OR_MERGE,Dan.6.15
DAN 6:15,COPY_OR_MERGE,Dan.6.16
DAN 6:16,COPY_OR_MERGE,Dan.6.17
DAN 6:17,COPY_OR_MERGE,Dan.6.18
DAN 6:18,COPY_OR_MERGE,Dan.6.19
DAN 6:19,COPY_OR_MERGE,Dan.6.20
DAN 6:20,COPY_OR_MERGE,Dan.6.21
DAN 6:21,COPY_OR_MERGE,Dan.6.22
DAN 6:22,COPY_OR_MERGE,Dan.6.23
DAN 6:23,COPY_OR_MERGE,Dan.6.24
DAN 6:24,COPY_OR_MERGE,Dan.6.25
DAN 6:25,COPY_OR_MERGE,Dan.6.26
DAN 6:26,COPY_OR_MERGE,Dan.6.27
DAN 6:27,COPY_OR_MERGE,Dan.6.28
DAN 6:28,COPY_OR_MERGE,Dan.6.29
DAN 7:1,COPY_OR_MERGE,Dan.7.1
DAN 7:2,COPY_OR_MERGE,Dan.7.2
DAN 7:3,COPY_OR_MERGE,Dan.7.3
DAN 7:4,COPY_OR_MERGE,Dan.7.4
DAN 7:5,COPY_OR_MERGE,Dan.7.5
DAN 7:6,COPY_OR_MERGE,Dan.7.6
DAN 7:7,COPY_OR_MERGE,Dan.7.7
DAN 7:8,COPY_OR_MERGE,Dan.7.8
DAN 7:9,COPY_OR_MERGE,Dan.7.9
DAN 7:10,COPY_OR_MERGE,Dan.7.10
DAN 7:11,COPY_OR_MERGE,Dan.7.11
DAN 7:12,COPY_OR_MERGE,Dan.7.12
DAN 7:13,COPY_OR_MERGE,Dan.7.13
DAN 7:14,COPY_OR_MERGE,Dan.7.14
DAN 7:15,COPY_OR_MERGE,Dan.7.15
DAN 7:16,COPY_OR_MERGE,Dan.7.16
DAN 7:17,COPY_OR_MERGE,Dan.7.17
DAN 7:18,COPY_OR_MERGE,Dan.7.18
DAN 7:19,COPY_OR_MERGE,Dan.7.19
DAN 7:20,COPY_OR_MERGE,Dan.7.20
DAN 7:21,COPY_OR_MERGE,Dan.7.21
DAN 7:22,COPY_OR_MERGE,Dan.7.22
DAN 7:23,COPY_OR_MERGE,Dan.7.23
DAN 7:24,COPY_OR_MERGE,Dan.7.24
DAN 7:25,COPY_OR_MERGE,Dan.7.25
DAN 7:26,COPY_OR_MERGE,Dan.7.26
DAN 7:27,COPY_OR_MERGE,Dan.7.27
DAN 7:28,COPY_OR_MERGE,Dan.7.28
DAN 8:1,COPY_OR_MERGE,Dan.8.1
DAN 8:2,COPY_OR_MERGE,Dan.8.2
DAN 8:3,COPY_OR_MERGE,Dan.8.3
DAN 8:4,COPY_OR_MERGE,Dan.8.4
DAN 8:5,COPY_OR_MERGE,Dan.8.5
DAN 8:6,COPY_OR_MERGE,Dan.8.6
DAN 8:7,COPY_OR_MERGE,Dan.8.7
DAN 8:8,COPY_OR_MERGE,Dan.8.8
DAN 8:9,COPY_OR_MERGE,Dan.8.9
DAN 8:10,COPY_OR_MERGE,Dan.8.10
DAN 8:11,COPY_OR_MERGE,Dan.8.11
DAN 8:12,COPY_OR_MERGE,Dan.8.12
DAN 8:13,COPY_OR_MERGE,Dan.8.13
DAN 8:14,COPY_OR_MERGE,Dan.8.14
DAN 8:15,COPY_OR_MERGE,Dan.8.15
DAN 8:16,COPY_OR_MERGE,Dan.8.16
DAN 8:17,COPY_OR_MERGE,Dan.8.17
DAN 8:18,COPY_OR_MERGE,Dan.8.18
DAN 8:19,COPY_OR_MERGE,Dan.8.19
DAN 8:20,COPY_OR_MERGE,Dan.8.20
DAN 8:21,COPY_OR_MERGE,Dan.8.21
DAN 8:22,COPY_OR_MERGE,Dan.8.22
DAN 8:23,COPY_OR_MERGE,Dan.8.23
DAN 8:24,COPY_OR_MERGE,Dan.8.24
DAN 8:25,COPY_OR_MERGE,Dan.8.25
DAN 8:26,COPY_OR_MERGE,Dan.8.26
DAN 8:27,COPY_OR_MERGE,Dan.8.27
DAN 9:1,COPY_OR_MERGE,Dan.9.1
DAN 9:2,COPY_OR_MERGE,Dan.9.2
DAN 9:3,COPY_OR_MERGE,Dan.9.3
DAN 9:4,COPY_OR_MERGE,Dan.9.4
DAN 9:5,COPY_OR_MERGE,Dan.9.5
DAN 9:6,COPY_OR_MERGE,Dan.9.6
DAN 9:7,COPY_OR_MERGE,Dan.9.7
DAN 9:8,COPY_OR_MERGE,Dan.9.8
DAN 9:9,COPY_OR_MERGE,Dan.9.9
DAN 9:10,COPY_OR_MERGE,Dan.9.10
DAN 9:11,COPY_OR_MERGE,Dan.9.11
DAN 9:12,COPY_OR_MERGE,Dan.9.12
DAN 9:13,COPY_OR_MERGE,Dan.9.13
DAN 9:14,COPY_OR_MERGE,Dan.9.14
DAN 9:15,COPY_OR_MERGE,Dan.9.15
DAN 9:16,COPY_OR_MERGE,Dan.9.16
DAN 9:17,COPY_OR_MERGE,Dan.9.17
DAN 9:18,COPY_OR_MERGE,Dan.9.18
DAN 9:19,COPY_OR_MERGE,Dan.9.19
DAN 9:20,COPY_OR_MERGE,Dan.9.20
DAN 9:21,COPY_OR_MERGE,Dan.9.21
DAN 9:22,COPY_OR_MERGE,Dan.9.22
DAN 9:23,COPY_OR_MERGE,Dan.9.23
DAN 9:24,COPY_OR_MERGE,Dan.9.24
DAN 9:25,COPY_OR_MERGE,Dan.9.25
DAN 9:26,COPY_OR_MERGE,Dan.9.26
DAN 9:27,COPY_OR_MERGE,Dan.9.27
DAN 10:1,COPY_OR_MERGE,Dan.10.1
DAN 10:2,COPY_OR_MERGE,Dan.10.2
DAN 10:3,COPY_OR_MERGE,Dan.10.3
DAN 10:4,COPY_OR_MERGE,Dan.10.4
DAN 10:5,COPY_OR_MERGE,Dan.10.5
DAN 10:6,COPY_OR_MERGE,Dan.10.6
DAN 10:7,COPY_OR_MERGE,Dan.10.7
DAN 10:8,COPY_OR_MERGE,Dan.10.8
DAN 10:9,COPY_OR_MERGE,Dan.10.9
DAN 10:10,COPY_OR_MERGE,Dan.10.10
DAN 10:11,COPY_OR_MERGE,Dan.10.11
DAN 10:12,COPY_OR_MERGE,Dan.10.12
DAN 10:13,COPY_OR_MERGE,Dan.10.13
DAN 10:14,COPY_OR_MERGE,Dan.10.14
DAN 10:15,COPY_OR_MERGE,Dan.10.15
DAN 10:16,COPY_OR_MERGE,Dan.10.16
DAN 10:17,COPY_OR_MERGE,Dan.10.17
DAN 10:18,COPY_OR_MERGE,Dan.10.18
DAN 10:19,COPY_OR_MERGE,Dan.10.19
DAN 10:20,COPY_OR_MERGE,Dan.10.20
DAN 10:21,COPY_OR_MERGE,Dan.10.21
DAN 11:1,COPY_OR_MERGE,Dan.11.1
DAN 11:2,COPY_OR_MERGE,Dan.11.2
DAN 11:3,COPY_OR_MERGE,Dan.11.3
DAN 11:4,COPY_OR_MERGE,Dan.11.4
DAN 11:5,COPY_OR_MERGE,Dan.11.5
DAN 11:6,COPY_OR_MERGE,Dan.11.6
DAN 11:7,COPY_OR_MERGE,Dan.11.7
DAN 11:8,COPY_OR_MERGE,Dan.11.8
DAN 11:9,COPY_OR_MERGE,Dan.11.9
DAN 11:10,COPY_OR_MERGE,Dan.11.10
DAN 11:11,COPY_OR_MERGE,Dan.11.11
DAN 11:12,COPY_OR_MERGE,Dan.11.12
DAN 11:13,COPY_OR_MERGE,Dan.11.13
DAN 11:14,COPY_OR_MERGE,Dan.11.14
DAN 11:15,COPY_OR_MERGE,Dan.11.15
DAN 11:16,COPY_OR_MERGE,Dan.11.16
DAN 11:17,COPY_OR_MERGE,Dan.11.17
DAN 11:18,COPY_OR_MERGE,Dan.11.18
DAN 11:19,COPY_OR_MERGE,Dan.11.19
DAN 11:20,COPY_OR_MERGE,Dan.11.20
DAN 11:21,COPY_OR_MERGE,Dan.11.21
DAN 11:22,COPY_OR_MERGE,Dan.11.22
DAN 11:23,COPY_OR_MERGE,Dan.11.23
DAN 11:24,COPY_OR_MERGE,Dan.11.24
DAN 11:25,COPY_OR_MERGE,Dan.11.25
DAN 11:26,COPY_OR_MERGE,Dan.11.26
DAN 11:27,COPY_OR_MERGE,Dan.11.27
DAN 11:28,COPY_OR_MERGE,Dan.11.28
DAN 11:29,COPY_OR_MERGE,Dan.11.29
DAN 11:30,COPY_OR_MERGE,Dan.11.30
DAN 11:31,COPY_OR_MERGE,Dan.11.31
DAN 11:32,COPY_OR_MERGE,Dan.11.32
DAN 11:33,COPY_OR_MERGE,Dan.11.33
DAN 11:34,COPY_OR_MERGE,Dan.11.34
DAN 11:35,COPY_OR_MERGE,Dan.11.35
DAN 11:36,COPY_OR_MERGE,Dan.11.36
DAN 11:37,COPY_OR_MERGE,Dan.11.37
DAN 11:38,COPY_OR_MERGE,Dan.11.38
DAN 11:39,COPY_OR_MERGE,Dan.11.39
DAN 11:40,COPY_OR_MERGE,Dan.11.40
DAN 11:41,COPY_OR_MERGE,Dan.11.41
DAN 11:42,COPY_OR_MERGE,Dan.11.42
DAN 11:43,COPY_OR_MERGE,Dan.11.43
DAN 11:44,COPY_OR_MERGE,Dan.11.44
DAN 11:45,COPY_OR_MERGE,Dan.11.45
DAN 12:1,COPY_OR_MERGE,Dan.12.1
DAN 12:2,COPY_OR_MERGE,Dan.12.2
DAN 12:3,COPY_OR_MERGE,Dan.12.3
DAN 12:4,COPY_OR_MERGE,Dan.12.4
DAN 12:5,COPY_OR_MERGE,Dan.12.5
DAN 12:6,COPY_OR_MERGE,Dan.12.6
DAN 12:7,COPY_OR_MERGE,Dan.12.7
DAN 12:8,COPY_OR_MERGE,Dan.12.8
DAN 12:9,COPY_OR_MERGE,Dan.12.9
DAN 12:10,COPY_OR_MERGE,Dan.12.10
DAN 12:11,COPY_OR_MERGE,Dan.12.11
DAN 12:12,COPY_OR_MERGE,Dan.12.12
DAN 12:13,COPY_OR_MERGE,Dan.12.13
DEU 1:1,COPY_OR_MERGE,Deut.1.1
DEU 1:2,COPY_OR_MERGE,Deut.1.2
DEU 1:3,COPY_OR_MERGE,Deut.1.3
DEU 1:4,COPY_OR_MERGE,Deut.1.4
DEU 1:5,COPY_OR_MERGE,Deut.1.5
DEU 1:6,COPY_OR_MERGE,Deut.1.6
DEU 1:7,COPY_OR_MERGE,Deut.1.7
DEU 1:8,COPY_OR_MERGE,Deut.1.8
DEU 1:9,COPY_OR_MERGE,Deut.1.9
DEU 1:10,COPY_OR_MERGE,Deut.1.10
DEU 1:11,COPY_OR_MERGE,Deut.1.11
DEU 1:12,COPY_OR_MERGE,Deut.1.12
DEU 1:13,COPY_OR_MERGE,Deut.1.13
DEU 1:14,COPY_OR_MERGE,Deut.1.14
DEU 1:15,COPY_OR_MERGE,Deut.1.15
DEU 1:16,COPY_OR_MERGE,Deut.1.16
DEU 1:17,COPY_OR_MERGE,Deut.1.17
DEU 1:18,COPY_OR_MERGE,Deut.1.18
DEU 1:19,COPY_OR_MERGE,Deut.1.19
DEU 1:20,COPY_OR_MERGE,Deut.1.20
DEU 1:21,COPY_OR_MERGE,Deut.1.21
DEU 1:22,COPY_OR_MERGE,Deut.1.22
DEU 1:23,COPY_OR_MERGE,Deut.1.23
DEU 1:24,COPY_OR_MERGE,Deut.1.24
DEU 1:25,COPY_OR_MERGE,Deut.1.25
DEU 1:26,COPY_OR_MERGE,Deut.1.26
DEU 1:27,COPY_OR_MERGE,Deut.1.27
DEU 1:28,COPY_OR_MERGE,Deut.1.28
DEU 1:29,COPY_OR_MERGE,Deut.1.29
DEU 1:30,COPY_OR_MERGE,Deut.1.30
DEU 1:31,COPY_OR_MERGE,Deut.1.31
DEU 1:32,COPY_OR_MERGE,Deut.1.32
DEU 1:33,COPY_OR_MERGE,Deut.1.33
DEU 1:34,COPY_OR_MERGE,Deut.1.34
DEU 1:35,COPY_OR_MERGE,Deut.1.35
DEU 1:36,COPY_OR_MERGE,Deut.1.36
DEU 1:37,COPY_OR_MERGE,Deut.1.37
DEU 1:38,COPY_OR_MERGE,Deut.1.38
DEU 1:39,COPY_OR_MERGE,Deut.1.39
DEU 1:40,COPY_OR_MERGE,Deut.1.40
DEU 1:41,COPY_OR_MERGE,Deut.1.41
DEU 1:42,COPY_OR_MERGE,Deut.1.42
DEU 1:43,COPY_OR_MERGE,Deut.1.43
DEU 1:44,COPY_OR_MERGE,Deut.1.44
DEU 1:45,COPY_OR_MERGE,Deut.1.45
DEU 1:46,COPY_OR_MERGE,Deut.1.46
DEU 2:1,COPY_OR_MERGE,Deut.2.1
DEU 2:2,COPY_OR_MERGE,Deut.2.2
DEU 2:3,COPY_OR_MERGE,Deut.2.3
DEU 2:4,COPY_OR_MERGE,Deut.2.4
DEU 2:5,COPY_OR_MERGE,Deut.2.5
DEU 2:6,COPY_OR_MERGE,Deut.2.6
DEU 2:7,COPY_OR_MERGE,Deut.2.7
DEU 2:8,COPY_OR_MERGE,Deut.2.8
DEU 2:9,COPY_OR_MERGE,Deut.2.9
DEU 2:10,COPY_OR_MERGE,Deut.2.10
DEU 2:11,COPY_OR_MERGE,Deut.2.11
DEU 2:12,COPY_OR_MERGE,Deut.2.12
DEU 2:13,COPY_OR_MERGE,Deut.2.13
DEU 2:14,COPY_OR_MERGE,Deut.2.14
DEU 2:15,COPY_OR_MERGE,Deut.2.15
DEU 2:16,COPY_OR_MERGE,Deut.2.16
DEU 2:17,COPY_OR_MERGE,Deut.2.17
DEU 2:18,COPY_OR_MERGE,Deut.2.18
DEU 2:19,COPY_OR_MERGE,Deut.2.19
DEU 2:20,COPY_OR_MERGE,Deut.2.20
DEU 2:21,COPY_OR_MERGE,Deut.2.21
DEU 2:22,COPY_OR_MERGE,Deut.2.22
DEU 2:23,COPY_OR_MERGE,Deut.2.23
DEU 2:24,COPY_OR_MERGE,Deut.2.24
DEU 2:25,COPY_OR_MERGE,Deut.2.25
DEU 2:26,COPY_OR_MERGE,Deut.2.26
DEU 2:27,COPY_OR_MERGE,Deut.2.27
DEU 2:28,COPY_OR_MERGE,Deut.2.28
DEU 2:29,COPY_OR_MERGE,Deut.2.29
DEU 2:30,COPY_OR_MERGE,Deut.2.30
DEU 2:31,COPY_OR_MERGE,Deut.2.31
DEU 2:32,COPY_OR_MERGE,Deut.2.32
DEU 2:33,COPY_OR_MERGE,Deut.2.33
DEU 2:34,COPY_OR_MERGE,Deut.2.34
DEU 2:35,COPY_OR_MERGE,Deut.2.35
DEU 2:36,COPY_OR_MERGE,Deut.2.36
DEU 2:37,COPY_OR_MERGE,Deut.2.37
DEU 3:1,COPY_OR_MERGE,Deut.3.1
DEU 3:2,COPY_OR_MERGE,Deut.3.2
DEU 3:3,COPY_OR_MERGE,Deut.3.3
DEU 3:4,COPY_OR_MERGE,Deut.3.4
DEU 3:5,COPY_OR_MERGE,Deut.3.5
DEU 3:6,COPY_OR_MERGE,Deut.3.6
DEU 3:7,COPY_OR_MERGE,Deut.3.7
DEU 3:8,COPY_OR_MERGE,Deut.3.8
DEU 3:9,COPY_OR_MERGE,Deut.3.9
DEU 3:10,COPY_OR_MERGE,Deut.3.10
DEU 3:11,COPY_OR_MERGE,Deut.3.11
DEU 3:12,COPY_OR_MERGE,Deut.3.12
DEU 3:13,COPY_OR_MERGE,Deut.3.13
DEU 3:14,COPY_OR_MERGE,Deut.3.14
DEU 3:15,COPY_OR_MERGE,Deut.3.15
DEU 3:16,COPY_OR_MERGE,Deut.3.16
DEU 3:17,COPY_OR_MERGE,Deut.3.17
DEU 3:18,COPY_OR_MERGE,Deut.3.18
DEU 3:19,COPY_OR_MERGE,Deut.3.19
DEU 3:20,COPY_OR_MERGE,Deut.3.20
DEU 3:21,COPY_OR_MERGE,Deut.3.21
DEU 3:22,COPY_OR_MERGE,Deut.3.22
DEU 3:23,COPY_OR_MERGE,Deut.3.23
DEU 3:24,COPY_OR_MERGE,Deut.3.24
DEU 3:25,COPY_OR_MERGE,Deut.3.25
DEU 3:26,COPY_OR_MERGE,Deut.3.26
DEU 3:27,COPY_OR_MERGE,Deut.3.27
DEU 3:28,COPY_OR_MERGE,Deut.3.28
DEU 3:29,COPY_OR_MERGE,Deut.3.29
DEU 4:1,COPY_OR_MERGE,Deut.4.1
DEU 4:2,COPY_OR_MERGE,Deut.4.2
DEU 4:3,COPY_OR_MERGE,Deut.4.3
DEU 4:4,COPY_OR_MERGE,Deut.4.4
DEU 4:5,COPY_OR_MERGE,Deut.4.5
DEU 4:6,COPY_OR_MERGE,Deut.4.6
DEU 4:7,COPY_OR_MERGE,Deut.4.7
DEU 4:8,COPY_OR_MERGE,Deut.4.8
DEU 4:9,COPY_OR_MERGE,Deut.4.9
DEU 4:10,COPY_OR_MERGE,Deut.4.10
DEU 4:11,COPY_OR_MERGE,Deut.4.11
DEU 4:12,COPY_OR_MERGE,Deut.4.12
DEU 4:13,COPY_OR_MERGE,Deut.4.13
DEU 4:14,COPY_OR_MERGE,Deut.4.14
DEU 4:15,COPY_OR_MERGE,Deut.4.15
DEU 4:16,COPY_OR_MERGE,Deut.4.16
DEU 4:17,COPY_OR_MERGE,Deut.4.17
DEU 4:18,COPY_OR_MERGE,Deut.4.18
DEU 4:19,COPY_OR_MERGE,Deut.4.19
DEU 4:20,COPY_OR_MERGE,Deut.4.20
DEU 4:21,COPY_OR_MERGE,Deut.4.21
DEU 4:22,COPY_OR_MERGE,Deut.4.22
DEU 4:23,COPY_OR_MERGE,Deut.4.23
DEU 4:24,COPY_OR_MERGE,Deut.4.24
DEU 4:25,COPY_OR_MERGE,Deut.4.25
DEU 4:26,COPY_OR_MERGE,Deut.4.26
DEU 4:27,COPY_OR_MERGE,Deut.4.27
DEU 4:28,COPY_OR_MERGE,Deut.4.28
DEU 4:29,COPY_OR_MERGE,Deut.4.29
DEU 4:30,COPY_OR_MERGE,Deut.4.30
DEU 4:31,COPY_OR_MERGE,Deut.4.31
DEU 4:32,COPY_OR_MERGE,Deut.4.32
DEU 4:33,COPY_OR_MERGE,Deut.4.33
DEU 4:34,COPY_OR_MERGE,Deut.4.34
DEU 4:35,COPY_OR_MERGE,Deut.4.35
DEU 4:36,COPY_OR_MERGE,Deut.4.36
DEU 4:37,COPY_OR_MERGE,Deut.4.37
DEU 4:38,COPY_OR_MERGE,Deut.4.38
DEU 4:39,COPY_OR_MERGE,Deut.4.39
DEU 4:40,COPY_OR_MERGE,Deut.4.40
DEU 4:41,COPY_OR_MERGE,Deut.4.41
DEU 4:42,COPY_OR_MERGE,Deut.4.42
DEU 4:43,COPY_OR_MERGE,Deut.4.43
DEU 4:44,COPY_OR_MERGE,Deut.4.44
DEU 4:45,COPY_OR_MERGE,Deut.4.45
DEU 4:46,COPY_OR_MERGE,Deut.4.46
DEU 4:47,COPY_OR_MERGE,Deut.4.47
DEU 4:48,COPY_OR_MERGE,Deut.4.48
DEU 4:49,COPY_OR_MERGE,Deut.4.49
DEU 5:1,COPY_OR_MERGE,Deut.5.1
DEU 5:2,COPY_OR_MERGE,Deut.5.2
DEU 5:3,COPY_OR_MERGE,Deut.5.3
DEU 5:4,COPY_OR_MERGE,Deut.5.4
DEU 5:5,COPY_OR_MERGE,Deut.5.5
DEU 5:6,COPY_OR_MERGE,Deut.5.6
DEU 5:7,COPY_OR_MERGE,Deut.5.7
DEU 5:8,COPY_OR_MERGE,Deut.5.8
DEU 5:9,COPY_OR_MERGE,Deut.5.9
DEU 5:10,COPY_OR_MERGE,Deut.5.10
DEU 5:11,COPY_OR_MERGE,Deut.5.11
DEU 5:12,COPY_OR_MERGE,Deut.5.12
DEU 5:13,COPY_OR_MERGE,Deut.5.13
DEU 5:14,COPY_OR_MERGE,Deut.5.14
DEU 5:15,COPY_OR_MERGE,Deut.5.15
DEU 5:16,COPY_OR_MERGE,Deut.5.16
DEU 5:17,COPY_OR_MERGE,Deut.5.17
DEU 5:18,COPY_OR_MERGE,Deut.5.18
DEU 5:19,COPY_OR_MERGE,Deut.5.19
DEU 5:20,COPY_OR_MERGE,Deut.5.20
DEU 5:21,COPY_OR_MERGE,Deut.5.21
DEU 5:22,COPY_OR_MERGE,Deut.5.22
DEU 5:23,COPY_OR_MERGE,Deut.5.23
DEU 5:24,COPY_OR_MERGE,Deut.5.24
DEU 5:25,COPY_OR_MERGE,Deut.5.25
DEU 5:26,COPY_OR_MERGE,Deut.5.26
DEU 5:27,COPY_OR_MERGE,Deut.5.27
DEU 5:28,COPY_OR_MERGE,Deut.5.28
DEU 5:29,COPY_OR_MERGE,Deut.5.29
DEU 5:30,COPY_OR_MERGE,Deut.5.30
DEU 5:31,COPY_OR_MERGE,Deut.5.31
DEU 5:32,COPY_OR_MERGE,Deut.5.32
DEU 5:33,COPY_OR_MERGE,Deut.5.33
DEU 6:1,COPY_OR_MERGE,Deut.6.1
DEU 6:2,COPY_OR_MERGE,Deut.6.2
DEU 6:3,COPY_OR_MERGE,Deut.6.3
DEU 6:4,COPY_OR_MERGE,Deut.6.4
DEU 6:5,COPY_OR_MERGE,Deut.6.5
DEU 6:6,COPY_OR_MERGE,Deut.6.6
DEU 6:7,COPY_OR_MERGE,Deut.6.7
DEU 6:8,COPY_OR_MERGE,Deut.6.8
DEU 6:9,COPY_OR_MERGE,Deut.6.9
DEU 6:10,COPY_OR_MERGE,Deut.6.10
DEU 6:11,COPY_OR_MERGE,Deut.6.11
DEU 6:12,COPY_OR_MERGE,Deut.6.12
DEU 6:13,COPY_OR_MERGE,Deut.6.13
DEU 6:14,COPY_OR_MERGE,Deut.6.14
DEU 6:15,COPY_OR_MERGE,Deut.6.15
DEU 6:16,COPY_OR_MERGE,Deut.6.16
DEU 6:17,COPY_OR_MERGE,Deut.6.17
DEU 6:18,COPY_OR_MERGE,Deut.6.18
DEU 6:19,COPY_OR_MERGE,Deut.6.19
DEU 6:20,COPY_OR_MERGE,Deut.6.20
DEU 6:21,COPY_OR_MERGE,Deut.6.21
DEU 6:22,COPY_OR_MERGE,Deut.6.22
DEU 6:23,COPY_OR_MERGE,Deut.6.23
DEU 6:24,COPY_OR_MERGE,Deut.6.24
DEU 6:25,COPY_OR_MERGE,Deut.6.25
DEU 7:1,COPY_OR_MERGE,Deut.7.1
DEU 7:2,COPY_OR_MERGE,Deut.7.2
DEU 7:3,COPY_OR_MERGE,Deut.7.3
DEU 7:4,COPY_OR_MERGE,Deut.7.4
DEU 7:5,COPY_OR_MERGE,Deut.7.5
DEU 7:6,COPY_OR_MERGE,Deut.7.6
DEU 7:7,COPY_OR_MERGE,Deut.7.7
DEU 7:8,COPY_OR_MERGE,Deut.7.8
DEU 7:9,COPY_OR_MERGE,Deut.7.9
DEU 7:10,COPY_OR_MERGE,Deut.7.10
DEU 7:11,COPY_OR_MERGE,Deut.7.11
DEU 7:12,COPY_OR_MERGE,Deut.7.12
DEU 7:13,COPY_OR_MERGE,Deut.7.13
DEU 7:14,COPY_OR_MERGE,Deut.7.14
DEU 7:15,COPY_OR_MERGE,Deut.7.15
DEU 7:16,COPY_OR_MERGE,Deut.7.16
DEU 7:17,COPY_OR_MERGE,Deut.7.17
DEU 7:18,COPY_OR_MERGE,Deut.7.18
DEU 7:19,COPY_OR_MERGE,Deut.7.19
DEU 7:20,COPY_OR_MERGE,Deut.7.20
DEU 7:21,COPY_OR_MERGE,Deut.7.21
DEU 7:22,COPY_OR_MERGE,Deut.7.22
DEU 7:23,COPY_OR_MERGE,Deut.7.23
DEU 7:24,COPY_OR_MERGE,Deut.7.24
DEU 7:25,COPY_OR_MERGE,Deut.7.25
DEU 7:26,COPY_OR_MERGE,Deut.7.26
DEU 8:1,COPY_OR_MERGE,Deut.8.1
DEU 8:2,COPY_OR_MERGE,Deut.8.2
DEU 8:3,COPY_OR_MERGE,Deut.8.3
DEU 8:4,COPY_OR_MERGE,Deut.8.4
DEU 8:5,COPY_OR_MERGE,Deut.8.5
DEU 8:6,COPY_OR_MERGE,Deut.8.6
DEU 8:7,COPY_OR_MERGE,Deut.8.7
DEU 8:8,COPY_OR_MERGE,Deut.8.8
DEU 8:9,COPY_OR_MERGE,Deut.8.9
DEU 8:10,COPY_OR_MERGE,Deut.8.10
DEU 8:11,COPY_OR_MERGE,Deut.8.11
DEU 8:12,COPY_OR_MERGE,Deut.8.12
DEU 8:13,COPY_OR_MERGE,Deut.8.13
DEU 8:14,COPY_OR_MERGE,Deut.8.14
DEU 8:15,COPY_OR_MERGE,Deut.8.15
DEU 8:16,COPY_OR_MERGE,Deut.8.16
DEU 8:17,COPY_OR_MERGE,Deut.8.17
DEU 8:18,COPY_OR_MERGE,Deut.8.18
DEU 8:19,COPY_OR_MERGE,Deut.8.19
DEU 8:20,COPY_OR_MERGE,Deut.8.20
DEU 9:1,COPY_OR_MERGE,Deut.9.1
DEU 9:2,COPY_OR_MERGE,Deut.9.2
DEU 9:3,COPY_OR_MERGE,Deut.9.3
DEU 9:4,COPY_OR_MERGE,Deut.9.4
DEU 9:5,COPY_OR_MERGE,Deut.9.5
DEU 9:6,COPY_OR_MERGE,Deut.9.6
DEU 9:7,COPY_OR_MERGE,Deut.9.7
DEU 9:8,COPY_OR_MERGE,Deut.9.8
DEU 9:9,COPY_OR_MERGE,Deut.9.9
DEU 9:10,COPY_OR_MERGE,Deut.9.10
DEU 9:11,COPY_OR_MERGE,Deut.9.11
DEU 9:12,COPY_OR_MERGE,Deut.9.12
DEU 9:13,COPY_OR_MERGE,Deut.9.13
DEU 9:14,COPY_OR_MERGE,Deut.9.14
DEU 9:15,COPY_OR_MERGE,Deut.9.15
DEU 9:16,COPY_OR_MERGE,Deut.9.16
DEU 9:17,COPY_OR_MERGE,Deut.9.17
DEU 9:18,COPY_OR_MERGE,Deut.9.18
DEU 9:19,COPY_OR_MERGE,Deut.9.19
DEU 9:20,COPY_OR_MERGE,Deut.9.20
DEU 9:21,COPY_OR_MERGE,Deut.9.21
DEU 9:22,COPY_OR_MERGE,Deut.9.22
DEU 9:23,COPY_OR_MERGE,Deut.9.23
DEU 9:24,COPY_OR_MERGE,Deut.9.24
DEU 9:25,COPY_OR_MERGE,Deut.9.25
DEU 9:26,COPY_OR_MERGE,Deut.9.26
DEU 9:27,COPY_OR_MERGE,Deut.9.27
DEU 9:28,COPY_OR_MERGE,Deut.9.28
DEU 9:29,COPY_OR_MERGE,Deut.9.29
DEU 10:1,COPY_OR_MERGE,Deut.10.1
DEU 10:2,COPY_OR_MERGE,Deut.10.2
DEU 10:3,COPY_OR_MERGE,Deut.10.3
DEU 10:4,COPY_OR_MERGE,Deut.10.4
DEU 10:5,COPY_OR_MERGE,Deut.10.5
DEU 10:6,COPY_OR_MERGE,Deut.10.6
DEU 10:7,COPY_OR_MERGE,Deut.10.7
DEU 10:8,COPY_OR_MERGE,Deut.10.8
DEU 10:9,COPY_OR_MERGE,Deut.10.9
DEU 10:10,COPY_OR_MERGE,Deut.10.10
DEU 10:11,COPY_OR_MERGE,Deut.10.11
DEU 10:12,COPY_OR_MERGE,Deut.10.12
DEU 10:13,COPY_OR_MERGE,Deut.10.13
DEU 10:14,COPY_OR_MERGE,Deut.10.14
DEU 10:15,COPY_OR_MERGE,Deut.10.15
DEU 10:16,COPY_OR_MERGE,Deut.10.16
DEU 10:17,COPY_OR_MERGE,Deut.10.17
DEU 10:18,COPY_OR_MERGE,Deut.10.18
DEU 10:19,COPY_OR_MERGE,Deut.10.19
DEU 10:20,COPY_OR_MERGE,Deut.10.20
DEU 10:21,COPY_OR_MERGE,Deut.10.21
DEU 10:22,COPY_OR_MERGE,Deut.10.22
DEU 11:1,COPY_OR_MERGE,Deut.11.1
DEU 11:2,COPY_OR_MERGE,Deut.11.2
DEU 11:3,COPY_OR_MERGE,Deut.11.3
DEU 11:4,COPY_OR_MERGE,Deut.11.4
DEU 11:5,COPY_OR_MERGE,Deut.11.5
DEU 11:6,COPY_OR_MERGE,Deut.11.6
DEU 11:7,COPY_OR_MERGE,Deut.11.7
DEU 11:8,COPY_OR_MERGE,Deut.11.8
DEU 11:9,COPY_OR_MERGE,Deut.11.9
DEU 11:10,COPY_OR_MERGE,Deut.11.10
DEU 11:11,COPY_OR_MERGE,Deut.11.11
DEU 11:12,COPY_OR_MERGE,Deut.11.12
DEU 11:13,COPY_OR_MERGE,Deut.11.13
DEU 11:14,COPY_OR_MERGE,Deut.11.14
DEU 11:15,COPY_OR_MERGE,Deut.11.15
DEU 11:16,COPY_OR_MERGE,Deut.11.16
DEU 11:17,COPY_OR_MERGE,Deut.11.17
DEU 11:18,COPY_OR_MERGE,Deut.11.18
DEU 11:19,COPY_OR_MERGE,Deut.11.19
DEU 11:20,COPY_OR_MERGE,Deut.11.20
DEU 11:21,COPY_OR_MERGE,Deut.11.21
DEU 11:22,COPY_OR_MERGE,Deut.11.22
DEU 11:23,COPY_OR_MERGE,Deut.11.23
DEU 11:24,COPY_OR_MERGE,Deut.11.24
DEU 11:25,COPY_OR_MERGE,Deut.11.25
DEU 11:26,COPY_OR_MERGE,Deut.11.26
DEU 11:27,COPY_OR_MERGE,Deut.11.27
DEU 11:28,COPY_OR_MERGE,Deut.11.28
DEU 11:29,COPY_OR_MERGE,Deut.11.29
DEU 11:30,COPY_OR_MERGE,Deut.11.30
DEU 11:31,COPY_OR_MERGE,Deut.11.31
DEU 11:32,COPY_OR_MERGE,Deut.11.32
DEU 12:1,COPY_OR_MERGE,Deut.12.1
DEU 12:2,COPY_OR_MERGE,Deut.12.2
DEU 12:3,COPY_OR_MERGE,Deut.12.3
DEU 12:4,COPY_OR_MERGE,Deut.12.4
DEU 12:5,COPY_OR_MERGE,Deut.12.5
DEU 12:6,COPY_OR_MERGE,Deut.12.6
DEU 12:7,COPY_OR_MERGE,Deut.12.7
DEU 12:8,COPY_OR_MERGE,Deut.12.8
DEU 12:9,COPY_OR_MERGE,Deut.12.9
DEU 12:10,COPY_OR_MERGE,Deut.12.10
DEU 12:11,COPY_OR_MERGE,Deut.12.11
DEU 12:12,COPY_OR_MERGE,Deut.12.12
DEU 12:13,COPY_OR_MERGE,Deut.12.13
DEU 12:14,COPY_OR_MERGE,Deut.12.14
DEU 12:15,COPY_OR_MERGE,Deut.12.15
DEU 12:16,COPY_OR_MERGE,Deut.12.16
DEU 12:17,COPY_OR_MERGE,Deut.12.17
DEU 12:18,COPY_OR_MERGE,Deut.12.18
DEU 12:19,COPY_OR_MERGE,Deut.12.19
DEU 12:20,COPY_OR_MERGE,Deut.12.20
DEU 12:21,COPY_OR_MERGE,Deut.12.21
DEU 12:22,COPY_OR_MERGE,Deut.12.22
DEU 12:23,COPY_OR_MERGE,Deut.12.23
DEU 12:24,COPY_OR_MERGE,Deut.12.24
DEU 12:25,COPY_OR_MERGE,Deut.12.25
DEU 12:26,COPY_OR_MERGE,Deut.12.26
DEU 12:27,COPY_OR_MERGE,Deut.12.27
DEU 12:28,COPY_OR_MERGE,Deut.12.28
DEU 12:29,COPY_OR_MERGE,Deut.12.29
DEU 12:30,COPY_OR_MERGE,Deut.12.30
DEU 12:31,COPY_OR_MERGE,Deut.12.31
DEU 12:32,COPY_OR_MERGE,Deut.13.1
DEU 13:1,COPY_OR_MERGE,Deut.13.2
DEU 13:2,COPY_OR_MERGE,Deut.13.3
DEU 13:3,COPY_OR_MERGE,Deut.13.4
DEU 13:4,COPY_OR_MERGE,Deut.13.5
DEU 13:5,COPY_OR_MERGE,Deut.13.6
DEU 13:6,COPY_OR_MERGE,Deut.13.7
DEU 13:7,COPY_OR_MERGE,Deut.13.8
DEU 13:8,COPY_OR_MERGE,Deut.13.9
DEU 13:9,COPY_OR_MERGE,Deut.13.10
DEU 13:10,COPY_OR_MERGE,Deut.13.11
DEU 13:11,COPY_OR_MERGE,Deut.13.12
DEU 13:12,COPY_OR_MERGE,Deut.13.13
DEU 13:13,COPY_OR_MERGE,Deut.13.14
DEU 13:14,COPY_OR_MERGE,Deut.13.15
DEU 13:15,COPY_OR_MERGE,Deut.13.16
DEU 13:16,COPY_OR_MERGE,Deut.13.17
DEU 13:17,COPY_OR_MERGE,Deut.13.18
DEU 13:18,COPY_OR_MERGE,Deut.13.19
DEU 14:1,COPY_OR_MERGE,Deut.14.1
DEU 14:2,COPY_OR_MERGE,Deut.14.2
DEU 14:3,COPY_OR_MERGE,Deut.14.3
DEU 14:4,COPY_OR_MERGE,Deut.14.4
DEU 14:5,COPY_OR_MERGE,Deut.14.5
DEU 14:6,COPY_OR_MERGE,Deut.14.6
DEU 14:7,COPY_OR_MERGE,Deut.14.7
DEU 14:8,COPY_OR_MERGE,Deut.14.8
DEU 14:9,COPY_OR_MERGE,Deut.14.9
DEU 14:10,COPY_OR_MERGE,Deut.14.10
DEU 14:11,COPY_OR_MERGE,Deut.14.11
DEU 14:12,COPY_OR_MERGE,Deut.14.12
DEU 14:13,COPY_OR_MERGE,Deut.14.13
DEU 14:14,COPY_OR_MERGE,Deut.14.14
DEU 14:15,COPY_OR_MERGE,Deut.14.15
DEU 14:16,COPY_OR_MERGE,Deut.14.16
DEU 14:17,COPY_OR_MERGE,Deut.14.17
DEU 14:18,COPY_OR_MERGE,Deut.14.18
DEU 14:19,COPY_OR_MERGE,Deut.14.19
DEU 14:20,COPY_OR_MERGE,Deut.14.20
DEU 14:21,COPY_OR_MERGE,Deut.14.21
DEU 14:22,COPY_OR_MERGE,Deut.14.22
DEU 14:23,COPY_OR_MERGE,Deut.14.23
DEU 14:24,COPY_OR_MERGE,Deut.14.24
DEU 14:25,COPY_OR_MERGE,Deut.14.25
DEU 14:26,COPY_OR_MERGE,Deut.14.26
DEU 14:27,COPY_OR_MERGE,Deut.14.27
DEU 14:28,COPY_OR_MERGE,Deut.14.28
DEU 14:29,COPY_OR_MERGE,Deut.14.29
DEU 15:1,COPY_OR_MERGE,Deut.15.1
DEU 15:2,COPY_OR_MERGE,Deut.15.2
DEU 15:3,COPY_OR_MERGE,Deut.15.3
DEU 15:4,COPY_OR_MERGE,Deut.15.4
DEU 15:5,COPY_OR_MERGE,Deut.15.5
DEU 15:6,COPY_OR_MERGE,Deut.15.6
DEU 15:7,COPY_OR_MERGE,Deut.15.7
DEU 15:8,COPY_OR_MERGE,Deut.15.8
DEU 15:9,COPY_OR_MERGE,Deut.15.9
DEU 15:10,COPY_OR_MERGE,Deut.15.10
DEU 15:11,COPY_OR_MERGE,Deut.15.11
DEU 15:12,COPY_OR_MERGE,Deut.15.12
DEU 15:13,COPY_OR_MERGE,Deut.15.13
DEU 15:14,COPY_OR_MERGE,Deut.15.14
DEU 15:15,COPY_OR_MERGE,Deut.15.15
DEU 15:16,COPY_OR_MERGE,Deut.15.16
DEU 15:17,COPY_OR_MERGE,Deut.15.17
DEU 15:18,COPY_OR_MERGE,Deut.15.18
DEU 15:19,COPY_OR_MERGE,Deut.15.19
DEU 15:20,COPY_OR_MERGE,Deut.15.20
DEU 15:21,COPY_OR_MERGE,Deut.15.21
DEU 15:22,COPY_OR_MERGE,Deut.15.22
DEU 15:23,COPY_OR_MERGE,Deut.15.23
DEU 16:1,COPY_OR_MERGE,Deut.16.1
DEU 16:2,COPY_OR_MERGE,Deut.16.2
DEU 16:3,COPY_OR_MERGE,Deut.16.3
DEU 16:4,COPY_OR_MERGE,Deut.16.4
DEU 16:5,COPY_OR_MERGE,Deut.16.5
DEU 16:6,COPY_OR_MERGE,Deut.16.6
DEU 16:7,COPY_OR_MERGE,Deut.16.7
DEU 16:8,COPY_OR_MERGE,Deut.16.8
DEU 16:9,COPY_OR_MERGE,Deut.16.9
DEU 16:10,COPY_OR_MERGE,Deut.16.10
DEU 16:11,COPY_OR_MERGE,Deut.16.11
DEU 16:12,COPY_OR_MERGE,Deut.16.12
DEU 16:13,COPY_OR_MERGE,Deut.16.13
DEU 16:14,COPY_OR_MERGE,Deut.16.14
DEU 16:15,COPY_OR_MERGE,Deut.16.15
DEU 16:16,COPY_OR_MERGE,Deut.16.16
DEU 16:17,COPY_OR_MERGE,Deut.16.17
DEU 16:18,COPY_OR_MERGE,Deut.16.18
DEU 16:19,COPY_OR_MERGE,Deut.16.19
DEU 16:20,COPY_OR_MERGE,Deut.16.20
DEU 16:21,COPY_OR_MERGE,Deut.16.21
DEU 16:22,COPY_OR_MERGE,Deut.16.22
DEU 17:1,COPY_OR_MERGE,Deut.17.1
DEU 17:2,COPY_OR_MERGE,Deut.17.2
DEU 17:3,COPY_OR_MERGE,Deut.17.3
DEU 17:4,COPY_OR_MERGE,Deut.17.4
DEU 17:5,COPY_OR_MERGE,Deut.17.5
DEU 17:6,COPY_OR_MERGE,Deut.17.6
DEU 17:7,COPY_OR_MERGE,Deut.17.7
DEU 17:8,COPY_OR_MERGE,Deut.17.8
DEU 17:9,COPY_OR_MERGE,Deut.17.9
DEU 17:10,COPY_OR_MERGE,Deut.17.10
DEU 17:11,COPY_OR_MERGE,Deut.17.11
DEU 17:12,COPY_OR_MERGE,Deut.17.12
DEU 17:13,COPY_OR_MERGE,Deut.17.13
DEU 17:14,COPY_OR_MERGE,Deut.17.14
DEU 17:15,COPY_OR_MERGE,Deut.17.15
DEU 17:16,COPY_OR_MERGE,Deut.17.16
DEU 17:17,COPY_OR_MERGE,Deut.17.17
DEU 17:18,COPY_OR_MERGE,Deut.17.18
DEU 17:19,COPY_OR_MERGE,Deut.17.19
DEU 17:20,COPY_OR_MERGE,Deut.17.20
DEU 18:1,COPY_OR_MERGE,Deut.18.1
DEU 18:2,COPY_OR_MERGE,Deut.18.2
DEU 18:3,COPY_OR_MERGE,Deut.18.3
DEU 18:4,COPY_OR_MERGE,Deut.18.4
DEU 18:5,COPY_OR_MERGE,Deut.18.5
DEU 18:6,COPY_OR_MERGE,Deut.18.6
DEU 18:7,COPY_OR_MERGE,Deut.18.7
DEU 18:8,COPY_OR_MERGE,Deut.18.8
DEU 18:9,COPY_OR_MERGE,Deut.18.9
DEU 18:10,COPY_OR_MERGE,Deut.18.10
DEU 18:11,COPY_OR_MERGE,Deut.18.11
DEU 18:12,COPY_OR_MERGE,Deut.18.12
DEU 18:13,COPY_OR_MERGE,Deut.18.13
DEU 18:14,COPY_OR_MERGE,Deut.18.14
DEU 18:15,COPY_OR_MERGE,Deut.18.15
DEU 18:16,COPY_OR_MERGE,Deut.18.16
DEU 18:17,COPY_OR_MERGE,Deut.18.17
DEU 18:18,COPY_OR_MERGE,Deut.18.18
DEU 18:19,COPY_OR_MERGE,Deut.18.19
DEU 18:20,COPY_OR_MERGE,Deut.18.20
DEU 18:21,COPY_OR_MERGE,Deut.18.21
DEU 18:22,COPY_OR_MERGE,Deut.18.22
DEU 19:1,COPY_OR_MERGE,Deut.19.1
DEU 19:2,COPY_OR_MERGE,Deut.19.2
DEU 19:3,COPY_OR_MERGE,Deut.19.3
DEU 19:4,COPY_OR_MERGE,Deut.19.4
DEU 19:5,COPY_OR_MERGE,Deut.19.5
DEU 19:6,COPY_OR_MERGE,Deut.19.6
DEU 19:7,COPY_OR_MERGE,Deut.19.7
DEU 19:8,COPY_OR_MERGE,Deut.19.8
DEU 19:9,COPY_OR_MERGE,Deut.19.9
DEU 19:10,COPY_OR_MERGE,Deut.19.10
DEU 19:11,COPY_OR_MERGE,Deut.19.11
DEU 19:12,COPY_OR_MERGE,Deut.19.12
DEU 19:13,COPY_OR_MERGE,Deut.19.13
DEU 19:14,COPY_OR_MERGE,Deut.19.14
DEU 19:15,COPY_OR_MERGE,Deut.19.15
DEU 19:16,COPY_OR_MERGE,Deut.19.16
DEU 19:17,COPY_OR_MERGE,Deut.19.17
DEU 19:18,COPY_OR_MERGE,Deut.19.18
DEU 19:19,COPY_OR_MERGE,Deut.19.19
DEU 19:20,COPY_OR_MERGE,Deut.19.20
DEU 19:21,COPY_OR_MERGE,Deut.19.21
DEU 20:1,COPY_OR_MERGE,Deut.20.1
DEU 20:2,COPY_OR_MERGE,Deut.20.2
DEU 20:3,COPY_OR_MERGE,Deut.20.3
DEU 20:4,COPY_OR_MERGE,Deut.20.4
DEU 20:5,COPY_OR_MERGE,Deut.20.5
DEU 20:6,COPY_OR_MERGE,Deut.20.6
DEU 20:7,COPY_OR_MERGE,Deut.20.7
DEU 20:8,COPY_OR_MERGE,Deut.20.8
DEU 20:9,COPY_OR_MERGE,Deut.20.9
DEU 20:10,COPY_OR_MERGE,Deut.20.10
DEU 20:11,COPY_OR_MERGE,Deut.20.11
DEU 20:12,COPY_OR_MERGE,Deut.20.12
DEU 20:13,COPY_OR_MERGE,Deut.20.13
DEU 20:14,COPY_OR_MERGE,Deut.20.14
DEU 20:15,COPY_OR_MERGE,Deut.20.15
DEU 20:16,COPY_OR_MERGE,Deut.20.16
DEU 20:17,COPY_OR_MERGE,Deut.20.17
DEU 20:18,COPY_OR_MERGE,Deut.20.18
DEU 20:19,COPY_OR_MERGE,Deut.20.19
DEU 20:20,COPY_OR_MERGE,Deut.20.20
DEU 21:1,COPY_OR_MERGE,Deut.21.1
DEU 21:2,COPY_OR_MERGE,Deut.21.2
DEU 21:3,COPY_OR_MERGE,Deut.21.3
DEU 21:4,COPY_OR_MERGE,Deut.21.4
DEU 21:5,COPY_OR_MERGE,Deut.21.5
DEU 21:6,COPY_OR_MERGE,Deut.21.6
DEU 21:7,COPY_OR_MERGE,Deut.21.7
DEU 21:8,COPY_OR_MERGE,Deut.21.8
DEU 21:9,COPY_OR_MERGE,Deut.21.9
DEU 21:10,COPY_OR_MERGE,Deut.21.10
DEU 21:11,COPY_OR_MERGE,Deut.21.11
DEU 21:12,COPY_OR_MERGE,Deut.21.12
DEU 21:13,COPY_OR_MERGE,Deut.21.13
DEU 21:14,COPY_OR_MERGE,Deut.21.14
DEU 21:15,COPY_OR_MERGE,Deut.21.15
DEU 21:16,COPY_OR_MERGE,Deut.21.16
DEU 21:17,COPY_OR_MERGE,Deut.21.17
DEU 21:18,COPY_OR_MERGE,Deut.21.18
DEU 21:19,COPY_OR_MERGE,Deut.21.19
DEU 21:20,COPY_OR_MERGE,Deut.21.20
DEU 21:21,COPY_OR_MERGE,Deut.21.21
DEU 21:22,COPY_OR_MERGE,Deut.21.22
DEU 21:23,COPY_OR_MERGE,Deut.21.23
DEU 22:1,COPY_OR_MERGE,Deut.22.1
DEU 22:2,COPY_OR_MERGE,Deut.22.2
DEU 22:3,COPY_OR_MERGE,Deut.22.3
DEU 22:4,COPY_OR_MERGE,Deut.22.4
DEU 22:5,COPY_OR_MERGE,Deut.22.5
DEU 22:6,COPY_OR_MERGE,Deut.22.6
DEU 22:7,COPY_OR_MERGE,Deut.22.7
DEU 22:8,COPY_OR_MERGE,Deut.22.8
DEU 22:9,COPY_OR_MERGE,Deut.22.9
DEU 22:10,COPY_OR_MERGE,Deut.22.10
DEU 22:11,COPY_OR_MERGE,Deut.22.11
DEU 22:12,COPY_OR_MERGE,Deut.22.12
DEU 22:13,COPY_OR_MERGE,Deut.22.13
DEU 22:14,COPY_OR_MERGE,Deut.22.14
DEU 22:15,COPY_OR_MERGE,Deut.22.15
DEU 22:16,COPY_OR_MERGE,Deut.22.16
DEU 22:17,COPY_OR_MERGE,Deut.22.17
DEU 22:18,COPY_OR_MERGE,Deut.22.18
DEU 22:19,COPY_OR_MERGE,Deut.22.19
DEU 22:20,COPY_OR_MERGE,Deut.22.20
DEU 22:21,COPY_OR_MERGE,Deut.22.21
DEU 22:22,COPY_OR_MERGE,Deut.22.22
DEU 22:23,COPY_OR_MERGE,Deut.22.23
DEU 22:24,COPY_OR_MERGE,Deut.22.24
DEU 22:25,COPY_OR_MERGE,Deut.22.25
DEU 22:26,COPY_OR_MERGE,Deut.22.26
DEU 22:27,COPY_OR_MERGE,Deut.22.27
DEU 22:28,COPY_OR_MERGE,Deut.22.28
DEU 22:29,COPY_OR_MERGE,Deut.22.29
DEU 22:30,COPY_OR_MERGE,Deut.23.1
DEU 23:1,COPY_OR_MERGE,Deut.23.2
DEU 23:2,COPY_OR_MERGE,Deut.23.3
DEU 23:3,COPY_OR_MERGE,Deut.23.4
DEU 23:4,COPY_OR_MERGE,Deut.23.5
DEU 23:5,COPY_OR_MERGE,Deut.23.6
DEU 23:6,COPY_OR_MERGE,Deut.23.7
DEU 23:7,COPY_OR_MERGE,Deut.23.8
DEU 23:8,COPY_OR_MERGE,Deut.23.9
DEU 23:9,COPY_OR_MERGE,Deut.23.10
DEU 23:10,COPY_OR_MERGE,Deut.23.11
DEU 23:11,COPY_OR_MERGE,Deut.23.12
DEU 23:12,COPY_OR_MERGE,Deut.23.13
DEU 23:13,COPY_OR_MERGE,Deut.23.14
DEU 23:14,COPY_OR_MERGE,Deut.23.15
DEU 23:15,COPY_OR_MERGE,Deut.23.16
DEU 23:16,COPY_OR_MERGE,Deut.23.17
DEU 23:17,COPY_OR_MERGE,Deut.23.18
DEU 23:18,COPY_OR_MERGE,Deut.23.19
DEU 23:19,COPY_OR_MERGE,Deut.23.20
DEU 23:20,COPY_OR_MERGE,Deut.23.21
DEU 23:21,COPY_OR_MERGE,Deut.23.22
DEU 23:22,COPY_OR_MERGE,Deut.23.23
DEU 23:23,COPY_OR_MERGE,Deut.23.24
DEU 23:24,COPY_OR_MERGE,Deut.23.25
DEU 23:25,COPY_OR_MERGE,Deut.23.26
DEU 24:1,COPY_OR_MERGE,Deut.24.1
DEU 24:2,COPY_OR_MERGE,Deut.24.2
DEU 24:3,COPY_OR_MERGE,Deut.24.3
DEU 24:4,COPY_OR_MERGE,Deut.24.4
DEU 24:5,COPY_OR_MERGE,Deut.24.5
DEU 24:6,COPY_OR_MERGE,Deut.24.6
DEU 24:7,COPY_OR_MERGE,Deut.24.7
DEU 24:8,COPY_OR_MERGE,Deut.24.8
DEU 24:9,COPY_OR_MERGE,Deut.24.9
DEU 24:10,COPY_OR_MERGE,Deut.24.10
DEU 24:11,COPY_OR_MERGE,Deut.24.11
DEU 24:12,COPY_OR_MERGE,Deut.24.12
DEU 24:13,COPY_OR_MERGE,Deut.24.13
DEU 24:14,COPY_OR_MERGE,Deut.24.14
DEU 24:15,COPY_OR_MERGE,Deut.24.15
DEU 24:16,COPY_OR_MERGE,Deut.24.16
DEU 24:17,COPY_OR_MERGE,Deut.24.17
DEU 24:18,COPY_OR_MERGE,Deut.24.18
DEU 24:19,COPY_OR_MERGE,Deut.24.19
DEU 24:20,COPY_OR_MERGE,Deut.24.20
DEU 24:21,COPY_OR_MERGE,Deut.24.21
DEU 24:22,COPY_OR_MERGE,Deut.24.22
DEU 25:1,COPY_OR_MERGE,Deut.25.1
DEU 25:2,COPY_OR_MERGE,Deut.25.2
DEU 25:3,COPY_OR_MERGE,Deut.25.3
DEU 25:4,COPY_OR_MERGE,Deut.25.4
DEU 25:5,COPY_OR_MERGE,Deut.25.5
DEU 25:6,COPY_OR_MERGE,Deut.25.6
DEU 25:7,COPY_OR_MERGE,Deut.25.7
DEU 25:8,COPY_OR_MERGE,Deut.25.8
DEU 25:9,COPY_OR_MERGE,Deut.25.9
DEU 25:10,COPY_OR_MERGE,Deut.25.10
DEU 25:11,COPY_OR_MERGE,Deut.25.11
DEU 25:12,COPY_OR_MERGE,Deut.25.12
DEU 25:13,COPY_OR_MERGE,Deut.25.13
DEU 25:14,COPY_OR_MERGE,Deut.25.14
DEU 25:15,COPY_OR_MERGE,Deut.25.15
DEU 25:16,COPY_OR_MERGE,Deut.25.16
DEU 25:17,COPY_OR_MERGE,Deut.25.17
DEU 25:18,COPY_OR_MERGE,Deut.25.18
DEU 25:19,COPY_OR_MERGE,Deut.25.19
DEU 26:1,COPY_OR_MERGE,Deut.26.1
DEU 26:2,COPY_OR_MERGE,Deut.26.2
DEU 26:3,COPY_OR_MERGE,Deut.26.3
DEU 26:4,COPY_OR_MERGE,Deut.26.4
DEU 26:5,COPY_OR_MERGE,Deut.26.5
DEU 26:6,COPY_OR_MERGE,Deut.26.6
DEU 26:7,COPY_OR_MERGE,Deut.26.7
DEU 26:8,COPY_OR_MERGE,Deut.26.8
DEU 26:9,COPY_OR_MERGE,Deut.26.9
DEU 26:10,COPY_OR_MERGE,Deut.26.10
DEU 26:11,COPY_OR_MERGE,Deut.26.11
DEU 26:12,COPY_OR_MERGE,Deut.26.12
DEU 26:13,COPY_OR_MERGE,Deut.26.13
DEU 26:14,COPY_OR_MERGE,Deut.26.14
DEU 26:15,COPY_OR_MERGE,Deut.26.15
DEU 26:16,COPY_OR_MERGE,Deut.26.16
DEU 26:17,COPY_OR_MERGE,Deut.26.17
DEU 26:18,COPY_OR_MERGE,Deut.26.18
DEU 26:19,COPY_OR_MERGE,Deut.26.19
DEU 27:1,COPY_OR_MERGE,Deut.27.1
DEU 27:2,COPY_OR_MERGE,Deut.27.2
DEU 27:3,COPY_OR_MERGE,Deut.27.3
DEU 27:4,COPY_OR_MERGE,Deut.27.4
DEU 27:5,COPY_OR_MERGE,Deut.27.5
DEU 27:6,COPY_OR_MERGE,Deut.27.6
DEU 27:7,COPY_OR_MERGE,Deut.27.7
DEU 27:8,COPY_OR_MERGE,Deut.27.8
DEU 27:9,COPY_OR_MERGE,Deut.27.9
DEU 27:10,COPY_OR_MERGE,Deut.27.10
DEU 27:11,COPY_OR_MERGE,Deut.27.11
DEU 27:12,COPY_OR_MERGE,Deut.27.12
DEU 27:13,COPY_OR_MERGE,Deut.27.13
DEU 27:14,COPY_OR_MERGE,Deut.27.14
DEU 27:15,COPY_OR_MERGE,Deut.27.15
DEU 27:16,COPY_OR_MERGE,Deut.27.16
DEU 27:17,COPY_OR_MERGE,Deut.27.17
DEU 27:18,COPY_OR_MERGE,Deut.27.18
DEU 27:19,COPY_OR_MERGE,Deut.27.19
DEU 27:20,COPY_OR_MERGE,Deut.27.20
DEU 27:21,COPY_OR_MERGE,Deut.27.21
DEU 27:22,COPY_OR_MERGE,Deut.27.22
DEU 27:23,COPY_OR_MERGE,Deut.27.23
DEU 27:24,COPY_OR_MERGE,Deut.27.24
DEU 27:25,COPY_OR_MERGE,Deut.27.25
DEU 27:26,COPY_OR_MERGE,Deut.27.26
DEU 28:1,COPY_OR_MERGE,Deut.28.1
DEU 28:2,COPY_OR_MERGE,Deut.28.2
DEU 28:3,COPY_OR_MERGE,Deut.28.3
DEU 28:4,COPY_OR_MERGE,Deut.28.4
DEU 28:5,COPY_OR_MERGE,Deut.28.5
DEU 28:6,COPY_OR_MERGE,Deut.28.6
DEU 28:7,COPY_OR_MERGE,Deut.28.7
DEU 28:8,COPY_OR_MERGE,Deut.28.8
DEU 28:9,COPY_OR_MERGE,Deut.28.9
DEU 28:10,COPY_OR_MERGE,Deut.28.10
DEU 28:11,COPY_OR_MERGE,Deut.28.11
DEU 28:12,COPY_OR_MERGE,Deut.28.12
DEU 28:13,COPY_OR_MERGE,Deut.28.13
DEU 28:14,COPY_OR_MERGE,Deut.28.14
DEU 28:15,COPY_OR_MERGE,Deut.28.15
DEU 28:16,COPY_OR_MERGE,Deut.28.16
DEU 28:17,COPY_OR_MERGE,Deut.28.17
DEU 28:18,COPY_OR_MERGE,Deut.28.18
DEU 28:19,COPY_OR_MERGE,Deut.28.19
DEU 28:20,COPY_OR_MERGE,Deut.28.20
DEU 28:21,COPY_OR_MERGE,Deut.28.21
DEU 28:22,COPY_OR_MERGE,Deut.28.22
DEU 28:23,COPY_OR_MERGE,Deut.28.23
DEU 28:24,COPY_OR_MERGE,Deut.28.24
DEU 28:25,COPY_OR_MERGE,Deut.28.25
DEU 28:26,COPY_OR_MERGE,Deut.28.26
DEU 28:27,COPY_OR_MERGE,Deut.28.27
DEU 28:28,COPY_OR_MERGE,Deut.28.28
DEU 28:29,COPY_OR_MERGE,Deut.28.29
DEU 28:30,COPY_OR_MERGE,Deut.28.30
DEU 28:31,COPY_OR_MERGE,Deut.28.31
DEU 28:32,COPY_OR_MERGE,Deut.28.32
DEU 28:33,COPY_OR_MERGE,Deut.28.33
DEU 28:34,COPY_OR_MERGE,Deut.28.34
DEU 28:35,COPY_OR_MERGE,Deut.28.35
DEU 28:36,COPY_OR_MERGE,Deut.28.36
DEU 28:37,COPY_OR_MERGE,Deut.28.37
DEU 28:38,COPY_OR_MERGE,Deut.28.38
DEU 28:39,COPY_OR_MERGE,Deut.28.39
DEU 28:40,COPY_OR_MERGE,Deut.28.40
DEU 28:41,COPY_OR_MERGE,Deut.28.41
DEU 28:42,COPY_OR_MERGE,Deut.28.42
DEU 28:43,COPY_OR_MERGE,Deut.28.43
DEU 28:44,COPY_OR_MERGE,Deut.28.44
DEU 28:45,COPY_OR_MERGE,Deut.28.45
DEU 28:46,COPY_OR_MERGE,Deut.28.46
DEU 28:47,COPY_OR_MERGE,Deut.28.47
DEU 28:48,COPY_OR_MERGE,Deut.28.48
DEU 28:49,COPY_OR_MERGE,Deut.28.49
DEU 28:50,COPY_OR_MERGE,Deut.28.50
DEU 28:51,COPY_OR_MERGE,Deut.28.51
DEU 28:52,COPY_OR_MERGE,Deut.28.52
DEU 28:53,COPY_OR_MERGE,Deut.28.53
DEU 28:54,COPY_OR_MERGE,Deut.28.54
DEU 28:55,COPY_OR_MERGE,Deut.28.55
DEU 28:56,COPY_OR_MERGE,Deut.28.56
DEU 28:57,COPY_OR_MERGE,Deut.28.57
DEU 28:58,COPY_OR_MERGE,Deut.28.58
DEU 28:59,COPY_OR_MERGE,Deut.28.59
DEU 28:60,COPY_OR_MERGE,Deut.28.60
DEU 28:61,COPY_OR_MERGE,Deut.28.61
DEU 28:62,COPY_OR_MERGE,Deut.28.62
DEU 28:63,COPY_OR_MERGE,Deut.28.63
DEU 28:64,COPY_OR_MERGE,Deut.28.64
DEU 28:65,COPY_OR_MERGE,Deut.28.65
DEU 28:66,COPY_OR_MERGE,Deut.28.66
DEU 28:67,COPY_OR_MERGE,Deut.28.67
DEU 28:68,COPY_OR_MERGE,Deut.28.68
DEU 29:1,COPY_OR_MERGE,Deut.28.69
DEU 29:2,COPY_OR_MERGE,Deut.29.1
DEU 29:3,COPY_OR_MERGE,Deut.29.2
DEU 29:4,COPY_OR_MERGE,Deut.29.3
DEU 29:5,COPY_OR_MERGE,Deut.29.4
DEU 29:6,COPY_OR_MERGE,Deut.29.5
DEU 29:7,COPY_OR_MERGE,Deut.29.6
DEU 29:8,COPY_OR_MERGE,Deut.29.7
DEU 29:9,COPY_OR_MERGE,Deut.29.8
DEU 29:10,COPY_OR_MERGE,Deut.29.9
DEU 29:11,COPY_OR_MERGE,Deut.29.10
DEU 29:12,COPY_OR_MERGE,Deut.29.11
DEU 29:13,COPY_OR_MERGE,Deut.29.12
DEU 29:14,COPY_OR_MERGE,Deut.29.13
DEU 29:15,COPY_OR_MERGE,Deut.29.14
DEU 29:16,COPY_OR_MERGE,Deut.29.15
DEU 29:17,COPY_OR_MERGE,Deut.29.16
DEU 29:18,COPY_OR_MERGE,Deut.29.17
DEU 29:19,COPY_OR_MERGE,Deut.29.18
DEU 29:20,COPY_OR_MERGE,Deut.29.19
DEU 29:21,COPY_OR_MERGE,Deut.29.20
DEU 29:22,COPY_OR_MERGE,Deut.29.21
DEU 29:23,COPY_OR_MERGE,Deut.29.22
DEU 29:24,COPY_OR_MERGE,Deut.29.23
DEU 29:25,COPY_OR_MERGE,Deut.29.24
DEU 29:26,COPY_OR_MERGE,Deut.29.25
DEU 29:27,COPY_OR_MERGE,Deut.29.26
DEU 29:28,COPY_OR_MERGE,Deut.29.27
DEU 29:29,COPY_OR_MERGE,Deut.29.28
DEU 30:1,COPY_OR_MERGE,Deut.30.1
DEU 30:2,COPY_OR_MERGE,Deut.30.2
DEU 30:3,COPY_OR_MERGE,Deut.30.3
DEU 30:4,COPY_OR_MERGE,Deut.30.4
DEU 30:5,COPY_OR_MERGE,Deut.30.5
DEU 30:6,COPY_OR_MERGE,Deut.30.6
DEU 30:7,COPY_OR_MERGE,Deut.30.7
DEU 30:8,COPY_OR_MERGE,Deut.30.8
DEU 30:9,COPY_OR_MERGE,Deut.30.9
DEU 30:10,COPY_OR_MERGE,Deut.30.10
DEU 30:11,COPY_OR_MERGE,Deut.30.11
DEU 30:12,COPY_OR_MERGE,Deut.30.12
DEU 30:13,COPY_OR_MERGE,Deut.30.13
DEU 30:14,COPY_OR_MERGE,Deut.30.14
DEU 30:15,COPY_OR_MERGE,Deut.30.15
DEU 30:16,COPY_OR_MERGE,Deut.30.16
DEU 30:17,COPY_OR_MERGE,Deut.30.17
DEU 30:18,COPY_OR_MERGE,Deut.30.18
DEU 30:19,COPY_OR_MERGE,Deut.30.19
DEU 30:20,COPY_OR_MERGE,Deut.30.20
DEU 31:1,COPY_OR_MERGE,Deut.31.1
DEU 31:2,COPY_OR_MERGE,Deut.31.2
DEU 31:3,COPY_OR_MERGE,Deut.31.3
DEU 31:4,COPY_OR_MERGE,Deut.31.4
DEU 31:5,COPY_OR_MERGE,Deut.31.5
DEU 31:6,COPY_OR_MERGE,Deut.31.6
DEU 31:7,COPY_OR_MERGE,Deut.31.7
DEU 31:8,COPY_OR_MERGE,Deut.31.8
DEU 31:9,COPY_OR_MERGE,Deut.31.9
DEU 31:10,COPY_OR_MERGE,Deut.31.10
DEU 31:11,COPY_OR_MERGE,Deut.31.11
DEU 31:12,COPY_OR_MERGE,Deut.31.12
DEU 31:13,COPY_OR_MERGE,Deut.31.13
DEU 31:14,COPY_OR_MERGE,Deut.31.14
DEU 31:15,COPY_OR_MERGE,Deut.31.15
DEU 31:16,COPY_OR_MERGE,Deut.31.16
DEU 31:17,COPY_OR_MERGE,Deut.31.17
DEU 31:18,COPY_OR_MERGE,Deut.31.18
DEU 31:19,COPY_OR_MERGE,Deut.31.19
DEU 31:20,COPY_OR_MERGE,Deut.31.20
DEU 31:21,COPY_OR_MERGE,Deut.31.21
DEU 31:22,COPY_OR_MERGE,Deut.31.22
DEU 31:23,COPY_OR_MERGE,Deut.31.23
DEU 31:24,COPY_OR_MERGE,Deut.31.24
DEU 31:25,COPY_OR_MERGE,Deut.31.25
DEU 31:26,COPY_OR_MERGE,Deut.31.26
DEU 31:27,COPY_OR_MERGE,Deut.31.27
DEU 31:28,COPY_OR_MERGE,Deut.31.28
DEU 31:29,COPY_OR_MERGE,Deut.31.29
DEU 31:30,COPY_OR_MERGE,Deut.31.30
DEU 32:1,COPY_OR_MERGE,Deut.32.1
DEU 32:2,COPY_OR_MERGE,Deut.32.2
DEU 32:3,COPY_OR_MERGE,Deut.32.3
DEU 32:4,COPY_OR_MERGE,Deut.32.4
DEU 32:5,COPY_OR_MERGE,Deut.32.5
DEU 32:6,COPY_OR_MERGE,Deut.32.6
DEU 32:7,COPY_OR_MERGE,Deut.32.7
DEU 32:8,COPY_OR_MERGE,Deut.32.8
DEU 32:9,COPY_OR_MERGE,Deut.32.9
DEU 32:10,COPY_OR_MERGE,Deut.32.10
DEU 32:11,COPY_OR_MERGE,Deut.32.11
DEU 32:12,COPY_OR_MERGE,Deut.32.12
DEU 32:13,COPY_OR_MERGE,Deut.32.13
DEU 32:14,COPY_OR_MERGE,Deut.32.14
DEU 32:15,COPY_OR_MERGE,Deut.32.15
DEU 32:16,COPY_OR_MERGE,Deut.32.16
DEU 32:17,COPY_OR_MERGE,Deut.32.17
DEU 32:18,COPY_OR_MERGE,Deut.32.18
DEU 32:19,COPY_OR_MERGE,Deut.32.19
DEU 32:20,COPY_OR_MERGE,Deut.32.20
DEU 32:21,COPY_OR_MERGE,Deut.32.21
DEU 32:22,COPY_OR_MERGE,Deut.32.22
DEU 32:23,COPY_OR_MERGE,Deut.32.23
DEU 32:24,COPY_OR_MERGE,Deut.32.24
DEU 32:25,COPY_OR_MERGE,Deut.32.25
DEU 32:26,COPY_OR_MERGE,Deut.32.26
DEU 32:27,COPY_OR_MERGE,Deut.32.27
DEU 32:28,COPY_OR_MERGE,Deut.32.28
DEU 32:29,COPY_OR_MERGE,Deut.32.29
DEU 32:30,COPY_OR_MERGE,Deut.32.30
DEU 32:31,COPY_OR_MERGE,Deut.32.31
DEU 32:32,COPY_OR_MERGE,Deut.32.32
DEU 32:33,COPY_OR_MERGE,Deut.32.33
DEU 32:34,COPY_OR_MERGE,Deut.32.34
DEU 32:35,COPY_OR_MERGE,Deut.32.35
DEU 32:36,COPY_OR_MERGE,Deut.32.36
DEU 32:37,COPY_OR_MERGE,Deut.32.37
DEU 32:38,COPY_OR_MERGE,Deut.32.38
DEU 32:39,COPY_OR_MERGE,Deut.32.39
DEU 32:40,COPY_OR_MERGE,Deut.32.40
DEU 32:41,COPY_OR_MERGE,Deut.32.41
DEU 32:42,COPY_OR_MERGE,Deut.32.42
DEU 32:43,COPY_OR_MERGE,Deut.32.43
DEU 32:44,COPY_OR_MERGE,Deut.32.44
DEU 32:45,COPY_OR_MERGE,Deut.32.45
DEU 32:46,COPY_OR_MERGE,Deut.32.46
DEU 32:47,COPY_OR_MERGE,Deut.32.47
DEU 32:48,COPY_OR_MERGE,Deut.32.48
DEU 32:49,COPY_OR_MERGE,Deut.32.49
DEU 32:50,COPY_OR_MERGE,Deut.32.50
DEU 32:51,COPY_OR_MERGE,Deut.32.51
DEU 32:52,COPY_OR_MERGE,Deut.32.52
DEU 33:1,COPY_OR_MERGE,Deut.33.1
DEU 33:2,COPY_OR_MERGE,Deut.33.2
DEU 33:3,COPY_OR_MERGE,Deut.33.3
DEU 33:4,COPY_OR_MERGE,Deut.33.4
DEU 33:5,COPY_OR_MERGE,Deut.33.5
DEU 33:6,COPY_OR_MERGE,Deut.33.6
DEU 33:7,COPY_OR_MERGE,Deut.33.7
DEU 33:8,COPY_OR_MERGE,Deut.33.8
DEU 33:9,COPY_OR_MERGE,Deut.33.9
DEU 33:10,COPY_OR_MERGE,Deut.33.10
DEU 33:11,COPY_OR_MERGE,Deut.33.11
DEU 33:12,COPY_OR_MERGE,Deut.33.12
DEU 33:13,COPY_OR_MERGE,Deut.33.13
DEU 33:14,COPY_OR_MERGE,Deut.33.14
DEU 33:15,COPY_OR_MERGE,Deut.33.15
DEU 33:16,COPY_OR_MERGE,Deut.33.16
DEU 33:17,COPY_OR_MERGE,Deut.33.17
DEU 33:18,COPY_OR_MERGE,Deut.33.18
DEU 33:19,COPY_OR_MERGE,Deut.33.19
DEU 33:20,COPY_OR_MERGE,Deut.33.20
DEU 33:21,COPY_OR_MERGE,Deut.33.21
DEU 33:22,COPY_OR_MERGE,Deut.33.22
DEU 33:23,COPY_OR_MERGE,Deut.33.23
DEU 33:24,COPY_OR_MERGE,Deut.33.24
DEU 33:25,COPY_OR_MERGE,Deut.33.25
DEU 33:26,COPY_OR_MERGE,Deut.33.26
DEU 33:27,COPY_OR_MERGE,Deut.33.27
DEU 33:28,COPY_OR_MERGE,Deut.33.28
DEU 33:29,COPY_OR_MERGE,Deut.33.29
DEU 34:1,COPY_OR_MERGE,Deut.34.1
DEU 34:2,COPY_OR_MERGE,Deut.34.2
DEU 34:3,COPY_OR_MERGE,Deut.34.3
DEU 34:4,COPY_OR_MERGE,Deut.34.4
DEU 34:5,COPY_OR_MERGE,Deut.34.5
DEU 34:6,COPY_OR_MERGE,Deut.34.6
DEU 34:7,COPY_OR_MERGE,Deut.34.7
DEU 34:8,COPY_OR_MERGE,Deut.34.8
DEU 34:9,COPY_OR_MERGE,Deut.34.9
DEU 34:10,COPY_OR_MERGE,Deut.34.10
DEU 34:11,COPY_OR_MERGE,Deut.34.11
DEU 34:12,COPY_OR_MERGE,Deut.34.12
ECC 1:1,COPY_OR_MERGE,Eccl.1.1
ECC 1:2,COPY_OR_MERGE,Eccl.1.2
ECC 1:3,COPY_OR_MERGE,Eccl.1.3
ECC 1:4,COPY_OR_MERGE,Eccl.1.4
ECC 1:5,COPY_OR_MERGE,Eccl.1.5
ECC 1:6,COPY_OR_MERGE,Eccl.1.6
ECC 1:7,COPY_OR_MERGE,Eccl.1.7
ECC 1:8,COPY_OR_MERGE,Eccl.1.8
ECC 1:9,COPY_OR_MERGE,Eccl.1.9
ECC 1:10,COPY_OR_MERGE,Eccl.1.10
ECC 1:11,COPY_OR_MERGE,Eccl.1.11
ECC 1:12,COPY_OR_MERGE,Eccl.1.12
ECC 1:13,COPY_OR_MERGE,Eccl.1.13
ECC 1:14,COPY_OR_MERGE,Eccl.1.14
ECC 1:15,COPY_OR_MERGE,Eccl.1.15
ECC 1:16,COPY_OR_MERGE,Eccl.1.16
ECC 1:17,COPY_OR_MERGE,Eccl.1.17
ECC 1:18,COPY_OR_MERGE,Eccl.1.18
ECC 2:1,COPY_OR_MERGE,Eccl.2.1
ECC 2:2,COPY_OR_MERGE,Eccl.2.2
ECC 2:3,COPY_OR_MERGE,Eccl.2.3
ECC 2:4,COPY_OR_MERGE,Eccl.2.4
ECC 2:5,COPY_OR_MERGE,Eccl.2.5
ECC 2:6,COPY_OR_MERGE,Eccl.2.6
ECC 2:7,COPY_OR_MERGE,Eccl.2.7
ECC 2:8,COPY_OR_MERGE,Eccl.2.8
ECC 2:9,COPY_OR_MERGE,Eccl.2.9
ECC 2:10,COPY_OR_MERGE,Eccl.2.10
ECC 2:11,COPY_OR_MERGE,Eccl.2.11
ECC 2:12,COPY_OR_MERGE,Eccl.2.12
ECC 2:13,COPY_OR_MERGE,Eccl.2.13
ECC 2:14,COPY_OR_MERGE,Eccl.2.14
ECC 2:15,COPY_OR_MERGE,Eccl.2.15
ECC 2:16,COPY_OR_MERGE,Eccl.2.16
ECC 2:17,COPY_OR_MERGE,Eccl.2.17
ECC 2:18,COPY_OR_MERGE,Eccl.2.18
ECC 2:19,COPY_OR_MERGE,Eccl.2.19
ECC 2:20,COPY_OR_MERGE,Eccl.2.20
ECC 2:21,COPY_OR_MERGE,Eccl.2.21
ECC 2:22,COPY_OR_MERGE,Eccl.2.22
ECC 2:23,COPY_OR_MERGE,Eccl.2.23
ECC 2:24,COPY_OR_MERGE,Eccl.2.24
ECC 2:25,COPY_OR_MERGE,Eccl.2.25
ECC 2:26,COPY_OR_MERGE,Eccl.2.26
ECC 3:1,COPY_OR_MERGE,Eccl.3.1
ECC 3:2,COPY_OR_MERGE,Eccl.3.2
ECC 3:3,COPY_OR_MERGE,Eccl.3.3
ECC 3:4,COPY_OR_MERGE,Eccl.3.4
ECC 3:5,COPY_OR_MERGE,Eccl.3.5
ECC 3:6,COPY_OR_MERGE,Eccl.3.6
ECC 3:7,COPY_OR_MERGE,Eccl.3.7
ECC 3:8,COPY_OR_MERGE,Eccl.3.8
ECC 3:9,COPY_OR_MERGE,Eccl.3.9
ECC 3:10,COPY_OR_MERGE,Eccl.3.10
ECC 3:11,COPY_OR_MERGE,Eccl.3.11
ECC 3:12,COPY_OR_MERGE,Eccl.3.12
ECC 3:13,COPY_OR_MERGE,Eccl.3.13
ECC 3:14,COPY_OR_MERGE,Eccl.3.14
ECC 3:15,COPY_OR_MERGE,Eccl.3.15
ECC 3:16,COPY_OR_MERGE,Eccl.3.16
ECC 3:17,COPY_OR_MERGE,Eccl.3.17
ECC 3:18,COPY_OR_MERGE,Eccl.3.18
ECC 3:19,COPY_OR_MERGE,Eccl.3.19
ECC 3:20,COPY_OR_MERGE,Eccl.3.20
ECC 3:21,COPY_OR_MERGE,Eccl.3.21
ECC 3:22,COPY_OR_MERGE,Eccl.3.22
ECC 4:1,COPY_OR_MERGE,Eccl.4.1
ECC 4:2,COPY_OR_MERGE,Eccl.4.2
ECC 4:3,COPY_OR_MERGE,Eccl.4.3
ECC 4:4,COPY_OR_MERGE,Eccl.4.4
ECC 4:5,COPY_OR_MERGE,Eccl.4.5
ECC 4:6,COPY_OR_MERGE,Eccl.4.6
ECC 4:7,COPY_OR_MERGE,Eccl.4.7
ECC 4:8,COPY_OR_MERGE,Eccl.4.8
ECC 4:9,COPY_OR_MERGE,Eccl.4.9
ECC 4:10,COPY_OR_MERGE,Eccl.4.10
ECC 4:11,COPY_OR_MERGE,Eccl.4.11
ECC 4:12,COPY_OR_MERGE,Eccl.4.12
ECC 4:13,COPY_OR_MERGE,Eccl.4.13
ECC 4:14,COPY_OR_MERGE,Eccl.4.14
ECC 4:15,COPY_OR_MERGE,Eccl.4.15
ECC 4:16,COPY_OR_MERGE,Eccl.4.16
ECC 5:1,COPY_OR_MERGE,Eccl.4.17
ECC 5:2,COPY_OR_MERGE,Eccl.5.1
ECC 5:3,COPY_OR_MERGE,Eccl.5.2
ECC 5:4,COPY_OR_MERGE,Eccl.5.3
ECC 5:5,COPY_OR_MERGE,Eccl.5.4
ECC 5:6,COPY_OR_MERGE,Eccl.5.5
ECC 5:7,COPY_OR_MERGE,Eccl.5.6
ECC 5:8,COPY_OR_MERGE,Eccl.5.7
ECC 5:9,COPY_OR_MERGE,Eccl.5.8
ECC 5:10,COPY_OR_MERGE,Eccl.5.9
ECC 5:11,COPY_OR_MERGE,Eccl.5.10
ECC 5:12,COPY_OR_MERGE,Eccl.5.11
ECC 5:13,COPY_OR_MERGE,Eccl.5.12
ECC 5:14,COPY_OR_MERGE,Eccl.5.13
ECC 5:15,COPY_OR_MERGE,Eccl.5.14
ECC 5:16,COPY_OR_MERGE,Eccl.5.15
ECC 5:17,COPY_OR_MERGE,Eccl.5.16
ECC 5:18,COPY_OR_MERGE,Eccl.5.17
ECC 5:19,COPY_OR_MERGE,Eccl.5.18
ECC 5:20,COPY_OR_MERGE,Eccl.5.19
ECC 6:1,COPY_OR_MERGE,Eccl.6.1
ECC 6:2,COPY_OR_MERGE,Eccl.6.2
ECC 6:3,COPY_OR_MERGE,Eccl.6.3
ECC 6:4,COPY_OR_MERGE,Eccl.6.4
ECC 6:5,COPY_OR_MERGE,Eccl.6.5
ECC 6:6,COPY_OR_MERGE,Eccl.6.6
ECC 6:7,COPY_OR_MERGE,Eccl.6.7
ECC 6:8,COPY_OR_MERGE,Eccl.6.8
ECC 6:9,COPY_OR_MERGE,Eccl.6.9
ECC 6:10,COPY_OR_MERGE,Eccl.6.10
ECC 6:11,COPY_OR_MERGE,Eccl.6.11
ECC 6:12,COPY_OR_MERGE,Eccl.6.12
ECC 7:1,COPY_OR_MERGE,Eccl.7.1
ECC 7:2,COPY_OR_MERGE,Eccl.7.2
ECC 7:3,COPY_OR_MERGE,Eccl.7.3
ECC 7:4,COPY_OR_MERGE,Eccl.7.4
ECC 7:5,COPY_OR_MERGE,Eccl.7.5
ECC 7:6,COPY_OR_MERGE,Eccl.7.6
ECC 7:7,COPY_OR_MERGE,Eccl.7.7
ECC 7:8,COPY_OR_MERGE,Eccl.7.8
ECC 7:9,COPY_OR_MERGE,Eccl.7.9
ECC 7:10,COPY_OR_MERGE,Eccl.7.10
ECC 7:11,COPY_OR_MERGE,Eccl.7.11
ECC 7:12,COPY_OR_MERGE,Eccl.7.12
ECC 7:13,COPY_OR_MERGE,Eccl.7.13
ECC 7:14,COPY_OR_MERGE,Eccl.7.14
ECC 7:15,COPY_OR_MERGE,Eccl.7.15
ECC 7:16,COPY_OR_MERGE,Eccl.7.16
ECC 7:17,COPY_OR_MERGE,Eccl.7.17
ECC 7:18,COPY_OR_MERGE,Eccl.7.18
ECC 7:19,COPY_OR_MERGE,Eccl.7.19
ECC 7:20,COPY_OR_MERGE,Eccl.7.20
ECC 7:21,COPY_OR_MERGE,Eccl.7.21
ECC 7:22,COPY_OR_MERGE,Eccl.7.22
ECC 7:23,COPY_OR_MERGE,Eccl.7.23
ECC 7:24,COPY_OR_MERGE,Eccl.7.24
ECC 7:25,COPY_OR_MERGE,Eccl.7.25
ECC 7:26,COPY_OR_MERGE,Eccl.7.26
ECC 7:27,COPY_OR_MERGE,Eccl.7.27
ECC 7:28,COPY_OR_MERGE,Eccl.7.28
ECC 7:29,COPY_OR_MERGE,Eccl.7.29
ECC 8:1,COPY_OR_MERGE,Eccl.8.1
ECC 8:2,COPY_OR_MERGE,Eccl.8.2
ECC 8:3,COPY_OR_MERGE,Eccl.8.3
ECC 8:4,COPY_OR_MERGE,Eccl.8.4
ECC 8:5,COPY_OR_MERGE,Eccl.8.5
ECC 8:6,COPY_OR_MERGE,Eccl.8.6
ECC 8:7,COPY_OR_MERGE,Eccl.8.7
ECC 8:8,COPY_OR_MERGE,Eccl.8.8
ECC 8:9,COPY_OR_MERGE,Eccl.8.9
ECC 8:10,COPY_OR_MERGE,Eccl.8.10
ECC 8:11,COPY_OR_MERGE,Eccl.8.11
ECC 8:12,COPY_OR_MERGE,Eccl.8.12
ECC 8:13,COPY_OR_MERGE,Eccl.8.13
ECC 8:14,COPY_OR_MERGE,Eccl.8.14
ECC 8:15,COPY_OR_MERGE,Eccl.8.15
ECC 8:16,COPY_OR_MERGE,Eccl.8.16
ECC 8:17,COPY_OR_MERGE,Eccl.8.17
ECC 9:1,COPY_OR_MERGE,Eccl.9.1
ECC 9:2,COPY_OR_MERGE,Eccl.9.2
ECC 9:3,COPY_OR_MERGE,Eccl.9.3
ECC 9:4,COPY_OR_MERGE,Eccl.9.4
ECC 9:5,COPY_OR_MERGE,Eccl.9.5
ECC 9:6,COPY_OR_MERGE,Eccl.9.6
ECC 9:7,COPY_OR_MERGE,Eccl.9.7
ECC 9:8,COPY_OR_MERGE,Eccl.9.8
ECC 9:9,COPY_OR_MERGE,Eccl.9.9
ECC 9:10,COPY_OR_MERGE,Eccl.9.10
ECC 9:11,COPY_OR_MERGE,Eccl.9.11
ECC 9:12,COPY_OR_MERGE,Eccl.9.12
ECC 9:13,COPY_OR_MERGE,Eccl.9.13
ECC 9:14,COPY_OR_MERGE,Eccl.9.14
ECC 9:15,COPY_OR_MERGE,Eccl.9.15
ECC 9:16,COPY_OR_MERGE,Eccl.9.16
ECC 9:17,COPY_OR_MERGE,Eccl.9.17
ECC 9:18,COPY_OR_MERGE,Eccl.9.18
ECC 10:1,COPY_OR_MERGE,Eccl.10.1
ECC 10:2,COPY_OR_MERGE,Eccl.10.2
ECC 10:3,COPY_OR_MERGE,Eccl.10.3
ECC 10:4,COPY_OR_MERGE,Eccl.10.4
ECC 10:5,COPY_OR_MERGE,Eccl.10.5
ECC 10:6,COPY_OR_MERGE,Eccl.10.6
ECC 10:7,COPY_OR_MERGE,Eccl.10.7
ECC 10:8,COPY_OR_MERGE,Eccl.10.8
ECC 10:9,COPY_OR_MERGE,Eccl.10.9
ECC 10:10,COPY_OR_MERGE,Eccl.10.10
ECC 10:11,COPY_OR_MERGE,Eccl.10.11
ECC 10:12,COPY_OR_MERGE,Eccl.10.12
ECC 10:13,COPY_OR_MERGE,Eccl.10.13
ECC 10:14,COPY_OR_MERGE,Eccl.10.14
ECC 10:15,COPY_OR_MERGE,Eccl.10.15
ECC 10:16,COPY_OR_MERGE,Eccl.10.16
ECC 10:17,COPY_OR_MERGE,Eccl.10.17
ECC 10:18,COPY_OR_MERGE,Eccl.10.18
ECC 10:19,COPY_OR_MERGE,Eccl.10.19
ECC 10:20,COPY_OR_MERGE,Eccl.10.20
ECC 11:1,COPY_OR_MERGE,Eccl.11.1
ECC 11:2,COPY_OR_MERGE,Eccl.11.2
ECC 11:3,COPY_OR_MERGE,Eccl.11.3
ECC 11:4,COPY_OR_MERGE,Eccl.11.4
ECC 11:5,COPY_OR_MERGE,Eccl.11.5
ECC 11:6,COPY_OR_MERGE,Eccl.11.6
ECC 11:7,COPY_OR_MERGE,Eccl.11.7
ECC 11:8,COPY_OR_MERGE,Eccl.11.8
ECC 11:9,COPY_OR_MERGE,Eccl.11.9
ECC 11:10,COPY_OR_MERGE,Eccl.11.10
ECC 12:1,COPY_OR_MERGE,Eccl.12.1
ECC 12:2,COPY_OR_MERGE,Eccl.12.2
ECC 12:3,COPY_OR_MERGE,Eccl.12.3
ECC 12:4,COPY_OR_MERGE,Eccl.12.4
ECC 12:5,COPY_OR_MERGE,Eccl.12.5
ECC 12:6,COPY_OR_MERGE,Eccl.12.6
ECC 12:7,COPY_OR_MERGE,Eccl.12.7
ECC 12:8,COPY_OR_MERGE,Eccl.12.8
ECC 12:9,COPY_OR_MERGE,Eccl.12.9
ECC 12:10,COPY_OR_MERGE,Eccl.12.10
ECC 12:11,COPY_OR_MERGE,Eccl.12.11
ECC 12:12,COPY_OR_MERGE,Eccl.12.12
ECC 12:13,COPY_OR_MERGE,Eccl.12.13
ECC 12:14,COPY_OR_MERGE,Eccl.12.14
EST 1:1,COPY_OR_MERGE,Esth.1.1
EST 1:2,COPY_OR_MERGE,Esth.1.2
EST 1:3,COPY_OR_MERGE,Esth.1.3
EST 1:4,COPY_OR_MERGE,Esth.1.4
EST 1:5,COPY_OR_MERGE,Esth.1.5
EST 1:6,COPY_OR_MERGE,Esth.1.6
EST 1:7,COPY_OR_MERGE,Esth.1.7
EST 1:8,COPY_OR_MERGE,Esth.1.8
EST 1:9,COPY_OR_MERGE,Esth.1.9
EST 1:10,COPY_OR_MERGE,Esth.1.10
EST 1:11,COPY_OR_MERGE,Esth.1.11
EST 1:12,COPY_OR_MERGE,Esth.1.12
EST 1:13,COPY_OR_MERGE,Esth.1.13
EST 1:14,COPY_OR_MERGE,Esth.1.14
EST 1:15,COPY_OR_MERGE,Esth.1.15
EST 1:16,COPY_OR_MERGE,Esth.1.16
EST 1:17,COPY_OR_MERGE,Esth.1.17
EST 1:18,COPY_OR_MERGE,Esth.1.18
EST 1:19,COPY_OR_MERGE,Esth.1.19
EST 1:20,COPY_OR_MERGE,Esth.1.20
EST 1:21,COPY_OR_MERGE,Esth.1.21
EST 1:22,COPY_OR_MERGE,Esth.1.22
EST 2:1,COPY_OR_MERGE,Esth.2.1
EST 2:2,COPY_OR_MERGE,Esth.2.2
EST 2:3,COPY_OR_MERGE,Esth.2.3
EST 2:4,COPY_OR_MERGE,Esth.2.4
EST 2:5,COPY_OR_MERGE,Esth.2.5
EST 2:6,COPY_OR_MERGE,Esth.2.6
EST 2:7,COPY_OR_MERGE,Esth.2.7
EST 2:8,COPY_OR_MERGE,Esth.2.8
EST 2:9,COPY_OR_MERGE,Esth.2.9
EST 2:10,COPY_OR_MERGE,Esth.2.10
EST 2:11,COPY_OR_MERGE,Esth.2.11
EST 2:12,COPY_OR_MERGE,Esth.2.12
EST 2:13,COPY_OR_MERGE,Esth.2.13
EST 2:14,COPY_OR_MERGE,Esth.2.14
EST 2:15,COPY_OR_MERGE,Esth.2.15
EST 2:16,COPY_OR_MERGE,Esth.2.16
EST 2:17,COPY_OR_MERGE,Esth.2.17
EST 2:18,COPY_OR_MERGE,Esth.2.18
EST 2:19,COPY_OR_MERGE,Esth.2.19
EST 2:20,COPY_OR_MERGE,Esth.2.20
EST 2:21,COPY_OR_MERGE,Esth.2.21
EST 2:22,COPY_OR_MERGE,Esth.2.22
EST 2:23,COPY_OR_MERGE,Esth.2.23
EST 3:1,COPY_OR_MERGE,Esth.3.1
EST 3:2,COPY_OR_MERGE,Esth.3.2
EST 3:3,COPY_OR_MERGE,Esth.3.3
EST 3:4,COPY_OR_MERGE,Esth.3.4
EST 3:5,COPY_OR_MERGE,Esth.3.5
EST 3:6,COPY_OR_MERGE,Esth.3.6
EST 3:7,COPY_OR_MERGE,Esth.3.7
EST 3:8,COPY_OR_MERGE,Esth.3.8
EST 3:9,COPY_OR_MERGE,Esth.3.9
EST 3:10,COPY_OR_MERGE,Esth.3.10
EST 3:11,COPY_OR_MERGE,Esth.3.11
EST 3:12,COPY_OR_MERGE,Esth.3.12
EST 3:13,COPY_OR_MERGE,Esth.3.13
EST 3:14,COPY_OR_MERGE,Esth.3.14
EST 3:15,COPY_OR_MERGE,Esth.3.15
EST 4:1,COPY_OR_MERGE,Esth.4.1
EST 4:2,COPY_OR_MERGE,Esth.4.2
EST 4:3,COPY_OR_MERGE,Esth.4.3
EST 4:4,COPY_OR_MERGE,Esth.4.4
EST 4:5,COPY_OR_MERGE,Esth.4.5
EST 4:6,COPY_OR_MERGE,Esth.4.6
EST 4:7,COPY_OR_MERGE,Esth.4.7
EST 4:8,COPY_OR_MERGE,Esth.4.8
EST 4:9,COPY_OR_MERGE,Esth.4.9
EST 4:10,COPY_OR_MERGE,Esth.4.10
EST 4:11,COPY_OR_MERGE,Esth.4.11
EST 4:12,COPY_OR_MERGE,Esth.4.12
EST 4:13,COPY_OR_MERGE,Esth.4.13
EST 4:14,COPY_OR_MERGE,Esth.4.14
EST 4:15,COPY_OR_MERGE,Esth.4.15
EST 4:16,COPY_OR_MERGE,Esth.4.16
EST 4:17,COPY_OR_MERGE,Esth.4.17
EST 5:1,COPY_OR_MERGE,Esth.5.1
EST 5:2,COPY_OR_MERGE,Esth.5.2
EST 5:3,COPY_OR_MERGE,Esth.5.3
EST 5:4,COPY_OR_MERGE,Esth.5.4
EST 5:5,COPY_OR_MERGE,Esth.5.5
EST 5:6,COPY_OR_MERGE,Esth.5.6
EST 5:7,COPY_OR_MERGE,Esth.5.7
EST 5:8,COPY_OR_MERGE,Esth.5.8
EST 5:9,COPY_OR_MERGE,Esth.5.9
EST 5:10,COPY_OR_MERGE,Esth.5.10
EST 5:11,COPY_OR_MERGE,Esth.5.11
EST 5:12,COPY_OR_MERGE,Esth.5.12
EST 5:13,COPY_OR_MERGE,Esth.5.13
EST 5:14,COPY_OR_MERGE,Esth.5.14
EST 6:1,COPY_OR_MERGE,Esth.6.1
EST 6:2,COPY_OR_MERGE,Esth.6.2
EST 6:3,COPY_OR_MERGE,Esth.6.3
EST 6:4,COPY_OR_MERGE,Esth.6.4
EST 6:5,COPY_OR_MERGE,Esth.6.5
EST 6:6,COPY_OR_MERGE,Esth.6.6
EST 6:7,COPY_OR_MERGE,Esth.6.7
EST 6:8,COPY_OR_MERGE,Esth.6.8
EST 6:9,COPY_OR_MERGE,Esth.6.9
EST 6:10,COPY_OR_MERGE,Esth.6.10
EST 6:11,COPY_OR_MERGE,Esth.6.11
EST 6:12,COPY_OR_MERGE,Esth.6.12
EST 6:13,COPY_OR_MERGE,Esth.6.13
EST 6:14,COPY_OR_MERGE,Esth.6.14
EST 7:1,COPY_OR_MERGE,Esth.7.1
EST 7:2,COPY_OR_MERGE,Esth.7.2
EST 7:3,COPY_OR_MERGE,Esth.7.3
EST 7:4,COPY_OR_MERGE,Esth.7.4
EST 7:5,COPY_OR_MERGE,Esth.7.5
EST 7:6,COPY_OR_MERGE,Esth.7.6
EST 7:7,COPY_OR_MERGE,Esth.7.7
EST 7:8,COPY_OR_MERGE,Esth.7.8
EST 7:9,COPY_OR_MERGE,Esth.7.9
EST 7:10,COPY_OR_MERGE,Esth.7.10
EST 8:1,COPY_OR_MERGE,Esth.8.1
EST 8:2,COPY_OR_MERGE,Esth.8.2
EST 8:3,COPY_OR_MERGE,Esth.8.3
EST 8:4,COPY_OR_MERGE,Esth.8.4
EST 8:5,COPY_OR_MERGE,Esth.8.5
EST 8:6,COPY_OR_MERGE,Esth.8.6
EST 8:7,COPY_OR_MERGE,Esth.8.7
EST 8:8,COPY_OR_MERGE,Esth.8.8
EST 8:9,COPY_OR_MERGE,Esth.8.9
EST 8:10,COPY_OR_MERGE,Esth.8.10
EST 8:11,COPY_OR_MERGE,Esth.8.11
EST 8:12,COPY_OR_MERGE,Esth.8.12
EST 8:13,COPY_OR_MERGE,Esth.8.13
EST 8:14,COPY_OR_MERGE,Esth.8.14
EST 8:15,COPY_OR_MERGE,Esth.8.15
EST 8:16,COPY_OR_MERGE,Esth.8.16
EST 8:17,COPY_OR_MERGE,Esth.8.17
EST 9:1,COPY_OR_MERGE,Esth.9.1
EST 9:2,COPY_OR_MERGE,Esth.9.2
EST 9:3,COPY_OR_MERGE,Esth.9.3
EST 9:4,COPY_OR_MERGE,Esth.9.4
EST 9:5,COPY_OR_MERGE,Esth.9.5
EST 9:6,COPY_OR_MERGE,Esth.9.6
EST 9:7,COPY_OR_MERGE,Esth.9.7
EST 9:8,COPY_OR_MERGE,Esth.9.8
EST 9:9,COPY_OR_MERGE,Esth.9.9
EST 9:10,COPY_OR_MERGE,Esth.9.10
EST 9:11,COPY_OR_MERGE,Esth.9.11
EST 9:12,COPY_OR_MERGE,Esth.9.12
EST 9:13,COPY_OR_MERGE,Esth.9.13
EST 9:14,COPY_OR_MERGE,Esth.9.14
EST 9:15,COPY_OR_MERGE,Esth.9.15
EST 9:16,COPY_OR_MERGE,Esth.9.16
EST 9:17,COPY_OR_MERGE,Esth.9.17
EST 9:18,COPY_OR_MERGE,Esth.9.18
EST 9:19,COPY_OR_MERGE,Esth.9.19
EST 9:20,COPY_OR_MERGE,Esth.9.20
EST 9:21,COPY_OR_MERGE,Esth.9.21
EST 9:22,COPY_OR_MERGE,Esth.9.22
EST 9:23,COPY_OR_MERGE,Esth.9.23
EST 9:24,COPY_OR_MERGE,Esth.9.24
EST 9:25,COPY_OR_MERGE,Esth.9.25
EST 9:26,COPY_OR_MERGE,Esth.9.26
EST 9:27,COPY_OR_MERGE,Esth.9.27
EST 9:28,COPY_OR_MERGE,Esth.9.28
EST 9:29,COPY_OR_MERGE,Esth.9.29
EST 9:30,COPY_OR_MERGE,Esth.9.30
EST 9:31,COPY_OR_MERGE,Esth.9.31
EST 9:32,COPY_OR_MERGE,Esth.9.32
EST 10:1,COPY_OR_MERGE,Esth.10.1
EST 10:2,COPY_OR_MERGE,Esth.10.2
EST 10:3,COPY_OR_MERGE,Esth.10.3
EXO 1:1,COPY_OR_MERGE,Exod.1.1
EXO 1:2,COPY_OR_MERGE,Exod.1.2
EXO 1:3,COPY_OR_MERGE,Exod.1.3
EXO 1:4,COPY_OR_MERGE,Exod.1.4
EXO 1:5,COPY_OR_MERGE,Exod.1.5
EXO 1:6,COPY_OR_MERGE,Exod.1.6
EXO 1:7,COPY_OR_MERGE,Exod.1.7
EXO 1:8,COPY_OR_MERGE,Exod.1.8
EXO 1:9,COPY_OR_MERGE,Exod.1.9
EXO 1:10,COPY_OR_MERGE,Exod.1.10
EXO 1:11,COPY_OR_MERGE,Exod.1.11
EXO 1:12,COPY_OR_MERGE,Exod.1.12
EXO 1:13,COPY_OR_MERGE,Exod.1.13
EXO 1:14,COPY_OR_MERGE,Exod.1.14
EXO 1:15,COPY_OR_MERGE,Exod.1.15
EXO 1:16,COPY_OR_MERGE,Exod.1.16
EXO 1:17,COPY_OR_MERGE,Exod.1.17
EXO 1:18,COPY_OR_MERGE,Exod.1.18
EXO 1:19,COPY_OR_MERGE,Exod.1.19
EXO 1:20,COPY_OR_MERGE,Exod.1.20
EXO 1:21,COPY_OR_MERGE,Exod.1.21
EXO 1:22,COPY_OR_MERGE,Exod.1.22
EXO 2:1,COPY_OR_MERGE,Exod.2.1
EXO 2:2,COPY_OR_MERGE,Exod.2.2
EXO 2:3,COPY_OR_MERGE,Exod.2.3
EXO 2:4,COPY_OR_MERGE,Exod.2.4
EXO 2:5,COPY_OR_MERGE,Exod.2.5
EXO 2:6,COPY_OR_MERGE,Exod.2.6
EXO 2:7,COPY_OR_MERGE,Exod.2.7
EXO 2:8,COPY_OR_MERGE,Exod.2.8
EXO 2:9,COPY_OR_MERGE,Exod.2.9
EXO 2:10,COPY_OR_MERGE,Exod.2.10
EXO 2:11,COPY_OR_MERGE,Exod.2.11
EXO 2:12,COPY_OR_MERGE,Exod.2.12
EXO 2:13,COPY_OR_MERGE,Exod.2.13
EXO 2:14,COPY_OR_MERGE,Exod.2.14
EXO 2:15,COPY_OR_MERGE,Exod.2.15
EXO 2:16,COPY_OR_MERGE,Exod.2.16
EXO 2:17,COPY_OR_MERGE,Exod.2.17
EXO 2:18,COPY_OR_MERGE,Exod.2.18
EXO 2:19,COPY_OR_MERGE,Exod.2.19
EXO 2:20,COPY_OR_MERGE,Exod.2.20
EXO 2:21,COPY_OR_MERGE,Exod.2.21
EXO 2:22,COPY_OR_MERGE,Exod.2.22
EXO 2:23,COPY_OR_MERGE,Exod.2.23
EXO 2:24,COPY_OR_MERGE,Exod.2.24
EXO 2:25,COPY_OR_MERGE,Exod.2.25
EXO 3:1,COPY_OR_MERGE,Exod.3.1
EXO 3:2,COPY_OR_MERGE,Exod.3.2
EXO 3:3,COPY_OR_MERGE,Exod.3.3
EXO 3:4,COPY_OR_MERGE,Exod.3.4
EXO 3:5,COPY_OR_MERGE,Exod.3.5
EXO 3:6,COPY_OR_MERGE,Exod.3.6
EXO 3:7,COPY_OR_MERGE,Exod.3.7
EXO 3:8,COPY_OR_MERGE,Exod.3.8
EXO 3:9,COPY_OR_MERGE,Exod.3.9
EXO 3:10,COPY_OR_MERGE,Exod.3.10
EXO 3:11,COPY_OR_MERGE,Exod.3.11
EXO 3:12,COPY_OR_MERGE,Exod.3.12
EXO 3:13,COPY_OR_MERGE,Exod.3.13
EXO 3:14,COPY_OR_MERGE,Exod.3.14
EXO 3:15,COPY_OR_MERGE,Exod.3.15
EXO 3:16,COPY_OR_MERGE,Exod.3.16
EXO 3:17,COPY_OR_MERGE,Exod.3.17
EXO 3:18,COPY_OR_MERGE,Exod.3.18
EXO 3:19,COPY_OR_MERGE,Exod.3.19
EXO 3:20,COPY_OR_MERGE,Exod.3.20
EXO 3:21,COPY_OR_MERGE,Exod.3.21
EXO 3:22,COPY_OR_MERGE,Exod.3.22
EXO 4:1,COPY_OR_MERGE,Exod.4.1
EXO 4:2,COPY_OR_MERGE,Exod.4.2
EXO 4:3,COPY_OR_MERGE,Exod.4.3
EXO 4:4,COPY_OR_MERGE,Exod.4.4
EXO 4:5,COPY_OR_MERGE,Exod.4.5
EXO 4:6,COPY_OR_MERGE,Exod.4.6
EXO 4:7,COPY_OR_MERGE,Exod.4.7
EXO 4:8,COPY_OR_MERGE,Exod.4.8
EXO 4:9,COPY_OR_MERGE,Exod.4.9
EXO 4:10,COPY_OR_MERGE,Exod.4.10
EXO 4:11,COPY_OR_MERGE,Exod.4.11
EXO 4:12,COPY_OR_MERGE,Exod.4.12
EXO 4:13,COPY_OR_MERGE,Exod.4.13
EXO 4:14,COPY_OR_MERGE,Exod.4.14
EXO 4:15,COPY_OR_MERGE,Exod.4.15
EXO 4:16,COPY_OR_MERGE,Exod.4.16
EXO 4:17,COPY_OR_MERGE,Exod.4.17
EXO 4:18,COPY_OR_MERGE,Exod.4.18
EXO 4:19,COPY_OR_MERGE,Exod.4.19
EXO 4:20,COPY_OR_MERGE,Exod.4.20
EXO 4:21,COPY_OR_MERGE,Exod.4.21
EXO 4:22,COPY_OR_MERGE,Exod.4.22
EXO 4:23,COPY_OR_MERGE,Exod.4.23
EXO 4:24,COPY_OR_MERGE,Exod.4.24
EXO 4:25,COPY_OR_MERGE,Exod.4.25
EXO 4:26,COPY_OR_MERGE,Exod.4.26
EXO 4:27,COPY_OR_MERGE,Exod.4.27
EXO 4:28,COPY_OR_MERGE,Exod.4.28
EXO 4:29,COPY_OR_MERGE,Exod.4.29
EXO 4:30,COPY_OR_MERGE,Exod.4.30
EXO 4:31,COPY_OR_MERGE,Exod.4.31
EXO 5:1,COPY_OR_MERGE,Exod.5.1
EXO 5:2,COPY_OR_MERGE,Exod.5.2
EXO 5:3,COPY_OR_MERGE,Exod.5.3
EXO 5:4,COPY_OR_MERGE,Exod.5.4
EXO 5:5,COPY_OR_MERGE,Exod.5.5
EXO 5:6,COPY_OR_MERGE,Exod.5.6
EXO 5:7,COPY_OR_MERGE,Exod.5.7
EXO 5:8,COPY_OR_MERGE,Exod.5.8
EXO 5:9,COPY_OR_MERGE,Exod.5.9
EXO 5:10,COPY_OR_MERGE,Exod.5.10
EXO 5:11,COPY_OR_MERGE,Exod.5.11
EXO 5:12,COPY_OR_MERGE,Exod.5.12
EXO 5:13,COPY_OR_MERGE,Exod.5.13
EXO 5:14,COPY_OR_MERGE,Exod.5.14
EXO 5:15,COPY_OR_MERGE,Exod.5.15
EXO 5:16,COPY_OR_MERGE,Exod.5.16
EXO 5:17,COPY_OR_MERGE,Exod.5.17
EXO 5:18,COPY_OR_MERGE,Exod.5.18
EXO 5:19,COPY_OR_MERGE,Exod.5.19
EXO 5:20,COPY_OR_MERGE,Exod.5.20
EXO 5:21,COPY_OR_MERGE,Exod.5.21
EXO 5:22,COPY_OR_MERGE,Exod.5.22
EXO 5:23,COPY_OR_MERGE,Exod.5.23
EXO 6:1,COPY_OR_MERGE,Exod.6.1
EXO 6:2,COPY_OR_MERGE,Exod.6.2
EXO 6:3,COPY_OR_MERGE,Exod.6.3
EXO 6:4,COPY_OR_MERGE,Exod.6.4
EXO 6:5,COPY_OR_MERGE,Exod.6.5
EXO 6:6,COPY_OR_MERGE,Exod.6.6
EXO 6:7,COPY_OR_MERGE,Exod.6.7
EXO 6:8,COPY_OR_MERGE,Exod.6.8
EXO 6:9,COPY_OR_MERGE,Exod.6.9
EXO 6:10,COPY_OR_MERGE,Exod.6.10
EXO 6:11,COPY_OR_MERGE,Exod.6.11
EXO 6:12,COPY_OR_MERGE,Exod.6.12
EXO 6:13,COPY_OR_MERGE,Exod.6.13
EXO 6:14,COPY_OR_MERGE,Exod.6.14
EXO 6:15,COPY_OR_MERGE,Exod.6.15
EXO 6:16,COPY_OR_MERGE,Exod.6.16
EXO 6:17,COPY_OR_MERGE,Exod.6.17
EXO 6:18,COPY_OR_MERGE,Exod.6.18
EXO 6:19,COPY_OR_MERGE,Exod.6.19
EXO 6:20,COPY_OR_MERGE,Exod.6.20
EXO 6:21,COPY_OR_MERGE,Exod.6.21
EXO 6:22,COPY_OR_MERGE,Exod.6.22
EXO 6:23,COPY_OR_MERGE,Exod.6.23
EXO 6:24,COPY_OR_MERGE,Exod.6.24
EXO 6:25,COPY_OR_MERGE,Exod.6.25
EXO 6:26,COPY_OR_MERGE,Exod.6.26
EXO 6:27,COPY_OR_MERGE,Exod.6.27
EXO 6:28,COPY_OR_MERGE,Exod.6.28
EXO 6:29,COPY_OR_MERGE,Exod.6.29
EXO 6:30,COPY_OR_MERGE,Exod.6.30
EXO 7:1,COPY_OR_MERGE,Exod.7.1
EXO 7:2,COPY_OR_MERGE,Exod.7.2
EXO 7:3,COPY_OR_MERGE,Exod.7.3
EXO 7:4,COPY_OR_MERGE,Exod.7.4
EXO 7:5,COPY_OR_MERGE,Exod.7.5
EXO 7:6,COPY_OR_MERGE,Exod.7.6
EXO 7:7,COPY_OR_MERGE,Exod.7.7
EXO 7:8,COPY_OR_MERGE,Exod.7.8
EXO 7:9,COPY_OR_MERGE,Exod.7.9
EXO 7:10,COPY_OR_MERGE,Exod.7.10
EXO 7:11,COPY_OR_MERGE,Exod.7.11
EXO 7:12,COPY_OR_MERGE,Exod.7.12
EXO 7:13,COPY_OR_MERGE,Exod.7.13
EXO 7:14,COPY_OR_MERGE,Exod.7.14
EXO 7:15,COPY_OR_MERGE,Exod.7.15
EXO 7:16,COPY_OR_MERGE,Exod.7.16
EXO 7:17,COPY_OR_MERGE,Exod.7.17
EXO 7:18,COPY_OR_MERGE,Exod.7.18
EXO 7:19,COPY_OR_MERGE,Exod.7.19
EXO 7:20,COPY_OR_MERGE,Exod.7.20
EXO 7:21,COPY_OR_MERGE,Exod.7.21
EXO 7:22,COPY_OR_MERGE,Exod.7.22
EXO 7:23,COPY_OR_MERGE,Exod.7.23
EXO 7:24,COPY_OR_MERGE,Exod.7.24
EXO 7:25,COPY_OR_MERGE,Exod.7.25
EXO 8:1,COPY_OR_MERGE,Exod.7.26
EXO 8:2,COPY_OR_MERGE,Exod.7.27
EXO 8:3,COPY_OR_MERGE,Exod.7.28
EXO 8:4,COPY_OR_MERGE,Exod.7.29
EXO 8:5,COPY_OR_MERGE,Exod.8.1
EXO 8:6,COPY_OR_MERGE,Exod.8.2
EXO 8:7,COPY_OR_MERGE,Exod.8.3
EXO 8:8,COPY_OR_MERGE,Exod.8.4
EXO 8:9,COPY_OR_MERGE,Exod.8.5
EXO 8:10,COPY_OR_MERGE,Exod.8.6
EXO 8:11,COPY_OR_MERGE,Exod.8.7
EXO 8:12,COPY_OR_MERGE,Exod.8.8
EXO 8:13,COPY_OR_MERGE,Exod.8.9
EXO 8:14,COPY_OR_MERGE,Exod.8.10
EXO 8:15,COPY_OR_MERGE,Exod.8.11
EXO 8:16,COPY_OR_MERGE,Exod.8.12
EXO 8:17,COPY_OR_MERGE,Exod.8.13
EXO 8:18,COPY_OR_MERGE,Exod.8.14
EXO 8:19,COPY_OR_MERGE,Exod.8.15
EXO 8:20,COPY_OR_MERGE,Exod.8.16
EXO 8:21,COPY_OR_MERGE,Exod.8.17
EXO 8:22,COPY_OR_MERGE,Exod.8.18
EXO 8:23,COPY_OR_MERGE,Exod.8.19
EXO 8:24,COPY_OR_MERGE,Exod.8.20
EXO 8:25,COPY_OR_MERGE,Exod.8.21
EXO 8:26,COPY_OR_MERGE,Exod.8.22
EXO 8:27,COPY_OR_MERGE,Exod.8.23
EXO 8:28,COPY_OR_MERGE,Exod.8.24
EXO 8:29,COPY_OR_MERGE,Exod.8.25
EXO 8:30,COPY_OR_MERGE,Exod.8.26
EXO 8:31,COPY_OR_MERGE,Exod.8.27
EXO 8:32,COPY_OR_MERGE,Exod.8.28
EXO 9:1,COPY_OR_MERGE,Exod.9.1
EXO 9:2,COPY_OR_MERGE,Exod.9.2
EXO 9:3,COPY_OR_MERGE,Exod.9.3
EXO 9:4,COPY_OR_MERGE,Exod.9.4
EXO 9:5,COPY_OR_MERGE,Exod.9.5
EXO 9:6,COPY_OR_MERGE,Exod.9.6
EXO 9:7,COPY_OR_MERGE,Exod.9.7
EXO 9:8,COPY_OR_MERGE,Exod.9.8
EXO 9:9,COPY_OR_MERGE,Exod.9.9
EXO 9:10,COPY_OR_MERGE,Exod.9.10
EXO 9:11,COPY_OR_MERGE,Exod.9.11
EXO 9:12,COPY_OR_MERGE,Exod.9.12
EXO 9:13,COPY_OR_MERGE,Exod.9.13
EXO 9:14,COPY_OR_MERGE,Exod.9.14
EXO 9:15,COPY_OR_MERGE,Exod.9.15
EXO 9:16,COPY_OR_MERGE,Exod.9.16
EXO 9:17,COPY_OR_MERGE,Exod.9.17
EXO 9:18,COPY_OR_MERGE,Exod.9.18
EXO 9:19,COPY_OR_MERGE,Exod.9.19
EXO 9:20,COPY_OR_MERGE,Exod.9.20
EXO 9:21,COPY_OR_MERGE,Exod.9.21
EXO 9:22,COPY_OR_MERGE,Exod.9.22
EXO 9:23,COPY_OR_MERGE,Exod.9.23
EXO 9:24,COPY_OR_MERGE,Exod.9.24
EXO 9:25,COPY_OR_MERGE,Exod.9.25
EXO 9:26,COPY_OR_MERGE,Exod.9.26
EXO 9:27,COPY_OR_MERGE,Exod.9.27
EXO 9:28,COPY_OR_MERGE,Exod.9.28
EXO 9:29,COPY_OR_MERGE,Exod.9.29
EXO 9:30,COPY_OR_MERGE,Exod.9.30
EXO 9:31,COPY_OR_MERGE,Exod.9.31
EXO 9:32,COPY_OR_MERGE,Exod.9.32
EXO 9:33,COPY_OR_MERGE,Exod.9.33
EXO 9:34,COPY_OR_MERGE,Exod.9.34
EXO 9:35,COPY_OR_MERGE,Exod.9.35
EXO 10:1,COPY_OR_MERGE,Exod.10.1
EXO 10:2,COPY_OR_MERGE,Exod.10.2
EXO 10:3,COPY_OR_MERGE,Exod.10.3
EXO 10:4,COPY_OR_MERGE,Exod.10.4
EXO 10:5,COPY_OR_MERGE,Exod.10.5
EXO 10:6,COPY_OR_MERGE,Exod.10.6
EXO 10:7,COPY_OR_MERGE,Exod.10.7
EXO 10:8,COPY_OR_MERGE,Exod.10.8
EXO 10:9,COPY_OR_MERGE,Exod.10.9
EXO 10:10,COPY_OR_MERGE,Exod.10.10
EXO 10:11,COPY_OR_MERGE,Exod.10.11
EXO 10:12,COPY_OR_MERGE,Exod.10.12
EXO 10:13,COPY_OR_MERGE,Exod.10.13
EXO 10:14,COPY_OR_MERGE,Exod.10.14
EXO 10:15,COPY_OR_MERGE,Exod.10.15
EXO 10:16,COPY_OR_MERGE,Exod.10.16
EXO 10:17,COPY_OR_MERGE,Exod.10.17
EXO 10:18,COPY_OR_MERGE,Exod.10.18
EXO 10:19,COPY_OR_MERGE,Exod.10.19
EXO 10:20,COPY_OR_MERGE,Exod.10.20
EXO 10:21,COPY_OR_MERGE,Exod.10.21
EXO 10:22,COPY_OR_MERGE,Exod.10.22
EXO 10:23,COPY_OR_MERGE,Exod.10.23
EXO 10:24,COPY_OR_MERGE,Exod.10.24
EXO 10:25,COPY_OR_MERGE,Exod.10.25
EXO 10:26,COPY_OR_MERGE,Exod.10.26
EXO 10:27,COPY_OR_MERGE,Exod.10.27
EXO 10:28,COPY_OR_MERGE,Exod.10.28
EXO 10:29,COPY_OR_MERGE,Exod.10.29
EXO 11:1,COPY_OR_MERGE,Exod.11.1
EXO 11:2,COPY_OR_MERGE,Exod.11.2
EXO 11:3,COPY_OR_MERGE,Exod.11.3
EXO 11:4,COPY_OR_MERGE,Exod.11.4
EXO 11:5,COPY_OR_MERGE,Exod.11.5
EXO 11:6,COPY_OR_MERGE,Exod.11.6
EXO 11:7,COPY_OR_MERGE,Exod.11.7
EXO 11:8,COPY_OR_MERGE,Exod.11.8
EXO 11:9,COPY_OR_MERGE,Exod.11.9
EXO 11:10,COPY_OR_MERGE,Exod.11.10
EXO 12:1,COPY_OR_MERGE,Exod.12.1
EXO 12:2,COPY_OR_MERGE,Exod.12.2
EXO 12:3,COPY_OR_MERGE,Exod.12.3
EXO 12:4,COPY_OR_MERGE,Exod.12.4
EXO 12:5,COPY_OR_MERGE,Exod.12.5
EXO 12:6,COPY_OR_MERGE,Exod.12.6
EXO 12:7,COPY_OR_MERGE,Exod.12.7
EXO 12:8,COPY_OR_MERGE,Exod.12.8
EXO 12:9,COPY_OR_MERGE,Exod.12.9
EXO 12:10,COPY_OR_MERGE,Exod.12.10
EXO 12:11,COPY_OR_MERGE,Exod.12.11
EXO 12:12,COPY_OR_MERGE,Exod.12.12
EXO 12:13,COPY_OR_MERGE,Exod.12.13
EXO 12:14,COPY_OR_MERGE,Exod.12.14
EXO 12:15,COPY_OR_MERGE,Exod.12.15
EXO 12:16,COPY_OR_MERGE,Exod.12.16
EXO 12:17,COPY_OR_MERGE,Exod.12.17
EXO 12:18,COPY_OR_MERGE,Exod.12.18
EXO 12:19,COPY_OR_MERGE,Exod.12.19
EXO 12:20,COPY_OR_MERGE,Exod.12.20
EXO 12:21,COPY_OR_MERGE,Exod.12.21
EXO 12:22,COPY_OR_MERGE,Exod.12.22
EXO 12:23,COPY_OR_MERGE,Exod.12.23
EXO 12:24,COPY_OR_MERGE,Exod.12.24
EXO 12:25,COPY_OR_MERGE,Exod.12.25
EXO 12:26,COPY_OR_MERGE,Exod.12.26
EXO 12:27,COPY_OR_MERGE,Exod.12.27
EXO 12:28,COPY_OR_MERGE,Exod.12.28
EXO 12:29,COPY_OR_MERGE,Exod.12.29
EXO 12:30,COPY_OR_MERGE,Exod.12.30
EXO 12:31,COPY_OR_MERGE,Exod.12.31
EXO 12:32,COPY_OR_MERGE,Exod.12.32
EXO 12:33,COPY_OR_MERGE,Exod.12.33
EXO 12:34,COPY_OR_MERGE,Exod.12.34
EXO 12:35,COPY_OR_MERGE,Exod.12.35
EXO 12:36,COPY_OR_MERGE,Exod.12.36
EXO 12:37,COPY_OR_MERGE,Exod.12.37
EXO 12:38,COPY_OR_MERGE,Exod.12.38
EXO 12:39,COPY_OR_MERGE,Exod.12.39
EXO 12:40,COPY_OR_MERGE,Exod.12.40
EXO 12:41,COPY_OR_MERGE,Exod.12.41
EXO 12:42,COPY_OR_MERGE,Exod.12.42
EXO 12:43,COPY_OR_MERGE,Exod.12.43
EXO 12:44,COPY_OR_MERGE,Exod.12.44
EXO 12:45,COPY_OR_MERGE,Exod.12.45
EXO 12:46,COPY_OR_MERGE,Exod.12.46
EXO 12:47,COPY_OR_MERGE,Exod.12.47
EXO 12:48,COPY_OR_MERGE,Exod.12.48
EXO 12:49,COPY_OR_MERGE,Exod.12.49
EXO 12:50,COPY_OR_MERGE,Exod.12.50
EXO 12:51,COPY_OR_MERGE,Exod.12.51
EXO 13:1,COPY_OR_MERGE,Exod.13.1
EXO 13:2,COPY_OR_MERGE,Exod.13.2
EXO 13:3,COPY_OR_MERGE,Exod.13.3
EXO 13:4,COPY_OR_MERGE,Exod.13.4
EXO 13:5,COPY_OR_MERGE,Exod.13.5
EXO 13:6,COPY_OR_MERGE,Exod.13.6
EXO 13:7,COPY_OR_MERGE,Exod.13.7
EXO 13:8,COPY_OR_MERGE,Exod.13.8
EXO 13:9,COPY_OR_MERGE,Exod.13.9
EXO 13:10,COPY_OR_MERGE,Exod.13.10
EXO 13:11,COPY_OR_MERGE,Exod.13.11
EXO 13:12,COPY_OR_MERGE,Exod.13.12
EXO 13:13,COPY_OR_MERGE,Exod.13.13
EXO 13:14,COPY_OR_MERGE,Exod.13.14
EXO 13:15,COPY_OR_MERGE,Exod.13.15
EXO 13:16,COPY_OR_MERGE,Exod.13.16
EXO 13:17,COPY_OR_MERGE,Exod.13.17
EXO 13:18,COPY_OR_MERGE,Exod.13.18
EXO 13:19,COPY_OR_MERGE,Exod.13.19
EXO 13:20,COPY_OR_MERGE,Exod.13.20
EXO 13:21,COPY_OR_MERGE,Exod.13.21
EXO 13:22,COPY_OR_MERGE,Exod.13.22
EXO 14:1,COPY_OR_MERGE,Exod.14.1
EXO 14:2,COPY_OR_MERGE,Exod.14.2
EXO 14:3,COPY_OR_MERGE,Exod.14.3
EXO 14:4,COPY_OR_MERGE,Exod.14.4
EXO 14:5,COPY_OR_MERGE,Exod.14.5
EXO 14:6,COPY_OR_MERGE,Exod.14.6
EXO 14:7,COPY_OR_MERGE,Exod.14.7
EXO 14:8,COPY_OR_MERGE,Exod.14.8
EXO 14:9,COPY_OR_MERGE,Exod.14.9
EXO 14:10,COPY_OR_MERGE,Exod.14.10
EXO 14:11,COPY_OR_MERGE,Exod.14.11
EXO 14:12,COPY_OR_MERGE,Exod.14.12
EXO 14:13,COPY_OR_MERGE,Exod.14.13
EXO 14:14,COPY_OR_MERGE,Exod.14.14
EXO 14:15,COPY_OR_MERGE,Exod.14.15
EXO 14:16,COPY_OR_MERGE,Exod.14.16
EXO 14:17,COPY_OR_MERGE,Exod.14.17
EXO 14:18,COPY_OR_MERGE,Exod.14.18
EXO 14:19,COPY_OR_MERGE,Exod.14.19
EXO 14:20,COPY_OR_MERGE,Exod.14.20
EXO 14:21,COPY_OR_MERGE,Exod.14.21
EXO 14:22,COPY_OR_MERGE,Exod.14.22
EXO 14:23,COPY_OR_MERGE,Exod.14.23
EXO 14:24,COPY_OR_MERGE,Exod.14.24
EXO 14:25,COPY_OR_MERGE,Exod.14.25
EXO 14:26,COPY_OR_MERGE,Exod.14.26
EXO 14:27,COPY_OR_MERGE,Exod.14.27
EXO 14:28,COPY_OR_MERGE,Exod.14.28
EXO 14:29,COPY_OR_MERGE,Exod.14.29
EXO 14:30,COPY_OR_MERGE,Exod.14.30
EXO 14:31,COPY_OR_MERGE,Exod.14.31
EXO 15:1,COPY_OR_MERGE,Exod.15.1
EXO 15:2,COPY_OR_MERGE,Exod.15.2
EXO 15:3,COPY_OR_MERGE,Exod.15.3
EXO 15:4,COPY_OR_MERGE,Exod.15.4
EXO 15:5,COPY_OR_MERGE,Exod.15.5
EXO 15:6,COPY_OR_MERGE,Exod.15.6
EXO 15:7,COPY_OR_MERGE,Exod.15.7
EXO 15:8,COPY_OR_MERGE,Exod.15.8
EXO 15:9,COPY_OR_MERGE,Exod.15.9
EXO 15:10,COPY_OR_MERGE,Exod.15.10
EXO 15:11,COPY_OR_MERGE,Exod.15.11
EXO 15:12,COPY_OR_MERGE,Exod.15.12
EXO 15:13,COPY_OR_MERGE,Exod.15.13
EXO 15:14,COPY_OR_MERGE,Exod.15.14
EXO 15:15,COPY_OR_MERGE,Exod.15.15
EXO 15:16,COPY_OR_MERGE,Exod.15.16
EXO 15:17,COPY_OR_MERGE,Exod.15.17
EXO 15:18,COPY_OR_MERGE,Exod.15.18
EXO 15:19,COPY_OR_MERGE,Exod.15.19
EXO 15:20,COPY_OR_MERGE,Exod.15.20
EXO 15:21,COPY_OR_MERGE,Exod.15.21
EXO 15:22,COPY_OR_MERGE,Exod.15.22
EXO 15:23,COPY_OR_MERGE,Exod.15.23
EXO 15:24,COPY_OR_MERGE,Exod.15.24
EXO 15:25,COPY_OR_MERGE,Exod.15.25
EXO 15:26,COPY_OR_MERGE,Exod.15.26
EXO 15:27,COPY_OR_MERGE,Exod.15.27
EXO 16:1,COPY_OR_MERGE,Exod.16.1
EXO 16:2,COPY_OR_MERGE,Exod.16.2
EXO 16:3,COPY_OR_MERGE,Exod.16.3
EXO 16:4,COPY_OR_MERGE,Exod.16.4
EXO 16:5,COPY_OR_MERGE,Exod.16.5
EXO 16:6,COPY_OR_MERGE,Exod.16.6
EXO 16:7,COPY_OR_MERGE,Exod.16.7
EXO 16:8,COPY_OR_MERGE,Exod.16.8
EXO 16:9,COPY_OR_MERGE,Exod.16.9
EXO 16:10,COPY_OR_MERGE,Exod.16.10
EXO 16:11,COPY_OR_MERGE,Exod.16.11
EXO 16:12,COPY_OR_MERGE,Exod.16.12
EXO 16:13,COPY_OR_MERGE,Exod.16.13
EXO 16:14,COPY_OR_MERGE,Exod.16.14
EXO 16:15,COPY_OR_MERGE,Exod.16.15
EXO 16:16,COPY_OR_MERGE,Exod.16.16
EXO 16:17,COPY_OR_MERGE,Exod.16.17
EXO 16:18,COPY_OR_MERGE,Exod.16.18
EXO 16:19,COPY_OR_MERGE,Exod.16.19
EXO 16:20,COPY_OR_MERGE,Exod.16.20
EXO 16:21,COPY_OR_MERGE,Exod.16.21
EXO 16:22,COPY_OR_MERGE,Exod.16.22
EXO 16:23,COPY_OR_MERGE,Exod.16.23
EXO 16:24,COPY_OR_MERGE,Exod.16.24
EXO 16:25,COPY_OR_MERGE,Exod.16.25
EXO 16:26,COPY_OR_MERGE,Exod.16.26
EXO 16:27,COPY_OR_MERGE,Exod.16.27
EXO 16:28,COPY_OR_MERGE,Exod.16.28
EXO 16:29,COPY_OR_MERGE,Exod.16.29
EXO 16:30,COPY_OR_MERGE,Exod.16.30
EXO 16:31,COPY_OR_MERGE,Exod.16.31
EXO 16:32,COPY_OR_MERGE,Exod.16.32
EXO 16:33,COPY_OR_MERGE,Exod.16.33
EXO 16:34,COPY_OR_MERGE,Exod.16.34
EXO 16:35,COPY_OR_MERGE,Exod.16.35
EXO 16:36,COPY_OR_MERGE,Exod.16.36
EXO 17:1,COPY_OR_MERGE,Exod.17.1
EXO 17:2,COPY_OR_MERGE,Exod.17.2
EXO 17:3,COPY_OR_MERGE,Exod.17.3
EXO 17:4,COPY_OR_MERGE,Exod.17.4
EXO 17:5,COPY_OR_MERGE,Exod.17.5
EXO 17:6,COPY_OR_MERGE,Exod.17.6
EXO 17:7,COPY_OR_MERGE,Exod.17.7
EXO 17:8,COPY_OR_MERGE,Exod.17.8
EXO 17:9,COPY_OR_MERGE,Exod.17.9
EXO 17:10,COPY_OR_MERGE,Exod.17.10
EXO 17:11,COPY_OR_MERGE,Exod.17.11
EXO 17:12,COPY_OR_MERGE,Exod.17.12
EXO 17:13,COPY_OR_MERGE,Exod.17.13
EXO 17:14,COPY_OR_MERGE,Exod.17.14
EXO 17:15,COPY_OR_MERGE,Exod.17.15
EXO 17:16,COPY_OR_MERGE,Exod.17.16
EXO 18:1,COPY_OR_MERGE,Exod.18.1
EXO 18:2,COPY_OR_MERGE,Exod.18.2
EXO 18:3,COPY_OR_MERGE,Exod.18.3
EXO 18:4,COPY_OR_MERGE,Exod.18.4
EXO 18:5,COPY_OR_MERGE,Exod.18.5
EXO 18:6,COPY_OR_MERGE,Exod.18.6
EXO 18:7,COPY_OR_MERGE,Exod.18.7
EXO 18:8,COPY_OR_MERGE,Exod.18.8
EXO 18:9,COPY_OR_MERGE,Exod.18.9
EXO 18:10,COPY_OR_MERGE,Exod.18.10
EXO 18:11,COPY_OR_MERGE,Exod.18.11
EXO 18:12,COPY_OR_MERGE,Exod.18.12
EXO 18:13,COPY_OR_MERGE,Exod.18.13
EXO 18:14,COPY_OR_MERGE,Exod.18.14
EXO 18:15,COPY_OR_MERGE,Exod.18.15
EXO 18:16,COPY_OR_MERGE,Exod.18.16
EXO 18:17,COPY_OR_MERGE,Exod.18.17
EXO 18:18,COPY_OR_MERGE,Exod.18.18
EXO 18:19,COPY_OR_MERGE,Exod.18.19
EXO 18:20,COPY_OR_MERGE,Exod.18.20
EXO 18:21,COPY_OR_MERGE,Exod.18.21
EXO 18:22,COPY_OR_MERGE,Exod.18.22
EXO 18:23,COPY_OR_MERGE,Exod.18.23
EXO 18:24,COPY_OR_MERGE,Exod.18.24
EXO 18:25,COPY_OR_MERGE,Exod.18.25
EXO 18:26,COPY_OR_MERGE,Exod.18.26
EXO 18:27,COPY_OR_MERGE,Exod.18.27
EXO 19:1,COPY_OR_MERGE,Exod.19.1
EXO 19:2,COPY_OR_MERGE,Exod.19.2
EXO 19:3,COPY_OR_MERGE,Exod.19.3
EXO 19:4,COPY_OR_MERGE,Exod.19.4
EXO 19:5,COPY_OR_MERGE,Exod.19.5
EXO 19:6,COPY_OR_MERGE,Exod.19.6
EXO 19:7,COPY_OR_MERGE,Exod.19.7
EXO 19:8,COPY_OR_MERGE,Exod.19.8
EXO 19:9,COPY_OR_MERGE,Exod.19.9
EXO 19:10,COPY_OR_MERGE,Exod.19.10
EXO 19:11,COPY_OR_MERGE,Exod.19.11
EXO 19:12,COPY_OR_MERGE,Exod.19.12
EXO 19:13,COPY_OR_MERGE,Exod.19.13
EXO 19:14,COPY_OR_MERGE,Exod.19.14
EXO 19:15,COPY_OR_MERGE,Exod.19.15
EXO 19:16,COPY_OR_MERGE,Exod.19.16
EXO 19:17,COPY_OR_MERGE,Exod.19.17
EXO 19:18,COPY_OR_MERGE,Exod.19.18
EXO 19:19,COPY_OR_MERGE,Exod.19.19
EXO 19:20,COPY_OR_MERGE,Exod.19.20
EXO 19:21,COPY_OR_MERGE,Exod.19.21
EXO 19:22,COPY_OR_MERGE,Exod.19.22
EXO 19:23,COPY_OR_MERGE,Exod.19.23
EXO 19:24,COPY_OR_MERGE,Exod.19.24
EXO 19:25,COPY_OR_MERGE,Exod.19.25
EXO 20:1,COPY_OR_MERGE,Exod.20.1
EXO 20:2,COPY_OR_MERGE,Exod.20.2
EXO 20:3,COPY_OR_MERGE,Exod.20.3
EXO 20:4,COPY_OR_MERGE,Exod.20.4
EXO 20:5,COPY_OR_MERGE,Exod.20.5
EXO 20:6,COPY_OR_MERGE,Exod.20.6
EXO 20:7,COPY_OR_MERGE,Exod.20.7
EXO 20:8,COPY_OR_MERGE,Exod.20.8
EXO 20:9,COPY_OR_MERGE,Exod.20.9
EXO 20:10,COPY_OR_MERGE,Exod.20.10
EXO 20:11,COPY_OR_MERGE,Exod.20.11
EXO 20:12,COPY_OR_MERGE,Exod.20.12
EXO 20:13,COPY_OR_MERGE,Exod.20.13
EXO 20:14,COPY_OR_MERGE,Exod.20.14
EXO 20:15,COPY_OR_MERGE,Exod.20.15
EXO 20:16,COPY_OR_MERGE,Exod.20.16
EXO 20:17,COPY_OR_MERGE,Exod.20.17
EXO 20:18,COPY_OR_MERGE,Exod.20.18
EXO 20:19,COPY_OR_MERGE,Exod.20.19
EXO 20:20,COPY_OR_MERGE,Exod.20.20
EXO 20:21,COPY_OR_MERGE,Exod.20.21
EXO 20:22,COPY_OR_MERGE,Exod.20.22
EXO 20:23,COPY_OR_MERGE,Exod.20.23
EXO 20:24,COPY_OR_MERGE,Exod.20.24
EXO 20:25,COPY_OR_MERGE,Exod.20.25
EXO 20:26,COPY_OR_MERGE,Exod.20.26
EXO 21:1,COPY_OR_MERGE,Exod.21.1
EXO 21:2,COPY_OR_MERGE,Exod.21.2
EXO 21:3,COPY_OR_MERGE,Exod.21.3
EXO 21:4,COPY_OR_MERGE,Exod.21.4
EXO 21:5,COPY_OR_MERGE,Exod.21.5
EXO 21:6,COPY_OR_MERGE,Exod.21.6
EXO 21:7,COPY_OR_MERGE,Exod.21.7
EXO 21:8,COPY_OR_MERGE,Exod.21.8
EXO 21:9,COPY_OR_MERGE,Exod.21.9
EXO 21:10,COPY_OR_MERGE,Exod.21.10
EXO 21:11,COPY_OR_MERGE,Exod.21.11
EXO 21:12,COPY_OR_MERGE,Exod.21.12
EXO 21:13,COPY_OR_MERGE,Exod.21.13
EXO 21:14,COPY_OR_MERGE,Exod.21.14
EXO 21:15,COPY_OR_MERGE,Exod.21.15
EXO 21:16,COPY_OR_MERGE,Exod.21.16
EXO 21:17,COPY_OR_MERGE,Exod.21.17
EXO 21:18,COPY_OR_MERGE,Exod.21.18
EXO 21:19,COPY_OR_MERGE,Exod.21.19
EXO 21:20,COPY_OR_MERGE,Exod.21.20
EXO 21:21,COPY_OR_MERGE,Exod.21.21
EXO 21:22,COPY_OR_MERGE,Exod.21.22
EXO 21:23,COPY_OR_MERGE,Exod.21.23
EXO 21:24,COPY_OR_MERGE,Exod.21.24
EXO 21:25,COPY_OR_MERGE,Exod.21.25
EXO 21:26,COPY_OR_MERGE,Exod.21.26
EXO 21:27,COPY_OR_MERGE,Exod.21.27
EXO 21:28,COPY_OR_MERGE,Exod.21.28
EXO 21:29,COPY_OR_MERGE,Exod.21.29
EXO 21:30,COPY_OR_MERGE,Exod.21.30
EXO 21:31,COPY_OR_MERGE,Exod.21.31
EXO 21:32,COPY_OR_MERGE,Exod.21.32
EXO 21:33,COPY_OR_MERGE,Exod.21.33
EXO 21:34,COPY_OR_MERGE,Exod.21.34
EXO 21:35,COPY_OR_MERGE,Exod.21.35
EXO 21:36,COPY_OR_MERGE,Exod.21.36
EXO 22:1,COPY_OR_MERGE,Exod.21.37
EXO 22:2,COPY_OR_MERGE,Exod.22.1
EXO 22:3,COPY_OR_MERGE,Exod.22.2
EXO 22:4,COPY_OR_MERGE,Exod.22.3
EXO 22:5,COPY_OR_MERGE,Exod.22.4
EXO 22:6,COPY_OR_MERGE,Exod.22.5
EXO 22:7,COPY_OR_MERGE,Exod.22.6
EXO 22:8,COPY_OR_MERGE,Exod.22.7
EXO 22:9,COPY_OR_MERGE,Exod.22.8
EXO 22:10,COPY_OR_MERGE,Exod.22.9
EXO 22:11,COPY_OR_MERGE,Exod.22.10
EXO 22:12,COPY_OR_MERGE,Exod.22.11
EXO 22:13,COPY_OR_MERGE,Exod.22.12
EXO 22:14,COPY_OR_MERGE,Exod.22.13
EXO 22:15,COPY_OR_MERGE,Exod.22.14
EXO 22:16,COPY_OR_MERGE,Exod.22.15
EXO 22:17,COPY_OR_MERGE,Exod.22.16
EXO 22:18,COPY_OR_MERGE,Exod.22.17
EXO 22:19,COPY_OR_MERGE,Exod.22.18
EXO 22:20,COPY_OR_MERGE,Exod.22.19
EXO 22:21,COPY_OR_MERGE,Exod.22.20
EXO 22:22,COPY_OR_MERGE,Exod.22.21
EXO 22:23,COPY_OR_MERGE,Exod.22.22
EXO 22:24,COPY_OR_MERGE,Exod.22.23
EXO 22:25,COPY_OR_MERGE,Exod.22.24
EXO 22:26,COPY_OR_MERGE,Exod.22.25
EXO 22:27,COPY_OR_MERGE,Exod.22.26
EXO 22:28,COPY_OR_MERGE,Exod.22.27
EXO 22:29,COPY_OR_MERGE,Exod.22.28
EXO 22:30,COPY_OR_MERGE,Exod.22.29
EXO 22:31,COPY_OR_MERGE,Exod.22.30
EXO 23:1,COPY_OR_MERGE,Exod.23.1
EXO 23:2,COPY_OR_MERGE,Exod.23.2
EXO 23:3,COPY_OR_MERGE,Exod.23.3
EXO 23:4,COPY_OR_MERGE,Exod.23.4
EXO 23:5,COPY_OR_MERGE,Exod.23.5
EXO 23:6,COPY_OR_MERGE,Exod.23.6
EXO 23:7,COPY_OR_MERGE,Exod.23.7
EXO 23:8,COPY_OR_MERGE,Exod.23.8
EXO 23:9,COPY_OR_MERGE,Exod.23.9
EXO 23:10,COPY_OR_MERGE,Exod.23.10
EXO 23:11,COPY_OR_MERGE,Exod.23.11
EXO 23:12,COPY_OR_MERGE,Exod.23.12
EXO 23:13,COPY_OR_MERGE,Exod.23.13
EXO 23:14,COPY_OR_MERGE,Exod.23.14
EXO 23:15,COPY_OR_MERGE,Exod.23.15
EXO 23:16,COPY_OR_MERGE,Exod.23.16
EXO 23:17,COPY_OR_MERGE,Exod.23.17
EXO 23:18,COPY_OR_MERGE,Exod.23.18
EXO 23:19,COPY_OR_MERGE,Exod.23.19
EXO 23:20,COPY_OR_MERGE,Exod.23.20
EXO 23:21,COPY_OR_MERGE,Exod.23.21
EXO 23:22,COPY_OR_MERGE,Exod.23.22
EXO 23:23,COPY_OR_MERGE,Exod.23.23
EXO 23:24,COPY_OR_MERGE,Exod.23.24
EXO 23:25,COPY_OR_MERGE,Exod.23.25
EXO 23:26,COPY_OR_MERGE,Exod.23.26
EXO 23:27,COPY_OR_MERGE,Exod.23.27
EXO 23:28,COPY_OR_MERGE,Exod.23.28
EXO 23:29,COPY_OR_MERGE,Exod.23.29
EXO 23:30,COPY_OR_MERGE,Exod.23.30
EXO 23:31,COPY_OR_MERGE,Exod.23.31
EXO 23:32,COPY_OR_MERGE,Exod.23.32
EXO 23:33,COPY_OR_MERGE,Exod.23.33
EXO 24:1,COPY_OR_MERGE,Exod.24.1
EXO 24:2,COPY_OR_MERGE,Exod.24.2
EXO 24:3,COPY_OR_MERGE,Exod.24.3
EXO 24:4,COPY_OR_MERGE,Exod.24.4
EXO 24:5,COPY_OR_MERGE,Exod.24.5
EXO 24:6,COPY_OR_MERGE,Exod.24.6
EXO 24:7,COPY_OR_MERGE,Exod.24.7
EXO 24:8,COPY_OR_MERGE,Exod.24.8
EXO 24:9,COPY_OR_MERGE,Exod.24.9
EXO 24:10,COPY_OR_MERGE,Exod.24.10
EXO 24:11,COPY_OR_MERGE,Exod.24.11
EXO 24:12,COPY_OR_MERGE,Exod.24.12
EXO 24:13,COPY_OR_MERGE,Exod.24.13
EXO 24:14,COPY_OR_MERGE,Exod.24.14
EXO 24:15,COPY_OR_MERGE,Exod.24.15
EXO 24:16,COPY_OR_MERGE,Exod.24.16
EXO 24:17,COPY_OR_MERGE,Exod.24.17
EXO 24:18,COPY_OR_MERGE,Exod.24.18
EXO 25:1,COPY_OR_MERGE,Exod.25.1
EXO 25:2,COPY_OR_MERGE,Exod.25.2
EXO 25:3,COPY_OR_MERGE,Exod.25.3
EXO 25:4,COPY_OR_MERGE,Exod.25.4
EXO 25:5,COPY_OR_MERGE,Exod.25.5
EXO 25:6,COPY_OR_MERGE,Exod.25.6
EXO 25:7,COPY_OR_MERGE,Exod.25.7
EXO 25:8,COPY_OR_MERGE,Exod.25.8
EXO 25:9,COPY_OR_MERGE,Exod.25.9
EXO 25:10,COPY_OR_MERGE,Exod.25.10
EXO 25:11,COPY_OR_MERGE,Exod.25.11
EXO 25:12,COPY_OR_MERGE,Exod.25.12
EXO 25:13,COPY_OR_MERGE,Exod.25.13
EXO 25:14,COPY_OR_MERGE,Exod.25.14
EXO 25:15,COPY_OR_MERGE,Exod.25.15
EXO 25:16,COPY_OR_MERGE,Exod.25.16
EXO 25:17,COPY_OR_MERGE,Exod.25.17
EXO 25:18,COPY_OR_MERGE,Exod.25.18
EXO 25:19,COPY_OR_MERGE,Exod.25.19
EXO 25:20,COPY_OR_MERGE,Exod.25.20
EXO 25:21,COPY_OR_MERGE,Exod.25.21
EXO 25:22,COPY_OR_MERGE,Exod.25.22
EXO 25:23,COPY_OR_MERGE,Exod.25.23
EXO 25:24,COPY_OR_MERGE,Exod.25.24
EXO 25:25,COPY_OR_MERGE,Exod.25.25
EXO 25:26,COPY_OR_MERGE,Exod.25.26
EXO 25:27,COPY_OR_MERGE,Exod.25.27
EXO 25:28,COPY_OR_MERGE,Exod.25.28
EXO 25:29,COPY_OR_MERGE,Exod.25.29
EXO 25:30,COPY_OR_MERGE,Exod.25.30
EXO 25:31,COPY_OR_MERGE,Exod.25.31
EXO 25:32,COPY_OR_MERGE,Exod.25.32
EXO 25:33,COPY_OR_MERGE,Exod.25.33
EXO 25:34,COPY_OR_MERGE,Exod.25.34
EXO 25:35,COPY_OR_MERGE,Exod.25.35
EXO 25:36,COPY_OR_MERGE,Exod.25.36
EXO 25:37,COPY_OR_MERGE,Exod.25.37
EXO 25:38,COPY_OR_MERGE,Exod.25.38
EXO 25:39,COPY_OR_MERGE,Exod.25.39
EXO 25:40,COPY_OR_MERGE,Exod.25.40
EXO 26:1,COPY_OR_MERGE,Exod.26.1
EXO 26:2,COPY_OR_MERGE,Exod.26.2
EXO 26:3,COPY_OR_MERGE,Exod.26.3
EXO 26:4,COPY_OR_MERGE,Exod.26.4
EXO 26:5,COPY_OR_MERGE,Exod.26.5
EXO 26:6,COPY_OR_MERGE,Exod.26.6
EXO 26:7,COPY_OR_MERGE,Exod.26.7
EXO 26:8,COPY_OR_MERGE,Exod.26.8
EXO 26:9,COPY_OR_MERGE,Exod.26.9
EXO 26:10,COPY_OR_MERGE,Exod.26.10
EXO 26:11,COPY_OR_MERGE,Exod.26.11
EXO 26:12,COPY_OR_MERGE,Exod.26.12
EXO 26:13,COPY_OR_MERGE,Exod.26.13
EXO 26:14,COPY_OR_MERGE,Exod.26.14
EXO 26:15,COPY_OR_MERGE,Exod.26.15
EXO 26:16,COPY_OR_MERGE,Exod.26.16
EXO 26:17,COPY_OR_MERGE,Exod.26.17
EXO 26:18,COPY_OR_MERGE,Exod.26.18
EXO 26:19,COPY_OR_MERGE,Exod.26.19
EXO 26:20,COPY_OR_MERGE,Exod.26.20
EXO 26:21,COPY_OR_MERGE,Exod.26.21
EXO 26:22,COPY_OR_MERGE,Exod.26.22
EXO 26:23,COPY_OR_MERGE,Exod.26.23
EXO 26:24,COPY_OR_MERGE,Exod.26.24
EXO 26:25,COPY_OR_MERGE,Exod.26.25
EXO 26:26,COPY_OR_MERGE,Exod.26.26
EXO 26:27,COPY_OR_MERGE,Exod.26.27
EXO 26:28,COPY_OR_MERGE,Exod.26.28
EXO 26:29,COPY_OR_MERGE,Exod.26.29
EXO 26:30,COPY_OR_MERGE,Exod.26.30
EXO 26:31,COPY_OR_MERGE,Exod.26.31
EXO 26:32,COPY_OR_MERGE,Exod.26.32
EXO 26:33,COPY_OR_MERGE,Exod.26.33
EXO 26:34,COPY_OR_MERGE,Exod.26.34
EXO 26:35,COPY_OR_MERGE,Exod.26.35
EXO 26:36,COPY_OR_MERGE,Exod.26.36
EXO 26:37,COPY_OR_MERGE,Exod.26.37
EXO 27:1,COPY_OR_MERGE,Exod.27.1
EXO 27:2,COPY_OR_MERGE,Exod.27.2
EXO 27:3,COPY_OR_MERGE,Exod.27.3
EXO 27:4,COPY_OR_MERGE,Exod.27.4
EXO 27:5,COPY_OR_MERGE,Exod.27.5
EXO 27:6,COPY_OR_MERGE,Exod.27.6
EXO 27:7,COPY_OR_MERGE,Exod.27.7
EXO 27:8,COPY_OR_MERGE,Exod.27.8
EXO 27:9,COPY_OR_MERGE,Exod.27.9
EXO 27:10,COPY_OR_MERGE,Exod.27.10
EXO 27:11,COPY_OR_MERGE,Exod.27.11
EXO 27:12,COPY_OR_MERGE,Exod.27.12
EXO 27:13,COPY_OR_MERGE,Exod.27.13
EXO 27:14,COPY_OR_MERGE,Exod.27.14
EXO 27:15,COPY_OR_MERGE,Exod.27.15
EXO 27:16,COPY_OR_MERGE,Exod.27.16
EXO 27:17,COPY_OR_MERGE,Exod.27.17
EXO 27:18,COPY_OR_MERGE,Exod.27.18
EXO 27:19,COPY_OR_MERGE,Exod.27.19
EXO 27:20,COPY_OR_MERGE,Exod.27.20
EXO 27:21,COPY_OR_MERGE,Exod.27.21
EXO 28:1,COPY_OR_MERGE,Exod.28.1
EXO 28:2,COPY_OR_MERGE,Exod.28.2
EXO 28:3,COPY_OR_MERGE,Exod.28.3
EXO 28:4,COPY_OR_MERGE,Exod.28.4
EXO 28:5,COPY_OR_MERGE,Exod.28.5
EXO 28:6,COPY_OR_MERGE,Exod.28.6
EXO 28:7,COPY_OR_MERGE,Exod.28.7
EXO 28:8,COPY_OR_MERGE,Exod.28.8
EXO 28:9,COPY_OR_MERGE,Exod.28.9
EXO 28:10,COPY_OR_MERGE,Exod.28.10
EXO 28:11,COPY_OR_MERGE,Exod.28.11
EXO 28:12,COPY_OR_MERGE,Exod.28.12
EXO 28:13,COPY_OR_MERGE,Exod.28.13
EXO 28:14,COPY_OR_MERGE,Exod.28.14
EXO 28:15,COPY_OR_MERGE,Exod.28.15
EXO 28:16,COPY_OR_MERGE,Exod.28.16
EXO 28:17,COPY_OR_MERGE,Exod.28.17
EXO 28:18,COPY_OR_MERGE,Exod.28.18
EXO 28:19,COPY_OR_MERGE,Exod.28.19
EXO 28:20,COPY_OR_MERGE,Exod.28.20
EXO 28:21,COPY_OR_MERGE,Exod.28.21
EXO 28:22,COPY_OR_MERGE,Exod.28.22
EXO 28:23,COPY_OR_MERGE,Exod.28.23
EXO 28:24,COPY_OR_MERGE,Exod.28.24
EXO 28:25,COPY_OR_MERGE,Exod.28.25
EXO 28:26,COPY_OR_MERGE,Exod.28.26
EXO 28:27,COPY_OR_MERGE,Exod.28.27
EXO 28:28,COPY_OR_MERGE,Exod.28.28
EXO 28:29,COPY_OR_MERGE,Exod.28.29
EXO 28:30,COPY_OR_MERGE,Exod.28.30
EXO 28:31,COPY_OR_MERGE,Exod.28.31
EXO 28:32,COPY_OR_MERGE,Exod.28.32
EXO 28:33,COPY_OR_MERGE,Exod.28.33
EXO 28:34,COPY_OR_MERGE,Exod.28.34
EXO 28:35,COPY_OR_MERGE,Exod.28.35
EXO 28:36,COPY_OR_MERGE,Exod.28.36
EXO 28:37,COPY_OR_MERGE,Exod.28.37
EXO 28:38,COPY_OR_MERGE,Exod.28.38
EXO 28:39,COPY_OR_MERGE,Exod.28.39
EXO 28:40,COPY_OR_MERGE,Exod.28.40
EXO 28:41,COPY_OR_MERGE,Exod.28.41
EXO 28:42,COPY_OR_MERGE,Exod.28.42
EXO 28:43,COPY_OR_MERGE,Exod.28.43
EXO 29:1,COPY_OR_MERGE,Exod.29.1
EXO 29:2,COPY_OR_MERGE,Exod.29.2
EXO 29:3,COPY_OR_MERGE,Exod.29.3
EXO 29:4,COPY_OR_MERGE,Exod.29.4
EXO 29:5,COPY_OR_MERGE,Exod.29.5
EXO 29:6,COPY_OR_MERGE,Exod.29.6
EXO 29:7,COPY_OR_MERGE,Exod.29.7
EXO 29:8,COPY_OR_MERGE,Exod.29.8
EXO 29:9,COPY_OR_MERGE,Exod.29.9
EXO 29:10,COPY_OR_MERGE,Exod.29.10
EXO 29:11,COPY_OR_MERGE,Exod.29.11
EXO 29:12,COPY_OR_MERGE,Exod.29.12
EXO 29:13,COPY_OR_MERGE,Exod.29.13
EXO 29:14,COPY_OR_MERGE,Exod.29.14
EXO 29:15,COPY_OR_MERGE,Exod.29.15
EXO 29:16,COPY_OR_MERGE,Exod.29.16
EXO 29:17,COPY_OR_MERGE,Exod.29.17
EXO 29:18,COPY_OR_MERGE,Exod.29.18
EXO 29:19,COPY_OR_MERGE,Exod.29.19
EXO 29:20,COPY_OR_MERGE,Exod.29.20
EXO 29:21,COPY_OR_MERGE,Exod.29.21
EXO 29:22,COPY_OR_MERGE,Exod.29.22
EXO 29:23,COPY_OR_MERGE,Exod.29.23
EXO 29:24,COPY_OR_MERGE,Exod.29.24
EXO 29:25,COPY_OR_MERGE,Exod.29.25
EXO 29:26,COPY_OR_MERGE,Exod.29.26
EXO 29:27,COPY_OR_MERGE,Exod.29.27
EXO 29:28,COPY_OR_MERGE,Exod.29.28
EXO 29:29,COPY_OR_MERGE,Exod.29.29
EXO 29:30,COPY_OR_MERGE,Exod.29.30
EXO 29:31,COPY_OR_MERGE,Exod.29.31
EXO 29:32,COPY_OR_MERGE,Exod.29.32
EXO 29:33,COPY_OR_MERGE,Exod.29.33
EXO 29:34,COPY_OR_MERGE,Exod.29.34
EXO 29:35,COPY_OR_MERGE,Exod.29.35
EXO 29:36,COPY_OR_MERGE,Exod.29.36
EXO 29:37,COPY_OR_MERGE,Exod.29.37
EXO 29:38,COPY_OR_MERGE,Exod.29.38
EXO 29:39,COPY_OR_MERGE,Exod.29.39
EXO 29:40,COPY_OR_MERGE,Exod.29.40
EXO 29:41,COPY_OR_MERGE,Exod.29.41
EXO 29:42,COPY_OR_MERGE,Exod.29.42
EXO 29:43,COPY_OR_MERGE,Exod.29.43
EXO 29:44,COPY_OR_MERGE,Exod.29.44
EXO 29:45,COPY_OR_MERGE,Exod.29.45
EXO 29:46,COPY_OR_MERGE,Exod.29.46
EXO 30:1,COPY_OR_MERGE,Exod.30.1
EXO 30:2,COPY_OR_MERGE,Exod.30.2
EXO 30:3,COPY_OR_MERGE,Exod.30.3
EXO 30:4,COPY_OR_MERGE,Exod.30.4
EXO 30:5,COPY_OR_MERGE,Exod.30.5
EXO 30:6,COPY_OR_MERGE,Exod.30.6
EXO 30:7,COPY_OR_MERGE,Exod.30.7
EXO 30:8,COPY_OR_MERGE,Exod.30.8
EXO 30:9,COPY_OR_MERGE,Exod.30.9
EXO 30:10,COPY_OR_MERGE,Exod.30.10
EXO 30:11,COPY_OR_MERGE,Exod.30.11
EXO 30:12,COPY_OR_MERGE,Exod.30.12
EXO 30:13,COPY_OR_MERGE,Exod.30.13
EXO 30:14,COPY_OR_MERGE,Exod.30.14
EXO 30:15,COPY_OR_MERGE,Exod.30.15
EXO 30:16,COPY_OR_MERGE,Exod.30.16
EXO 30:17,COPY_OR_MERGE,Exod.30.17
EXO 30:18,COPY_OR_MERGE,Exod.30.18
EXO 30:19,COPY_OR_MERGE,Exod.30.19
EXO 30:20,COPY_OR_MERGE,Exod.30.20
EXO 30:21,COPY_OR_MERGE,Exod.30.21
EXO 30:22,COPY_OR_MERGE,Exod.30.22
EXO 30:23,COPY_OR_MERGE,Exod.30.23
EXO 30:24,COPY_OR_MERGE,Exod.30.24
EXO 30:25,COPY_OR_MERGE,Exod.30.25
EXO 30:26,COPY_OR_MERGE,Exod.30.26
EXO 30:27,COPY_OR_MERGE,Exod.30.27
EXO 30:28,COPY_OR_MERGE,Exod.30.28
EXO 30:29,COPY_OR_MERGE,Exod.30.29
EXO 30:30,COPY_OR_MERGE,Exod.30.30
EXO 30:31,COPY_OR_MERGE,Exod.30.31
EXO 30:32,COPY_OR_MERGE,Exod.30.32
EXO 30:33,COPY_OR_MERGE,Exod.30.33
EXO 30:34,COPY_OR_MERGE,Exod.30.34
EXO 30:35,COPY_OR_MERGE,Exod.30.35
EXO 30:36,COPY_OR_MERGE,Exod.30.36
EXO 30:37,COPY_OR_MERGE,Exod.30.37
EXO 30:38,COPY_OR_MERGE,Exod.30.38
EXO 31:1,COPY_OR_MERGE,Exod.31.1
EXO 31:2,COPY_OR_MERGE,Exod.31.2
EXO 31:3,COPY_OR_MERGE,Exod.31.3
EXO 31:4,COPY_OR_MERGE,Exod.31.4
EXO 31:5,COPY_OR_MERGE,Exod.31.5
EXO 31:6,COPY_OR_MERGE,Exod.31.6
EXO 31:7,COPY_OR_MERGE,Exod.31.7
EXO 31:8,COPY_OR_MERGE,Exod.31.8
EXO 31:9,COPY_OR_MERGE,Exod.31.9
EXO 31:10,COPY_OR_MERGE,Exod.31.10
EXO 31:11,COPY_OR_MERGE,Exod.31.11
EXO 31:12,COPY_OR_MERGE,Exod.31.12
EXO 31:13,COPY_OR_MERGE,Exod.31.13
EXO 31:14,COPY_OR_MERGE,Exod.31.14
EXO 31:15,COPY_OR_MERGE,Exod.31.15
EXO 31:16,COPY_OR_MERGE,Exod.31.16
EXO 31:17,COPY_OR_MERGE,Exod.31.17
EXO 31:18,COPY_OR_MERGE,Exod.31.18
EXO 32:1,COPY_OR_MERGE,Exod.32.1
EXO 32:2,COPY_OR_MERGE,Exod.32.2
EXO 32:3,COPY_OR_MERGE,Exod.32.3
EXO 32:4,COPY_OR_MERGE,Exod.32.4
EXO 32:5,COPY_OR_MERGE,Exod.32.5
EXO 32:6,COPY_OR_MERGE,Exod.32.6
EXO 32:7,COPY_OR_MERGE,Exod.32.7
EXO 32:8,COPY_OR_MERGE,Exod.32.8
EXO 32:9,COPY_OR_MERGE,Exod.32.9
EXO 32:10,COPY_OR_MERGE,Exod.32.10
EXO 32:11,COPY_OR_MERGE,Exod.32.11
EXO 32:12,COPY_OR_MERGE,Exod.32.12
EXO 32:13,COPY_OR_MERGE,Exod.32.13
EXO 32:14,COPY_OR_MERGE,Exod.32.14
EXO 32:15,COPY_OR_MERGE,Exod.32.15
EXO 32:16,COPY_OR_MERGE,Exod.32.16
EXO 32:17,COPY_OR_MERGE,Exod.32.17
EXO 32:18,COPY_OR_MERGE,Exod.32.18
EXO 32:19,COPY_OR_MERGE,Exod.32.19
EXO 32:20,COPY_OR_MERGE,Exod.32.20
EXO 32:21,COPY_OR_MERGE,Exod.32.21
EXO 32:22,COPY_OR_MERGE,Exod.32.22
EXO 32:23,COPY_OR_MERGE,Exod.32.23
EXO 32:24,COPY_OR_MERGE,Exod.32.24
EXO 32:25,COPY_OR_MERGE,Exod.32.25
EXO 32:26,COPY_OR_MERGE,Exod.32.26
EXO 32:27,COPY_OR_MERGE,Exod.32.27
EXO 32:28,COPY_OR_MERGE,Exod.32.28
EXO 32:29,COPY_OR_MERGE,Exod.32.29
EXO 32:30,COPY_OR_MERGE,Exod.32.30
EXO 32:31,COPY_OR_MERGE,Exod.32.31
EXO 32:32,COPY_OR_MERGE,Exod.32.32
EXO 32:33,COPY_OR_MERGE,Exod.32.33
EXO 32:34,COPY_OR_MERGE,Exod.32.34
EXO 32:35,COPY_OR_MERGE,Exod.32.35
EXO 33:1,COPY_OR_MERGE,Exod.33.1
EXO 33:2,COPY_OR_MERGE,Exod.33.2
EXO 33:3,COPY_OR_MERGE,Exod.33.3
EXO 33:4,COPY_OR_MERGE,Exod.33.4
EXO 33:5,COPY_OR_MERGE,Exod.33.5
EXO 33:6,COPY_OR_MERGE,Exod.33.6
EXO 33:7,COPY_OR_MERGE,Exod.33.7
EXO 33:8,COPY_OR_MERGE,Exod.33.8
EXO 33:9,COPY_OR_MERGE,Exod.33.9
EXO 33:10,COPY_OR_MERGE,Exod.33.10
EXO 33:11,COPY_OR_MERGE,Exod.33.11
EXO 33:12,COPY_OR_MERGE,Exod.33.12
EXO 33:13,COPY_OR_MERGE,Exod.33.13
EXO 33:14,COPY_OR_MERGE,Exod.33.14
EXO 33:15,COPY_OR_MERGE,Exod.33.15
EXO 33:16,COPY_OR_MERGE,Exod.33.16
EXO 33:17,COPY_OR_MERGE,Exod.33.17
EXO 33:18,COPY_OR_MERGE,Exod.33.18
EXO 33:19,COPY_OR_MERGE,Exod.33.19
EXO 33:20,COPY_OR_MERGE,Exod.33.20
EXO 33:21,COPY_OR_MERGE,Exod.33.21
EXO 33:22,COPY_OR_MERGE,Exod.33.22
EXO 33:23,COPY_OR_MERGE,Exod.33.23
EXO 34:1,COPY_OR_MERGE,Exod.34.1
EXO 34:2,COPY_OR_MERGE,Exod.34.2
EXO 34:3,COPY_OR_MERGE,Exod.34.3
EXO 34:4,COPY_OR_MERGE,Exod.34.4
EXO 34:5,COPY_OR_MERGE,Exod.34.5
EXO 34:6,COPY_OR_MERGE,Exod.34.6
EXO 34:7,COPY_OR_MERGE,Exod.34.7
EXO 34:8,COPY_OR_MERGE,Exod.34.8
EXO 34:9,COPY_OR_MERGE,Exod.34.9
EXO 34:10,COPY_OR_MERGE,Exod.34.10
EXO 34:11,COPY_OR_MERGE,Exod.34.11
EXO 34:12,COPY_OR_MERGE,Exod.34.12
EXO 34:13,COPY_OR_MERGE,Exod.34.13
EXO 34:14,COPY_OR_MERGE,Exod.34.14
EXO 34:15,COPY_OR_MERGE,Exod.34.15
EXO 34:16,COPY_OR_MERGE,Exod.34.16
EXO 34:17,COPY_OR_MERGE,Exod.34.17
EXO 34:18,COPY_OR_MERGE,Exod.34.18
EXO 34:19,COPY_OR_MERGE,Exod.34.19
EXO 34:20,COPY_OR_MERGE,Exod.34.20
EXO 34:21,COPY_OR_MERGE,Exod.34.21
EXO 34:22,COPY_OR_MERGE,Exod.34.22
EXO 34:23,COPY_OR_MERGE,Exod.34.23
EXO 34:24,COPY_OR_MERGE,Exod.34.24
EXO 34:25,COPY_OR_MERGE,Exod.34.25
EXO 34:26,COPY_OR_MERGE,Exod.34.26
EXO 34:27,COPY_OR_MERGE,Exod.34.27
EXO 34:28,COPY_OR_MERGE,Exod.34.28
EXO 34:29,COPY_OR_MERGE,Exod.34.29
EXO 34:30,COPY_OR_MERGE,Exod.34.30
EXO 34:31,COPY_OR_MERGE,Exod.34.31
EXO 34:32,COPY_OR_MERGE,Exod.34.32
EXO 34:33,COPY_OR_MERGE,Exod.34.33
EXO 34:34,COPY_OR_MERGE,Exod.34.34
EXO 34:35,COPY_OR_MERGE,Exod.34.35
EXO 35:1,COPY_OR_MERGE,Exod.35.1
EXO 35:2,COPY_OR_MERGE,Exod.35.2
EXO 35:3,COPY_OR_MERGE,Exod.35.3
EXO 35:4,COPY_OR_MERGE,Exod.35.4
EXO 35:5,COPY_OR_MERGE,Exod.35.5
EXO 35:6,COPY_OR_MERGE,Exod.35.6
EXO 35:7,COPY_OR_MERGE,Exod.35.7
EXO 35:8,COPY_OR_MERGE,Exod.35.8
EXO 35:9,COPY_OR_MERGE,Exod.35.9
EXO 35:10,COPY_OR_MERGE,Exod.35.10
EXO 35:11,COPY_OR_MERGE,Exod.35.11
EXO 35:12,COPY_OR_MERGE,Exod.35.12
EXO 35:13,COPY_OR_MERGE,Exod.35.13
EXO 35:14,COPY_OR_MERGE,Exod.35.14
EXO 35:15,COPY_OR_MERGE,Exod.35.15
EXO 35:16,COPY_OR_MERGE,Exod.35.16
EXO 35:17,COPY_OR_MERGE,Exod.35.17
EXO 35:18,COPY_OR_MERGE,Exod.35.18
EXO 35:19,COPY_OR_MERGE,Exod.35.19
EXO 35:20,COPY_OR_MERGE,Exod.35.20
EXO 35:21,COPY_OR_MERGE,Exod.35.21
EXO 35:22,COPY_OR_MERGE,Exod.35.22
EXO 35:23,COPY_OR_MERGE,Exod.35.23
EXO 35:24,COPY_OR_MERGE,Exod.35.24
EXO 35:25,COPY_OR_MERGE,Exod.35.25
EXO 35:26,COPY_OR_MERGE,Exod.35.26
EXO 35:27,COPY_OR_MERGE,Exod.35.27
EXO 35:28,COPY_OR_MERGE,Exod.35.28
EXO 35:29,COPY_OR_MERGE,Exod.35.29
EXO 35:30,COPY_OR_MERGE,Exod.35.30
EXO 35:31,COPY_OR_MERGE,Exod.35.31
EXO 35:32,COPY_OR_MERGE,Exod.35.32
EXO 35:33,COPY_OR_MERGE,Exod.35.33
EXO 35:34,COPY_OR_MERGE,Exod.35.34
EXO 35:35,COPY_OR_MERGE,Exod.35.35
EXO 36:1,COPY_OR_MERGE,Exod.36.1
EXO 36:2,COPY_OR_MERGE,Exod.36.2
EXO 36:3,COPY_OR_MERGE,Exod.36.3
EXO 36:4,COPY_OR_MERGE,Exod.36.4
EXO 36:5,COPY_OR_MERGE,Exod.36.5
EXO 36:6,COPY_OR_MERGE,Exod.36.6
EXO 36:7,COPY_OR_MERGE,Exod.36.7
EXO 36:8,COPY_OR_MERGE,Exod.36.8
EXO 36:9,COPY_OR_MERGE,Exod.36.9
EXO 36:10,COPY_OR_MERGE,Exod.36.10
EXO 36:11,COPY_OR_MERGE,Exod.36.11
EXO 36:12,COPY_OR_MERGE,Exod.36.12
EXO 36:13,COPY_OR_MERGE,Exod.36.13
EXO 36:14,COPY_OR_MERGE,Exod.36.14
EXO 36:15,COPY_OR_MERGE,Exod.36.15
EXO 36:16,COPY_OR_MERGE,Exod.36.16
EXO 36:17,COPY_OR_MERGE,Exod.36.17
EXO 36:18,COPY_OR_MERGE,Exod.36.18
EXO 36:19,COPY_OR_MERGE,Exod.36.19
EXO 36:20,COPY_OR_MERGE,Exod.36.20
EXO 36:21,COPY_OR_MERGE,Exod.36.21
EXO 36:22,COPY_OR_MERGE,Exod.36.22
EXO 36:23,COPY_OR_MERGE,Exod.36.23
EXO 36:24,COPY_OR_MERGE,Exod.36.24
EXO 36:25,COPY_OR_MERGE,Exod.36.25
EXO 36:26,COPY_OR_MERGE,Exod.36.26
EXO 36:27,COPY_OR_MERGE,Exod.36.27
EXO 36:28,COPY_OR_MERGE,Exod.36.28
EXO 36:29,COPY_OR_MERGE,Exod.36.29
EXO 36:30,COPY_OR_MERGE,Exod.36.30
EXO 36:31,COPY_OR_MERGE,Exod.36.31
EXO 36:32,COPY_OR_MERGE,Exod.36.32
EXO 36:33,COPY_OR_MERGE,Exod.36.33
EXO 36:34,COPY_OR_MERGE,Exod.36.34
EXO 36:35,COPY_OR_MERGE,Exod.36.35
EXO 36:36,COPY_OR_MERGE,Exod.36.36
EXO 36:37,COPY_OR_MERGE,Exod.36.37
EXO 36:38,COPY_OR_MERGE,Exod.36.38
EXO 37:1,COPY_OR_MERGE,Exod.37.1
EXO 37:2,COPY_OR_MERGE,Exod.37.2
EXO 37:3,COPY_OR_MERGE,Exod.37.3
EXO 37:4,COPY_OR_MERGE,Exod.37.4
EXO 37:5,COPY_OR_MERGE,Exod.37.5
EXO 37:6,COPY_OR_MERGE,Exod.37.6
EXO 37:7,COPY_OR_MERGE,Exod.37.7
EXO 37:8,COPY_OR_MERGE,Exod.37.8
EXO 37:9,COPY_OR_MERGE,Exod.37.9
EXO 37:10,COPY_OR_MERGE,Exod.37.10
EXO 37:11,COPY_OR_MERGE,Exod.37.11
EXO 37:12,COPY_OR_MERGE,Exod.37.12
EXO 37:13,COPY_OR_MERGE,Exod.37.13
EXO 37:14,COPY_OR_MERGE,Exod.37.14
EXO 37:15,COPY_OR_MERGE,Exod.37.15
EXO 37:16,COPY_OR_MERGE,Exod.37.16
EXO 37:17,COPY_OR_MERGE,Exod.37.17
EXO 37:18,COPY_OR_MERGE,Exod.37.18
EXO 37:19,COPY_OR_MERGE,Exod.37.19
EXO 37:20,COPY_OR_MERGE,Exod.37.20
EXO 37:21,COPY_OR_MERGE,Exod.37.21
EXO 37:22,COPY_OR_MERGE,Exod.37.22
EXO 37:23,COPY_OR_MERGE,Exod.37.23
EXO 37:24,COPY_OR_MERGE,Exod.37.24
EXO 37:25,COPY_OR_MERGE,Exod.37.25
EXO 37:26,COPY_OR_MERGE,Exod.37.26
EXO 37:27,COPY_OR_MERGE,Exod.37.27
EXO 37:28,COPY_OR_MERGE,Exod.37.28
EXO 37:29,COPY_OR_MERGE,Exod.37.29
EXO 38:1,COPY_OR_MERGE,Exod.38.1
EXO 38:2,COPY_OR_MERGE,Exod.38.2
EXO 38:3,COPY_OR_MERGE,Exod.38.3
EXO 38:4,COPY_OR_MERGE,Exod.38.4
EXO 38:5,COPY_OR_MERGE,Exod.38.5
EXO 38:6,COPY_OR_MERGE,Exod.38.6
EXO 38:7,COPY_OR_MERGE,Exod.38.7
EXO 38:8,COPY_OR_MERGE,Exod.38.8
EXO 38:9,COPY_OR_MERGE,Exod.38.9
EXO 38:10,COPY_OR_MERGE,Exod.38.10
EXO 38:11,COPY_OR_MERGE,Exod.38.11
EXO 38:12,COPY_OR_MERGE,Exod.38.12
EXO 38:13,COPY_OR_MERGE,Exod.38.13
EXO 38:14,COPY_OR_MERGE,Exod.38.14
EXO 38:15,COPY_OR_MERGE,Exod.38.15
EXO 38:16,COPY_OR_MERGE,Exod.38.16
EXO 38:17,COPY_OR_MERGE,Exod.38.17
EXO 38:18,COPY_OR_MERGE,Exod.38.18
EXO 38:19,COPY_OR_MERGE,Exod.38.19
EXO 38:20,COPY_OR_MERGE,Exod.38.20
EXO 38:21,COPY_OR_MERGE,Exod.38.21
EXO 38:22,COPY_OR_MERGE,Exod.38.22
EXO 38:23,COPY_OR_MERGE,Exod.38.23
EXO 38:24,COPY_OR_MERGE,Exod.38.24
EXO 38:25,COPY_OR_MERGE,Exod.38.25
EXO 38:26,COPY_OR_MERGE,Exod.38.26
EXO 38:27,COPY_OR_MERGE,Exod.38.27
EXO 38:28,COPY_OR_MERGE,Exod.38.28
EXO 38:29,COPY_OR_MERGE,Exod.38.29
EXO 38:30,COPY_OR_MERGE,Exod.38.30
EXO 38:31,COPY_OR_MERGE,Exod.38.31
EXO 39:1,COPY_OR_MERGE,Exod.39.1
EXO 39:2,COPY_OR_MERGE,Exod.39.2
EXO 39:3,COPY_OR_MERGE,Exod.39.3
EXO 39:4,COPY_OR_MERGE,Exod.39.4
EXO 39:5,COPY_OR_MERGE,Exod.39.5
EXO 39:6,COPY_OR_MERGE,Exod.39.6
EXO 39:7,COPY_OR_MERGE,Exod.39.7
EXO 39:8,COPY_OR_MERGE,Exod.39.8
EXO 39:9,COPY_OR_MERGE,Exod.39.9
EXO 39:10,COPY_OR_MERGE,Exod.39.10
EXO 39:11,COPY_OR_MERGE,Exod.39.11
EXO 39:12,COPY_OR_MERGE,Exod.39.12
EXO 39:13,COPY_OR_MERGE,Exod.39.13
EXO 39:14,COPY_OR_MERGE,Exod.39.14
EXO 39:15,COPY_OR_MERGE,Exod.39.15
EXO 39:16,COPY_OR_MERGE,Exod.39.16
EXO 39:17,COPY_OR_MERGE,Exod.39.17
EXO 39:18,COPY_OR_MERGE,Exod.39.18
EXO 39:19,COPY_OR_MERGE,Exod.39.19
EXO 39:20,COPY_OR_MERGE,Exod.39.20
EXO 39:21,COPY_OR_MERGE,Exod.39.21
EXO 39:22,COPY_OR_MERGE,Exod.39.22
EXO 39:23,COPY_OR_MERGE,Exod.39.23
EXO 39:24,COPY_OR_MERGE,Exod.39.24
EXO 39:25,COPY_OR_MERGE,Exod.39.25
EXO 39:26,COPY_OR_MERGE,Exod.39.26
EXO 39:27,COPY_OR_MERGE,Exod.39.27
EXO 39:28,COPY_OR_MERGE,Exod.39.28
EXO 39:29,COPY_OR_MERGE,Exod.39.29
EXO 39:30,COPY_OR_MERGE,Exod.39.30
EXO 39:31,COPY_OR_MERGE,Exod.39.31
EXO 39:32,COPY_OR_MERGE,Exod.39.32
EXO 39:33,COPY_OR_MERGE,Exod.39.33
EXO 39:34,COPY_OR_MERGE,Exod.39.34
EXO 39:35,COPY_OR_MERGE,Exod.39.35
EXO 39:36,COPY_OR_MERGE,Exod.39.36
EXO 39:37,COPY_OR_MERGE,Exod.39.37
EXO 39:38,COPY_OR_MERGE,Exod.39.38
EXO 39:39,COPY_OR_MERGE,Exod.39.39
EXO 39:40,COPY_OR_MERGE,Exod.39.40
EXO 39:41,COPY_OR_MERGE,Exod.39.41
EXO 39:42,COPY_OR_MERGE,Exod.39.42
EXO 39:43,COPY_OR_MERGE,Exod.39.43
EXO 40:1,COPY_OR_MERGE,Exod.40.1
EXO 40:2,COPY_OR_MERGE,Exod.40.2
EXO 40:3,COPY_OR_MERGE,Exod.40.3
EXO 40:4,COPY_OR_MERGE,Exod.40.4
EXO 40:5,COPY_OR_MERGE,Exod.40.5
EXO 40:6,COPY_OR_MERGE,Exod.40.6
EXO 40:7,COPY_OR_MERGE,Exod.40.7
EXO 40:8,COPY_OR_MERGE,Exod.40.8
EXO 40:9,COPY_OR_MERGE,Exod.40.9
EXO 40:10,COPY_OR_MERGE,Exod.40.10
EXO 40:11,COPY_OR_MERGE,Exod.40.11
EXO 40:12,COPY_OR_MERGE,Exod.40.12
EXO 40:13,COPY_OR_MERGE,Exod.40.13
EXO 40:14,COPY_OR_MERGE,Exod.40.14
EXO 40:15,COPY_OR_MERGE,Exod.40.15
EXO 40:16,COPY_OR_MERGE,Exod.40.16
EXO 40:17,COPY_OR_MERGE,Exod.40.17
EXO 40:18,COPY_OR_MERGE,Exod.40.18
EXO 40:19,COPY_OR_MERGE,Exod.40.19
EXO 40:20,COPY_OR_MERGE,Exod.40.20
EXO 40:21,COPY_OR_MERGE,Exod.40.21
EXO 40:22,COPY_OR_MERGE,Exod.40.22
EXO 40:23,COPY_OR_MERGE,Exod.40.23
EXO 40:24,COPY_OR_MERGE,Exod.40.24
EXO 40:25,COPY_OR_MERGE,Exod.40.25
EXO 40:26,COPY_OR_MERGE,Exod.40.26
EXO 40:27,COPY_OR_MERGE,Exod.40.27
EXO 40:28,COPY_OR_MERGE,Exod.40.28
EXO 40:29,COPY_OR_MERGE,Exod.40.29
EXO 40:30,COPY_OR_MERGE,Exod.40.30
EXO 40:31,COPY_OR_MERGE,Exod.40.31
EXO 40:32,COPY_OR_MERGE,Exod.40.32
EXO 40:33,COPY_OR_MERGE,Exod.40.33
EXO 40:34,COPY_OR_MERGE,Exod.40.34
EXO 40:35,COPY_OR_MERGE,Exod.40.35
EXO 40:36,COPY_OR_MERGE,Exod.40.36
EXO 40:37,COPY_OR_MERGE,Exod.40.37
EXO 40:38,COPY_OR_MERGE,Exod.40.38
EZK 1:1,COPY_OR_MERGE,Ezek.1.1
EZK 1:2,COPY_OR_MERGE,Ezek.1.2
EZK 1:3,COPY_OR_MERGE,Ezek.1.3
EZK 1:4,COPY_OR_MERGE,Ezek.1.4
EZK 1:5,COPY_OR_MERGE,Ezek.1.5
EZK 1:6,COPY_OR_MERGE,Ezek.1.6
EZK 1:7,COPY_OR_MERGE,Ezek.1.7
EZK 1:8,COPY_OR_MERGE,Ezek.1.8
EZK 1:9,COPY_OR_MERGE,Ezek.1.9
EZK 1:10,COPY_OR_MERGE,Ezek.1.10
EZK 1:11,COPY_OR_MERGE,Ezek.1.11
EZK 1:12,COPY_OR_MERGE,Ezek.1.12
EZK 1:13,COPY_OR_MERGE,Ezek.1.13
EZK 1:14,COPY_OR_MERGE,Ezek.1.14
EZK 1:15,COPY_OR_MERGE,Ezek.1.15
EZK 1:16,COPY_OR_MERGE,Ezek.1.16
EZK 1:17,COPY_OR_MERGE,Ezek.1.17
EZK 1:18,COPY_OR_MERGE,Ezek.1.18
EZK 1:19,COPY_OR_MERGE,Ezek.1.19
EZK 1:20,COPY_OR_MERGE,Ezek.1.20
EZK 1:21,COPY_OR_MERGE,Ezek.1.21
EZK 1:22,COPY_OR_MERGE,Ezek.1.22
EZK 1:23,COPY_OR_MERGE,Ezek.1.23
EZK 1:24,COPY_OR_MERGE,Ezek.1.24
EZK 1:25,COPY_OR_MERGE,Ezek.1.25
EZK 1:26,COPY_OR_MERGE,Ezek.1.26
EZK 1:27,COPY_OR_MERGE,Ezek.1.27
EZK 1:28,COPY_OR_MERGE,Ezek.1.28
EZK 2:1,COPY_OR_MERGE,Ezek.2.1
EZK 2:2,COPY_OR_MERGE,Ezek.2.2
EZK 2:3,COPY_OR_MERGE,Ezek.2.3
EZK 2:4,COPY_OR_MERGE,Ezek.2.4
EZK 2:5,COPY_OR_MERGE,Ezek.2.5
EZK 2:6,COPY_OR_MERGE,Ezek.2.6
EZK 2:7,COPY_OR_MERGE,Ezek.2.7
EZK 2:8,COPY_OR_MERGE,Ezek.2.8
EZK 2:9,COPY_OR_MERGE,Ezek.2.9
EZK 2:10,COPY_OR_MERGE,Ezek.2.10
EZK 3:1,COPY_OR_MERGE,Ezek.3.1
EZK 3:2,COPY_OR_MERGE,Ezek.3.2
EZK 3:3,COPY_OR_MERGE,Ezek.3.3
EZK 3:4,COPY_OR_MERGE,Ezek.3.4
EZK 3:5,COPY_OR_MERGE,Ezek.3.5
EZK 3:6,COPY_OR_MERGE,Ezek.3.6
EZK 3:7,COPY_OR_MERGE,Ezek.3.7
EZK 3:8,COPY_OR_MERGE,Ezek.3.8
EZK 3:9,COPY_OR_MERGE,Ezek.3.9
EZK 3:10,COPY_OR_MERGE,Ezek.3.10
EZK 3:11,COPY_OR_MERGE,Ezek.3.11
EZK 3:12,COPY_OR_MERGE,Ezek.3.12
EZK 3:13,COPY_OR_MERGE,Ezek.3.13
EZK 3:14,COPY_OR_MERGE,Ezek.3.14
EZK 3:15,COPY_OR_MERGE,Ezek.3.15
EZK 3:16,COPY_OR_MERGE,Ezek.3.16
EZK 3:17,COPY_OR_MERGE,Ezek.3.17
EZK 3:18,COPY_OR_MERGE,Ezek.3.18
EZK 3:19,COPY_OR_MERGE,Ezek.3.19
EZK 3:20,COPY_OR_MERGE,Ezek.3.20
EZK 3:21,COPY_OR_MERGE,Ezek.3.21
EZK 3:22,COPY_OR_MERGE,Ezek.3.22
EZK 3:23,COPY_OR_MERGE,Ezek.3.23
EZK 3:24,COPY_OR_MERGE,Ezek.3.24
EZK 3:25,COPY_OR_MERGE,Ezek.3.25
EZK 3:26,COPY_OR_MERGE,Ezek.3.26
EZK 3:27,COPY_OR_MERGE,Ezek.3.27
EZK 4:1,COPY_OR_MERGE,Ezek.4.1
EZK 4:2,COPY_OR_MERGE,Ezek.4.2
EZK 4:3,COPY_OR_MERGE,Ezek.4.3
EZK 4:4,COPY_OR_MERGE,Ezek.4.4
EZK 4:5,COPY_OR_MERGE,Ezek.4.5
EZK 4:6,COPY_OR_MERGE,Ezek.4.6
EZK 4:7,COPY_OR_MERGE,Ezek.4.7
EZK 4:8,COPY_OR_MERGE,Ezek.4.8
EZK 4:9,COPY_OR_MERGE,Ezek.4.9
EZK 4:10,COPY_OR_MERGE,Ezek.4.10
EZK 4:11,COPY_OR_MERGE,Ezek.4.11
EZK 4:12,COPY_OR_MERGE,Ezek.4.12
EZK 4:13,COPY_OR_MERGE,Ezek.4.13
EZK 4:14,COPY_OR_MERGE,Ezek.4.14
EZK 4:15,COPY_OR_MERGE,Ezek.4.15
EZK 4:16,COPY_OR_MERGE,Ezek.4.16
EZK 4:17,COPY_OR_MERGE,Ezek.4.17
EZK 5:1,COPY_OR_MERGE,Ezek.5.1
EZK 5:2,COPY_OR_MERGE,Ezek.5.2
EZK 5:3,COPY_OR_MERGE,Ezek.5.3
EZK 5:4,COPY_OR_MERGE,Ezek.5.4
EZK 5:5,COPY_OR_MERGE,Ezek.5.5
EZK 5:6,COPY_OR_MERGE,Ezek.5.6
EZK 5:7,COPY_OR_MERGE,Ezek.5.7
EZK 5:8,COPY_OR_MERGE,Ezek.5.8
EZK 5:9,COPY_OR_MERGE,Ezek.5.9
EZK 5:10,COPY_OR_MERGE,Ezek.5.10
EZK 5:11,COPY_OR_MERGE,Ezek.5.11
EZK 5:12,COPY_OR_MERGE,Ezek.5.12
EZK 5:13,COPY_OR_MERGE,Ezek.5.13
EZK 5:14,COPY_OR_MERGE,Ezek.5.14
EZK 5:15,COPY_OR_MERGE,Ezek.5.15
EZK 5:16,COPY_OR_MERGE,Ezek.5.16
EZK 5:17,COPY_OR_MERGE,Ezek.5.17
EZK 6:1,COPY_OR_MERGE,Ezek.6.1
EZK 6:2,COPY_OR_MERGE,Ezek.6.2
EZK 6:3,COPY_OR_MERGE,Ezek.6.3
EZK 6:4,COPY_OR_MERGE,Ezek.6.4
EZK 6:5,COPY_OR_MERGE,Ezek.6.5
EZK 6:6,COPY_OR_MERGE,Ezek.6.6
EZK 6:7,COPY_OR_MERGE,Ezek.6.7
EZK 6:8,COPY_OR_MERGE,Ezek.6.8
EZK 6:9,COPY_OR_MERGE,Ezek.6.9
EZK 6:10,COPY_OR_MERGE,Ezek.6.10
EZK 6:11,COPY_OR_MERGE,Ezek.6.11
EZK 6:12,COPY_OR_MERGE,Ezek.6.12
EZK 6:13,COPY_OR_MERGE,Ezek.6.13
EZK 6:14,COPY_OR_MERGE,Ezek.6.14
EZK 7:1,COPY_OR_MERGE,Ezek.7.1
EZK 7:2,COPY_OR_MERGE,Ezek.7.2
EZK 7:3,COPY_OR_MERGE,Ezek.7.3
EZK 7:4,COPY_OR_MERGE,Ezek.7.4
EZK 7:5,COPY_OR_MERGE,Ezek.7.5
EZK 7:6,COPY_OR_MERGE,Ezek.7.6
EZK 7:7,COPY_OR_MERGE,Ezek.7.7
EZK 7:8,COPY_OR_MERGE,Ezek.7.8
EZK 7:9,COPY_OR_MERGE,Ezek.7.9
EZK 7:10,COPY_OR_MERGE,Ezek.7.10
EZK 7:11,COPY_OR_MERGE,Ezek.7.11
EZK 7:12,COPY_OR_MERGE,Ezek.7.12
EZK 7:13,COPY_OR_MERGE,Ezek.7.13
EZK 7:14,COPY_OR_MERGE,Ezek.7.14
EZK 7:15,COPY_OR_MERGE,Ezek.7.15
EZK 7:16,COPY_OR_MERGE,Ezek.7.16
EZK 7:17,COPY_OR_MERGE,Ezek.7.17
EZK 7:18,COPY_OR_MERGE,Ezek.7.18
EZK 7:19,COPY_OR_MERGE,Ezek.7.19
EZK 7:20,COPY_OR_MERGE,Ezek.7.20
EZK 7:21,COPY_OR_MERGE,Ezek.7.21
EZK 7:22,COPY_OR_MERGE,Ezek.7.22
EZK 7:23,COPY_OR_MERGE,Ezek.7.23
EZK 7:24,COPY_OR_MERGE,Ezek.7.24
EZK 7:25,COPY_OR_MERGE,Ezek.7.25
EZK 7:26,COPY_OR_MERGE,Ezek.7.26
EZK 7:27,COPY_OR_MERGE,Ezek.7.27
EZK 8:1,COPY_OR_MERGE,Ezek.8.1
EZK 8:2,COPY_OR_MERGE,Ezek.8.2
EZK 8:3,COPY_OR_MERGE,Ezek.8.3
EZK 8:4,COPY_OR_MERGE,Ezek.8.4
EZK 8:5,COPY_OR_MERGE,Ezek.8.5
EZK 8:6,COPY_OR_MERGE,Ezek.8.6
EZK 8:7,COPY_OR_MERGE,Ezek.8.7
EZK 8:8,COPY_OR_MERGE,Ezek.8.8
EZK 8:9,COPY_OR_MERGE,Ezek.8.9
EZK 8:10,COPY_OR_MERGE,Ezek.8.10
EZK 8:11,COPY_OR_MERGE,Ezek.8.11
EZK 8:12,COPY_OR_MERGE,Ezek.8.12
EZK 8:13,COPY_OR_MERGE,Ezek.8.13
EZK 8:14,COPY_OR_MERGE,Ezek.8.14
EZK 8:15,COPY_OR_MERGE,Ezek.8.15
EZK 8:16,COPY_OR_MERGE,Ezek.8.16
EZK 8:17,COPY_OR_MERGE,Ezek.8.17
EZK 8:18,COPY_OR_MERGE,Ezek.8.18
EZK 9:1,COPY_OR_MERGE,Ezek.9.1
EZK 9:2,COPY_OR_MERGE,Ezek.9.2
EZK 9:3,COPY_OR_MERGE,Ezek.9.3
EZK 9:4,COPY_OR_MERGE,Ezek.9.4
EZK 9:5,COPY_OR_MERGE,Ezek.9.5
EZK 9:6,COPY_OR_MERGE,Ezek.9.6
EZK 9:7,COPY_OR_MERGE,Ezek.9.7
EZK 9:8,COPY_OR_MERGE,Ezek.9.8
EZK 9:9,COPY_OR_MERGE,Ezek.9.9
EZK 9:10,COPY_OR_MERGE,Ezek.9.10
EZK 9:11,COPY_OR_MERGE,Ezek.9.11
EZK 10:1,COPY_OR_MERGE,Ezek.10.1
EZK 10:2,COPY_OR_MERGE,Ezek.10.2
EZK 10:3,COPY_OR_MERGE,Ezek.10.3
EZK 10:4,COPY_OR_MERGE,Ezek.10.4
EZK 10:5,COPY_OR_MERGE,Ezek.10.5
EZK 10:6,COPY_OR_MERGE,Ezek.10.6
EZK 10:7,COPY_OR_MERGE,Ezek.10.7
EZK 10:8,COPY_OR_MERGE,Ezek.10.8
EZK 10:9,COPY_OR_MERGE,Ezek.10.9
EZK 10:10,COPY_OR_MERGE,Ezek.10.10
EZK 10:11,COPY_OR_MERGE,Ezek.10.11
EZK 10:12,COPY_OR_MERGE,Ezek.10.12
EZK 10:13,COPY_OR_MERGE,Ezek.10.13
EZK 10:14,COPY_OR_MERGE,Ezek.10.14
EZK 10:15,COPY_OR_MERGE,Ezek.10.15
EZK 10:16,COPY_OR_MERGE,Ezek.10.16
EZK 10:17,COPY_OR_MERGE,Ezek.10.17
EZK 10:18,COPY_OR_MERGE,Ezek.10.18
EZK 10:19,COPY_OR_MERGE,Ezek.10.19
EZK 10:20,COPY_OR_MERGE,Ezek.10.20
EZK 10:21,COPY_OR_MERGE,Ezek.10.21
EZK 10:22,COPY_OR_MERGE,Ezek.10.22
EZK 11:1,COPY_OR_MERGE,Ezek.11.1
EZK 11:2,COPY_OR_MERGE,Ezek.11.2
EZK 11:3,COPY_OR_MERGE,Ezek.11.3
EZK 11:4,COPY_OR_MERGE,Ezek.11.4
EZK 11:5,COPY_OR_MERGE,Ezek.11.5
EZK 11:6,COPY_OR_MERGE,Ezek.11.6
EZK 11:7,COPY_OR_MERGE,Ezek.11.7
EZK 11:8,COPY_OR_MERGE,Ezek.11.8
EZK 11:9,COPY_OR_MERGE,Ezek.11.9
EZK 11:10,COPY_OR_MERGE,Ezek.11.10
EZK 11:11,COPY_OR_MERGE,Ezek.11.11
EZK 11:12,COPY_OR_MERGE,Ezek.11.12
EZK 11:13,COPY_OR_MERGE,Ezek.11.13
EZK 11:14,COPY_OR_MERGE,Ezek.11.14
EZK 11:15,COPY_OR_MERGE,Ezek.11.15
EZK 11:16,COPY_OR_MERGE,Ezek.11.16
EZK 11:17,COPY_OR_MERGE,Ezek.11.17
EZK 11:18,COPY_OR_MERGE,Ezek.11.18
EZK 11:19,COPY_OR_MERGE,Ezek.11.19
EZK 11:20,COPY_OR_MERGE,Ezek.11.20
EZK 11:21,COPY_OR_MERGE,Ezek.11.21
EZK 11:22,COPY_OR_MERGE,Ezek.11.22
EZK 11:23,COPY_OR_MERGE,Ezek.11.23
EZK 11:24,COPY_OR_MERGE,Ezek.11.24
EZK 11:25,COPY_OR_MERGE,Ezek.11.25
EZK 12:1,COPY_OR_MERGE,Ezek.12.1
EZK 12:2,COPY_OR_MERGE,Ezek.12.2
EZK 12:3,COPY_OR_MERGE,Ezek.12.3
EZK 12:4,COPY_OR_MERGE,Ezek.12.4
EZK 12:5,COPY_OR_MERGE,Ezek.12.5
EZK 12:6,COPY_OR_MERGE,Ezek.12.6
EZK 12:7,COPY_OR_MERGE,Ezek.12.7
EZK 12:8,COPY_OR_MERGE,Ezek.12.8
EZK 12:9,COPY_OR_MERGE,Ezek.12.9
EZK 12:10,COPY_OR_MERGE,Ezek.12.10
EZK 12:11,COPY_OR_MERGE,Ezek.12.11
EZK 12:12,COPY_OR_MERGE,Ezek.12.12
EZK 12:13,COPY_OR_MERGE,Ezek.12.13
EZK 12:14,COPY_OR_MERGE,Ezek.12.14
EZK 12:15,COPY_OR_MERGE,Ezek.12.15
EZK 12:16,COPY_OR_MERGE,Ezek.12.16
EZK 12:17,COPY_OR_MERGE,Ezek.12.17
EZK 12:18,COPY_OR_MERGE,Ezek.12.18
EZK 12:19,COPY_OR_MERGE,Ezek.12.19
EZK 12:20,COPY_OR_MERGE,Ezek.12.20
EZK 12:21,COPY_OR_MERGE,Ezek.12.21
EZK 12:22,COPY_OR_MERGE,Ezek.12.22
EZK 12:23,COPY_OR_MERGE,Ezek.12.23
EZK 12:24,COPY_OR_MERGE,Ezek.12.24
EZK 12:25,COPY_OR_MERGE,Ezek.12.25
EZK 12:26,COPY_OR_MERGE,Ezek.12.26
EZK 12:27,COPY_OR_MERGE,Ezek.12.27
EZK 12:28,COPY_OR_MERGE,Ezek.12.28
EZK 13:1,COPY_OR_MERGE,Ezek.13.1
EZK 13:2,COPY_OR_MERGE,Ezek.13.2
EZK 13:3,COPY_OR_MERGE,Ezek.13.3
EZK 13:4,COPY_OR_MERGE,Ezek.13.4
EZK 13:5,COPY_OR_MERGE,Ezek.13.5
EZK 13:6,COPY_OR_MERGE,Ezek.13.6
EZK 13:7,COPY_OR_MERGE,Ezek.13.7
EZK 13:8,COPY_OR_MERGE,Ezek.13.8
EZK 13:9,COPY_OR_MERGE,Ezek.13.9
EZK 13:10,COPY_OR_MERGE,Ezek.13.10
EZK 13:11,COPY_OR_MERGE,Ezek.13.11
EZK 13:12,COPY_OR_MERGE,Ezek.13.12
EZK 13:13,COPY_OR_MERGE,Ezek.13.13
EZK 13:14,COPY_OR_MERGE,Ezek.13.14
EZK 13:15,COPY_OR_MERGE,Ezek.13.15
EZK 13:16,COPY_OR_MERGE,Ezek.13.16
EZK 13:17,COPY_OR_MERGE,Ezek.13.17
EZK 13:18,COPY_OR_MERGE,Ezek.13.18
EZK 13:19,COPY_OR_MERGE,Ezek.13.19
EZK 13:20,COPY_OR_MERGE,Ezek.13.20
EZK 13:21,COPY_OR_MERGE,Ezek.13.21
EZK 13:22,COPY_OR_MERGE,Ezek.13.22
EZK 13:23,COPY_OR_MERGE,Ezek.13.23
EZK 14:1,COPY_OR_MERGE,Ezek.14.1
EZK 14:2,COPY_OR_MERGE,Ezek.14.2
EZK 14:3,COPY_OR_MERGE,Ezek.14.3
EZK 14:4,COPY_OR_MERGE,Ezek.14.4
EZK 14:5,COPY_OR_MERGE,Ezek.14.5
EZK 14:6,COPY_OR_MERGE,Ezek.14.6
EZK 14:7,COPY_OR_MERGE,Ezek.14.7
EZK 14:8,COPY_OR_MERGE,Ezek.14.8
EZK 14:9,COPY_OR_MERGE,Ezek.14.9
EZK 14:10,COPY_OR_MERGE,Ezek.14.10
EZK 14:11,COPY_OR_MERGE,Ezek.14.11
EZK 14:12,COPY_OR_MERGE,Ezek.14.12
EZK 14:13,COPY_OR_MERGE,Ezek.14.13
EZK 14:14,COPY_OR_MERGE,Ezek.14.14
EZK 14:15,COPY_OR_MERGE,Ezek.14.15
EZK 14:16,COPY_OR_MERGE,Ezek.14.16
EZK 14:17,COPY_OR_MERGE,Ezek.14.17
EZK 14:18,COPY_OR_MERGE,Ezek.14.18
EZK 14:19,COPY_OR_MERGE,Ezek.14.19
EZK 14:20,COPY_OR_MERGE,Ezek.14.20
EZK 14:21,COPY_OR_MERGE,Ezek.14.21
EZK 14:22,COPY_OR_MERGE,Ezek.14.22
EZK 14:23,COPY_OR_MERGE,Ezek.14.23
EZK 15:1,COPY_OR_MERGE,Ezek.15.1
EZK 15:2,COPY_OR_MERGE,Ezek.15.2
EZK 15:3,COPY_OR_MERGE,Ezek.15.3
EZK 15:4,COPY_OR_MERGE,Ezek.15.4
EZK 15:5,COPY_OR_MERGE,Ezek.15.5
EZK 15:6,COPY_OR_MERGE,Ezek.15.6
EZK 15:7,COPY_OR_MERGE,Ezek.15.7
EZK 15:8,COPY_OR_MERGE,Ezek.15.8
EZK 16:1,COPY_OR_MERGE,Ezek.16.1
EZK 16:2,COPY_OR_MERGE,Ezek.16.2
EZK 16:3,COPY_OR_MERGE,Ezek.16.3
EZK 16:4,COPY_OR_MERGE,Ezek.16.4
EZK 16:5,COPY_OR_MERGE,Ezek.16.5
EZK 16:6,COPY_OR_MERGE,Ezek.16.6
EZK 16:7,COPY_OR_MERGE,Ezek.16.7
EZK 16:8,COPY_OR_MERGE,Ezek.16.8
EZK 16:9,COPY_OR_MERGE,Ezek.16.9
EZK 16:10,COPY_OR_MERGE,Ezek.16.10
EZK 16:11,COPY_OR_MERGE,Ezek.16.11
EZK 16:12,COPY_OR_MERGE,Ezek.16.12
EZK 16:13,COPY_OR_MERGE,Ezek.16.13
EZK 16:14,COPY_OR_MERGE,Ezek.16.14
EZK 16:15,COPY_OR_MERGE,Ezek.16.15
EZK 16:16,COPY_OR_MERGE,Ezek.16.16
EZK 16:17,COPY_OR_MERGE,Ezek.16.17
EZK 16:18,COPY_OR_MERGE,Ezek.16.18
EZK 16:19,COPY_OR_MERGE,Ezek.16.19
EZK 16:20,COPY_OR_MERGE,Ezek.16.20
EZK 16:21,COPY_OR_MERGE,Ezek.16.21
EZK 16:22,COPY_OR_MERGE,Ezek.16.22
EZK 16:23,COPY_OR_MERGE,Ezek.16.23
EZK 16:24,COPY_OR_MERGE,Ezek.16.24
EZK 16:25,COPY_OR_MERGE,Ezek.16.25
EZK 16:26,COPY_OR_MERGE,Ezek.16.26
EZK 16:27,COPY_OR_MERGE,Ezek.16.27
EZK 16:28,COPY_OR_MERGE,Ezek.16.28
EZK 16:29,COPY_OR_MERGE,Ezek.16.29
EZK 16:30,COPY_OR_MERGE,Ezek.16.30
EZK 16:31,COPY_OR_MERGE,Ezek.16.31
EZK 16:32,COPY_OR_MERGE,Ezek.16.32
EZK 16:33,COPY_OR_MERGE,Ezek.16.33
EZK 16:34,COPY_OR_MERGE,Ezek.16.34
EZK 16:35,COPY_OR_MERGE,Ezek.16.35
EZK 16:36,COPY_OR_MERGE,Ezek.16.36
EZK 16:37,COPY_OR_MERGE,Ezek.16.37
EZK 16:38,COPY_OR_MERGE,Ezek.16.38
EZK 16:39,COPY_OR_MERGE,Ezek.16.39
EZK 16:40,COPY_OR_MERGE,Ezek.16.40
EZK 16:41,COPY_OR_MERGE,Ezek.16.41
EZK 16:42,COPY_OR_MERGE,Ezek.16.42
EZK 16:43,COPY_OR_MERGE,Ezek.16.43
EZK 16:44,COPY_OR_MERGE,Ezek.16.44
EZK 16:45,COPY_OR_MERGE,Ezek.16.45
EZK 16:46,COPY_OR_MERGE,Ezek.16.46
EZK 16:47,COPY_OR_MERGE,Ezek.16.47
EZK 16:48,COPY_OR_MERGE,Ezek.16.48
EZK 16:49,COPY_OR_MERGE,Ezek.16.49
EZK 16:50,COPY_OR_MERGE,Ezek.16.50
EZK 16:51,COPY_OR_MERGE,Ezek.16.51
EZK 16:52,COPY_OR_MERGE,Ezek.16.52
EZK 16:53,COPY_OR_MERGE,Ezek.16.53
EZK 16:54,COPY_OR_MERGE,Ezek.16.54
EZK 16:55,COPY_OR_MERGE,Ezek.16.55
EZK 16:56,COPY_OR_MERGE,Ezek.16.56
EZK 16:57,COPY_OR_MERGE,Ezek.16.57
EZK 16:58,COPY_OR_MERGE,Ezek.16.58
EZK 16:59,COPY_OR_MERGE,Ezek.16.59
EZK 16:60,COPY_OR_MERGE,Ezek.16.60
EZK 16:61,COPY_OR_MERGE,Ezek.16.61
EZK 16:62,COPY_OR_MERGE,Ezek.16.62
EZK 16:63,COPY_OR_MERGE,Ezek.16.63
EZK 17:1,COPY_OR_MERGE,Ezek.17.1
EZK 17:2,COPY_OR_MERGE,Ezek.17.2
EZK 17:3,COPY_OR_MERGE,Ezek.17.3
EZK 17:4,COPY_OR_MERGE,Ezek.17.4
EZK 17:5,COPY_OR_MERGE,Ezek.17.5
EZK 17:6,COPY_OR_MERGE,Ezek.17.6
EZK 17:7,COPY_OR_MERGE,Ezek.17.7
EZK 17:8,COPY_OR_MERGE,Ezek.17.8
EZK 17:9,COPY_OR_MERGE,Ezek.17.9
EZK 17:10,COPY_OR_MERGE,Ezek.17.10
EZK 17:11,COPY_OR_MERGE,Ezek.17.11
EZK 17:12,COPY_OR_MERGE,Ezek.17.12
EZK 17:13,COPY_OR_MERGE,Ezek.17.13
EZK 17:14,COPY_OR_MERGE,Ezek.17.14
EZK 17:15,COPY_OR_MERGE,Ezek.17.15
EZK 17:16,COPY_OR_MERGE,Ezek.17.16
EZK 17:17,COPY_OR_MERGE,Ezek.17.17
EZK 17:18,COPY_OR_MERGE,Ezek.17.18
EZK 17:19,COPY_OR_MERGE,Ezek.17.19
EZK 17:20,COPY_OR_MERGE,Ezek.17.20
EZK 17:21,COPY_OR_MERGE,Ezek.17.21
EZK 17:22,COPY_OR_MERGE,Ezek.17.22
EZK 17:23,COPY_OR_MERGE,Ezek.17.23
EZK 17:24,COPY_OR_MERGE,Ezek.17.24
EZK 18:1,COPY_OR_MERGE,Ezek.18.1
EZK 18:2,COPY_OR_MERGE,Ezek.18.2
EZK 18:3,COPY_OR_MERGE,Ezek.18.3
EZK 18:4,COPY_OR_MERGE,Ezek.18.4
EZK 18:5,COPY_OR_MERGE,Ezek.18.5
EZK 18:6,COPY_OR_MERGE,Ezek.18.6
EZK 18:7,COPY_OR_MERGE,Ezek.18.7
EZK 18:8,COPY_OR_MERGE,Ezek.18.8
EZK 18:9,COPY_OR_MERGE,Ezek.18.9
EZK 18:10,COPY_OR_MERGE,Ezek.18.10
EZK 18:11,COPY_OR_MERGE,Ezek.18.11
EZK 18:12,COPY_OR_MERGE,Ezek.18.12
EZK 18:13,COPY_OR_MERGE,Ezek.18.13
EZK 18:14,COPY_OR_MERGE,Ezek.18.14
EZK 18:15,COPY_OR_MERGE,Ezek.18.15
EZK 18:16,COPY_OR_MERGE,Ezek.18.16
EZK 18:17,COPY_OR_MERGE,Ezek.18.17
EZK 18:18,COPY_OR_MERGE,Ezek.18.18
EZK 18:19,COPY_OR_MERGE,Ezek.18.19
EZK 18:20,COPY_OR_MERGE,Ezek.18.20
EZK 18:21,COPY_OR_MERGE,Ezek.18.21
EZK 18:22,COPY_OR_MERGE,Ezek.18.22
EZK 18:23,COPY_OR_MERGE,Ezek.18.23
EZK 18:24,COPY_OR_MERGE,Ezek.18.24
EZK 18:25,COPY_OR_MERGE,Ezek.18.25
EZK 18:26,COPY_OR_MERGE,Ezek.18.26
EZK 18:27,COPY_OR_MERGE,Ezek.18.27
EZK 18:28,COPY_OR_MERGE,Ezek.18.28
EZK 18:29,COPY_OR_MERGE,Ezek.18.29
EZK 18:30,COPY_OR_MERGE,Ezek.18.30
EZK 18:31,COPY_OR_MERGE,Ezek.18.31
EZK 18:32,COPY_OR_MERGE,Ezek.18.32
EZK 19:1,COPY_OR_MERGE,Ezek.19.1
EZK 19:2,COPY_OR_MERGE,Ezek.19.2
EZK 19:3,COPY_OR_MERGE,Ezek.19.3
EZK 19:4,COPY_OR_MERGE,Ezek.19.4
EZK 19:5,COPY_OR_MERGE,Ezek.19.5
EZK 19:6,COPY_OR_MERGE,Ezek.19.6
EZK 19:7,COPY_OR_MERGE,Ezek.19.7
EZK 19:8,COPY_OR_MERGE,Ezek.19.8
EZK 19:9,COPY_OR_MERGE,Ezek.19.9
EZK 19:10,COPY_OR_MERGE,Ezek.19.10
EZK 19:11,COPY_OR_MERGE,Ezek.19.11
EZK 19:12,COPY_OR_MERGE,Ezek.19.12
EZK 19:13,COPY_OR_MERGE,Ezek.19.13
EZK 19:14,COPY_OR_MERGE,Ezek.19.14
EZK 20:1,COPY_OR_MERGE,Ezek.20.1
EZK 20:2,COPY_OR_MERGE,Ezek.20.2
EZK 20:3,COPY_OR_MERGE,Ezek.20.3
EZK 20:4,COPY_OR_MERGE,Ezek.20.4
EZK 20:5,COPY_OR_MERGE,Ezek.20.5
EZK 20:6,COPY_OR_MERGE,Ezek.20.6
EZK 20:7,COPY_OR_MERGE,Ezek.20.7
EZK 20:8,COPY_OR_MERGE,Ezek.20.8
EZK 20:9,COPY_OR_MERGE,Ezek.20.9
EZK 20:10,COPY_OR_MERGE,Ezek.20.10
EZK 20:11,COPY_OR_MERGE,Ezek.20.11
EZK 20:12,COPY_OR_MERGE,Ezek.20.12
EZK 20:13,COPY_OR_MERGE,Ezek.20.13
EZK 20:14,COPY_OR_MERGE,Ezek.20.14
EZK 20:15,COPY_OR_MERGE,Ezek.20.15
EZK 20:16,COPY_OR_MERGE,Ezek.20.16
EZK 20:17,COPY_OR_MERGE,Ezek.20.17
EZK 20:18,COPY_OR_MERGE,Ezek.20.18
EZK 20:19,COPY_OR_MERGE,Ezek.20.19
EZK 20:20,COPY_OR_MERGE,Ezek.20.20
EZK 20:21,COPY_OR_MERGE,Ezek.20.21
EZK 20:22,COPY_OR_MERGE,Ezek.20.22
EZK 20:23,COPY_OR_MERGE,Ezek.20.23
EZK 20:24,COPY_OR_MERGE,Ezek.20.24
EZK 20:25,COPY_OR_MERGE,Ezek.20.25
EZK 20:26,COPY_OR_MERGE,Ezek.20.26
EZK 20:27,COPY_OR_MERGE,Ezek.20.27
EZK 20:28,COPY_OR_MERGE,Ezek.20.28
EZK 20:29,COPY_OR_MERGE,Ezek.20.29
EZK 20:30,COPY_OR_MERGE,Ezek.20.30
EZK 20:31,COPY_OR_MERGE,Ezek.20.31
EZK 20:32,COPY_OR_MERGE,Ezek.20.32
EZK 20:33,COPY_OR_MERGE,Ezek.20.33
EZK 20:34,COPY_OR_MERGE,Ezek.20.34
EZK 20:35,COPY_OR_MERGE,Ezek.20.35
EZK 20:36,COPY_OR_MERGE,Ezek.20.36
EZK 20:37,COPY_OR_MERGE,Ezek.20.37
EZK 20:38,COPY_OR_MERGE,Ezek.20.38
EZK 20:39,COPY_OR_MERGE,Ezek.20.39
EZK 20:40,COPY_OR_MERGE,Ezek.20.40
EZK 20:41,COPY_OR_MERGE,Ezek.20.41
EZK 20:42,COPY_OR_MERGE,Ezek.20.42
EZK 20:43,COPY_OR_MERGE,Ezek.20.43
EZK 20:44,COPY_OR_MERGE,Ezek.20.44
EZK 20:45,COPY_OR_MERGE,Ezek.21.1
EZK 20:46,COPY_OR_MERGE,Ezek.21.2
EZK 20:47,COPY_OR_MERGE,Ezek.21.3
EZK 20:48,COPY_OR_MERGE,Ezek.21.4
EZK 20:49,COPY_OR_MERGE,Ezek.21.5
EZK 21:1,COPY_OR_MERGE,Ezek.21.6
EZK 21:2,COPY_OR_MERGE,Ezek.21.7
EZK 21:3,COPY_OR_MERGE,Ezek.21.8
EZK 21:4,COPY_OR_MERGE,Ezek.21.9
EZK 21:5,COPY_OR_MERGE,Ezek.21.10
EZK 21:6,COPY_OR_MERGE,Ezek.21.11
EZK 21:7,COPY_OR_MERGE,Ezek.21.12
EZK 21:8,COPY_OR_MERGE,Ezek.21.13
EZK 21:9,COPY_OR_MERGE,Ezek.21.14
EZK 21:10,COPY_OR_MERGE,Ezek.21.15
EZK 21:11,COPY_OR_MERGE,Ezek.21.16
EZK 21:12,COPY_OR_MERGE,Ezek.21.17
EZK 21:13,COPY_OR_MERGE,Ezek.21.18
EZK 21:14,COPY_OR_MERGE,Ezek.21.19
EZK 21:15,COPY_OR_MERGE,Ezek.21.20
EZK 21:16,COPY_OR_MERGE,Ezek.21.21
EZK 21:17,COPY_OR_MERGE,Ezek.21.22
EZK 21:18,COPY_OR_MERGE,Ezek.21.23
EZK 21:19,COPY_OR_MERGE,Ezek.21.24
EZK 21:20,COPY_OR_MERGE,Ezek.21.25
EZK 21:21,COPY_OR_MERGE,Ezek.21.26
EZK 21:22,COPY_OR_MERGE,Ezek.21.27
EZK 21:23,COPY_OR_MERGE,Ezek.21.28
EZK 21:24,COPY_OR_MERGE,Ezek.21.29
EZK 21:25,COPY_OR_MERGE,Ezek.21.30
EZK 21:26,COPY_OR_MERGE,Ezek.21.31
EZK 21:27,COPY_OR_MERGE,Ezek.21.32
EZK 21:28,COPY_OR_MERGE,Ezek.21.33
EZK 21:29,COPY_OR_MERGE,Ezek.21.34
EZK 21:30,COPY_OR_MERGE,Ezek.21.35
EZK 21:31,COPY_OR_MERGE,Ezek.21.36
EZK 21:32,COPY_OR_MERGE,Ezek.21.37
EZK 22:1,COPY_OR_MERGE,Ezek.22.1
EZK 22:2,COPY_OR_MERGE,Ezek.22.2
EZK 22:3,COPY_OR_MERGE,Ezek.22.3
EZK 22:4,COPY_OR_MERGE,Ezek.22.4
EZK 22:5,COPY_OR_MERGE,Ezek.22.5
EZK 22:6,COPY_OR_MERGE,Ezek.22.6
EZK 22:7,COPY_OR_MERGE,Ezek.22.7
EZK 22:8,COPY_OR_MERGE,Ezek.22.8
EZK 22:9,COPY_OR_MERGE,Ezek.22.9
EZK 22:10,COPY_OR_MERGE,Ezek.22.10
EZK 22:11,COPY_OR_MERGE,Ezek.22.11
EZK 22:12,COPY_OR_MERGE,Ezek.22.12
EZK 22:13,COPY_OR_MERGE,Ezek.22.13
EZK 22:14,COPY_OR_MERGE,Ezek.22.14
EZK 22:15,COPY_OR_MERGE,Ezek.22.15
EZK 22:16,COPY_OR_MERGE,Ezek.22.16
EZK 22:17,COPY_OR_MERGE,Ezek.22.17
EZK 22:18,COPY_OR_MERGE,Ezek.22.18
EZK 22:19,COPY_OR_MERGE,Ezek.22.19
EZK 22:20,COPY_OR_MERGE,Ezek.22.20
EZK 22:21,COPY_OR_MERGE,Ezek.22.21
EZK 22:22,COPY_OR_MERGE,Ezek.22.22
EZK 22:23,COPY_OR_MERGE,Ezek.22.23
EZK 22:24,COPY_OR_MERGE,Ezek.22.24
EZK 22:25,COPY_OR_MERGE,Ezek.22.25
EZK 22:26,COPY_OR_MERGE,Ezek.22.26
EZK 22:27,COPY_OR_MERGE,Ezek.22.27
EZK 22:28,COPY_OR_MERGE,Ezek.22.28
EZK 22:29,COPY_OR_MERGE,Ezek.22.29
EZK 22:30,COPY_OR_MERGE,Ezek.22.30
EZK 22:31,COPY_OR_MERGE,Ezek.22.31
EZK 23:1,COPY_OR_MERGE,Ezek.23.1
EZK 23:2,COPY_OR_MERGE,Ezek.23.2
EZK 23:3,COPY_OR_MERGE,Ezek.23.3
EZK 23:4,COPY_OR_MERGE,Ezek.23.4
EZK 23:5,COPY_OR_MERGE,Ezek.23.5
EZK 23:6,COPY_OR_MERGE,Ezek.23.6
EZK 23:7,COPY_OR_MERGE,Ezek.23.7
EZK 23:8,COPY_OR_MERGE,Ezek.23.8
EZK 23:9,COPY_OR_MERGE,Ezek.23.9
EZK 23:10,COPY_OR_MERGE,Ezek.23.10
EZK 23:11,COPY_OR_MERGE,Ezek.23.11
EZK 23:12,COPY_OR_MERGE,Ezek.23.12
EZK 23:13,COPY_OR_MERGE,Ezek.23.13
EZK 23:14,COPY_OR_MERGE,Ezek.23.14
EZK 23:15,COPY_OR_MERGE,Ezek.23.15
EZK 23:16,COPY_OR_MERGE,Ezek.23.16
EZK 23:17,COPY_OR_MERGE,Ezek.23.17
EZK 23:18,COPY_OR_MERGE,Ezek.23.18
EZK 23:19,COPY_OR_MERGE,Ezek.23.19
EZK 23:20,COPY_OR_MERGE,Ezek.23.20
EZK 23:21,COPY_OR_MERGE,Ezek.23.21
EZK 23:22,COPY_OR_MERGE,Ezek.23.22
EZK 23:23,COPY_OR_MERGE,Ezek.23.23
EZK 23:24,COPY_OR_MERGE,Ezek.23.24
EZK 23:25,COPY_OR_MERGE,Ezek.23.25
EZK 23:26,COPY_OR_MERGE,Ezek.23.26
EZK 23:27,COPY_OR_MERGE,Ezek.23.27
EZK 23:28,COPY_OR_MERGE,Ezek.23.28
EZK 23:29,COPY_OR_MERGE,Ezek.23.29
EZK 23:30,COPY_OR_MERGE,Ezek.23.30
EZK 23:31,COPY_OR_MERGE,Ezek.23.31
EZK 23:32,COPY_OR_MERGE,Ezek.23.32
EZK 23:33,COPY_OR_MERGE,Ezek.23.33
EZK 23:34,COPY_OR_MERGE,Ezek.23.34
EZK 23:35,COPY_OR_MERGE,Ezek.23.35
EZK 23:36,COPY_OR_MERGE,Ezek.23.36
EZK 23:37,COPY_OR_MERGE,Ezek.23.37
EZK 23:38,COPY_OR_MERGE,Ezek.23.38
EZK 23:39,COPY_OR_MERGE,Ezek.23.39
EZK 23:40,COPY_OR_MERGE,Ezek.23.40
EZK 23:41,COPY_OR_MERGE,Ezek.23.41
EZK 23:42,COPY_OR_MERGE,Ezek.23.42
EZK 23:43,COPY_OR_MERGE,Ezek.23.43
EZK 23:44,COPY_OR_MERGE,Ezek.23.44
EZK 23:45,COPY_OR_MERGE,Ezek.23.45
EZK 23:46,COPY_OR_MERGE,Ezek.23.46
EZK 23:47,COPY_OR_MERGE,Ezek.23.47
EZK 23:48,COPY_OR_MERGE,Ezek.23.48
EZK 23:49,COPY_OR_MERGE,Ezek.23.49
EZK 24:1,COPY_OR_MERGE,Ezek.24.1
EZK 24:2,COPY_OR_MERGE,Ezek.24.2
EZK 24:3,COPY_OR_MERGE,Ezek.24.3
EZK 24:4,COPY_OR_MERGE,Ezek.24.4
EZK 24:5,COPY_OR_MERGE,Ezek.24.5
EZK 24:6,COPY_OR_MERGE,Ezek.24.6
EZK 24:7,COPY_OR_MERGE,Ezek.24.7
EZK 24:8,COPY_OR_MERGE,Ezek.24.8
EZK 24:9,COPY_OR_MERGE,Ezek.24.9
EZK 24:10,COPY_OR_MERGE,Ezek.24.10
EZK 24:11,COPY_OR_MERGE,Ezek.24.11
EZK 24:12,COPY_OR_MERGE,Ezek.24.12
EZK 24:13,COPY_OR_MERGE,Ezek.24.13
EZK 24:14,COPY_OR_MERGE,Ezek.24.14
EZK 24:15,COPY_OR_MERGE,Ezek.24.15
EZK 24:16,COPY_OR_MERGE,Ezek.24.16
EZK 24:17,COPY_OR_MERGE,Ezek.24.17
EZK 24:18,COPY_OR_MERGE,Ezek.24.18
EZK 24:19,COPY_OR_MERGE,Ezek.24.19
EZK 24:20,COPY_OR_MERGE,Ezek.24.20
EZK 24:21,COPY_OR_MERGE,Ezek.24.21
EZK 24:22,COPY_OR_MERGE,Ezek.24.22
EZK 24:23,COPY_OR_MERGE,Ezek.24.23
EZK 24:24,COPY_OR_MERGE,Ezek.24.24
EZK 24:25,COPY_OR_MERGE,Ezek.24.25
EZK 24:26,COPY_OR_MERGE,Ezek.24.26
EZK 24:27,COPY_OR_MERGE,Ezek.24.27
EZK 25:1,COPY_OR_MERGE,Ezek.25.1
EZK 25:2,COPY_OR_MERGE,Ezek.25.2
EZK 25:3,COPY_OR_MERGE,Ezek.25.3
EZK 25:4,COPY_OR_MERGE,Ezek.25.4
EZK 25:5,COPY_OR_MERGE,Ezek.25.5
EZK 25:6,COPY_OR_MERGE,Ezek.25.6
EZK 25:7,COPY_OR_MERGE,Ezek.25.7
EZK 25:8,COPY_OR_MERGE,Ezek.25.8
EZK 25:9,COPY_OR_MERGE,Ezek.25.9
EZK 25:10,COPY_OR_MERGE,Ezek.25.10
EZK 25:11,COPY_OR_MERGE,Ezek.25.11
EZK 25:12,COPY_OR_MERGE,Ezek.25.12
EZK 25:13,COPY_OR_MERGE,Ezek.25.13
EZK 25:14,COPY_OR_MERGE,Ezek.25.14
EZK 25:15,COPY_OR_MERGE,Ezek.25.15
EZK 25:16,COPY_OR_MERGE,Ezek.25.16
EZK 25:17,COPY_OR_MERGE,Ezek.25.17
EZK 26:1,COPY_OR_MERGE,Ezek.26.1
EZK 26:2,COPY_OR_MERGE,Ezek.26.2
EZK 26:3,COPY_OR_MERGE,Ezek.26.3
EZK 26:4,COPY_OR_MERGE,Ezek.26.4
EZK 26:5,COPY_OR_MERGE,Ezek.26.5
EZK 26:6,COPY_OR_MERGE,Ezek.26.6
EZK 26:7,COPY_OR_MERGE,Ezek.26.7
EZK 26:8,COPY_OR_MERGE,Ezek.26.8
EZK 26:9,COPY_OR_MERGE,Ezek.26.9
EZK 26:10,COPY_OR_MERGE,Ezek.26.10
EZK 26:11,COPY_OR_MERGE,Ezek.26.11
EZK 26:12,COPY_OR_MERGE,Ezek.26.12
EZK 26:13,COPY_OR_MERGE,Ezek.26.13
EZK 26:14,COPY_OR_MERGE,Ezek.26.14
EZK 26:15,COPY_OR_MERGE,Ezek.26.15
EZK 26:16,COPY_OR_MERGE,Ezek.26.16
EZK 26:17,COPY_OR_MERGE,Ezek.26.17
EZK 26:18,COPY_OR_MERGE,Ezek.26.18
EZK 26:19,COPY_OR_MERGE,Ezek.26.19
EZK 26:20,COPY_OR_MERGE,Ezek.26.20
EZK 26:21,COPY_OR_MERGE,Ezek.26.21
EZK 27:1,COPY_OR_MERGE,Ezek.27.1
EZK 27:2,COPY_OR_MERGE,Ezek.27.2
EZK 27:3,COPY_OR_MERGE,Ezek.27.3
EZK 27:4,COPY_OR_MERGE,Ezek.27.4
EZK 27:5,COPY_OR_MERGE,Ezek.27.5
EZK 27:6,COPY_OR_MERGE,Ezek.27.6
EZK 27:7,COPY_OR_MERGE,Ezek.27.7
EZK 27:8,COPY_OR_MERGE,Ezek.27.8
EZK 27:9,COPY_OR_MERGE,Ezek.27.9
EZK 27:10,COPY_OR_MERGE,Ezek.27.10
EZK 27:11,COPY_OR_MERGE,Ezek.27.11
EZK 27:12,COPY_OR_MERGE,Ezek.27.12
EZK 27:13,COPY_OR_MERGE,Ezek.27.13
EZK 27:14,COPY_OR_MERGE,Ezek.27.14
EZK 27:15,COPY_OR_MERGE,Ezek.27.15
EZK 27:16,COPY_OR_MERGE,Ezek.27.16
EZK 27:17,COPY_OR_MERGE,Ezek.27.17
EZK 27:18,COPY_OR_MERGE,Ezek.27.18
EZK 27:19,COPY_OR_MERGE,Ezek.27.19
EZK 27:20,COPY_OR_MERGE,Ezek.27.20
EZK 27:21,COPY_OR_MERGE,Ezek.27.21
EZK 27:22,COPY_OR_MERGE,Ezek.27.22
EZK 27:23,COPY_OR_MERGE,Ezek.27.23
EZK 27:24,COPY_OR_MERGE,Ezek.27.24
EZK 27:25,COPY_OR_MERGE,Ezek.27.25
EZK 27:26,COPY_OR_MERGE,Ezek.27.26
EZK 27:27,COPY_OR_MERGE,Ezek.27.27
EZK 27:28,COPY_OR_MERGE,Ezek.27.28
EZK 27:29,COPY_OR_MERGE,Ezek.27.29
EZK 27:30,COPY_OR_MERGE,Ezek.27.30
EZK 27:31,COPY_OR_MERGE,Ezek.27.31
EZK 27:32,COPY_OR_MERGE,Ezek.27.32
EZK 27:33,COPY_OR_MERGE,Ezek.27.33
EZK 27:34,COPY_OR_MERGE,Ezek.27.34
EZK 27:35,COPY_OR_MERGE,Ezek.27.35
EZK 27:36,COPY_OR_MERGE,Ezek.27.36
EZK 28:1,COPY_OR_MERGE,Ezek.28.1
EZK 28:2,COPY_OR_MERGE,Ezek.28.2
EZK 28:3,COPY_OR_MERGE,Ezek.28.3
EZK 28:4,COPY_OR_MERGE,Ezek.28.4
EZK 28:5,COPY_OR_MERGE,Ezek.28.5
EZK 28:6,COPY_OR_MERGE,Ezek.28.6
EZK 28:7,COPY_OR_MERGE,Ezek.28.7
EZK 28:8,COPY_OR_MERGE,Ezek.28.8
EZK 28:9,COPY_OR_MERGE,Ezek.28.9
EZK 28:10,COPY_OR_MERGE,Ezek.28.10
EZK 28:11,COPY_OR_MERGE,Ezek.28.11
EZK 28:12,COPY_OR_MERGE,Ezek.28.12
EZK 28:13,COPY_OR_MERGE,Ezek.28.13
EZK 28:14,COPY_OR_MERGE,Ezek.28.14
EZK 28:15,COPY_OR_MERGE,Ezek.28.15
EZK 28:16,COPY_OR_MERGE,Ezek.28.16
EZK 28:17,COPY_OR_MERGE,Ezek.28.17
EZK 28:18,COPY_OR_MERGE,Ezek.28.18
EZK 28:19,COPY_OR_MERGE,Ezek.28.19
EZK 28:20,COPY_OR_MERGE,Ezek.28.20
EZK 28:21,COPY_OR_MERGE,Ezek.28.21
EZK 28:22,COPY_OR_MERGE,Ezek.28.22
EZK 28:23,COPY_OR_MERGE,Ezek.28.23
EZK 28:24,COPY_OR_MERGE,Ezek.28.24
EZK 28:25,COPY_OR_MERGE,Ezek.28.25
EZK 28:26,COPY_OR_MERGE,Ezek.28.26
EZK 29:1,COPY_OR_MERGE,Ezek.29.1
EZK 29:2,COPY_OR_MERGE,Ezek.29.2
EZK 29:3,COPY_OR_MERGE,Ezek.29.3
EZK 29:4,COPY_OR_MERGE,Ezek.29.4
EZK 29:5,COPY_OR_MERGE,Ezek.29.5
EZK 29:6,COPY_OR_MERGE,Ezek.29.6
EZK 29:7,COPY_OR_MERGE,Ezek.29.7
EZK 29:8,COPY_OR_MERGE,Ezek.29.8
EZK 29:9,COPY_OR_MERGE,Ezek.29.9
EZK 29:10,COPY_OR_MERGE,Ezek.29.10
EZK 29:11,COPY_OR_MERGE,Ezek.29.11
EZK 29:12,COPY_OR_MERGE,Ezek.29.12
EZK 29:13,COPY_OR_MERGE,Ezek.29.13
EZK 29:14,COPY_OR_MERGE,Ezek.29.14
EZK 29:15,COPY_OR_MERGE,Ezek.29.15
EZK 29:16,COPY_OR_MERGE,Ezek.29.16
EZK 29:17,COPY_OR_MERGE,Ezek.29.17
EZK 29:18,COPY_OR_MERGE,Ezek.29.18
EZK 29:19,COPY_OR_MERGE,Ezek.29.19
EZK 29:20,COPY_OR_MERGE,Ezek.29.20
EZK 29:21,COPY_OR_MERGE,Ezek.29.21
EZK 30:1,COPY_OR_MERGE,Ezek.30.1
EZK 30:2,COPY_OR_MERGE,Ezek.30.2
EZK 30:3,COPY_OR_MERGE,Ezek.30.3
EZK 30:4,COPY_OR_MERGE,Ezek.30.4
EZK 30:5,COPY_OR_MERGE,Ezek.30.5
EZK 30:6,COPY_OR_MERGE,Ezek.30.6
EZK 30:7,COPY_OR_MERGE,Ezek.30.7
EZK 30:8,COPY_OR_MERGE,Ezek.30.8
EZK 30:9,COPY_OR_MERGE,Ezek.30.9
EZK 30:10,COPY_OR_MERGE,Ezek.30.10
EZK 30:11,COPY_OR_MERGE,Ezek.30.11
EZK 30:12,COPY_OR_MERGE,Ezek.30.12
EZK 30:13,COPY_OR_MERGE,Ezek.30.13
EZK 30:14,COPY_OR_MERGE,Ezek.30.14
EZK 30:15,COPY_OR_MERGE,Ezek.30.15
EZK 30:16,COPY_OR_MERGE,Ezek.30.16
EZK 30:17,COPY_OR_MERGE,Ezek.30.17
EZK 30:18,COPY_OR_MERGE,Ezek.30.18
EZK 30:19,COPY_OR_MERGE,Ezek.30.19
EZK 30:20,COPY_OR_MERGE,Ezek.30.20
EZK 30:21,COPY_OR_MERGE,Ezek.30.21
EZK 30:22,COPY_OR_MERGE,Ezek.30.22
EZK 30:23,COPY_OR_MERGE,Ezek.30.23
EZK 30:24,COPY_OR_MERGE,Ezek.30.24
EZK 30:25,COPY_OR_MERGE,Ezek.30.25
EZK 30:26,COPY_OR_MERGE,Ezek.30.26
EZK 31:1,COPY_OR_MERGE,Ezek.31.1
EZK 31:2,COPY_OR_MERGE,Ezek.31.2
EZK 31:3,COPY_OR_MERGE,Ezek.31.3
EZK 31:4,COPY_OR_MERGE,Ezek.31.4
EZK 31:5,COPY_OR_MERGE,Ezek.31.5
EZK 31:6,COPY_OR_MERGE,Ezek.31.6
EZK 31:7,COPY_OR_MERGE,Ezek.31.7
EZK 31:8,COPY_OR_MERGE,Ezek.31.8
EZK 31:9,COPY_OR_MERGE,Ezek.31.9
EZK 31:10,COPY_OR_MERGE,Ezek.31.10
EZK 31:11,COPY_OR_MERGE,Ezek.31.11
EZK 31:12,COPY_OR_MERGE,Ezek.31.12
EZK 31:13,COPY_OR_MERGE,Ezek.31.13
EZK 31:14,COPY_OR_MERGE,Ezek.31.14
EZK 31:15,COPY_OR_MERGE,Ezek.31.15
EZK 31:16,COPY_OR_MERGE,Ezek.31.16
EZK 31:17,COPY_OR_MERGE,Ezek.31.17
EZK 31:18,COPY_OR_MERGE,Ezek.31.18
EZK 32:1,COPY_OR_MERGE,Ezek.32.1
EZK 32:2,COPY_OR_MERGE,Ezek.32.2
EZK 32:3,COPY_OR_MERGE,Ezek.32.3
EZK 32:4,COPY_OR_MERGE,Ezek.32.4
EZK 32:5,COPY_OR_MERGE,Ezek.32.5
EZK 32:6,COPY_OR_MERGE,Ezek.32.6
EZK 32:7,COPY_OR_MERGE,Ezek.32.7
EZK 32:8,COPY_OR_MERGE,Ezek.32.8
EZK 32:9,COPY_OR_MERGE,Ezek.32.9
EZK 32:10,COPY_OR_MERGE,Ezek.32.10
EZK 32:11,COPY_OR_MERGE,Ezek.32.11
EZK 32:12,COPY_OR_MERGE,Ezek.32.12
EZK 32:13,COPY_OR_MERGE,Ezek.32.13
EZK 32:14,COPY_OR_MERGE,Ezek.32.14
EZK 32:15,COPY_OR_MERGE,Ezek.32.15
EZK 32:16,COPY_OR_MERGE,Ezek.32.16
EZK 32:17,COPY_OR_MERGE,Ezek.32.17
EZK 32:18,COPY_OR_MERGE,Ezek.32.18
EZK 32:19,COPY_OR_MERGE,Ezek.32.19
EZK 32:20,COPY_OR_MERGE,Ezek.32.20
EZK 32:21,COPY_OR_MERGE,Ezek.32.21
EZK 32:22,COPY_OR_MERGE,Ezek.32.22
EZK 32:23,COPY_OR_MERGE,Ezek.32.23
EZK 32:24,COPY_OR_MERGE,Ezek.32.24
EZK 32:25,COPY_OR_MERGE,Ezek.32.25
EZK 32:26,COPY_OR_MERGE,Ezek.32.26
EZK 32:27,COPY_OR_MERGE,Ezek.32.27
EZK 32:28,COPY_OR_MERGE,Ezek.32.28
EZK 32:29,COPY_OR_MERGE,Ezek.32.29
EZK 32:30,COPY_OR_MERGE,Ezek.32.30
EZK 32:31,COPY_OR_MERGE,Ezek.32.31
EZK 32:32,COPY_OR_MERGE,Ezek.32.32
EZK 33:1,COPY_OR_MERGE,Ezek.33.1
EZK 33:2,COPY_OR_MERGE,Ezek.33.2
EZK 33:3,COPY_OR_MERGE,Ezek.33.3
EZK 33:4,COPY_OR_MERGE,Ezek.33.4
EZK 33:5,COPY_OR_MERGE,Ezek.33.5
EZK 33:6,COPY_OR_MERGE,Ezek.33.6
EZK 33:7,COPY_OR_MERGE,Ezek.33.7
EZK 33:8,COPY_OR_MERGE,Ezek.33.8
EZK 33:9,COPY_OR_MERGE,Ezek.33.9
EZK 33:10,COPY_OR_MERGE,Ezek.33.10
EZK 33:11,COPY_OR_MERGE,Ezek.33.11
EZK 33:12,COPY_OR_MERGE,Ezek.33.12
EZK 33:13,COPY_OR_MERGE,Ezek.33.13
EZK 33:14,COPY_OR_MERGE,Ezek.33.14
EZK 33:15,COPY_OR_MERGE,Ezek.33.15
EZK 33:16,COPY_OR_MERGE,Ezek.33.16
EZK 33:17,COPY_OR_MERGE,Ezek.33.17
EZK 33:18,COPY_OR_MERGE,Ezek.33.18
EZK 33:19,COPY_OR_MERGE,Ezek.33.19
EZK 33:20,COPY_OR_MERGE,Ezek.33.20
EZK 33:21,COPY_OR_MERGE,Ezek.33.21
EZK 33:22,COPY_OR_MERGE,Ezek.33.22
EZK 33:23,COPY_OR_MERGE,Ezek.33.23
EZK 33:24,COPY_OR_MERGE,Ezek.33.24
EZK 33:25,COPY_OR_MERGE,Ezek.33.25
EZK 33:26,COPY_OR_MERGE,Ezek.33.26
EZK 33:27,COPY_OR_MERGE,Ezek.33.27
EZK 33:28,COPY_OR_MERGE,Ezek.33.28
EZK 33:29,COPY_OR_MERGE,Ezek.33.29
EZK 33:30,COPY_OR_MERGE,Ezek.33.30
EZK 33:31,COPY_OR_MERGE,Ezek.33.31
EZK 33:32,COPY_OR_MERGE,Ezek.33.32
EZK 33:33,COPY_OR_MERGE,Ezek.33.33
EZK 34:1,COPY_OR_MERGE,Ezek.34.1
EZK 34:2,COPY_OR_MERGE,Ezek.34.2
EZK 34:3,COPY_OR_MERGE,Ezek.34.3
EZK 34:4,COPY_OR_MERGE,Ezek.34.4
EZK 34:5,COPY_OR_MERGE,Ezek.34.5
EZK 34:6,COPY_OR_MERGE,Ezek.34.6
EZK 34:7,COPY_OR_MERGE,Ezek.34.7
EZK 34:8,COPY_OR_MERGE,Ezek.34.8
EZK 34:9,COPY_OR_MERGE,Ezek.34.9
EZK 34:10,COPY_OR_MERGE,Ezek.34.10
EZK 34:11,COPY_OR_MERGE,Ezek.34.11
EZK 34:12,COPY_OR_MERGE,Ezek.34.12
EZK 34:13,COPY_OR_MERGE,Ezek.34.13
EZK 34:14,COPY_OR_MERGE,Ezek.34.14
EZK 34:15,COPY_OR_MERGE,Ezek.34.15
EZK 34:16,COPY_OR_MERGE,Ezek.34.16
EZK 34:17,COPY_OR_MERGE,Ezek.34.17
EZK 34:18,COPY_OR_MERGE,Ezek.34.18
EZK 34:19,COPY_OR_MERGE,Ezek.34.19
EZK 34:20,COPY_OR_MERGE,Ezek.34.20
EZK 34:21,COPY_OR_MERGE,Ezek.34.21
EZK 34:22,COPY_OR_MERGE,Ezek.34.22
EZK 34:23,COPY_OR_MERGE,Ezek.34.23
EZK 34:24,COPY_OR_MERGE,Ezek.34.24
EZK 34:25,COPY_OR_MERGE,Ezek.34.25
EZK 34:26,COPY_OR_MERGE,Ezek.34.26
EZK 34:27,COPY_OR_MERGE,Ezek.34.27
EZK 34:28,COPY_OR_MERGE,Ezek.34.28
EZK 34:29,COPY_OR_MERGE,Ezek.34.29
EZK 34:30,COPY_OR_MERGE,Ezek.34.30
EZK 34:31,COPY_OR_MERGE,Ezek.34.31
EZK 35:1,COPY_OR_MERGE,Ezek.35.1
EZK 35:2,COPY_OR_MERGE,Ezek.35.2
EZK 35:3,COPY_OR_MERGE,Ezek.35.3
EZK 35:4,COPY_OR_MERGE,Ezek.35.4
EZK 35:5,COPY_OR_MERGE,Ezek.35.5
EZK 35:6,COPY_OR_MERGE,Ezek.35.6
EZK 35:7,COPY_OR_MERGE,Ezek.35.7
EZK 35:8,COPY_OR_MERGE,Ezek.35.8
EZK 35:9,COPY_OR_MERGE,Ezek.35.9
EZK 35:10,COPY_OR_MERGE,Ezek.35.10
EZK 35:11,COPY_OR_MERGE,Ezek.35.11
EZK 35:12,COPY_OR_MERGE,Ezek.35.12
EZK 35:13,COPY_OR_MERGE,Ezek.35.13
EZK 35:14,COPY_OR_MERGE,Ezek.35.14
EZK 35:15,COPY_OR_MERGE,Ezek.35.15
EZK 36:1,COPY_OR_MERGE,Ezek.36.1
EZK 36:2,COPY_OR_MERGE,Ezek.36.2
EZK 36:3,COPY_OR_MERGE,Ezek.36.3
EZK 36:4,COPY_OR_MERGE,Ezek.36.4
EZK 36:5,COPY_OR_MERGE,Ezek.36.5
EZK 36:6,COPY_OR_MERGE,Ezek.36.6
EZK 36:7,COPY_OR_MERGE,Ezek.36.7
EZK 36:8,COPY_OR_MERGE,Ezek.36.8
EZK 36:9,COPY_OR_MERGE,Ezek.36.9
EZK 36:10,COPY_OR_MERGE,Ezek.36.10
EZK 36:11,COPY_OR_MERGE,Ezek.36.11
EZK 36:12,COPY_OR_MERGE,Ezek.36.12
EZK 36:13,COPY_OR_MERGE,Ezek.36.13
EZK 36:14,COPY_OR_MERGE,Ezek.36.14
EZK 36:15,COPY_OR_MERGE,Ezek.36.15
EZK 36:16,COPY_OR_MERGE,Ezek.36.16
EZK 36:17,COPY_OR_MERGE,Ezek.36.17
EZK 36:18,COPY_OR_MERGE,Ezek.36.18
EZK 36:19,COPY_OR_MERGE,Ezek.36.19
EZK 36:20,COPY_OR_MERGE,Ezek.36.20
EZK 36:21,COPY_OR_MERGE,Ezek.36.21
EZK 36:22,COPY_OR_MERGE,Ezek.36.22
EZK 36:23,COPY_OR_MERGE,Ezek.36.23
EZK 36:24,COPY_OR_MERGE,Ezek.36.24
EZK 36:25,COPY_OR_MERGE,Ezek.36.25
EZK 36:26,COPY_OR_MERGE,Ezek.36.26
EZK 36:27,COPY_OR_MERGE,Ezek.36.27
EZK 36:28,COPY_OR_MERGE,Ezek.36.28
EZK 36:29,COPY_OR_MERGE,Ezek.36.29
EZK 36:30,COPY_OR_MERGE,Ezek.36.30
EZK 36:31,COPY_OR_MERGE,Ezek.36.31
EZK 36:32,COPY_OR_MERGE,Ezek.36.32
EZK 36:33,COPY_OR_MERGE,Ezek.36.33
EZK 36:34,COPY_OR_MERGE,Ezek.36.34
EZK 36:35,COPY_OR_MERGE,Ezek.36.35
EZK 36:36,COPY_OR_MERGE,Ezek.36.36
EZK 36:37,COPY_OR_MERGE,Ezek.36.37
EZK 36:38,COPY_OR_MERGE,Ezek.36.38
EZK 37:1,COPY_OR_MERGE,Ezek.37.1
EZK 37:2,COPY_OR_MERGE,Ezek.37.2
EZK 37:3,COPY_OR_MERGE,Ezek.37.3
EZK 37:4,COPY_OR_MERGE,Ezek.37.4
EZK 37:5,COPY_OR_MERGE,Ezek.37.5
EZK 37:6,COPY_OR_MERGE,Ezek.37.6
EZK 37:7,COPY_OR_MERGE,Ezek.37.7
EZK 37:8,COPY_OR_MERGE,Ezek.37.8
EZK 37:9,COPY_OR_MERGE,Ezek.37.9
EZK 37:10,COPY_OR_MERGE,Ezek.37.10
EZK 37:11,COPY_OR_MERGE,Ezek.37.11
EZK 37:12,COPY_OR_MERGE,Ezek.37.12
EZK 37:13,COPY_OR_MERGE,Ezek.37.13
EZK 37:14,COPY_OR_MERGE,Ezek.37.14
EZK 37:15,COPY_OR_MERGE,Ezek.37.15
EZK 37:16,COPY_OR_MERGE,Ezek.37.16
EZK 37:17,COPY_OR_MERGE,Ezek.37.17
EZK 37:18,COPY_OR_MERGE,Ezek.37.18
EZK 37:19,COPY_OR_MERGE,Ezek.37.19
EZK 37:20,COPY_OR_MERGE,Ezek.37.20
EZK 37:21,COPY_OR_MERGE,Ezek.37.21
EZK 37:22,COPY_OR_MERGE,Ezek.37.22
EZK 37:23,COPY_OR_MERGE,Ezek.37.23
EZK 37:24,COPY_OR_MERGE,Ezek.37.24
EZK 37:25,COPY_OR_MERGE,Ezek.37.25
EZK 37:26,COPY_OR_MERGE,Ezek.37.26
EZK 37:27,COPY_OR_MERGE,Ezek.37.27
EZK 37:28,COPY_OR_MERGE,Ezek.37.28
EZK 38:1,COPY_OR_MERGE,Ezek.38.1
EZK 38:2,COPY_OR_MERGE,Ezek.38.2
EZK 38:3,COPY_OR_MERGE,Ezek.38.3
EZK 38:4,COPY_OR_MERGE,Ezek.38.4
EZK 38:5,COPY_OR_MERGE,Ezek.38.5
EZK 38:6,COPY_OR_MERGE,Ezek.38.6
EZK 38:7,COPY_OR_MERGE,Ezek.38.7
EZK 38:8,COPY_OR_MERGE,Ezek.38.8
EZK 38:9,COPY_OR_MERGE,Ezek.38.9
EZK 38:10,COPY_OR_MERGE,Ezek.38.10
EZK 38:11,COPY_OR_MERGE,Ezek.38.11
EZK 38:12,COPY_OR_MERGE,Ezek.38.12
EZK 38:13,COPY_OR_MERGE,Ezek.38.13
EZK 38:14,COPY_OR_MERGE,Ezek.38.14
EZK 38:15,COPY_OR_MERGE,Ezek.38.15
EZK 38:16,COPY_OR_MERGE,Ezek.38.16
EZK 38:17,COPY_OR_MERGE,Ezek.38.17
EZK 38:18,COPY_OR_MERGE,Ezek.38.18
EZK 38:19,COPY_OR_MERGE,Ezek.38.19
EZK 38:20,COPY_OR_MERGE,Ezek.38.20
EZK 38:21,COPY_OR_MERGE,Ezek.38.21
EZK 38:22,COPY_OR_MERGE,Ezek.38.22
EZK 38:23,COPY_OR_MERGE,Ezek.38.23
EZK 39:1,COPY_OR_MERGE,Ezek.39.1
EZK 39:2,COPY_OR_MERGE,Ezek.39.2
EZK 39:3,COPY_OR_MERGE,Ezek.39.3
EZK 39:4,COPY_OR_MERGE,Ezek.39.4
EZK 39:5,COPY_OR_MERGE,Ezek.39.5
EZK 39:6,COPY_OR_MERGE,Ezek.39.6
EZK 39:7,COPY_OR_MERGE,Ezek.39.7
EZK 39:8,COPY_OR_MERGE,Ezek.39.8
EZK 39:9,COPY_OR_MERGE,Ezek.39.9
EZK 39:10,COPY_OR_MERGE,Ezek.39.10
EZK 39:11,COPY_OR_MERGE,Ezek.39.11
EZK 39:12,COPY_OR_MERGE,Ezek.39.12
EZK 39:13,COPY_OR_MERGE,Ezek.39.13
EZK 39:14,COPY_OR_MERGE,Ezek.39.14
EZK 39:15,COPY_OR_MERGE,Ezek.39.15
EZK 39:16,COPY_OR_MERGE,Ezek.39.16
EZK 39:17,COPY_OR_MERGE,Ezek.39.17
EZK 39:18,COPY_OR_MERGE,Ezek.39.18
EZK 39:19,COPY_OR_MERGE,Ezek.39.19
EZK 39:20,COPY_OR_MERGE,Ezek.39.20
EZK 39:21,COPY_OR_MERGE,Ezek.39.21
EZK 39:22,COPY_OR_MERGE,Ezek.39.22
EZK 39:23,COPY_OR_MERGE,Ezek.39.23
EZK 39:24,COPY_OR_MERGE,Ezek.39.24
EZK 39:25,COPY_OR_MERGE,Ezek.39.25
EZK 39:26,COPY_OR_MERGE,Ezek.39.26
EZK 39:27,COPY_OR_MERGE,Ezek.39.27
EZK 39:28,COPY_OR_MERGE,Ezek.39.28
EZK 39:29,COPY_OR_MERGE,Ezek.39.29
EZK 40:1,COPY_OR_MERGE,Ezek.40.1
EZK 40:2,COPY_OR_MERGE,Ezek.40.2
EZK 40:3,COPY_OR_MERGE,Ezek.40.3
EZK 40:4,COPY_OR_MERGE,Ezek.40.4
EZK 40:5,COPY_OR_MERGE,Ezek.40.5
EZK 40:6,COPY_OR_MERGE,Ezek.40.6
EZK 40:7,COPY_OR_MERGE,Ezek.40.7
EZK 40:8,COPY_OR_MERGE,Ezek.40.8
EZK 40:9,COPY_OR_MERGE,Ezek.40.9
EZK 40:10,COPY_OR_MERGE,Ezek.40.10
EZK 40:11,COPY_OR_MERGE,Ezek.40.11
EZK 40:12,COPY_OR_MERGE,Ezek.40.12
EZK 40:13,COPY_OR_MERGE,Ezek.40.13
EZK 40:14,COPY_OR_MERGE,Ezek.40.14
EZK 40:15,COPY_OR_MERGE,Ezek.40.15
EZK 40:16,COPY_OR_MERGE,Ezek.40.16
EZK 40:17,COPY_OR_MERGE,Ezek.40.17
EZK 40:18,COPY_OR_MERGE,Ezek.40.18
EZK 40:19,COPY_OR_MERGE,Ezek.40.19
EZK 40:20,COPY_OR_MERGE,Ezek.40.20
EZK 40:21,COPY_OR_MERGE,Ezek.40.21
EZK 40:22,COPY_OR_MERGE,Ezek.40.22
EZK 40:23,COPY_OR_MERGE,Ezek.40.23
EZK 40:24,COPY_OR_MERGE,Ezek.40.24
EZK 40:25,COPY_OR_MERGE,Ezek.40.25
EZK 40:26,COPY_OR_MERGE,Ezek.40.26
EZK 40:27,COPY_OR_MERGE,Ezek.40.27
EZK 40:28,COPY_OR_MERGE,Ezek.40.28
EZK 40:29,COPY_OR_MERGE,Ezek.40.29
EZK 40:30,COPY_OR_MERGE,Ezek.40.30
EZK 40:31,COPY_OR_MERGE,Ezek.40.31
EZK 40:32,COPY_OR_MERGE,Ezek.40.32
EZK 40:33,COPY_OR_MERGE,Ezek.40.33
EZK 40:34,COPY_OR_MERGE,Ezek.40.34
EZK 40:35,COPY_OR_MERGE,Ezek.40.35
EZK 40:36,COPY_OR_MERGE,Ezek.40.36
EZK 40:37,COPY_OR_MERGE,Ezek.40.37
EZK 40:38,COPY_OR_MERGE,Ezek.40.38
EZK 40:39,COPY_OR_MERGE,Ezek.40.39
EZK 40:40,COPY_OR_MERGE,Ezek.40.40
EZK 40:41,COPY_OR_MERGE,Ezek.40.41
EZK 40:42,COPY_OR_MERGE,Ezek.40.42
EZK 40:43,COPY_OR_MERGE,Ezek.40.43
EZK 40:44,COPY_OR_MERGE,Ezek.40.44
EZK 40:45,COPY_OR_MERGE,Ezek.40.45
EZK 40:46,COPY_OR_MERGE,Ezek.40.46
EZK 40:47,COPY_OR_MERGE,Ezek.40.47
EZK 40:48,COPY_OR_MERGE,Ezek.40.48
EZK 40:49,COPY_OR_MERGE,Ezek.40.49
EZK 41:1,COPY_OR_MERGE,Ezek.41.1
EZK 41:2,COPY_OR_MERGE,Ezek.41.2
EZK 41:3,COPY_OR_MERGE,Ezek.41.3
EZK 41:4,COPY_OR_MERGE,Ezek.41.4
EZK 41:5,COPY_OR_MERGE,Ezek.41.5
EZK 41:6,COPY_OR_MERGE,Ezek.41.6
EZK 41:7,COPY_OR_MERGE,Ezek.41.7
EZK 41:8,COPY_OR_MERGE,Ezek.41.8
EZK 41:9,COPY_OR_MERGE,Ezek.41.9
EZK 41:10,COPY_OR_MERGE,Ezek.41.10
EZK 41:11,COPY_OR_MERGE,Ezek.41.11
EZK 41:12,COPY_OR_MERGE,Ezek.41.12
EZK 41:13,COPY_OR_MERGE,Ezek.41.13
EZK 41:14,COPY_OR_MERGE,Ezek.41.14
EZK 41:15,COPY_OR_MERGE,Ezek.41.15
EZK 41:16,COPY_OR_MERGE,Ezek.41.16
EZK 41:17,COPY_OR_MERGE,Ezek.41.17
EZK 41:18,COPY_OR_MERGE,Ezek.41.18
EZK 41:19,COPY_OR_MERGE,Ezek.41.19
EZK 41:20,COPY_OR_MERGE,Ezek.41.20
EZK 41:21,COPY_OR_MERGE,Ezek.41.21
EZK 41:22,COPY_OR_MERGE,Ezek.41.22
EZK 41:23,COPY_OR_MERGE,Ezek.41.23
EZK 41:24,COPY_OR_MERGE,Ezek.41.24
EZK 41:25,COPY_OR_MERGE,Ezek.41.25
EZK 41:26,COPY_OR_MERGE,Ezek.41.26
EZK 42:1,COPY_OR_MERGE,Ezek.42.1
EZK 42:2,COPY_OR_MERGE,Ezek.42.2
EZK 42:3,COPY_OR_MERGE,Ezek.42.3
EZK 42:4,COPY_OR_MERGE,Ezek.42.4
EZK 42:5,COPY_OR_MERGE,Ezek.42.5
EZK 42:6,COPY_OR_MERGE,Ezek.42.6
EZK 42:7,COPY_OR_MERGE,Ezek.42.7
EZK 42:8,COPY_OR_MERGE,Ezek.42.8
EZK 42:9,COPY_OR_MERGE,Ezek.42.9
EZK 42:10,COPY_OR_MERGE,Ezek.42.10
EZK 42:11,COPY_OR_MERGE,Ezek.42.11
EZK 42:12,COPY_OR_MERGE,Ezek.42.12
EZK 42:13,COPY_OR_MERGE,Ezek.42.13
EZK 42:14,COPY_OR_MERGE,Ezek.42.14
EZK 42:15,COPY_OR_MERGE,Ezek.42.15
EZK 42:16,COPY_OR_MERGE,Ezek.42.16
EZK 42:17,COPY_OR_MERGE,Ezek.42.17
EZK 42:18,COPY_OR_MERGE,Ezek.42.18
EZK 42:19,COPY_OR_MERGE,Ezek.42.19
EZK 42:20,COPY_OR_MERGE,Ezek.42.20
EZK 43:1,COPY_OR_MERGE,Ezek.43.1
EZK 43:2,COPY_OR_MERGE,Ezek.43.2
EZK 43:3,COPY_OR_MERGE,Ezek.43.3
EZK 43:4,COPY_OR_MERGE,Ezek.43.4
EZK 43:5,COPY_OR_MERGE,Ezek.43.5
EZK 43:6,COPY_OR_MERGE,Ezek.43.6
EZK 43:7,COPY_OR_MERGE,Ezek.43.7
EZK 43:8,COPY_OR_MERGE,Ezek.43.8
EZK 43:9,COPY_OR_MERGE,Ezek.43.9
EZK 43:10,COPY_OR_MERGE,Ezek.43.10
EZK 43:11,COPY_OR_MERGE,Ezek.43.11
EZK 43:12,COPY_OR_MERGE,Ezek.43.12
EZK 43:13,COPY_OR_MERGE,Ezek.43.13
EZK 43:14,COPY_OR_MERGE,Ezek.43.14
EZK 43:15,COPY_OR_MERGE,Ezek.43.15
EZK 43:16,COPY_OR_MERGE,Ezek.43.16
EZK 43:17,COPY_OR_MERGE,Ezek.43.17
EZK 43:18,COPY_OR_MERGE,Ezek.43.18
EZK 43:19,COPY_OR_MERGE,Ezek.43.19
EZK 43:20,COPY_OR_MERGE,Ezek.43.20
EZK 43:21,COPY_OR_MERGE,Ezek.43.21
EZK 43:22,COPY_OR_MERGE,Ezek.43.22
EZK 43:23,COPY_OR_MERGE,Ezek.43.23
EZK 43:24,COPY_OR_MERGE,Ezek.43.24
EZK 43:25,COPY_OR_MERGE,Ezek.43.25
EZK 43:26,COPY_OR_MERGE,Ezek.43.26
EZK 43:27,COPY_OR_MERGE,Ezek.43.27
EZK 44:1,COPY_OR_MERGE,Ezek.44.1
EZK 44:2,COPY_OR_MERGE,Ezek.44.2
EZK 44:3,COPY_OR_MERGE,Ezek.44.3
EZK 44:4,COPY_OR_MERGE,Ezek.44.4
EZK 44:5,COPY_OR_MERGE,Ezek.44.5
EZK 44:6,COPY_OR_MERGE,Ezek.44.6
EZK 44:7,COPY_OR_MERGE,Ezek.44.7
EZK 44:8,COPY_OR_MERGE,Ezek.44.8
EZK 44:9,COPY_OR_MERGE,Ezek.44.9
EZK 44:10,COPY_OR_MERGE,Ezek.44.10
EZK 44:11,COPY_OR_MERGE,Ezek.44.11
EZK 44:12,COPY_OR_MERGE,Ezek.44.12
EZK 44:13,COPY_OR_MERGE,Ezek.44.13
EZK 44:14,COPY_OR_MERGE,Ezek.44.14
EZK 44:15,COPY_OR_MERGE,Ezek.44.15
EZK 44:16,COPY_OR_MERGE,Ezek.44.16
EZK 44:17,COPY_OR_MERGE,Ezek.44.17
EZK 44:18,COPY_OR_MERGE,Ezek.44.18
EZK 44:19,COPY_OR_MERGE,Ezek.44.19
EZK 44:20,COPY_OR_MERGE,Ezek.44.20
EZK 44:21,COPY_OR_MERGE,Ezek.44.21
EZK 44:22,COPY_OR_MERGE,Ezek.44.22
EZK 44:23,COPY_OR_MERGE,Ezek.44.23
EZK 44:24,COPY_OR_MERGE,Ezek.44.24
EZK 44:25,COPY_OR_MERGE,Ezek.44.25
EZK 44:26,COPY_OR_MERGE,Ezek.44.26
EZK 44:27,COPY_OR_MERGE,Ezek.44.27
EZK 44:28,COPY_OR_MERGE,Ezek.44.28
EZK 44:29,COPY_OR_MERGE,Ezek.44.29
EZK 44:30,COPY_OR_MERGE,Ezek.44.30
EZK 44:31,COPY_OR_MERGE,Ezek.44.31
EZK 45:1,COPY_OR_MERGE,Ezek.45.1
EZK 45:2,COPY_OR_MERGE,Ezek.45.2
EZK 45:3,COPY_OR_MERGE,Ezek.45.3
EZK 45:4,COPY_OR_MERGE,Ezek.45.4
EZK 45:5,COPY_OR_MERGE,Ezek.45.5
EZK 45:6,COPY_OR_MERGE,Ezek.45.6
EZK 45:7,COPY_OR_MERGE,Ezek.45.7
EZK 45:8,COPY_OR_MERGE,Ezek.45.8
EZK 45:9,COPY_OR_MERGE,Ezek.45.9
EZK 45:10,COPY_OR_MERGE,Ezek.45.10
EZK 45:11,COPY_OR_MERGE,Ezek.45.11
EZK 45:12,COPY_OR_MERGE,Ezek.45.12
EZK 45:13,COPY_OR_MERGE,Ezek.45.13
EZK 45:14,COPY_OR_MERGE,Ezek.45.14
EZK 45:15,COPY_OR_MERGE,Ezek.45.15
EZK 45:16,COPY_OR_MERGE,Ezek.45.16
EZK 45:17,COPY_OR_MERGE,Ezek.45.17
EZK 45:18,COPY_OR_MERGE,Ezek.45.18
EZK 45:19,COPY_OR_MERGE,Ezek.45.19
EZK 45:20,COPY_OR_MERGE,Ezek.45.20
EZK 45:21,COPY_OR_MERGE,Ezek.45.21
EZK 45:22,COPY_OR_MERGE,Ezek.45.22
EZK 45:23,COPY_OR_MERGE,Ezek.45.23
EZK 45:24,COPY_OR_MERGE,Ezek.45.24
EZK 45:25,COPY_OR_MERGE,Ezek.45.25
EZK 46:1,COPY_OR_MERGE,Ezek.46.1
EZK 46:2,COPY_OR_MERGE,Ezek.46.2
EZK 46:3,COPY_OR_MERGE,Ezek.46.3
EZK 46:4,COPY_OR_MERGE,Ezek.46.4
EZK 46:5,COPY_OR_MERGE,Ezek.46.5
EZK 46:6,COPY_OR_MERGE,Ezek.46.6
EZK 46:7,COPY_OR_MERGE,Ezek.46.7
EZK 46:8,COPY_OR_MERGE,Ezek.46.8
EZK 46:9,COPY_OR_MERGE,Ezek.46.9
EZK 46:10,COPY_OR_MERGE,Ezek.46.10
EZK 46:11,COPY_OR_MERGE,Ezek.46.11
EZK 46:12,COPY_OR_MERGE,Ezek.46.12
EZK 46:13,COPY_OR_MERGE,Ezek.46.13
EZK 46:14,COPY_OR_MERGE,Ezek.46.14
EZK 46:15,COPY_OR_MERGE,Ezek.46.15
EZK 46:16,COPY_OR_MERGE,Ezek.46.16
EZK 46:17,COPY_OR_MERGE,Ezek.46.17
EZK 46:18,COPY_OR_MERGE,Ezek.46.18
EZK 46:19,COPY_OR_MERGE,Ezek.46.19
EZK 46:20,COPY_OR_MERGE,Ezek.46.20
EZK 46:21,COPY_OR_MERGE,Ezek.46.21
EZK 46:22,COPY_OR_MERGE,Ezek.46.22
EZK 46:23,COPY_OR_MERGE,Ezek.46.23
EZK 46:24,COPY_OR_MERGE,Ezek.46.24
EZK 47:1,COPY_OR_MERGE,Ezek.47.1
EZK 47:2,COPY_OR_MERGE,Ezek.47.2
EZK 47:3,COPY_OR_MERGE,Ezek.47.3
EZK 47:4,COPY_OR_MERGE,Ezek.47.4
EZK 47:5,COPY_OR_MERGE,Ezek.47.5
EZK 47:6,COPY_OR_MERGE,Ezek.47.6
EZK 47:7,COPY_OR_MERGE,Ezek.47.7
EZK 47:8,COPY_OR_MERGE,Ezek.47.8
EZK 47:9,COPY_OR_MERGE,Ezek.47.9
EZK 47:10,COPY_OR_MERGE,Ezek.47.10
EZK 47:11,COPY_OR_MERGE,Ezek.47.11
EZK 47:12,COPY_OR_MERGE,Ezek.47.12
EZK 47:13,COPY_OR_MERGE,Ezek.47.13
EZK 47:14,COPY_OR_MERGE,Ezek.47.14
EZK 47:15,COPY_OR_MERGE,Ezek.47.15
EZK 47:16,COPY_OR_MERGE,Ezek.47.16
EZK 47:17,COPY_OR_MERGE,Ezek.47.17
EZK 47:18,COPY_OR_MERGE,Ezek.47.18
EZK 47:19,COPY_OR_MERGE,Ezek.47.19
EZK 47:20,COPY_OR_MERGE,Ezek.47.20
EZK 47:21,COPY_OR_MERGE,Ezek.47.21
EZK 47:22,COPY_OR_MERGE,Ezek.47.22
EZK 47:23,COPY_OR_MERGE,Ezek.47.23
EZK 48:1,COPY_OR_MERGE,Ezek.48.1
EZK 48:2,COPY_OR_MERGE,Ezek.48.2
EZK 48:3,COPY_OR_MERGE,Ezek.48.3
EZK 48:4,COPY_OR_MERGE,Ezek.48.4
EZK 48:5,COPY_OR_MERGE,Ezek.48.5
EZK 48:6,COPY_OR_MERGE,Ezek.48.6
EZK 48:7,COPY_OR_MERGE,Ezek.48.7
EZK 48:8,COPY_OR_MERGE,Ezek.48.8
EZK 48:9,COPY_OR_MERGE,Ezek.48.9
EZK 48:10,COPY_OR_MERGE,Ezek.48.10
EZK 48:11,COPY_OR_MERGE,Ezek.48.11
EZK 48:12,COPY_OR_MERGE,Ezek.48.12
EZK 48:13,COPY_OR_MERGE,Ezek.48.13
EZK 48:14,COPY_OR_MERGE,Ezek.48.14
EZK 48:15,COPY_OR_MERGE,Ezek.48.15
EZK 48:16,COPY_OR_MERGE,Ezek.48.16
EZK 48:17,COPY_OR_MERGE,Ezek.48.17
EZK 48:18,COPY_OR_MERGE,Ezek.48.18
EZK 48:19,COPY_OR_MERGE,Ezek.48.19
EZK 48:20,COPY_OR_MERGE,Ezek.48.20
EZK 48:21,COPY_OR_MERGE,Ezek.48.21
EZK 48:22,COPY_OR_MERGE,Ezek.48.22
EZK 48:23,COPY_OR_MERGE,Ezek.48.23
EZK 48:24,COPY_OR_MERGE,Ezek.48.24
EZK 48:25,COPY_OR_MERGE,Ezek.48.25
EZK 48:26,COPY_OR_MERGE,Ezek.48.26
EZK 48:27,COPY_OR_MERGE,Ezek.48.27
EZK 48:28,COPY_OR_MERGE,Ezek.48.28
EZK 48:29,COPY_OR_MERGE,Ezek.48.29
EZK 48:30,COPY_OR_MERGE,Ezek.48.30
EZK 48:31,COPY_OR_MERGE,Ezek.48.31
EZK 48:32,COPY_OR_MERGE,Ezek.48.32
EZK 48:33,COPY_OR_MERGE,Ezek.48.33
EZK 48:34,COPY_OR_MERGE,Ezek.48.34
EZK 48:35,COPY_OR_MERGE,Ezek.48.35
EZR 1:1,COPY_OR_MERGE,Ezra.1.1
EZR 1:2,COPY_OR_MERGE,Ezra.1.2
EZR 1:3,COPY_OR_MERGE,Ezra.1.3
EZR 1:4,COPY_OR_MERGE,Ezra.1.4
EZR 1:5,COPY_OR_MERGE,Ezra.1.5
EZR 1:6,COPY_OR_MERGE,Ezra.1.6
EZR 1:7,COPY_OR_MERGE,Ezra.1.7
EZR 1:8,COPY_OR_MERGE,Ezra.1.8
EZR 1:9,COPY_OR_MERGE,Ezra.1.9
EZR 1:10,COPY_OR_MERGE,Ezra.1.10
EZR 1:11,COPY_OR_MERGE,Ezra.1.11
EZR 2:1,COPY_OR_MERGE,Ezra.2.1
EZR 2:2,COPY_OR_MERGE,Ezra.2.2
EZR 2:3,COPY_OR_MERGE,Ezra.2.3
EZR 2:4,COPY_OR_MERGE,Ezra.2.4
EZR 2:5,COPY_OR_MERGE,Ezra.2.5
EZR 2:6,COPY_OR_MERGE,Ezra.2.6
EZR 2:7,COPY_OR_MERGE,Ezra.2.7
EZR 2:8,COPY_OR_MERGE,Ezra.2.8
EZR 2:9,COPY_OR_MERGE,Ezra.2.9
EZR 2:10,COPY_OR_MERGE,Ezra.2.10
EZR 2:11,COPY_OR_MERGE,Ezra.2.11
EZR 2:12,COPY_OR_MERGE,Ezra.2.12
EZR 2:13,COPY_OR_MERGE,Ezra.2.13
EZR 2:14,COPY_OR_MERGE,Ezra.2.14
EZR 2:15,COPY_OR_MERGE,Ezra.2.15
EZR 2:16,COPY_OR_MERGE,Ezra.2.16
EZR 2:17,COPY_OR_MERGE,Ezra.2.17
EZR 2:18,COPY_OR_MERGE,Ezra.2.18
EZR 2:19,COPY_OR_MERGE,Ezra.2.19
EZR 2:20,COPY_OR_MERGE,Ezra.2.20
EZR 2:21,COPY_OR_MERGE,Ezra.2.21
EZR 2:22,COPY_OR_MERGE,Ezra.2.22
EZR 2:23,COPY_OR_MERGE,Ezra.2.23
EZR 2:24,COPY_OR_MERGE,Ezra.2.24
EZR 2:25,COPY_OR_MERGE,Ezra.2.25
EZR 2:26,COPY_OR_MERGE,Ezra.2.26
EZR 2:27,COPY_OR_MERGE,Ezra.2.27
EZR 2:28,COPY_OR_MERGE,Ezra.2.28
EZR 2:29,COPY_OR_MERGE,Ezra.2.29
EZR 2:30,COPY_OR_MERGE,Ezra.2.30
EZR 2:31,COPY_OR_MERGE,Ezra.2.31
EZR 2:32,COPY_OR_MERGE,Ezra.2.32
EZR 2:33,COPY_OR_MERGE,Ezra.2.33
EZR 2:34,COPY_OR_MERGE,Ezra.2.34
EZR 2:35,COPY_OR_MERGE,Ezra.2.35
EZR 2:36,COPY_OR_MERGE,Ezra.2.36
EZR 2:37,COPY_OR_MERGE,Ezra.2.37
EZR 2:38,COPY_OR_MERGE,Ezra.2.38
EZR 2:39,COPY_OR_MERGE,Ezra.2.39
EZR 2:40,COPY_OR_MERGE,Ezra.2.40
EZR 2:41,COPY_OR_MERGE,Ezra.2.41
EZR 2:42,COPY_OR_MERGE,Ezra.2.42
EZR 2:43,COPY_OR_MERGE,Ezra.2.43
EZR 2:44,COPY_OR_MERGE,Ezra.2.44
EZR 2:45,COPY_OR_MERGE,Ezra.2.45
EZR 2:46,COPY_OR_MERGE,Ezra.2.46
EZR 2:47,COPY_OR_MERGE,Ezra.2.47
EZR 2:48,COPY_OR_MERGE,Ezra.2.48
EZR 2:49,COPY_OR_MERGE,Ezra.2.49
EZR 2:50,COPY_OR_MERGE,Ezra.2.50
EZR 2:51,COPY_OR_MERGE,Ezra.2.51
EZR 2:52,COPY_OR_MERGE,Ezra.2.52
EZR 2:53,COPY_OR_MERGE,Ezra.2.53
EZR 2:54,COPY_OR_MERGE,Ezra.2.54
EZR 2:55,COPY_OR_MERGE,Ezra.2.55
EZR 2:56,COPY_OR_MERGE,Ezra.2.56
EZR 2:57,COPY_OR_MERGE,Ezra.2.57
EZR 2:58,COPY_OR_MERGE,Ezra.2.58
EZR 2:59,COPY_OR_MERGE,Ezra.2.59
EZR 2:60,COPY_OR_MERGE,Ezra.2.60
EZR 2:61,COPY_OR_MERGE,Ezra.2.61
EZR 2:62,COPY_OR_MERGE,Ezra.2.62
EZR 2:63,COPY_OR_MERGE,Ezra.2.63
EZR 2:64,COPY_OR_MERGE,Ezra.2.64
EZR 2:65,COPY_OR_MERGE,Ezra.2.65
EZR 2:66,COPY_OR_MERGE,Ezra.2.66
EZR 2:67,COPY_OR_MERGE,Ezra.2.67
EZR 2:68,COPY_OR_MERGE,Ezra.2.68
EZR 2:69,COPY_OR_MERGE,Ezra.2.69
EZR 2:70,COPY_OR_MERGE,Ezra.2.70
EZR 3:1,COPY_OR_MERGE,Ezra.3.1
EZR 3:2,COPY_OR_MERGE,Ezra.3.2
EZR 3:3,COPY_OR_MERGE,Ezra.3.3
EZR 3:4,COPY_OR_MERGE,Ezra.3.4
EZR 3:5,COPY_OR_MERGE,Ezra.3.5
EZR 3:6,COPY_OR_MERGE,Ezra.3.6
EZR 3:7,COPY_OR_MERGE,Ezra.3.7
EZR 3:8,COPY_OR_MERGE,Ezra.3.8
EZR 3:9,COPY_OR_MERGE,Ezra.3.9
EZR 3:10,COPY_OR_MERGE,Ezra.3.10
EZR 3:11,COPY_OR_MERGE,Ezra.3.11
EZR 3:12,COPY_OR_MERGE,Ezra.3.12
EZR 3:13,COPY_OR_MERGE,Ezra.3.13
EZR 4:1,COPY_OR_MERGE,Ezra.4.1
EZR 4:2,COPY_OR_MERGE,Ezra.4.2
EZR 4:3,COPY_OR_MERGE,Ezra.4.3
EZR 4:4,COPY_OR_MERGE,Ezra.4.4
EZR 4:5,COPY_OR_MERGE,Ezra.4.5
EZR 4:6,COPY_OR_MERGE,Ezra.4.6
EZR 4:7,COPY_OR_MERGE,Ezra.4.7
EZR 4:8,COPY_OR_MERGE,Ezra.4.8
EZR 4:9,COPY_OR_MERGE,Ezra.4.9
EZR 4:10,COPY_OR_MERGE,Ezra.4.10
EZR 4:11,COPY_OR_MERGE,Ezra.4.11
EZR 4:12,COPY_OR_MERGE,Ezra.4.12
EZR 4:13,COPY_OR_MERGE,Ezra.4.13
EZR 4:14,COPY_OR_MERGE,Ezra.4.14
EZR 4:15,COPY_OR_MERGE,Ezra.4.15
EZR 4:16,COPY_OR_MERGE,Ezra.4.16
EZR 4:17,COPY_OR_MERGE,Ezra.4.17
EZR 4:18,COPY_OR_MERGE,Ezra.4.18
EZR 4:19,COPY_OR_MERGE,Ezra.4.19
EZR 4:20,COPY_OR_MERGE,Ezra.4.20
EZR 4:21,COPY_OR_MERGE,Ezra.4.21
EZR 4:22,COPY_OR_MERGE,Ezra.4.22
EZR 4:23,COPY_OR_MERGE,Ezra.4.23
EZR 4:24,COPY_OR_MERGE,Ezra.4.24
EZR 5:1,COPY_OR_MERGE,Ezra.5.1
EZR 5:2,COPY_OR_MERGE,Ezra.5.2
EZR 5:3,COPY_OR_MERGE,Ezra.5.3
EZR 5:4,COPY_OR_MERGE,Ezra.5.4
EZR 5:5,COPY_OR_MERGE,Ezra.5.5
EZR 5:6,COPY_OR_MERGE,Ezra.5.6
EZR 5:7,COPY_OR_MERGE,Ezra.5.7
EZR 5:8,COPY_OR_MERGE,Ezra.5.8
EZR 5:9,COPY_OR_MERGE,Ezra.5.9
EZR 5:10,COPY_OR_MERGE,Ezra.5.10
EZR 5:11,COPY_OR_MERGE,Ezra.5.11
EZR 5:12,COPY_OR_MERGE,Ezra.5.12
EZR 5:13,COPY_OR_MERGE,Ezra.5.13
EZR 5:14,COPY_OR_MERGE,Ezra.5.14
EZR 5:15,COPY_OR_MERGE,Ezra.5.15
EZR 5:16,COPY_OR_MERGE,Ezra.5.16
EZR 5:17,COPY_OR_MERGE,Ezra.5.17
EZR 6:1,COPY_OR_MERGE,Ezra.6.1
EZR 6:2,COPY_OR_MERGE,Ezra.6.2
EZR 6:3,COPY_OR_MERGE,Ezra.6.3
EZR 6:4,COPY_OR_MERGE,Ezra.6.4
EZR 6:5,COPY_OR_MERGE,Ezra.6.5
EZR 6:6,COPY_OR_MERGE,Ezra.6.6
EZR 6:7,COPY_OR_MERGE,Ezra.6.7
EZR 6:8,COPY_OR_MERGE,Ezra.6.8
EZR 6:9,COPY_OR_MERGE,Ezra.6.9
EZR 6:10,COPY_OR_MERGE,Ezra.6.10
EZR 6:11,COPY_OR_MERGE,Ezra.6.11
EZR 6:12,COPY_OR_MERGE,Ezra.6.12
EZR 6:13,COPY_OR_MERGE,Ezra.6.13
EZR 6:14,COPY_OR_MERGE,Ezra.6.14
EZR 6:15,COPY_OR_MERGE,Ezra.6.15
EZR 6:16,COPY_OR_MERGE,Ezra.6.16
EZR 6:17,COPY_OR_MERGE,Ezra.6.17
EZR 6:18,COPY_OR_MERGE,Ezra.6.18
EZR 6:19,COPY_OR_MERGE,Ezra.6.19
EZR 6:20,COPY_OR_MERGE,Ezra.6.20
EZR 6:21,COPY_OR_MERGE,Ezra.6.21
EZR 6:22,COPY_OR_MERGE,Ezra.6.22
EZR 7:1,COPY_OR_MERGE,Ezra.7.1
EZR 7:2,COPY_OR_MERGE,Ezra.7.2
EZR 7:3,COPY_OR_MERGE,Ezra.7.3
EZR 7:4,COPY_OR_MERGE,Ezra.7.4
EZR 7:5,COPY_OR_MERGE,Ezra.7.5
EZR 7:6,COPY_OR_MERGE,Ezra.7.6
EZR 7:7,COPY_OR_MERGE,Ezra.7.7
EZR 7:8,COPY_OR_MERGE,Ezra.7.8
EZR 7:9,COPY_OR_MERGE,Ezra.7.9
EZR 7:10,COPY_OR_MERGE,Ezra.7.10
EZR 7:11,COPY_OR_MERGE,Ezra.7.11
EZR 7:12,COPY_OR_MERGE,Ezra.7.12
EZR 7:13,COPY_OR_MERGE,Ezra.7.13
EZR 7:14,COPY_OR_MERGE,Ezra.7.14
EZR 7:15,COPY_OR_MERGE,Ezra.7.15
EZR 7:16,COPY_OR_MERGE,Ezra.7.16
EZR 7:17,COPY_OR_MERGE,Ezra.7.17
EZR 7:18,COPY_OR_MERGE,Ezra.7.18
EZR 7:19,COPY_OR_MERGE,Ezra.7.19
EZR 7:20,COPY_OR_MERGE,Ezra.7.20
EZR 7:21,COPY_OR_MERGE,Ezra.7.21
EZR 7:22,COPY_OR_MERGE,Ezra.7.22
EZR 7:23,COPY_OR_MERGE,Ezra.7.23
EZR 7:24,COPY_OR_MERGE,Ezra.7.24
EZR 7:25,COPY_OR_MERGE,Ezra.7.25
EZR 7:26,COPY_OR_MERGE,Ezra.7.26
EZR 7:27,COPY_OR_MERGE,Ezra.7.27
EZR 7:28,COPY_OR_MERGE,Ezra.7.28
EZR 8:1,COPY_OR_MERGE,Ezra.8.1
EZR 8:2,COPY_OR_MERGE,Ezra.8.2
EZR 8:3,COPY_OR_MERGE,Ezra.8.3
EZR 8:4,COPY_OR_MERGE,Ezra.8.4
EZR 8:5,COPY_OR_MERGE,Ezra.8.5
EZR 8:6,COPY_OR_MERGE,Ezra.8.6
EZR 8:7,COPY_OR_MERGE,Ezra.8.7
EZR 8:8,COPY_OR_MERGE,Ezra.8.8
EZR 8:9,COPY_OR_MERGE,Ezra.8.9
EZR 8:10,COPY_OR_MERGE,Ezra.8.10
EZR 8:11,COPY_OR_MERGE,Ezra.8.11
EZR 8:12,COPY_OR_MERGE,Ezra.8.12
EZR 8:13,COPY_OR_MERGE,Ezra.8.13
EZR 8:14,COPY_OR_MERGE,Ezra.8.14
EZR 8:15,COPY_OR_MERGE,Ezra.8.15
EZR 8:16,COPY_OR_MERGE,Ezra.8.16
EZR 8:17,COPY_OR_MERGE,Ezra.8.17
EZR 8:18,COPY_OR_MERGE,Ezra.8.18
EZR 8:19,COPY_OR_MERGE,Ezra.8.19
EZR 8:20,COPY_OR_MERGE,Ezra.8.20
EZR 8:21,COPY_OR_MERGE,Ezra.8.21
EZR 8:22,COPY_OR_MERGE,Ezra.8.22
EZR 8:23,COPY_OR_MERGE,Ezra.8.23
EZR 8:24,COPY_OR_MERGE,Ezra.8.24
EZR 8:25,COPY_OR_MERGE,Ezra.8.25
EZR 8:26,COPY_OR_MERGE,Ezra.8.26
EZR 8:27,COPY_OR_MERGE,Ezra.8.27
EZR 8:28,COPY_OR_MERGE,Ezra.8.28
EZR 8:29,COPY_OR_MERGE,Ezra.8.29
EZR 8:30,COPY_OR_MERGE,Ezra.8.30
EZR 8:31,COPY_OR_MERGE,Ezra.8.31
EZR 8:32,COPY_OR_MERGE,Ezra.8.32
EZR 8:33,COPY_OR_MERGE,Ezra.8.33
EZR 8:34,COPY_OR_MERGE,Ezra.8.34
EZR 8:35,COPY_OR_MERGE,Ezra.8.35
EZR 8:36,COPY_OR_MERGE,Ezra.8.36
EZR 9:1,COPY_OR_MERGE,Ezra.9.1
EZR 9:2,COPY_OR_MERGE,Ezra.9.2
EZR 9:3,COPY_OR_MERGE,Ezra.9.3
EZR 9:4,COPY_OR_MERGE,Ezra.9.4
EZR 9:5,COPY_OR_MERGE,Ezra.9.5
EZR 9:6,COPY_OR_MERGE,Ezra.9.6
EZR 9:7,COPY_OR_MERGE,Ezra.9.7
EZR 9:8,COPY_OR_MERGE,Ezra.9.8
EZR 9:9,COPY_OR_MERGE,Ezra.9.9
EZR 9:10,COPY_OR_MERGE,Ezra.9.10
EZR 9:11,COPY_OR_MERGE,Ezra.9.11
EZR 9:12,COPY_OR_MERGE,Ezra.9.12
EZR 9:13,COPY_OR_MERGE,Ezra.9.13
EZR 9:14,COPY_OR_MERGE,Ezra.9.14
EZR 9:15,COPY_OR_MERGE,Ezra.9.15
EZR 10:1,COPY_OR_MERGE,Ezra.10.1
EZR 10:2,COPY_OR_MERGE,Ezra.10.2
EZR 10:3,COPY_OR_MERGE,Ezra.10.3
EZR 10:4,COPY_OR_MERGE,Ezra.10.4
EZR 10:5,COPY_OR_MERGE,Ezra.10.5
EZR 10:6,COPY_OR_MERGE,Ezra.10.6
EZR 10:7,COPY_OR_MERGE,Ezra.10.7
EZR 10:8,COPY_OR_MERGE,Ezra.10.8
EZR 10:9,COPY_OR_MERGE,Ezra.10.9
EZR 10:10,COPY_OR_MERGE,Ezra.10.10
EZR 10:11,COPY_OR_MERGE,Ezra.10.11
EZR 10:12,COPY_OR_MERGE,Ezra.10.12
EZR 10:13,COPY_OR_MERGE,Ezra.10.13
EZR 10:14,COPY_OR_MERGE,Ezra.10.14
EZR 10:15,COPY_OR_MERGE,Ezra.10.15
EZR 10:16,COPY_OR_MERGE,Ezra.10.16
EZR 10:17,COPY_OR_MERGE,Ezra.10.17
EZR 10:18,COPY_OR_MERGE,Ezra.10.18
EZR 10:19,COPY_OR_MERGE,Ezra.10.19
EZR 10:20,COPY_OR_MERGE,Ezra.10.20
EZR 10:21,COPY_OR_MERGE,Ezra.10.21
EZR 10:22,COPY_OR_MERGE,Ezra.10.22
EZR 10:23,COPY_OR_MERGE,Ezra.10.23
EZR 10:24,COPY_OR_MERGE,Ezra.10.24
EZR 10:25,COPY_OR_MERGE,Ezra.10.25
EZR 10:26,COPY_OR_MERGE,Ezra.10.26
EZR 10:27,COPY_OR_MERGE,Ezra.10.27
EZR 10:28,COPY_OR_MERGE,Ezra.10.28
EZR 10:29,COPY_OR_MERGE,Ezra.10.29
EZR 10:30,COPY_OR_MERGE,Ezra.10.30
EZR 10:31,COPY_OR_MERGE,Ezra.10.31
EZR 10:32,COPY_OR_MERGE,Ezra.10.32
EZR 10:33,COPY_OR_MERGE,Ezra.10.33
EZR 10:34,COPY_OR_MERGE,Ezra.10.34
EZR 10:35,COPY_OR_MERGE,Ezra.10.35
EZR 10:36,COPY_OR_MERGE,Ezra.10.36
EZR 10:37,COPY_OR_MERGE,Ezra.10.37
EZR 10:38,COPY_OR_MERGE,Ezra.10.38
EZR 10:39,COPY_OR_MERGE,Ezra.10.39
EZR 10:40,COPY_OR_MERGE,Ezra.10.40
EZR 10:41,COPY_OR_MERGE,Ezra.10.41
EZR 10:42,COPY_OR_MERGE,Ezra.10.42
EZR 10:43,COPY_OR_MERGE,Ezra.10.43
EZR 10:44,COPY_OR_MERGE,Ezra.10.44
GEN 1:1,COPY_OR_MERGE,Gen.1.1
GEN 1:2,COPY_OR_MERGE,Gen.1.2
GEN 1:3,COPY_OR_MERGE,Gen.1.3
GEN 1:4,COPY_OR_MERGE,Gen.1.4
GEN 1:5,COPY_OR_MERGE,Gen.1.5
GEN 1:6,COPY_OR_MERGE,Gen.1.6
GEN 1:7,COPY_OR_MERGE,Gen.1.7
GEN 1:8,COPY_OR_MERGE,Gen.1.8
GEN 1:9,COPY_OR_MERGE,Gen.1.9
GEN 1:10,COPY_OR_MERGE,Gen.1.10
GEN 1:11,COPY_OR_MERGE,Gen.1.11
GEN 1:12,COPY_OR_MERGE,Gen.1.12
GEN 1:13,COPY_OR_MERGE,Gen.1.13
GEN 1:14,COPY_OR_MERGE,Gen.1.14
GEN 1:15,COPY_OR_MERGE,Gen.1.15
GEN 1:16,COPY_OR_MERGE,Gen.1.16
GEN 1:17,COPY_OR_MERGE,Gen.1.17
GEN 1:18,COPY_OR_MERGE,Gen.1.18
GEN 1:19,COPY_OR_MERGE,Gen.1.19
GEN 1:20,COPY_OR_MERGE,Gen.1.20
GEN 1:21,COPY_OR_MERGE,Gen.1.21
GEN 1:22,COPY_OR_MERGE,Gen.1.22
GEN 1:23,COPY_OR_MERGE,Gen.1.23
GEN 1:24,COPY_OR_MERGE,Gen.1.24
GEN 1:25,COPY_OR_MERGE,Gen.1.25
GEN 1:26,COPY_OR_MERGE,Gen.1.26
GEN 1:27,COPY_OR_MERGE,Gen.1.27
GEN 1:28,COPY_OR_MERGE,Gen.1.28
GEN 1:29,COPY_OR_MERGE,Gen.1.29
GEN 1:30,COPY_OR_MERGE,Gen.1.30
GEN 1:31,COPY_OR_MERGE,Gen.1.31
GEN 2:1,COPY_OR_MERGE,Gen.2.1
GEN 2:2,COPY_OR_MERGE,Gen.2.2
GEN 2:3,COPY_OR_MERGE,Gen.2.3
GEN 2:4,COPY_OR_MERGE,Gen.2.4
GEN 2:5,COPY_OR_MERGE,Gen.2.5
GEN 2:6,COPY_OR_MERGE,Gen.2.6
GEN 2:7,COPY_OR_MERGE,Gen.2.7
GEN 2:8,COPY_OR_MERGE,Gen.2.8
GEN 2:9,COPY_OR_MERGE,Gen.2.9
GEN 2:10,COPY_OR_MERGE,Gen.2.10
GEN 2:11,COPY_OR_MERGE,Gen.2.11
GEN 2:12,COPY_OR_MERGE,Gen.2.12
GEN 2:13,COPY_OR_MERGE,Gen.2.13
GEN 2:14,COPY_OR_MERGE,Gen.2.14
GEN 2:15,COPY_OR_MERGE,Gen.2.15
GEN 2:16,COPY_OR_MERGE,Gen.2.16
GEN 2:17,COPY_OR_MERGE,Gen.2.17
GEN 2:18,COPY_OR_MERGE,Gen.2.18
GEN 2:19,COPY_OR_MERGE,Gen.2.19
GEN 2:20,COPY_OR_MERGE,Gen.2.20
GEN 2:21,COPY_OR_MERGE,Gen.2.21
GEN 2:22,COPY_OR_MERGE,Gen.2.22
GEN 2:23,COPY_OR_MERGE,Gen.2.23
GEN 2:24,COPY_OR_MERGE,Gen.2.24
GEN 2:25,COPY_OR_MERGE,Gen.2.25
GEN 3:1,COPY_OR_MERGE,Gen.3.1
GEN 3:2,COPY_OR_MERGE,Gen.3.2
GEN 3:3,COPY_OR_MERGE,Gen.3.3
GEN 3:4,COPY_OR_MERGE,Gen.3.4
GEN 3:5,COPY_OR_MERGE,Gen.3.5
GEN 3:6,COPY_OR_MERGE,Gen.3.6
GEN 3:7,COPY_OR_MERGE,Gen.3.7
GEN 3:8,COPY_OR_MERGE,Gen.3.8
GEN 3:9,COPY_OR_MERGE,Gen.3.9
GEN 3:10,COPY_OR_MERGE,Gen.3.10
GEN 3:11,COPY_OR_MERGE,Gen.3.11
GEN 3:12,COPY_OR_MERGE,Gen.3.12
GEN 3:13,COPY_OR_MERGE,Gen.3.13
GEN 3:14,COPY_OR_MERGE,Gen.3.14
GEN 3:15,COPY_OR_MERGE,Gen.3.15
GEN 3:16,COPY_OR_MERGE,Gen.3.16
GEN 3:17,COPY_OR_MERGE,Gen.3.17
GEN 3:18,COPY_OR_MERGE,Gen.3.18
GEN 3:19,COPY_OR_MERGE,Gen.3.19
GEN 3:20,COPY_OR_MERGE,Gen.3.20
GEN 3:21,COPY_OR_MERGE,Gen.3.21
GEN 3:22,COPY_OR_MERGE,Gen.3.22
GEN 3:23,COPY_OR_MERGE,Gen.3.23
GEN 3:24,COPY_OR_MERGE,Gen.3.24
GEN 4:1,COPY_OR_MERGE,Gen.4.1
GEN 4:2,COPY_OR_MERGE,Gen.4.2
GEN 4:3,COPY_OR_MERGE,Gen.4.3
GEN 4:4,COPY_OR_MERGE,Gen.4.4
GEN 4:5,COPY_OR_MERGE,Gen.4.5
GEN 4:6,COPY_OR_MERGE,Gen.4.6
GEN 4:7,COPY_OR_MERGE,Gen.4.7
GEN 4:8,COPY_OR_MERGE,Gen.4.8
GEN 4:9,COPY_OR_MERGE,Gen.4.9
GEN 4:10,COPY_OR_MERGE,Gen.4.10
GEN 4:11,COPY_OR_MERGE,Gen.4.11
GEN 4:12,COPY_OR_MERGE,Gen.4.12
GEN 4:13,COPY_OR_MERGE,Gen.4.13
GEN 4:14,COPY_OR_MERGE,Gen.4.14
GEN 4:15,COPY_OR_MERGE,Gen.4.15
GEN 4:16,COPY_OR_MERGE,Gen.4.16
GEN 4:17,COPY_OR_MERGE,Gen.4.17
GEN 4:18,COPY_OR_MERGE,Gen.4.18
GEN 4:19,COPY_OR_MERGE,Gen.4.19
GEN 4:20,COPY_OR_MERGE,Gen.4.20
GEN 4:21,COPY_OR_MERGE,Gen.4.21
GEN 4:22,COPY_OR_MERGE,Gen.4.22
GEN 4:23,COPY_OR_MERGE,Gen.4.23
GEN 4:24,COPY_OR_MERGE,Gen.4.24
GEN 4:25,COPY_OR_MERGE,Gen.4.25
GEN 4:26,COPY_OR_MERGE,Gen.4.26
GEN 5:1,COPY_OR_MERGE,Gen.5.1
GEN 5:2,COPY_OR_MERGE,Gen.5.2
GEN 5:3,COPY_OR_MERGE,Gen.5.3
GEN 5:4,COPY_OR_MERGE,Gen.5.4
GEN 5:5,COPY_OR_MERGE,Gen.5.5
GEN 5:6,COPY_OR_MERGE,Gen.5.6
GEN 5:7,COPY_OR_MERGE,Gen.5.7
GEN 5:8,COPY_OR_MERGE,Gen.5.8
GEN 5:9,COPY_OR_MERGE,Gen.5.9
GEN 5:10,COPY_OR_MERGE,Gen.5.10
GEN 5:11,COPY_OR_MERGE,Gen.5.11
GEN 5:12,COPY_OR_MERGE,Gen.5.12
GEN 5:13,COPY_OR_MERGE,Gen.5.13
GEN 5:14,COPY_OR_MERGE,Gen.5.14
GEN 5:15,COPY_OR_MERGE,Gen.5.15
GEN 5:16,COPY_OR_MERGE,Gen.5.16
GEN 5:17,COPY_OR_MERGE,Gen.5.17
GEN 5:18,COPY_OR_MERGE,Gen.5.18
GEN 5:19,COPY_OR_MERGE,Gen.5.19
GEN 5:20,COPY_OR_MERGE,Gen.5.20
GEN 5:21,COPY_OR_MERGE,Gen.5.21
GEN 5:22,COPY_OR_MERGE,Gen.5.22
GEN 5:23,COPY_OR_MERGE,Gen.5.23
GEN 5:24,COPY_OR_MERGE,Gen.5.24
GEN 5:25,COPY_OR_MERGE,Gen.5.25
GEN 5:26,COPY_OR_MERGE,Gen.5.26
GEN 5:27,COPY_OR_MERGE,Gen.5.27
GEN 5:28,COPY_OR_MERGE,Gen.5.28
GEN 5:29,COPY_OR_MERGE,Gen.5.29
GEN 5:30,COPY_OR_MERGE,Gen.5.30
GEN 5:31,COPY_OR_MERGE,Gen.5.31
GEN 5:32,COPY_OR_MERGE,Gen.5.32
GEN 6:1,COPY_OR_MERGE,Gen.6.1
GEN 6:2,COPY_OR_MERGE,Gen.6.2
GEN 6:3,COPY_OR_MERGE,Gen.6.3
GEN 6:4,COPY_OR_MERGE,Gen.6.4
GEN 6:5,COPY_OR_MERGE,Gen.6.5
GEN 6:6,COPY_OR_MERGE,Gen.6.6
GEN 6:7,COPY_OR_MERGE,Gen.6.7
GEN 6:8,COPY_OR_MERGE,Gen.6.8
GEN 6:9,COPY_OR_MERGE,Gen.6.9
GEN 6:10,COPY_OR_MERGE,Gen.6.10
GEN 6:11,COPY_OR_MERGE,Gen.6.11
GEN 6:12,COPY_OR_MERGE,Gen.6.12
GEN 6:13,COPY_OR_MERGE,Gen.6.13
GEN 6:14,COPY_OR_MERGE,Gen.6.14
GEN 6:15,COPY_OR_MERGE,Gen.6.15
GEN 6:16,COPY_OR_MERGE,Gen.6.16
GEN 6:17,COPY_OR_MERGE,Gen.6.17
GEN 6:18,COPY_OR_MERGE,Gen.6.18
GEN 6:19,COPY_OR_MERGE,Gen.6.19
GEN 6:20,COPY_OR_MERGE,Gen.6.20
GEN 6:21,COPY_OR_MERGE,Gen.6.21
GEN 6:22,COPY_OR_MERGE,Gen.6.22
GEN 7:1,COPY_OR_MERGE,Gen.7.1
GEN 7:2,COPY_OR_MERGE,Gen.7.2
GEN 7:3,COPY_OR_MERGE,Gen.7.3
GEN 7:4,COPY_OR_MERGE,Gen.7.4
GEN 7:5,COPY_OR_MERGE,Gen.7.5
GEN 7:6,COPY_OR_MERGE,Gen.7.6
GEN 7:7,COPY_OR_MERGE,Gen.7.7
GEN 7:8,COPY_OR_MERGE,Gen.7.8
GEN 7:9,COPY_OR_MERGE,Gen.7.9
GEN 7:10,COPY_OR_MERGE,Gen.7.10
GEN 7:11,COPY_OR_MERGE,Gen.7.11
GEN 7:12,COPY_OR_MERGE,Gen.7.12
GEN 7:13,COPY_OR_MERGE,Gen.7.13
GEN 7:14,COPY_OR_MERGE,Gen.7.14
GEN 7:15,COPY_OR_MERGE,Gen.7.15
GEN 7:16,COPY_OR_MERGE,Gen.7.16
GEN 7:17,COPY_OR_MERGE,Gen.7.17
GEN 7:18,COPY_OR_MERGE,Gen.7.18
GEN 7:19,COPY_OR_MERGE,Gen.7.19
GEN 7:20,COPY_OR_MERGE,Gen.7.20
GEN 7:21,COPY_OR_MERGE,Gen.7.21
GEN 7:22,COPY_OR_MERGE,Gen.7.22
GEN 7:23,COPY_OR_MERGE,Gen.7.23
GEN 7:24,COPY_OR_MERGE,Gen.7.24
GEN 8:1,COPY_OR_MERGE,Gen.8.1
GEN 8:2,COPY_OR_MERGE,Gen.8.2
GEN 8:3,COPY_OR_MERGE,Gen.8.3
GEN 8:4,COPY_OR_MERGE,Gen.8.4
GEN 8:5,COPY_OR_MERGE,Gen.8.5
GEN 8:6,COPY_OR_MERGE,Gen.8.6
GEN 8:7,COPY_OR_MERGE,Gen.8.7
GEN 8:8,COPY_OR_MERGE,Gen.8.8
GEN 8:9,COPY_OR_MERGE,Gen.8.9
GEN 8:10,COPY_OR_MERGE,Gen.8.10
GEN 8:11,COPY_OR_MERGE,Gen.8.11
GEN 8:12,COPY_OR_MERGE,Gen.8.12
GEN 8:13,COPY_OR_MERGE,Gen.8.13
GEN 8:14,COPY_OR_MERGE,Gen.8.14
GEN 8:15,COPY_OR_MERGE,Gen.8.15
GEN 8:16,COPY_OR_MERGE,Gen.8.16
GEN 8:17,COPY_OR_MERGE,Gen.8.17
GEN 8:18,COPY_OR_MERGE,Gen.8.18
GEN 8:19,COPY_OR_MERGE,Gen.8.19
GEN 8:20,COPY_OR_MERGE,Gen.8.20
GEN 8:21,COPY_OR_MERGE,Gen.8.21
GEN 8:22,COPY_OR_MERGE,Gen.8.22
GEN 9:1,COPY_OR_MERGE,Gen.9.1
GEN 9:2,COPY_OR_MERGE,Gen.9.2
GEN 9:3,COPY_OR_MERGE,Gen.9.3
GEN 9:4,COPY_OR_MERGE,Gen.9.4
GEN 9:5,COPY_OR_MERGE,Gen.9.5
GEN 9:6,COPY_OR_MERGE,Gen.9.6
GEN 9:7,COPY_OR_MERGE,Gen.9.7
GEN 9:8,COPY_OR_MERGE,Gen.9.8
GEN 9:9,COPY_OR_MERGE,Gen.9.9
GEN 9:10,COPY_OR_MERGE,Gen.9.10
GEN 9:11,COPY_OR_MERGE,Gen.9.11
GEN 9:12,COPY_OR_MERGE,Gen.9.12
GEN 9:13,COPY_OR_MERGE,Gen.9.13
GEN 9:14,COPY_OR_MERGE,Gen.9.14
GEN 9:15,COPY_OR_MERGE,Gen.9.15
GEN 9:16,COPY_OR_MERGE,Gen.9.16
GEN 9:17,COPY_OR_MERGE,Gen.9.17
GEN 9:18,COPY_OR_MERGE,Gen.9.18
GEN 9:19,COPY_OR_MERGE,Gen.9.19
GEN 9:20,COPY_OR_MERGE,Gen.9.20
GEN 9:21,COPY_OR_MERGE,Gen.9.21
GEN 9:22,COPY_OR_MERGE,Gen.9.22
GEN 9:23,COPY_OR_MERGE,Gen.9.23
GEN 9:24,COPY_OR_MERGE,Gen.9.24
GEN 9:25,COPY_OR_MERGE,Gen.9.25
GEN 9:26,COPY_OR_MERGE,Gen.9.26
GEN 9:27,COPY_OR_MERGE,Gen.9.27
GEN 9:28,COPY_OR_MERGE,Gen.9.28
GEN 9:29,COPY_OR_MERGE,Gen.9.29
GEN 10:1,COPY_OR_MERGE,Gen.10.1
GEN 10:2,COPY_OR_MERGE,Gen.10.2
GEN 10:3,COPY_OR_MERGE,Gen.10.3
GEN 10:4,COPY_OR_MERGE,Gen.10.4
GEN 10:5,COPY_OR_MERGE,Gen.10.5
GEN 10:6,COPY_OR_MERGE,Gen.10.6
GEN 10:7,COPY_OR_MERGE,Gen.10.7
GEN 10:8,COPY_OR_MERGE,Gen.10.8
GEN 10:9,COPY_OR_MERGE,Gen.10.9
GEN 10:10,COPY_OR_MERGE,Gen.10.10
GEN 10:11,COPY_OR_MERGE,Gen.10.11
GEN 10:12,COPY_OR_MERGE,Gen.10.12
GEN 10:13,COPY_OR_MERGE,Gen.10.13
GEN 10:14,COPY_OR_MERGE,Gen.10.14
GEN 10:15,COPY_OR_MERGE,Gen.10.15
GEN 10:16,COPY_OR_MERGE,Gen.10.16
GEN 10:17,COPY_OR_MERGE,Gen.10.17
GEN 10:18,COPY_OR_MERGE,Gen.10.18
GEN 10:19,COPY_OR_MERGE,Gen.10.19
GEN 10:20,COPY_OR_MERGE,Gen.10.20
GEN 10:21,COPY_OR_MERGE,Gen.10.21
GEN 10:22,COPY_OR_MERGE,Gen.10.22
GEN 10:23,COPY_OR_MERGE,Gen.10.23
GEN 10:24,COPY_OR_MERGE,Gen.10.24
GEN 10:25,COPY_OR_MERGE,Gen.10.25
GEN 10:26,COPY_OR_MERGE,Gen.10.26
GEN 10:27,COPY_OR_MERGE,Gen.10.27
GEN 10:28,COPY_OR_MERGE,Gen.10.28
GEN 10:29,COPY_OR_MERGE,Gen.10.29
GEN 10:30,COPY_OR_MERGE,Gen.10.30
GEN 10:31,COPY_OR_MERGE,Gen.10.31
GEN 10:32,COPY_OR_MERGE,Gen.10.32
GEN 11:1,COPY_OR_MERGE,Gen.11.1
GEN 11:2,COPY_OR_MERGE,Gen.11.2
GEN 11:3,COPY_OR_MERGE,Gen.11.3
GEN 11:4,COPY_OR_MERGE,Gen.11.4
GEN 11:5,COPY_OR_MERGE,Gen.11.5
GEN 11:6,COPY_OR_MERGE,Gen.11.6
GEN 11:7,COPY_OR_MERGE,Gen.11.7
GEN 11:8,COPY_OR_MERGE,Gen.11.8
GEN 11:9,COPY_OR_MERGE,Gen.11.9
GEN 11:10,COPY_OR_MERGE,Gen.11.10
GEN 11:11,COPY_OR_MERGE,Gen.11.11
GEN 11:12,COPY_OR_MERGE,Gen.11.12
GEN 11:13,COPY_OR_MERGE,Gen.11.13
GEN 11:14,COPY_OR_MERGE,Gen.11.14
GEN 11:15,COPY_OR_MERGE,Gen.11.15
GEN 11:16,COPY_OR_MERGE,Gen.11.16
GEN 11:17,COPY_OR_MERGE,Gen.11.17
GEN 11:18,COPY_OR_MERGE,Gen.11.18
GEN 11:19,COPY_OR_MERGE,Gen.11.19
GEN 11:20,COPY_OR_MERGE,Gen.11.20
GEN 11:21,COPY_OR_MERGE,Gen.11.21
GEN 11:22,COPY_OR_MERGE,Gen.11.22
GEN 11:23,COPY_OR_MERGE,Gen.11.23
GEN 11:24,COPY_OR_MERGE,Gen.11.24
GEN 11:25,COPY_OR_MERGE,Gen.11.25
GEN 11:26,COPY_OR_MERGE,Gen.11.26
GEN 11:27,COPY_OR_MERGE,Gen.11.27
GEN 11:28,COPY_OR_MERGE,Gen.11.28
GEN 11:29,COPY_OR_MERGE,Gen.11.29
GEN 11:30,COPY_OR_MERGE,Gen.11.30
GEN 11:31,COPY_OR_MERGE,Gen.11.31
GEN 11:32,COPY_OR_MERGE,Gen.11.32
GEN 12:1,COPY_OR_MERGE,Gen.12.1
GEN 12:2,COPY_OR_MERGE,Gen.12.2
GEN 12:3,COPY_OR_MERGE,Gen.12.3
GEN 12:4,COPY_OR_MERGE,Gen.12.4
GEN 12:5,COPY_OR_MERGE,Gen.12.5
GEN 12:6,COPY_OR_MERGE,Gen.12.6
GEN 12:7,COPY_OR_MERGE,Gen.12.7
GEN 12:8,COPY_OR_MERGE,Gen.12.8
GEN 12:9,COPY_OR_MERGE,Gen.12.9
GEN 12:10,COPY_OR_MERGE,Gen.12.10
GEN 12:11,COPY_OR_MERGE,Gen.12.11
GEN 12:12,COPY_OR_MERGE,Gen.12.12
GEN 12:13,COPY_OR_MERGE,Gen.12.13
GEN 12:14,COPY_OR_MERGE,Gen.12.14
GEN 12:15,COPY_OR_MERGE,Gen.12.15
GEN 12:16,COPY_OR_MERGE,Gen.12.16
GEN 12:17,COPY_OR_MERGE,Gen.12.17
GEN 12:18,COPY_OR_MERGE,Gen.12.18
GEN 12:19,COPY_OR_MERGE,Gen.12.19
GEN 12:20,COPY_OR_MERGE,Gen.12.20
GEN 13:1,COPY_OR_MERGE,Gen.13.1
GEN 13:2,COPY_OR_MERGE,Gen.13.2
GEN 13:3,COPY_OR_MERGE,Gen.13.3
GEN 13:4,COPY_OR_MERGE,Gen.13.4
GEN 13:5,COPY_OR_MERGE,Gen.13.5
GEN 13:6,COPY_OR_MERGE,Gen.13.6
GEN 13:7,COPY_OR_MERGE,Gen.13.7
GEN 13:8,COPY_OR_MERGE,Gen.13.8
GEN 13:9,COPY_OR_MERGE,Gen.13.9
GEN 13:10,COPY_OR_MERGE,Gen.13.10
GEN 13:11,COPY_OR_MERGE,Gen.13.11
GEN 13:12,COPY_OR_MERGE,Gen.13.12
GEN 13:13,COPY_OR_MERGE,Gen.13.13
GEN 13:14,COPY_OR_MERGE,Gen.13.14
GEN 13:15,COPY_OR_MERGE,Gen.13.15
GEN 13:16,COPY_OR_MERGE,Gen.13.16
GEN 13:17,COPY_OR_MERGE,Gen.13.17
GEN 13:18,COPY_OR_MERGE,Gen.13.18
GEN 14:1,COPY_OR_MERGE,Gen.14.1
GEN 14:2,COPY_OR_MERGE,Gen.14.2
GEN 14:3,COPY_OR_MERGE,Gen.14.3
GEN 14:4,COPY_OR_MERGE,Gen.14.4
GEN 14:5,COPY_OR_MERGE,Gen.14.5
GEN 14:6,COPY_OR_MERGE,Gen.14.6
GEN 14:7,COPY_OR_MERGE,Gen.14.7
GEN 14:8,COPY_OR_MERGE,Gen.14.8
GEN 14:9,COPY_OR_MERGE,Gen.14.9
GEN 14:10,COPY_OR_MERGE,Gen.14.10
GEN 14:11,COPY_OR_MERGE,Gen.14.11
GEN 14:12,COPY_OR_MERGE,Gen.14.12
GEN 14:13,COPY_OR_MERGE,Gen.14.13
GEN 14:14,COPY_OR_MERGE,Gen.14.14
GEN 14:15,COPY_OR_MERGE,Gen.14.15
GEN 14:16,COPY_OR_MERGE,Gen.14.16
GEN 14:17,COPY_OR_MERGE,Gen.14.17
GEN 14:18,COPY_OR_MERGE,Gen.14.18
GEN 14:19,COPY_OR_MERGE,Gen.14.19
GEN 14:20,COPY_OR_MERGE,Gen.14.20
GEN 14:21,COPY_OR_MERGE,Gen.14.21
GEN 14:22,COPY_OR_MERGE,Gen.14.22
GEN 14:23,COPY_OR_MERGE,Gen.14.23
GEN 14:24,COPY_OR_MERGE,Gen.14.24
GEN 15:1,COPY_OR_MERGE,Gen.15.1
GEN 15:2,COPY_OR_MERGE,Gen.15.2
GEN 15:3,COPY_OR_MERGE,Gen.15.3
GEN 15:4,COPY_OR_MERGE,Gen.15.4
GEN 15:5,COPY_OR_MERGE,Gen.15.5
GEN 15:6,COPY_OR_MERGE,Gen.15.6
GEN 15:7,COPY_OR_MERGE,Gen.15.7
GEN 15:8,COPY_OR_MERGE,Gen.15.8
GEN 15:9,COPY_OR_MERGE,Gen.15.9
GEN 15:10,COPY_OR_MERGE,Gen.15.10
GEN 15:11,COPY_OR_MERGE,Gen.15.11
GEN 15:12,COPY_OR_MERGE,Gen.15.12
GEN 15:13,COPY_OR_MERGE,Gen.15.13
GEN 15:14,COPY_OR_MERGE,Gen.15.14
GEN 15:15,COPY_OR_MERGE,Gen.15.15
GEN 15:16,COPY_OR_MERGE,Gen.15.16
GEN 15:17,COPY_OR_MERGE,Gen.15.17
GEN 15:18,COPY_OR_MERGE,Gen.15.18
GEN 15:19,COPY_OR_MERGE,Gen.15.19
GEN 15:20,COPY_OR_MERGE,Gen.15.20
GEN 15:21,COPY_OR_MERGE,Gen.15.21
GEN 16:1,COPY_OR_MERGE,Gen.16.1
GEN 16:2,COPY_OR_MERGE,Gen.16.2
GEN 16:3,COPY_OR_MERGE,Gen.16.3
GEN 16:4,COPY_OR_MERGE,Gen.16.4
GEN 16:5,COPY_OR_MERGE,Gen.16.5
GEN 16:6,COPY_OR_MERGE,Gen.16.6
GEN 16:7,COPY_OR_MERGE,Gen.16.7
GEN 16:8,COPY_OR_MERGE,Gen.16.8
GEN 16:9,COPY_OR_MERGE,Gen.16.9
GEN 16:10,COPY_OR_MERGE,Gen.16.10
GEN 16:11,COPY_OR_MERGE,Gen.16.11
GEN 16:12,COPY_OR_MERGE,Gen.16.12
GEN 16:13,COPY_OR_MERGE,Gen.16.13
GEN 16:14,COPY_OR_MERGE,Gen.16.14
GEN 16:15,COPY_OR_MERGE,Gen.16.15
GEN 16:16,COPY_OR_MERGE,Gen.16.16
GEN 17:1,COPY_OR_MERGE,Gen.17.1
GEN 17:2,COPY_OR_MERGE,Gen.17.2
GEN 17:3,COPY_OR_MERGE,Gen.17.3
GEN 17:4,COPY_OR_MERGE,Gen.17.4
GEN 17:5,COPY_OR_MERGE,Gen.17.5
GEN 17:6,COPY_OR_MERGE,Gen.17.6
GEN 17:7,COPY_OR_MERGE,Gen.17.7
GEN 17:8,COPY_OR_MERGE,Gen.17.8
GEN 17:9,COPY_OR_MERGE,Gen.17.9
GEN 17:10,COPY_OR_MERGE,Gen.17.10
GEN 17:11,COPY_OR_MERGE,Gen.17.11
GEN 17:12,COPY_OR_MERGE,Gen.17.12
GEN 17:13,COPY_OR_MERGE,Gen.17.13
GEN 17:14,COPY_OR_MERGE,Gen.17.14
GEN 17:15,COPY_OR_MERGE,Gen.17.15
GEN 17:16,COPY_OR_MERGE,Gen.17.16
GEN 17:17,COPY_OR_MERGE,Gen.17.17
GEN 17:18,COPY_OR_MERGE,Gen.17.18
GEN 17:19,COPY_OR_MERGE,Gen.17.19
GEN 17:20,COPY_OR_MERGE,Gen.17.20
GEN 17:21,COPY_OR_MERGE,Gen.17.21
GEN 17:22,COPY_OR_MERGE,Gen.17.22
GEN 17:23,COPY_OR_MERGE,Gen.17.23
GEN 17:24,COPY_OR_MERGE,Gen.17.24
GEN 17:25,COPY_OR_MERGE,Gen.17.25
GEN 17:26,COPY_OR_MERGE,Gen.17.26
GEN 17:27,COPY_OR_MERGE,Gen.17.27
GEN 18:1,COPY_OR_MERGE,Gen.18.1
GEN 18:2,COPY_OR_MERGE,Gen.18.2
GEN 18:3,COPY_OR_MERGE,Gen.18.3
GEN 18:4,COPY_OR_MERGE,Gen.18.4
GEN 18:5,COPY_OR_MERGE,Gen.18.5
GEN 18:6,COPY_OR_MERGE,Gen.18.6
GEN 18:7,COPY_OR_MERGE,Gen.18.7
GEN 18:8,COPY_OR_MERGE,Gen.18.8
GEN 18:9,COPY_OR_MERGE,Gen.18.9
GEN 18:10,COPY_OR_MERGE,Gen.18.10
GEN 18:11,COPY_OR_MERGE,Gen.18.11
GEN 18:12,COPY_OR_MERGE,Gen.18.12
GEN 18:13,COPY_OR_MERGE,Gen.18.13
GEN 18:14,COPY_OR_MERGE,Gen.18.14
GEN 18:15,COPY_OR_MERGE,Gen.18.15
GEN 18:16,COPY_OR_MERGE,Gen.18.16
GEN 18:17,COPY_OR_MERGE,Gen.18.17
GEN 18:18,COPY_OR_MERGE,Gen.18.18
GEN 18:19,COPY_OR_MERGE,Gen.18.19
GEN 18:20,COPY_OR_MERGE,Gen.18.20
GEN 18:21,COPY_OR_MERGE,Gen.18.21
GEN 18:22,COPY_OR_MERGE,Gen.18.22
GEN 18:23,COPY_OR_MERGE,Gen.18.23
GEN 18:24,COPY_OR_MERGE,Gen.18.24
GEN 18:25,COPY_OR_MERGE,Gen.18.25
GEN 18:26,COPY_OR_MERGE,Gen.18.26
GEN 18:27,COPY_OR_MERGE,Gen.18.27
GEN 18:28,COPY_OR_MERGE,Gen.18.28
GEN 18:29,COPY_OR_MERGE,Gen.18.29
GEN 18:30,COPY_OR_MERGE,Gen.18.30
GEN 18:31,COPY_OR_MERGE,Gen.18.31
GEN 18:32,COPY_OR_MERGE,Gen.18.32
GEN 18:33,COPY_OR_MERGE,Gen.18.33
GEN 19:1,COPY_OR_MERGE,Gen.19.1
GEN 19:2,COPY_OR_MERGE,Gen.19.2
GEN 19:3,COPY_OR_MERGE,Gen.19.3
GEN 19:4,COPY_OR_MERGE,Gen.19.4
GEN 19:5,COPY_OR_MERGE,Gen.19.5
GEN 19:6,COPY_OR_MERGE,Gen.19.6
GEN 19:7,COPY_OR_MERGE,Gen.19.7
GEN 19:8,COPY_OR_MERGE,Gen.19.8
GEN 19:9,COPY_OR_MERGE,Gen.19.9
GEN 19:10,COPY_OR_MERGE,Gen.19.10
GEN 19:11,COPY_OR_MERGE,Gen.19.11
GEN 19:12,COPY_OR_MERGE,Gen.19.12
GEN 19:13,COPY_OR_MERGE,Gen.19.13
GEN 19:14,COPY_OR_MERGE,Gen.19.14
GEN 19:15,COPY_OR_MERGE,Gen.19.15
GEN 19:16,COPY_OR_MERGE,Gen.19.16
GEN 19:17,COPY_OR_MERGE,Gen.19.17
GEN 19:18,COPY_OR_MERGE,Gen.19.18
GEN 19:19,COPY_OR_MERGE,Gen.19.19
GEN 19:20,COPY_OR_MERGE,Gen.19.20
GEN 19:21,COPY_OR_MERGE,Gen.19.21
GEN 19:22,COPY_OR_MERGE,Gen.19.22
GEN 19:23,COPY_OR_MERGE,Gen.19.23
GEN 19:24,COPY_OR_MERGE,Gen.19.24
GEN 19:25,COPY_OR_MERGE,Gen.19.25
GEN 19:26,COPY_OR_MERGE,Gen.19.26
GEN 19:27,COPY_OR_MERGE,Gen.19.27
GEN 19:28,COPY_OR_MERGE,Gen.19.28
GEN 19:29,COPY_OR_MERGE,Gen.19.29
GEN 19:30,COPY_OR_MERGE,Gen.19.30
GEN 19:31,COPY_OR_MERGE,Gen.19.31
GEN 19:32,COPY_OR_MERGE,Gen.19.32
GEN 19:33,COPY_OR_MERGE,Gen.19.33
GEN 19:34,COPY_OR_MERGE,Gen.19.34
GEN 19:35,COPY_OR_MERGE,Gen.19.35
GEN 19:36,COPY_OR_MERGE,Gen.19.36
GEN 19:37,COPY_OR_MERGE,Gen.19.37
GEN 19:38,COPY_OR_MERGE,Gen.19.38
GEN 20:1,COPY_OR_MERGE,Gen.20.1
GEN 20:2,COPY_OR_MERGE,Gen.20.2
GEN 20:3,COPY_OR_MERGE,Gen.20.3
GEN 20:4,COPY_OR_MERGE,Gen.20.4
GEN 20:5,COPY_OR_MERGE,Gen.20.5
GEN 20:6,COPY_OR_MERGE,Gen.20.6
GEN 20:7,COPY_OR_MERGE,Gen.20.7
GEN 20:8,COPY_OR_MERGE,Gen.20.8
GEN 20:9,COPY_OR_MERGE,Gen.20.9
GEN 20:10,COPY_OR_MERGE,Gen.20.10
GEN 20:11,COPY_OR_MERGE,Gen.20.11
GEN 20:12,COPY_OR_MERGE,Gen.20.12
GEN 20:13,COPY_OR_MERGE,Gen.20.13
GEN 20:14,COPY_OR_MERGE,Gen.20.14
GEN 20:15,COPY_OR_MERGE,Gen.20.15
GEN 20:16,COPY_OR_MERGE,Gen.20.16
GEN 20:17,COPY_OR_MERGE,Gen.20.17
GEN 20:18,COPY_OR_MERGE,Gen.20.18
GEN 21:1,COPY_OR_MERGE,Gen.21.1
GEN 21:2,COPY_OR_MERGE,Gen.21.2
GEN 21:3,COPY_OR_MERGE,Gen.21.3
GEN 21:4,COPY_OR_MERGE,Gen.21.4
GEN 21:5,COPY_OR_MERGE,Gen.21.5
GEN 21:6,COPY_OR_MERGE,Gen.21.6
GEN 21:7,COPY_OR_MERGE,Gen.21.7
GEN 21:8,COPY_OR_MERGE,Gen.21.8
GEN 21:9,COPY_OR_MERGE,Gen.21.9
GEN 21:10,COPY_OR_MERGE,Gen.21.10
GEN 21:11,COPY_OR_MERGE,Gen.21.11
GEN 21:12,COPY_OR_MERGE,Gen.21.12
GEN 21:13,COPY_OR_MERGE,Gen.21.13
GEN 21:14,COPY_OR_MERGE,Gen.21.14
GEN 21:15,COPY_OR_MERGE,Gen.21.15
GEN 21:16,COPY_OR_MERGE,Gen.21.16
GEN 21:17,COPY_OR_MERGE,Gen.21.17
GEN 21:18,COPY_OR_MERGE,Gen.21.18
GEN 21:19,COPY_OR_MERGE,Gen.21.19
GEN 21:20,COPY_OR_MERGE,Gen.21.20
GEN 21:21,COPY_OR_MERGE,Gen.21.21
GEN 21:22,COPY_OR_MERGE,Gen.21.22
GEN 21:23,COPY_OR_MERGE,Gen.21.23
GEN 21:24,COPY_OR_MERGE,Gen.21.24
GEN 21:25,COPY_OR_MERGE,Gen.21.25
GEN 21:26,COPY_OR_MERGE,Gen.21.26
GEN 21:27,COPY_OR_MERGE,Gen.21.27
GEN 21:28,COPY_OR_MERGE,Gen.21.28
GEN 21:29,COPY_OR_MERGE,Gen.21.29
GEN 21:30,COPY_OR_MERGE,Gen.21.30
GEN 21:31,COPY_OR_MERGE,Gen.21.31
GEN 21:32,COPY_OR_MERGE,Gen.21.32
GEN 21:33,COPY_OR_MERGE,Gen.21.33
GEN 21:34,COPY_OR_MERGE,Gen.21.34
GEN 22:1,COPY_OR_MERGE,Gen.22.1
GEN 22:2,COPY_OR_MERGE,Gen.22.2
GEN 22:3,COPY_OR_MERGE,Gen.22.3
GEN 22:4,COPY_OR_MERGE,Gen.22.4
GEN 22:5,COPY_OR_MERGE,Gen.22.5
GEN 22:6,COPY_OR_MERGE,Gen.22.6
GEN 22:7,COPY_OR_MERGE,Gen.22.7
GEN 22:8,COPY_OR_MERGE,Gen.22.8
GEN 22:9,COPY_OR_MERGE,Gen.22.9
GEN 22:10,COPY_OR_MERGE,Gen.22.10
GEN 22:11,COPY_OR_MERGE,Gen.22.11
GEN 22:12,COPY_OR_MERGE,Gen.22.12
GEN 22:13,COPY_OR_MERGE,Gen.22.13
GEN 22:14,COPY_OR_MERGE,Gen.22.14
GEN 22:15,COPY_OR_MERGE,Gen.22.15
GEN 22:16,COPY_OR_MERGE,Gen.22.16
GEN 22:17,COPY_OR_MERGE,Gen.22.17
GEN 22:18,COPY_OR_MERGE,Gen.22.18
GEN 22:19,COPY_OR_MERGE,Gen.22.19
GEN 22:20,COPY_OR_MERGE,Gen.22.20
GEN 22:21,COPY_OR_MERGE,Gen.22.21
GEN 22:22,COPY_OR_MERGE,Gen.22.22
GEN 22:23,COPY_OR_MERGE,Gen.22.23
GEN 22:24,COPY_OR_MERGE,Gen.22.24
GEN 23:1,COPY_OR_MERGE,Gen.23.1
GEN 23:2,COPY_OR_MERGE,Gen.23.2
GEN 23:3,COPY_OR_MERGE,Gen.23.3
GEN 23:4,COPY_OR_MERGE,Gen.23.4
GEN 23:5,COPY_OR_MERGE,Gen.23.5
GEN 23:6,COPY_OR_MERGE,Gen.23.6
GEN 23:7,COPY_OR_MERGE,Gen.23.7
GEN 23:8,COPY_OR_MERGE,Gen.23.8
GEN 23:9,COPY_OR_MERGE,Gen.23.9
GEN 23:10,COPY_OR_MERGE,Gen.23.10
GEN 23:11,COPY_OR_MERGE,Gen.23.11
GEN 23:12,COPY_OR_MERGE,Gen.23.12
GEN 23:13,COPY_OR_MERGE,Gen.23.13
GEN 23:14,COPY_OR_MERGE,Gen.23.14
GEN 23:15,COPY_OR_MERGE,Gen.23.15
GEN 23:16,COPY_OR_MERGE,Gen.23.16
GEN 23:17,COPY_OR_MERGE,Gen.23.17
GEN 23:18,COPY_OR_MERGE,Gen.23.18
GEN 23:19,COPY_OR_MERGE,Gen.23.19
GEN 23:20,COPY_OR_MERGE,Gen.23.20
GEN 24:1,COPY_OR_MERGE,Gen.24.1
GEN 24:2,COPY_OR_MERGE,Gen.24.2
GEN 24:3,COPY_OR_MERGE,Gen.24.3
GEN 24:4,COPY_OR_MERGE,Gen.24.4
GEN 24:5,COPY_OR_MERGE,Gen.24.5
GEN 24:6,COPY_OR_MERGE,Gen.24.6
GEN 24:7,COPY_OR_MERGE,Gen.24.7
GEN 24:8,COPY_OR_MERGE,Gen.24.8
GEN 24:9,COPY_OR_MERGE,Gen.24.9
GEN 24:10,COPY_OR_MERGE,Gen.24.10
GEN 24:11,COPY_OR_MERGE,Gen.24.11
GEN 24:12,COPY_OR_MERGE,Gen.24.12
GEN 24:13,COPY_OR_MERGE,Gen.24.13
GEN 24:14,COPY_OR_MERGE,Gen.24.14
GEN 24:15,COPY_OR_MERGE,Gen.24.15
GEN 24:16,COPY_OR_MERGE,Gen.24.16
GEN 24:17,COPY_OR_MERGE,Gen.24.17
GEN 24:18,COPY_OR_MERGE,Gen.24.18
GEN 24:19,COPY_OR_MERGE,Gen.24.19
GEN 24:20,COPY_OR_MERGE,Gen.24.20
GEN 24:21,COPY_OR_MERGE,Gen.24.21
GEN 24:22,COPY_OR_MERGE,Gen.24.22
GEN 24:23,COPY_OR_MERGE,Gen.24.23
GEN 24:24,COPY_OR_MERGE,Gen.24.24
GEN 24:25,COPY_OR_MERGE,Gen.24.25
GEN 24:26,COPY_OR_MERGE,Gen.24.26
GEN 24:27,COPY_OR_MERGE,Gen.24.27
GEN 24:28,COPY_OR_MERGE,Gen.24.28
GEN 24:29,COPY_OR_MERGE,Gen.24.29
GEN 24:30,COPY_OR_MERGE,Gen.24.30
GEN 24:31,COPY_OR_MERGE,Gen.24.31
GEN 24:32,COPY_OR_MERGE,Gen.24.32
GEN 24:33,COPY_OR_MERGE,Gen.24.33
GEN 24:34,COPY_OR_MERGE,Gen.24.34
GEN 24:35,COPY_OR_MERGE,Gen.24.35
GEN 24:36,COPY_OR_MERGE,Gen.24.36
GEN 24:37,COPY_OR_MERGE,Gen.24.37
GEN 24:38,COPY_OR_MERGE,Gen.24.38
GEN 24:39,COPY_OR_MERGE,Gen.24.39
GEN 24:40,COPY_OR_MERGE,Gen.24.40
GEN 24:41,COPY_OR_MERGE,Gen.24.41
GEN 24:42,COPY_OR_MERGE,Gen.24.42
GEN 24:43,COPY_OR_MERGE,Gen.24.43
GEN 24:44,COPY_OR_MERGE,Gen.24.44
GEN 24:45,COPY_OR_MERGE,Gen.24.45
GEN 24:46,COPY_OR_MERGE,Gen.24.46
GEN 24:47,COPY_OR_MERGE,Gen.24.47
GEN 24:48,COPY_OR_MERGE,Gen.24.48
GEN 24:49,COPY_OR_MERGE,Gen.24.49
GEN 24:50,COPY_OR_MERGE,Gen.24.50
GEN 24:51,COPY_OR_MERGE,Gen.24.51
GEN 24:52,COPY_OR_MERGE,Gen.24.52
GEN 24:53,COPY_OR_MERGE,Gen.24.53
GEN 24:54,COPY_OR_MERGE,Gen.24.54
GEN 24:55,COPY_OR_MERGE,Gen.24.55
GEN 24:56,COPY_OR_MERGE,Gen.24.56
GEN 24:57,COPY_OR_MERGE,Gen.24.57
GEN 24:58,COPY_OR_MERGE,Gen.24.58
GEN 24:59,COPY_OR_MERGE,Gen.24.59
GEN 24:60,COPY_OR_MERGE,Gen.24.60
GEN 24:61,COPY_OR_MERGE,Gen.24.61
GEN 24:62,COPY_OR_MERGE,Gen.24.62
GEN 24:63,COPY_OR_MERGE,Gen.24.63
GEN 24:64,COPY_OR_MERGE,Gen.24.64
GEN 24:65,COPY_OR_MERGE,Gen.24.65
GEN 24:66,COPY_OR_MERGE,Gen.24.66
GEN 24:67,COPY_OR_MERGE,Gen.24.67
GEN 25:1,COPY_OR_MERGE,Gen.25.1
GEN 25:2,COPY_OR_MERGE,Gen.25.2
GEN 25:3,COPY_OR_MERGE,Gen.25.3
GEN 25:4,COPY_OR_MERGE,Gen.25.4
GEN 25:5,COPY_OR_MERGE,Gen.25.5
GEN 25:6,COPY_OR_MERGE,Gen.25.6
GEN 25:7,COPY_OR_MERGE,Gen.25.7
GEN 25:8,COPY_OR_MERGE,Gen.25.8
GEN 25:9,COPY_OR_MERGE,Gen.25.9
GEN 25:10,COPY_OR_MERGE,Gen.25.10
GEN 25:11,COPY_OR_MERGE,Gen.25.11
GEN 25:12,COPY_OR_MERGE,Gen.25.12
GEN 25:13,COPY_OR_MERGE,Gen.25.13
GEN 25:14,COPY_OR_MERGE,Gen.25.14
GEN 25:15,COPY_OR_MERGE,Gen.25.15
GEN 25:16,COPY_OR_MERGE,Gen.25.16
GEN 25:17,COPY_OR_MERGE,Gen.25.17
GEN 25:18,COPY_OR_MERGE,Gen.25.18
GEN 25:19,COPY_OR_MERGE,Gen.25.19
GEN 25:20,COPY_OR_MERGE,Gen.25.20
GEN 25:21,COPY_OR_MERGE,Gen.25.21
GEN 25:22,COPY_OR_MERGE,Gen.25.22
GEN 25:23,COPY_OR_MERGE,Gen.25.23
GEN 25:24,COPY_OR_MERGE,Gen.25.24
GEN 25:25,COPY_OR_MERGE,Gen.25.25
GEN 25:26,COPY_OR_MERGE,Gen.25.26
GEN 25:27,COPY_OR_MERGE,Gen.25.27
GEN 25:28,COPY_OR_MERGE,Gen.25.28
GEN 25:29,COPY_OR_MERGE,Gen.25.29
GEN 25:30,COPY_OR_MERGE,Gen.25.30
GEN 25:31,COPY_OR_MERGE,Gen.25.31
GEN 25:32,COPY_OR_MERGE,Gen.25.32
GEN 25:33,COPY_OR_MERGE,Gen.25.33
GEN 25:34,COPY_OR_MERGE,Gen.25.34
GEN 26:1,COPY_OR_MERGE,Gen.26.1
GEN 26:2,COPY_OR_MERGE,Gen.26.2
GEN 26:3,COPY_OR_MERGE,Gen.26.3
GEN 26:4,COPY_OR_MERGE,Gen.26.4
GEN 26:5,COPY_OR_MERGE,Gen.26.5
GEN 26:6,COPY_OR_MERGE,Gen.26.6
GEN 26:7,COPY_OR_MERGE,Gen.26.7
GEN 26:8,COPY_OR_MERGE,Gen.26.8
GEN 26:9,COPY_OR_MERGE,Gen.26.9
GEN 26:10,COPY_OR_MERGE,Gen.26.10
GEN 26:11,COPY_OR_MERGE,Gen.26.11
GEN 26:12,COPY_OR_MERGE,Gen.26.12
GEN 26:13,COPY_OR_MERGE,Gen.26.13
GEN 26:14,COPY_OR_MERGE,Gen.26.14
GEN 26:15,COPY_OR_MERGE,Gen.26.15
GEN 26:16,COPY_OR_MERGE,Gen.26.16
GEN 26:17,COPY_OR_MERGE,Gen.26.17
GEN 26:18,COPY_OR_MERGE,Gen.26.18
GEN 26:19,COPY_OR_MERGE,Gen.26.19
GEN 26:20,COPY_OR_MERGE,Gen.26.20
GEN 26:21,COPY_OR_MERGE,Gen.26.21
GEN 26:22,COPY_OR_MERGE,Gen.26.22
GEN 26:23,COPY_OR_MERGE,Gen.26.23
GEN 26:24,COPY_OR_MERGE,Gen.26.24
GEN 26:25,COPY_OR_MERGE,Gen.26.25
GEN 26:26,COPY_OR_MERGE,Gen.26.26
GEN 26:27,COPY_OR_MERGE,Gen.26.27
GEN 26:28,COPY_OR_MERGE,Gen.26.28
GEN 26:29,COPY_OR_MERGE,Gen.26.29
GEN 26:30,COPY_OR_MERGE,Gen.26.30
GEN 26:31,COPY_OR_MERGE,Gen.26.31
GEN 26:32,COPY_OR_MERGE,Gen.26.32
GEN 26:33,COPY_OR_MERGE,Gen.26.33
GEN 26:34,COPY_OR_MERGE,Gen.26.34
GEN 26:35,COPY_OR_MERGE,Gen.26.35
GEN 27:1,COPY_OR_MERGE,Gen.27.1
GEN 27:2,COPY_OR_MERGE,Gen.27.2
GEN 27:3,COPY_OR_MERGE,Gen.27.3
GEN 27:4,COPY_OR_MERGE,Gen.27.4
GEN 27:5,COPY_OR_MERGE,Gen.27.5
GEN 27:6,COPY_OR_MERGE,Gen.27.6
GEN 27:7,COPY_OR_MERGE,Gen.27.7
GEN 27:8,COPY_OR_MERGE,Gen.27.8
GEN 27:9,COPY_OR_MERGE,Gen.27.9
GEN 27:10,COPY_OR_MERGE,Gen.27.10
GEN 27:11,COPY_OR_MERGE,Gen.27.11
GEN 27:12,COPY_OR_MERGE,Gen.27.12
GEN 27:13,COPY_OR_MERGE,Gen.27.13
GEN 27:14,COPY_OR_MERGE,Gen.27.14
GEN 27:15,COPY_OR_MERGE,Gen.27.15
GEN 27:16,COPY_OR_MERGE,Gen.27.16
GEN 27:17,COPY_OR_MERGE,Gen.27.17
GEN 27:18,COPY_OR_MERGE,Gen.27.18
GEN 27:19,COPY_OR_MERGE,Gen.27.19
GEN 27:20,COPY_OR_MERGE,Gen.27.20
GEN 27:21,COPY_OR_MERGE,Gen.27.21
GEN 27:22,COPY_OR_MERGE,Gen.27.22
GEN 27:23,COPY_OR_MERGE,Gen.27.23
GEN 27:24,COPY_OR_MERGE,Gen.27.24
GEN 27:25,COPY_OR_MERGE,Gen.27.25
GEN 27:26,COPY_OR_MERGE,Gen.27.26
GEN 27:27,COPY_OR_MERGE,Gen.27.27
GEN 27:28,COPY_OR_MERGE,Gen.27.28
GEN 27:29,COPY_OR_MERGE,Gen.27.29
GEN 27:30,COPY_OR_MERGE,Gen.27.30
GEN 27:31,COPY_OR_MERGE,Gen.27.31
GEN 27:32,COPY_OR_MERGE,Gen.27.32
GEN 27:33,COPY_OR_MERGE,Gen.27.33
GEN 27:34,COPY_OR_MERGE,Gen.27.34
GEN 27:35,COPY_OR_MERGE,Gen.27.35
GEN 27:36,COPY_OR_MERGE,Gen.27.36
GEN 27:37,COPY_OR_MERGE,Gen.27.37
GEN 27:38,COPY_OR_MERGE,Gen.27.38
GEN 27:39,COPY_OR_MERGE,Gen.27.39
GEN 27:40,COPY_OR_MERGE,Gen.27.40
GEN 27:41,COPY_OR_MERGE,Gen.27.41
GEN 27:42,COPY_OR_MERGE,Gen.27.42
GEN 27:43,COPY_OR_MERGE,Gen.27.43
GEN 27:44,COPY_OR_MERGE,Gen.27.44
GEN 27:45,COPY_OR_MERGE,Gen.27.45
GEN 27:46,COPY_OR_MERGE,Gen.27.46
GEN 28:1,COPY_OR_MERGE,Gen.28.1
GEN 28:2,COPY_OR_MERGE,Gen.28.2
GEN 28:3,COPY_OR_MERGE,Gen.28.3
GEN 28:4,COPY_OR_MERGE,Gen.28.4
GEN 28:5,COPY_OR_MERGE,Gen.28.5
GEN 28:6,COPY_OR_MERGE,Gen.28.6
GEN 28:7,COPY_OR_MERGE,Gen.28.7
GEN 28:8,COPY_OR_MERGE,Gen.28.8
GEN 28:9,COPY_OR_MERGE,Gen.28.9
GEN 28:10,COPY_OR_MERGE,Gen.28.10
GEN 28:11,COPY_OR_MERGE,Gen.28.11
GEN 28:12,COPY_OR_MERGE,Gen.28.12
GEN 28:13,COPY_OR_MERGE,Gen.28.13
GEN 28:14,COPY_OR_MERGE,Gen.28.14
GEN 28:15,COPY_OR_MERGE,Gen.28.15
GEN 28:16,COPY_OR_MERGE,Gen.28.16
GEN 28:17,COPY_OR_MERGE,Gen.28.17
GEN 28:18,COPY_OR_MERGE,Gen.28.18
GEN 28:19,COPY_OR_MERGE,Gen.28.19
GEN 28:20,COPY_OR_MERGE,Gen.28.20
GEN 28:21,COPY_OR_MERGE,Gen.28.21
GEN 28:22,COPY_OR_MERGE,Gen.28.22
GEN 29:1,COPY_OR_MERGE,Gen.29.1
GEN 29:2,COPY_OR_MERGE,Gen.29.2
GEN 29:3,COPY_OR_MERGE,Gen.29.3
GEN 29:4,COPY_OR_MERGE,Gen.29.4
GEN 29:5,COPY_OR_MERGE,Gen.29.5
GEN 29:6,COPY_OR_MERGE,Gen.29.6
GEN 29:7,COPY_OR_MERGE,Gen.29.7
GEN 29:8,COPY_OR_MERGE,Gen.29.8
GEN 29:9,COPY_OR_MERGE,Gen.29.9
GEN 29:10,COPY_OR_MERGE,Gen.29.10
GEN 29:11,COPY_OR_MERGE,Gen.29.11
GEN 29:12,COPY_OR_MERGE,Gen.29.12
GEN 29:13,COPY_OR_MERGE,Gen.29.13
GEN 29:14,COPY_OR_MERGE,Gen.29.14
GEN 29:15,COPY_OR_MERGE,Gen.29.15
GEN 29:16,COPY_OR_MERGE,Gen.29.16
GEN 29:17,COPY_OR_MERGE,Gen.29.17
GEN 29:18,COPY_OR_MERGE,Gen.29.18
GEN 29:19,COPY_OR_MERGE,Gen.29.19
GEN 29:20,COPY_OR_MERGE,Gen.29.20
GEN 29:21,COPY_OR_MERGE,Gen.29.21
GEN 29:22,COPY_OR_MERGE,Gen.29.22
GEN 29:23,COPY_OR_MERGE,Gen.29.23
GEN 29:24,COPY_OR_MERGE,Gen.29.24
GEN 29:25,COPY_OR_MERGE,Gen.29.25
GEN 29:26,COPY_OR_MERGE,Gen.29.26
GEN 29:27,COPY_OR_MERGE,Gen.29.27
GEN 29:28,COPY_OR_MERGE,Gen.29.28
GEN 29:29,COPY_OR_MERGE,Gen.29.29
GEN 29:30,COPY_OR_MERGE,Gen.29.30
GEN 29:31,COPY_OR_MERGE,Gen.29.31
GEN 29:32,COPY_OR_MERGE,Gen.29.32
GEN 29:33,COPY_OR_MERGE,Gen.29.33
GEN 29:34,COPY_OR_MERGE,Gen.29.34
GEN 29:35,COPY_OR_MERGE,Gen.29.35
GEN 30:1,COPY_OR_MERGE,Gen.30.1
GEN 30:2,COPY_OR_MERGE,Gen.30.2
GEN 30:3,COPY_OR_MERGE,Gen.30.3
GEN 30:4,COPY_OR_MERGE,Gen.30.4
GEN 30:5,COPY_OR_MERGE,Gen.30.5
GEN 30:6,COPY_OR_MERGE,Gen.30.6
GEN 30:7,COPY_OR_MERGE,Gen.30.7
GEN 30:8,COPY_OR_MERGE,Gen.30.8
GEN 30:9,COPY_OR_MERGE,Gen.30.9
GEN 30:10,COPY_OR_MERGE,Gen.30.10
GEN 30:11,COPY_OR_MERGE,Gen.30.11
GEN 30:12,COPY_OR_MERGE,Gen.30.12
GEN 30:13,COPY_OR_MERGE,Gen.30.13
GEN 30:14,COPY_OR_MERGE,Gen.30.14
GEN 30:15,COPY_OR_MERGE,Gen.30.15
GEN 30:16,COPY_OR_MERGE,Gen.30.16
GEN 30:17,COPY_OR_MERGE,Gen.30.17
GEN 30:18,COPY_OR_MERGE,Gen.30.18
GEN 30:19,COPY_OR_MERGE,Gen.30.19
GEN 30:20,COPY_OR_MERGE,Gen.30.20
GEN 30:21,COPY_OR_MERGE,Gen.30.21
GEN 30:22,COPY_OR_MERGE,Gen.30.22
GEN 30:23,COPY_OR_MERGE,Gen.30.23
GEN 30:24,COPY_OR_MERGE,Gen.30.24
GEN 30:25,COPY_OR_MERGE,Gen.30.25
GEN 30:26,COPY_OR_MERGE,Gen.30.26
GEN 30:27,COPY_OR_MERGE,Gen.30.27
GEN 30:28,COPY_OR_MERGE,Gen.30.28
GEN 30:29,COPY_OR_MERGE,Gen.30.29
GEN 30:30,COPY_OR_MERGE,Gen.30.30
GEN 30:31,COPY_OR_MERGE,Gen.30.31
GEN 30:32,COPY_OR_MERGE,Gen.30.32
GEN 30:33,COPY_OR_MERGE,Gen.30.33
GEN 30:34,COPY_OR_MERGE,Gen.30.34
GEN 30:35,COPY_OR_MERGE,Gen.30.35
GEN 30:36,COPY_OR_MERGE,Gen.30.36
GEN 30:37,COPY_OR_MERGE,Gen.30.37
GEN 30:38,COPY_OR_MERGE,Gen.30.38
GEN 30:39,COPY_OR_MERGE,Gen.30.39
GEN 30:40,COPY_OR_MERGE,Gen.30.40
GEN 30:41,COPY_OR_MERGE,Gen.30.41
GEN 30:42,COPY_OR_MERGE,Gen.30.42
GEN 30:43,COPY_OR_MERGE,Gen.30.43
GEN 31:1,COPY_OR_MERGE,Gen.31.1
GEN 31:2,COPY_OR_MERGE,Gen.31.2
GEN 31:3,COPY_OR_MERGE,Gen.31.3
GEN 31:4,COPY_OR_MERGE,Gen.31.4
GEN 31:5,COPY_OR_MERGE,Gen.31.5
GEN 31:6,COPY_OR_MERGE,Gen.31.6
GEN 31:7,COPY_OR_MERGE,Gen.31.7
GEN 31:8,COPY_OR_MERGE,Gen.31.8
GEN 31:9,COPY_OR_MERGE,Gen.31.9
GEN 31:10,COPY_OR_MERGE,Gen.31.10
GEN 31:11,COPY_OR_MERGE,Gen.31.11
GEN 31:12,COPY_OR_MERGE,Gen.31.12
GEN 31:13,COPY_OR_MERGE,Gen.31.13
GEN 31:14,COPY_OR_MERGE,Gen.31.14
GEN 31:15,COPY_OR_MERGE,Gen.31.15
GEN 31:16,COPY_OR_MERGE,Gen.31.16
GEN 31:17,COPY_OR_MERGE,Gen.31.17
GEN 31:18,COPY_OR_MERGE,Gen.31.18
GEN 31:19,COPY_OR_MERGE,Gen.31.19
GEN 31:20,COPY_OR_MERGE,Gen.31.20
GEN 31:21,COPY_OR_MERGE,Gen.31.21
GEN 31:22,COPY_OR_MERGE,Gen.31.22
GEN 31:23,COPY_OR_MERGE,Gen.31.23
GEN 31:24,COPY_OR_MERGE,Gen.31.24
GEN 31:25,COPY_OR_MERGE,Gen.31.25
GEN 31:26,COPY_OR_MERGE,Gen.31.26
GEN 31:27,COPY_OR_MERGE,Gen.31.27
GEN 31:28,COPY_OR_MERGE,Gen.31.28
GEN 31:29,COPY_OR_MERGE,Gen.31.29
GEN 31:30,COPY_OR_MERGE,Gen.31.30
GEN 31:31,COPY_OR_MERGE,Gen.31.31
GEN 31:32,COPY_OR_MERGE,Gen.31.32
GEN 31:33,COPY_OR_MERGE,Gen.31.33
GEN 31:34,COPY_OR_MERGE,Gen.31.34
GEN 31:35,COPY_OR_MERGE,Gen.31.35
GEN 31:36,COPY_OR_MERGE,Gen.31.36
GEN 31:37,COPY_OR_MERGE,Gen.31.37
GEN 31:38,COPY_OR_MERGE,Gen.31.38
GEN 31:39,COPY_OR_MERGE,Gen.31.39
GEN 31:40,COPY_OR_MERGE,Gen.31.40
GEN 31:41,COPY_OR_MERGE,Gen.31.41
GEN 31:42,COPY_OR_MERGE,Gen.31.42
GEN 31:43,COPY_OR_MERGE,Gen.31.43
GEN 31:44,COPY_OR_MERGE,Gen.31.44
GEN 31:45,COPY_OR_MERGE,Gen.31.45
GEN 31:46,COPY_OR_MERGE,Gen.31.46
GEN 31:47,COPY_OR_MERGE,Gen.31.47
GEN 31:48,COPY_OR_MERGE,Gen.31.48
GEN 31:49,COPY_OR_MERGE,Gen.31.49
GEN 31:50,COPY_OR_MERGE,Gen.31.50
GEN 31:51,COPY_OR_MERGE,Gen.31.51
GEN 31:52,COPY_OR_MERGE,Gen.31.52
GEN 31:53,COPY_OR_MERGE,Gen.31.53
GEN 31:54,COPY_OR_MERGE,Gen.31.54
GEN 31:55,COPY_OR_MERGE,Gen.32.1
GEN 32:1,COPY_OR_MERGE,Gen.32.2
GEN 32:2,COPY_OR_MERGE,Gen.32.3
GEN 32:3,COPY_OR_MERGE,Gen.32.4
GEN 32:4,COPY_OR_MERGE,Gen.32.5
GEN 32:5,COPY_OR_MERGE,Gen.32.6
GEN 32:6,COPY_OR_MERGE,Gen.32.7
GEN 32:7,COPY_OR_MERGE,Gen.32.8
GEN 32:8,COPY_OR_MERGE,Gen.32.9
GEN 32:9,COPY_OR_MERGE,Gen.32.10
GEN 32:10,COPY_OR_MERGE,Gen.32.11
GEN 32:11,COPY_OR_MERGE,Gen.32.12
GEN 32:12,COPY_OR_MERGE,Gen.32.13
GEN 32:13,COPY_OR_MERGE,Gen.32.14
GEN 32:14,COPY_OR_MERGE,Gen.32.15
GEN 32:15,COPY_OR_MERGE,Gen.32.16
GEN 32:16,COPY_OR_MERGE,Gen.32.17
GEN 32:17,COPY_OR_MERGE,Gen.32.18
GEN 32:18,COPY_OR_MERGE,Gen.32.19
GEN 32:19,COPY_OR_MERGE,Gen.32.20
GEN 32:20,COPY_OR_MERGE,Gen.32.21
GEN 32:21,COPY_OR_MERGE,Gen.32.22
GEN 32:22,COPY_OR_MERGE,Gen.32.23
GEN 32:23,COPY_OR_MERGE,Gen.32.24
GEN 32:24,COPY_OR_MERGE,Gen.32.25
GEN 32:25,COPY_OR_MERGE,Gen.32.26
GEN 32:26,COPY_OR_MERGE,Gen.32.27
GEN 32:27,COPY_OR_MERGE,Gen.32.28
GEN 32:28,COPY_OR_MERGE,Gen.32.29
GEN 32:29,COPY_OR_MERGE,Gen.32.30
GEN 32:30,COPY_OR_MERGE,Gen.32.31
GEN 32:31,COPY_OR_MERGE,Gen.32.32
GEN 32:32,COPY_OR_MERGE,Gen.32.33
GEN 33:1,COPY_OR_MERGE,Gen.33.1
GEN 33:2,COPY_OR_MERGE,Gen.33.2
GEN 33:3,COPY_OR_MERGE,Gen.33.3
GEN 33:4,COPY_OR_MERGE,Gen.33.4
GEN 33:5,COPY_OR_MERGE,Gen.33.5
GEN 33:6,COPY_OR_MERGE,Gen.33.6
GEN 33:7,COPY_OR_MERGE,Gen.33.7
GEN 33:8,COPY_OR_MERGE,Gen.33.8
GEN 33:9,COPY_OR_MERGE,Gen.33.9
GEN 33:10,COPY_OR_MERGE,Gen.33.10
GEN 33:11,COPY_OR_MERGE,Gen.33.11
GEN 33:12,COPY_OR_MERGE,Gen.33.12
GEN 33:13,COPY_OR_MERGE,Gen.33.13
GEN 33:14,COPY_OR_MERGE,Gen.33.14
GEN 33:15,COPY_OR_MERGE,Gen.33.15
GEN 33:16,COPY_OR_MERGE,Gen.33.16
GEN 33:17,COPY_OR_MERGE,Gen.33.17
GEN 33:18,COPY_OR_MERGE,Gen.33.18
GEN 33:19,COPY_OR_MERGE,Gen.33.19
GEN 33:20,COPY_OR_MERGE,Gen.33.20
GEN 34:1,COPY_OR_MERGE,Gen.34.1
GEN 34:2,COPY_OR_MERGE,Gen.34.2
GEN 34:3,COPY_OR_MERGE,Gen.34.3
GEN 34:4,COPY_OR_MERGE,Gen.34.4
GEN 34:5,COPY_OR_MERGE,Gen.34.5
GEN 34:6,COPY_OR_MERGE,Gen.34.6
GEN 34:7,COPY_OR_MERGE,Gen.34.7
GEN 34:8,COPY_OR_MERGE,Gen.34.8
GEN 34:9,COPY_OR_MERGE,Gen.34.9
GEN 34:10,COPY_OR_MERGE,Gen.34.10
GEN 34:11,COPY_OR_MERGE,Gen.34.11
GEN 34:12,COPY_OR_MERGE,Gen.34.12
GEN 34:13,COPY_OR_MERGE,Gen.34.13
GEN 34:14,COPY_OR_MERGE,Gen.34.14
GEN 34:15,COPY_OR_MERGE,Gen.34.15
GEN 34:16,COPY_OR_MERGE,Gen.34.16
GEN 34:17,COPY_OR_MERGE,Gen.34.17
GEN 34:18,COPY_OR_MERGE,Gen.34.18
GEN 34:19,COPY_OR_MERGE,Gen.34.19
GEN 34:20,COPY_OR_MERGE,Gen.34.20
GEN 34:21,COPY_OR_MERGE,Gen.34.21
GEN 34:22,COPY_OR_MERGE,Gen.34.22
GEN 34:23,COPY_OR_MERGE,Gen.34.23
GEN 34:24,COPY_OR_MERGE,Gen.34.24
GEN 34:25,COPY_OR_MERGE,Gen.34.25
GEN 34:26,COPY_OR_MERGE,Gen.34.26
GEN 34:27,COPY_OR_MERGE,Gen.34.27
GEN 34:28,COPY_OR_MERGE,Gen.34.28
GEN 34:29,COPY_OR_MERGE,Gen.34.29
GEN 34:30,COPY_OR_MERGE,Gen.34.30
GEN 34:31,COPY_OR_MERGE,Gen.34.31
GEN 35:1,COPY_OR_MERGE,Gen.35.1
GEN 35:2,COPY_OR_MERGE,Gen.35.2
GEN 35:3,COPY_OR_MERGE,Gen.35.3
GEN 35:4,COPY_OR_MERGE,Gen.35.4
GEN 35:5,COPY_OR_MERGE,Gen.35.5
GEN 35:6,COPY_OR_MERGE,Gen.35.6
GEN 35:7,COPY_OR_MERGE,Gen.35.7
GEN 35:8,COPY_OR_MERGE,Gen.35.8
GEN 35:9,COPY_OR_MERGE,Gen.35.9
GEN 35:10,COPY_OR_MERGE,Gen.35.10
GEN 35:11,COPY_OR_MERGE,Gen.35.11
GEN 35:12,COPY_OR_MERGE,Gen.35.12
GEN 35:13,COPY_OR_MERGE,Gen.35.13
GEN 35:14,COPY_OR_MERGE,Gen.35.14
GEN 35:15,COPY_OR_MERGE,Gen.35.15
GEN 35:16,COPY_OR_MERGE,Gen.35.16
GEN 35:17,COPY_OR_MERGE,Gen.35.17
GEN 35:18,COPY_OR_MERGE,Gen.35.18
GEN 35:19,COPY_OR_MERGE,Gen.35.19
GEN 35:20,COPY_OR_MERGE,Gen.35.20
GEN 35:21,COPY_OR_MERGE,Gen.35.21
GEN 35:22,COPY_OR_MERGE,Gen.35.22
GEN 35:23,COPY_OR_MERGE,Gen.35.23
GEN 35:24,COPY_OR_MERGE,Gen.35.24
GEN 35:25,COPY_OR_MERGE,Gen.35.25
GEN 35:26,COPY_OR_MERGE,Gen.35.26
GEN 35:27,COPY_OR_MERGE,Gen.35.27
GEN 35:28,COPY_OR_MERGE,Gen.35.28
GEN 35:29,COPY_OR_MERGE,Gen.35.29
GEN 36:1,COPY_OR_MERGE,Gen.36.1
GEN 36:2,COPY_OR_MERGE,Gen.36.2
GEN 36:3,COPY_OR_MERGE,Gen.36.3
GEN 36:4,COPY_OR_MERGE,Gen.36.4
GEN 36:5,COPY_OR_MERGE,Gen.36.5
GEN 36:6,COPY_OR_MERGE,Gen.36.6
GEN 36:7,COPY_OR_MERGE,Gen.36.7
GEN 36:8,COPY_OR_MERGE,Gen.36.8
GEN 36:9,COPY_OR_MERGE,Gen.36.9
GEN 36:10,COPY_OR_MERGE,Gen.36.10
GEN 36:11,COPY_OR_MERGE,Gen.36.11
GEN 36:12,COPY_OR_MERGE,Gen.36.12
GEN 36:13,COPY_OR_MERGE,Gen.36.13
GEN 36:14,COPY_OR_MERGE,Gen.36.14
GEN 36:15,COPY_OR_MERGE,Gen.36.15
GEN 36:16,COPY_OR_MERGE,Gen.36.16
GEN 36:17,COPY_OR_MERGE,Gen.36.17
GEN 36:18,COPY_OR_MERGE,Gen.36.18
GEN 36:19,COPY_OR_MERGE,Gen.36.19
GEN 36:20,COPY_OR_MERGE,Gen.36.20
GEN 36:21,COPY_OR_MERGE,Gen.36.21
GEN 36:22,COPY_OR_MERGE,Gen.36.22
GEN 36:23,COPY_OR_MERGE,Gen.36.23
GEN 36:24,COPY_OR_MERGE,Gen.36.24
GEN 36:25,COPY_OR_MERGE,Gen.36.25
GEN 36:26,COPY_OR_MERGE,Gen.36.26
GEN 36:27,COPY_OR_MERGE,Gen.36.27
GEN 36:28,COPY_OR_MERGE,Gen.36.28
GEN 36:29,COPY_OR_MERGE,Gen.36.29
GEN 36:30,COPY_OR_MERGE,Gen.36.30
GEN 36:31,COPY_OR_MERGE,Gen.36.31
GEN 36:32,COPY_OR_MERGE,Gen.36.32
GEN 36:33,COPY_OR_MERGE,Gen.36.33
GEN 36:34,COPY_OR_MERGE,Gen.36.34
GEN 36:35,COPY_OR_MERGE,Gen.36.35
GEN 36:36,COPY_OR_MERGE,Gen.36.36
GEN 36:37,COPY_OR_MERGE,Gen.36.37
GEN 36:38,COPY_OR_MERGE,Gen.36.38
GEN 36:39,COPY_OR_MERGE,Gen.36.39
GEN 36:40,COPY_OR_MERGE,Gen.36.40
GEN 36:41,COPY_OR_MERGE,Gen.36.41
GEN 36:42,COPY_OR_MERGE,Gen.36.42
GEN 36:43,COPY_OR_MERGE,Gen.36.43
GEN 37:1,COPY_OR_MERGE,Gen.37.1
GEN 37:2,COPY_OR_MERGE,Gen.37.2
GEN 37:3,COPY_OR_MERGE,Gen.37.3
GEN 37:4,COPY_OR_MERGE,Gen.37.4
GEN 37:5,COPY_OR_MERGE,Gen.37.5
GEN 37:6,COPY_OR_MERGE,Gen.37.6
GEN 37:7,COPY_OR_MERGE,Gen.37.7
GEN 37:8,COPY_OR_MERGE,Gen.37.8
GEN 37:9,COPY_OR_MERGE,Gen.37.9
GEN 37:10,COPY_OR_MERGE,Gen.37.10
GEN 37:11,COPY_OR_MERGE,Gen.37.11
GEN 37:12,COPY_OR_MERGE,Gen.37.12
GEN 37:13,COPY_OR_MERGE,Gen.37.13
GEN 37:14,COPY_OR_MERGE,Gen.37.14
GEN 37:15,COPY_OR_MERGE,Gen.37.15
GEN 37:16,COPY_OR_MERGE,Gen.37.16
GEN 37:17,COPY_OR_MERGE,Gen.37.17
GEN 37:18,COPY_OR_MERGE,Gen.37.18
GEN 37:19,COPY_OR_MERGE,Gen.37.19
GEN 37:20,COPY_OR_MERGE,Gen.37.20
GEN 37:21,COPY_OR_MERGE,Gen.37.21
GEN 37:22,COPY_OR_MERGE,Gen.37.22
GEN 37:23,COPY_OR_MERGE,Gen.37.23
GEN 37:24,COPY_OR_MERGE,Gen.37.24
GEN 37:25,COPY_OR_MERGE,Gen.37.25
GEN 37:26,COPY_OR_MERGE,Gen.37.26
GEN 37:27,COPY_OR_MERGE,Gen.37.27
GEN 37:28,COPY_OR_MERGE,Gen.37.28
GEN 37:29,COPY_OR_MERGE,Gen.37.29
GEN 37:30,COPY_OR_MERGE,Gen.37.30
GEN 37:31,COPY_OR_MERGE,Gen.37.31
GEN 37:32,COPY_OR_MERGE,Gen.37.32
GEN 37:33,COPY_OR_MERGE,Gen.37.33
GEN 37:34,COPY_OR_MERGE,Gen.37.34
GEN 37:35,COPY_OR_MERGE,Gen.37.35
GEN 37:36,COPY_OR_MERGE,Gen.37.36
GEN 38:1,COPY_OR_MERGE,Gen.38.1
GEN 38:2,COPY_OR_MERGE,Gen.38.2
GEN 38:3,COPY_OR_MERGE,Gen.38.3
GEN 38:4,COPY_OR_MERGE,Gen.38.4
GEN 38:5,COPY_OR_MERGE,Gen.38.5
GEN 38:6,COPY_OR_MERGE,Gen.38.6
GEN 38:7,COPY_OR_MERGE,Gen.38.7
GEN 38:8,COPY_OR_MERGE,Gen.38.8
GEN 38:9,COPY_OR_MERGE,Gen.38.9
GEN 38:10,COPY_OR_MERGE,Gen.38.10
GEN 38:11,COPY_OR_MERGE,Gen.38.11
GEN 38:12,COPY_OR_MERGE,Gen.38.12
GEN 38:13,COPY_OR_MERGE,Gen.38.13
GEN 38:14,COPY_OR_MERGE,Gen.38.14
GEN 38:15,COPY_OR_MERGE,Gen.38.15
GEN 38:16,COPY_OR_MERGE,Gen.38.16
GEN 38:17,COPY_OR_MERGE,Gen.38.17
GEN 38:18,COPY_OR_MERGE,Gen.38.18
GEN 38:19,COPY_OR_MERGE,Gen.38.19
GEN 38:20,COPY_OR_MERGE,Gen.38.20
GEN 38:21,COPY_OR_MERGE,Gen.38.21
GEN 38:22,COPY_OR_MERGE,Gen.38.22
GEN 38:23,COPY_OR_MERGE,Gen.38.23
GEN 38:24,COPY_OR_MERGE,Gen.38.24
GEN 38:25,COPY_OR_MERGE,Gen.38.25
GEN 38:26,COPY_OR_MERGE,Gen.38.26
GEN 38:27,COPY_OR_MERGE,Gen.38.27
GEN 38:28,COPY_OR_MERGE,Gen.38.28
GEN 38:29,COPY_OR_MERGE,Gen.38.29
GEN 38:30,COPY_OR_MERGE,Gen.38.30
GEN 39:1,COPY_OR_MERGE,Gen.39.1
GEN 39:2,COPY_OR_MERGE,Gen.39.2
GEN 39:3,COPY_OR_MERGE,Gen.39.3
GEN 39:4,COPY_OR_MERGE,Gen.39.4
GEN 39:5,COPY_OR_MERGE,Gen.39.5
GEN 39:6,COPY_OR_MERGE,Gen.39.6
GEN 39:7,COPY_OR_MERGE,Gen.39.7
GEN 39:8,COPY_OR_MERGE,Gen.39.8
GEN 39:9,COPY_OR_MERGE,Gen.39.9
GEN 39:10,COPY_OR_MERGE,Gen.39.10
GEN 39:11,COPY_OR_MERGE,Gen.39.11
GEN 39:12,COPY_OR_MERGE,Gen.39.12
GEN 39:13,COPY_OR_MERGE,Gen.39.13
GEN 39:14,COPY_OR_MERGE,Gen.39.14
GEN 39:15,COPY_OR_MERGE,Gen.39.15
GEN 39:16,COPY_OR_MERGE,Gen.39.16
GEN 39:17,COPY_OR_MERGE,Gen.39.17
GEN 39:18,COPY_OR_MERGE,Gen.39.18
GEN 39:19,COPY_OR_MERGE,Gen.39.19
GEN 39:20,COPY_OR_MERGE,Gen.39.20
GEN 39:21,COPY_OR_MERGE,Gen.39.21
GEN 39:22,COPY_OR_MERGE,Gen.39.22
GEN 39:23,COPY_OR_MERGE,Gen.39.23
GEN 40:1,COPY_OR_MERGE,Gen.40.1
GEN 40:2,COPY_OR_MERGE,Gen.40.2
GEN 40:3,COPY_OR_MERGE,Gen.40.3
GEN 40:4,COPY_OR_MERGE,Gen.40.4
GEN 40:5,COPY_OR_MERGE,Gen.40.5
GEN 40:6,COPY_OR_MERGE,Gen.40.6
GEN 40:7,COPY_OR_MERGE,Gen.40.7
GEN 40:8,COPY_OR_MERGE,Gen.40.8
GEN 40:9,COPY_OR_MERGE,Gen.40.9
GEN 40:10,COPY_OR_MERGE,Gen.40.10
GEN 40:11,COPY_OR_MERGE,Gen.40.11
GEN 40:12,COPY_OR_MERGE,Gen.40.12
GEN 40:13,COPY_OR_MERGE,Gen.40.13
GEN 40:14,COPY_OR_MERGE,Gen.40.14
GEN 40:15,COPY_OR_MERGE,Gen.40.15
GEN 40:16,COPY_OR_MERGE,Gen.40.16
GEN 40:17,COPY_OR_MERGE,Gen.40.17
GEN 40:18,COPY_OR_MERGE,Gen.40.18
GEN 40:19,COPY_OR_MERGE,Gen.40.19
GEN 40:20,COPY_OR_MERGE,Gen.40.20
GEN 40:21,COPY_OR_MERGE,Gen.40.21
GEN 40:22,COPY_OR_MERGE,Gen.40.22
GEN 40:23,COPY_OR_MERGE,Gen.40.23
GEN 41:1,COPY_OR_MERGE,Gen.41.1
GEN 41:2,COPY_OR_MERGE,Gen.41.2
GEN 41:3,COPY_OR_MERGE,Gen.41.3
GEN 41:4,COPY_OR_MERGE,Gen.41.4
GEN 41:5,COPY_OR_MERGE,Gen.41.5
GEN 41:6,COPY_OR_MERGE,Gen.41.6
GEN 41:7,COPY_OR_MERGE,Gen.41.7
GEN 41:8,COPY_OR_MERGE,Gen.41.8
GEN 41:9,COPY_OR_MERGE,Gen.41.9
GEN 41:10,COPY_OR_MERGE,Gen.41.10
GEN 41:11,COPY_OR_MERGE,Gen.41.11
GEN 41:12,COPY_OR_MERGE,Gen.41.12
GEN 41:13,COPY_OR_MERGE,Gen.41.13
GEN 41:14,COPY_OR_MERGE,Gen.41.14
GEN 41:15,COPY_OR_MERGE,Gen.41.15
GEN 41:16,COPY_OR_MERGE,Gen.41.16
GEN 41:17,COPY_OR_MERGE,Gen.41.17
GEN 41:18,COPY_OR_MERGE,Gen.41.18
GEN 41:19,COPY_OR_MERGE,Gen.41.19
GEN 41:20,COPY_OR_MERGE,Gen.41.20
GEN 41:21,COPY_OR_MERGE,Gen.41.21
GEN 41:22,COPY_OR_MERGE,Gen.41.22
GEN 41:23,COPY_OR_MERGE,Gen.41.23
GEN 41:24,COPY_OR_MERGE,Gen.41.24
GEN 41:25,COPY_OR_MERGE,Gen.41.25
GEN 41:26,COPY_OR_MERGE,Gen.41.26
GEN 41:27,COPY_OR_MERGE,Gen.41.27
GEN 41:28,COPY_OR_MERGE,Gen.41.28
GEN 41:29,COPY_OR_MERGE,Gen.41.29
GEN 41:30,COPY_OR_MERGE,Gen.41.30
GEN 41:31,COPY_OR_MERGE,Gen.41.31
GEN 41:32,COPY_OR_MERGE,Gen.41.32
GEN 41:33,COPY_OR_MERGE,Gen.41.33
GEN 41:34,COPY_OR_MERGE,Gen.41.34
GEN 41:35,COPY_OR_MERGE,Gen.41.35
GEN 41:36,COPY_OR_MERGE,Gen.41.36
GEN 41:37,COPY_OR_MERGE,Gen.41.37
GEN 41:38,COPY_OR_MERGE,Gen.41.38
GEN 41:39,COPY_OR_MERGE,Gen.41.39
GEN 41:40,COPY_OR_MERGE,Gen.41.40
GEN 41:41,COPY_OR_MERGE,Gen.41.41
GEN 41:42,COPY_OR_MERGE,Gen.41.42
GEN 41:43,COPY_OR_MERGE,Gen.41.43
GEN 41:44,COPY_OR_MERGE,Gen.41.44
GEN 41:45,COPY_OR_MERGE,Gen.41.45
GEN 41:46,COPY_OR_MERGE,Gen.41.46
GEN 41:47,COPY_OR_MERGE,Gen.41.47
GEN 41:48,COPY_OR_MERGE,Gen.41.48
GEN 41:49,COPY_OR_MERGE,Gen.41.49
GEN 41:50,COPY_OR_MERGE,Gen.41.50
GEN 41:51,COPY_OR_MERGE,Gen.41.51
GEN 41:52,COPY_OR_MERGE,Gen.41.52
GEN 41:53,COPY_OR_MERGE,Gen.41.53
GEN 41:54,COPY_OR_MERGE,Gen.41.54
GEN 41:55,COPY_OR_MERGE,Gen.41.55
GEN 41:56,COPY_OR_MERGE,Gen.41.56
GEN 41:57,COPY_OR_MERGE,Gen.41.57
GEN 42:1,COPY_OR_MERGE,Gen.42.1
GEN 42:2,COPY_OR_MERGE,Gen.42.2
GEN 42:3,COPY_OR_MERGE,Gen.42.3
GEN 42:4,COPY_OR_MERGE,Gen.42.4
GEN 42:5,COPY_OR_MERGE,Gen.42.5
GEN 42:6,COPY_OR_MERGE,Gen.42.6
GEN 42:7,COPY_OR_MERGE,Gen.42.7
GEN 42:8,COPY_OR_MERGE,Gen.42.8
GEN 42:9,COPY_OR_MERGE,Gen.42.9
GEN 42:10,COPY_OR_MERGE,Gen.42.10
GEN 42:11,COPY_OR_MERGE,Gen.42.11
GEN 42:12,COPY_OR_MERGE,Gen.42.12
GEN 42:13,COPY_OR_MERGE,Gen.42.13
GEN 42:14,COPY_OR_MERGE,Gen.42.14
GEN 42:15,COPY_OR_MERGE,Gen.42.15
GEN 42:16,COPY_OR_MERGE,Gen.42.16
GEN 42:17,COPY_OR_MERGE,Gen.42.17
GEN 42:18,COPY_OR_MERGE,Gen.42.18
GEN 42:19,COPY_OR_MERGE,Gen.42.19
GEN 42:20,COPY_OR_MERGE,Gen.42.20
GEN 42:21,COPY_OR_MERGE,Gen.42.21
GEN 42:22,COPY_OR_MERGE,Gen.42.22
GEN 42:23,COPY_OR_MERGE,Gen.42.23
GEN 42:24,COPY_OR_MERGE,Gen.42.24
GEN 42:25,COPY_OR_MERGE,Gen.42.25
GEN 42:26,COPY_OR_MERGE,Gen.42.26
GEN 42:27,COPY_OR_MERGE,Gen.42.27
GEN 42:28,COPY_OR_MERGE,Gen.42.28
GEN 42:29,COPY_OR_MERGE,Gen.42.29
GEN 42:30,COPY_OR_MERGE,Gen.42.30
GEN 42:31,COPY_OR_MERGE,Gen.42.31
GEN 42:32,COPY_OR_MERGE,Gen.42.32
GEN 42:33,COPY_OR_MERGE,Gen.42.33
GEN 42:34,COPY_OR_MERGE,Gen.42.34
GEN 42:35,COPY_OR_MERGE,Gen.42.35
GEN 42:36,COPY_OR_MERGE,Gen.42.36
GEN 42:37,COPY_OR_MERGE,Gen.42.37
GEN 42:38,COPY_OR_MERGE,Gen.42.38
GEN 43:1,COPY_OR_MERGE,Gen.43.1
GEN 43:2,COPY_OR_MERGE,Gen.43.2
GEN 43:3,COPY_OR_MERGE,Gen.43.3
GEN 43:4,COPY_OR_MERGE,Gen.43.4
GEN 43:5,COPY_OR_MERGE,Gen.43.5
GEN 43:6,COPY_OR_MERGE,Gen.43.6
GEN 43:7,COPY_OR_MERGE,Gen.43.7
GEN 43:8,COPY_OR_MERGE,Gen.43.8
GEN 43:9,COPY_OR_MERGE,Gen.43.9
GEN 43:10,COPY_OR_MERGE,Gen.43.10
GEN 43:11,COPY_OR_MERGE,Gen.43.11
GEN 43:12,COPY_OR_MERGE,Gen.43.12
GEN 43:13,COPY_OR_MERGE,Gen.43.13
GEN 43:14,COPY_OR_MERGE,Gen.43.14
GEN 43:15,COPY_OR_MERGE,Gen.43.15
GEN 43:16,COPY_OR_MERGE,Gen.43.16
GEN 43:17,COPY_OR_MERGE,Gen.43.17
GEN 43:18,COPY_OR_MERGE,Gen.43.18
GEN 43:19,COPY_OR_MERGE,Gen.43.19
GEN 43:20,COPY_OR_MERGE,Gen.43.20
GEN 43:21,COPY_OR_MERGE,Gen.43.21
GEN 43:22,COPY_OR_MERGE,Gen.43.22
GEN 43:23,COPY_OR_MERGE,Gen.43.23
GEN 43:24,COPY_OR_MERGE,Gen.43.24
GEN 43:25,COPY_OR_MERGE,Gen.43.25
GEN 43:26,COPY_OR_MERGE,Gen.43.26
GEN 43:27,COPY_OR_MERGE,Gen.43.27
GEN 43:28,COPY_OR_MERGE,Gen.43.28
GEN 43:29,COPY_OR_MERGE,Gen.43.29
GEN 43:30,COPY_OR_MERGE,Gen.43.30
GEN 43:31,COPY_OR_MERGE,Gen.43.31
GEN 43:32,COPY_OR_MERGE,Gen.43.32
GEN 43:33,COPY_OR_MERGE,Gen.43.33
GEN 43:34,COPY_OR_MERGE,Gen.43.34
GEN 44:1,COPY_OR_MERGE,Gen.44.1
GEN 44:2,COPY_OR_MERGE,Gen.44.2
GEN 44:3,COPY_OR_MERGE,Gen.44.3
GEN 44:4,COPY_OR_MERGE,Gen.44.4
GEN 44:5,COPY_OR_MERGE,Gen.44.5
GEN 44:6,COPY_OR_MERGE,Gen.44.6
GEN 44:7,COPY_OR_MERGE,Gen.44.7
GEN 44:8,COPY_OR_MERGE,Gen.44.8
GEN 44:9,COPY_OR_MERGE,Gen.44.9
GEN 44:10,COPY_OR_MERGE,Gen.44.10
GEN 44:11,COPY_OR_MERGE,Gen.44.11
GEN 44:12,COPY_OR_MERGE,Gen.44.12
GEN 44:13,COPY_OR_MERGE,Gen.44.13
GEN 44:14,COPY_OR_MERGE,Gen.44.14
GEN 44:15,COPY_OR_MERGE,Gen.44.15
GEN 44:16,COPY_OR_MERGE,Gen.44.16
GEN 44:17,COPY_OR_MERGE,Gen.44.17
GEN 44:18,COPY_OR_MERGE,Gen.44.18
GEN 44:19,COPY_OR_MERGE,Gen.44.19
GEN 44:20,COPY_OR_MERGE,Gen.44.20
GEN 44:21,COPY_OR_MERGE,Gen.44.21
GEN 44:22,COPY_OR_MERGE,Gen.44.22
GEN 44:23,COPY_OR_MERGE,Gen.44.23
GEN 44:24,COPY_OR_MERGE,Gen.44.24
GEN 44:25,COPY_OR_MERGE,Gen.44.25
GEN 44:26,COPY_OR_MERGE,Gen.44.26
GEN 44:27,COPY_OR_MERGE,Gen.44.27
GEN 44:28,COPY_OR_MERGE,Gen.44.28
GEN 44:29,COPY_OR_MERGE,Gen.44.29
GEN 44:30,COPY_OR_MERGE,Gen.44.30
GEN 44:31,COPY_OR_MERGE,Gen.44.31
GEN 44:32,COPY_OR_MERGE,Gen.44.32
GEN 44:33,COPY_OR_MERGE,Gen.44.33
GEN 44:34,COPY_OR_MERGE,Gen.44.34
GEN 45:1,COPY_OR_MERGE,Gen.45.1
GEN 45:2,COPY_OR_MERGE,Gen.45.2
GEN 45:3,COPY_OR_MERGE,Gen.45.3
GEN 45:4,COPY_OR_MERGE,Gen.45.4
GEN 45:5,COPY_OR_MERGE,Gen.45.5
GEN 45:6,COPY_OR_MERGE,Gen.45.6
GEN 45:7,COPY_OR_MERGE,Gen.45.7
GEN 45:8,COPY_OR_MERGE,Gen.45.8
GEN 45:9,COPY_OR_MERGE,Gen.45.9
GEN 45:10,COPY_OR_MERGE,Gen.45.10
GEN 45:11,COPY_OR_MERGE,Gen.45.11
GEN 45:12,COPY_OR_MERGE,Gen.45.12
GEN 45:13,COPY_OR_MERGE,Gen.45.13
GEN 45:14,COPY_OR_MERGE,Gen.45.14
GEN 45:15,COPY_OR_MERGE,Gen.45.15
GEN 45:16,COPY_OR_MERGE,Gen.45.16
GEN 45:17,COPY_OR_MERGE,Gen.45.17
GEN 45:18,COPY_OR_MERGE,Gen.45.18
GEN 45:19,COPY_OR_MERGE,Gen.45.19
GEN 45:20,COPY_OR_MERGE,Gen.45.20
GEN 45:21,COPY_OR_MERGE,Gen.45.21
GEN 45:22,COPY_OR_MERGE,Gen.45.22
GEN 45:23,COPY_OR_MERGE,Gen.45.23
GEN 45:24,COPY_OR_MERGE,Gen.45.24
GEN 45:25,COPY_OR_MERGE,Gen.45.25
GEN 45:26,COPY_OR_MERGE,Gen.45.26
GEN 45:27,COPY_OR_MERGE,Gen.45.27
GEN 45:28,COPY_OR_MERGE,Gen.45.28
GEN 46:1,COPY_OR_MERGE,Gen.46.1
GEN 46:2,COPY_OR_MERGE,Gen.46.2
GEN 46:3,COPY_OR_MERGE,Gen.46.3
GEN 46:4,COPY_OR_MERGE,Gen.46.4
GEN 46:5,COPY_OR_MERGE,Gen.46.5
GEN 46:6,COPY_OR_MERGE,Gen.46.6
GEN 46:7,COPY_OR_MERGE,Gen.46.7
GEN 46:8,COPY_OR_MERGE,Gen.46.8
GEN 46:9,COPY_OR_MERGE,Gen.46.9
GEN 46:10,COPY_OR_MERGE,Gen.46.10
GEN 46:11,COPY_OR_MERGE,Gen.46.11
GEN 46:12,COPY_OR_MERGE,Gen.46.12
GEN 46:13,COPY_OR_MERGE,Gen.46.13
GEN 46:14,COPY_OR_MERGE,Gen.46.14
GEN 46:15,COPY_OR_MERGE,Gen.46.15
GEN 46:16,COPY_OR_MERGE,Gen.46.16
GEN 46:17,COPY_OR_MERGE,Gen.46.17
GEN 46:18,COPY_OR_MERGE,Gen.46.18
GEN 46:19,COPY_OR_MERGE,Gen.46.19
GEN 46:20,COPY_OR_MERGE,Gen.46.20
GEN 46:21,COPY_OR_MERGE,Gen.46.21
GEN 46:22,COPY_OR_MERGE,Gen.46.22
GEN 46:23,COPY_OR_MERGE,Gen.46.23
GEN 46:24,COPY_OR_MERGE,Gen.46.24
GEN 46:25,COPY_OR_MERGE,Gen.46.25
GEN 46:26,COPY_OR_MERGE,Gen.46.26
GEN 46:27,COPY_OR_MERGE,Gen.46.27
GEN 46:28,COPY_OR_MERGE,Gen.46.28
GEN 46:29,COPY_OR_MERGE,Gen.46.29
GEN 46:30,COPY_OR_MERGE,Gen.46.30
GEN 46:31,COPY_OR_MERGE,Gen.46.31
GEN 46:32,COPY_OR_MERGE,Gen.46.32
GEN 46:33,COPY_OR_MERGE,Gen.46.33
GEN 46:34,COPY_OR_MERGE,Gen.46.34
GEN 47:1,COPY_OR_MERGE,Gen.47.1
GEN 47:2,COPY_OR_MERGE,Gen.47.2
GEN 47:3,COPY_OR_MERGE,Gen.47.3
GEN 47:4,COPY_OR_MERGE,Gen.47.4
GEN 47:5,COPY_OR_MERGE,Gen.47.5
GEN 47:6,COPY_OR_MERGE,Gen.47.6
GEN 47:7,COPY_OR_MERGE,Gen.47.7
GEN 47:8,COPY_OR_MERGE,Gen.47.8
GEN 47:9,COPY_OR_MERGE,Gen.47.9
GEN 47:10,COPY_OR_MERGE,Gen.47.10
GEN 47:11,COPY_OR_MERGE,Gen.47.11
GEN 47:12,COPY_OR_MERGE,Gen.47.12
GEN 47:13,COPY_OR_MERGE,Gen.47.13
GEN 47:14,COPY_OR_MERGE,Gen.47.14
GEN 47:15,COPY_OR_MERGE,Gen.47.15
GEN 47:16,COPY_OR_MERGE,Gen.47.16
GEN 47:17,COPY_OR_MERGE,Gen.47.17
GEN 47:18,COPY_OR_MERGE,Gen.47.18
GEN 47:19,COPY_OR_MERGE,Gen.47.19
GEN 47:20,COPY_OR_MERGE,Gen.47.20
GEN 47:21,COPY_OR_MERGE,Gen.47.21
GEN 47:22,COPY_OR_MERGE,Gen.47.22
GEN 47:23,COPY_OR_MERGE,Gen.47.23
GEN 47:24,COPY_OR_MERGE,Gen.47.24
GEN 47:25,COPY_OR_MERGE,Gen.47.25
GEN 47:26,COPY_OR_MERGE,Gen.47.26
GEN 47:27,COPY_OR_MERGE,Gen.47.27
GEN 47:28,COPY_OR_MERGE,Gen.47.28
GEN 47:29,COPY_OR_MERGE,Gen.47.29
GEN 47:30,COPY_OR_MERGE,Gen.47.30
GEN 47:31,COPY_OR_MERGE,Gen.47.31
GEN 48:1,COPY_OR_MERGE,Gen.48.1
GEN 48:2,COPY_OR_MERGE,Gen.48.2
GEN 48:3,COPY_OR_MERGE,Gen.48.3
GEN 48:4,COPY_OR_MERGE,Gen.48.4
GEN 48:5,COPY_OR_MERGE,Gen.48.5
GEN 48:6,COPY_OR_MERGE,Gen.48.6
GEN 48:7,COPY_OR_MERGE,Gen.48.7
GEN 48:8,COPY_OR_MERGE,Gen.48.8
GEN 48:9,COPY_OR_MERGE,Gen.48.9
GEN 48:10,COPY_OR_MERGE,Gen.48.10
GEN 48:11,COPY_OR_MERGE,Gen.48.11
GEN 48:12,COPY_OR_MERGE,Gen.48.12
GEN 48:13,COPY_OR_MERGE,Gen.48.13
GEN 48:14,COPY_OR_MERGE,Gen.48.14
GEN 48:15,COPY_OR_MERGE,Gen.48.15
GEN 48:16,COPY_OR_MERGE,Gen.48.16
GEN 48:17,COPY_OR_MERGE,Gen.48.17
GEN 48:18,COPY_OR_MERGE,Gen.48.18
GEN 48:19,COPY_OR_MERGE,Gen.48.19
GEN 48:20,COPY_OR_MERGE,Gen.48.20
GEN 48:21,COPY_OR_MERGE,Gen.48.21
GEN 48:22,COPY_OR_MERGE,Gen.48.22
GEN 49:1,COPY_OR_MERGE,Gen.49.1
GEN 49:2,COPY_OR_MERGE,Gen.49.2
GEN 49:3,COPY_OR_MERGE,Gen.49.3
GEN 49:4,COPY_OR_MERGE,Gen.49.4
GEN 49:5,COPY_OR_MERGE,Gen.49.5
GEN 49:6,COPY_OR_MERGE,Gen.49.6
GEN 49:7,COPY_OR_MERGE,Gen.49.7
GEN 49:8,COPY_OR_MERGE,Gen.49.8
GEN 49:9,COPY_OR_MERGE,Gen.49.9
GEN 49:10,COPY_OR_MERGE,Gen.49.10
GEN 49:11,COPY_OR_MERGE,Gen.49.11
GEN 49:12,COPY_OR_MERGE,Gen.49.12
GEN 49:13,COPY_OR_MERGE,Gen.49.13
GEN 49:14,COPY_OR_MERGE,Gen.49.14
GEN 49:15,COPY_OR_MERGE,Gen.49.15
GEN 49:16,COPY_OR_MERGE,Gen.49.16
GEN 49:17,COPY_OR_MERGE,Gen.49.17
GEN 49:18,COPY_OR_MERGE,Gen.49.18
GEN 49:19,COPY_OR_MERGE,Gen.49.19
GEN 49:20,COPY_OR_MERGE,Gen.49.20
GEN 49:21,COPY_OR_MERGE,Gen.49.21
GEN 49:22,COPY_OR_MERGE,Gen.49.22
GEN 49:23,COPY_OR_MERGE,Gen.49.23
GEN 49:24,COPY_OR_MERGE,Gen.49.24
GEN 49:25,COPY_OR_MERGE,Gen.49.25
GEN 49:26,COPY_OR_MERGE,Gen.49.26
GEN 49:27,COPY_OR_MERGE,Gen.49.27
GEN 49:28,COPY_OR_MERGE,Gen.49.28
GEN 49:29,COPY_OR_MERGE,Gen.49.29
GEN 49:30,COPY_OR_MERGE,Gen.49.30
GEN 49:31,COPY_OR_MERGE,Gen.49.31
GEN 49:32,COPY_OR_MERGE,Gen.49.32
GEN 49:33,COPY_OR_MERGE,Gen.49.33
GEN 50:1,COPY_OR_MERGE,Gen.50.1
GEN 50:2,COPY_OR_MERGE,Gen.50.2
GEN 50:3,COPY_OR_MERGE,Gen.50.3
GEN 50:4,COPY_OR_MERGE,Gen.50.4
GEN 50:5,COPY_OR_MERGE,Gen.50.5
GEN 50:6,COPY_OR_MERGE,Gen.50.6
GEN 50:7,COPY_OR_MERGE,Gen.50.7
GEN 50:8,COPY_OR_MERGE,Gen.50.8
GEN 50:9,COPY_OR_MERGE,Gen.50.9
GEN 50:10,COPY_OR_MERGE,Gen.50.10
GEN 50:11,COPY_OR_MERGE,Gen.50.11
GEN 50:12,COPY_OR_MERGE,Gen.50.12
GEN 50:13,COPY_OR_MERGE,Gen.50.13
GEN 50:14,COPY_OR_MERGE,Gen.50.14
GEN 50:15,COPY_OR_MERGE,Gen.50.15
GEN 50:16,COPY_OR_MERGE,Gen.50.16
GEN 50:17,COPY_OR_MERGE,Gen.50.17
GEN 50:18,COPY_OR_MERGE,Gen.50.18
GEN 50:19,COPY_OR_MERGE,Gen.50.19
GEN 50:20,COPY_OR_MERGE,Gen.50.20
GEN 50:21,COPY_OR_MERGE,Gen.50.21
GEN 50:22,COPY_OR_MERGE,Gen.50.22
GEN 50:23,COPY_OR_MERGE,Gen.50.23
GEN 50:24,COPY_OR_MERGE,Gen.50.24
GEN 50:25,COPY_OR_MERGE,Gen.50.25
GEN 50:26,COPY_OR_MERGE,Gen.50.26
HAB 1:1,COPY_OR_MERGE,Hab.1.1
HAB 1:2,COPY_OR_MERGE,Hab.1.2
HAB 1:3,COPY_OR_MERGE,Hab.1.3
HAB 1:4,COPY_OR_MERGE,Hab.1.4
HAB 1:5,COPY_OR_MERGE,Hab.1.5
HAB 1:6,COPY_OR_MERGE,Hab.1.6
HAB 1:7,COPY_OR_MERGE,Hab.1.7
HAB 1:8,COPY_OR_MERGE,Hab.1.8
HAB 1:9,COPY_OR_MERGE,Hab.1.9
HAB 1:10,COPY_OR_MERGE,Hab.1.10
HAB 1:11,COPY_OR_MERGE,Hab.1.11
HAB 1:12,COPY_OR_MERGE,Hab.1.12
HAB 1:13,COPY_OR_MERGE,Hab.1.13
HAB 1:14,COPY_OR_MERGE,Hab.1.14
HAB 1:15,COPY_OR_MERGE,Hab.1.15
HAB 1:16,COPY_OR_MERGE,Hab.1.16
HAB 1:17,COPY_OR_MERGE,Hab.1.17
HAB 2:1,COPY_OR_MERGE,Hab.2.1
HAB 2:2,COPY_OR_MERGE,Hab.2.2
HAB 2:3,COPY_OR_MERGE,Hab.2.3
HAB 2:4,COPY_OR_MERGE,Hab.2.4
HAB 2:5,COPY_OR_MERGE,Hab.2.5
HAB 2:6,COPY_OR_MERGE,Hab.2.6
HAB 2:7,COPY_OR_MERGE,Hab.2.7
HAB 2:8,COPY_OR_MERGE,Hab.2.8
HAB 2:9,COPY_OR_MERGE,Hab.2.9
HAB 2:10,COPY_OR_MERGE,Hab.2.10
HAB 2:11,COPY_OR_MERGE,Hab.2.11
HAB 2:12,COPY_OR_MERGE,Hab.2.12
HAB 2:13,COPY_OR_MERGE,Hab.2.13
HAB 2:14,COPY_OR_MERGE,Hab.2.14
HAB 2:15,COPY_OR_MERGE,Hab.2.15
HAB 2:16,COPY_OR_MERGE,Hab.2.16
HAB 2:17,COPY_OR_MERGE,Hab.2.17
HAB 2:18,COPY_OR_MERGE,Hab.2.18
HAB 2:19,COPY_OR_MERGE,Hab.2.19
HAB 2:20,COPY_OR_MERGE,Hab.2.20
HAB 3:1,COPY_OR_MERGE,Hab.3.1
HAB 3:2,COPY_OR_MERGE,Hab.3.2
HAB 3:3,COPY_OR_MERGE,Hab.3.3
HAB 3:4,COPY_OR_MERGE,Hab.3.4
HAB 3:5,COPY_OR_MERGE,Hab.3.5
HAB 3:6,COPY_OR_MERGE,Hab.3.6
HAB 3:7,COPY_OR_MERGE,Hab.3.7
HAB 3:8,COPY_OR_MERGE,Hab.3.8
HAB 3:9,COPY_OR_MERGE,Hab.3.9
HAB 3:10,COPY_OR_MERGE,Hab.3.10
HAB 3:11,COPY_OR_MERGE,Hab.3.11
HAB 3:12,COPY_OR_MERGE,Hab.3.12
HAB 3:13,COPY_OR_MERGE,Hab.3.13
HAB 3:14,COPY_OR_MERGE,Hab.3.14
HAB 3:15,COPY_OR_MERGE,Hab.3.15
HAB 3:16,COPY_OR_MERGE,Hab.3.16
HAB 3:17,COPY_OR_MERGE,Hab.3.17
HAB 3:18,COPY_OR_MERGE,Hab.3.18
HAB 3:19,COPY_OR_MERGE,Hab.3.19
HAG 1:1,COPY_OR_MERGE,Hag.1.1
HAG 1:2,COPY_OR_MERGE,Hag.1.2
HAG 1:3,COPY_OR_MERGE,Hag.1.3
HAG 1:4,COPY_OR_MERGE,Hag.1.4
HAG 1:5,COPY_OR_MERGE,Hag.1.5
HAG 1:6,COPY_OR_MERGE,Hag.1.6
HAG 1:7,COPY_OR_MERGE,Hag.1.7
HAG 1:8,COPY_OR_MERGE,Hag.1.8
HAG 1:9,COPY_OR_MERGE,Hag.1.9
HAG 1:10,COPY_OR_MERGE,Hag.1.10
HAG 1:11,COPY_OR_MERGE,Hag.1.11
HAG 1:12,COPY_OR_MERGE,Hag.1.12
HAG 1:13,COPY_OR_MERGE,Hag.1.13
HAG 1:14,COPY_OR_MERGE,Hag.1.14
HAG 1:15,COPY_OR_MERGE,Hag.1.15
HAG 2:1,COPY_OR_MERGE,Hag.2.1
HAG 2:2,COPY_OR_MERGE,Hag.2.2
HAG 2:3,COPY_OR_MERGE,Hag.2.3
HAG 2:4,COPY_OR_MERGE,Hag.2.4
HAG 2:5,COPY_OR_MERGE,Hag.2.5
HAG 2:6,COPY_OR_MERGE,Hag.2.6
HAG 2:7,COPY_OR_MERGE,Hag.2.7
HAG 2:8,COPY_OR_MERGE,Hag.2.8
HAG 2:9,COPY_OR_MERGE,Hag.2.9
HAG 2:10,COPY_OR_MERGE,Hag.2.10
HAG 2:11,COPY_OR_MERGE,Hag.2.11
HAG 2:12,COPY_OR_MERGE,Hag.2.12
HAG 2:13,COPY_OR_MERGE,Hag.2.13
HAG 2:14,COPY_OR_MERGE,Hag.2.14
HAG 2:15,COPY_OR_MERGE,Hag.2.15
HAG 2:16,COPY_OR_MERGE,Hag.2.16
HAG 2:17,COPY_OR_MERGE,Hag.2.17
HAG 2:18,COPY_OR_MERGE,Hag.2.18
HAG 2:19,COPY_OR_MERGE,Hag.2.19
HAG 2:20,COPY_OR_MERGE,Hag.2.20
HAG 2:21,COPY_OR_MERGE,Hag.2.21
HAG 2:22,COPY_OR_MERGE,Hag.2.22
HAG 2:23,COPY_OR_MERGE,Hag.2.23
HOS 1:1,COPY_OR_MERGE,Hos.1.1
HOS 1:2,COPY_OR_MERGE,Hos.1.2
HOS 1:3,COPY_OR_MERGE,Hos.1.3
HOS 1:4,COPY_OR_MERGE,Hos.1.4
HOS 1:5,COPY_OR_MERGE,Hos.1.5
HOS 1:6,COPY_OR_MERGE,Hos.1.6
HOS 1:7,COPY_OR_MERGE,Hos.1.7
HOS 1:8,COPY_OR_MERGE,Hos.1.8
HOS 1:9,COPY_OR_MERGE,Hos.1.9
HOS 1:10,COPY_OR_MERGE,Hos.2.1
HOS 1:11,COPY_OR_MERGE,Hos.2.2
HOS 2:1,COPY_OR_MERGE,Hos.2.3
HOS 2:2,COPY_OR_MERGE,Hos.2.4
HOS 2:3,COPY_OR_MERGE,Hos.2.5
HOS 2:4,COPY_OR_MERGE,Hos.2.6
HOS 2:5,COPY_OR_MERGE,Hos.2.7
HOS 2:6,COPY_OR_MERGE,Hos.2.8
HOS 2:7,COPY_OR_MERGE,Hos.2.9
HOS 2:8,COPY_OR_MERGE,Hos.2.10
HOS 2:9,COPY_OR_MERGE,Hos.2.11
HOS 2:10,COPY_OR_MERGE,Hos.2.12
HOS 2:11,COPY_OR_MERGE,Hos.2.13
HOS 2:12,COPY_OR_MERGE,Hos.2.14
HOS 2:13,COPY_OR_MERGE,Hos.2.15
HOS 2:14,COPY_OR_MERGE,Hos.2.16
HOS 2:15,COPY_OR_MERGE,Hos.2.17
HOS 2:16,COPY_OR_MERGE,Hos.2.18
HOS 2:17,COPY_OR_MERGE,Hos.2.19
HOS 2:18,COPY_OR_MERGE,Hos.2.20
HOS 2:19,COPY_OR_MERGE,Hos.2.21
HOS 2:20,COPY_OR_MERGE,Hos.2.22
HOS 2:21,COPY_OR_MERGE,Hos.2.23
HOS 2:22,COPY_OR_MERGE,Hos.2.24
HOS 2:23,COPY_OR_MERGE,Hos.2.25
HOS 3:1,COPY_OR_MERGE,Hos.3.1
HOS 3:2,COPY_OR_MERGE,Hos.3.2
HOS 3:3,COPY_OR_MERGE,Hos.3.3
HOS 3:4,COPY_OR_MERGE,Hos.3.4
HOS 3:5,COPY_OR_MERGE,Hos.3.5
HOS 4:1,COPY_OR_MERGE,Hos.4.1
HOS 4:2,COPY_OR_MERGE,Hos.4.2
HOS 4:3,COPY_OR_MERGE,Hos.4.3
HOS 4:4,COPY_OR_MERGE,Hos.4.4
HOS 4:5,COPY_OR_MERGE,Hos.4.5
HOS 4:6,COPY_OR_MERGE,Hos.4.6
HOS 4:7,COPY_OR_MERGE,Hos.4.7
HOS 4:8,COPY_OR_MERGE,Hos.4.8
HOS 4:9,COPY_OR_MERGE,Hos.4.9
HOS 4:10,COPY_OR_MERGE,Hos.4.10
HOS 4:11,COPY_OR_MERGE,Hos.4.11
HOS 4:12,COPY_OR_MERGE,Hos.4.12
HOS 4:13,COPY_OR_MERGE,Hos.4.13
HOS 4:14,COPY_OR_MERGE,Hos.4.14
HOS 4:15,COPY_OR_MERGE,Hos.4.15
HOS 4:16,COPY_OR_MERGE,Hos.4.16
HOS 4:17,COPY_OR_MERGE,Hos.4.17
HOS 4:18,COPY_OR_MERGE,Hos.4.18
HOS 4:19,COPY_OR_MERGE,Hos.4.19
HOS 5:1,COPY_OR_MERGE,Hos.5.1
HOS 5:2,COPY_OR_MERGE,Hos.5.2
HOS 5:3,COPY_OR_MERGE,Hos.5.3
HOS 5:4,COPY_OR_MERGE,Hos.5.4
HOS 5:5,COPY_OR_MERGE,Hos.5.5
HOS 5:6,COPY_OR_MERGE,Hos.5.6
HOS 5:7,COPY_OR_MERGE,Hos.5.7
HOS 5:8,COPY_OR_MERGE,Hos.5.8
HOS 5:9,COPY_OR_MERGE,Hos.5.9
HOS 5:10,COPY_OR_MERGE,Hos.5.10
HOS 5:11,COPY_OR_MERGE,Hos.5.11
HOS 5:12,COPY_OR_MERGE,Hos.5.12
HOS 5:13,COPY_OR_MERGE,Hos.5.13
HOS 5:14,COPY_OR_MERGE,Hos.5.14
HOS 5:15,COPY_OR_MERGE,Hos.5.15
HOS 6:1,COPY_OR_MERGE,Hos.6.1
HOS 6:2,COPY_OR_MERGE,Hos.6.2
HOS 6:3,COPY_OR_MERGE,Hos.6.3
HOS 6:4,COPY_OR_MERGE,Hos.6.4
HOS 6:5,COPY_OR_MERGE,Hos.6.5
HOS 6:6,COPY_OR_MERGE,Hos.6.6
HOS 6:7,COPY_OR_MERGE,Hos.6.7
HOS 6:8,COPY_OR_MERGE,Hos.6.8
HOS 6:9,COPY_OR_MERGE,Hos.6.9
HOS 6:10,COPY_OR_MERGE,Hos.6.10
HOS 6:11,COPY_OR_MERGE,Hos.6.11
HOS 7:1,COPY_OR_MERGE,Hos.7.1
HOS 7:2,COPY_OR_MERGE,Hos.7.2
HOS 7:3,COPY_OR_MERGE,Hos.7.3
HOS 7:4,COPY_OR_MERGE,Hos.7.4
HOS 7:5,COPY_OR_MERGE,Hos.7.5
HOS 7:6,COPY_OR_MERGE,Hos.7.6
HOS 7:7,COPY_OR_MERGE,Hos.7.7
HOS 7:8,COPY_OR_MERGE,Hos.7.8
HOS 7:9,COPY_OR_MERGE,Hos.7.9
HOS 7:10,COPY_OR_MERGE,Hos.7.10
HOS 7:11,COPY_OR_MERGE,Hos.7.11
HOS 7:12,COPY_OR_MERGE,Hos.7.12
HOS 7:13,COPY_OR_MERGE,Hos.7.13
HOS 7:14,COPY_OR_MERGE,Hos.7.14
HOS 7:15,COPY_OR_MERGE,Hos.7.15
HOS 7:16,COPY_OR_MERGE,Hos.7.16
HOS 8:1,COPY_OR_MERGE,Hos.8.1
HOS 8:2,COPY_OR_MERGE,Hos.8.2
HOS 8:3,COPY_OR_MERGE,Hos.8.3
HOS 8:4,COPY_OR_MERGE,Hos.8.4
HOS 8:5,COPY_OR_MERGE,Hos.8.5
HOS 8:6,COPY_OR_MERGE,Hos.8.6
HOS 8:7,COPY_OR_MERGE,Hos.8.7
HOS 8:8,COPY_OR_MERGE,Hos.8.8
HOS 8:9,COPY_OR_MERGE,Hos.8.9
HOS 8:10,COPY_OR_MERGE,Hos.8.10
HOS 8:11,COPY_OR_MERGE,Hos.8.11
HOS 8:12,COPY_OR_MERGE,Hos.8.12
HOS 8:13,COPY_OR_MERGE,Hos.8.13
HOS 8:14,COPY_OR_MERGE,Hos.8.14
HOS 9:1,COPY_OR_MERGE,Hos.9.1
HOS 9:2,COPY_OR_MERGE,Hos.9.2
HOS 9:3,COPY_OR_MERGE,Hos.9.3
HOS 9:4,COPY_OR_MERGE,Hos.9.4
HOS 9:5,COPY_OR_MERGE,Hos.9.5
HOS 9:6,COPY_OR_MERGE,Hos.9.6
HOS 9:7,COPY_OR_MERGE,Hos.9.7
HOS 9:8,COPY_OR_MERGE,Hos.9.8
HOS 9:9,COPY_OR_MERGE,Hos.9.9
HOS 9:10,COPY_OR_MERGE,Hos.9.10
HOS 9:11,COPY_OR_MERGE,Hos.9.11
HOS 9:12,COPY_OR_MERGE,Hos.9.12
HOS 9:13,COPY_OR_MERGE,Hos.9.13
HOS 9:14,COPY_OR_MERGE,Hos.9.14
HOS 9:15,COPY_OR_MERGE,Hos.9.15
HOS 9:16,COPY_OR_MERGE,Hos.9.16
HOS 9:17,COPY_OR_MERGE,Hos.9.17
HOS 10:1,COPY_OR_MERGE,Hos.10.1
HOS 10:2,COPY_OR_MERGE,Hos.10.2
HOS 10:3,COPY_OR_MERGE,Hos.10.3
HOS 10:4,COPY_OR_MERGE,Hos.10.4
HOS 10:5,COPY_OR_MERGE,Hos.10.5
HOS 10:6,COPY_OR_MERGE,Hos.10.6
HOS 10:7,COPY_OR_MERGE,Hos.10.7
HOS 10:8,COPY_OR_MERGE,Hos.10.8
HOS 10:9,COPY_OR_MERGE,Hos.10.9
HOS 10:10,COPY_OR_MERGE,Hos.10.10
HOS 10:11,COPY_OR_MERGE,Hos.10.11
HOS 10:12,COPY_OR_MERGE,Hos.10.12
HOS 10:13,COPY_OR_MERGE,Hos.10.13
HOS 10:14,COPY_OR_MERGE,Hos.10.14
HOS 10:15,COPY_OR_MERGE,Hos.10.15
HOS 11:1,COPY_OR_MERGE,Hos.11.1
HOS 11:2,COPY_OR_MERGE,Hos.11.2
HOS 11:3,COPY_OR_MERGE,Hos.11.3
HOS 11:4,COPY_OR_MERGE,Hos.11.4
HOS 11:5,COPY_OR_MERGE,Hos.11.5
HOS 11:6,COPY_OR_MERGE,Hos.11.6
HOS 11:7,COPY_OR_MERGE,Hos.11.7
HOS 11:8,COPY_OR_MERGE,Hos.11.8
HOS 11:9,COPY_OR_MERGE,Hos.11.9
HOS 11:10,COPY_OR_MERGE,Hos.11.10
HOS 11:11,COPY_OR_MERGE,Hos.11.11
HOS 11:12,COPY_OR_MERGE,Hos.12.1
HOS 12:1,COPY_OR_MERGE,Hos.12.2
HOS 12:2,COPY_OR_MERGE,Hos.12.3
HOS 12:3,COPY_OR_MERGE,Hos.12.4
HOS 12:4,COPY_OR_MERGE,Hos.12.5
HOS 12:5,COPY_OR_MERGE,Hos.12.6
HOS 12:6,COPY_OR_MERGE,Hos.12.7
HOS 12:7,COPY_OR_MERGE,Hos.12.8
HOS 12:8,COPY_OR_MERGE,Hos.12.9
HOS 12:9,COPY_OR_MERGE,Hos.12.10
HOS 12:10,COPY_OR_MERGE,Hos.12.11
HOS 12:11,COPY_OR_MERGE,Hos.12.12
HOS 12:12,COPY_OR_MERGE,Hos.12.13
HOS 12:13,COPY_OR_MERGE,Hos.12.14
HOS 12:14,COPY_OR_MERGE,Hos.12.15
HOS 13:1,COPY_OR_MERGE,Hos.13.1
HOS 13:2,COPY_OR_MERGE,Hos.13.2
HOS 13:3,COPY_OR_MERGE,Hos.13.3
HOS 13:4,COPY_OR_MERGE,Hos.13.4
HOS 13:5,COPY_OR_MERGE,Hos.13.5
HOS 13:6,COPY_OR_MERGE,Hos.13.6
HOS 13:7,COPY_OR_MERGE,Hos.13.7
HOS 13:8,COPY_OR_MERGE,Hos.13.8
HOS 13:9,COPY_OR_MERGE,Hos.13.9
HOS 13:10,COPY_OR_MERGE,Hos.13.10
HOS 13:11,COPY_OR_MERGE,Hos.13.11
HOS 13:12,COPY_OR_MERGE,Hos.13.12
HOS 13:13,COPY_OR_MERGE,Hos.13.13
HOS 13:14,COPY_OR_MERGE,Hos.13.14
HOS 13:15,COPY_OR_MERGE,Hos.13.15
HOS 13:16,COPY_OR_MERGE,Hos.14.1
HOS 14:1,COPY_OR_MERGE,Hos.14.2
HOS 14:2,COPY_OR_MERGE,Hos.14.3
HOS 14:3,COPY_OR_MERGE,Hos.14.4
HOS 14:4,COPY_OR_MERGE,Hos.14.5
HOS 14:5,COPY_OR_MERGE,Hos.14.6
HOS 14:6,COPY_OR_MERGE,Hos.14.7
HOS 14:7,COPY_OR_MERGE,Hos.14.8
HOS 14:8,COPY_OR_MERGE,Hos.14.9
HOS 14:9,COPY_OR_MERGE,Hos.14.10
ISA 1:1,COPY_OR_MERGE,Isa.1.1
ISA 1:2,COPY_OR_MERGE,Isa.1.2
ISA 1:3,COPY_OR_MERGE,Isa.1.3
ISA 1:4,COPY_OR_MERGE,Isa.1.4
ISA 1:5,COPY_OR_MERGE,Isa.1.5
ISA 1:6,COPY_OR_MERGE,Isa.1.6
ISA 1:7,COPY_OR_MERGE,Isa.1.7
ISA 1:8,COPY_OR_MERGE,Isa.1.8
ISA 1:9,COPY_OR_MERGE,Isa.1.9
ISA 1:10,COPY_OR_MERGE,Isa.1.10
ISA 1:11,COPY_OR_MERGE,Isa.1.11
ISA 1:12,COPY_OR_MERGE,Isa.1.12
ISA 1:13,COPY_OR_MERGE,Isa.1.13
ISA 1:14,COPY_OR_MERGE,Isa.1.14
ISA 1:15,COPY_OR_MERGE,Isa.1.15
ISA 1:16,COPY_OR_MERGE,Isa.1.16
ISA 1:17,COPY_OR_MERGE,Isa.1.17
ISA 1:18,COPY_OR_MERGE,Isa.1.18
ISA 1:19,COPY_OR_MERGE,Isa.1.19
ISA 1:20,COPY_OR_MERGE,Isa.1.20
ISA 1:21,COPY_OR_MERGE,Isa.1.21
ISA 1:22,COPY_OR_MERGE,Isa.1.22
ISA 1:23,COPY_OR_MERGE,Isa.1.23
ISA 1:24,COPY_OR_MERGE,Isa.1.24
ISA 1:25,COPY_OR_MERGE,Isa.1.25
ISA 1:26,COPY_OR_MERGE,Isa.1.26
ISA 1:27,COPY_OR_MERGE,Isa.1.27
ISA 1:28,COPY_OR_MERGE,Isa.1.28
ISA 1:29,COPY_OR_MERGE,Isa.1.29
ISA 1:30,COPY_OR_MERGE,Isa.1.30
ISA 1:31,COPY_OR_MERGE,Isa.1.31
ISA 2:1,COPY_OR_MERGE,Isa.2.1
ISA 2:2,COPY_OR_MERGE,Isa.2.2
ISA 2:3,COPY_OR_MERGE,Isa.2.3
ISA 2:4,COPY_OR_MERGE,Isa.2.4
ISA 2:5,COPY_OR_MERGE,Isa.2.5
ISA 2:6,COPY_OR_MERGE,Isa.2.6
ISA 2:7,COPY_OR_MERGE,Isa.2.7
ISA 2:8,COPY_OR_MERGE,Isa.2.8
ISA 2:9,COPY_OR_MERGE,Isa.2.9
ISA 2:10,COPY_OR_MERGE,Isa.2.10
ISA 2:11,COPY_OR_MERGE,Isa.2.11
ISA 2:12,COPY_OR_MERGE,Isa.2.12
ISA 2:13,COPY_OR_MERGE,Isa.2.13
ISA 2:14,COPY_OR_MERGE,Isa.2.14
ISA 2:15,COPY_OR_MERGE,Isa.2.15
ISA 2:16,COPY_OR_MERGE,Isa.2.16
ISA 2:17,COPY_OR_MERGE,Isa.2.17
ISA 2:18,COPY_OR_MERGE,Isa.2.18
ISA 2:19,COPY_OR_MERGE,Isa.2.19
ISA 2:20,COPY_OR_MERGE,Isa.2.20
ISA 2:21,COPY_OR_MERGE,Isa.2.21
ISA 2:22,COPY_OR_MERGE,Isa.2.22
ISA 3:1,COPY_OR_MERGE,Isa.3.1
ISA 3:2,COPY_OR_MERGE,Isa.3.2
ISA 3:3,COPY_OR_MERGE,Isa.3.3
ISA 3:4,COPY_OR_MERGE,Isa.3.4
ISA 3:5,COPY_OR_MERGE,Isa.3.5
ISA 3:6,COPY_OR_MERGE,Isa.3.6
ISA 3:7,COPY_OR_MERGE,Isa.3.7
ISA 3:8,COPY_OR_MERGE,Isa.3.8
ISA 3:9,COPY_OR_MERGE,Isa.3.9
ISA 3:10,COPY_OR_MERGE,Isa.3.10
ISA 3:11,COPY_OR_MERGE,Isa.3.11
ISA 3:12,COPY_OR_MERGE,Isa.3.12
ISA 3:13,COPY_OR_MERGE,Isa.3.13
ISA 3:14,COPY_OR_MERGE,Isa.3.14
ISA 3:15,COPY_OR_MERGE,Isa.3.15
ISA 3:16,COPY_OR_MERGE,Isa.3.16
ISA 3:17,COPY_OR_MERGE,Isa.3.17
ISA 3:18,COPY_OR_MERGE,Isa.3.18
ISA 3:19,COPY_OR_MERGE,Isa.3.19
ISA 3:20,COPY_OR_MERGE,Isa.3.20
ISA 3:21,COPY_OR_MERGE,Isa.3.21
ISA 3:22,COPY_OR_MERGE,Isa.3.22
ISA 3:23,COPY_OR_MERGE,Isa.3.23
ISA 3:24,COPY_OR_MERGE,Isa.3.24
ISA 3:25,COPY_OR_MERGE,Isa.3.25
ISA 3:26,COPY_OR_MERGE,Isa.3.26
ISA 4:1,COPY_OR_MERGE,Isa.4.1
ISA 4:2,COPY_OR_MERGE,Isa.4.2
ISA 4:3,COPY_OR_MERGE,Isa.4.3
ISA 4:4,COPY_OR_MERGE,Isa.4.4
ISA 4:5,COPY_OR_MERGE,Isa.4.5
ISA 4:6,COPY_OR_MERGE,Isa.4.6
ISA 5:1,COPY_OR_MERGE,Isa.5.1
ISA 5:2,COPY_OR_MERGE,Isa.5.2
ISA 5:3,COPY_OR_MERGE,Isa.5.3
ISA 5:4,COPY_OR_MERGE,Isa.5.4
ISA 5:5,COPY_OR_MERGE,Isa.5.5
ISA 5:6,COPY_OR_MERGE,Isa.5.6
ISA 5:7,COPY_OR_MERGE,Isa.5.7
ISA 5:8,COPY_OR_MERGE,Isa.5.8
ISA 5:9,COPY_OR_MERGE,Isa.5.9
ISA 5:10,COPY_OR_MERGE,Isa.5.10
ISA 5:11,COPY_OR_MERGE,Isa.5.11
ISA 5:12,COPY_OR_MERGE,Isa.5.12
ISA 5:13,COPY_OR_MERGE,Isa.5.13
ISA 5:14,COPY_OR_MERGE,Isa.5.14
ISA 5:15,COPY_OR_MERGE,Isa.5.15
ISA 5:16,COPY_OR_MERGE,Isa.5.16
ISA 5:17,COPY_OR_MERGE,Isa.5.17
ISA 5:18,COPY_OR_MERGE,Isa.5.18
ISA 5:19,COPY_OR_MERGE,Isa.5.19
ISA 5:20,COPY_OR_MERGE,Isa.5.20
ISA 5:21,COPY_OR_MERGE,Isa.5.21
ISA 5:22,COPY_OR_MERGE,Isa.5.22
ISA 5:23,COPY_OR_MERGE,Isa.5.23
ISA 5:24,COPY_OR_MERGE,Isa.5.24
ISA 5:25,COPY_OR_MERGE,Isa.5.25
ISA 5:26,COPY_OR_MERGE,Isa.5.26
ISA 5:27,COPY_OR_MERGE,Isa.5.27
ISA 5:28,COPY_OR_MERGE,Isa.5.28
ISA 5:29,COPY_OR_MERGE,Isa.5.29
ISA 5:30,COPY_OR_MERGE,Isa.5.30
ISA 6:1,COPY_OR_MERGE,Isa.6.1
ISA 6:2,COPY_OR_MERGE,Isa.6.2
ISA 6:3,COPY_OR_MERGE,Isa.6.3
ISA 6:4,COPY_OR_MERGE,Isa.6.4
ISA 6:5,COPY_OR_MERGE,Isa.6.5
ISA 6:6,COPY_OR_MERGE,Isa.6.6
ISA 6:7,COPY_OR_MERGE,Isa.6.7
ISA 6:8,COPY_OR_MERGE,Isa.6.8
ISA 6:9,COPY_OR_MERGE,Isa.6.9
ISA 6:10,COPY_OR_MERGE,Isa.6.10
ISA 6:11,COPY_OR_MERGE,Isa.6.11
ISA 6:12,COPY_OR_MERGE,Isa.6.12
ISA 6:13,COPY_OR_MERGE,Isa.6.13
ISA 7:1,COPY_OR_MERGE,Isa.7.1
ISA 7:2,COPY_OR_MERGE,Isa.7.2
ISA 7:3,COPY_OR_MERGE,Isa.7.3
ISA 7:4,COPY_OR_MERGE,Isa.7.4
ISA 7:5,COPY_OR_MERGE,Isa.7.5
ISA 7:6,COPY_OR_MERGE,Isa.7.6
ISA 7:7,COPY_OR_MERGE,Isa.7.7
ISA 7:8,COPY_OR_MERGE,Isa.7.8
ISA 7:9,COPY_OR_MERGE,Isa.7.9
ISA 7:10,COPY_OR_MERGE,Isa.7.10
ISA 7:11,COPY_OR_MERGE,Isa.7.11
ISA 7:12,COPY_OR_MERGE,Isa.7.12
ISA 7:13,COPY_OR_MERGE,Isa.7.13
ISA 7:14,COPY_OR_MERGE,Isa.7.14
ISA 7:15,COPY_OR_MERGE,Isa.7.15
ISA 7:16,COPY_OR_MERGE,Isa.7.16
ISA 7:17,COPY_OR_MERGE,Isa.7.17
ISA 7:18,COPY_OR_MERGE,Isa.7.18
ISA 7:19,COPY_OR_MERGE,Isa.7.19
ISA 7:20,COPY_OR_MERGE,Isa.7.20
ISA 7:21,COPY_OR_MERGE,Isa.7.21
ISA 7:22,COPY_OR_MERGE,Isa.7.22
ISA 7:23,COPY_OR_MERGE,Isa.7.23
ISA 7:24,COPY_OR_MERGE,Isa.7.24
ISA 7:25,COPY_OR_MERGE,Isa.7.25
ISA 8:1,COPY_OR_MERGE,Isa.8.1
ISA 8:2,COPY_OR_MERGE,Isa.8.2
ISA 8:3,COPY_OR_MERGE,Isa.8.3
ISA 8:4,COPY_OR_MERGE,Isa.8.4
ISA 8:5,COPY_OR_MERGE,Isa.8.5
ISA 8:6,COPY_OR_MERGE,Isa.8.6
ISA 8:7,COPY_OR_MERGE,Isa.8.7
ISA 8:8,COPY_OR_MERGE,Isa.8.8
ISA 8:9,COPY_OR_MERGE,Isa.8.9
ISA 8:10,COPY_OR_MERGE,Isa.8.10
ISA 8:11,COPY_OR_MERGE,Isa.8.11
ISA 8:12,COPY_OR_MERGE,Isa.8.12
ISA 8:13,COPY_OR_MERGE,Isa.8.13
ISA 8:14,COPY_OR_MERGE,Isa.8.14
ISA 8:15,COPY_OR_MERGE,Isa.8.15
ISA 8:16,COPY_OR_MERGE,Isa.8.16
ISA 8:17,COPY_OR_MERGE,Isa.8.17
ISA 8:18,COPY_OR_MERGE,Isa.8.18
ISA 8:19,COPY_OR_MERGE,Isa.8.19
ISA 8:20,COPY_OR_MERGE,Isa.8.20
ISA 8:21,COPY_OR_MERGE,Isa.8.21
ISA 8:22,COPY_OR_MERGE,Isa.8.22
ISA 9:1,COPY_OR_MERGE,Isa.8.23
ISA 9:2,COPY_OR_MERGE,Isa.9.1
ISA 9:3,COPY_OR_MERGE,Isa.9.2
ISA 9:4,COPY_OR_MERGE,Isa.9.3
ISA 9:5,COPY_OR_MERGE,Isa.9.4
ISA 9:6,COPY_OR_MERGE,Isa.9.5
ISA 9:7,COPY_OR_MERGE,Isa.9.6
ISA 9:8,COPY_OR_MERGE,Isa.9.7
ISA 9:9,COPY_OR_MERGE,Isa.9.8
ISA 9:10,COPY_OR_MERGE,Isa.9.9
ISA 9:11,COPY_OR_MERGE,Isa.9.10
ISA 9:12,COPY_OR_MERGE,Isa.9.11
ISA 9:13,COPY_OR_MERGE,Isa.9.12
ISA 9:14,COPY_OR_MERGE,Isa.9.13
ISA 9:15,COPY_OR_MERGE,Isa.9.14
ISA 9:16,COPY_OR_MERGE,Isa.9.15
ISA 9:17,COPY_OR_MERGE,Isa.9.16
ISA 9:18,COPY_OR_MERGE,Isa.9.17
ISA 9:19,COPY_OR_MERGE,Isa.9.18
ISA 9:20,COPY_OR_MERGE,Isa.9.19
ISA 9:21,COPY_OR_MERGE,Isa.9.20
ISA 10:1,COPY_OR_MERGE,Isa.10.1
ISA 10:2,COPY_OR_MERGE,Isa.10.2
ISA 10:3,COPY_OR_MERGE,Isa.10.3
ISA 10:4,COPY_OR_MERGE,Isa.10.4
ISA 10:5,COPY_OR_MERGE,Isa.10.5
ISA 10:6,COPY_OR_MERGE,Isa.10.6
ISA 10:7,COPY_OR_MERGE,Isa.10.7
ISA 10:8,COPY_OR_MERGE,Isa.10.8
ISA 10:9,COPY_OR_MERGE,Isa.10.9
ISA 10:10,COPY_OR_MERGE,Isa.10.10
ISA 10:11,COPY_OR_MERGE,Isa.10.11
ISA 10:12,COPY_OR_MERGE,Isa.10.12
ISA 10:13,COPY_OR_MERGE,Isa.10.13
ISA 10:14,COPY_OR_MERGE,Isa.10.14
ISA 10:15,COPY_OR_MERGE,Isa.10.15
ISA 10:16,COPY_OR_MERGE,Isa.10.16
ISA 10:17,COPY_OR_MERGE,Isa.10.17
ISA 10:18,COPY_OR_MERGE,Isa.10.18
ISA 10:19,COPY_OR_MERGE,Isa.10.19
ISA 10:20,COPY_OR_MERGE,Isa.10.20
ISA 10:21,COPY_OR_MERGE,Isa.10.21
ISA 10:22,COPY_OR_MERGE,Isa.10.22
ISA 10:23,COPY_OR_MERGE,Isa.10.23
ISA 10:24,COPY_OR_MERGE,Isa.10.24
ISA 10:25,COPY_OR_MERGE,Isa.10.25
ISA 10:26,COPY_OR_MERGE,Isa.10.26
ISA 10:27,COPY_OR_MERGE,Isa.10.27
ISA 10:28,COPY_OR_MERGE,Isa.10.28
ISA 10:29,COPY_OR_MERGE,Isa.10.29
ISA 10:30,COPY_OR_MERGE,Isa.10.30
ISA 10:31,COPY_OR_MERGE,Isa.10.31
ISA 10:32,COPY_OR_MERGE,Isa.10.32
ISA 10:33,COPY_OR_MERGE,Isa.10.33
ISA 10:34,COPY_OR_MERGE,Isa.10.34
ISA 11:1,COPY_OR_MERGE,Isa.11.1
ISA 11:2,COPY_OR_MERGE,Isa.11.2
ISA 11:3,COPY_OR_MERGE,Isa.11.3
ISA 11:4,COPY_OR_MERGE,Isa.11.4
ISA 11:5,COPY_OR_MERGE,Isa.11.5
ISA 11:6,COPY_OR_MERGE,Isa.11.6
ISA 11:7,COPY_OR_MERGE,Isa.11.7
ISA 11:8,COPY_OR_MERGE,Isa.11.8
ISA 11:9,COPY_OR_MERGE,Isa.11.9
ISA 11:10,COPY_OR_MERGE,Isa.11.10
ISA 11:11,COPY_OR_MERGE,Isa.11.11
ISA 11:12,COPY_OR_MERGE,Isa.11.12
ISA 11:13,COPY_OR_MERGE,Isa.11.13
ISA 11:14,COPY_OR_MERGE,Isa.11.14
ISA 11:15,COPY_OR_MERGE,Isa.11.15
ISA 11:16,COPY_OR_MERGE,Isa.11.16
ISA 12:1,COPY_OR_MERGE,Isa.12.1
ISA 12:2,COPY_OR_MERGE,Isa.12.2
ISA 12:3,COPY_OR_MERGE,Isa.12.3
ISA 12:4,COPY_OR_MERGE,Isa.12.4
ISA 12:5,COPY_OR_MERGE,Isa.12.5
ISA 12:6,COPY_OR_MERGE,Isa.12.6
ISA 13:1,COPY_OR_MERGE,Isa.13.1
ISA 13:2,COPY_OR_MERGE,Isa.13.2
ISA 13:3,COPY_OR_MERGE,Isa.13.3
ISA 13:4,COPY_OR_MERGE,Isa.13.4
ISA 13:5,COPY_OR_MERGE,Isa.13.5
ISA 13:6,COPY_OR_MERGE,Isa.13.6
ISA 13:7,COPY_OR_MERGE,Isa.13.7
ISA 13:8,COPY_OR_MERGE,Isa.13.8
ISA 13:9,COPY_OR_MERGE,Isa.13.9
ISA 13:10,COPY_OR_MERGE,Isa.13.10
ISA 13:11,COPY_OR_MERGE,Isa.13.11
ISA 13:12,COPY_OR_MERGE,Isa.13.12
ISA 13:13,COPY_OR_MERGE,Isa.13.13
ISA 13:14,COPY_OR_MERGE,Isa.13.14
ISA 13:15,COPY_OR_MERGE,Isa.13.15
ISA 13:16,COPY_OR_MERGE,Isa.13.16
ISA 13:17,COPY_OR_MERGE,Isa.13.17
ISA 13:18,COPY_OR_MERGE,Isa.13.18
ISA 13:19,COPY_OR_MERGE,Isa.13.19
ISA 13:20,COPY_OR_MERGE,Isa.13.20
ISA 13:21,COPY_OR_MERGE,Isa.13.21
ISA 13:22,COPY_OR_MERGE,Isa.13.22
ISA 14:1,COPY_OR_MERGE,Isa.14.1
ISA 14:2,COPY_OR_MERGE,Isa.14.2
ISA 14:3,COPY_OR_MERGE,Isa.14.3
ISA 14:4,COPY_OR_MERGE,Isa.14.4
ISA 14:5,COPY_OR_MERGE,Isa.14.5
ISA 14:6,COPY_OR_MERGE,Isa.14.6
ISA 14:7,COPY_OR_MERGE,Isa.14.7
ISA 14:8,COPY_OR_MERGE,Isa.14.8
ISA 14:9,COPY_OR_MERGE,Isa.14.9
ISA 14:10,COPY_OR_MERGE,Isa.14.10
ISA 14:11,COPY_OR_MERGE,Isa.14.11
ISA 14:12,COPY_OR_MERGE,Isa.14.12
ISA 14:13,COPY_OR_MERGE,Isa.14.13
ISA 14:14,COPY_OR_MERGE,Isa.14.14
ISA 14:15,COPY_OR_MERGE,Isa.14.15
ISA 14:16,COPY_OR_MERGE,Isa.14.16
ISA 14:17,COPY_OR_MERGE,Isa.14.17
ISA 14:18,COPY_OR_MERGE,Isa.14.18
ISA 14:19,COPY_OR_MERGE,Isa.14.19
ISA 14:20,COPY_OR_MERGE,Isa.14.20
ISA 14:21,COPY_OR_MERGE,Isa.14.21
ISA 14:22,COPY_OR_MERGE,Isa.14.22
ISA 14:23,COPY_OR_MERGE,Isa.14.23
ISA 14:24,COPY_OR_MERGE,Isa.14.24
ISA 14:25,COPY_OR_MERGE,Isa.14.25
ISA 14:26,COPY_OR_MERGE,Isa.14.26
ISA 14:27,COPY_OR_MERGE,Isa.14.27
ISA 14:28,COPY_OR_MERGE,Isa.14.28
ISA 14:29,COPY_OR_MERGE,Isa.14.29
ISA 14:30,COPY_OR_MERGE,Isa.14.30
ISA 14:31,COPY_OR_MERGE,Isa.14.31
ISA 14:32,COPY_OR_MERGE,Isa.14.32
ISA 15:1,COPY_OR_MERGE,Isa.15.1
ISA 15:2,COPY_OR_MERGE,Isa.15.2
ISA 15:3,COPY_OR_MERGE,Isa.15.3
ISA 15:4,COPY_OR_MERGE,Isa.15.4
ISA 15:5,COPY_OR_MERGE,Isa.15.5
ISA 15:6,COPY_OR_MERGE,Isa.15.6
ISA 15:7,COPY_OR_MERGE,Isa.15.7
ISA 15:8,COPY_OR_MERGE,Isa.15.8
ISA 15:9,COPY_OR_MERGE,Isa.15.9
ISA 16:1,COPY_OR_MERGE,Isa.16.1
ISA 16:2,COPY_OR_MERGE,Isa.16.2
ISA 16:3,COPY_OR_MERGE,Isa.16.3
ISA 16:4,COPY_OR_MERGE,Isa.16.4
ISA 16:5,COPY_OR_MERGE,Isa.16.5
ISA 16:6,COPY_OR_MERGE,Isa.16.6
ISA 16:7,COPY_OR_MERGE,Isa.16.7
ISA 16:8,COPY_OR_MERGE,Isa.16.8
ISA 16:9,COPY_OR_MERGE,Isa.16.9
ISA 16:10,COPY_OR_MERGE,Isa.16.10
ISA 16:11,COPY_OR_MERGE,Isa.16.11
ISA 16:12,COPY_OR_MERGE,Isa.16.12
ISA 16:13,COPY_OR_MERGE,Isa.16.13
ISA 16:14,COPY_OR_MERGE,Isa.16.14
ISA 17:1,COPY_OR_MERGE,Isa.17.1
ISA 17:2,COPY_OR_MERGE,Isa.17.2
ISA 17:3,COPY_OR_MERGE,Isa.17.3
ISA 17:4,COPY_OR_MERGE,Isa.17.4
ISA 17:5,COPY_OR_MERGE,Isa.17.5
ISA 17:6,COPY_OR_MERGE,Isa.17.6
ISA 17:7,COPY_OR_MERGE,Isa.17.7
ISA 17:8,COPY_OR_MERGE,Isa.17.8
ISA 17:9,COPY_OR_MERGE,Isa.17.9
ISA 17:10,COPY_OR_MERGE,Isa.17.10
ISA 17:11,COPY_OR_MERGE,Isa.17.11
ISA 17:12,COPY_OR_MERGE,Isa.17.12
ISA 17:13,COPY_OR_MERGE,Isa.17.13
ISA 17:14,COPY_OR_MERGE,Isa.17.14
ISA 18:1,COPY_OR_MERGE,Isa.18.1
ISA 18:2,COPY_OR_MERGE,Isa.18.2
ISA 18:3,COPY_OR_MERGE,Isa.18.3
ISA 18:4,COPY_OR_MERGE,Isa.18.4
ISA 18:5,COPY_OR_MERGE,Isa.18.5
ISA 18:6,COPY_OR_MERGE,Isa.18.6
ISA 18:7,COPY_OR_MERGE,Isa.18.7
ISA 19:1,COPY_OR_MERGE,Isa.19.1
ISA 19:2,COPY_OR_MERGE,Isa.19.2
ISA 19:3,COPY_OR_MERGE,Isa.19.3
ISA 19:4,COPY_OR_MERGE,Isa.19.4
ISA 19:5,COPY_OR_MERGE,Isa.19.5
ISA 19:6,COPY_OR_MERGE,Isa.19.6
ISA 19:7,COPY_OR_MERGE,Isa.19.7
ISA 19:8,COPY_OR_MERGE,Isa.19.8
ISA 19:9,COPY_OR_MERGE,Isa.19.9
ISA 19:10,COPY_OR_MERGE,Isa.19.10
ISA 19:11,COPY_OR_MERGE,Isa.19.11
ISA 19:12,COPY_OR_MERGE,Isa.19.12
ISA 19:13,COPY_OR_MERGE,Isa.19.13
ISA 19:14,COPY_OR_MERGE,Isa.19.14
ISA 19:15,COPY_OR_MERGE,Isa.19.15
ISA 19:16,COPY_OR_MERGE,Isa.19.16
ISA 19:17,COPY_OR_MERGE,Isa.19.17
ISA 19:18,COPY_OR_MERGE,Isa.19.18
ISA 19:19,COPY_OR_MERGE,Isa.19.19
ISA 19:20,COPY_OR_MERGE,Isa.19.20
ISA 19:21,COPY_OR_MERGE,Isa.19.21
ISA 19:22,COPY_OR_MERGE,Isa.19.22
ISA 19:23,COPY_OR_MERGE,Isa.19.23
ISA 19:24,COPY_OR_MERGE,Isa.19.24
ISA 19:25,COPY_OR_MERGE,Isa.19.25
ISA 20:1,COPY_OR_MERGE,Isa.20.1
ISA 20:2,COPY_OR_MERGE,Isa.20.2
ISA 20:3,COPY_OR_MERGE,Isa.20.3
ISA 20:4,COPY_OR_MERGE,Isa.20.4
ISA 20:5,COPY_OR_MERGE,Isa.20.5
ISA 20:6,COPY_OR_MERGE,Isa.20.6
ISA 21:1,COPY_OR_MERGE,Isa.21.1
ISA 21:2,COPY_OR_MERGE,Isa.21.2
ISA 21:3,COPY_OR_MERGE,Isa.21.3
ISA 21:4,COPY_OR_MERGE,Isa.21.4
ISA 21:5,COPY_OR_MERGE,Isa.21.5
ISA 21:6,COPY_OR_MERGE,Isa.21.6
ISA 21:7,COPY_OR_MERGE,Isa.21.7
ISA 21:8,COPY_OR_MERGE,Isa.21.8
ISA 21:9,COPY_OR_MERGE,Isa.21.9
ISA 21:10,COPY_OR_MERGE,Isa.21.10
ISA 21:11,COPY_OR_MERGE,Isa.21.11
ISA 21:12,COPY_OR_MERGE,Isa.21.12
ISA 21:13,COPY_OR_MERGE,Isa.21.13
ISA 21:14,COPY_OR_MERGE,Isa.21.14
ISA 21:15,COPY_OR_MERGE,Isa.21.15
ISA 21:16,COPY_OR_MERGE,Isa.21.16
ISA 21:17,COPY_OR_MERGE,Isa.21.17
ISA 22:1,COPY_OR_MERGE,Isa.22.1
ISA 22:2,COPY_OR_MERGE,Isa.22.2
ISA 22:3,COPY_OR_MERGE,Isa.22.3
ISA 22:4,COPY_OR_MERGE,Isa.22.4
ISA 22:5,COPY_OR_MERGE,Isa.22.5
ISA 22:6,COPY_OR_MERGE,Isa.22.6
ISA 22:7,COPY_OR_MERGE,Isa.22.7
ISA 22:8,COPY_OR_MERGE,Isa.22.8
ISA 22:9,COPY_OR_MERGE,Isa.22.9
ISA 22:10,COPY_OR_MERGE,Isa.22.10
ISA 22:11,COPY_OR_MERGE,Isa.22.11
ISA 22:12,COPY_OR_MERGE,Isa.22.12
ISA 22:13,COPY_OR_MERGE,Isa.22.13
ISA 22:14,COPY_OR_MERGE,Isa.22.14
ISA 22:15,COPY_OR_MERGE,Isa.22.15
ISA 22:16,COPY_OR_MERGE,Isa.22.16
ISA 22:17,COPY_OR_MERGE,Isa.22.17
ISA 22:18,COPY_OR_MERGE,Isa.22.18
ISA 22:19,COPY_OR_MERGE,Isa.22.19
ISA 22:20,COPY_OR_MERGE,Isa.22.20
ISA 22:21,COPY_OR_MERGE,Isa.22.21
ISA 22:22,COPY_OR_MERGE,Isa.22.22
ISA 22:23,COPY_OR_MERGE,Isa.22.23
ISA 22:24,COPY_OR_MERGE,Isa.22.24
ISA 22:25,COPY_OR_MERGE,Isa.22.25
ISA 23:1,COPY_OR_MERGE,Isa.23.1
ISA 23:2,COPY_OR_MERGE,Isa.23.2
ISA 23:3,COPY_OR_MERGE,Isa.23.3
ISA 23:4,COPY_OR_MERGE,Isa.23.4
ISA 23:5,COPY_OR_MERGE,Isa.23.5
ISA 23:6,COPY_OR_MERGE,Isa.23.6
ISA 23:7,COPY_OR_MERGE,Isa.23.7
ISA 23:8,COPY_OR_MERGE,Isa.23.8
ISA 23:9,COPY_OR_MERGE,Isa.23.9
ISA 23:10,COPY_OR_MERGE,Isa.23.10
ISA 23:11,COPY_OR_MERGE,Isa.23.11
ISA 23:12,COPY_OR_MERGE,Isa.23.12
ISA 23:13,COPY_OR_MERGE,Isa.23.13
ISA 23:14,COPY_OR_MERGE,Isa.23.14
ISA 23:15,COPY_OR_MERGE,Isa.23.15
ISA 23:16,COPY_OR_MERGE,Isa.23.16
ISA 23:17,COPY_OR_MERGE,Isa.23.17
ISA 23:18,COPY_OR_MERGE,Isa.23.18
ISA 24:1,COPY_OR_MERGE,Isa.24.1
ISA 24:2,COPY_OR_MERGE,Isa.24.2
ISA 24:3,COPY_OR_MERGE,Isa.24.3
ISA 24:4,COPY_OR_MERGE,Isa.24.4
ISA 24:5,COPY_OR_MERGE,Isa.24.5
ISA 24:6,COPY_OR_MERGE,Isa.24.6
ISA 24:7,COPY_OR_MERGE,Isa.24.7
ISA 24:8,COPY_OR_MERGE,Isa.24.8
ISA 24:9,COPY_OR_MERGE,Isa.24.9
ISA 24:10,COPY_OR_MERGE,Isa.24.10
ISA 24:11,COPY_OR_MERGE,Isa.24.11
ISA 24:12,COPY_OR_MERGE,Isa.24.12
ISA 24:13,COPY_OR_MERGE,Isa.24.13
ISA 24:14,COPY_OR_MERGE,Isa.24.14
ISA 24:15,COPY_OR_MERGE,Isa.24.15
ISA 24:16,COPY_OR_MERGE,Isa.24.16
ISA 24:17,COPY_OR_MERGE,Isa.24.17
ISA 24:18,COPY_OR_MERGE,Isa.24.18
ISA 24:19,COPY_OR_MERGE,Isa.24.19
ISA 24:20,COPY_OR_MERGE,Isa.24.20
ISA 24:21,COPY_OR_MERGE,Isa.24.21
ISA 24:22,COPY_OR_MERGE,Isa.24.22
ISA 24:23,COPY_OR_MERGE,Isa.24.23
ISA 25:1,COPY_OR_MERGE,Isa.25.1
ISA 25:2,COPY_OR_MERGE,Isa.25.2
ISA 25:3,COPY_OR_MERGE,Isa.25.3
ISA 25:4,COPY_OR_MERGE,Isa.25.4
ISA 25:5,COPY_OR_MERGE,Isa.25.5
ISA 25:6,COPY_OR_MERGE,Isa.25.6
ISA 25:7,COPY_OR_MERGE,Isa.25.7
ISA 25:8,COPY_OR_MERGE,Isa.25.8
ISA 25:9,COPY_OR_MERGE,Isa.25.9
ISA 25:10,COPY_OR_MERGE,Isa.25.10
ISA 25:11,COPY_OR_MERGE,Isa.25.11
ISA 25:12,COPY_OR_MERGE,Isa.25.12
ISA 26:1,COPY_OR_MERGE,Isa.26.1
ISA 26:2,COPY_OR_MERGE,Isa.26.2
ISA 26:3,COPY_OR_MERGE,Isa.26.3
ISA 26:4,COPY_OR_MERGE,Isa.26.4
ISA 26:5,COPY_OR_MERGE,Isa.26.5
ISA 26:6,COPY_OR_MERGE,Isa.26.6
ISA 26:7,COPY_OR_MERGE,Isa.26.7
ISA 26:8,COPY_OR_MERGE,Isa.26.8
ISA 26:9,COPY_OR_MERGE,Isa.26.9
ISA 26:10,COPY_OR_MERGE,Isa.26.10
ISA 26:11,COPY_OR_MERGE,Isa.26.11
ISA 26:12,COPY_OR_MERGE,Isa.26.12
ISA 26:13,COPY_OR_MERGE,Isa.26.13
ISA 26:14,COPY_OR_MERGE,Isa.26.14
ISA 26:15,COPY_OR_MERGE,Isa.26.15
ISA 26:16,COPY_OR_MERGE,Isa.26.16
ISA 26:17,COPY_OR_MERGE,Isa.26.17
ISA 26:18,COPY_OR_MERGE,Isa.26.18
ISA 26:19,COPY_OR_MERGE,Isa.26.19
ISA 26:20,COPY_OR_MERGE,Isa.26.20
ISA 26:21,COPY_OR_MERGE,Isa.26.21
ISA 27:1,COPY_OR_MERGE,Isa.27.1
ISA 27:2,COPY_OR_MERGE,Isa.27.2
ISA 27:3,COPY_OR_MERGE,Isa.27.3
ISA 27:4,COPY_OR_MERGE,Isa.27.4
ISA 27:5,COPY_OR_MERGE,Isa.27.5
ISA 27:6,COPY_OR_MERGE,Isa.27.6
ISA 27:7,COPY_OR_MERGE,Isa.27.7
ISA 27:8,COPY_OR_MERGE,Isa.27.8
ISA 27:9,COPY_OR_MERGE,Isa.27.9
ISA 27:10,COPY_OR_MERGE,Isa.27.10
ISA 27:11,COPY_OR_MERGE,Isa.27.11
ISA 27:12,COPY_OR_MERGE,Isa.27.12
ISA 27:13,COPY_OR_MERGE,Isa.27.13
ISA 28:1,COPY_OR_MERGE,Isa.28.1
ISA 28:2,COPY_OR_MERGE,Isa.28.2
ISA 28:3,COPY_OR_MERGE,Isa.28.3
ISA 28:4,COPY_OR_MERGE,Isa.28.4
ISA 28:5,COPY_OR_MERGE,Isa.28.5
ISA 28:6,COPY_OR_MERGE,Isa.28.6
ISA 28:7,COPY_OR_MERGE,Isa.28.7
ISA 28:8,COPY_OR_MERGE,Isa.28.8
ISA 28:9,COPY_OR_MERGE,Isa.28.9
ISA 28:10,COPY_OR_MERGE,Isa.28.10
ISA 28:11,COPY_OR_MERGE,Isa.28.11
ISA 28:12,COPY_OR_MERGE,Isa.28.12
ISA 28:13,COPY_OR_MERGE,Isa.28.13
ISA 28:14,COPY_OR_MERGE,Isa.28.14
ISA 28:15,COPY_OR_MERGE,Isa.28.15
ISA 28:16,COPY_OR_MERGE,Isa.28.16
ISA 28:17,COPY_OR_MERGE,Isa.28.17
ISA 28:18,COPY_OR_MERGE,Isa.28.18
ISA 28:19,COPY_OR_MERGE,Isa.28.19
ISA 28:20,COPY_OR_MERGE,Isa.28.20
ISA 28:21,COPY_OR_MERGE,Isa.28.21
ISA 28:22,COPY_OR_MERGE,Isa.28.22
ISA 28:23,COPY_OR_MERGE,Isa.28.23
ISA 28:24,COPY_OR_MERGE,Isa.28.24
ISA 28:25,COPY_OR_MERGE,Isa.28.25
ISA 28:26,COPY_OR_MERGE,Isa.28.26
ISA 28:27,COPY_OR_MERGE,Isa.28.27
ISA 28:28,COPY_OR_MERGE,Isa.28.28
ISA 28:29,COPY_OR_MERGE,Isa.28.29
ISA 29:1,COPY_OR_MERGE,Isa.29.1
ISA 29:2,COPY_OR_MERGE,Isa.29.2
ISA 29:3,COPY_OR_MERGE,Isa.29.3
ISA 29:4,COPY_OR_MERGE,Isa.29.4
ISA 29:5,COPY_OR_MERGE,Isa.29.5
ISA 29:6,COPY_OR_MERGE,Isa.29.6
ISA 29:7,COPY_OR_MERGE,Isa.29.7
ISA 29:8,COPY_OR_MERGE,Isa.29.8
ISA 29:9,COPY_OR_MERGE,Isa.29.9
ISA 29:10,COPY_OR_MERGE,Isa.29.10
ISA 29:11,COPY_OR_MERGE,Isa.29.11
ISA 29:12,COPY_OR_MERGE,Isa.29.12
ISA 29:13,COPY_OR_MERGE,Isa.29.13
ISA 29:14,COPY_OR_MERGE,Isa.29.14
ISA 29:15,COPY_OR_MERGE,Isa.29.15
ISA 29:16,COPY_OR_MERGE,Isa.29.16
ISA 29:17,COPY_OR_MERGE,Isa.29.17
ISA 29:18,COPY_OR_MERGE,Isa.29.18
ISA 29:19,COPY_OR_MERGE,Isa.29.19
ISA 29:20,COPY_OR_MERGE,Isa.29.20
ISA 29:21,COPY_OR_MERGE,Isa.29.21
ISA 29:22,COPY_OR_MERGE,Isa.29.22
ISA 29:23,COPY_OR_MERGE,Isa.29.23
ISA 29:24,COPY_OR_MERGE,Isa.29.24
ISA 30:1,COPY_OR_MERGE,Isa.30.1
ISA 30:2,COPY_OR_MERGE,Isa.30.2
ISA 30:3,COPY_OR_MERGE,Isa.30.3
ISA 30:4,COPY_OR_MERGE,Isa.30.4
ISA 30:5,COPY_OR_MERGE,Isa.30.5
ISA 30:6,COPY_OR_MERGE,Isa.30.6
ISA 30:7,COPY_OR_MERGE,Isa.30.7
ISA 30:8,COPY_OR_MERGE,Isa.30.8
ISA 30:9,COPY_OR_MERGE,Isa.30.9
ISA 30:10,COPY_OR_MERGE,Isa.30.10
ISA 30:11,COPY_OR_MERGE,Isa.30.11
ISA 30:12,COPY_OR_MERGE,Isa.30.12
ISA 30:13,COPY_OR_MERGE,Isa.30.13
ISA 30:14,COPY_OR_MERGE,Isa.30.14
ISA 30:15,COPY_OR_MERGE,Isa.30.15
ISA 30:16,COPY_OR_MERGE,Isa.30.16
ISA 30:17,COPY_OR_MERGE,Isa.30.17
ISA 30:18,COPY_OR_MERGE,Isa.30.18
ISA 30:19,COPY_OR_MERGE,Isa.30.19
ISA 30:20,COPY_OR_MERGE,Isa.30.20
ISA 30:21,COPY_OR_MERGE,Isa.30.21
ISA 30:22,COPY_OR_MERGE,Isa.30.22
ISA 30:23,COPY_OR_MERGE,Isa.30.23
ISA 30:24,COPY_OR_MERGE,Isa.30.24
ISA 30:25,COPY_OR_MERGE,Isa.30.25
ISA 30:26,COPY_OR_MERGE,Isa.30.26
ISA 30:27,COPY_OR_MERGE,Isa.30.27
ISA 30:28,COPY_OR_MERGE,Isa.30.28
ISA 30:29,COPY_OR_MERGE,Isa.30.29
ISA 30:30,COPY_OR_MERGE,Isa.30.30
ISA 30:31,COPY_OR_MERGE,Isa.30.31
ISA 30:32,COPY_OR_MERGE,Isa.30.32
ISA 30:33,COPY_OR_MERGE,Isa.30.33
ISA 31:1,COPY_OR_MERGE,Isa.31.1
ISA 31:2,COPY_OR_MERGE,Isa.31.2
ISA 31:3,COPY_OR_MERGE,Isa.31.3
ISA 31:4,COPY_OR_MERGE,Isa.31.4
ISA 31:5,COPY_OR_MERGE,Isa.31.5
ISA 31:6,COPY_OR_MERGE,Isa.31.6
ISA 31:7,COPY_OR_MERGE,Isa.31.7
ISA 31:8,COPY_OR_MERGE,Isa.31.8
ISA 31:9,COPY_OR_MERGE,Isa.31.9
ISA 32:1,COPY_OR_MERGE,Isa.32.1
ISA 32:2,COPY_OR_MERGE,Isa.32.2
ISA 32:3,COPY_OR_MERGE,Isa.32.3
ISA 32:4,COPY_OR_MERGE,Isa.32.4
ISA 32:5,COPY_OR_MERGE,Isa.32.5
ISA 32:6,COPY_OR_MERGE,Isa.32.6
ISA 32:7,COPY_OR_MERGE,Isa.32.7
ISA 32:8,COPY_OR_MERGE,Isa.32.8
ISA 32:9,COPY_OR_MERGE,Isa.32.9
ISA 32:10,COPY_OR_MERGE,Isa.32.10
ISA 32:11,COPY_OR_MERGE,Isa.32.11
ISA 32:12,COPY_OR_MERGE,Isa.32.12
ISA 32:13,COPY_OR_MERGE,Isa.32.13
ISA 32:14,COPY_OR_MERGE,Isa.32.14
ISA 32:15,COPY_OR_MERGE,Isa.32.15
ISA 32:16,COPY_OR_MERGE,Isa.32.16
ISA 32:17,COPY_OR_MERGE,Isa.32.17
ISA 32:18,COPY_OR_MERGE,Isa.32.18
ISA 32:19,COPY_OR_MERGE,Isa.32.19
ISA 32:20,COPY_OR_MERGE,Isa.32.20
ISA 33:1,COPY_OR_MERGE,Isa.33.1
ISA 33:2,COPY_OR_MERGE,Isa.33.2
ISA 33:3,COPY_OR_MERGE,Isa.33.3
ISA 33:4,COPY_OR_MERGE,Isa.33.4
ISA 33:5,COPY_OR_MERGE,Isa.33.5
ISA 33:6,COPY_OR_MERGE,Isa.33.6
ISA 33:7,COPY_OR_MERGE,Isa.33.7
ISA 33:8,COPY_OR_MERGE,Isa.33.8
ISA 33:9,COPY_OR_MERGE,Isa.33.9
ISA 33:10,COPY_OR_MERGE,Isa.33.10
ISA 33:11,COPY_OR_MERGE,Isa.33.11
ISA 33:12,COPY_OR_MERGE,Isa.33.12
ISA 33:13,COPY_OR_MERGE,Isa.33.13
ISA 33:14,COPY_OR_MERGE,Isa.33.14
ISA 33:15,COPY_OR_MERGE,Isa.33.15
ISA 33:16,COPY_OR_MERGE,Isa.33.16
ISA 33:17,COPY_OR_MERGE,Isa.33.17
ISA 33:18,COPY_OR_MERGE,Isa.33.18
ISA 33:19,COPY_OR_MERGE,Isa.33.19
ISA 33:20,COPY_OR_MERGE,Isa.33.20
ISA 33:21,COPY_OR_MERGE,Isa.33.21
ISA 33:22,COPY_OR_MERGE,Isa.33.22
ISA 33:23,COPY_OR_MERGE,Isa.33.23
ISA 33:24,COPY_OR_MERGE,Isa.33.24
ISA 34:1,COPY_OR_MERGE,Isa.34.1
ISA 34:2,COPY_OR_MERGE,Isa.34.2
ISA 34:3,COPY_OR_MERGE,Isa.34.3
ISA 34:4,COPY_OR_MERGE,Isa.34.4
ISA 34:5,COPY_OR_MERGE,Isa.34.5
ISA 34:6,COPY_OR_MERGE,Isa.34.6
ISA 34:7,COPY_OR_MERGE,Isa.34.7
ISA 34:8,COPY_OR_MERGE,Isa.34.8
ISA 34:9,COPY_OR_MERGE,Isa.34.9
ISA 34:10,COPY_OR_MERGE,Isa.34.10
ISA 34:11,COPY_OR_MERGE,Isa.34.11
ISA 34:12,COPY_OR_MERGE,Isa.34.12
ISA 34:13,COPY_OR_MERGE,Isa.34.13
ISA 34:14,COPY_OR_MERGE,Isa.34.14
ISA 34:15,COPY_OR_MERGE,Isa.34.15
ISA 34:16,COPY_OR_MERGE,Isa.34.16
ISA 34:17,COPY_OR_MERGE,Isa.34.17
ISA 35:1,COPY_OR_MERGE,Isa.35.1
ISA 35:2,COPY_OR_MERGE,Isa.35.2
ISA 35:3,COPY_OR_MERGE,Isa.35.3
ISA 35:4,COPY_OR_MERGE,Isa.35.4
ISA 35:5,COPY_OR_MERGE,Isa.35.5
ISA 35:6,COPY_OR_MERGE,Isa.35.6
ISA 35:7,COPY_OR_MERGE,Isa.35.7
ISA 35:8,COPY_OR_MERGE,Isa.35.8
ISA 35:9,COPY_OR_MERGE,Isa.35.9
ISA 35:10,COPY_OR_MERGE,Isa.35.10
ISA 36:1,COPY_OR_MERGE,Isa.36.1
ISA 36:2,COPY_OR_MERGE,Isa.36.2
ISA 36:3,COPY_OR_MERGE,Isa.36.3
ISA 36:4,COPY_OR_MERGE,Isa.36.4
ISA 36:5,COPY_OR_MERGE,Isa.36.5
ISA 36:6,COPY_OR_MERGE,Isa.36.6
ISA 36:7,COPY_OR_MERGE,Isa.36.7
ISA 36:8,COPY_OR_MERGE,Isa.36.8
ISA 36:9,COPY_OR_MERGE,Isa.36.9
ISA 36:10,COPY_OR_MERGE,Isa.36.10
ISA 36:11,COPY_OR_MERGE,Isa.36.11
ISA 36:12,COPY_OR_MERGE,Isa.36.12
ISA 36:13,COPY_OR_MERGE,Isa.36.13
ISA 36:14,COPY_OR_MERGE,Isa.36.14
ISA 36:15,COPY_OR_MERGE,Isa.36.15
ISA 36:16,COPY_OR_MERGE,Isa.36.16
ISA 36:17,COPY_OR_MERGE,Isa.36.17
ISA 36:18,COPY_OR_MERGE,Isa.36.18
ISA 36:19,COPY_OR_MERGE,Isa.36.19
ISA 36:20,COPY_OR_MERGE,Isa.36.20
ISA 36:21,COPY_OR_MERGE,Isa.36.21
ISA 36:22,COPY_OR_MERGE,Isa.36.22
ISA 37:1,COPY_OR_MERGE,Isa.37.1
ISA 37:2,COPY_OR_MERGE,Isa.37.2
ISA 37:3,COPY_OR_MERGE,Isa.37.3
ISA 37:4,COPY_OR_MERGE,Isa.37.4
ISA 37:5,COPY_OR_MERGE,Isa.37.5
ISA 37:6,COPY_OR_MERGE,Isa.37.6
ISA 37:7,COPY_OR_MERGE,Isa.37.7
ISA 37:8,COPY_OR_MERGE,Isa.37.8
ISA 37:9,COPY_OR_MERGE,Isa.37.9
ISA 37:10,COPY_OR_MERGE,Isa.37.10
ISA 37:11,COPY_OR_MERGE,Isa.37.11
ISA 37:12,COPY_OR_MERGE,Isa.37.12
ISA 37:13,COPY_OR_MERGE,Isa.37.13
ISA 37:14,COPY_OR_MERGE,Isa.37.14
ISA 37:15,COPY_OR_MERGE,Isa.37.15
ISA 37:16,COPY_OR_MERGE,Isa.37.16
ISA 37:17,COPY_OR_MERGE,Isa.37.17
ISA 37:18,COPY_OR_MERGE,Isa.37.18
ISA 37:19,COPY_OR_MERGE,Isa.37.19
ISA 37:20,COPY_OR_MERGE,Isa.37.20
ISA 37:21,COPY_OR_MERGE,Isa.37.21
ISA 37:22,COPY_OR_MERGE,Isa.37.22
ISA 37:23,COPY_OR_MERGE,Isa.37.23
ISA 37:24,COPY_OR_MERGE,Isa.37.24
ISA 37:25,COPY_OR_MERGE,Isa.37.25
ISA 37:26,COPY_OR_MERGE,Isa.37.26
ISA 37:27,COPY_OR_MERGE,Isa.37.27
ISA 37:28,COPY_OR_MERGE,Isa.37.28
ISA 37:29,COPY_OR_MERGE,Isa.37.29
ISA 37:30,COPY_OR_MERGE,Isa.37.30
ISA 37:31,COPY_OR_MERGE,Isa.37.31
ISA 37:32,COPY_OR_MERGE,Isa.37.32
ISA 37:33,COPY_OR_MERGE,Isa.37.33
ISA 37:34,COPY_OR_MERGE,Isa.37.34
ISA 37:35,COPY_OR_MERGE,Isa.37.35
ISA 37:36,COPY_OR_MERGE,Isa.37.36
ISA 37:37,COPY_OR_MERGE,Isa.37.37
ISA 37:38,COPY_OR_MERGE,Isa.37.38
ISA 38:1,COPY_OR_MERGE,Isa.38.1
ISA 38:2,COPY_OR_MERGE,Isa.38.2
ISA 38:3,COPY_OR_MERGE,Isa.38.3
ISA 38:4,COPY_OR_MERGE,Isa.38.4
ISA 38:5,COPY_OR_MERGE,Isa.38.5
ISA 38:6,COPY_OR_MERGE,Isa.38.6
ISA 38:7,COPY_OR_MERGE,Isa.38.7
ISA 38:8,COPY_OR_MERGE,Isa.38.8
ISA 38:9,COPY_OR_MERGE,Isa.38.9
ISA 38:10,COPY_OR_MERGE,Isa.38.10
ISA 38:11,COPY_OR_MERGE,Isa.38.11
ISA 38:12,COPY_OR_MERGE,Isa.38.12
ISA 38:13,COPY_OR_MERGE,Isa.38.13
ISA 38:14,COPY_OR_MERGE,Isa.38.14
ISA 38:15,COPY_OR_MERGE,Isa.38.15
ISA 38:16,COPY_OR_MERGE,Isa.38.16
ISA 38:17,COPY_OR_MERGE,Isa.38.17
ISA 38:18,COPY_OR_MERGE,Isa.38.18
ISA 38:19,COPY_OR_MERGE,Isa.38.19
ISA 38:20,COPY_OR_MERGE,Isa.38.20
ISA 38:21,COPY_OR_MERGE,Isa.38.21
ISA 38:22,COPY_OR_MERGE,Isa.38.22
ISA 39:1,COPY_OR_MERGE,Isa.39.1
ISA 39:2,COPY_OR_MERGE,Isa.39.2
ISA 39:3,COPY_OR_MERGE,Isa.39.3
ISA 39:4,COPY_OR_MERGE,Isa.39.4
ISA 39:5,COPY_OR_MERGE,Isa.39.5
ISA 39:6,COPY_OR_MERGE,Isa.39.6
ISA 39:7,COPY_OR_MERGE,Isa.39.7
ISA 39:8,COPY_OR_MERGE,Isa.39.8
ISA 40:1,COPY_OR_MERGE,Isa.40.1
ISA 40:2,COPY_OR_MERGE,Isa.40.2
ISA 40:3,COPY_OR_MERGE,Isa.40.3
ISA 40:4,COPY_OR_MERGE,Isa.40.4
ISA 40:5,COPY_OR_MERGE,Isa.40.5
ISA 40:6,COPY_OR_MERGE,Isa.40.6
ISA 40:7,COPY_OR_MERGE,Isa.40.7
ISA 40:8,COPY_OR_MERGE,Isa.40.8
ISA 40:9,COPY_OR_MERGE,Isa.40.9
ISA 40:10,COPY_OR_MERGE,Isa.40.10
ISA 40:11,COPY_OR_MERGE,Isa.40.11
ISA 40:12,COPY_OR_MERGE,Isa.40.12
ISA 40:13,COPY_OR_MERGE,Isa.40.13
ISA 40:14,COPY_OR_MERGE,Isa.40.14
ISA 40:15,COPY_OR_MERGE,Isa.40.15
ISA 40:16,COPY_OR_MERGE,Isa.40.16
ISA 40:17,COPY_OR_MERGE,Isa.40.17
ISA 40:18,COPY_OR_MERGE,Isa.40.18
ISA 40:19,COPY_OR_MERGE,Isa.40.19
ISA 40:20,COPY_OR_MERGE,Isa.40.20
ISA 40:21,COPY_OR_MERGE,Isa.40.21
ISA 40:22,COPY_OR_MERGE,Isa.40.22
ISA 40:23,COPY_OR_MERGE,Isa.40.23
ISA 40:24,COPY_OR_MERGE,Isa.40.24
ISA 40:25,COPY_OR_MERGE,Isa.40.25
ISA 40:26,COPY_OR_MERGE,Isa.40.26
ISA 40:27,COPY_OR_MERGE,Isa.40.27
ISA 40:28,COPY_OR_MERGE,Isa.40.28
ISA 40:29,COPY_OR_MERGE,Isa.40.29
ISA 40:30,COPY_OR_MERGE,Isa.40.30
ISA 40:31,COPY_OR_MERGE,Isa.40.31
ISA 41:1,COPY_OR_MERGE,Isa.41.1
ISA 41:2,COPY_OR_MERGE,Isa.41.2
ISA 41:3,COPY_OR_MERGE,Isa.41.3
ISA 41:4,COPY_OR_MERGE,Isa.41.4
ISA 41:5,COPY_OR_MERGE,Isa.41.5
ISA 41:6,COPY_OR_MERGE,Isa.41.6
ISA 41:7,COPY_OR_MERGE,Isa.41.7
ISA 41:8,COPY_OR_MERGE,Isa.41.8
ISA 41:9,COPY_OR_MERGE,Isa.41.9
ISA 41:10,COPY_OR_MERGE,Isa.41.10
ISA 41:11,COPY_OR_MERGE,Isa.41.11
ISA 41:12,COPY_OR_MERGE,Isa.41.12
ISA 41:13,COPY_OR_MERGE,Isa.41.13
ISA 41:14,COPY_OR_MERGE,Isa.41.14
ISA 41:15,COPY_OR_MERGE,Isa.41.15
ISA 41:16,COPY_OR_MERGE,Isa.41.16
ISA 41:17,COPY_OR_MERGE,Isa.41.17
ISA 41:18,COPY_OR_MERGE,Isa.41.18
ISA 41:19,COPY_OR_MERGE,Isa.41.19
ISA 41:20,COPY_OR_MERGE,Isa.41.20
ISA 41:21,COPY_OR_MERGE,Isa.41.21
ISA 41:22,COPY_OR_MERGE,Isa.41.22
ISA 41:23,COPY_OR_MERGE,Isa.41.23
ISA 41:24,COPY_OR_MERGE,Isa.41.24
ISA 41:25,COPY_OR_MERGE,Isa.41.25
ISA 41:26,COPY_OR_MERGE,Isa.41.26
ISA 41:27,COPY_OR_MERGE,Isa.41.27
ISA 41:28,COPY_OR_MERGE,Isa.41.28
ISA 41:29,COPY_OR_MERGE,Isa.41.29
ISA 42:1,COPY_OR_MERGE,Isa.42.1
ISA 42:2,COPY_OR_MERGE,Isa.42.2
ISA 42:3,COPY_OR_MERGE,Isa.42.3
ISA 42:4,COPY_OR_MERGE,Isa.42.4
ISA 42:5,COPY_OR_MERGE,Isa.42.5
ISA 42:6,COPY_OR_MERGE,Isa.42.6
ISA 42:7,COPY_OR_MERGE,Isa.42.7
ISA 42:8,COPY_OR_MERGE,Isa.42.8
ISA 42:9,COPY_OR_MERGE,Isa.42.9
ISA 42:10,COPY_OR_MERGE,Isa.42.10
ISA 42:11,COPY_OR_MERGE,Isa.42.11
ISA 42:12,COPY_OR_MERGE,Isa.42.12
ISA 42:13,COPY_OR_MERGE,Isa.42.13
ISA 42:14,COPY_OR_MERGE,Isa.42.14
ISA 42:15,COPY_OR_MERGE,Isa.42.15
ISA 42:16,COPY_OR_MERGE,Isa.42.16
ISA 42:17,COPY_OR_MERGE,Isa.42.17
ISA 42:18,COPY_OR_MERGE,Isa.42.18
ISA 42:19,COPY_OR_MERGE,Isa.42.19
ISA 42:20,COPY_OR_MERGE,Isa.42.20
ISA 42:21,COPY_OR_MERGE,Isa.42.21
ISA 42:22,COPY_OR_MERGE,Isa.42.22
ISA 42:23,COPY_OR_MERGE,Isa.42.23
ISA 42:24,COPY_OR_MERGE,Isa.42.24
ISA 42:25,COPY_OR_MERGE,Isa.42.25
ISA 43:1,COPY_OR_MERGE,Isa.43.1
ISA 43:2,COPY_OR_MERGE,Isa.43.2
ISA 43:3,COPY_OR_MERGE,Isa.43.3
ISA 43:4,COPY_OR_MERGE,Isa.43.4
ISA 43:5,COPY_OR_MERGE,Isa.43.5
ISA 43:6,COPY_OR_MERGE,Isa.43.6
ISA 43:7,COPY_OR_MERGE,Isa.43.7
ISA 43:8,COPY_OR_MERGE,Isa.43.8
ISA 43:9,COPY_OR_MERGE,Isa.43.9
ISA 43:10,COPY_OR_MERGE,Isa.43.10
ISA 43:11,COPY_OR_MERGE,Isa.43.11
ISA 43:12,COPY_OR_MERGE,Isa.43.12
ISA 43:13,COPY_OR_MERGE,Isa.43.13
ISA 43:14,COPY_OR_MERGE,Isa.43.14
ISA 43:15,COPY_OR_MERGE,Isa.43.15
ISA 43:16,COPY_OR_MERGE,Isa.43.16
ISA 43:17,COPY_OR_MERGE,Isa.43.17
ISA 43:18,COPY_OR_MERGE,Isa.43.18
ISA 43:19,COPY_OR_MERGE,Isa.43.19
ISA 43:20,COPY_OR_MERGE,Isa.43.20
ISA 43:21,COPY_OR_MERGE,Isa.43.21
ISA 43:22,COPY_OR_MERGE,Isa.43.22
ISA 43:23,COPY_OR_MERGE,Isa.43.23
ISA 43:24,COPY_OR_MERGE,Isa.43.24
ISA 43:25,COPY_OR_MERGE,Isa.43.25
ISA 43:26,COPY_OR_MERGE,Isa.43.26
ISA 43:27,COPY_OR_MERGE,Isa.43.27
ISA 43:28,COPY_OR_MERGE,Isa.43.28
ISA 44:1,COPY_OR_MERGE,Isa.44.1
ISA 44:2,COPY_OR_MERGE,Isa.44.2
ISA 44:3,COPY_OR_MERGE,Isa.44.3
ISA 44:4,COPY_OR_MERGE,Isa.44.4
ISA 44:5,COPY_OR_MERGE,Isa.44.5
ISA 44:6,COPY_OR_MERGE,Isa.44.6
ISA 44:7,COPY_OR_MERGE,Isa.44.7
ISA 44:8,COPY_OR_MERGE,Isa.44.8
ISA 44:9,COPY_OR_MERGE,Isa.44.9
ISA 44:10,COPY_OR_MERGE,Isa.44.10
ISA 44:11,COPY_OR_MERGE,Isa.44.11
ISA 44:12,COPY_OR_MERGE,Isa.44.12
ISA 44:13,COPY_OR_MERGE,Isa.44.13
ISA 44:14,COPY_OR_MERGE,Isa.44.14
ISA 44:15,COPY_OR_MERGE,Isa.44.15
ISA 44:16,COPY_OR_MERGE,Isa.44.16
ISA 44:17,COPY_OR_MERGE,Isa.44.17
ISA 44:18,COPY_OR_MERGE,Isa.44.18
ISA 44:19,COPY_OR_MERGE,Isa.44.19
ISA 44:20,COPY_OR_MERGE,Isa.44.20
ISA 44:21,COPY_OR_MERGE,Isa.44.21
ISA 44:22,COPY_OR_MERGE,Isa.44.22
ISA 44:23,COPY_OR_MERGE,Isa.44.23
ISA 44:24,COPY_OR_MERGE,Isa.44.24
ISA 44:25,COPY_OR_MERGE,Isa.44.25
ISA 44:26,COPY_OR_MERGE,Isa.44.26
ISA 44:27,COPY_OR_MERGE,Isa.44.27
ISA 44:28,COPY_OR_MERGE,Isa.44.28
ISA 45:1,COPY_OR_MERGE,Isa.45.1
ISA 45:2,COPY_OR_MERGE,Isa.45.2
ISA 45:3,COPY_OR_MERGE,Isa.45.3
ISA 45:4,COPY_OR_MERGE,Isa.45.4
ISA 45:5,COPY_OR_MERGE,Isa.45.5
ISA 45:6,COPY_OR_MERGE,Isa.45.6
ISA 45:7,COPY_OR_MERGE,Isa.45.7
ISA 45:8,COPY_OR_MERGE,Isa.45.8
ISA 45:9,COPY_OR_MERGE,Isa.45.9
ISA 45:10,COPY_OR_MERGE,Isa.45.10
ISA 45:11,COPY_OR_MERGE,Isa.45.11
ISA 45:12,COPY_OR_MERGE,Isa.45.12
ISA 45:13,COPY_OR_MERGE,Isa.45.13
ISA 45:14,COPY_OR_MERGE,Isa.45.14
ISA 45:15,COPY_OR_MERGE,Isa.45.15
ISA 45:16,COPY_OR_MERGE,Isa.45.16
ISA 45:17,COPY_OR_MERGE,Isa.45.17
ISA 45:18,COPY_OR_MERGE,Isa.45.18
ISA 45:19,COPY_OR_MERGE,Isa.45.19
ISA 45:20,COPY_OR_MERGE,Isa.45.20
ISA 45:21,COPY_OR_MERGE,Isa.45.21
ISA 45:22,COPY_OR_MERGE,Isa.45.22
ISA 45:23,COPY_OR_MERGE,Isa.45.23
ISA 45:24,COPY_OR_MERGE,Isa.45.24
ISA 45:25,COPY_OR_MERGE,Isa.45.25
ISA 46:1,COPY_OR_MERGE,Isa.46.1
ISA 46:2,COPY_OR_MERGE,Isa.46.2
ISA 46:3,COPY_OR_MERGE,Isa.46.3
ISA 46:4,COPY_OR_MERGE,Isa.46.4
ISA 46:5,COPY_OR_MERGE,Isa.46.5
ISA 46:6,COPY_OR_MERGE,Isa.46.6
ISA 46:7,COPY_OR_MERGE,Isa.46.7
ISA 46:8,COPY_OR_MERGE,Isa.46.8
ISA 46:9,COPY_OR_MERGE,Isa.46.9
ISA 46:10,COPY_OR_MERGE,Isa.46.10
ISA 46:11,COPY_OR_MERGE,Isa.46.11
ISA 46:12,COPY_OR_MERGE,Isa.46.12
ISA 46:13,COPY_OR_MERGE,Isa.46.13
ISA 47:1,COPY_OR_MERGE,Isa.47.1
ISA 47:2,COPY_OR_MERGE,Isa.47.2
ISA 47:3,COPY_OR_MERGE,Isa.47.3
ISA 47:4,COPY_OR_MERGE,Isa.47.4
ISA 47:5,COPY_OR_MERGE,Isa.47.5
ISA 47:6,COPY_OR_MERGE,Isa.47.6
ISA 47:7,COPY_OR_MERGE,Isa.47.7
ISA 47:8,COPY_OR_MERGE,Isa.47.8
ISA 47:9,COPY_OR_MERGE,Isa.47.9
ISA 47:10,COPY_OR_MERGE,Isa.47.10
ISA 47:11,COPY_OR_MERGE,Isa.47.11
ISA 47:12,COPY_OR_MERGE,Isa.47.12
ISA 47:13,COPY_OR_MERGE,Isa.47.13
ISA 47:14,COPY_OR_MERGE,Isa.47.14
ISA 47:15,COPY_OR_MERGE,Isa.47.15
ISA 48:1,COPY_OR_MERGE,Isa.48.1
ISA 48:2,COPY_OR_MERGE,Isa.48.2
ISA 48:3,COPY_OR_MERGE,Isa.48.3
ISA 48:4,COPY_OR_MERGE,Isa.48.4
ISA 48:5,COPY_OR_MERGE,Isa.48.5
ISA 48:6,COPY_OR_MERGE,Isa.48.6
ISA 48:7,COPY_OR_MERGE,Isa.48.7
ISA 48:8,COPY_OR_MERGE,Isa.48.8
ISA 48:9,COPY_OR_MERGE,Isa.48.9
ISA 48:10,COPY_OR_MERGE,Isa.48.10
ISA 48:11,COPY_OR_MERGE,Isa.48.11
ISA 48:12,COPY_OR_MERGE,Isa.48.12
ISA 48:13,COPY_OR_MERGE,Isa.48.13
ISA 48:14,COPY_OR_MERGE,Isa.48.14
ISA 48:15,COPY_OR_MERGE,Isa.48.15
ISA 48:16,COPY_OR_MERGE,Isa.48.16
ISA 48:17,COPY_OR_MERGE,Isa.48.17
ISA 48:18,COPY_OR_MERGE,Isa.48.18
ISA 48:19,COPY_OR_MERGE,Isa.48.19
ISA 48:20,COPY_OR_MERGE,Isa.48.20
ISA 48:21,COPY_OR_MERGE,Isa.48.21
ISA 48:22,COPY_OR_MERGE,Isa.48.22
ISA 49:1,COPY_OR_MERGE,Isa.49.1
ISA 49:2,COPY_OR_MERGE,Isa.49.2
ISA 49:3,COPY_OR_MERGE,Isa.49.3
ISA 49:4,COPY_OR_MERGE,Isa.49.4
ISA 49:5,COPY_OR_MERGE,Isa.49.5
ISA 49:6,COPY_OR_MERGE,Isa.49.6
ISA 49:7,COPY_OR_MERGE,Isa.49.7
ISA 49:8,COPY_OR_MERGE,Isa.49.8
ISA 49:9,COPY_OR_MERGE,Isa.49.9
ISA 49:10,COPY_OR_MERGE,Isa.49.10
ISA 49:11,COPY_OR_MERGE,Isa.49.11
ISA 49:12,COPY_OR_MERGE,Isa.49.12
ISA 49:13,COPY_OR_MERGE,Isa.49.13
ISA 49:14,COPY_OR_MERGE,Isa.49.14
ISA 49:15,COPY_OR_MERGE,Isa.49.15
ISA 49:16,COPY_OR_MERGE,Isa.49.16
ISA 49:17,COPY_OR_MERGE,Isa.49.17
ISA 49:18,COPY_OR_MERGE,Isa.49.18
ISA 49:19,COPY_OR_MERGE,Isa.49.19
ISA 49:20,COPY_OR_MERGE,Isa.49.20
ISA 49:21,COPY_OR_MERGE,Isa.49.21
ISA 49:22,COPY_OR_MERGE,Isa.49.22
ISA 49:23,COPY_OR_MERGE,Isa.49.23
ISA 49:24,COPY_OR_MERGE,Isa.49.24
ISA 49:25,COPY_OR_MERGE,Isa.49.25
ISA 49:26,COPY_OR_MERGE,Isa.49.26
ISA 50:1,COPY_OR_MERGE,Isa.50.1
ISA 50:2,COPY_OR_MERGE,Isa.50.2
ISA 50:3,COPY_OR_MERGE,Isa.50.3
ISA 50:4,COPY_OR_MERGE,Isa.50.4
ISA 50:5,COPY_OR_MERGE,Isa.50.5
ISA 50:6,COPY_OR_MERGE,Isa.50.6
ISA 50:7,COPY_OR_MERGE,Isa.50.7
ISA 50:8,COPY_OR_MERGE,Isa.50.8
ISA 50:9,COPY_OR_MERGE,Isa.50.9
ISA 50:10,COPY_OR_MERGE,Isa.50.10
ISA 50:11,COPY_OR_MERGE,Isa.50.11
ISA 51:1,COPY_OR_MERGE,Isa.51.1
ISA 51:2,COPY_OR_MERGE,Isa.51.2
ISA 51:3,COPY_OR_MERGE,Isa.51.3
ISA 51:4,COPY_OR_MERGE,Isa.51.4
ISA 51:5,COPY_OR_MERGE,Isa.51.5
ISA 51:6,COPY_OR_MERGE,Isa.51.6
ISA 51:7,COPY_OR_MERGE,Isa.51.7
ISA 51:8,COPY_OR_MERGE,Isa.51.8
ISA 51:9,COPY_OR_MERGE,Isa.51.9
ISA 51:10,COPY_OR_MERGE,Isa.51.10
ISA 51:11,COPY_OR_MERGE,Isa.51.11
ISA 51:12,COPY_OR_MERGE,Isa.51.12
ISA 51:13,COPY_OR_MERGE,Isa.51.13
ISA 51:14,COPY_OR_MERGE,Isa.51.14
ISA 51:15,COPY_OR_MERGE,Isa.51.15
ISA 51:16,COPY_OR_MERGE,Isa.51.16
ISA 51:17,COPY_OR_MERGE,Isa.51.17
ISA 51:18,COPY_OR_MERGE,Isa.51.18
ISA 51:19,COPY_OR_MERGE,Isa.51.19
ISA 51:20,COPY_OR_MERGE,Isa.51.20
ISA 51:21,COPY_OR_MERGE,Isa.51.21
ISA 51:22,COPY_OR_MERGE,Isa.51.22
ISA 51:23,COPY_OR_MERGE,Isa.51.23
ISA 52:1,COPY_OR_MERGE,Isa.52.1
ISA 52:2,COPY_OR_MERGE,Isa.52.2
ISA 52:3,COPY_OR_MERGE,Isa.52.3
ISA 52:4,COPY_OR_MERGE,Isa.52.4
ISA 52:5,COPY_OR_MERGE,Isa.52.5
ISA 52:6,COPY_OR_MERGE,Isa.52.6
ISA 52:7,COPY_OR_MERGE,Isa.52.7
ISA 52:8,COPY_OR_MERGE,Isa.52.8
ISA 52:9,COPY_OR_MERGE,Isa.52.9
ISA 52:10,COPY_OR_MERGE,Isa.52.10
ISA 52:11,COPY_OR_MERGE,Isa.52.11
ISA 52:12,COPY_OR_MERGE,Isa.52.12
ISA 52:13,COPY_OR_MERGE,Isa.52.13
ISA 52:14,COPY_OR_MERGE,Isa.52.14
ISA 52:15,COPY_OR_MERGE,Isa.52.15
ISA 53:1,COPY_OR_MERGE,Isa.53.1
ISA 53:2,COPY_OR_MERGE,Isa.53.2
ISA 53:3,COPY_OR_MERGE,Isa.53.3
ISA 53:4,COPY_OR_MERGE,Isa.53.4
ISA 53:5,COPY_OR_MERGE,Isa.53.5
ISA 53:6,COPY_OR_MERGE,Isa.53.6
ISA 53:7,COPY_OR_MERGE,Isa.53.7
ISA 53:8,COPY_OR_MERGE,Isa.53.8
ISA 53:9,COPY_OR_MERGE,Isa.53.9
ISA 53:10,COPY_OR_MERGE,Isa.53.10
ISA 53:11,COPY_OR_MERGE,Isa.53.11
ISA 53:12,COPY_OR_MERGE,Isa.53.12
ISA 54:1,COPY_OR_MERGE,Isa.54.1
ISA 54:2,COPY_OR_MERGE,Isa.54.2
ISA 54:3,COPY_OR_MERGE,Isa.54.3
ISA 54:4,COPY_OR_MERGE,Isa.54.4
ISA 54:5,COPY_OR_MERGE,Isa.54.5
ISA 54:6,COPY_OR_MERGE,Isa.54.6
ISA 54:7,COPY_OR_MERGE,Isa.54.7
ISA 54:8,COPY_OR_MERGE,Isa.54.8
ISA 54:9,COPY_OR_MERGE,Isa.54.9
ISA 54:10,COPY_OR_MERGE,Isa.54.10
ISA 54:11,COPY_OR_MERGE,Isa.54.11
ISA 54:12,COPY_OR_MERGE,Isa.54.12
ISA 54:13,COPY_OR_MERGE,Isa.54.13
ISA 54:14,COPY_OR_MERGE,Isa.54.14
ISA 54:15,COPY_OR_MERGE,Isa.54.15
ISA 54:16,COPY_OR_MERGE,Isa.54.16
ISA 54:17,COPY_OR_MERGE,Isa.54.17
ISA 55:1,COPY_OR_MERGE,Isa.55.1
ISA 55:2,COPY_OR_MERGE,Isa.55.2
ISA 55:3,COPY_OR_MERGE,Isa.55.3
ISA 55:4,COPY_OR_MERGE,Isa.55.4
ISA 55:5,COPY_OR_MERGE,Isa.55.5
ISA 55:6,COPY_OR_MERGE,Isa.55.6
ISA 55:7,COPY_OR_MERGE,Isa.55.7
ISA 55:8,COPY_OR_MERGE,Isa.55.8
ISA 55:9,COPY_OR_MERGE,Isa.55.9
ISA 55:10,COPY_OR_MERGE,Isa.55.10
ISA 55:11,COPY_OR_MERGE,Isa.55.11
ISA 55:12,COPY_OR_MERGE,Isa.55.12
ISA 55:13,COPY_OR_MERGE,Isa.55.13
ISA 56:1,COPY_OR_MERGE,Isa.56.1
ISA 56:2,COPY_OR_MERGE,Isa.56.2
ISA 56:3,COPY_OR_MERGE,Isa.56.3
ISA 56:4,COPY_OR_MERGE,Isa.56.4
ISA 56:5,COPY_OR_MERGE,Isa.56.5
ISA 56:6,COPY_OR_MERGE,Isa.56.6
ISA 56:7,COPY_OR_MERGE,Isa.56.7
ISA 56:8,COPY_OR_MERGE,Isa.56.8
ISA 56:9,COPY_OR_MERGE,Isa.56.9
ISA 56:10,COPY_OR_MERGE,Isa.56.10
ISA 56:11,COPY_OR_MERGE,Isa.56.11
ISA 56:12,COPY_OR_MERGE,Isa.56.12
ISA 57:1,COPY_OR_MERGE,Isa.57.1
ISA 57:2,COPY_OR_MERGE,Isa.57.2
ISA 57:3,COPY_OR_MERGE,Isa.57.3
ISA 57:4,COPY_OR_MERGE,Isa.57.4
ISA 57:5,COPY_OR_MERGE,Isa.57.5
ISA 57:6,COPY_OR_MERGE,Isa.57.6
ISA 57:7,COPY_OR_MERGE,Isa.57.7
ISA 57:8,COPY_OR_MERGE,Isa.57.8
ISA 57:9,COPY_OR_MERGE,Isa.57.9
ISA 57:10,COPY_OR_MERGE,Isa.57.10
ISA 57:11,COPY_OR_MERGE,Isa.57.11
ISA 57:12,COPY_OR_MERGE,Isa.57.12
ISA 57:13,COPY_OR_MERGE,Isa.57.13
ISA 57:14,COPY_OR_MERGE,Isa.57.14
ISA 57:15,COPY_OR_MERGE,Isa.57.15
ISA 57:16,COPY_OR_MERGE,Isa.57.16
ISA 57:17,COPY_OR_MERGE,Isa.57.17
ISA 57:18,COPY_OR_MERGE,Isa.57.18
ISA 57:19,COPY_OR_MERGE,Isa.57.19
ISA 57:20,COPY_OR_MERGE,Isa.57.20
ISA 57:21,COPY_OR_MERGE,Isa.57.21
ISA 58:1,COPY_OR_MERGE,Isa.58.1
ISA 58:2,COPY_OR_MERGE,Isa.58.2
ISA 58:3,COPY_OR_MERGE,Isa.58.3
ISA 58:4,COPY_OR_MERGE,Isa.58.4
ISA 58:5,COPY_OR_MERGE,Isa.58.5
ISA 58:6,COPY_OR_MERGE,Isa.58.6
ISA 58:7,COPY_OR_MERGE,Isa.58.7
ISA 58:8,COPY_OR_MERGE,Isa.58.8
ISA 58:9,COPY_OR_MERGE,Isa.58.9
ISA 58:10,COPY_OR_MERGE,Isa.58.10
ISA 58:11,COPY_OR_MERGE,Isa.58.11
ISA 58:12,COPY_OR_MERGE,Isa.58.12
ISA 58:13,COPY_OR_MERGE,Isa.58.13
ISA 58:14,COPY_OR_MERGE,Isa.58.14
ISA 59:1,COPY_OR_MERGE,Isa.59.1
ISA 59:2,COPY_OR_MERGE,Isa.59.2
ISA 59:3,COPY_OR_MERGE,Isa.59.3
ISA 59:4,COPY_OR_MERGE,Isa.59.4
ISA 59:5,COPY_OR_MERGE,Isa.59.5
ISA 59:6,COPY_OR_MERGE,Isa.59.6
ISA 59:7,COPY_OR_MERGE,Isa.59.7
ISA 59:8,COPY_OR_MERGE,Isa.59.8
ISA 59:9,COPY_OR_MERGE,Isa.59.9
ISA 59:10,COPY_OR_MERGE,Isa.59.10
ISA 59:11,COPY_OR_MERGE,Isa.59.11
ISA 59:12,COPY_OR_MERGE,Isa.59.12
ISA 59:13,COPY_OR_MERGE,Isa.59.13
ISA 59:14,COPY_OR_MERGE,Isa.59.14
ISA 59:15,COPY_OR_MERGE,Isa.59.15
ISA 59:16,COPY_OR_MERGE,Isa.59.16
ISA 59:17,COPY_OR_MERGE,Isa.59.17
ISA 59:18,COPY_OR_MERGE,Isa.59.18
ISA 59:19,COPY_OR_MERGE,Isa.59.19
ISA 59:20,COPY_OR_MERGE,Isa.59.20
ISA 59:21,COPY_OR_MERGE,Isa.59.21
ISA 60:1,COPY_OR_MERGE,Isa.60.1
ISA 60:2,COPY_OR_MERGE,Isa.60.2
ISA 60:3,COPY_OR_MERGE,Isa.60.3
ISA 60:4,COPY_OR_MERGE,Isa.60.4
ISA 60:5,COPY_OR_MERGE,Isa.60.5
ISA 60:6,COPY_OR_MERGE,Isa.60.6
ISA 60:7,COPY_OR_MERGE,Isa.60.7
ISA 60:8,COPY_OR_MERGE,Isa.60.8
ISA 60:9,COPY_OR_MERGE,Isa.60.9
ISA 60:10,COPY_OR_MERGE,Isa.60.10
ISA 60:11,COPY_OR_MERGE,Isa.60.11
ISA 60:12,COPY_OR_MERGE,Isa.60.12
ISA 60:13,COPY_OR_MERGE,Isa.60.13
ISA 60:14,COPY_OR_MERGE,Isa.60.14
ISA 60:15,COPY_OR_MERGE,Isa.60.15
ISA 60:16,COPY_OR_MERGE,Isa.60.16
ISA 60:17,COPY_OR_MERGE,Isa.60.17
ISA 60:18,COPY_OR_MERGE,Isa.60.18
ISA 60:19,COPY_OR_MERGE,Isa.60.19
ISA 60:20,COPY_OR_MERGE,Isa.60.20
ISA 60:21,COPY_OR_MERGE,Isa.60.21
ISA 60:22,COPY_OR_MERGE,Isa.60.22
ISA 61:1,COPY_OR_MERGE,Isa.61.1
ISA 61:2,COPY_OR_MERGE,Isa.61.2
ISA 61:3,COPY_OR_MERGE,Isa.61.3
ISA 61:4,COPY_OR_MERGE,Isa.61.4
ISA 61:5,COPY_OR_MERGE,Isa.61.5
ISA 61:6,COPY_OR_MERGE,Isa.61.6
ISA 61:7,COPY_OR_MERGE,Isa.61.7
ISA 61:8,COPY_OR_MERGE,Isa.61.8
ISA 61:9,COPY_OR_MERGE,Isa.61.9
ISA 61:10,COPY_OR_MERGE,Isa.61.10
ISA 61:11,COPY_OR_MERGE,Isa.61.11
ISA 62:1,COPY_OR_MERGE,Isa.62.1
ISA 62:2,COPY_OR_MERGE,Isa.62.2
ISA 62:3,COPY_OR_MERGE,Isa.62.3
ISA 62:4,COPY_OR_MERGE,Isa.62.4
ISA 62:5,COPY_OR_MERGE,Isa.62.5
ISA 62:6,COPY_OR_MERGE,Isa.62.6
ISA 62:7,COPY_OR_MERGE,Isa.62.7
ISA 62:8,COPY_OR_MERGE,Isa.62.8
ISA 62:9,COPY_OR_MERGE,Isa.62.9
ISA 62:10,COPY_OR_MERGE,Isa.62.10
ISA 62:11,COPY_OR_MERGE,Isa.62.11
ISA 62:12,COPY_OR_MERGE,Isa.62.12
ISA 63:1,COPY_OR_MERGE,Isa.63.1
ISA 63:2,COPY_OR_MERGE,Isa.63.2
ISA 63:3,COPY_OR_MERGE,Isa.63.3
ISA 63:4,COPY_OR_MERGE,Isa.63.4
ISA 63:5,COPY_OR_MERGE,Isa.63.5
ISA 63:6,COPY_OR_MERGE,Isa.63.6
ISA 63:7,COPY_OR_MERGE,Isa.63.7
ISA 63:8,COPY_OR_MERGE,Isa.63.8
ISA 63:9,COPY_OR_MERGE,Isa.63.9
ISA 63:10,COPY_OR_MERGE,Isa.63.10
ISA 63:11,COPY_OR_MERGE,Isa.63.11
ISA 63:12,COPY_OR_MERGE,Isa.63.12
ISA 63:13,COPY_OR_MERGE,Isa.63.13
ISA 63:14,COPY_OR_MERGE,Isa.63.14
ISA 63:15,COPY_OR_MERGE,Isa.63.15
ISA 63:16,COPY_OR_MERGE,Isa.63.16
ISA 63:17,COPY_OR_MERGE,Isa.63.17
ISA 63:18,COPY_OR_MERGE,Isa.63.18
ISA 63:19,MANUAL_SPLIT_FIX,Isa.63.19
ISA 64:1,MANUAL_SPLIT_FIX,Isa.63.19
ISA 64:2,COPY_OR_MERGE,Isa.64.1
ISA 64:3,COPY_OR_MERGE,Isa.64.2
ISA 64:4,COPY_OR_MERGE,Isa.64.3
ISA 64:5,COPY_OR_MERGE,Isa.64.4
ISA 64:6,COPY_OR_MERGE,Isa.64.5
ISA 64:7,COPY_OR_MERGE,Isa.64.6
ISA 64:8,COPY_OR_MERGE,Isa.64.7
ISA 64:9,COPY_OR_MERGE,Isa.64.8
ISA 64:10,COPY_OR_MERGE,Isa.64.9
ISA 64:11,COPY_OR_MERGE,Isa.64.10
ISA 64:12,COPY_OR_MERGE,Isa.64.11
ISA 65:1,COPY_OR_MERGE,Isa.65.1
ISA 65:2,COPY_OR_MERGE,Isa.65.2
ISA 65:3,COPY_OR_MERGE,Isa.65.3
ISA 65:4,COPY_OR_MERGE,Isa.65.4
ISA 65:5,COPY_OR_MERGE,Isa.65.5
ISA 65:6,COPY_OR_MERGE,Isa.65.6
ISA 65:7,COPY_OR_MERGE,Isa.65.7
ISA 65:8,COPY_OR_MERGE,Isa.65.8
ISA 65:9,COPY_OR_MERGE,Isa.65.9
ISA 65:10,COPY_OR_MERGE,Isa.65.10
ISA 65:11,COPY_OR_MERGE,Isa.65.11
ISA 65:12,COPY_OR_MERGE,Isa.65.12
ISA 65:13,COPY_OR_MERGE,Isa.65.13
ISA 65:14,COPY_OR_MERGE,Isa.65.14
ISA 65:15,COPY_OR_MERGE,Isa.65.15
ISA 65:16,COPY_OR_MERGE,Isa.65.16
ISA 65:17,COPY_OR_MERGE,Isa.65.17
ISA 65:18,COPY_OR_MERGE,Isa.65.18
ISA 65:19,COPY_OR_MERGE,Isa.65.19
ISA 65:20,COPY_OR_MERGE,Isa.65.20
ISA 65:21,COPY_OR_MERGE,Isa.65.21
ISA 65:22,COPY_OR_MERGE,Isa.65.22
ISA 65:23,COPY_OR_MERGE,Isa.65.23
ISA 65:24,COPY_OR_MERGE,Isa.65.24
ISA 65:25,COPY_OR_MERGE,Isa.65.25
ISA 66:1,COPY_OR_MERGE,Isa.66.1
ISA 66:2,COPY_OR_MERGE,Isa.66.2
ISA 66:3,COPY_OR_MERGE,Isa.66.3
ISA 66:4,COPY_OR_MERGE,Isa.66.4
ISA 66:5,COPY_OR_MERGE,Isa.66.5
ISA 66:6,COPY_OR_MERGE,Isa.66.6
ISA 66:7,COPY_OR_MERGE,Isa.66.7
ISA 66:8,COPY_OR_MERGE,Isa.66.8
ISA 66:9,COPY_OR_MERGE,Isa.66.9
ISA 66:10,COPY_OR_MERGE,Isa.66.10
ISA 66:11,COPY_OR_MERGE,Isa.66.11
ISA 66:12,COPY_OR_MERGE,Isa.66.12
ISA 66:13,COPY_OR_MERGE,Isa.66.13
ISA 66:14,COPY_OR_MERGE,Isa.66.14
ISA 66:15,COPY_OR_MERGE,Isa.66.15
ISA 66:16,COPY_OR_MERGE,Isa.66.16
ISA 66:17,COPY_OR_MERGE,Isa.66.17
ISA 66:18,COPY_OR_MERGE,Isa.66.18
ISA 66:19,COPY_OR_MERGE,Isa.66.19
ISA 66:20,COPY_OR_MERGE,Isa.66.20
ISA 66:21,COPY_OR_MERGE,Isa.66.21
ISA 66:22,COPY_OR_MERGE,Isa.66.22
ISA 66:23,COPY_OR_MERGE,Isa.66.23
ISA 66:24,COPY_OR_MERGE,Isa.66.24
JDG 1:1,COPY_OR_MERGE,Judg.1.1
JDG 1:2,COPY_OR_MERGE,Judg.1.2
JDG 1:3,COPY_OR_MERGE,Judg.1.3
JDG 1:4,COPY_OR_MERGE,Judg.1.4
JDG 1:5,COPY_OR_MERGE,Judg.1.5
JDG 1:6,COPY_OR_MERGE,Judg.1.6
JDG 1:7,COPY_OR_MERGE,Judg.1.7
JDG 1:8,COPY_OR_MERGE,Judg.1.8
JDG 1:9,COPY_OR_MERGE,Judg.1.9
JDG 1:10,COPY_OR_MERGE,Judg.1.10
JDG 1:11,COPY_OR_MERGE,Judg.1.11
JDG 1:12,COPY_OR_MERGE,Judg.1.12
JDG 1:13,COPY_OR_MERGE,Judg.1.13
JDG 1:14,COPY_OR_MERGE,Judg.1.14
JDG 1:15,COPY_OR_MERGE,Judg.1.15
JDG 1:16,COPY_OR_MERGE,Judg.1.16
JDG 1:17,COPY_OR_MERGE,Judg.1.17
JDG 1:18,COPY_OR_MERGE,Judg.1.18
JDG 1:19,COPY_OR_MERGE,Judg.1.19
JDG 1:20,COPY_OR_MERGE,Judg.1.20
JDG 1:21,COPY_OR_MERGE,Judg.1.21
JDG 1:22,COPY_OR_MERGE,Judg.1.22
JDG 1:23,COPY_OR_MERGE,Judg.1.23
JDG 1:24,COPY_OR_MERGE,Judg.1.24
JDG 1:25,COPY_OR_MERGE,Judg.1.25
JDG 1:26,COPY_OR_MERGE,Judg.1.26
JDG 1:27,COPY_OR_MERGE,Judg.1.27
JDG 1:28,COPY_OR_MERGE,Judg.1.28
JDG 1:29,COPY_OR_MERGE,Judg.1.29
JDG 1:30,COPY_OR_MERGE,Judg.1.30
JDG 1:31,COPY_OR_MERGE,Judg.1.31
JDG 1:32,COPY_OR_MERGE,Judg.1.32
JDG 1:33,COPY_OR_MERGE,Judg.1.33
JDG 1:34,COPY_OR_MERGE,Judg.1.34
JDG 1:35,COPY_OR_MERGE,Judg.1.35
JDG 1:36,COPY_OR_MERGE,Judg.1.36
JDG 2:1,COPY_OR_MERGE,Judg.2.1
JDG 2:2,COPY_OR_MERGE,Judg.2.2
JDG 2:3,COPY_OR_MERGE,Judg.2.3
JDG 2:4,COPY_OR_MERGE,Judg.2.4
JDG 2:5,COPY_OR_MERGE,Judg.2.5
JDG 2:6,COPY_OR_MERGE,Judg.2.6
JDG 2:7,COPY_OR_MERGE,Judg.2.7
JDG 2:8,COPY_OR_MERGE,Judg.2.8
JDG 2:9,COPY_OR_MERGE,Judg.2.9
JDG 2:10,COPY_OR_MERGE,Judg.2.10
JDG 2:11,COPY_OR_MERGE,Judg.2.11
JDG 2:12,COPY_OR_MERGE,Judg.2.12
JDG 2:13,COPY_OR_MERGE,Judg.2.13
JDG 2:14,COPY_OR_MERGE,Judg.2.14
JDG 2:15,COPY_OR_MERGE,Judg.2.15
JDG 2:16,COPY_OR_MERGE,Judg.2.16
JDG 2:17,COPY_OR_MERGE,Judg.2.17
JDG 2:18,COPY_OR_MERGE,Judg.2.18
JDG 2:19,COPY_OR_MERGE,Judg.2.19
JDG 2:20,COPY_OR_MERGE,Judg.2.20
JDG 2:21,COPY_OR_MERGE,Judg.2.21
JDG 2:22,COPY_OR_MERGE,Judg.2.22
JDG 2:23,COPY_OR_MERGE,Judg.2.23
JDG 3:1,COPY_OR_MERGE,Judg.3.1
JDG 3:2,COPY_OR_MERGE,Judg.3.2
JDG 3:3,COPY_OR_MERGE,Judg.3.3
JDG 3:4,COPY_OR_MERGE,Judg.3.4
JDG 3:5,COPY_OR_MERGE,Judg.3.5
JDG 3:6,COPY_OR_MERGE,Judg.3.6
JDG 3:7,COPY_OR_MERGE,Judg.3.7
JDG 3:8,COPY_OR_MERGE,Judg.3.8
JDG 3:9,COPY_OR_MERGE,Judg.3.9
JDG 3:10,COPY_OR_MERGE,Judg.3.10
JDG 3:11,COPY_OR_MERGE,Judg.3.11
JDG 3:12,COPY_OR_MERGE,Judg.3.12
JDG 3:13,COPY_OR_MERGE,Judg.3.13
JDG 3:14,COPY_OR_MERGE,Judg.3.14
JDG 3:15,COPY_OR_MERGE,Judg.3.15
JDG 3:16,COPY_OR_MERGE,Judg.3.16
JDG 3:17,COPY_OR_MERGE,Judg.3.17
JDG 3:18,COPY_OR_MERGE,Judg.3.18
JDG 3:19,COPY_OR_MERGE,Judg.3.19
JDG 3:20,COPY_OR_MERGE,Judg.3.20
JDG 3:21,COPY_OR_MERGE,Judg.3.21
JDG 3:22,COPY_OR_MERGE,Judg.3.22
JDG 3:23,COPY_OR_MERGE,Judg.3.23
JDG 3:24,COPY_OR_MERGE,Judg.3.24
JDG 3:25,COPY_OR_MERGE,Judg.3.25
JDG 3:26,COPY_OR_MERGE,Judg.3.26
JDG 3:27,COPY_OR_MERGE,Judg.3.27
JDG 3:28,COPY_OR_MERGE,Judg.3.28
JDG 3:29,COPY_OR_MERGE,Judg.3.29
JDG 3:30,COPY_OR_MERGE,Judg.3.30
JDG 3:31,COPY_OR_MERGE,Judg.3.31
JDG 4:1,COPY_OR_MERGE,Judg.4.1
JDG 4:2,COPY_OR_MERGE,Judg.4.2
JDG 4:3,COPY_OR_MERGE,Judg.4.3
JDG 4:4,COPY_OR_MERGE,Judg.4.4
JDG 4:5,COPY_OR_MERGE,Judg.4.5
JDG 4:6,COPY_OR_MERGE,Judg.4.6
JDG 4:7,COPY_OR_MERGE,Judg.4.7
JDG 4:8,COPY_OR_MERGE,Judg.4.8
JDG 4:9,COPY_OR_MERGE,Judg.4.9
JDG 4:10,COPY_OR_MERGE,Judg.4.10
JDG 4:11,COPY_OR_MERGE,Judg.4.11
JDG 4:12,COPY_OR_MERGE,Judg.4.12
JDG 4:13,COPY_OR_MERGE,Judg.4.13
JDG 4:14,COPY_OR_MERGE,Judg.4.14
JDG 4:15,COPY_OR_MERGE,Judg.4.15
JDG 4:16,COPY_OR_MERGE,Judg.4.16
JDG 4:17,COPY_OR_MERGE,Judg.4.17
JDG 4:18,COPY_OR_MERGE,Judg.4.18
JDG 4:19,COPY_OR_MERGE,Judg.4.19
JDG 4:20,COPY_OR_MERGE,Judg.4.20
JDG 4:21,COPY_OR_MERGE,Judg.4.21
JDG 4:22,COPY_OR_MERGE,Judg.4.22
JDG 4:23,COPY_OR_MERGE,Judg.4.23
JDG 4:24,COPY_OR_MERGE,Judg.4.24
JDG 5:1,COPY_OR_MERGE,Judg.5.1
JDG 5:2,COPY_OR_MERGE,Judg.5.2
JDG 5:3,COPY_OR_MERGE,Judg.5.3
JDG 5:4,COPY_OR_MERGE,Judg.5.4
JDG 5:5,COPY_OR_MERGE,Judg.5.5
JDG 5:6,COPY_OR_MERGE,Judg.5.6
JDG 5:7,COPY_OR_MERGE,Judg.5.7
JDG 5:8,COPY_OR_MERGE,Judg.5.8
JDG 5:9,COPY_OR_MERGE,Judg.5.9
JDG 5:10,COPY_OR_MERGE,Judg.5.10
JDG 5:11,COPY_OR_MERGE,Judg.5.11
JDG 5:12,COPY_OR_MERGE,Judg.5.12
JDG 5:13,COPY_OR_MERGE,Judg.5.13
JDG 5:14,COPY_OR_MERGE,Judg.5.14
JDG 5:15,COPY_OR_MERGE,Judg.5.15
JDG 5:16,COPY_OR_MERGE,Judg.5.16
JDG 5:17,COPY_OR_MERGE,Judg.5.17
JDG 5:18,COPY_OR_MERGE,Judg.5.18
JDG 5:19,COPY_OR_MERGE,Judg.5.19
JDG 5:20,COPY_OR_MERGE,Judg.5.20
JDG 5:21,COPY_OR_MERGE,Judg.5.21
JDG 5:22,COPY_OR_MERGE,Judg.5.22
JDG 5:23,COPY_OR_MERGE,Judg.5.23
JDG 5:24,COPY_OR_MERGE,Judg.5.24
JDG 5:25,COPY_OR_MERGE,Judg.5.25
JDG 5:26,COPY_OR_MERGE,Judg.5.26
JDG 5:27,COPY_OR_MERGE,Judg.5.27
JDG 5:28,COPY_OR_MERGE,Judg.5.28
JDG 5:29,COPY_OR_MERGE,Judg.5.29
JDG 5:30,COPY_OR_MERGE,Judg.5.30
JDG 5:31,COPY_OR_MERGE,Judg.5.31
JDG 6:1,COPY_OR_MERGE,Judg.6.1
JDG 6:2,COPY_OR_MERGE,Judg.6.2
JDG 6:3,COPY_OR_MERGE,Judg.6.3
JDG 6:4,COPY_OR_MERGE,Judg.6.4
JDG 6:5,COPY_OR_MERGE,Judg.6.5
JDG 6:6,COPY_OR_MERGE,Judg.6.6
JDG 6:7,COPY_OR_MERGE,Judg.6.7
JDG 6:8,COPY_OR_MERGE,Judg.6.8
JDG 6:9,COPY_OR_MERGE,Judg.6.9
JDG 6:10,COPY_OR_MERGE,Judg.6.10
JDG 6:11,COPY_OR_MERGE,Judg.6.11
JDG 6:12,COPY_OR_MERGE,Judg.6.12
JDG 6:13,COPY_OR_MERGE,Judg.6.13
JDG 6:14,COPY_OR_MERGE,Judg.6.14
JDG 6:15,COPY_OR_MERGE,Judg.6.15
JDG 6:16,COPY_OR_MERGE,Judg.6.16
JDG 6:17,COPY_OR_MERGE,Judg.6.17
JDG 6:18,COPY_OR_MERGE,Judg.6.18
JDG 6:19,COPY_OR_MERGE,Judg.6.19
JDG 6:20,COPY_OR_MERGE,Judg.6.20
JDG 6:21,COPY_OR_MERGE,Judg.6.21
JDG 6:22,COPY_OR_MERGE,Judg.6.22
JDG 6:23,COPY_OR_MERGE,Judg.6.23
JDG 6:24,COPY_OR_MERGE,Judg.6.24
JDG 6:25,COPY_OR_MERGE,Judg.6.25
JDG 6:26,COPY_OR_MERGE,Judg.6.26
JDG 6:27,COPY_OR_MERGE,Judg.6.27
JDG 6:28,COPY_OR_MERGE,Judg.6.28
JDG 6:29,COPY_OR_MERGE,Judg.6.29
JDG 6:30,COPY_OR_MERGE,Judg.6.30
JDG 6:31,COPY_OR_MERGE,Judg.6.31
JDG 6:32,COPY_OR_MERGE,Judg.6.32
JDG 6:33,COPY_OR_MERGE,Judg.6.33
JDG 6:34,COPY_OR_MERGE,Judg.6.34
JDG 6:35,COPY_OR_MERGE,Judg.6.35
JDG 6:36,COPY_OR_MERGE,Judg.6.36
JDG 6:37,COPY_OR_MERGE,Judg.6.37
JDG 6:38,COPY_OR_MERGE,Judg.6.38
JDG 6:39,COPY_OR_MERGE,Judg.6.39
JDG 6:40,COPY_OR_MERGE,Judg.6.40
JDG 7:1,COPY_OR_MERGE,Judg.7.1
JDG 7:2,COPY_OR_MERGE,Judg.7.2
JDG 7:3,COPY_OR_MERGE,Judg.7.3
JDG 7:4,COPY_OR_MERGE,Judg.7.4
JDG 7:5,COPY_OR_MERGE,Judg.7.5
JDG 7:6,COPY_OR_MERGE,Judg.7.6
JDG 7:7,COPY_OR_MERGE,Judg.7.7
JDG 7:8,COPY_OR_MERGE,Judg.7.8
JDG 7:9,COPY_OR_MERGE,Judg.7.9
JDG 7:10,COPY_OR_MERGE,Judg.7.10
JDG 7:11,COPY_OR_MERGE,Judg.7.11
JDG 7:12,COPY_OR_MERGE,Judg.7.12
JDG 7:13,COPY_OR_MERGE,Judg.7.13
JDG 7:14,COPY_OR_MERGE,Judg.7.14
JDG 7:15,COPY_OR_MERGE,Judg.7.15
JDG 7:16,COPY_OR_MERGE,Judg.7.16
JDG 7:17,COPY_OR_MERGE,Judg.7.17
JDG 7:18,COPY_OR_MERGE,Judg.7.18
JDG 7:19,COPY_OR_MERGE,Judg.7.19
JDG 7:20,COPY_OR_MERGE,Judg.7.20
JDG 7:21,COPY_OR_MERGE,Judg.7.21
JDG 7:22,COPY_OR_MERGE,Judg.7.22
JDG 7:23,COPY_OR_MERGE,Judg.7.23
JDG 7:24,COPY_OR_MERGE,Judg.7.24
JDG 7:25,COPY_OR_MERGE,Judg.7.25
JDG 8:1,COPY_OR_MERGE,Judg.8.1
JDG 8:2,COPY_OR_MERGE,Judg.8.2
JDG 8:3,COPY_OR_MERGE,Judg.8.3
JDG 8:4,COPY_OR_MERGE,Judg.8.4
JDG 8:5,COPY_OR_MERGE,Judg.8.5
JDG 8:6,COPY_OR_MERGE,Judg.8.6
JDG 8:7,COPY_OR_MERGE,Judg.8.7
JDG 8:8,COPY_OR_MERGE,Judg.8.8
JDG 8:9,COPY_OR_MERGE,Judg.8.9
JDG 8:10,COPY_OR_MERGE,Judg.8.10
JDG 8:11,COPY_OR_MERGE,Judg.8.11
JDG 8:12,COPY_OR_MERGE,Judg.8.12
JDG 8:13,COPY_OR_MERGE,Judg.8.13
JDG 8:14,COPY_OR_MERGE,Judg.8.14
JDG 8:15,COPY_OR_MERGE,Judg.8.15
JDG 8:16,COPY_OR_MERGE,Judg.8.16
JDG 8:17,COPY_OR_MERGE,Judg.8.17
JDG 8:18,COPY_OR_MERGE,Judg.8.18
JDG 8:19,COPY_OR_MERGE,Judg.8.19
JDG 8:20,COPY_OR_MERGE,Judg.8.20
JDG 8:21,COPY_OR_MERGE,Judg.8.21
JDG 8:22,COPY_OR_MERGE,Judg.8.22
JDG 8:23,COPY_OR_MERGE,Judg.8.23
JDG 8:24,COPY_OR_MERGE,Judg.8.24
JDG 8:25,COPY_OR_MERGE,Judg.8.25
JDG 8:26,COPY_OR_MERGE,Judg.8.26
JDG 8:27,COPY_OR_MERGE,Judg.8.27
JDG 8:28,COPY_OR_MERGE,Judg.8.28
JDG 8:29,COPY_OR_MERGE,Judg.8.29
JDG 8:30,COPY_OR_MERGE,Judg.8.30
JDG 8:31,COPY_OR_MERGE,Judg.8.31
JDG 8:32,COPY_OR_MERGE,Judg.8.32
JDG 8:33,COPY_OR_MERGE,Judg.8.33
JDG 8:34,COPY_OR_MERGE,Judg.8.34
JDG 8:35,COPY_OR_MERGE,Judg.8.35
JDG 9:1,COPY_OR_MERGE,Judg.9.1
JDG 9:2,COPY_OR_MERGE,Judg.9.2
JDG 9:3,COPY_OR_MERGE,Judg.9.3
JDG 9:4,COPY_OR_MERGE,Judg.9.4
JDG 9:5,COPY_OR_MERGE,Judg.9.5
JDG 9:6,COPY_OR_MERGE,Judg.9.6
JDG 9:7,COPY_OR_MERGE,Judg.9.7
JDG 9:8,COPY_OR_MERGE,Judg.9.8
JDG 9:9,COPY_OR_MERGE,Judg.9.9
JDG 9:10,COPY_OR_MERGE,Judg.9.10
JDG 9:11,COPY_OR_MERGE,Judg.9.11
JDG 9:12,COPY_OR_MERGE,Judg.9.12
JDG 9:13,COPY_OR_MERGE,Judg.9.13
JDG 9:14,COPY_OR_MERGE,Judg.9.14
JDG 9:15,COPY_OR_MERGE,Judg.9.15
JDG 9:16,COPY_OR_MERGE,Judg.9.16
JDG 9:17,COPY_OR_MERGE,Judg.9.17
JDG 9:18,COPY_OR_MERGE,Judg.9.18
JDG 9:19,COPY_OR_MERGE,Judg.9.19
JDG 9:20,COPY_OR_MERGE,Judg.9.20
JDG 9:21,COPY_OR_MERGE,Judg.9.21
JDG 9:22,COPY_OR_MERGE,Judg.9.22
JDG 9:23,COPY_OR_MERGE,Judg.9.23
JDG 9:24,COPY_OR_MERGE,Judg.9.24
JDG 9:25,COPY_OR_MERGE,Judg.9.25
JDG 9:26,COPY_OR_MERGE,Judg.9.26
JDG 9:27,COPY_OR_MERGE,Judg.9.27
JDG 9:28,COPY_OR_MERGE,Judg.9.28
JDG 9:29,COPY_OR_MERGE,Judg.9.29
JDG 9:30,COPY_OR_MERGE,Judg.9.30
JDG 9:31,COPY_OR_MERGE,Judg.9.31
JDG 9:32,COPY_OR_MERGE,Judg.9.32
JDG 9:33,COPY_OR_MERGE,Judg.9.33
JDG 9:34,COPY_OR_MERGE,Judg.9.34
JDG 9:35,COPY_OR_MERGE,Judg.9.35
JDG 9:36,COPY_OR_MERGE,Judg.9.36
JDG 9:37,COPY_OR_MERGE,Judg.9.37
JDG 9:38,COPY_OR_MERGE,Judg.9.38
JDG 9:39,COPY_OR_MERGE,Judg.9.39
JDG 9:40,COPY_OR_MERGE,Judg.9.40
JDG 9:41,COPY_OR_MERGE,Judg.9.41
JDG 9:42,COPY_OR_MERGE,Judg.9.42
JDG 9:43,COPY_OR_MERGE,Judg.9.43
JDG 9:44,COPY_OR_MERGE,Judg.9.44
JDG 9:45,COPY_OR_MERGE,Judg.9.45
JDG 9:46,COPY_OR_MERGE,Judg.9.46
JDG 9:47,COPY_OR_MERGE,Judg.9.47
JDG 9:48,COPY_OR_MERGE,Judg.9.48
JDG 9:49,COPY_OR_MERGE,Judg.9.49
JDG 9:50,COPY_OR_MERGE,Judg.9.50
JDG 9:51,COPY_OR_MERGE,Judg.9.51
JDG 9:52,COPY_OR_MERGE,Judg.9.52
JDG 9:53,COPY_OR_MERGE,Judg.9.53
JDG 9:54,COPY_OR_MERGE,Judg.9.54
JDG 9:55,COPY_OR_MERGE,Judg.9.55
JDG 9:56,COPY_OR_MERGE,Judg.9.56
JDG 9:57,COPY_OR_MERGE,Judg.9.57
JDG 10:1,COPY_OR_MERGE,Judg.10.1
JDG 10:2,COPY_OR_MERGE,Judg.10.2
JDG 10:3,COPY_OR_MERGE,Judg.10.3
JDG 10:4,COPY_OR_MERGE,Judg.10.4
JDG 10:5,COPY_OR_MERGE,Judg.10.5
JDG 10:6,COPY_OR_MERGE,Judg.10.6
JDG 10:7,COPY_OR_MERGE,Judg.10.7
JDG 10:8,COPY_OR_MERGE,Judg.10.8
JDG 10:9,COPY_OR_MERGE,Judg.10.9
JDG 10:10,COPY_OR_MERGE,Judg.10.10
JDG 10:11,COPY_OR_MERGE,Judg.10.11
JDG 10:12,COPY_OR_MERGE,Judg.10.12
JDG 10:13,COPY_OR_MERGE,Judg.10.13
JDG 10:14,COPY_OR_MERGE,Judg.10.14
JDG 10:15,COPY_OR_MERGE,Judg.10.15
JDG 10:16,COPY_OR_MERGE,Judg.10.16
JDG 10:17,COPY_OR_MERGE,Judg.10.17
JDG 10:18,COPY_OR_MERGE,Judg.10.18
JDG 11:1,COPY_OR_MERGE,Judg.11.1
JDG 11:2,COPY_OR_MERGE,Judg.11.2
JDG 11:3,COPY_OR_MERGE,Judg.11.3
JDG 11:4,COPY_OR_MERGE,Judg.11.4
JDG 11:5,COPY_OR_MERGE,Judg.11.5
JDG 11:6,COPY_OR_MERGE,Judg.11.6
JDG 11:7,COPY_OR_MERGE,Judg.11.7
JDG 11:8,COPY_OR_MERGE,Judg.11.8
JDG 11:9,COPY_OR_MERGE,Judg.11.9
JDG 11:10,COPY_OR_MERGE,Judg.11.10
JDG 11:11,COPY_OR_MERGE,Judg.11.11
JDG 11:12,COPY_OR_MERGE,Judg.11.12
JDG 11:13,COPY_OR_MERGE,Judg.11.13
JDG 11:14,COPY_OR_MERGE,Judg.11.14
JDG 11:15,COPY_OR_MERGE,Judg.11.15
JDG 11:16,COPY_OR_MERGE,Judg.11.16
JDG 11:17,COPY_OR_MERGE,Judg.11.17
JDG 11:18,COPY_OR_MERGE,Judg.11.18
JDG 11:19,COPY_OR_MERGE,Judg.11.19
JDG 11:20,COPY_OR_MERGE,Judg.11.20
JDG 11:21,COPY_OR_MERGE,Judg.11.21
JDG 11:22,COPY_OR_MERGE,Judg.11.22
JDG 11:23,COPY_OR_MERGE,Judg.11.23
JDG 11:24,COPY_OR_MERGE,Judg.11.24
JDG 11:25,COPY_OR_MERGE,Judg.11.25
JDG 11:26,COPY_OR_MERGE,Judg.11.26
JDG 11:27,COPY_OR_MERGE,Judg.11.27
JDG 11:28,COPY_OR_MERGE,Judg.11.28
JDG 11:29,COPY_OR_MERGE,Judg.11.29
JDG 11:30,COPY_OR_MERGE,Judg.11.30
JDG 11:31,COPY_OR_MERGE,Judg.11.31
JDG 11:32,COPY_OR_MERGE,Judg.11.32
JDG 11:33,COPY_OR_MERGE,Judg.11.33
JDG 11:34,COPY_OR_MERGE,Judg.11.34
JDG 11:35,COPY_OR_MERGE,Judg.11.35
JDG 11:36,COPY_OR_MERGE,Judg.11.36
JDG 11:37,COPY_OR_MERGE,Judg.11.37
JDG 11:38,COPY_OR_MERGE,Judg.11.38
JDG 11:39,COPY_OR_MERGE,Judg.11.39
JDG 11:40,COPY_OR_MERGE,Judg.11.40
JDG 12:1,COPY_OR_MERGE,Judg.12.1
JDG 12:2,COPY_OR_MERGE,Judg.12.2
JDG 12:3,COPY_OR_MERGE,Judg.12.3
JDG 12:4,COPY_OR_MERGE,Judg.12.4
JDG 12:5,COPY_OR_MERGE,Judg.12.5
JDG 12:6,COPY_OR_MERGE,Judg.12.6
JDG 12:7,COPY_OR_MERGE,Judg.12.7
JDG 12:8,COPY_OR_MERGE,Judg.12.8
JDG 12:9,COPY_OR_MERGE,Judg.12.9
JDG 12:10,COPY_OR_MERGE,Judg.12.10
JDG 12:11,COPY_OR_MERGE,Judg.12.11
JDG 12:12,COPY_OR_MERGE,Judg.12.12
JDG 12:13,COPY_OR_MERGE,Judg.12.13
JDG 12:14,COPY_OR_MERGE,Judg.12.14
JDG 12:15,COPY_OR_MERGE,Judg.12.15
JDG 13:1,COPY_OR_MERGE,Judg.13.1
JDG 13:2,COPY_OR_MERGE,Judg.13.2
JDG 13:3,COPY_OR_MERGE,Judg.13.3
JDG 13:4,COPY_OR_MERGE,Judg.13.4
JDG 13:5,COPY_OR_MERGE,Judg.13.5
JDG 13:6,COPY_OR_MERGE,Judg.13.6
JDG 13:7,COPY_OR_MERGE,Judg.13.7
JDG 13:8,COPY_OR_MERGE,Judg.13.8
JDG 13:9,COPY_OR_MERGE,Judg.13.9
JDG 13:10,COPY_OR_MERGE,Judg.13.10
JDG 13:11,COPY_OR_MERGE,Judg.13.11
JDG 13:12,COPY_OR_MERGE,Judg.13.12
JDG 13:13,COPY_OR_MERGE,Judg.13.13
JDG 13:14,COPY_OR_MERGE,Judg.13.14
JDG 13:15,COPY_OR_MERGE,Judg.13.15
JDG 13:16,COPY_OR_MERGE,Judg.13.16
JDG 13:17,COPY_OR_MERGE,Judg.13.17
JDG 13:18,COPY_OR_MERGE,Judg.13.18
JDG 13:19,COPY_OR_MERGE,Judg.13.19
JDG 13:20,COPY_OR_MERGE,Judg.13.20
JDG 13:21,COPY_OR_MERGE,Judg.13.21
JDG 13:22,COPY_OR_MERGE,Judg.13.22
JDG 13:23,COPY_OR_MERGE,Judg.13.23
JDG 13:24,COPY_OR_MERGE,Judg.13.24
JDG 13:25,COPY_OR_MERGE,Judg.13.25
JDG 14:1,COPY_OR_MERGE,Judg.14.1
JDG 14:2,COPY_OR_MERGE,Judg.14.2
JDG 14:3,COPY_OR_MERGE,Judg.14.3
JDG 14:4,COPY_OR_MERGE,Judg.14.4
JDG 14:5,COPY_OR_MERGE,Judg.14.5
JDG 14:6,COPY_OR_MERGE,Judg.14.6
JDG 14:7,COPY_OR_MERGE,Judg.14.7
JDG 14:8,COPY_OR_MERGE,Judg.14.8
JDG 14:9,COPY_OR_MERGE,Judg.14.9
JDG 14:10,COPY_OR_MERGE,Judg.14.10
JDG 14:11,COPY_OR_MERGE,Judg.14.11
JDG 14:12,COPY_OR_MERGE,Judg.14.12
JDG 14:13,COPY_OR_MERGE,Judg.14.13
JDG 14:14,COPY_OR_MERGE,Judg.14.14
JDG 14:15,COPY_OR_MERGE,Judg.14.15
JDG 14:16,COPY_OR_MERGE,Judg.14.16
JDG 14:17,COPY_OR_MERGE,Judg.14.17
JDG 14:18,COPY_OR_MERGE,Judg.14.18
JDG 14:19,COPY_OR_MERGE,Judg.14.19
JDG 14:20,COPY_OR_MERGE,Judg.14.20
JDG 15:1,COPY_OR_MERGE,Judg.15.1
JDG 15:2,COPY_OR_MERGE,Judg.15.2
JDG 15:3,COPY_OR_MERGE,Judg.15.3
JDG 15:4,COPY_OR_MERGE,Judg.15.4
JDG 15:5,COPY_OR_MERGE,Judg.15.5
JDG 15:6,COPY_OR_MERGE,Judg.15.6
JDG 15:7,COPY_OR_MERGE,Judg.15.7
JDG 15:8,COPY_OR_MERGE,Judg.15.8
JDG 15:9,COPY_OR_MERGE,Judg.15.9
JDG 15:10,COPY_OR_MERGE,Judg.15.10
JDG 15:11,COPY_OR_MERGE,Judg.15.11
JDG 15:12,COPY_OR_MERGE,Judg.15.12
JDG 15:13,COPY_OR_MERGE,Judg.15.13
JDG 15:14,COPY_OR_MERGE,Judg.15.14
JDG 15:15,COPY_OR_MERGE,Judg.15.15
JDG 15:16,COPY_OR_MERGE,Judg.15.16
JDG 15:17,COPY_OR_MERGE,Judg.15.17
JDG 15:18,COPY_OR_MERGE,Judg.15.18
JDG 15:19,COPY_OR_MERGE,Judg.15.19
JDG 15:20,COPY_OR_MERGE,Judg.15.20
JDG 16:1,COPY_OR_MERGE,Judg.16.1
JDG 16:2,COPY_OR_MERGE,Judg.16.2
JDG 16:3,COPY_OR_MERGE,Judg.16.3
JDG 16:4,COPY_OR_MERGE,Judg.16.4
JDG 16:5,COPY_OR_MERGE,Judg.16.5
JDG 16:6,COPY_OR_MERGE,Judg.16.6
JDG 16:7,COPY_OR_MERGE,Judg.16.7
JDG 16:8,COPY_OR_MERGE,Judg.16.8
JDG 16:9,COPY_OR_MERGE,Judg.16.9
JDG 16:10,COPY_OR_MERGE,Judg.16.10
JDG 16:11,COPY_OR_MERGE,Judg.16.11
JDG 16:12,COPY_OR_MERGE,Judg.16.12
JDG 16:13,COPY_OR_MERGE,Judg.16.13
JDG 16:14,COPY_OR_MERGE,Judg.16.14
JDG 16:15,COPY_OR_MERGE,Judg.16.15
JDG 16:16,COPY_OR_MERGE,Judg.16.16
JDG 16:17,COPY_OR_MERGE,Judg.16.17
JDG 16:18,COPY_OR_MERGE,Judg.16.18
JDG 16:19,COPY_OR_MERGE,Judg.16.19
JDG 16:20,COPY_OR_MERGE,Judg.16.20
JDG 16:21,COPY_OR_MERGE,Judg.16.21
JDG 16:22,COPY_OR_MERGE,Judg.16.22
JDG 16:23,COPY_OR_MERGE,Judg.16.23
JDG 16:24,COPY_OR_MERGE,Judg.16.24
JDG 16:25,COPY_OR_MERGE,Judg.16.25
JDG 16:26,COPY_OR_MERGE,Judg.16.26
JDG 16:27,COPY_OR_MERGE,Judg.16.27
JDG 16:28,COPY_OR_MERGE,Judg.16.28
JDG 16:29,COPY_OR_MERGE,Judg.16.29
JDG 16:30,COPY_OR_MERGE,Judg.16.30
JDG 16:31,COPY_OR_MERGE,Judg.16.31
JDG 17:1,COPY_OR_MERGE,Judg.17.1
JDG 17:2,COPY_OR_MERGE,Judg.17.2
JDG 17:3,COPY_OR_MERGE,Judg.17.3
JDG 17:4,COPY_OR_MERGE,Judg.17.4
JDG 17:5,COPY_OR_MERGE,Judg.17.5
JDG 17:6,COPY_OR_MERGE,Judg.17.6
JDG 17:7,COPY_OR_MERGE,Judg.17.7
JDG 17:8,COPY_OR_MERGE,Judg.17.8
JDG 17:9,COPY_OR_MERGE,Judg.17.9
JDG 17:10,COPY_OR_MERGE,Judg.17.10
JDG 17:11,COPY_OR_MERGE,Judg.17.11
JDG 17:12,COPY_OR_MERGE,Judg.17.12
JDG 17:13,COPY_OR_MERGE,Judg.17.13
JDG 18:1,COPY_OR_MERGE,Judg.18.1
JDG 18:2,COPY_OR_MERGE,Judg.18.2
JDG 18:3,COPY_OR_MERGE,Judg.18.3
JDG 18:4,COPY_OR_MERGE,Judg.18.4
JDG 18:5,COPY_OR_MERGE,Judg.18.5
JDG 18:6,COPY_OR_MERGE,Judg.18.6
JDG 18:7,COPY_OR_MERGE,Judg.18.7
JDG 18:8,COPY_OR_MERGE,Judg.18.8
JDG 18:9,COPY_OR_MERGE,Judg.18.9
JDG 18:10,COPY_OR_MERGE,Judg.18.10
JDG 18:11,COPY_OR_MERGE,Judg.18.11
JDG 18:12,COPY_OR_MERGE,Judg.18.12
JDG 18:13,COPY_OR_MERGE,Judg.18.13
JDG 18:14,COPY_OR_MERGE,Judg.18.14
JDG 18:15,COPY_OR_MERGE,Judg.18.15
JDG 18:16,COPY_OR_MERGE,Judg.18.16
JDG 18:17,COPY_OR_MERGE,Judg.18.17
JDG 18:18,COPY_OR_MERGE,Judg.18.18
JDG 18:19,COPY_OR_MERGE,Judg.18.19
JDG 18:20,COPY_OR_MERGE,Judg.18.20
JDG 18:21,COPY_OR_MERGE,Judg.18.21
JDG 18:22,COPY_OR_MERGE,Judg.18.22
JDG 18:23,COPY_OR_MERGE,Judg.18.23
JDG 18:24,COPY_OR_MERGE,Judg.18.24
JDG 18:25,COPY_OR_MERGE,Judg.18.25
JDG 18:26,COPY_OR_MERGE,Judg.18.26
JDG 18:27,COPY_OR_MERGE,Judg.18.27
JDG 18:28,COPY_OR_MERGE,Judg.18.28
JDG 18:29,COPY_OR_MERGE,Judg.18.29
JDG 18:30,COPY_OR_MERGE,Judg.18.30
JDG 18:31,COPY_OR_MERGE,Judg.18.31
JDG 19:1,COPY_OR_MERGE,Judg.19.1
JDG 19:2,COPY_OR_MERGE,Judg.19.2
JDG 19:3,COPY_OR_MERGE,Judg.19.3
JDG 19:4,COPY_OR_MERGE,Judg.19.4
JDG 19:5,COPY_OR_MERGE,Judg.19.5
JDG 19:6,COPY_OR_MERGE,Judg.19.6
JDG 19:7,COPY_OR_MERGE,Judg.19.7
JDG 19:8,COPY_OR_MERGE,Judg.19.8
JDG 19:9,COPY_OR_MERGE,Judg.19.9
JDG 19:10,COPY_OR_MERGE,Judg.19.10
JDG 19:11,COPY_OR_MERGE,Judg.19.11
JDG 19:12,COPY_OR_MERGE,Judg.19.12
JDG 19:13,COPY_OR_MERGE,Judg.19.13
JDG 19:14,COPY_OR_MERGE,Judg.19.14
JDG 19:15,COPY_OR_MERGE,Judg.19.15
JDG 19:16,COPY_OR_MERGE,Judg.19.16
JDG 19:17,COPY_OR_MERGE,Judg.19.17
JDG 19:18,COPY_OR_MERGE,Judg.19.18
JDG 19:19,COPY_OR_MERGE,Judg.19.19
JDG 19:20,COPY_OR_MERGE,Judg.19.20
JDG 19:21,COPY_OR_MERGE,Judg.19.21
JDG 19:22,COPY_OR_MERGE,Judg.19.22
JDG 19:23,COPY_OR_MERGE,Judg.19.23
JDG 19:24,COPY_OR_MERGE,Judg.19.24
JDG 19:25,COPY_OR_MERGE,Judg.19.25
JDG 19:26,COPY_OR_MERGE,Judg.19.26
JDG 19:27,COPY_OR_MERGE,Judg.19.27
JDG 19:28,COPY_OR_MERGE,Judg.19.28
JDG 19:29,COPY_OR_MERGE,Judg.19.29
JDG 19:30,COPY_OR_MERGE,Judg.19.30
JDG 20:1,COPY_OR_MERGE,Judg.20.1
JDG 20:2,COPY_OR_MERGE,Judg.20.2
JDG 20:3,COPY_OR_MERGE,Judg.20.3
JDG 20:4,COPY_OR_MERGE,Judg.20.4
JDG 20:5,COPY_OR_MERGE,Judg.20.5
JDG 20:6,COPY_OR_MERGE,Judg.20.6
JDG 20:7,COPY_OR_MERGE,Judg.20.7
JDG 20:8,COPY_OR_MERGE,Judg.20.8
JDG 20:9,COPY_OR_MERGE,Judg.20.9
JDG 20:10,COPY_OR_MERGE,Judg.20.10
JDG 20:11,COPY_OR_MERGE,Judg.20.11
JDG 20:12,COPY_OR_MERGE,Judg.20.12
JDG 20:13,COPY_OR_MERGE,Judg.20.13
JDG 20:14,COPY_OR_MERGE,Judg.20.14
JDG 20:15,COPY_OR_MERGE,Judg.20.15
JDG 20:16,COPY_OR_MERGE,Judg.20.16
JDG 20:17,COPY_OR_MERGE,Judg.20.17
JDG 20:18,COPY_OR_MERGE,Judg.20.18
JDG 20:19,COPY_OR_MERGE,Judg.20.19
JDG 20:20,COPY_OR_MERGE,Judg.20.20
JDG 20:21,COPY_OR_MERGE,Judg.20.21
JDG 20:22,COPY_OR_MERGE,Judg.20.22
JDG 20:23,COPY_OR_MERGE,Judg.20.23
JDG 20:24,COPY_OR_MERGE,Judg.20.24
JDG 20:25,COPY_OR_MERGE,Judg.20.25
JDG 20:26,COPY_OR_MERGE,Judg.20.26
JDG 20:27,COPY_OR_MERGE,Judg.20.27
JDG 20:28,COPY_OR_MERGE,Judg.20.28
JDG 20:29,COPY_OR_MERGE,Judg.20.29
JDG 20:30,COPY_OR_MERGE,Judg.20.30
JDG 20:31,COPY_OR_MERGE,Judg.20.31
JDG 20:32,COPY_OR_MERGE,Judg.20.32
JDG 20:33,COPY_OR_MERGE,Judg.20.33
JDG 20:34,COPY_OR_MERGE,Judg.20.34
JDG 20:35,COPY_OR_MERGE,Judg.20.35
JDG 20:36,COPY_OR_MERGE,Judg.20.36
JDG 20:37,COPY_OR_MERGE,Judg.20.37
JDG 20:38,COPY_OR_MERGE,Judg.20.38
JDG 20:39,COPY_OR_MERGE,Judg.20.39
JDG 20:40,COPY_OR_MERGE,Judg.20.40
JDG 20:41,COPY_OR_MERGE,Judg.20.41
JDG 20:42,COPY_OR_MERGE,Judg.20.42
JDG 20:43,COPY_OR_MERGE,Judg.20.43
JDG 20:44,COPY_OR_MERGE,Judg.20.44
JDG 20:45,COPY_OR_MERGE,Judg.20.45
JDG 20:46,COPY_OR_MERGE,Judg.20.46
JDG 20:47,COPY_OR_MERGE,Judg.20.47
JDG 20:48,COPY_OR_MERGE,Judg.20.48
JDG 21:1,COPY_OR_MERGE,Judg.21.1
JDG 21:2,COPY_OR_MERGE,Judg.21.2
JDG 21:3,COPY_OR_MERGE,Judg.21.3
JDG 21:4,COPY_OR_MERGE,Judg.21.4
JDG 21:5,COPY_OR_MERGE,Judg.21.5
JDG 21:6,COPY_OR_MERGE,Judg.21.6
JDG 21:7,COPY_OR_MERGE,Judg.21.7
JDG 21:8,COPY_OR_MERGE,Judg.21.8
JDG 21:9,COPY_OR_MERGE,Judg.21.9
JDG 21:10,COPY_OR_MERGE,Judg.21.10
JDG 21:11,COPY_OR_MERGE,Judg.21.11
JDG 21:12,COPY_OR_MERGE,Judg.21.12
JDG 21:13,COPY_OR_MERGE,Judg.21.13
JDG 21:14,COPY_OR_MERGE,Judg.21.14
JDG 21:15,COPY_OR_MERGE,Judg.21.15
JDG 21:16,COPY_OR_MERGE,Judg.21.16
JDG 21:17,COPY_OR_MERGE,Judg.21.17
JDG 21:18,COPY_OR_MERGE,Judg.21.18
JDG 21:19,COPY_OR_MERGE,Judg.21.19
JDG 21:20,COPY_OR_MERGE,Judg.21.20
JDG 21:21,COPY_OR_MERGE,Judg.21.21
JDG 21:22,COPY_OR_MERGE,Judg.21.22
JDG 21:23,COPY_OR_MERGE,Judg.21.23
JDG 21:24,COPY_OR_MERGE,Judg.21.24
JDG 21:25,COPY_OR_MERGE,Judg.21.25
JER 1:1,COPY_OR_MERGE,Jer.1.1
JER 1:2,COPY_OR_MERGE,Jer.1.2
JER 1:3,COPY_OR_MERGE,Jer.1.3
JER 1:4,COPY_OR_MERGE,Jer.1.4
JER 1:5,COPY_OR_MERGE,Jer.1.5
JER 1:6,COPY_OR_MERGE,Jer.1.6
JER 1:7,COPY_OR_MERGE,Jer.1.7
JER 1:8,COPY_OR_MERGE,Jer.1.8
JER 1:9,COPY_OR_MERGE,Jer.1.9
JER 1:10,COPY_OR_MERGE,Jer.1.10
JER 1:11,COPY_OR_MERGE,Jer.1.11
JER 1:12,COPY_OR_MERGE,Jer.1.12
JER 1:13,COPY_OR_MERGE,Jer.1.13
JER 1:14,COPY_OR_MERGE,Jer.1.14
JER 1:15,COPY_OR_MERGE,Jer.1.15
JER 1:16,COPY_OR_MERGE,Jer.1.16
JER 1:17,COPY_OR_MERGE,Jer.1.17
JER 1:18,COPY_OR_MERGE,Jer.1.18
JER 1:19,COPY_OR_MERGE,Jer.1.19
JER 2:1,COPY_OR_MERGE,Jer.2.1
JER 2:2,COPY_OR_MERGE,Jer.2.2
JER 2:3,COPY_OR_MERGE,Jer.2.3
JER 2:4,COPY_OR_MERGE,Jer.2.4
JER 2:5,COPY_OR_MERGE,Jer.2.5
JER 2:6,COPY_OR_MERGE,Jer.2.6
JER 2:7,COPY_OR_MERGE,Jer.2.7
JER 2:8,COPY_OR_MERGE,Jer.2.8
JER 2:9,COPY_OR_MERGE,Jer.2.9
JER 2:10,COPY_OR_MERGE,Jer.2.10
JER 2:11,COPY_OR_MERGE,Jer.2.11
JER 2:12,COPY_OR_MERGE,Jer.2.12
JER 2:13,COPY_OR_MERGE,Jer.2.13
JER 2:14,COPY_OR_MERGE,Jer.2.14
JER 2:15,COPY_OR_MERGE,Jer.2.15
JER 2:16,COPY_OR_MERGE,Jer.2.16
JER 2:17,COPY_OR_MERGE,Jer.2.17
JER 2:18,COPY_OR_MERGE,Jer.2.18
JER 2:19,COPY_OR_MERGE,Jer.2.19
JER 2:20,COPY_OR_MERGE,Jer.2.20
JER 2:21,COPY_OR_MERGE,Jer.2.21
JER 2:22,COPY_OR_MERGE,Jer.2.22
JER 2:23,COPY_OR_MERGE,Jer.2.23
JER 2:24,COPY_OR_MERGE,Jer.2.24
JER 2:25,COPY_OR_MERGE,Jer.2.25
JER 2:26,COPY_OR_MERGE,Jer.2.26
JER 2:27,COPY_OR_MERGE,Jer.2.27
JER 2:28,COPY_OR_MERGE,Jer.2.28
JER 2:29,COPY_OR_MERGE,Jer.2.29
JER 2:30,COPY_OR_MERGE,Jer.2.30
JER 2:31,COPY_OR_MERGE,Jer.2.31
JER 2:32,COPY_OR_MERGE,Jer.2.32
JER 2:33,COPY_OR_MERGE,Jer.2.33
JER 2:34,COPY_OR_MERGE,Jer.2.34
JER 2:35,COPY_OR_MERGE,Jer.2.35
JER 2:36,COPY_OR_MERGE,Jer.2.36
JER 2:37,COPY_OR_MERGE,Jer.2.37
JER 3:1,COPY_OR_MERGE,Jer.3.1
JER 3:2,COPY_OR_MERGE,Jer.3.2
JER 3:3,COPY_OR_MERGE,Jer.3.3
JER 3:4,COPY_OR_MERGE,Jer.3.4
JER 3:5,COPY_OR_MERGE,Jer.3.5
JER 3:6,COPY_OR_MERGE,Jer.3.6
JER 3:7,COPY_OR_MERGE,Jer.3.7
JER 3:8,COPY_OR_MERGE,Jer.3.8
JER 3:9,COPY_OR_MERGE,Jer.3.9
JER 3:10,COPY_OR_MERGE,Jer.3.10
JER 3:11,COPY_OR_MERGE,Jer.3.11
JER 3:12,COPY_OR_MERGE,Jer.3.12
JER 3:13,COPY_OR_MERGE,Jer.3.13
JER 3:14,COPY_OR_MERGE,Jer.3.14
JER 3:15,COPY_OR_MERGE,Jer.3.15
JER 3:16,COPY_OR_MERGE,Jer.3.16
JER 3:17,COPY_OR_MERGE,Jer.3.17
JER 3:18,COPY_OR_MERGE,Jer.3.18
JER 3:19,COPY_OR_MERGE,Jer.3.19
JER 3:20,COPY_OR_MERGE,Jer.3.20
JER 3:21,COPY_OR_MERGE,Jer.3.21
JER 3:22,COPY_OR_MERGE,Jer.3.22
JER 3:23,COPY_OR_MERGE,Jer.3.23
JER 3:24,COPY_OR_MERGE,Jer.3.24
JER 3:25,COPY_OR_MERGE,Jer.3.25
JER 4:1,COPY_OR_MERGE,Jer.4.1
JER 4:2,COPY_OR_MERGE,Jer.4.2
JER 4:3,COPY_OR_MERGE,Jer.4.3
JER 4:4,COPY_OR_MERGE,Jer.4.4
JER 4:5,COPY_OR_MERGE,Jer.4.5
JER 4:6,COPY_OR_MERGE,Jer.4.6
JER 4:7,COPY_OR_MERGE,Jer.4.7
JER 4:8,COPY_OR_MERGE,Jer.4.8
JER 4:9,COPY_OR_MERGE,Jer.4.9
JER 4:10,COPY_OR_MERGE,Jer.4.10
JER 4:11,COPY_OR_MERGE,Jer.4.11
JER 4:12,COPY_OR_MERGE,Jer.4.12
JER 4:13,COPY_OR_MERGE,Jer.4.13
JER 4:14,COPY_OR_MERGE,Jer.4.14
JER 4:15,COPY_OR_MERGE,Jer.4.15
JER 4:16,COPY_OR_MERGE,Jer.4.16
JER 4:17,COPY_OR_MERGE,Jer.4.17
JER 4:18,COPY_OR_MERGE,Jer.4.18
JER 4:19,COPY_OR_MERGE,Jer.4.19
JER 4:20,COPY_OR_MERGE,Jer.4.20
JER 4:21,COPY_OR_MERGE,Jer.4.21
JER 4:22,COPY_OR_MERGE,Jer.4.22
JER 4:23,COPY_OR_MERGE,Jer.4.23
JER 4:24,COPY_OR_MERGE,Jer.4.24
JER 4:25,COPY_OR_MERGE,Jer.4.25
JER 4:26,COPY_OR_MERGE,Jer.4.26
JER 4:27,COPY_OR_MERGE,Jer.4.27
JER 4:28,COPY_OR_MERGE,Jer.4.28
JER 4:29,COPY_OR_MERGE,Jer.4.29
JER 4:30,COPY_OR_MERGE,Jer.4.30
JER 4:31,COPY_OR_MERGE,Jer.4.31
JER 5:1,COPY_OR_MERGE,Jer.5.1
JER 5:2,COPY_OR_MERGE,Jer.5.2
JER 5:3,COPY_OR_MERGE,Jer.5.3
JER 5:4,COPY_OR_MERGE,Jer.5.4
JER 5:5,COPY_OR_MERGE,Jer.5.5
JER 5:6,COPY_OR_MERGE,Jer.5.6
JER 5:7,COPY_OR_MERGE,Jer.5.7
JER 5:8,COPY_OR_MERGE,Jer.5.8
JER 5:9,COPY_OR_MERGE,Jer.5.9
JER 5:10,COPY_OR_MERGE,Jer.5.10
JER 5:11,COPY_OR_MERGE,Jer.5.11
JER 5:12,COPY_OR_MERGE,Jer.5.12
JER 5:13,COPY_OR_MERGE,Jer.5.13
JER 5:14,COPY_OR_MERGE,Jer.5.14
JER 5:15,COPY_OR_MERGE,Jer.5.15
JER 5:16,COPY_OR_MERGE,Jer.5.16
JER 5:17,COPY_OR_MERGE,Jer.5.17
JER 5:18,COPY_OR_MERGE,Jer.5.18
JER 5:19,COPY_OR_MERGE,Jer.5.19
JER 5:20,COPY_OR_MERGE,Jer.5.20
JER 5:21,COPY_OR_MERGE,Jer.5.21
JER 5:22,COPY_OR_MERGE,Jer.5.22
JER 5:23,COPY_OR_MERGE,Jer.5.23
JER 5:24,COPY_OR_MERGE,Jer.5.24
JER 5:25,COPY_OR_MERGE,Jer.5.25
JER 5:26,COPY_OR_MERGE,Jer.5.26
JER 5:27,COPY_OR_MERGE,Jer.5.27
JER 5:28,COPY_OR_MERGE,Jer.5.28
JER 5:29,COPY_OR_MERGE,Jer.5.29
JER 5:30,COPY_OR_MERGE,Jer.5.30
JER 5:31,COPY_OR_MERGE,Jer.5.31
JER 6:1,COPY_OR_MERGE,Jer.6.1
JER 6:2,COPY_OR_MERGE,Jer.6.2
JER 6:3,COPY_OR_MERGE,Jer.6.3
JER 6:4,COPY_OR_MERGE,Jer.6.4
JER 6:5,COPY_OR_MERGE,Jer.6.5
JER 6:6,COPY_OR_MERGE,Jer.6.6
JER 6:7,COPY_OR_MERGE,Jer.6.7
JER 6:8,COPY_OR_MERGE,Jer.6.8
JER 6:9,COPY_OR_MERGE,Jer.6.9
JER 6:10,COPY_OR_MERGE,Jer.6.10
JER 6:11,COPY_OR_MERGE,Jer.6.11
JER 6:12,COPY_OR_MERGE,Jer.6.12
JER 6:13,COPY_OR_MERGE,Jer.6.13
JER 6:14,COPY_OR_MERGE,Jer.6.14
JER 6:15,COPY_OR_MERGE,Jer.6.15
JER 6:16,COPY_OR_MERGE,Jer.6.16
JER 6:17,COPY_OR_MERGE,Jer.6.17
JER 6:18,COPY_OR_MERGE,Jer.6.18
JER 6:19,COPY_OR_MERGE,Jer.6.19
JER 6:20,COPY_OR_MERGE,Jer.6.20
JER 6:21,COPY_OR_MERGE,Jer.6.21
JER 6:22,COPY_OR_MERGE,Jer.6.22
JER 6:23,COPY_OR_MERGE,Jer.6.23
JER 6:24,COPY_OR_MERGE,Jer.6.24
JER 6:25,COPY_OR_MERGE,Jer.6.25
JER 6:26,COPY_OR_MERGE,Jer.6.26
JER 6:27,COPY_OR_MERGE,Jer.6.27
JER 6:28,COPY_OR_MERGE,Jer.6.28
JER 6:29,COPY_OR_MERGE,Jer.6.29
JER 6:30,COPY_OR_MERGE,Jer.6.30
JER 7:1,COPY_OR_MERGE,Jer.7.1
JER 7:2,COPY_OR_MERGE,Jer.7.2
JER 7:3,COPY_OR_MERGE,Jer.7.3
JER 7:4,COPY_OR_MERGE,Jer.7.4
JER 7:5,COPY_OR_MERGE,Jer.7.5
JER 7:6,COPY_OR_MERGE,Jer.7.6
JER 7:7,COPY_OR_MERGE,Jer.7.7
JER 7:8,COPY_OR_MERGE,Jer.7.8
JER 7:9,COPY_OR_MERGE,Jer.7.9
JER 7:10,COPY_OR_MERGE,Jer.7.10
JER 7:11,COPY_OR_MERGE,Jer.7.11
JER 7:12,COPY_OR_MERGE,Jer.7.12
JER 7:13,COPY_OR_MERGE,Jer.7.13
JER 7:14,COPY_OR_MERGE,Jer.7.14
JER 7:15,COPY_OR_MERGE,Jer.7.15
JER 7:16,COPY_OR_MERGE,Jer.7.16
JER 7:17,COPY_OR_MERGE,Jer.7.17
JER 7:18,COPY_OR_MERGE,Jer.7.18
JER 7:19,COPY_OR_MERGE,Jer.7.19
JER 7:20,COPY_OR_MERGE,Jer.7.20
JER 7:21,COPY_OR_MERGE,Jer.7.21
JER 7:22,COPY_OR_MERGE,Jer.7.22
JER 7:23,COPY_OR_MERGE,Jer.7.23
JER 7:24,COPY_OR_MERGE,Jer.7.24
JER 7:25,COPY_OR_MERGE,Jer.7.25
JER 7:26,COPY_OR_MERGE,Jer.7.26
JER 7:27,COPY_OR_MERGE,Jer.7.27
JER 7:28,COPY_OR_MERGE,Jer.7.28
JER 7:29,COPY_OR_MERGE,Jer.7.29
JER 7:30,COPY_OR_MERGE,Jer.7.30
JER 7:31,COPY_OR_MERGE,Jer.7.31
JER 7:32,COPY_OR_MERGE,Jer.7.32
JER 7:33,COPY_OR_MERGE,Jer.7.33
JER 7:34,COPY_OR_MERGE,Jer.7.34
JER 8:1,COPY_OR_MERGE,Jer.8.1
JER 8:2,COPY_OR_MERGE,Jer.8.2
JER 8:3,COPY_OR_MERGE,Jer.8.3
JER 8:4,COPY_OR_MERGE,Jer.8.4
JER 8:5,COPY_OR_MERGE,Jer.8.5
JER 8:6,COPY_OR_MERGE,Jer.8.6
JER 8:7,COPY_OR_MERGE,Jer.8.7
JER 8:8,COPY_OR_MERGE,Jer.8.8
JER 8:9,COPY_OR_MERGE,Jer.8.9
JER 8:10,COPY_OR_MERGE,Jer.8.10
JER 8:11,COPY_OR_MERGE,Jer.8.11
JER 8:12,COPY_OR_MERGE,Jer.8.12
JER 8:13,COPY_OR_MERGE,Jer.8.13
JER 8:14,COPY_OR_MERGE,Jer.8.14
JER 8:15,COPY_OR_MERGE,Jer.8.15
JER 8:16,COPY_OR_MERGE,Jer.8.16
JER 8:17,COPY_OR_MERGE,Jer.8.17
JER 8:18,COPY_OR_MERGE,Jer.8.18
JER 8:19,COPY_OR_MERGE,Jer.8.19
JER 8:20,COPY_OR_MERGE,Jer.8.20
JER 8:21,COPY_OR_MERGE,Jer.8.21
JER 8:22,COPY_OR_MERGE,Jer.8.22
JER 9:1,COPY_OR_MERGE,Jer.8.23
JER 9:2,COPY_OR_MERGE,Jer.9.1
JER 9:3,COPY_OR_MERGE,Jer.9.2
JER 9:4,COPY_OR_MERGE,Jer.9.3
JER 9:5,COPY_OR_MERGE,Jer.9.4
JER 9:6,COPY_OR_MERGE,Jer.9.5
JER 9:7,COPY_OR_MERGE,Jer.9.6
JER 9:8,COPY_OR_MERGE,Jer.9.7
JER 9:9,COPY_OR_MERGE,Jer.9.8
JER 9:10,COPY_OR_MERGE,Jer.9.9
JER 9:11,COPY_OR_MERGE,Jer.9.10
JER 9:12,COPY_OR_MERGE,Jer.9.11
JER 9:13,COPY_OR_MERGE,Jer.9.12
JER 9:14,COPY_OR_MERGE,Jer.9.13
JER 9:15,COPY_OR_MERGE,Jer.9.14
JER 9:16,COPY_OR_MERGE,Jer.9.15
JER 9:17,COPY_OR_MERGE,Jer.9.16
JER 9:18,COPY_OR_MERGE,Jer.9.17
JER 9:19,COPY_OR_MERGE,Jer.9.18
JER 9:20,COPY_OR_MERGE,Jer.9.19
JER 9:21,COPY_OR_MERGE,Jer.9.20
JER 9:22,COPY_OR_MERGE,Jer.9.21
JER 9:23,COPY_OR_MERGE,Jer.9.22
JER 9:24,COPY_OR_MERGE,Jer.9.23
JER 9:25,COPY_OR_MERGE,Jer.9.24
JER 9:26,COPY_OR_MERGE,Jer.9.25
JER 10:1,COPY_OR_MERGE,Jer.10.1
JER 10:2,COPY_OR_MERGE,Jer.10.2
JER 10:3,COPY_OR_MERGE,Jer.10.3
JER 10:4,COPY_OR_MERGE,Jer.10.4
JER 10:5,COPY_OR_MERGE,Jer.10.5
JER 10:6,COPY_OR_MERGE,Jer.10.6
JER 10:7,COPY_OR_MERGE,Jer.10.7
JER 10:8,COPY_OR_MERGE,Jer.10.8
JER 10:9,COPY_OR_MERGE,Jer.10.9
JER 10:10,COPY_OR_MERGE,Jer.10.10
JER 10:11,COPY_OR_MERGE,Jer.10.11
JER 10:12,COPY_OR_MERGE,Jer.10.12
JER 10:13,COPY_OR_MERGE,Jer.10.13
JER 10:14,COPY_OR_MERGE,Jer.10.14
JER 10:15,COPY_OR_MERGE,Jer.10.15
JER 10:16,COPY_OR_MERGE,Jer.10.16
JER 10:17,COPY_OR_MERGE,Jer.10.17
JER 10:18,COPY_OR_MERGE,Jer.10.18
JER 10:19,COPY_OR_MERGE,Jer.10.19
JER 10:20,COPY_OR_MERGE,Jer.10.20
JER 10:21,COPY_OR_MERGE,Jer.10.21
JER 10:22,COPY_OR_MERGE,Jer.10.22
JER 10:23,COPY_OR_MERGE,Jer.10.23
JER 10:24,COPY_OR_MERGE,Jer.10.24
JER 10:25,COPY_OR_MERGE,Jer.10.25
JER 11:1,COPY_OR_MERGE,Jer.11.1
JER 11:2,COPY_OR_MERGE,Jer.11.2
JER 11:3,COPY_OR_MERGE,Jer.11.3
JER 11:4,COPY_OR_MERGE,Jer.11.4
JER 11:5,COPY_OR_MERGE,Jer.11.5
JER 11:6,COPY_OR_MERGE,Jer.11.6
JER 11:7,COPY_OR_MERGE,Jer.11.7
JER 11:8,COPY_OR_MERGE,Jer.11.8
JER 11:9,COPY_OR_MERGE,Jer.11.9
JER 11:10,COPY_OR_MERGE,Jer.11.10
JER 11:11,COPY_OR_MERGE,Jer.11.11
JER 11:12,COPY_OR_MERGE,Jer.11.12
JER 11:13,COPY_OR_MERGE,Jer.11.13
JER 11:14,COPY_OR_MERGE,Jer.11.14
JER 11:15,COPY_OR_MERGE,Jer.11.15
JER 11:16,COPY_OR_MERGE,Jer.11.16
JER 11:17,COPY_OR_MERGE,Jer.11.17
JER 11:18,COPY_OR_MERGE,Jer.11.18
JER 11:19,COPY_OR_MERGE,Jer.11.19
JER 11:20,COPY_OR_MERGE,Jer.11.20
JER 11:21,COPY_OR_MERGE,Jer.11.21
JER 11:22,COPY_OR_MERGE,Jer.11.22
JER 11:23,COPY_OR_MERGE,Jer.11.23
JER 12:1,COPY_OR_MERGE,Jer.12.1
JER 12:2,COPY_OR_MERGE,Jer.12.2
JER 12:3,COPY_OR_MERGE,Jer.12.3
JER 12:4,COPY_OR_MERGE,Jer.12.4
JER 12:5,COPY_OR_MERGE,Jer.12.5
JER 12:6,COPY_OR_MERGE,Jer.12.6
JER 12:7,COPY_OR_MERGE,Jer.12.7
JER 12:8,COPY_OR_MERGE,Jer.12.8
JER 12:9,COPY_OR_MERGE,Jer.12.9
JER 12:10,COPY_OR_MERGE,Jer.12.10
JER 12:11,COPY_OR_MERGE,Jer.12.11
JER 12:12,COPY_OR_MERGE,Jer.12.12
JER 12:13,COPY_OR_MERGE,Jer.12.13
JER 12:14,COPY_OR_MERGE,Jer.12.14
JER 12:15,COPY_OR_MERGE,Jer.12.15
JER 12:16,COPY_OR_MERGE,Jer.12.16
JER 12:17,COPY_OR_MERGE,Jer.12.17
JER 13:1,COPY_OR_MERGE,Jer.13.1
JER 13:2,COPY_OR_MERGE,Jer.13.2
JER 13:3,COPY_OR_MERGE,Jer.13.3
JER 13:4,COPY_OR_MERGE,Jer.13.4
JER 13:5,COPY_OR_MERGE,Jer.13.5
JER 13:6,COPY_OR_MERGE,Jer.13.6
JER 13:7,COPY_OR_MERGE,Jer.13.7
JER 13:8,COPY_OR_MERGE,Jer.13.8
JER 13:9,COPY_OR_MERGE,Jer.13.9
JER 13:10,COPY_OR_MERGE,Jer.13.10
JER 13:11,COPY_OR_MERGE,Jer.13.11
JER 13:12,COPY_OR_MERGE,Jer.13.12
JER 13:13,COPY_OR_MERGE,Jer.13.13
JER 13:14,COPY_OR_MERGE,Jer.13.14
JER 13:15,COPY_OR_MERGE,Jer.13.15
JER 13:16,COPY_OR_MERGE,Jer.13.16
JER 13:17,COPY_OR_MERGE,Jer.13.17
JER 13:18,COPY_OR_MERGE,Jer.13.18
JER 13:19,COPY_OR_MERGE,Jer.13.19
JER 13:20,COPY_OR_MERGE,Jer.13.20
JER 13:21,COPY_OR_MERGE,Jer.13.21
JER 13:22,COPY_OR_MERGE,Jer.13.22
JER 13:23,COPY_OR_MERGE,Jer.13.23
JER 13:24,COPY_OR_MERGE,Jer.13.24
JER 13:25,COPY_OR_MERGE,Jer.13.25
JER 13:26,COPY_OR_MERGE,Jer.13.26
JER 13:27,COPY_OR_MERGE,Jer.13.27
JER 14:1,COPY_OR_MERGE,Jer.14.1
JER 14:2,COPY_OR_MERGE,Jer.14.2
JER 14:3,COPY_OR_MERGE,Jer.14.3
JER 14:4,COPY_OR_MERGE,Jer.14.4
JER 14:5,COPY_OR_MERGE,Jer.14.5
JER 14:6,COPY_OR_MERGE,Jer.14.6
JER 14:7,COPY_OR_MERGE,Jer.14.7
JER 14:8,COPY_OR_MERGE,Jer.14.8
JER 14:9,COPY_OR_MERGE,Jer.14.9
JER 14:10,COPY_OR_MERGE,Jer.14.10
JER 14:11,COPY_OR_MERGE,Jer.14.11
JER 14:12,COPY_OR_MERGE,Jer.14.12
JER 14:13,COPY_OR_MERGE,Jer.14.13
JER 14:14,COPY_OR_MERGE,Jer.14.14
JER 14:15,COPY_OR_MERGE,Jer.14.15
JER 14:16,COPY_OR_MERGE,Jer.14.16
JER 14:17,COPY_OR_MERGE,Jer.14.17
JER 14:18,COPY_OR_MERGE,Jer.14.18
JER 14:19,COPY_OR_MERGE,Jer.14.19
JER 14:20,COPY_OR_MERGE,Jer.14.20
JER 14:21,COPY_OR_MERGE,Jer.14.21
JER 14:22,COPY_OR_MERGE,Jer.14.22
JER 15:1,COPY_OR_MERGE,Jer.15.1
JER 15:2,COPY_OR_MERGE,Jer.15.2
JER 15:3,COPY_OR_MERGE,Jer.15.3
JER 15:4,COPY_OR_MERGE,Jer.15.4
JER 15:5,COPY_OR_MERGE,Jer.15.5
JER 15:6,COPY_OR_MERGE,Jer.15.6
JER 15:7,COPY_OR_MERGE,Jer.15.7
JER 15:8,COPY_OR_MERGE,Jer.15.8
JER 15:9,COPY_OR_MERGE,Jer.15.9
JER 15:10,COPY_OR_MERGE,Jer.15.10
JER 15:11,COPY_OR_MERGE,Jer.15.11
JER 15:12,COPY_OR_MERGE,Jer.15.12
JER 15:13,COPY_OR_MERGE,Jer.15.13
JER 15:14,COPY_OR_MERGE,Jer.15.14
JER 15:15,COPY_OR_MERGE,Jer.15.15
JER 15:16,COPY_OR_MERGE,Jer.15.16
JER 15:17,COPY_OR_MERGE,Jer.15.17
JER 15:18,COPY_OR_MERGE,Jer.15.18
JER 15:19,COPY_OR_MERGE,Jer.15.19
JER 15:20,COPY_OR_MERGE,Jer.15.20
JER 15:21,COPY_OR_MERGE,Jer.15.21
JER 16:1,COPY_OR_MERGE,Jer.16.1
JER 16:2,COPY_OR_MERGE,Jer.16.2
JER 16:3,COPY_OR_MERGE,Jer.16.3
JER 16:4,COPY_OR_MERGE,Jer.16.4
JER 16:5,COPY_OR_MERGE,Jer.16.5
JER 16:6,COPY_OR_MERGE,Jer.16.6
JER 16:7,COPY_OR_MERGE,Jer.16.7
JER 16:8,COPY_OR_MERGE,Jer.16.8
JER 16:9,COPY_OR_MERGE,Jer.16.9
JER 16:10,COPY_OR_MERGE,Jer.16.10
JER 16:11,COPY_OR_MERGE,Jer.16.11
JER 16:12,COPY_OR_MERGE,Jer.16.12
JER 16:13,COPY_OR_MERGE,Jer.16.13
JER 16:14,COPY_OR_MERGE,Jer.16.14
JER 16:15,COPY_OR_MERGE,Jer.16.15
JER 16:16,COPY_OR_MERGE,Jer.16.16
JER 16:17,COPY_OR_MERGE,Jer.16.17
JER 16:18,COPY_OR_MERGE,Jer.16.18
JER 16:19,COPY_OR_MERGE,Jer.16.19
JER 16:20,COPY_OR_MERGE,Jer.16.20
JER 16:21,COPY_OR_MERGE,Jer.16.21
JER 17:1,COPY_OR_MERGE,Jer.17.1
JER 17:2,COPY_OR_MERGE,Jer.17.2
JER 17:3,COPY_OR_MERGE,Jer.17.3
JER 17:4,COPY_OR_MERGE,Jer.17.4
JER 17:5,COPY_OR_MERGE,Jer.17.5
JER 17:6,COPY_OR_MERGE,Jer.17.6
JER 17:7,COPY_OR_MERGE,Jer.17.7
JER 17:8,COPY_OR_MERGE,Jer.17.8
JER 17:9,COPY_OR_MERGE,Jer.17.9
JER 17:10,COPY_OR_MERGE,Jer.17.10
JER 17:11,COPY_OR_MERGE,Jer.17.11
JER 17:12,COPY_OR_MERGE,Jer.17.12
JER 17:13,COPY_OR_MERGE,Jer.17.13
JER 17:14,COPY_OR_MERGE,Jer.17.14
JER 17:15,COPY_OR_MERGE,Jer.17.15
JER 17:16,COPY_OR_MERGE,Jer.17.16
JER 17:17,COPY_OR_MERGE,Jer.17.17
JER 17:18,COPY_OR_MERGE,Jer.17.18
JER 17:19,COPY_OR_MERGE,Jer.17.19
JER 17:20,COPY_OR_MERGE,Jer.17.20
JER 17:21,COPY_OR_MERGE,Jer.17.21
JER 17:22,COPY_OR_MERGE,Jer.17.22
JER 17:23,COPY_OR_MERGE,Jer.17.23
JER 17:24,COPY_OR_MERGE,Jer.17.24
JER 17:25,COPY_OR_MERGE,Jer.17.25
JER 17:26,COPY_OR_MERGE,Jer.17.26
JER 17:27,COPY_OR_MERGE,Jer.17.27
JER 18:1,COPY_OR_MERGE,Jer.18.1
JER 18:2,COPY_OR_MERGE,Jer.18.2
JER 18:3,COPY_OR_MERGE,Jer.18.3
JER 18:4,COPY_OR_MERGE,Jer.18.4
JER 18:5,COPY_OR_MERGE,Jer.18.5
JER 18:6,COPY_OR_MERGE,Jer.18.6
JER 18:7,COPY_OR_MERGE,Jer.18.7
JER 18:8,COPY_OR_MERGE,Jer.18.8
JER 18:9,COPY_OR_MERGE,Jer.18.9
JER 18:10,COPY_OR_MERGE,Jer.18.10
JER 18:11,COPY_OR_MERGE,Jer.18.11
JER 18:12,COPY_OR_MERGE,Jer.18.12
JER 18:13,COPY_OR_MERGE,Jer.18.13
JER 18:14,COPY_OR_MERGE,Jer.18.14
JER 18:15,COPY_OR_MERGE,Jer.18.15
JER 18:16,COPY_OR_MERGE,Jer.18.16
JER 18:17,COPY_OR_MERGE,Jer.18.17
JER 18:18,COPY_OR_MERGE,Jer.18.18
JER 18:19,COPY_OR_MERGE,Jer.18.19
JER 18:20,COPY_OR_MERGE,Jer.18.20
JER 18:21,COPY_OR_MERGE,Jer.18.21
JER 18:22,COPY_OR_MERGE,Jer.18.22
JER 18:23,COPY_OR_MERGE,Jer.18.23
JER 19:1,COPY_OR_MERGE,Jer.19.1
JER 19:2,COPY_OR_MERGE,Jer.19.2
JER 19:3,COPY_OR_MERGE,Jer.19.3
JER 19:4,COPY_OR_MERGE,Jer.19.4
JER 19:5,COPY_OR_MERGE,Jer.19.5
JER 19:6,COPY_OR_MERGE,Jer.19.6
JER 19:7,COPY_OR_MERGE,Jer.19.7
JER 19:8,COPY_OR_MERGE,Jer.19.8
JER 19:9,COPY_OR_MERGE,Jer.19.9
JER 19:10,COPY_OR_MERGE,Jer.19.10
JER 19:11,COPY_OR_MERGE,Jer.19.11
JER 19:12,COPY_OR_MERGE,Jer.19.12
JER 19:13,COPY_OR_MERGE,Jer.19.13
JER 19:14,COPY_OR_MERGE,Jer.19.14
JER 19:15,COPY_OR_MERGE,Jer.19.15
JER 20:1,COPY_OR_MERGE,Jer.20.1
JER 20:2,COPY_OR_MERGE,Jer.20.2
JER 20:3,COPY_OR_MERGE,Jer.20.3
JER 20:4,COPY_OR_MERGE,Jer.20.4
JER 20:5,COPY_OR_MERGE,Jer.20.5
JER 20:6,COPY_OR_MERGE,Jer.20.6
JER 20:7,COPY_OR_MERGE,Jer.20.7
JER 20:8,COPY_OR_MERGE,Jer.20.8
JER 20:9,COPY_OR_MERGE,Jer.20.9
JER 20:10,COPY_OR_MERGE,Jer.20.10
JER 20:11,COPY_OR_MERGE,Jer.20.11
JER 20:12,COPY_OR_MERGE,Jer.20.12
JER 20:13,COPY_OR_MERGE,Jer.20.13
JER 20:14,COPY_OR_MERGE,Jer.20.14
JER 20:15,COPY_OR_MERGE,Jer.20.15
JER 20:16,COPY_OR_MERGE,Jer.20.16
JER 20:17,COPY_OR_MERGE,Jer.20.17
JER 20:18,COPY_OR_MERGE,Jer.20.18
JER 21:1,COPY_OR_MERGE,Jer.21.1
JER 21:2,COPY_OR_MERGE,Jer.21.2
JER 21:3,COPY_OR_MERGE,Jer.21.3
JER 21:4,COPY_OR_MERGE,Jer.21.4
JER 21:5,COPY_OR_MERGE,Jer.21.5
JER 21:6,COPY_OR_MERGE,Jer.21.6
JER 21:7,COPY_OR_MERGE,Jer.21.7
JER 21:8,COPY_OR_MERGE,Jer.21.8
JER 21:9,COPY_OR_MERGE,Jer.21.9
JER 21:10,COPY_OR_MERGE,Jer.21.10
JER 21:11,COPY_OR_MERGE,Jer.21.11
JER 21:12,COPY_OR_MERGE,Jer.21.12
JER 21:13,COPY_OR_MERGE,Jer.21.13
JER 21:14,COPY_OR_MERGE,Jer.21.14
JER 22:1,COPY_OR_MERGE,Jer.22.1
JER 22:2,COPY_OR_MERGE,Jer.22.2
JER 22:3,COPY_OR_MERGE,Jer.22.3
JER 22:4,COPY_OR_MERGE,Jer.22.4
JER 22:5,COPY_OR_MERGE,Jer.22.5
JER 22:6,COPY_OR_MERGE,Jer.22.6
JER 22:7,COPY_OR_MERGE,Jer.22.7
JER 22:8,COPY_OR_MERGE,Jer.22.8
JER 22:9,COPY_OR_MERGE,Jer.22.9
JER 22:10,COPY_OR_MERGE,Jer.22.10
JER 22:11,COPY_OR_MERGE,Jer.22.11
JER 22:12,COPY_OR_MERGE,Jer.22.12
JER 22:13,COPY_OR_MERGE,Jer.22.13
JER 22:14,COPY_OR_MERGE,Jer.22.14
JER 22:15,COPY_OR_MERGE,Jer.22.15
JER 22:16,COPY_OR_MERGE,Jer.22.16
JER 22:17,COPY_OR_MERGE,Jer.22.17
JER 22:18,COPY_OR_MERGE,Jer.22.18
JER 22:19,COPY_OR_MERGE,Jer.22.19
JER 22:20,COPY_OR_MERGE,Jer.22.20
JER 22:21,COPY_OR_MERGE,Jer.22.21
JER 22:22,COPY_OR_MERGE,Jer.22.22
JER 22:23,COPY_OR_MERGE,Jer.22.23
JER 22:24,COPY_OR_MERGE,Jer.22.24
JER 22:25,COPY_OR_MERGE,Jer.22.25
JER 22:26,COPY_OR_MERGE,Jer.22.26
JER 22:27,COPY_OR_MERGE,Jer.22.27
JER 22:28,COPY_OR_MERGE,Jer.22.28
JER 22:29,COPY_OR_MERGE,Jer.22.29
JER 22:30,COPY_OR_MERGE,Jer.22.30
JER 23:1,COPY_OR_MERGE,Jer.23.1
JER 23:2,COPY_OR_MERGE,Jer.23.2
JER 23:3,COPY_OR_MERGE,Jer.23.3
JER 23:4,COPY_OR_MERGE,Jer.23.4
JER 23:5,COPY_OR_MERGE,Jer.23.5
JER 23:6,COPY_OR_MERGE,Jer.23.6
JER 23:7,COPY_OR_MERGE,Jer.23.7
JER 23:8,COPY_OR_MERGE,Jer.23.8
JER 23:9,COPY_OR_MERGE,Jer.23.9
JER 23:10,COPY_OR_MERGE,Jer.23.10
JER 23:11,COPY_OR_MERGE,Jer.23.11
JER 23:12,COPY_OR_MERGE,Jer.23.12
JER 23:13,COPY_OR_MERGE,Jer.23.13
JER 23:14,COPY_OR_MERGE,Jer.23.14
JER 23:15,COPY_OR_MERGE,Jer.23.15
JER 23:16,COPY_OR_MERGE,Jer.23.16
JER 23:17,COPY_OR_MERGE,Jer.23.17
JER 23:18,COPY_OR_MERGE,Jer.23.18
JER 23:19,COPY_OR_MERGE,Jer.23.19
JER 23:20,COPY_OR_MERGE,Jer.23.20
JER 23:21,COPY_OR_MERGE,Jer.23.21
JER 23:22,COPY_OR_MERGE,Jer.23.22
JER 23:23,COPY_OR_MERGE,Jer.23.23
JER 23:24,COPY_OR_MERGE,Jer.23.24
JER 23:25,COPY_OR_MERGE,Jer.23.25
JER 23:26,COPY_OR_MERGE,Jer.23.26
JER 23:27,COPY_OR_MERGE,Jer.23.27
JER 23:28,COPY_OR_MERGE,Jer.23.28
JER 23:29,COPY_OR_MERGE,Jer.23.29
JER 23:30,COPY_OR_MERGE,Jer.23.30
JER 23:31,COPY_OR_MERGE,Jer.23.31
JER 23:32,COPY_OR_MERGE,Jer.23.32
JER 23:33,COPY_OR_MERGE,Jer.23.33
JER 23:34,COPY_OR_MERGE,Jer.23.34
JER 23:35,COPY_OR_MERGE,Jer.23.35
JER 23:36,COPY_OR_MERGE,Jer.23.36
JER 23:37,COPY_OR_MERGE,Jer.23.37
JER 23:38,COPY_OR_MERGE,Jer.23.38
JER 23:39,COPY_OR_MERGE,Jer.23.39
JER 23:40,COPY_OR_MERGE,Jer.23.40
JER 24:1,COPY_OR_MERGE,Jer.24.1
JER 24:2,COPY_OR_MERGE,Jer.24.2
JER 24:3,COPY_OR_MERGE,Jer.24.3
JER 24:4,COPY_OR_MERGE,Jer.24.4
JER 24:5,COPY_OR_MERGE,Jer.24.5
JER 24:6,COPY_OR_MERGE,Jer.24.6
JER 24:7,COPY_OR_MERGE,Jer.24.7
JER 24:8,COPY_OR_MERGE,Jer.24.8
JER 24:9,COPY_OR_MERGE,Jer.24.9
JER 24:10,COPY_OR_MERGE,Jer.24.10
JER 25:1,COPY_OR_MERGE,Jer.25.1
JER 25:2,COPY_OR_MERGE,Jer.25.2
JER 25:3,COPY_OR_MERGE,Jer.25.3
JER 25:4,COPY_OR_MERGE,Jer.25.4
JER 25:5,COPY_OR_MERGE,Jer.25.5
JER 25:6,COPY_OR_MERGE,Jer.25.6
JER 25:7,COPY_OR_MERGE,Jer.25.7
JER 25:8,COPY_OR_MERGE,Jer.25.8
JER 25:9,COPY_OR_MERGE,Jer.25.9
JER 25:10,COPY_OR_MERGE,Jer.25.10
JER 25:11,COPY_OR_MERGE,Jer.25.11
JER 25:12,COPY_OR_MERGE,Jer.25.12
JER 25:13,COPY_OR_MERGE,Jer.25.13
JER 25:14,COPY_OR_MERGE,Jer.25.14
JER 25:15,COPY_OR_MERGE,Jer.25.15
JER 25:16,COPY_OR_MERGE,Jer.25.16
JER 25:17,COPY_OR_MERGE,Jer.25.17
JER 25:18,COPY_OR_MERGE,Jer.25.18
JER 25:19,COPY_OR_MERGE,Jer.25.19
JER 25:20,COPY_OR_MERGE,Jer.25.20
JER 25:21,COPY_OR_MERGE,Jer.25.21
JER 25:22,COPY_OR_MERGE,Jer.25.22
JER 25:23,COPY_OR_MERGE,Jer.25.23
JER 25:24,COPY_OR_MERGE,Jer.25.24
JER 25:25,COPY_OR_MERGE,Jer.25.25
JER 25:26,COPY_OR_MERGE,Jer.25.26
JER 25:27,COPY_OR_MERGE,Jer.25.27
JER 25:28,COPY_OR_MERGE,Jer.25.28
JER 25:29,COPY_OR_MERGE,Jer.25.29
JER 25:30,COPY_OR_MERGE,Jer.25.30
JER 25:31,COPY_OR_MERGE,Jer.25.31
JER 25:32,COPY_OR_MERGE,Jer.25.32
JER 25:33,COPY_OR_MERGE,Jer.25.33
JER 25:34,COPY_OR_MERGE,Jer.25.34
JER 25:35,COPY_OR_MERGE,Jer.25.35
JER 25:36,COPY_OR_MERGE,Jer.25.36
JER 25:37,COPY_OR_MERGE,Jer.25.37
JER 25:38,COPY_OR_MERGE,Jer.25.38
JER 26:1,COPY_OR_MERGE,Jer.26.1
JER 26:2,COPY_OR_MERGE,Jer.26.2
JER 26:3,COPY_OR_MERGE,Jer.26.3
JER 26:4,COPY_OR_MERGE,Jer.26.4
JER 26:5,COPY_OR_MERGE,Jer.26.5
JER 26:6,COPY_OR_MERGE,Jer.26.6
JER 26:7,COPY_OR_MERGE,Jer.26.7
JER 26:8,COPY_OR_MERGE,Jer.26.8
JER 26:9,COPY_OR_MERGE,Jer.26.9
JER 26:10,COPY_OR_MERGE,Jer.26.10
JER 26:11,COPY_OR_MERGE,Jer.26.11
JER 26:12,COPY_OR_MERGE,Jer.26.12
JER 26:13,COPY_OR_MERGE,Jer.26.13
JER 26:14,COPY_OR_MERGE,Jer.26.14
JER 26:15,COPY_OR_MERGE,Jer.26.15
JER 26:16,COPY_OR_MERGE,Jer.26.16
JER 26:17,COPY_OR_MERGE,Jer.26.17
JER 26:18,COPY_OR_MERGE,Jer.26.18
JER 26:19,COPY_OR_MERGE,Jer.26.19
JER 26:20,COPY_OR_MERGE,Jer.26.20
JER 26:21,COPY_OR_MERGE,Jer.26.21
JER 26:22,COPY_OR_MERGE,Jer.26.22
JER 26:23,COPY_OR_MERGE,Jer.26.23
JER 26:24,COPY_OR_MERGE,Jer.26.24
JER 27:1,COPY_OR_MERGE,Jer.27.1
JER 27:2,COPY_OR_MERGE,Jer.27.2
JER 27:3,COPY_OR_MERGE,Jer.27.3
JER 27:4,COPY_OR_MERGE,Jer.27.4
JER 27:5,COPY_OR_MERGE,Jer.27.5
JER 27:6,COPY_OR_MERGE,Jer.27.6
JER 27:7,COPY_OR_MERGE,Jer.27.7
JER 27:8,COPY_OR_MERGE,Jer.27.8
JER 27:9,COPY_OR_MERGE,Jer.27.9
JER 27:10,COPY_OR_MERGE,Jer.27.10
JER 27:11,COPY_OR_MERGE,Jer.27.11
JER 27:12,COPY_OR_MERGE,Jer.27.12
JER 27:13,COPY_OR_MERGE,Jer.27.13
JER 27:14,COPY_OR_MERGE,Jer.27.14
JER 27:15,COPY_OR_MERGE,Jer.27.15
JER 27:16,COPY_OR_MERGE,Jer.27.16
JER 27:17,COPY_OR_MERGE,Jer.27.17
JER 27:18,COPY_OR_MERGE,Jer.27.18
JER 27:19,COPY_OR_MERGE,Jer.27.19
JER 27:20,COPY_OR_MERGE,Jer.27.20
JER 27:21,COPY_OR_MERGE,Jer.27.21
JER 27:22,COPY_OR_MERGE,Jer.27.22
JER 28:1,COPY_OR_MERGE,Jer.28.1
JER 28:2,COPY_OR_MERGE,Jer.28.2
JER 28:3,COPY_OR_MERGE,Jer.28.3
JER 28:4,COPY_OR_MERGE,Jer.28.4
JER 28:5,COPY_OR_MERGE,Jer.28.5
JER 28:6,COPY_OR_MERGE,Jer.28.6
JER 28:7,COPY_OR_MERGE,Jer.28.7
JER 28:8,COPY_OR_MERGE,Jer.28.8
JER 28:9,COPY_OR_MERGE,Jer.28.9
JER 28:10,COPY_OR_MERGE,Jer.28.10
JER 28:11,COPY_OR_MERGE,Jer.28.11
JER 28:12,COPY_OR_MERGE,Jer.28.12
JER 28:13,COPY_OR_MERGE,Jer.28.13
JER 28:14,COPY_OR_MERGE,Jer.28.14
JER 28:15,COPY_OR_MERGE,Jer.28.15
JER 28:16,COPY_OR_MERGE,Jer.28.16
JER 28:17,COPY_OR_MERGE,Jer.28.17
JER 29:1,COPY_OR_MERGE,Jer.29.1
JER 29:2,COPY_OR_MERGE,Jer.29.2
JER 29:3,COPY_OR_MERGE,Jer.29.3
JER 29:4,COPY_OR_MERGE,Jer.29.4
JER 29:5,COPY_OR_MERGE,Jer.29.5
JER 29:6,COPY_OR_MERGE,Jer.29.6
JER 29:7,COPY_OR_MERGE,Jer.29.7
JER 29:8,COPY_OR_MERGE,Jer.29.8
JER 29:9,COPY_OR_MERGE,Jer.29.9
JER 29:10,COPY_OR_MERGE,Jer.29.10
JER 29:11,COPY_OR_MERGE,Jer.29.11
JER 29:12,COPY_OR_MERGE,Jer.29.12
JER 29:13,COPY_OR_MERGE,Jer.29.13
JER 29:14,COPY_OR_MERGE,Jer.29.14
JER 29:15,COPY_OR_MERGE,Jer.29.15
JER 29:16,COPY_OR_MERGE,Jer.29.16
JER 29:17,COPY_OR_MERGE,Jer.29.17
JER 29:18,COPY_OR_MERGE,Jer.29.18
JER 29:19,COPY_OR_MERGE,Jer.29.19
JER 29:20,COPY_OR_MERGE,Jer.29.20
JER 29:21,COPY_OR_MERGE,Jer.29.21
JER 29:22,COPY_OR_MERGE,Jer.29.22
JER 29:23,COPY_OR_MERGE,Jer.29.23
JER 29:24,COPY_OR_MERGE,Jer.29.24
JER 29:25,COPY_OR_MERGE,Jer.29.25
JER 29:26,COPY_OR_MERGE,Jer.29.26
JER 29:27,COPY_OR_MERGE,Jer.29.27
JER 29:28,COPY_OR_MERGE,Jer.29.28
JER 29:29,COPY_OR_MERGE,Jer.29.29
JER 29:30,COPY_OR_MERGE,Jer.29.30
JER 29:31,COPY_OR_MERGE,Jer.29.31
JER 29:32,COPY_OR_MERGE,Jer.29.32
JER 30:1,COPY_OR_MERGE,Jer.30.1
JER 30:2,COPY_OR_MERGE,Jer.30.2
JER 30:3,COPY_OR_MERGE,Jer.30.3
JER 30:4,COPY_OR_MERGE,Jer.30.4
JER 30:5,COPY_OR_MERGE,Jer.30.5
JER 30:6,COPY_OR_MERGE,Jer.30.6
JER 30:7,COPY_OR_MERGE,Jer.30.7
JER 30:8,COPY_OR_MERGE,Jer.30.8
JER 30:9,COPY_OR_MERGE,Jer.30.9
JER 30:10,COPY_OR_MERGE,Jer.30.10
JER 30:11,COPY_OR_MERGE,Jer.30.11
JER 30:12,COPY_OR_MERGE,Jer.30.12
JER 30:13,COPY_OR_MERGE,Jer.30.13
JER 30:14,COPY_OR_MERGE,Jer.30.14
JER 30:15,COPY_OR_MERGE,Jer.30.15
JER 30:16,COPY_OR_MERGE,Jer.30.16
JER 30:17,COPY_OR_MERGE,Jer.30.17
JER 30:18,COPY_OR_MERGE,Jer.30.18
JER 30:19,COPY_OR_MERGE,Jer.30.19
JER 30:20,COPY_OR_MERGE,Jer.30.20
JER 30:21,COPY_OR_MERGE,Jer.30.21
JER 30:22,COPY_OR_MERGE,Jer.30.22
JER 30:23,COPY_OR_MERGE,Jer.30.23
JER 30:24,COPY_OR_MERGE,Jer.30.24
JER 31:1,COPY_OR_MERGE,Jer.31.1
JER 31:2,COPY_OR_MERGE,Jer.31.2
JER 31:3,COPY_OR_MERGE,Jer.31.3
JER 31:4,COPY_OR_MERGE,Jer.31.4
JER 31:5,COPY_OR_MERGE,Jer.31.5
JER 31:6,COPY_OR_MERGE,Jer.31.6
JER 31:7,COPY_OR_MERGE,Jer.31.7
JER 31:8,COPY_OR_MERGE,Jer.31.8
JER 31:9,COPY_OR_MERGE,Jer.31.9
JER 31:10,COPY_OR_MERGE,Jer.31.10
JER 31:11,COPY_OR_MERGE,Jer.31.11
JER 31:12,COPY_OR_MERGE,Jer.31.12
JER 31:13,COPY_OR_MERGE,Jer.31.13
JER 31:14,COPY_OR_MERGE,Jer.31.14
JER 31:15,COPY_OR_MERGE,Jer.31.15
JER 31:16,COPY_OR_MERGE,Jer.31.16
JER 31:17,COPY_OR_MERGE,Jer.31.17
JER 31:18,COPY_OR_MERGE,Jer.31.18
JER 31:19,COPY_OR_MERGE,Jer.31.19
JER 31:20,COPY_OR_MERGE,Jer.31.20
JER 31:21,COPY_OR_MERGE,Jer.31.21
JER 31:22,COPY_OR_MERGE,Jer.31.22
JER 31:23,COPY_OR_MERGE,Jer.31.23
JER 31:24,COPY_OR_MERGE,Jer.31.24
JER 31:25,COPY_OR_MERGE,Jer.31.25
JER 31:26,COPY_OR_MERGE,Jer.31.26
JER 31:27,COPY_OR_MERGE,Jer.31.27
JER 31:28,COPY_OR_MERGE,Jer.31.28
JER 31:29,COPY_OR_MERGE,Jer.31.29
JER 31:30,COPY_OR_MERGE,Jer.31.30
JER 31:31,COPY_OR_MERGE,Jer.31.31
JER 31:32,COPY_OR_MERGE,Jer.31.32
JER 31:33,COPY_OR_MERGE,Jer.31.33
JER 31:34,COPY_OR_MERGE,Jer.31.34
JER 31:35,COPY_OR_MERGE,Jer.31.35
JER 31:36,COPY_OR_MERGE,Jer.31.36
JER 31:37,COPY_OR_MERGE,Jer.31.37
JER 31:38,COPY_OR_MERGE,Jer.31.38
JER 31:39,COPY_OR_MERGE,Jer.31.39
JER 31:40,COPY_OR_MERGE,Jer.31.40
JER 32:1,COPY_OR_MERGE,Jer.32.1
JER 32:2,COPY_OR_MERGE,Jer.32.2
JER 32:3,COPY_OR_MERGE,Jer.32.3
JER 32:4,COPY_OR_MERGE,Jer.32.4
JER 32:5,COPY_OR_MERGE,Jer.32.5
JER 32:6,COPY_OR_MERGE,Jer.32.6
JER 32:7,COPY_OR_MERGE,Jer.32.7
JER 32:8,COPY_OR_MERGE,Jer.32.8
JER 32:9,COPY_OR_MERGE,Jer.32.9
JER 32:10,COPY_OR_MERGE,Jer.32.10
JER 32:11,COPY_OR_MERGE,Jer.32.11
JER 32:12,COPY_OR_MERGE,Jer.32.12
JER 32:13,COPY_OR_MERGE,Jer.32.13
JER 32:14,COPY_OR_MERGE,Jer.32.14
JER 32:15,COPY_OR_MERGE,Jer.32.15
JER 32:16,COPY_OR_MERGE,Jer.32.16
JER 32:17,COPY_OR_MERGE,Jer.32.17
JER 32:18,COPY_OR_MERGE,Jer.32.18
JER 32:19,COPY_OR_MERGE,Jer.32.19
JER 32:20,COPY_OR_MERGE,Jer.32.20
JER 32:21,COPY_OR_MERGE,Jer.32.21
JER 32:22,COPY_OR_MERGE,Jer.32.22
JER 32:23,COPY_OR_MERGE,Jer.32.23
JER 32:24,COPY_OR_MERGE,Jer.32.24
JER 32:25,COPY_OR_MERGE,Jer.32.25
JER 32:26,COPY_OR_MERGE,Jer.32.26
JER 32:27,COPY_OR_MERGE,Jer.32.27
JER 32:28,COPY_OR_MERGE,Jer.32.28
JER 32:29,COPY_OR_MERGE,Jer.32.29
JER 32:30,COPY_OR_MERGE,Jer.32.30
JER 32:31,COPY_OR_MERGE,Jer.32.31
JER 32:32,COPY_OR_MERGE,Jer.32.32
JER 32:33,COPY_OR_MERGE,Jer.32.33
JER 32:34,COPY_OR_MERGE,Jer.32.34
JER 32:35,COPY_OR_MERGE,Jer.32.35
JER 32:36,COPY_OR_MERGE,Jer.32.36
JER 32:37,COPY_OR_MERGE,Jer.32.37
JER 32:38,COPY_OR_MERGE,Jer.32.38
JER 32:39,COPY_OR_MERGE,Jer.32.39
JER 32:40,COPY_OR_MERGE,Jer.32.40
JER 32:41,COPY_OR_MERGE,Jer.32.41
JER 32:42,COPY_OR_MERGE,Jer.32.42
JER 32:43,COPY_OR_MERGE,Jer.32.43
JER 32:44,COPY_OR_MERGE,Jer.32.44
JER 33:1,COPY_OR_MERGE,Jer.33.1
JER 33:2,COPY_OR_MERGE,Jer.33.2
JER 33:3,COPY_OR_MERGE,Jer.33.3
JER 33:4,COPY_OR_MERGE,Jer.33.4
JER 33:5,COPY_OR_MERGE,Jer.33.5
JER 33:6,COPY_OR_MERGE,Jer.33.6
JER 33:7,COPY_OR_MERGE,Jer.33.7
JER 33:8,COPY_OR_MERGE,Jer.33.8
JER 33:9,COPY_OR_MERGE,Jer.33.9
JER 33:10,COPY_OR_MERGE,Jer.33.10
JER 33:11,COPY_OR_MERGE,Jer.33.11
JER 33:12,COPY_OR_MERGE,Jer.33.12
JER 33:13,COPY_OR_MERGE,Jer.33.13
JER 33:14,COPY_OR_MERGE,Jer.33.14
JER 33:15,COPY_OR_MERGE,Jer.33.15
JER 33:16,COPY_OR_MERGE,Jer.33.16
JER 33:17,COPY_OR_MERGE,Jer.33.17
JER 33:18,COPY_OR_MERGE,Jer.33.18
JER 33:19,COPY_OR_MERGE,Jer.33.19
JER 33:20,COPY_OR_MERGE,Jer.33.20
JER 33:21,COPY_OR_MERGE,Jer.33.21
JER 33:22,COPY_OR_MERGE,Jer.33.22
JER 33:23,COPY_OR_MERGE,Jer.33.23
JER 33:24,COPY_OR_MERGE,Jer.33.24
JER 33:25,COPY_OR_MERGE,Jer.33.25
JER 33:26,COPY_OR_MERGE,Jer.33.26
JER 34:1,COPY_OR_MERGE,Jer.34.1
JER 34:2,COPY_OR_MERGE,Jer.34.2
JER 34:3,COPY_OR_MERGE,Jer.34.3
JER 34:4,COPY_OR_MERGE,Jer.34.4
JER 34:5,COPY_OR_MERGE,Jer.34.5
JER 34:6,COPY_OR_MERGE,Jer.34.6
JER 34:7,COPY_OR_MERGE,Jer.34.7
JER 34:8,COPY_OR_MERGE,Jer.34.8
JER 34:9,COPY_OR_MERGE,Jer.34.9
JER 34:10,COPY_OR_MERGE,Jer.34.10
JER 34:11,COPY_OR_MERGE,Jer.34.11
JER 34:12,COPY_OR_MERGE,Jer.34.12
JER 34:13,COPY_OR_MERGE,Jer.34.13
JER 34:14,COPY_OR_MERGE,Jer.34.14
JER 34:15,COPY_OR_MERGE,Jer.34.15
JER 34:16,COPY_OR_MERGE,Jer.34.16
JER 34:17,COPY_OR_MERGE,Jer.34.17
JER 34:18,COPY_OR_MERGE,Jer.34.18
JER 34:19,COPY_OR_MERGE,Jer.34.19
JER 34:20,COPY_OR_MERGE,Jer.34.20
JER 34:21,COPY_OR_MERGE,Jer.34.21
JER 34:22,COPY_OR_MERGE,Jer.34.22
JER 35:1,COPY_OR_MERGE,Jer.35.1
JER 35:2,COPY_OR_MERGE,Jer.35.2
JER 35:3,COPY_OR_MERGE,Jer.35.3
JER 35:4,COPY_OR_MERGE,Jer.35.4
JER 35:5,COPY_OR_MERGE,Jer.35.5
JER 35:6,COPY_OR_MERGE,Jer.35.6
JER 35:7,COPY_OR_MERGE,Jer.35.7
JER 35:8,COPY_OR_MERGE,Jer.35.8
JER 35:9,COPY_OR_MERGE,Jer.35.9
JER 35:10,COPY_OR_MERGE,Jer.35.10
JER 35:11,COPY_OR_MERGE,Jer.35.11
JER 35:12,COPY_OR_MERGE,Jer.35.12
JER 35:13,COPY_OR_MERGE,Jer.35.13
JER 35:14,COPY_OR_MERGE,Jer.35.14
JER 35:15,COPY_OR_MERGE,Jer.35.15
JER 35:16,COPY_OR_MERGE,Jer.35.16
JER 35:17,COPY_OR_MERGE,Jer.35.17
JER 35:18,COPY_OR_MERGE,Jer.35.18
JER 35:19,COPY_OR_MERGE,Jer.35.19
JER 36:1,COPY_OR_MERGE,Jer.36.1
JER 36:2,COPY_OR_MERGE,Jer.36.2
JER 36:3,COPY_OR_MERGE,Jer.36.3
JER 36:4,COPY_OR_MERGE,Jer.36.4
JER 36:5,COPY_OR_MERGE,Jer.36.5
JER 36:6,COPY_OR_MERGE,Jer.36.6
JER 36:7,COPY_OR_MERGE,Jer.36.7
JER 36:8,COPY_OR_MERGE,Jer.36.8
JER 36:9,COPY_OR_MERGE,Jer.36.9
JER 36:10,COPY_OR_MERGE,Jer.36.10
JER 36:11,COPY_OR_MERGE,Jer.36.11
JER 36:12,COPY_OR_MERGE,Jer.36.12
JER 36:13,COPY_OR_MERGE,Jer.36.13
JER 36:14,COPY_OR_MERGE,Jer.36.14
JER 36:15,COPY_OR_MERGE,Jer.36.15
JER 36:16,COPY_OR_MERGE,Jer.36.16
JER 36:17,COPY_OR_MERGE,Jer.36.17
JER 36:18,COPY_OR_MERGE,Jer.36.18
JER 36:19,COPY_OR_MERGE,Jer.36.19
JER 36:20,COPY_OR_MERGE,Jer.36.20
JER 36:21,COPY_OR_MERGE,Jer.36.21
JER 36:22,COPY_OR_MERGE,Jer.36.22
JER 36:23,COPY_OR_MERGE,Jer.36.23
JER 36:24,COPY_OR_MERGE,Jer.36.24
JER 36:25,COPY_OR_MERGE,Jer.36.25
JER 36:26,COPY_OR_MERGE,Jer.36.26
JER 36:27,COPY_OR_MERGE,Jer.36.27
JER 36:28,COPY_OR_MERGE,Jer.36.28
JER 36:29,COPY_OR_MERGE,Jer.36.29
JER 36:30,COPY_OR_MERGE,Jer.36.30
JER 36:31,COPY_OR_MERGE,Jer.36.31
JER 36:32,COPY_OR_MERGE,Jer.36.32
JER 37:1,COPY_OR_MERGE,Jer.37.1
JER 37:2,COPY_OR_MERGE,Jer.37.2
JER 37:3,COPY_OR_MERGE,Jer.37.3
JER 37:4,COPY_OR_MERGE,Jer.37.4
JER 37:5,COPY_OR_MERGE,Jer.37.5
JER 37:6,COPY_OR_MERGE,Jer.37.6
JER 37:7,COPY_OR_MERGE,Jer.37.7
JER 37:8,COPY_OR_MERGE,Jer.37.8
JER 37:9,COPY_OR_MERGE,Jer.37.9
JER 37:10,COPY_OR_MERGE,Jer.37.10
JER 37:11,COPY_OR_MERGE,Jer.37.11
JER 37:12,COPY_OR_MERGE,Jer.37.12
JER 37:13,COPY_OR_MERGE,Jer.37.13
JER 37:14,COPY_OR_MERGE,Jer.37.14
JER 37:15,COPY_OR_MERGE,Jer.37.15
JER 37:16,COPY_OR_MERGE,Jer.37.16
JER 37:17,COPY_OR_MERGE,Jer.37.17
JER 37:18,COPY_OR_MERGE,Jer.37.18
JER 37:19,COPY_OR_MERGE,Jer.37.19
JER 37:20,COPY_OR_MERGE,Jer.37.20
JER 37:21,COPY_OR_MERGE,Jer.37.21
JER 38:1,COPY_OR_MERGE,Jer.38.1
JER 38:2,COPY_OR_MERGE,Jer.38.2
JER 38:3,COPY_OR_MERGE,Jer.38.3
JER 38:4,COPY_OR_MERGE,Jer.38.4
JER 38:5,COPY_OR_MERGE,Jer.38.5
JER 38:6,COPY_OR_MERGE,Jer.38.6
JER 38:7,COPY_OR_MERGE,Jer.38.7
JER 38:8,COPY_OR_MERGE,Jer.38.8
JER 38:9,COPY_OR_MERGE,Jer.38.9
JER 38:10,COPY_OR_MERGE,Jer.38.10
JER 38:11,COPY_OR_MERGE,Jer.38.11
JER 38:12,COPY_OR_MERGE,Jer.38.12
JER 38:13,COPY_OR_MERGE,Jer.38.13
JER 38:14,COPY_OR_MERGE,Jer.38.14
JER 38:15,COPY_OR_MERGE,Jer.38.15
JER 38:16,COPY_OR_MERGE,Jer.38.16
JER 38:17,COPY_OR_MERGE,Jer.38.17
JER 38:18,COPY_OR_MERGE,Jer.38.18
JER 38:19,COPY_OR_MERGE,Jer.38.19
JER 38:20,COPY_OR_MERGE,Jer.38.20
JER 38:21,COPY_OR_MERGE,Jer.38.21
JER 38:22,COPY_OR_MERGE,Jer.38.22
JER 38:23,COPY_OR_MERGE,Jer.38.23
JER 38:24,COPY_OR_MERGE,Jer.38.24
JER 38:25,COPY_OR_MERGE,Jer.38.25
JER 38:26,COPY_OR_MERGE,Jer.38.26
JER 38:27,COPY_OR_MERGE,Jer.38.27
JER 38:28,COPY_OR_MERGE,Jer.38.28
JER 39:1,COPY_OR_MERGE,Jer.39.1
JER 39:2,COPY_OR_MERGE,Jer.39.2
JER 39:3,COPY_OR_MERGE,Jer.39.3
JER 39:4,COPY_OR_MERGE,Jer.39.4
JER 39:5,COPY_OR_MERGE,Jer.39.5
JER 39:6,COPY_OR_MERGE,Jer.39.6
JER 39:7,COPY_OR_MERGE,Jer.39.7
JER 39:8,COPY_OR_MERGE,Jer.39.8
JER 39:9,COPY_OR_MERGE,Jer.39.9
JER 39:10,COPY_OR_MERGE,Jer.39.10
JER 39:11,COPY_OR_MERGE,Jer.39.11
JER 39:12,COPY_OR_MERGE,Jer.39.12
JER 39:13,COPY_OR_MERGE,Jer.39.13
JER 39:14,COPY_OR_MERGE,Jer.39.14
JER 39:15,COPY_OR_MERGE,Jer.39.15
JER 39:16,COPY_OR_MERGE,Jer.39.16
JER 39:17,COPY_OR_MERGE,Jer.39.17
JER 39:18,COPY_OR_MERGE,Jer.39.18
JER 40:1,COPY_OR_MERGE,Jer.40.1
JER 40:2,COPY_OR_MERGE,Jer.40.2
JER 40:3,COPY_OR_MERGE,Jer.40.3
JER 40:4,COPY_OR_MERGE,Jer.40.4
JER 40:5,COPY_OR_MERGE,Jer.40.5
JER 40:6,COPY_OR_MERGE,Jer.40.6
JER 40:7,COPY_OR_MERGE,Jer.40.7
JER 40:8,COPY_OR_MERGE,Jer.40.8
JER 40:9,COPY_OR_MERGE,Jer.40.9
JER 40:10,COPY_OR_MERGE,Jer.40.10
JER 40:11,COPY_OR_MERGE,Jer.40.11
JER 40:12,COPY_OR_MERGE,Jer.40.12
JER 40:13,COPY_OR_MERGE,Jer.40.13
JER 40:14,COPY_OR_MERGE,Jer.40.14
JER 40:15,COPY_OR_MERGE,Jer.40.15
JER 40:16,COPY_OR_MERGE,Jer.40.16
JER 41:1,COPY_OR_MERGE,Jer.41.1
JER 41:2,COPY_OR_MERGE,Jer.41.2
JER 41:3,COPY_OR_MERGE,Jer.41.3
JER 41:4,COPY_OR_MERGE,Jer.41.4
JER 41:5,COPY_OR_MERGE,Jer.41.5
JER 41:6,COPY_OR_MERGE,Jer.41.6
JER 41:7,COPY_OR_MERGE,Jer.41.7
JER 41:8,COPY_OR_MERGE,Jer.41.8
JER 41:9,COPY_OR_MERGE,Jer.41.9
JER 41:10,COPY_OR_MERGE,Jer.41.10
JER 41:11,COPY_OR_MERGE,Jer.41.11
JER 41:12,COPY_OR_MERGE,Jer.41.12
JER 41:13,COPY_OR_MERGE,Jer.41.13
JER 41:14,COPY_OR_MERGE,Jer.41.14
JER 41:15,COPY_OR_MERGE,Jer.41.15
JER 41:16,COPY_OR_MERGE,Jer.41.16
JER 41:17,COPY_OR_MERGE,Jer.41.17
JER 41:18,COPY_OR_MERGE,Jer.41.18
JER 42:1,COPY_OR_MERGE,Jer.42.1
JER 42:2,COPY_OR_MERGE,Jer.42.2
JER 42:3,COPY_OR_MERGE,Jer.42.3
JER 42:4,COPY_OR_MERGE,Jer.42.4
JER 42:5,COPY_OR_MERGE,Jer.42.5
JER 42:6,COPY_OR_MERGE,Jer.42.6
JER 42:7,COPY_OR_MERGE,Jer.42.7
JER 42:8,COPY_OR_MERGE,Jer.42.8
JER 42:9,COPY_OR_MERGE,Jer.42.9
JER 42:10,COPY_OR_MERGE,Jer.42.10
JER 42:11,COPY_OR_MERGE,Jer.42.11
JER 42:12,COPY_OR_MERGE,Jer.42.12
JER 42:13,COPY_OR_MERGE,Jer.42.13
JER 42:14,COPY_OR_MERGE,Jer.42.14
JER 42:15,COPY_OR_MERGE,Jer.42.15
JER 42:16,COPY_OR_MERGE,Jer.42.16
JER 42:17,COPY_OR_MERGE,Jer.42.17
JER 42:18,COPY_OR_MERGE,Jer.42.18
JER 42:19,COPY_OR_MERGE,Jer.42.19
JER 42:20,COPY_OR_MERGE,Jer.42.20
JER 42:21,COPY_OR_MERGE,Jer.42.21
JER 42:22,COPY_OR_MERGE,Jer.42.22
JER 43:1,COPY_OR_MERGE,Jer.43.1
JER 43:2,COPY_OR_MERGE,Jer.43.2
JER 43:3,COPY_OR_MERGE,Jer.43.3
JER 43:4,COPY_OR_MERGE,Jer.43.4
JER 43:5,COPY_OR_MERGE,Jer.43.5
JER 43:6,COPY_OR_MERGE,Jer.43.6
JER 43:7,COPY_OR_MERGE,Jer.43.7
JER 43:8,COPY_OR_MERGE,Jer.43.8
JER 43:9,COPY_OR_MERGE,Jer.43.9
JER 43:10,COPY_OR_MERGE,Jer.43.10
JER 43:11,COPY_OR_MERGE,Jer.43.11
JER 43:12,COPY_OR_MERGE,Jer.43.12
JER 43:13,COPY_OR_MERGE,Jer.43.13
JER 44:1,COPY_OR_MERGE,Jer.44.1
JER 44:2,COPY_OR_MERGE,Jer.44.2
JER 44:3,COPY_OR_MERGE,Jer.44.3
JER 44:4,COPY_OR_MERGE,Jer.44.4
JER 44:5,COPY_OR_MERGE,Jer.44.5
JER 44:6,COPY_OR_MERGE,Jer.44.6
JER 44:7,COPY_OR_MERGE,Jer.44.7
JER 44:8,COPY_OR_MERGE,Jer.44.8
JER 44:9,COPY_OR_MERGE,Jer.44.9
JER 44:10,COPY_OR_MERGE,Jer.44.10
JER 44:11,COPY_OR_MERGE,Jer.44.11
JER 44:12,COPY_OR_MERGE,Jer.44.12
JER 44:13,COPY_OR_MERGE,Jer.44.13
JER 44:14,COPY_OR_MERGE,Jer.44.14
JER 44:15,COPY_OR_MERGE,Jer.44.15
JER 44:16,COPY_OR_MERGE,Jer.44.16
JER 44:17,COPY_OR_MERGE,Jer.44.17
JER 44:18,COPY_OR_MERGE,Jer.44.18
JER 44:19,COPY_OR_MERGE,Jer.44.19
JER 44:20,COPY_OR_MERGE,Jer.44.20
JER 44:21,COPY_OR_MERGE,Jer.44.21
JER 44:22,COPY_OR_MERGE,Jer.44.22
JER 44:23,COPY_OR_MERGE,Jer.44.23
JER 44:24,COPY_OR_MERGE,Jer.44.24
JER 44:25,COPY_OR_MERGE,Jer.44.25
JER 44:26,COPY_OR_MERGE,Jer.44.26
JER 44:27,COPY_OR_MERGE,Jer.44.27
JER 44:28,COPY_OR_MERGE,Jer.44.28
JER 44:29,COPY_OR_MERGE,Jer.44.29
JER 44:30,COPY_OR_MERGE,Jer.44.30
JER 45:1,COPY_OR_MERGE,Jer.45.1
JER 45:2,COPY_OR_MERGE,Jer.45.2
JER 45:3,COPY_OR_MERGE,Jer.45.3
JER 45:4,COPY_OR_MERGE,Jer.45.4
JER 45:5,COPY_OR_MERGE,Jer.45.5
JER 46:1,COPY_OR_MERGE,Jer.46.1
JER 46:2,COPY_OR_MERGE,Jer.46.2
JER 46:3,COPY_OR_MERGE,Jer.46.3
JER 46:4,COPY_OR_MERGE,Jer.46.4
JER 46:5,COPY_OR_MERGE,Jer.46.5
JER 46:6,COPY_OR_MERGE,Jer.46.6
JER 46:7,COPY_OR_MERGE,Jer.46.7
JER 46:8,COPY_OR_MERGE,Jer.46.8
JER 46:9,COPY_OR_MERGE,Jer.46.9
JER 46:10,COPY_OR_MERGE,Jer.46.10
JER 46:11,COPY_OR_MERGE,Jer.46.11
JER 46:12,COPY_OR_MERGE,Jer.46.12
JER 46:13,COPY_OR_MERGE,Jer.46.13
JER 46:14,COPY_OR_MERGE,Jer.46.14
JER 46:15,COPY_OR_MERGE,Jer.46.15
JER 46:16,COPY_OR_MERGE,Jer.46.16
JER 46:17,COPY_OR_MERGE,Jer.46.17
JER 46:18,COPY_OR_MERGE,Jer.46.18
JER 46:19,COPY_OR_MERGE,Jer.46.19
JER 46:20,COPY_OR_MERGE,Jer.46.20
JER 46:21,COPY_OR_MERGE,Jer.46.21
JER 46:22,COPY_OR_MERGE,Jer.46.22
JER 46:23,COPY_OR_MERGE,Jer.46.23
JER 46:24,COPY_OR_MERGE,Jer.46.24
JER 46:25,COPY_OR_MERGE,Jer.46.25
JER 46:26,COPY_OR_MERGE,Jer.46.26
JER 46:27,COPY_OR_MERGE,Jer.46.27
JER 46:28,COPY_OR_MERGE,Jer.46.28
JER 47:1,COPY_OR_MERGE,Jer.47.1
JER 47:2,COPY_OR_MERGE,Jer.47.2
JER 47:3,COPY_OR_MERGE,Jer.47.3
JER 47:4,COPY_OR_MERGE,Jer.47.4
JER 47:5,COPY_OR_MERGE,Jer.47.5
JER 47:6,COPY_OR_MERGE,Jer.47.6
JER 47:7,COPY_OR_MERGE,Jer.47.7
JER 48:1,COPY_OR_MERGE,Jer.48.1
JER 48:2,COPY_OR_MERGE,Jer.48.2
JER 48:3,COPY_OR_MERGE,Jer.48.3
JER 48:4,COPY_OR_MERGE,Jer.48.4
JER 48:5,COPY_OR_MERGE,Jer.48.5
JER 48:6,COPY_OR_MERGE,Jer.48.6
JER 48:7,COPY_OR_MERGE,Jer.48.7
JER 48:8,COPY_OR_MERGE,Jer.48.8
JER 48:9,COPY_OR_MERGE,Jer.48.9
JER 48:10,COPY_OR_MERGE,Jer.48.10
JER 48:11,COPY_OR_MERGE,Jer.48.11
JER 48:12,COPY_OR_MERGE,Jer.48.12
JER 48:13,COPY_OR_MERGE,Jer.48.13
JER 48:14,COPY_OR_MERGE,Jer.48.14
JER 48:15,COPY_OR_MERGE,Jer.48.15
JER 48:16,COPY_OR_MERGE,Jer.48.16
JER 48:17,COPY_OR_MERGE,Jer.48.17
JER 48:18,COPY_OR_MERGE,Jer.48.18
JER 48:19,COPY_OR_MERGE,Jer.48.19
JER 48:20,COPY_OR_MERGE,Jer.48.20
JER 48:21,COPY_OR_MERGE,Jer.48.21
JER 48:22,COPY_OR_MERGE,Jer.48.22
JER 48:23,COPY_OR_MERGE,Jer.48.23
JER 48:24,COPY_OR_MERGE,Jer.48.24
JER 48:25,COPY_OR_MERGE,Jer.48.25
JER 48:26,COPY_OR_MERGE,Jer.48.26
JER 48:27,COPY_OR_MERGE,Jer.48.27
JER 48:28,COPY_OR_MERGE,Jer.48.28
JER 48:29,COPY_OR_MERGE,Jer.48.29
JER 48:30,COPY_OR_MERGE,Jer.48.30
JER 48:31,COPY_OR_MERGE,Jer.48.31
JER 48:32,COPY_OR_MERGE,Jer.48.32
JER 48:33,COPY_OR_MERGE,Jer.48.33
JER 48:34,COPY_OR_MERGE,Jer.48.34
JER 48:35,COPY_OR_MERGE,Jer.48.35
JER 48:36,COPY_OR_MERGE,Jer.48.36
JER 48:37,COPY_OR_MERGE,Jer.48.37
JER 48:38,COPY_OR_MERGE,Jer.48.38
JER 48:39,COPY_OR_MERGE,Jer.48.39
JER 48:40,COPY_OR_MERGE,Jer.48.40
JER 48:41,COPY_OR_MERGE,Jer.48.41
JER 48:42,COPY_OR_MERGE,Jer.48.42
JER 48:43,COPY_OR_MERGE,Jer.48.43
JER 48:44,COPY_OR_MERGE,Jer.48.44
JER 48:45,COPY_OR_MERGE,Jer.48.45
JER 48:46,COPY_OR_MERGE,Jer.48.46
JER 48:47,COPY_OR_MERGE,Jer.48.47
JER 49:1,COPY_OR_MERGE,Jer.49.1
JER 49:2,COPY_OR_MERGE,Jer.49.2
JER 49:3,COPY_OR_MERGE,Jer.49.3
JER 49:4,COPY_OR_MERGE,Jer.49.4
JER 49:5,COPY_OR_MERGE,Jer.49.5
JER 49:6,COPY_OR_MERGE,Jer.49.6
JER 49:7,COPY_OR_MERGE,Jer.49.7
JER 49:8,COPY_OR_MERGE,Jer.49.8
JER 49:9,COPY_OR_MERGE,Jer.49.9
JER 49:10,COPY_OR_MERGE,Jer.49.10
JER 49:11,COPY_OR_MERGE,Jer.49.11
JER 49:12,COPY_OR_MERGE,Jer.49.12
JER 49:13,COPY_OR_MERGE,Jer.49.13
JER 49:14,COPY_OR_MERGE,Jer.49.14
JER 49:15,COPY_OR_MERGE,Jer.49.15
JER 49:16,COPY_OR_MERGE,Jer.49.16
JER 49:17,COPY_OR_MERGE,Jer.49.17
JER 49:18,COPY_OR_MERGE,Jer.49.18
JER 49:19,COPY_OR_MERGE,Jer.49.19
JER 49:20,COPY_OR_MERGE,Jer.49.20
JER 49:21,COPY_OR_MERGE,Jer.49.21
JER 49:22,COPY_OR_MERGE,Jer.49.22
JER 49:23,COPY_OR_MERGE,Jer.49.23
JER 49:24,COPY_OR_MERGE,Jer.49.24
JER 49:25,COPY_OR_MERGE,Jer.49.25
JER 49:26,COPY_OR_MERGE,Jer.49.26
JER 49:27,COPY_OR_MERGE,Jer.49.27
JER 49:28,COPY_OR_MERGE,Jer.49.28
JER 49:29,COPY_OR_MERGE,Jer.49.29
JER 49:30,COPY_OR_MERGE,Jer.49.30
JER 49:31,COPY_OR_MERGE,Jer.49.31
JER 49:32,COPY_OR_MERGE,Jer.49.32
JER 49:33,COPY_OR_MERGE,Jer.49.33
JER 49:34,COPY_OR_MERGE,Jer.49.34
JER 49:35,COPY_OR_MERGE,Jer.49.35
JER 49:36,COPY_OR_MERGE,Jer.49.36
JER 49:37,COPY_OR_MERGE,Jer.49.37
JER 49:38,COPY_OR_MERGE,Jer.49.38
JER 49:39,COPY_OR_MERGE,Jer.49.39
JER 50:1,COPY_OR_MERGE,Jer.50.1
JER 50:2,COPY_OR_MERGE,Jer.50.2
JER 50:3,COPY_OR_MERGE,Jer.50.3
JER 50:4,COPY_OR_MERGE,Jer.50.4
JER 50:5,COPY_OR_MERGE,Jer.50.5
JER 50:6,COPY_OR_MERGE,Jer.50.6
JER 50:7,COPY_OR_MERGE,Jer.50.7
JER 50:8,COPY_OR_MERGE,Jer.50.8
JER 50:9,COPY_OR_MERGE,Jer.50.9
JER 50:10,COPY_OR_MERGE,Jer.50.10
JER 50:11,COPY_OR_MERGE,Jer.50.11
JER 50:12,COPY_OR_MERGE,Jer.50.12
JER 50:13,COPY_OR_MERGE,Jer.50.13
JER 50:14,COPY_OR_MERGE,Jer.50.14
JER 50:15,COPY_OR_MERGE,Jer.50.15
JER 50:16,COPY_OR_MERGE,Jer.50.16
JER 50:17,COPY_OR_MERGE,Jer.50.17
JER 50:18,COPY_OR_MERGE,Jer.50.18
JER 50:19,COPY_OR_MERGE,Jer.50.19
JER 50:20,COPY_OR_MERGE,Jer.50.20
JER 50:21,COPY_OR_MERGE,Jer.50.21
JER 50:22,COPY_OR_MERGE,Jer.50.22
JER 50:23,COPY_OR_MERGE,Jer.50.23
JER 50:24,COPY_OR_MERGE,Jer.50.24
JER 50:25,COPY_OR_MERGE,Jer.50.25
JER 50:26,COPY_OR_MERGE,Jer.50.26
JER 50:27,COPY_OR_MERGE,Jer.50.27
JER 50:28,COPY_OR_MERGE,Jer.50.28
JER 50:29,COPY_OR_MERGE,Jer.50.29
JER 50:30,COPY_OR_MERGE,Jer.50.30
JER 50:31,COPY_OR_MERGE,Jer.50.31
JER 50:32,COPY_OR_MERGE,Jer.50.32
JER 50:33,COPY_OR_MERGE,Jer.50.33
JER 50:34,COPY_OR_MERGE,Jer.50.34
JER 50:35,COPY_OR_MERGE,Jer.50.35
JER 50:36,COPY_OR_MERGE,Jer.50.36
JER 50:37,COPY_OR_MERGE,Jer.50.37
JER 50:38,COPY_OR_MERGE,Jer.50.38
JER 50:39,COPY_OR_MERGE,Jer.50.39
JER 50:40,COPY_OR_MERGE,Jer.50.40
JER 50:41,COPY_OR_MERGE,Jer.50.41
JER 50:42,COPY_OR_MERGE,Jer.50.42
JER 50:43,COPY_OR_MERGE,Jer.50.43
JER 50:44,COPY_OR_MERGE,Jer.50.44
JER 50:45,COPY_OR_MERGE,Jer.50.45
JER 50:46,COPY_OR_MERGE,Jer.50.46
JER 51:1,COPY_OR_MERGE,Jer.51.1
JER 51:2,COPY_OR_MERGE,Jer.51.2
JER 51:3,COPY_OR_MERGE,Jer.51.3
JER 51:4,COPY_OR_MERGE,Jer.51.4
JER 51:5,COPY_OR_MERGE,Jer.51.5
JER 51:6,COPY_OR_MERGE,Jer.51.6
JER 51:7,COPY_OR_MERGE,Jer.51.7
JER 51:8,COPY_OR_MERGE,Jer.51.8
JER 51:9,COPY_OR_MERGE,Jer.51.9
JER 51:10,COPY_OR_MERGE,Jer.51.10
JER 51:11,COPY_OR_MERGE,Jer.51.11
JER 51:12,COPY_OR_MERGE,Jer.51.12
JER 51:13,COPY_OR_MERGE,Jer.51.13
JER 51:14,COPY_OR_MERGE,Jer.51.14
JER 51:15,COPY_OR_MERGE,Jer.51.15
JER 51:16,COPY_OR_MERGE,Jer.51.16
JER 51:17,COPY_OR_MERGE,Jer.51.17
JER 51:18,COPY_OR_MERGE,Jer.51.18
JER 51:19,COPY_OR_MERGE,Jer.51.19
JER 51:20,COPY_OR_MERGE,Jer.51.20
JER 51:21,COPY_OR_MERGE,Jer.51.21
JER 51:22,COPY_OR_MERGE,Jer.51.22
JER 51:23,COPY_OR_MERGE,Jer.51.23
JER 51:24,COPY_OR_MERGE,Jer.51.24
JER 51:25,COPY_OR_MERGE,Jer.51.25
JER 51:26,COPY_OR_MERGE,Jer.51.26
JER 51:27,COPY_OR_MERGE,Jer.51.27
JER 51:28,COPY_OR_MERGE,Jer.51.28
JER 51:29,COPY_OR_MERGE,Jer.51.29
JER 51:30,COPY_OR_MERGE,Jer.51.30
JER 51:31,COPY_OR_MERGE,Jer.51.31
JER 51:32,COPY_OR_MERGE,Jer.51.32
JER 51:33,COPY_OR_MERGE,Jer.51.33
JER 51:34,COPY_OR_MERGE,Jer.51.34
JER 51:35,COPY_OR_MERGE,Jer.51.35
JER 51:36,COPY_OR_MERGE,Jer.51.36
JER 51:37,COPY_OR_MERGE,Jer.51.37
JER 51:38,COPY_OR_MERGE,Jer.51.38
JER 51:39,COPY_OR_MERGE,Jer.51.39
JER 51:40,COPY_OR_MERGE,Jer.51.40
JER 51:41,COPY_OR_MERGE,Jer.51.41
JER 51:42,COPY_OR_MERGE,Jer.51.42
JER 51:43,COPY_OR_MERGE,Jer.51.43
JER 51:44,COPY_OR_MERGE,Jer.51.44
JER 51:45,COPY_OR_MERGE,Jer.51.45
JER 51:46,COPY_OR_MERGE,Jer.51.46
JER 51:47,COPY_OR_MERGE,Jer.51.47
JER 51:48,COPY_OR_MERGE,Jer.51.48
JER 51:49,COPY_OR_MERGE,Jer.51.49
JER 51:50,COPY_OR_MERGE,Jer.51.50
JER 51:51,COPY_OR_MERGE,Jer.51.51
JER 51:52,COPY_OR_MERGE,Jer.51.52
JER 51:53,COPY_OR_MERGE,Jer.51.53
JER 51:54,COPY_OR_MERGE,Jer.51.54
JER 51:55,COPY_OR_MERGE,Jer.51.55
JER 51:56,COPY_OR_MERGE,Jer.51.56
JER 51:57,COPY_OR_MERGE,Jer.51.57
JER 51:58,COPY_OR_MERGE,Jer.51.58
JER 51:59,COPY_OR_MERGE,Jer.51.59
JER 51:60,COPY_OR_MERGE,Jer.51.60
JER 51:61,COPY_OR_MERGE,Jer.51.61
JER 51:62,COPY_OR_MERGE,Jer.51.62
JER 51:63,COPY_OR_MERGE,Jer.51.63
JER 51:64,COPY_OR_MERGE,Jer.51.64
JER 52:1,COPY_OR_MERGE,Jer.52.1
JER 52:2,COPY_OR_MERGE,Jer.52.2
JER 52:3,COPY_OR_MERGE,Jer.52.3
JER 52:4,COPY_OR_MERGE,Jer.52.4
JER 52:5,COPY_OR_MERGE,Jer.52.5
JER 52:6,COPY_OR_MERGE,Jer.52.6
JER 52:7,COPY_OR_MERGE,Jer.52.7
JER 52:8,COPY_OR_MERGE,Jer.52.8
JER 52:9,COPY_OR_MERGE,Jer.52.9
JER 52:10,COPY_OR_MERGE,Jer.52.10
JER 52:11,COPY_OR_MERGE,Jer.52.11
JER 52:12,COPY_OR_MERGE,Jer.52.12
JER 52:13,COPY_OR_MERGE,Jer.52.13
JER 52:14,COPY_OR_MERGE,Jer.52.14
JER 52:15,COPY_OR_MERGE,Jer.52.15
JER 52:16,COPY_OR_MERGE,Jer.52.16
JER 52:17,COPY_OR_MERGE,Jer.52.17
JER 52:18,COPY_OR_MERGE,Jer.52.18
JER 52:19,COPY_OR_MERGE,Jer.52.19
JER 52:20,COPY_OR_MERGE,Jer.52.20
JER 52:21,COPY_OR_MERGE,Jer.52.21
JER 52:22,COPY_OR_MERGE,Jer.52.22
JER 52:23,COPY_OR_MERGE,Jer.52.23
JER 52:24,COPY_OR_MERGE,Jer.52.24
JER 52:25,COPY_OR_MERGE,Jer.52.25
JER 52:26,COPY_OR_MERGE,Jer.52.26
JER 52:27,COPY_OR_MERGE,Jer.52.27
JER 52:28,COPY_OR_MERGE,Jer.52.28
JER 52:29,COPY_OR_MERGE,Jer.52.29
JER 52:30,COPY_OR_MERGE,Jer.52.30
JER 52:31,COPY_OR_MERGE,Jer.52.31
JER 52:32,COPY_OR_MERGE,Jer.52.32
JER 52:33,COPY_OR_MERGE,Jer.52.33
JER 52:34,COPY_OR_MERGE,Jer.52.34
JOB 1:1,COPY_OR_MERGE,Job.1.1
JOB 1:2,COPY_OR_MERGE,Job.1.2
JOB 1:3,COPY_OR_MERGE,Job.1.3
JOB 1:4,COPY_OR_MERGE,Job.1.4
JOB 1:5,COPY_OR_MERGE,Job.1.5
JOB 1:6,COPY_OR_MERGE,Job.1.6
JOB 1:7,COPY_OR_MERGE,Job.1.7
JOB 1:8,COPY_OR_MERGE,Job.1.8
JOB 1:9,COPY_OR_MERGE,Job.1.9
JOB 1:10,COPY_OR_MERGE,Job.1.10
JOB 1:11,COPY_OR_MERGE,Job.1.11
JOB 1:12,COPY_OR_MERGE,Job.1.12
JOB 1:13,COPY_OR_MERGE,Job.1.13
JOB 1:14,COPY_OR_MERGE,Job.1.14
JOB 1:15,COPY_OR_MERGE,Job.1.15
JOB 1:16,COPY_OR_MERGE,Job.1.16
JOB 1:17,COPY_OR_MERGE,Job.1.17
JOB 1:18,COPY_OR_MERGE,Job.1.18
JOB 1:19,COPY_OR_MERGE,Job.1.19
JOB 1:20,COPY_OR_MERGE,Job.1.20
JOB 1:21,COPY_OR_MERGE,Job.1.21
JOB 1:22,COPY_OR_MERGE,Job.1.22
JOB 2:1,COPY_OR_MERGE,Job.2.1
JOB 2:2,COPY_OR_MERGE,Job.2.2
JOB 2:3,COPY_OR_MERGE,Job.2.3
JOB 2:4,COPY_OR_MERGE,Job.2.4
JOB 2:5,COPY_OR_MERGE,Job.2.5
JOB 2:6,COPY_OR_MERGE,Job.2.6
JOB 2:7,COPY_OR_MERGE,Job.2.7
JOB 2:8,COPY_OR_MERGE,Job.2.8
JOB 2:9,COPY_OR_MERGE,Job.2.9
JOB 2:10,COPY_OR_MERGE,Job.2.10
JOB 2:11,COPY_OR_MERGE,Job.2.11
JOB 2:12,COPY_OR_MERGE,Job.2.12
JOB 2:13,COPY_OR_MERGE,Job.2.13
JOB 3:1,COPY_OR_MERGE,Job.3.1
JOB 3:2,COPY_OR_MERGE,Job.3.2
JOB 3:3,COPY_OR_MERGE,Job.3.3
JOB 3:4,COPY_OR_MERGE,Job.3.4
JOB 3:5,COPY_OR_MERGE,Job.3.5
JOB 3:6,COPY_OR_MERGE,Job.3.6
JOB 3:7,COPY_OR_MERGE,Job.3.7
JOB 3:8,COPY_OR_MERGE,Job.3.8
JOB 3:9,COPY_OR_MERGE,Job.3.9
JOB 3:10,COPY_OR_MERGE,Job.3.10
JOB 3:11,COPY_OR_MERGE,Job.3.11
JOB 3:12,COPY_OR_MERGE,Job.3.12
JOB 3:13,COPY_OR_MERGE,Job.3.13
JOB 3:14,COPY_OR_MERGE,Job.3.14
JOB 3:15,COPY_OR_MERGE,Job.3.15
JOB 3:16,COPY_OR_MERGE,Job.3.16
JOB 3:17,COPY_OR_MERGE,Job.3.17
JOB 3:18,COPY_OR_MERGE,Job.3.18
JOB 3:19,COPY_OR_MERGE,Job.3.19
JOB 3:20,COPY_OR_MERGE,Job.3.20
JOB 3:21,COPY_OR_MERGE,Job.3.21
JOB 3:22,COPY_OR_MERGE,Job.3.22
JOB 3:23,COPY_OR_MERGE,Job.3.23
JOB 3:24,COPY_OR_MERGE,Job.3.24
JOB 3:25,COPY_OR_MERGE,Job.3.25
JOB 3:26,COPY_OR_MERGE,Job.3.26
JOB 4:1,COPY_OR_MERGE,Job.4.1
JOB 4:2,COPY_OR_MERGE,Job.4.2
JOB 4:3,COPY_OR_MERGE,Job.4.3
JOB 4:4,COPY_OR_MERGE,Job.4.4
JOB 4:5,COPY_OR_MERGE,Job.4.5
JOB 4:6,COPY_OR_MERGE,Job.4.6
JOB 4:7,COPY_OR_MERGE,Job.4.7
JOB 4:8,COPY_OR_MERGE,Job.4.8
JOB 4:9,COPY_OR_MERGE,Job.4.9
JOB 4:10,COPY_OR_MERGE,Job.4.10
JOB 4:11,COPY_OR_MERGE,Job.4.11
JOB 4:12,COPY_OR_MERGE,Job.4.12
JOB 4:13,COPY_OR_MERGE,Job.4.13
JOB 4:14,COPY_OR_MERGE,Job.4.14
JOB 4:15,COPY_OR_MERGE,Job.4.15
JOB 4:16,COPY_OR_MERGE,Job.4.16
JOB 4:17,COPY_OR_MERGE,Job.4.17
JOB 4:18,COPY_OR_MERGE,Job.4.18
JOB 4:19,COPY_OR_MERGE,Job.4.19
JOB 4:20,COPY_OR_MERGE,Job.4.20
JOB 4:21,COPY_OR_MERGE,Job.4.21
JOB 5:1,COPY_OR_MERGE,Job.5.1
JOB 5:2,COPY_OR_MERGE,Job.5.2
JOB 5:3,COPY_OR_MERGE,Job.5.3
JOB 5:4,COPY_OR_MERGE,Job.5.4
JOB 5:5,COPY_OR_MERGE,Job.5.5
JOB 5:6,COPY_OR_MERGE,Job.5.6
JOB 5:7,COPY_OR_MERGE,Job.5.7
JOB 5:8,COPY_OR_MERGE,Job.5.8
JOB 5:9,COPY_OR_MERGE,Job.5.9
JOB 5:10,COPY_OR_MERGE,Job.5.10
JOB 5:11,COPY_OR_MERGE,Job.5.11
JOB 5:12,COPY_OR_MERGE,Job.5.12
JOB 5:13,COPY_OR_MERGE,Job.5.13
JOB 5:14,COPY_OR_MERGE,Job.5.14
JOB 5:15,COPY_OR_MERGE,Job.5.15
JOB 5:16,COPY_OR_MERGE,Job.5.16
JOB 5:17,COPY_OR_MERGE,Job.5.17
JOB 5:18,COPY_OR_MERGE,Job.5.18
JOB 5:19,COPY_OR_MERGE,Job.5.19
JOB 5:20,COPY_OR_MERGE,Job.5.20
JOB 5:21,COPY_OR_MERGE,Job.5.21
JOB 5:22,COPY_OR_MERGE,Job.5.22
JOB 5:23,COPY_OR_MERGE,Job.5.23
JOB 5:24,COPY_OR_MERGE,Job.5.24
JOB 5:25,COPY_OR_MERGE,Job.5.25
JOB 5:26,COPY_OR_MERGE,Job.5.26
JOB 5:27,COPY_OR_MERGE,Job.5.27
JOB 6:1,COPY_OR_MERGE,Job.6.1
JOB 6:2,COPY_OR_MERGE,Job.6.2
JOB 6:3,COPY_OR_MERGE,Job.6.3
JOB 6:4,COPY_OR_MERGE,Job.6.4
JOB 6:5,COPY_OR_MERGE,Job.6.5
JOB 6:6,COPY_OR_MERGE,Job.6.6
JOB 6:7,COPY_OR_MERGE,Job.6.7
JOB 6:8,COPY_OR_MERGE,Job.6.8
JOB 6:9,COPY_OR_MERGE,Job.6.9
JOB 6:10,COPY_OR_MERGE,Job.6.10
JOB 6:11,COPY_OR_MERGE,Job.6.11
JOB 6:12,COPY_OR_MERGE,Job.6.12
JOB 6:13,COPY_OR_MERGE,Job.6.13
JOB 6:14,COPY_OR_MERGE,Job.6.14
JOB 6:15,COPY_OR_MERGE,Job.6.15
JOB 6:16,COPY_OR_MERGE,Job.6.16
JOB 6:17,COPY_OR_MERGE,Job.6.17
JOB 6:18,COPY_OR_MERGE,Job.6.18
JOB 6:19,COPY_OR_MERGE,Job.6.19
JOB 6:20,COPY_OR_MERGE,Job.6.20
JOB 6:21,COPY_OR_MERGE,Job.6.21
JOB 6:22,COPY_OR_MERGE,Job.6.22
JOB 6:23,COPY_OR_MERGE,Job.6.23
JOB 6:24,COPY_OR_MERGE,Job.6.24
JOB 6:25,COPY_OR_MERGE,Job.6.25
JOB 6:26,COPY_OR_MERGE,Job.6.26
JOB 6:27,COPY_OR_MERGE,Job.6.27
JOB 6:28,COPY_OR_MERGE,Job.6.28
JOB 6:29,COPY_OR_MERGE,Job.6.29
JOB 6:30,COPY_OR_MERGE,Job.6.30
JOB 7:1,COPY_OR_MERGE,Job.7.1
JOB 7:2,COPY_OR_MERGE,Job.7.2
JOB 7:3,COPY_OR_MERGE,Job.7.3
JOB 7:4,COPY_OR_MERGE,Job.7.4
JOB 7:5,COPY_OR_MERGE,Job.7.5
JOB 7:6,COPY_OR_MERGE,Job.7.6
JOB 7:7,COPY_OR_MERGE,Job.7.7
JOB 7:8,COPY_OR_MERGE,Job.7.8
JOB 7:9,COPY_OR_MERGE,Job.7.9
JOB 7:10,COPY_OR_MERGE,Job.7.10
JOB 7:11,COPY_OR_MERGE,Job.7.11
JOB 7:12,COPY_OR_MERGE,Job.7.12
JOB 7:13,COPY_OR_MERGE,Job.7.13
JOB 7:14,COPY_OR_MERGE,Job.7.14
JOB 7:15,COPY_OR_MERGE,Job.7.15
JOB 7:16,COPY_OR_MERGE,Job.7.16
JOB 7:17,COPY_OR_MERGE,Job.7.17
JOB 7:18,COPY_OR_MERGE,Job.7.18
JOB 7:19,COPY_OR_MERGE,Job.7.19
JOB 7:20,COPY_OR_MERGE,Job.7.20
JOB 7:21,COPY_OR_MERGE,Job.7.21
JOB 8:1,COPY_OR_MERGE,Job.8.1
JOB 8:2,COPY_OR_MERGE,Job.8.2
JOB 8:3,COPY_OR_MERGE,Job.8.3
JOB 8:4,COPY_OR_MERGE,Job.8.4
JOB 8:5,COPY_OR_MERGE,Job.8.5
JOB 8:6,COPY_OR_MERGE,Job.8.6
JOB 8:7,COPY_OR_MERGE,Job.8.7
JOB 8:8,COPY_OR_MERGE,Job.8.8
JOB 8:9,COPY_OR_MERGE,Job.8.9
JOB 8:10,COPY_OR_MERGE,Job.8.10
JOB 8:11,COPY_OR_MERGE,Job.8.11
JOB 8:12,COPY_OR_MERGE,Job.8.12
JOB 8:13,COPY_OR_MERGE,Job.8.13
JOB 8:14,COPY_OR_MERGE,Job.8.14
JOB 8:15,COPY_OR_MERGE,Job.8.15
JOB 8:16,COPY_OR_MERGE,Job.8.16
JOB 8:17,COPY_OR_MERGE,Job.8.17
JOB 8:18,COPY_OR_MERGE,Job.8.18
JOB 8:19,COPY_OR_MERGE,Job.8.19
JOB 8:20,COPY_OR_MERGE,Job.8.20
JOB 8:21,COPY_OR_MERGE,Job.8.21
JOB 8:22,COPY_OR_MERGE,Job.8.22
JOB 9:1,COPY_OR_MERGE,Job.9.1
JOB 9:2,COPY_OR_MERGE,Job.9.2
JOB 9:3,COPY_OR_MERGE,Job.9.3
JOB 9:4,COPY_OR_MERGE,Job.9.4
JOB 9:5,COPY_OR_MERGE,Job.9.5
JOB 9:6,COPY_OR_MERGE,Job.9.6
JOB 9:7,COPY_OR_MERGE,Job.9.7
JOB 9:8,COPY_OR_MERGE,Job.9.8
JOB 9:9,COPY_OR_MERGE,Job.9.9
JOB 9:10,COPY_OR_MERGE,Job.9.10
JOB 9:11,COPY_OR_MERGE,Job.9.11
JOB 9:12,COPY_OR_MERGE,Job.9.12
JOB 9:13,COPY_OR_MERGE,Job.9.13
JOB 9:14,COPY_OR_MERGE,Job.9.14
JOB 9:15,COPY_OR_MERGE,Job.9.15
JOB 9:16,COPY_OR_MERGE,Job.9.16
JOB 9:17,COPY_OR_MERGE,Job.9.17
JOB 9:18,COPY_OR_MERGE,Job.9.18
JOB 9:19,COPY_OR_MERGE,Job.9.19
JOB 9:20,COPY_OR_MERGE,Job.9.20
JOB 9:21,COPY_OR_MERGE,Job.9.21
JOB 9:22,COPY_OR_MERGE,Job.9.22
JOB 9:23,COPY_OR_MERGE,Job.9.23
JOB 9:24,COPY_OR_MERGE,Job.9.24
JOB 9:25,COPY_OR_MERGE,Job.9.25
JOB 9:26,COPY_OR_MERGE,Job.9.26
JOB 9:27,COPY_OR_MERGE,Job.9.27
JOB 9:28,COPY_OR_MERGE,Job.9.28
JOB 9:29,COPY_OR_MERGE,Job.9.29
JOB 9:30,COPY_OR_MERGE,Job.9.30
JOB 9:31,COPY_OR_MERGE,Job.9.31
JOB 9:32,COPY_OR_MERGE,Job.9.32
JOB 9:33,COPY_OR_MERGE,Job.9.33
JOB 9:34,COPY_OR_MERGE,Job.9.34
JOB 9:35,COPY_OR_MERGE,Job.9.35
JOB 10:1,COPY_OR_MERGE,Job.10.1
JOB 10:2,COPY_OR_MERGE,Job.10.2
JOB 10:3,COPY_OR_MERGE,Job.10.3
JOB 10:4,COPY_OR_MERGE,Job.10.4
JOB 10:5,COPY_OR_MERGE,Job.10.5
JOB 10:6,COPY_OR_MERGE,Job.10.6
JOB 10:7,COPY_OR_MERGE,Job.10.7
JOB 10:8,COPY_OR_MERGE,Job.10.8
JOB 10:9,COPY_OR_MERGE,Job.10.9
JOB 10:10,COPY_OR_MERGE,Job.10.10
JOB 10:11,COPY_OR_MERGE,Job.10.11
JOB 10:12,COPY_OR_MERGE,Job.10.12
JOB 10:13,COPY_OR_MERGE,Job.10.13
JOB 10:14,COPY_OR_MERGE,Job.10.14
JOB 10:15,COPY_OR_MERGE,Job.10.15
JOB 10:16,COPY_OR_MERGE,Job.10.16
JOB 10:17,COPY_OR_MERGE,Job.10.17
JOB 10:18,COPY_OR_MERGE,Job.10.18
JOB 10:19,COPY_OR_MERGE,Job.10.19
JOB 10:20,COPY_OR_MERGE,Job.10.20
JOB 10:21,COPY_OR_MERGE,Job.10.21
JOB 10:22,COPY_OR_MERGE,Job.10.22
JOB 11:1,COPY_OR_MERGE,Job.11.1
JOB 11:2,COPY_OR_MERGE,Job.11.2
JOB 11:3,COPY_OR_MERGE,Job.11.3
JOB 11:4,COPY_OR_MERGE,Job.11.4
JOB 11:5,COPY_OR_MERGE,Job.11.5
JOB 11:6,COPY_OR_MERGE,Job.11.6
JOB 11:7,COPY_OR_MERGE,Job.11.7
JOB 11:8,COPY_OR_MERGE,Job.11.8
JOB 11:9,COPY_OR_MERGE,Job.11.9
JOB 11:10,COPY_OR_MERGE,Job.11.10
JOB 11:11,COPY_OR_MERGE,Job.11.11
JOB 11:12,COPY_OR_MERGE,Job.11.12
JOB 11:13,COPY_OR_MERGE,Job.11.13
JOB 11:14,COPY_OR_MERGE,Job.11.14
JOB 11:15,COPY_OR_MERGE,Job.11.15
JOB 11:16,COPY_OR_MERGE,Job.11.16
JOB 11:17,COPY_OR_MERGE,Job.11.17
JOB 11:18,COPY_OR_MERGE,Job.11.18
JOB 11:19,COPY_OR_MERGE,Job.11.19
JOB 11:20,COPY_OR_MERGE,Job.11.20
JOB 12:1,COPY_OR_MERGE,Job.12.1
JOB 12:2,COPY_OR_MERGE,Job.12.2
JOB 12:3,COPY_OR_MERGE,Job.12.3
JOB 12:4,COPY_OR_MERGE,Job.12.4
JOB 12:5,COPY_OR_MERGE,Job.12.5
JOB 12:6,COPY_OR_MERGE,Job.12.6
JOB 12:7,COPY_OR_MERGE,Job.12.7
JOB 12:8,COPY_OR_MERGE,Job.12.8
JOB 12:9,COPY_OR_MERGE,Job.12.9
JOB 12:10,COPY_OR_MERGE,Job.12.10
JOB 12:11,COPY_OR_MERGE,Job.12.11
JOB 12:12,COPY_OR_MERGE,Job.12.12
JOB 12:13,COPY_OR_MERGE,Job.12.13
JOB 12:14,COPY_OR_MERGE,Job.12.14
JOB 12:15,COPY_OR_MERGE,Job.12.15
JOB 12:16,COPY_OR_MERGE,Job.12.16
JOB 12:17,COPY_OR_MERGE,Job.12.17
JOB 12:18,COPY_OR_MERGE,Job.12.18
JOB 12:19,COPY_OR_MERGE,Job.12.19
JOB 12:20,COPY_OR_MERGE,Job.12.20
JOB 12:21,COPY_OR_MERGE,Job.12.21
JOB 12:22,COPY_OR_MERGE,Job.12.22
JOB 12:23,COPY_OR_MERGE,Job.12.23
JOB 12:24,COPY_OR_MERGE,Job.12.24
JOB 12:25,COPY_OR_MERGE,Job.12.25
JOB 13:1,COPY_OR_MERGE,Job.13.1
JOB 13:2,COPY_OR_MERGE,Job.13.2
JOB 13:3,COPY_OR_MERGE,Job.13.3
JOB 13:4,COPY_OR_MERGE,Job.13.4
JOB 13:5,COPY_OR_MERGE,Job.13.5
JOB 13:6,COPY_OR_MERGE,Job.13.6
JOB 13:7,COPY_OR_MERGE,Job.13.7
JOB 13:8,COPY_OR_MERGE,Job.13.8
JOB 13:9,COPY_OR_MERGE,Job.13.9
JOB 13:10,COPY_OR_MERGE,Job.13.10
JOB 13:11,COPY_OR_MERGE,Job.13.11
JOB 13:12,COPY_OR_MERGE,Job.13.12
JOB 13:13,COPY_OR_MERGE,Job.13.13
JOB 13:14,COPY_OR_MERGE,Job.13.14
JOB 13:15,COPY_OR_MERGE,Job.13.15
JOB 13:16,COPY_OR_MERGE,Job.13.16
JOB 13:17,COPY_OR_MERGE,Job.13.17
JOB 13:18,COPY_OR_MERGE,Job.13.18
JOB 13:19,COPY_OR_MERGE,Job.13.19
JOB 13:20,COPY_OR_MERGE,Job.13.20
JOB 13:21,COPY_OR_MERGE,Job.13.21
JOB 13:22,COPY_OR_MERGE,Job.13.22
JOB 13:23,COPY_OR_MERGE,Job.13.23
JOB 13:24,COPY_OR_MERGE,Job.13.24
JOB 13:25,COPY_OR_MERGE,Job.13.25
JOB 13:26,COPY_OR_MERGE,Job.13.26
JOB 13:27,COPY_OR_MERGE,Job.13.27
JOB 13:28,COPY_OR_MERGE,Job.13.28
JOB 14:1,COPY_OR_MERGE,Job.14.1
JOB 14:2,COPY_OR_MERGE,Job.14.2
JOB 14:3,COPY_OR_MERGE,Job.14.3
JOB 14:4,COPY_OR_MERGE,Job.14.4
JOB 14:5,COPY_OR_MERGE,Job.14.5
JOB 14:6,COPY_OR_MERGE,Job.14.6
JOB 14:7,COPY_OR_MERGE,Job.14.7
JOB 14:8,COPY_OR_MERGE,Job.14.8
JOB 14:9,COPY_OR_MERGE,Job.14.9
JOB 14:10,COPY_OR_MERGE,Job.14.10
JOB 14:11,COPY_OR_MERGE,Job.14.11
JOB 14:12,COPY_OR_MERGE,Job.14.12
JOB 14:13,COPY_OR_MERGE,Job.14.13
JOB 14:14,COPY_OR_MERGE,Job.14.14
JOB 14:15,COPY_OR_MERGE,Job.14.15
JOB 14:16,COPY_OR_MERGE,Job.14.16
JOB 14:17,COPY_OR_MERGE,Job.14.17
JOB 14:18,COPY_OR_MERGE,Job.14.18
JOB 14:19,COPY_OR_MERGE,Job.14.19
JOB 14:20,COPY_OR_MERGE,Job.14.20
JOB 14:21,COPY_OR_MERGE,Job.14.21
JOB 14:22,COPY_OR_MERGE,Job.14.22
JOB 15:1,COPY_OR_MERGE,Job.15.1
JOB 15:2,COPY_OR_MERGE,Job.15.2
JOB 15:3,COPY_OR_MERGE,Job.15.3
JOB 15:4,COPY_OR_MERGE,Job.15.4
JOB 15:5,COPY_OR_MERGE,Job.15.5
JOB 15:6,COPY_OR_MERGE,Job.15.6
JOB 15:7,COPY_OR_MERGE,Job.15.7
JOB 15:8,COPY_OR_MERGE,Job.15.8
JOB 15:9,COPY_OR_MERGE,Job.15.9
JOB 15:10,COPY_OR_MERGE,Job.15.10
JOB 15:11,COPY_OR_MERGE,Job.15.11
JOB 15:12,COPY_OR_MERGE,Job.15.12
JOB 15:13,COPY_OR_MERGE,Job.15.13
JOB 15:14,COPY_OR_MERGE,Job.15.14
JOB 15:15,COPY_OR_MERGE,Job.15.15
JOB 15:16,COPY_OR_MERGE,Job.15.16
JOB 15:17,COPY_OR_MERGE,Job.15.17
JOB 15:18,COPY_OR_MERGE,Job.15.18
JOB 15:19,COPY_OR_MERGE,Job.15.19
JOB 15:20,COPY_OR_MERGE,Job.15.20
JOB 15:21,COPY_OR_MERGE,Job.15.21
JOB 15:22,COPY_OR_MERGE,Job.15.22
JOB 15:23,COPY_OR_MERGE,Job.15.23
JOB 15:24,COPY_OR_MERGE,Job.15.24
JOB 15:25,COPY_OR_MERGE,Job.15.25
JOB 15:26,COPY_OR_MERGE,Job.15.26
JOB 15:27,COPY_OR_MERGE,Job.15.27
JOB 15:28,COPY_OR_MERGE,Job.15.28
JOB 15:29,COPY_OR_MERGE,Job.15.29
JOB 15:30,COPY_OR_MERGE,Job.15.30
JOB 15:31,COPY_OR_MERGE,Job.15.31
JOB 15:32,COPY_OR_MERGE,Job.15.32
JOB 15:33,COPY_OR_MERGE,Job.15.33
JOB 15:34,COPY_OR_MERGE,Job.15.34
JOB 15:35,COPY_OR_MERGE,Job.15.35
JOB 16:1,COPY_OR_MERGE,Job.16.1
JOB 16:2,COPY_OR_MERGE,Job.16.2
JOB 16:3,COPY_OR_MERGE,Job.16.3
JOB 16:4,COPY_OR_MERGE,Job.16.4
JOB 16:5,COPY_OR_MERGE,Job.16.5
JOB 16:6,COPY_OR_MERGE,Job.16.6
JOB 16:7,COPY_OR_MERGE,Job.16.7
JOB 16:8,COPY_OR_MERGE,Job.16.8
JOB 16:9,COPY_OR_MERGE,Job.16.9
JOB 16:10,COPY_OR_MERGE,Job.16.10
JOB 16:11,COPY_OR_MERGE,Job.16.11
JOB 16:12,COPY_OR_MERGE,Job.16.12
JOB 16:13,COPY_OR_MERGE,Job.16.13
JOB 16:14,COPY_OR_MERGE,Job.16.14
JOB 16:15,COPY_OR_MERGE,Job.16.15
JOB 16:16,COPY_OR_MERGE,Job.16.16
JOB 16:17,COPY_OR_MERGE,Job.16.17
JOB 16:18,COPY_OR_MERGE,Job.16.18
JOB 16:19,COPY_OR_MERGE,Job.16.19
JOB 16:20,COPY_OR_MERGE,Job.16.20
JOB 16:21,COPY_OR_MERGE,Job.16.21
JOB 16:22,COPY_OR_MERGE,Job.16.22
JOB 17:1,COPY_OR_MERGE,Job.17.1
JOB 17:2,COPY_OR_MERGE,Job.17.2
JOB 17:3,COPY_OR_MERGE,Job.17.3
JOB 17:4,COPY_OR_MERGE,Job.17.4
JOB 17:5,COPY_OR_MERGE,Job.17.5
JOB 17:6,COPY_OR_MERGE,Job.17.6
JOB 17:7,COPY_OR_MERGE,Job.17.7
JOB 17:8,COPY_OR_MERGE,Job.17.8
JOB 17:9,COPY_OR_MERGE,Job.17.9
JOB 17:10,COPY_OR_MERGE,Job.17.10
JOB 17:11,COPY_OR_MERGE,Job.17.11
JOB 17:12,COPY_OR_MERGE,Job.17.12
JOB 17:13,COPY_OR_MERGE,Job.17.13
JOB 17:14,COPY_OR_MERGE,Job.17.14
JOB 17:15,COPY_OR_MERGE,Job.17.15
JOB 17:16,COPY_OR_MERGE,Job.17.16
JOB 18:1,COPY_OR_MERGE,Job.18.1
JOB 18:2,COPY_OR_MERGE,Job.18.2
JOB 18:3,COPY_OR_MERGE,Job.18.3
JOB 18:4,COPY_OR_MERGE,Job.18.4
JOB 18:5,COPY_OR_MERGE,Job.18.5
JOB 18:6,COPY_OR_MERGE,Job.18.6
JOB 18:7,COPY_OR_MERGE,Job.18.7
JOB 18:8,COPY_OR_MERGE,Job.18.8
JOB 18:9,COPY_OR_MERGE,Job.18.9
JOB 18:10,COPY_OR_MERGE,Job.18.10
JOB 18:11,COPY_OR_MERGE,Job.18.11
JOB 18:12,COPY_OR_MERGE,Job.18.12
JOB 18:13,COPY_OR_MERGE,Job.18.13
JOB 18:14,COPY_OR_MERGE,Job.18.14
JOB 18:15,COPY_OR_MERGE,Job.18.15
JOB 18:16,COPY_OR_MERGE,Job.18.16
JOB 18:17,COPY_OR_MERGE,Job.18.17
JOB 18:18,COPY_OR_MERGE,Job.18.18
JOB 18:19,COPY_OR_MERGE,Job.18.19
JOB 18:20,COPY_OR_MERGE,Job.18.20
JOB 18:21,COPY_OR_MERGE,Job.18.21
JOB 19:1,COPY_OR_MERGE,Job.19.1
JOB 19:2,COPY_OR_MERGE,Job.19.2
JOB 19:3,COPY_OR_MERGE,Job.19.3
JOB 19:4,COPY_OR_MERGE,Job.19.4
JOB 19:5,COPY_OR_MERGE,Job.19.5
JOB 19:6,COPY_OR_MERGE,Job.19.6
JOB 19:7,COPY_OR_MERGE,Job.19.7
JOB 19:8,COPY_OR_MERGE,Job.19.8
JOB 19:9,COPY_OR_MERGE,Job.19.9
JOB 19:10,COPY_OR_MERGE,Job.19.10
JOB 19:11,COPY_OR_MERGE,Job.19.11
JOB 19:12,COPY_OR_MERGE,Job.19.12
JOB 19:13,COPY_OR_MERGE,Job.19.13
JOB 19:14,COPY_OR_MERGE,Job.19.14
JOB 19:15,COPY_OR_MERGE,Job.19.15
JOB 19:16,COPY_OR_MERGE,Job.19.16
JOB 19:17,COPY_OR_MERGE,Job.19.17
JOB 19:18,COPY_OR_MERGE,Job.19.18
JOB 19:19,COPY_OR_MERGE,Job.19.19
JOB 19:20,COPY_OR_MERGE,Job.19.20
JOB 19:21,COPY_OR_MERGE,Job.19.21
JOB 19:22,COPY_OR_MERGE,Job.19.22
JOB 19:23,COPY_OR_MERGE,Job.19.23
JOB 19:24,COPY_OR_MERGE,Job.19.24
JOB 19:25,COPY_OR_MERGE,Job.19.25
JOB 19:26,COPY_OR_MERGE,Job.19.26
JOB 19:27,COPY_OR_MERGE,Job.19.27
JOB 19:28,COPY_OR_MERGE,Job.19.28
JOB 19:29,COPY_OR_MERGE,Job.19.29
JOB 20:1,COPY_OR_MERGE,Job.20.1
JOB 20:2,COPY_OR_MERGE,Job.20.2
JOB 20:3,COPY_OR_MERGE,Job.20.3
JOB 20:4,COPY_OR_MERGE,Job.20.4
JOB 20:5,COPY_OR_MERGE,Job.20.5
JOB 20:6,COPY_OR_MERGE,Job.20.6
JOB 20:7,COPY_OR_MERGE,Job.20.7
JOB 20:8,COPY_OR_MERGE,Job.20.8
JOB 20:9,COPY_OR_MERGE,Job.20.9
JOB 20:10,COPY_OR_MERGE,Job.20.10
JOB 20:11,COPY_OR_MERGE,Job.20.11
JOB 20:12,COPY_OR_MERGE,Job.20.12
JOB 20:13,COPY_OR_MERGE,Job.20.13
JOB 20:14,COPY_OR_MERGE,Job.20.14
JOB 20:15,COPY_OR_MERGE,Job.20.15
JOB 20:16,COPY_OR_MERGE,Job.20.16
JOB 20:17,COPY_OR_MERGE,Job.20.17
JOB 20:18,COPY_OR_MERGE,Job.20.18
JOB 20:19,COPY_OR_MERGE,Job.20.19
JOB 20:20,COPY_OR_MERGE,Job.20.20
JOB 20:21,COPY_OR_MERGE,Job.20.21
JOB 20:22,COPY_OR_MERGE,Job.20.22
JOB 20:23,COPY_OR_MERGE,Job.20.23
JOB 20:24,COPY_OR_MERGE,Job.20.24
JOB 20:25,COPY_OR_MERGE,Job.20.25
JOB 20:26,COPY_OR_MERGE,Job.20.26
JOB 20:27,COPY_OR_MERGE,Job.20.27
JOB 20:28,COPY_OR_MERGE,Job.20.28
JOB 20:29,COPY_OR_MERGE,Job.20.29
JOB 21:1,COPY_OR_MERGE,Job.21.1
JOB 21:2,COPY_OR_MERGE,Job.21.2
JOB 21:3,COPY_OR_MERGE,Job.21.3
JOB 21:4,COPY_OR_MERGE,Job.21.4
JOB 21:5,COPY_OR_MERGE,Job.21.5
JOB 21:6,COPY_OR_MERGE,Job.21.6
JOB 21:7,COPY_OR_MERGE,Job.21.7
JOB 21:8,COPY_OR_MERGE,Job.21.8
JOB 21:9,COPY_OR_MERGE,Job.21.9
JOB 21:10,COPY_OR_MERGE,Job.21.10
JOB 21:11,COPY_OR_MERGE,Job.21.11
JOB 21:12,COPY_OR_MERGE,Job.21.12
JOB 21:13,COPY_OR_MERGE,Job.21.13
JOB 21:14,COPY_OR_MERGE,Job.21.14
JOB 21:15,COPY_OR_MERGE,Job.21.15
JOB 21:16,COPY_OR_MERGE,Job.21.16
JOB 21:17,COPY_OR_MERGE,Job.21.17
JOB 21:18,COPY_OR_MERGE,Job.21.18
JOB 21:19,COPY_OR_MERGE,Job.21.19
JOB 21:20,COPY_OR_MERGE,Job.21.20
JOB 21:21,COPY_OR_MERGE,Job.21.21
JOB 21:22,COPY_OR_MERGE,Job.21.22
JOB 21:23,COPY_OR_MERGE,Job.21.23
JOB 21:24,COPY_OR_MERGE,Job.21.24
JOB 21:25,COPY_OR_MERGE,Job.21.25
JOB 21:26,COPY_OR_MERGE,Job.21.26
JOB 21:27,COPY_OR_MERGE,Job.21.27
JOB 21:28,COPY_OR_MERGE,Job.21.28
JOB 21:29,COPY_OR_MERGE,Job.21.29
JOB 21:30,COPY_OR_MERGE,Job.21.30
JOB 21:31,COPY_OR_MERGE,Job.21.31
JOB 21:32,COPY_OR_MERGE,Job.21.32
JOB 21:33,COPY_OR_MERGE,Job.21.33
JOB 21:34,COPY_OR_MERGE,Job.21.34
JOB 22:1,COPY_OR_MERGE,Job.22.1
JOB 22:2,COPY_OR_MERGE,Job.22.2
JOB 22:3,COPY_OR_MERGE,Job.22.3
JOB 22:4,COPY_OR_MERGE,Job.22.4
JOB 22:5,COPY_OR_MERGE,Job.22.5
JOB 22:6,COPY_OR_MERGE,Job.22.6
JOB 22:7,COPY_OR_MERGE,Job.22.7
JOB 22:8,COPY_OR_MERGE,Job.22.8
JOB 22:9,COPY_OR_MERGE,Job.22.9
JOB 22:10,COPY_OR_MERGE,Job.22.10
JOB 22:11,COPY_OR_MERGE,Job.22.11
JOB 22:12,COPY_OR_MERGE,Job.22.12
JOB 22:13,COPY_OR_MERGE,Job.22.13
JOB 22:14,COPY_OR_MERGE,Job.22.14
JOB 22:15,COPY_OR_MERGE,Job.22.15
JOB 22:16,COPY_OR_MERGE,Job.22.16
JOB 22:17,COPY_OR_MERGE,Job.22.17
JOB 22:18,COPY_OR_MERGE,Job.22.18
JOB 22:19,COPY_OR_MERGE,Job.22.19
JOB 22:20,COPY_OR_MERGE,Job.22.20
JOB 22:21,COPY_OR_MERGE,Job.22.21
JOB 22:22,COPY_OR_MERGE,Job.22.22
JOB 22:23,COPY_OR_MERGE,Job.22.23
JOB 22:24,COPY_OR_MERGE,Job.22.24
JOB 22:25,COPY_OR_MERGE,Job.22.25
JOB 22:26,COPY_OR_MERGE,Job.22.26
JOB 22:27,COPY_OR_MERGE,Job.22.27
JOB 22:28,COPY_OR_MERGE,Job.22.28
JOB 22:29,COPY_OR_MERGE,Job.22.29
JOB 22:30,COPY_OR_MERGE,Job.22.30
JOB 23:1,COPY_OR_MERGE,Job.23.1
JOB 23:2,COPY_OR_MERGE,Job.23.2
JOB 23:3,COPY_OR_MERGE,Job.23.3
JOB 23:4,COPY_OR_MERGE,Job.23.4
JOB 23:5,COPY_OR_MERGE,Job.23.5
JOB 23:6,COPY_OR_MERGE,Job.23.6
JOB 23:7,COPY_OR_MERGE,Job.23.7
JOB 23:8,COPY_OR_MERGE,Job.23.8
JOB 23:9,COPY_OR_MERGE,Job.23.9
JOB 23:10,COPY_OR_MERGE,Job.23.10
JOB 23:11,COPY_OR_MERGE,Job.23.11
JOB 23:12,COPY_OR_MERGE,Job.23.12
JOB 23:13,COPY_OR_MERGE,Job.23.13
JOB 23:14,COPY_OR_MERGE,Job.23.14
JOB 23:15,COPY_OR_MERGE,Job.23.15
JOB 23:16,COPY_OR_MERGE,Job.23.16
JOB 23:17,COPY_OR_MERGE,Job.23.17
JOB 24:1,COPY_OR_MERGE,Job.24.1
JOB 24:2,COPY_OR_MERGE,Job.24.2
JOB 24:3,COPY_OR_MERGE,Job.24.3
JOB 24:4,COPY_OR_MERGE,Job.24.4
JOB 24:5,COPY_OR_MERGE,Job.24.5
JOB 24:6,COPY_OR_MERGE,Job.24.6
JOB 24:7,COPY_OR_MERGE,Job.24.7
JOB 24:8,COPY_OR_MERGE,Job.24.8
JOB 24:9,COPY_OR_MERGE,Job.24.9
JOB 24:10,COPY_OR_MERGE,Job.24.10
JOB 24:11,COPY_OR_MERGE,Job.24.11
JOB 24:12,COPY_OR_MERGE,Job.24.12
JOB 24:13,COPY_OR_MERGE,Job.24.13
JOB 24:14,COPY_OR_MERGE,Job.24.14
JOB 24:15,COPY_OR_MERGE,Job.24.15
JOB 24:16,COPY_OR_MERGE,Job.24.16
JOB 24:17,COPY_OR_MERGE,Job.24.17
JOB 24:18,COPY_OR_MERGE,Job.24.18
JOB 24:19,COPY_OR_MERGE,Job.24.19
JOB 24:20,COPY_OR_MERGE,Job.24.20
JOB 24:21,COPY_OR_MERGE,Job.24.21
JOB 24:22,COPY_OR_MERGE,Job.24.22
JOB 24:23,COPY_OR_MERGE,Job.24.23
JOB 24:24,COPY_OR_MERGE,Job.24.24
JOB 24:25,COPY_OR_MERGE,Job.24.25
JOB 25:1,COPY_OR_MERGE,Job.25.1
JOB 25:2,COPY_OR_MERGE,Job.25.2
JOB 25:3,COPY_OR_MERGE,Job.25.3
JOB 25:4,COPY_OR_MERGE,Job.25.4
JOB 25:5,COPY_OR_MERGE,Job.25.5
JOB 25:6,COPY_OR_MERGE,Job.25.6
JOB 26:1,COPY_OR_MERGE,Job.26.1
JOB 26:2,COPY_OR_MERGE,Job.26.2
JOB 26:3,COPY_OR_MERGE,Job.26.3
JOB 26:4,COPY_OR_MERGE,Job.26.4
JOB 26:5,COPY_OR_MERGE,Job.26.5
JOB 26:6,COPY_OR_MERGE,Job.26.6
JOB 26:7,COPY_OR_MERGE,Job.26.7
JOB 26:8,COPY_OR_MERGE,Job.26.8
JOB 26:9,COPY_OR_MERGE,Job.26.9
JOB 26:10,COPY_OR_MERGE,Job.26.10
JOB 26:11,COPY_OR_MERGE,Job.26.11
JOB 26:12,COPY_OR_MERGE,Job.26.12
JOB 26:13,COPY_OR_MERGE,Job.26.13
JOB 26:14,COPY_OR_MERGE,Job.26.14
JOB 27:1,COPY_OR_MERGE,Job.27.1
JOB 27:2,COPY_OR_MERGE,Job.27.2
JOB 27:3,COPY_OR_MERGE,Job.27.3
JOB 27:4,COPY_OR_MERGE,Job.27.4
JOB 27:5,COPY_OR_MERGE,Job.27.5
JOB 27:6,COPY_OR_MERGE,Job.27.6
JOB 27:7,COPY_OR_MERGE,Job.27.7
JOB 27:8,COPY_OR_MERGE,Job.27.8
JOB 27:9,COPY_OR_MERGE,Job.27.9
JOB 27:10,COPY_OR_MERGE,Job.27.10
JOB 27:11,COPY_OR_MERGE,Job.27.11
JOB 27:12,COPY_OR_MERGE,Job.27.12
JOB 27:13,COPY_OR_MERGE,Job.27.13
JOB 27:14,COPY_OR_MERGE,Job.27.14
JOB 27:15,COPY_OR_MERGE,Job.27.15
JOB 27:16,COPY_OR_MERGE,Job.27.16
JOB 27:17,COPY_OR_MERGE,Job.27.17
JOB 27:18,COPY_OR_MERGE,Job.27.18
JOB 27:19,COPY_OR_MERGE,Job.27.19
JOB 27:20,COPY_OR_MERGE,Job.27.20
JOB 27:21,COPY_OR_MERGE,Job.27.21
JOB 27:22,COPY_OR_MERGE,Job.27.22
JOB 27:23,COPY_OR_MERGE,Job.27.23
JOB 28:1,COPY_OR_MERGE,Job.28.1
JOB 28:2,COPY_OR_MERGE,Job.28.2
JOB 28:3,COPY_OR_MERGE,Job.28.3
JOB 28:4,COPY_OR_MERGE,Job.28.4
JOB 28:5,COPY_OR_MERGE,Job.28.5
JOB 28:6,COPY_OR_MERGE,Job.28.6
JOB 28:7,COPY_OR_MERGE,Job.28.7
JOB 28:8,COPY_OR_MERGE,Job.28.8
JOB 28:9,COPY_OR_MERGE,Job.28.9
JOB 28:10,COPY_OR_MERGE,Job.28.10
JOB 28:11,COPY_OR_MERGE,Job.28.11
JOB 28:12,COPY_OR_MERGE,Job.28.12
JOB 28:13,COPY_OR_MERGE,Job.28.13
JOB 28:14,COPY_OR_MERGE,Job.28.14
JOB 28:15,COPY_OR_MERGE,Job.28.15
JOB 28:16,COPY_OR_MERGE,Job.28.16
JOB 28:17,COPY_OR_MERGE,Job.28.17
JOB 28:18,COPY_OR_MERGE,Job.28.18
JOB 28:19,COPY_OR_MERGE,Job.28.19
JOB 28:20,COPY_OR_MERGE,Job.28.20
JOB 28:21,COPY_OR_MERGE,Job.28.21
JOB 28:22,COPY_OR_MERGE,Job.28.22
JOB 28:23,COPY_OR_MERGE,Job.28.23
JOB 28:24,COPY_OR_MERGE,Job.28.24
JOB 28:25,COPY_OR_MERGE,Job.28.25
JOB 28:26,COPY_OR_MERGE,Job.28.26
JOB 28:27,COPY_OR_MERGE,Job.28.27
JOB 28:28,COPY_OR_MERGE,Job.28.28
JOB 29:1,COPY_OR_MERGE,Job.29.1
JOB 29:2,COPY_OR_MERGE,Job.29.2
JOB 29:3,COPY_OR_MERGE,Job.29.3
JOB 29:4,COPY_OR_MERGE,Job.29.4
JOB 29:5,COPY_OR_MERGE,Job.29.5
JOB 29:6,COPY_OR_MERGE,Job.29.6
JOB 29:7,COPY_OR_MERGE,Job.29.7
JOB 29:8,COPY_OR_MERGE,Job.29.8
JOB 29:9,COPY_OR_MERGE,Job.29.9
JOB 29:10,COPY_OR_MERGE,Job.29.10
JOB 29:11,COPY_OR_MERGE,Job.29.11
JOB 29:12,COPY_OR_MERGE,Job.29.12
JOB 29:13,COPY_OR_MERGE,Job.29.13
JOB 29:14,COPY_OR_MERGE,Job.29.14
JOB 29:15,COPY_OR_MERGE,Job.29.15
JOB 29:16,COPY_OR_MERGE,Job.29.16
JOB 29:17,COPY_OR_MERGE,Job.29.17
JOB 29:18,COPY_OR_MERGE,Job.29.18
JOB 29:19,COPY_OR_MERGE,Job.29.19
JOB 29:20,COPY_OR_MERGE,Job.29.20
JOB 29:21,COPY_OR_MERGE,Job.29.21
JOB 29:22,COPY_OR_MERGE,Job.29.22
JOB 29:23,COPY_OR_MERGE,Job.29.23
JOB 29:24,COPY_OR_MERGE,Job.29.24
JOB 29:25,COPY_OR_MERGE,Job.29.25
JOB 30:1,COPY_OR_MERGE,Job.30.1
JOB 30:2,COPY_OR_MERGE,Job.30.2
JOB 30:3,COPY_OR_MERGE,Job.30.3
JOB 30:4,COPY_OR_MERGE,Job.30.4
JOB 30:5,COPY_OR_MERGE,Job.30.5
JOB 30:6,COPY_OR_MERGE,Job.30.6
JOB 30:7,COPY_OR_MERGE,Job.30.7
JOB 30:8,COPY_OR_MERGE,Job.30.8
JOB 30:9,COPY_OR_MERGE,Job.30.9
JOB 30:10,COPY_OR_MERGE,Job.30.10
JOB 30:11,COPY_OR_MERGE,Job.30.11
JOB 30:12,COPY_OR_MERGE,Job.30.12
JOB 30:13,COPY_OR_MERGE,Job.30.13
JOB 30:14,COPY_OR_MERGE,Job.30.14
JOB 30:15,COPY_OR_MERGE,Job.30.15
JOB 30:16,COPY_OR_MERGE,Job.30.16
JOB 30:17,COPY_OR_MERGE,Job.30.17
JOB 30:18,COPY_OR_MERGE,Job.30.18
JOB 30:19,COPY_OR_MERGE,Job.30.19
JOB 30:20,COPY_OR_MERGE,Job.30.20
JOB 30:21,COPY_OR_MERGE,Job.30.21
JOB 30:22,COPY_OR_MERGE,Job.30.22
JOB 30:23,COPY_OR_MERGE,Job.30.23
JOB 30:24,COPY_OR_MERGE,Job.30.24
JOB 30:25,COPY_OR_MERGE,Job.30.25
JOB 30:26,COPY_OR_MERGE,Job.30.26
JOB 30:27,COPY_OR_MERGE,Job.30.27
JOB 30:28,COPY_OR_MERGE,Job.30.28
JOB 30:29,COPY_OR_MERGE,Job.30.29
JOB 30:30,COPY_OR_MERGE,Job.30.30
JOB 30:31,COPY_OR_MERGE,Job.30.31
JOB 31:1,COPY_OR_MERGE,Job.31.1
JOB 31:2,COPY_OR_MERGE,Job.31.2
JOB 31:3,COPY_OR_MERGE,Job.31.3
JOB 31:4,COPY_OR_MERGE,Job.31.4
JOB 31:5,COPY_OR_MERGE,Job.31.5
JOB 31:6,COPY_OR_MERGE,Job.31.6
JOB 31:7,COPY_OR_MERGE,Job.31.7
JOB 31:8,COPY_OR_MERGE,Job.31.8
JOB 31:9,COPY_OR_MERGE,Job.31.9
JOB 31:10,COPY_OR_MERGE,Job.31.10
JOB 31:11,COPY_OR_MERGE,Job.31.11
JOB 31:12,COPY_OR_MERGE,Job.31.12
JOB 31:13,COPY_OR_MERGE,Job.31.13
JOB 31:14,COPY_OR_MERGE,Job.31.14
JOB 31:15,COPY_OR_MERGE,Job.31.15
JOB 31:16,COPY_OR_MERGE,Job.31.16
JOB 31:17,COPY_OR_MERGE,Job.31.17
JOB 31:18,COPY_OR_MERGE,Job.31.18
JOB 31:19,COPY_OR_MERGE,Job.31.19
JOB 31:20,COPY_OR_MERGE,Job.31.20
JOB 31:21,COPY_OR_MERGE,Job.31.21
JOB 31:22,COPY_OR_MERGE,Job.31.22
JOB 31:23,COPY_OR_MERGE,Job.31.23
JOB 31:24,COPY_OR_MERGE,Job.31.24
JOB 31:25,COPY_OR_MERGE,Job.31.25
JOB 31:26,COPY_OR_MERGE,Job.31.26
JOB 31:27,COPY_OR_MERGE,Job.31.27
JOB 31:28,COPY_OR_MERGE,Job.31.28
JOB 31:29,COPY_OR_MERGE,Job.31.29
JOB 31:30,COPY_OR_MERGE,Job.31.30
JOB 31:31,COPY_OR_MERGE,Job.31.31
JOB 31:32,COPY_OR_MERGE,Job.31.32
JOB 31:33,COPY_OR_MERGE,Job.31.33
JOB 31:34,COPY_OR_MERGE,Job.31.34
JOB 31:35,COPY_OR_MERGE,Job.31.35
JOB 31:36,COPY_OR_MERGE,Job.31.36
JOB 31:37,COPY_OR_MERGE,Job.31.37
JOB 31:38,COPY_OR_MERGE,Job.31.38
JOB 31:39,COPY_OR_MERGE,Job.31.39
JOB 31:40,COPY_OR_MERGE,Job.31.40
JOB 32:1,COPY_OR_MERGE,Job.32.1
JOB 32:2,COPY_OR_MERGE,Job.32.2
JOB 32:3,COPY_OR_MERGE,Job.32.3
JOB 32:4,COPY_OR_MERGE,Job.32.4
JOB 32:5,COPY_OR_MERGE,Job.32.5
JOB 32:6,COPY_OR_MERGE,Job.32.6
JOB 32:7,COPY_OR_MERGE,Job.32.7
JOB 32:8,COPY_OR_MERGE,Job.32.8
JOB 32:9,COPY_OR_MERGE,Job.32.9
JOB 32:10,COPY_OR_MERGE,Job.32.10
JOB 32:11,COPY_OR_MERGE,Job.32.11
JOB 32:12,COPY_OR_MERGE,Job.32.12
JOB 32:13,COPY_OR_MERGE,Job.32.13
JOB 32:14,COPY_OR_MERGE,Job.32.14
JOB 32:15,COPY_OR_MERGE,Job.32.15
JOB 32:16,COPY_OR_MERGE,Job.32.16
JOB 32:17,COPY_OR_MERGE,Job.32.17
JOB 32:18,COPY_OR_MERGE,Job.32.18
JOB 32:19,COPY_OR_MERGE,Job.32.19
JOB 32:20,COPY_OR_MERGE,Job.32.20
JOB 32:21,COPY_OR_MERGE,Job.32.21
JOB 32:22,COPY_OR_MERGE,Job.32.22
JOB 33:1,COPY_OR_MERGE,Job.33.1
JOB 33:2,COPY_OR_MERGE,Job.33.2
JOB 33:3,COPY_OR_MERGE,Job.33.3
JOB 33:4,COPY_OR_MERGE,Job.33.4
JOB 33:5,COPY_OR_MERGE,Job.33.5
JOB 33:6,COPY_OR_MERGE,Job.33.6
JOB 33:7,COPY_OR_MERGE,Job.33.7
JOB 33:8,COPY_OR_MERGE,Job.33.8
JOB 33:9,COPY_OR_MERGE,Job.33.9
JOB 33:10,COPY_OR_MERGE,Job.33.10
JOB 33:11,COPY_OR_MERGE,Job.33.11
JOB 33:12,COPY_OR_MERGE,Job.33.12
JOB 33:13,COPY_OR_MERGE,Job.33.13
JOB 33:14,COPY_OR_MERGE,Job.33.14
JOB 33:15,COPY_OR_MERGE,Job.33.15
JOB 33:16,COPY_OR_MERGE,Job.33.16
JOB 33:17,COPY_OR_MERGE,Job.33.17
JOB 33:18,COPY_OR_MERGE,Job.33.18
JOB 33:19,COPY_OR_MERGE,Job.33.19
JOB 33:20,COPY_OR_MERGE,Job.33.20
JOB 33:21,COPY_OR_MERGE,Job.33.21
JOB 33:22,COPY_OR_MERGE,Job.33.22
JOB 33:23,COPY_OR_MERGE,Job.33.23
JOB 33:24,COPY_OR_MERGE,Job.33.24
JOB 33:25,COPY_OR_MERGE,Job.33.25
JOB 33:26,COPY_OR_MERGE,Job.33.26
JOB 33:27,COPY_OR_MERGE,Job.33.27
JOB 33:28,COPY_OR_MERGE,Job.33.28
JOB 33:29,COPY_OR_MERGE,Job.33.29
JOB 33:30,COPY_OR_MERGE,Job.33.30
JOB 33:31,COPY_OR_MERGE,Job.33.31
JOB 33:32,COPY_OR_MERGE,Job.33.32
JOB 33:33,COPY_OR_MERGE,Job.33.33
JOB 34:1,COPY_OR_MERGE,Job.34.1
JOB 34:2,COPY_OR_MERGE,Job.34.2
JOB 34:3,COPY_OR_MERGE,Job.34.3
JOB 34:4,COPY_OR_MERGE,Job.34.4
JOB 34:5,COPY_OR_MERGE,Job.34.5
JOB 34:6,COPY_OR_MERGE,Job.34.6
JOB 34:7,COPY_OR_MERGE,Job.34.7
JOB 34:8,COPY_OR_MERGE,Job.34.8
JOB 34:9,COPY_OR_MERGE,Job.34.9
JOB 34:10,COPY_OR_MERGE,Job.34.10
JOB 34:11,COPY_OR_MERGE,Job.34.11
JOB 34:12,COPY_OR_MERGE,Job.34.12
JOB 34:13,COPY_OR_MERGE,Job.34.13
JOB 34:14,COPY_OR_MERGE,Job.34.14
JOB 34:15,COPY_OR_MERGE,Job.34.15
JOB 34:16,COPY_OR_MERGE,Job.34.16
JOB 34:17,COPY_OR_MERGE,Job.34.17
JOB 34:18,COPY_OR_MERGE,Job.34.18
JOB 34:19,COPY_OR_MERGE,Job.34.19
JOB 34:20,COPY_OR_MERGE,Job.34.20
JOB 34:21,COPY_OR_MERGE,Job.34.21
JOB 34:22,COPY_OR_MERGE,Job.34.22
JOB 34:23,COPY_OR_MERGE,Job.34.23
JOB 34:24,COPY_OR_MERGE,Job.34.24
JOB 34:25,COPY_OR_MERGE,Job.34.25
JOB 34:26,COPY_OR_MERGE,Job.34.26
JOB 34:27,COPY_OR_MERGE,Job.34.27
JOB 34:28,COPY_OR_MERGE,Job.34.28
JOB 34:29,COPY_OR_MERGE,Job.34.29
JOB 34:30,COPY_OR_MERGE,Job.34.30
JOB 34:31,COPY_OR_MERGE,Job.34.31
JOB 34:32,COPY_OR_MERGE,Job.34.32
JOB 34:33,COPY_OR_MERGE,Job.34.33
JOB 34:34,COPY_OR_MERGE,Job.34.34
JOB 34:35,COPY_OR_MERGE,Job.34.35
JOB 34:36,COPY_OR_MERGE,Job.34.36
JOB 34:37,COPY_OR_MERGE,Job.34.37
JOB 35:1,COPY_OR_MERGE,Job.35.1
JOB 35:2,COPY_OR_MERGE,Job.35.2
JOB 35:3,COPY_OR_MERGE,Job.35.3
JOB 35:4,COPY_OR_MERGE,Job.35.4
JOB 35:5,COPY_OR_MERGE,Job.35.5
JOB 35:6,COPY_OR_MERGE,Job.35.6
JOB 35:7,COPY_OR_MERGE,Job.35.7
JOB 35:8,COPY_OR_MERGE,Job.35.8
JOB 35:9,COPY_OR_MERGE,Job.35.9
JOB 35:10,COPY_OR_MERGE,Job.35.10
JOB 35:11,COPY_OR_MERGE,Job.35.11
JOB 35:12,COPY_OR_MERGE,Job.35.12
JOB 35:13,COPY_OR_MERGE,Job.35.13
JOB 35:14,COPY_OR_MERGE,Job.35.14
JOB 35:15,COPY_OR_MERGE,Job.35.15
JOB 35:16,COPY_OR_MERGE,Job.35.16
JOB 36:1,COPY_OR_MERGE,Job.36.1
JOB 36:2,COPY_OR_MERGE,Job.36.2
JOB 36:3,COPY_OR_MERGE,Job.36.3
JOB 36:4,COPY_OR_MERGE,Job.36.4
JOB 36:5,COPY_OR_MERGE,Job.36.5
JOB 36:6,COPY_OR_MERGE,Job.36.6
JOB 36:7,COPY_OR_MERGE,Job.36.7
JOB 36:8,COPY_OR_MERGE,Job.36.8
JOB 36:9,COPY_OR_MERGE,Job.36.9
JOB 36:10,COPY_OR_MERGE,Job.36.10
JOB 36:11,COPY_OR_MERGE,Job.36.11
JOB 36:12,COPY_OR_MERGE,Job.36.12
JOB 36:13,COPY_OR_MERGE,Job.36.13
JOB 36:14,COPY_OR_MERGE,Job.36.14
JOB 36:15,COPY_OR_MERGE,Job.36.15
JOB 36:16,COPY_OR_MERGE,Job.36.16
JOB 36:17,COPY_OR_MERGE,Job.36.17
JOB 36:18,COPY_OR_MERGE,Job.36.18
JOB 36:19,COPY_OR_MERGE,Job.36.19
JOB 36:20,COPY_OR_MERGE,Job.36.20
JOB 36:21,COPY_OR_MERGE,Job.36.21
JOB 36:22,COPY_OR_MERGE,Job.36.22
JOB 36:23,COPY_OR_MERGE,Job.36.23
JOB 36:24,COPY_OR_MERGE,Job.36.24
JOB 36:25,COPY_OR_MERGE,Job.36.25
JOB 36:26,COPY_OR_MERGE,Job.36.26
JOB 36:27,COPY_OR_MERGE,Job.36.27
JOB 36:28,COPY_OR_MERGE,Job.36.28
JOB 36:29,COPY_OR_MERGE,Job.36.29
JOB 36:30,COPY_OR_MERGE,Job.36.30
JOB 36:31,COPY_OR_MERGE,Job.36.31
JOB 36:32,COPY_OR_MERGE,Job.36.32
JOB 36:33,COPY_OR_MERGE,Job.36.33
JOB 37:1,COPY_OR_MERGE,Job.37.1
JOB 37:2,COPY_OR_MERGE,Job.37.2
JOB 37:3,COPY_OR_MERGE,Job.37.3
JOB 37:4,COPY_OR_MERGE,Job.37.4
JOB 37:5,COPY_OR_MERGE,Job.37.5
JOB 37:6,COPY_OR_MERGE,Job.37.6
JOB 37:7,COPY_OR_MERGE,Job.37.7
JOB 37:8,COPY_OR_MERGE,Job.37.8
JOB 37:9,COPY_OR_MERGE,Job.37.9
JOB 37:10,COPY_OR_MERGE,Job.37.10
JOB 37:11,COPY_OR_MERGE,Job.37.11
JOB 37:12,COPY_OR_MERGE,Job.37.12
JOB 37:13,COPY_OR_MERGE,Job.37.13
JOB 37:14,COPY_OR_MERGE,Job.37.14
JOB 37:15,COPY_OR_MERGE,Job.37.15
JOB 37:16,COPY_OR_MERGE,Job.37.16
JOB 37:17,COPY_OR_MERGE,Job.37.17
JOB 37:18,COPY_OR_MERGE,Job.37.18
JOB 37:19,COPY_OR_MERGE,Job.37.19
JOB 37:20,COPY_OR_MERGE,Job.37.20
JOB 37:21,COPY_OR_MERGE,Job.37.21
JOB 37:22,COPY_OR_MERGE,Job.37.22
JOB 37:23,COPY_OR_MERGE,Job.37.23
JOB 37:24,COPY_OR_MERGE,Job.37.24
JOB 38:1,COPY_OR_MERGE,Job.38.1
JOB 38:2,COPY_OR_MERGE,Job.38.2
JOB 38:3,COPY_OR_MERGE,Job.38.3
JOB 38:4,COPY_OR_MERGE,Job.38.4
JOB 38:5,COPY_OR_MERGE,Job.38.5
JOB 38:6,COPY_OR_MERGE,Job.38.6
JOB 38:7,COPY_OR_MERGE,Job.38.7
JOB 38:8,COPY_OR_MERGE,Job.38.8
JOB 38:9,COPY_OR_MERGE,Job.38.9
JOB 38:10,COPY_OR_MERGE,Job.38.10
JOB 38:11,COPY_OR_MERGE,Job.38.11
JOB 38:12,COPY_OR_MERGE,Job.38.12
JOB 38:13,COPY_OR_MERGE,Job.38.13
JOB 38:14,COPY_OR_MERGE,Job.38.14
JOB 38:15,COPY_OR_MERGE,Job.38.15
JOB 38:16,COPY_OR_MERGE,Job.38.16
JOB 38:17,COPY_OR_MERGE,Job.38.17
JOB 38:18,COPY_OR_MERGE,Job.38.18
JOB 38:19,COPY_OR_MERGE,Job.38.19
JOB 38:20,COPY_OR_MERGE,Job.38.20
JOB 38:21,COPY_OR_MERGE,Job.38.21
JOB 38:22,COPY_OR_MERGE,Job.38.22
JOB 38:23,COPY_OR_MERGE,Job.38.23
JOB 38:24,COPY_OR_MERGE,Job.38.24
JOB 38:25,COPY_OR_MERGE,Job.38.25
JOB 38:26,COPY_OR_MERGE,Job.38.26
JOB 38:27,COPY_OR_MERGE,Job.38.27
JOB 38:28,COPY_OR_MERGE,Job.38.28
JOB 38:29,COPY_OR_MERGE,Job.38.29
JOB 38:30,COPY_OR_MERGE,Job.38.30
JOB 38:31,COPY_OR_MERGE,Job.38.31
JOB 38:32,COPY_OR_MERGE,Job.38.32
JOB 38:33,COPY_OR_MERGE,Job.38.33
JOB 38:34,COPY_OR_MERGE,Job.38.34
JOB 38:35,COPY_OR_MERGE,Job.38.35
JOB 38:36,COPY_OR_MERGE,Job.38.36
JOB 38:37,COPY_OR_MERGE,Job.38.37
JOB 38:38,COPY_OR_MERGE,Job.38.38
JOB 38:39,COPY_OR_MERGE,Job.38.39
JOB 38:40,COPY_OR_MERGE,Job.38.40
JOB 38:41,COPY_OR_MERGE,Job.38.41
JOB 39:1,COPY_OR_MERGE,Job.39.1
JOB 39:2,COPY_OR_MERGE,Job.39.2
JOB 39:3,COPY_OR_MERGE,Job.39.3
JOB 39:4,COPY_OR_MERGE,Job.39.4
JOB 39:5,COPY_OR_MERGE,Job.39.5
JOB 39:6,COPY_OR_MERGE,Job.39.6
JOB 39:7,COPY_OR_MERGE,Job.39.7
JOB 39:8,COPY_OR_MERGE,Job.39.8
JOB 39:9,COPY_OR_MERGE,Job.39.9
JOB 39:10,COPY_OR_MERGE,Job.39.10
JOB 39:11,COPY_OR_MERGE,Job.39.11
JOB 39:12,COPY_OR_MERGE,Job.39.12
JOB 39:13,COPY_OR_MERGE,Job.39.13
JOB 39:14,COPY_OR_MERGE,Job.39.14
JOB 39:15,COPY_OR_MERGE,Job.39.15
JOB 39:16,COPY_OR_MERGE,Job.39.16
JOB 39:17,COPY_OR_MERGE,Job.39.17
JOB 39:18,COPY_OR_MERGE,Job.39.18
JOB 39:19,COPY_OR_MERGE,Job.39.19
JOB 39:20,COPY_OR_MERGE,Job.39.20
JOB 39:21,COPY_OR_MERGE,Job.39.21
JOB 39:22,COPY_OR_MERGE,Job.39.22
JOB 39:23,COPY_OR_MERGE,Job.39.23
JOB 39:24,COPY_OR_MERGE,Job.39.24
JOB 39:25,COPY_OR_MERGE,Job.39.25
JOB 39:26,COPY_OR_MERGE,Job.39.26
JOB 39:27,COPY_OR_MERGE,Job.39.27
JOB 39:28,COPY_OR_MERGE,Job.39.28
JOB 39:29,COPY_OR_MERGE,Job.39.29
JOB 39:30,COPY_OR_MERGE,Job.39.30
JOB 40:1,COPY_OR_MERGE,Job.40.1
JOB 40:2,COPY_OR_MERGE,Job.40.2
JOB 40:3,COPY_OR_MERGE,Job.40.3
JOB 40:4,COPY_OR_MERGE,Job.40.4
JOB 40:5,COPY_OR_MERGE,Job.40.5
JOB 40:6,COPY_OR_MERGE,Job.40.6
JOB 40:7,COPY_OR_MERGE,Job.40.7
JOB 40:8,COPY_OR_MERGE,Job.40.8
JOB 40:9,COPY_OR_MERGE,Job.40.9
JOB 40:10,COPY_OR_MERGE,Job.40.10
JOB 40:11,COPY_OR_MERGE,Job.40.11
JOB 40:12,COPY_OR_MERGE,Job.40.12
JOB 40:13,COPY_OR_MERGE,Job.40.13
JOB 40:14,COPY_OR_MERGE,Job.40.14
JOB 40:15,COPY_OR_MERGE,Job.40.15
JOB 40:16,COPY_OR_MERGE,Job.40.16
JOB 40:17,COPY_OR_MERGE,Job.40.17
JOB 40:18,COPY_OR_MERGE,Job.40.18
JOB 40:19,COPY_OR_MERGE,Job.40.19
JOB 40:20,COPY_OR_MERGE,Job.40.20
JOB 40:21,COPY_OR_MERGE,Job.40.21
JOB 40:22,COPY_OR_MERGE,Job.40.22
JOB 40:23,COPY_OR_MERGE,Job.40.23
JOB 40:24,COPY_OR_MERGE,Job.40.24
JOB 41:1,COPY_OR_MERGE,Job.40.25
JOB 41:2,COPY_OR_MERGE,Job.40.26
JOB 41:3,COPY_OR_MERGE,Job.40.27
JOB 41:4,COPY_OR_MERGE,Job.40.28
JOB 41:5,COPY_OR_MERGE,Job.40.29
JOB 41:6,COPY_OR_MERGE,Job.40.30
JOB 41:7,COPY_OR_MERGE,Job.40.31
JOB 41:8,COPY_OR_MERGE,Job.40.32
JOB 41:9,COPY_OR_MERGE,Job.41.1
JOB 41:10,COPY_OR_MERGE,Job.41.2
JOB 41:11,COPY_OR_MERGE,Job.41.3
JOB 41:12,COPY_OR_MERGE,Job.41.4
JOB 41:13,COPY_OR_MERGE,Job.41.5
JOB 41:14,COPY_OR_MERGE,Job.41.6
JOB 41:15,COPY_OR_MERGE,Job.41.7
JOB 41:16,COPY_OR_MERGE,Job.41.8
JOB 41:17,COPY_OR_MERGE,Job.41.9
JOB 41:18,COPY_OR_MERGE,Job.41.10
JOB 41:19,COPY_OR_MERGE,Job.41.11
JOB 41:20,COPY_OR_MERGE,Job.41.12
JOB 41:21,COPY_OR_MERGE,Job.41.13
JOB 41:22,COPY_OR_MERGE,Job.41.14
JOB 41:23,COPY_OR_MERGE,Job.41.15
JOB 41:24,COPY_OR_MERGE,Job.41.16
JOB 41:25,COPY_OR_MERGE,Job.41.17
JOB 41:26,COPY_OR_MERGE,Job.41.18
JOB 41:27,COPY_OR_MERGE,Job.41.19
JOB 41:28,COPY_OR_MERGE,Job.41.20
JOB 41:29,COPY_OR_MERGE,Job.41.21
JOB 41:30,COPY_OR_MERGE,Job.41.22
JOB 41:31,COPY_OR_MERGE,Job.41.23
JOB 41:32,COPY_OR_MERGE,Job.41.24
JOB 41:33,COPY_OR_MERGE,Job.41.25
JOB 41:34,COPY_OR_MERGE,Job.41.26
JOB 42:1,COPY_OR_MERGE,Job.42.1
JOB 42:2,COPY_OR_MERGE,Job.42.2
JOB 42:3,COPY_OR_MERGE,Job.42.3
JOB 42:4,COPY_OR_MERGE,Job.42.4
JOB 42:5,COPY_OR_MERGE,Job.42.5
JOB 42:6,COPY_OR_MERGE,Job.42.6
JOB 42:7,COPY_OR_MERGE,Job.42.7
JOB 42:8,COPY_OR_MERGE,Job.42.8
JOB 42:9,COPY_OR_MERGE,Job.42.9
JOB 42:10,COPY_OR_MERGE,Job.42.10
JOB 42:11,COPY_OR_MERGE,Job.42.11
JOB 42:12,COPY_OR_MERGE,Job.42.12
JOB 42:13,COPY_OR_MERGE,Job.42.13
JOB 42:14,COPY_OR_MERGE,Job.42.14
JOB 42:15,COPY_OR_MERGE,Job.42.15
JOB 42:16,COPY_OR_MERGE,Job.42.16
JOB 42:17,COPY_OR_MERGE,Job.42.17
JOL 1:1,COPY_OR_MERGE,Joel.1.1
JOL 1:2,COPY_OR_MERGE,Joel.1.2
JOL 1:3,COPY_OR_MERGE,Joel.1.3
JOL 1:4,COPY_OR_MERGE,Joel.1.4
JOL 1:5,COPY_OR_MERGE,Joel.1.5
JOL 1:6,COPY_OR_MERGE,Joel.1.6
JOL 1:7,COPY_OR_MERGE,Joel.1.7
JOL 1:8,COPY_OR_MERGE,Joel.1.8
JOL 1:9,COPY_OR_MERGE,Joel.1.9
JOL 1:10,COPY_OR_MERGE,Joel.1.10
JOL 1:11,COPY_OR_MERGE,Joel.1.11
JOL 1:12,COPY_OR_MERGE,Joel.1.12
JOL 1:13,COPY_OR_MERGE,Joel.1.13
JOL 1:14,COPY_OR_MERGE,Joel.1.14
JOL 1:15,COPY_OR_MERGE,Joel.1.15
JOL 1:16,COPY_OR_MERGE,Joel.1.16
JOL 1:17,COPY_OR_MERGE,Joel.1.17
JOL 1:18,COPY_OR_MERGE,Joel.1.18
JOL 1:19,COPY_OR_MERGE,Joel.1.19
JOL 1:20,COPY_OR_MERGE,Joel.1.20
JOL 2:1,COPY_OR_MERGE,Joel.2.1
JOL 2:2,COPY_OR_MERGE,Joel.2.2
JOL 2:3,COPY_OR_MERGE,Joel.2.3
JOL 2:4,COPY_OR_MERGE,Joel.2.4
JOL 2:5,COPY_OR_MERGE,Joel.2.5
JOL 2:6,COPY_OR_MERGE,Joel.2.6
JOL 2:7,COPY_OR_MERGE,Joel.2.7
JOL 2:8,COPY_OR_MERGE,Joel.2.8
JOL 2:9,COPY_OR_MERGE,Joel.2.9
JOL 2:10,COPY_OR_MERGE,Joel.2.10
JOL 2:11,COPY_OR_MERGE,Joel.2.11
JOL 2:12,COPY_OR_MERGE,Joel.2.12
JOL 2:13,COPY_OR_MERGE,Joel.2.13
JOL 2:14,COPY_OR_MERGE,Joel.2.14
JOL 2:15,COPY_OR_MERGE,Joel.2.15
JOL 2:16,COPY_OR_MERGE,Joel.2.16
JOL 2:17,COPY_OR_MERGE,Joel.2.17
JOL 2:18,COPY_OR_MERGE,Joel.2.18
JOL 2:19,COPY_OR_MERGE,Joel.2.19
JOL 2:20,COPY_OR_MERGE,Joel.2.20
JOL 2:21,COPY_OR_MERGE,Joel.2.21
JOL 2:22,COPY_OR_MERGE,Joel.2.22
JOL 2:23,COPY_OR_MERGE,Joel.2.23
JOL 2:24,COPY_OR_MERGE,Joel.2.24
JOL 2:25,COPY_OR_MERGE,Joel.2.25
JOL 2:26,COPY_OR_MERGE,Joel.2.26
JOL 2:27,COPY_OR_MERGE,Joel.2.27
JOL 2:28,COPY_OR_MERGE,Joel.3.1
JOL 2:29,COPY_OR_MERGE,Joel.3.2
JOL 2:30,COPY_OR_MERGE,Joel.3.3
JOL 2:31,COPY_OR_MERGE,Joel.3.4
JOL 2:32,COPY_OR_MERGE,Joel.3.5
JOL 3:1,COPY_OR_MERGE,Joel.4.1
JOL 3:2,COPY_OR_MERGE,Joel.4.2
JOL 3:3,COPY_OR_MERGE,Joel.4.3
JOL 3:4,COPY_OR_MERGE,Joel.4.4
JOL 3:5,COPY_OR_MERGE,Joel.4.5
JOL 3:6,COPY_OR_MERGE,Joel.4.6
JOL 3:7,COPY_OR_MERGE,Joel.4.7
JOL 3:8,COPY_OR_MERGE,Joel.4.8
JOL 3:9,COPY_OR_MERGE,Joel.4.9
JOL 3:10,COPY_OR_MERGE,Joel.4.10
JOL 3:11,COPY_OR_MERGE,Joel.4.11
JOL 3:12,COPY_OR_MERGE,Joel.4.12
JOL 3:13,COPY_OR_MERGE,Joel.4.13
JOL 3:14,COPY_OR_MERGE,Joel.4.14
JOL 3:15,COPY_OR_MERGE,Joel.4.15
JOL 3:16,COPY_OR_MERGE,Joel.4.16
JOL 3:17,COPY_OR_MERGE,Joel.4.17
JOL 3:18,COPY_OR_MERGE,Joel.4.18
JOL 3:19,COPY_OR_MERGE,Joel.4.19
JOL 3:20,COPY_OR_MERGE,Joel.4.20
JOL 3:21,COPY_OR_MERGE,Joel.4.21
JON 1:1,COPY_OR_MERGE,Jonah.1.1
JON 1:2,COPY_OR_MERGE,Jonah.1.2
JON 1:3,COPY_OR_MERGE,Jonah.1.3
JON 1:4,COPY_OR_MERGE,Jonah.1.4
JON 1:5,COPY_OR_MERGE,Jonah.1.5
JON 1:6,COPY_OR_MERGE,Jonah.1.6
JON 1:7,COPY_OR_MERGE,Jonah.1.7
JON 1:8,COPY_OR_MERGE,Jonah.1.8
JON 1:9,COPY_OR_MERGE,Jonah.1.9
JON 1:10,COPY_OR_MERGE,Jonah.1.10
JON 1:11,COPY_OR_MERGE,Jonah.1.11
JON 1:12,COPY_OR_MERGE,Jonah.1.12
JON 1:13,COPY_OR_MERGE,Jonah.1.13
JON 1:14,COPY_OR_MERGE,Jonah.1.14
JON 1:15,COPY_OR_MERGE,Jonah.1.15
JON 1:16,COPY_OR_MERGE,Jonah.1.16
JON 1:17,COPY_OR_MERGE,Jonah.2.1
JON 2:1,COPY_OR_MERGE,Jonah.2.2
JON 2:2,COPY_OR_MERGE,Jonah.2.3
JON 2:3,COPY_OR_MERGE,Jonah.2.4
JON 2:4,COPY_OR_MERGE,Jonah.2.5
JON 2:5,COPY_OR_MERGE,Jonah.2.6
JON 2:6,COPY_OR_MERGE,Jonah.2.7
JON 2:7,COPY_OR_MERGE,Jonah.2.8
JON 2:8,COPY_OR_MERGE,Jonah.2.9
JON 2:9,COPY_OR_MERGE,Jonah.2.10
JON 2:10,COPY_OR_MERGE,Jonah.2.11
JON 3:1,COPY_OR_MERGE,Jonah.3.1
JON 3:2,COPY_OR_MERGE,Jonah.3.2
JON 3:3,COPY_OR_MERGE,Jonah.3.3
JON 3:4,COPY_OR_MERGE,Jonah.3.4
JON 3:5,COPY_OR_MERGE,Jonah.3.5
JON 3:6,COPY_OR_MERGE,Jonah.3.6
JON 3:7,COPY_OR_MERGE,Jonah.3.7
JON 3:8,COPY_OR_MERGE,Jonah.3.8
JON 3:9,COPY_OR_MERGE,Jonah.3.9
JON 3:10,COPY_OR_MERGE,Jonah.3.10
JON 4:1,COPY_OR_MERGE,Jonah.4.1
JON 4:2,COPY_OR_MERGE,Jonah.4.2
JON 4:3,COPY_OR_MERGE,Jonah.4.3
JON 4:4,COPY_OR_MERGE,Jonah.4.4
JON 4:5,COPY_OR_MERGE,Jonah.4.5
JON 4:6,COPY_OR_MERGE,Jonah.4.6
JON 4:7,COPY_OR_MERGE,Jonah.4.7
JON 4:8,COPY_OR_MERGE,Jonah.4.8
JON 4:9,COPY_OR_MERGE,Jonah.4.9
JON 4:10,COPY_OR_MERGE,Jonah.4.10
JON 4:11,COPY_OR_MERGE,Jonah.4.11
JOS 1:1,COPY_OR_MERGE,Josh.1.1
JOS 1:2,COPY_OR_MERGE,Josh.1.2
JOS 1:3,COPY_OR_MERGE,Josh.1.3
JOS 1:4,COPY_OR_MERGE,Josh.1.4
JOS 1:5,COPY_OR_MERGE,Josh.1.5
JOS 1:6,COPY_OR_MERGE,Josh.1.6
JOS 1:7,COPY_OR_MERGE,Josh.1.7
JOS 1:8,COPY_OR_MERGE,Josh.1.8
JOS 1:9,COPY_OR_MERGE,Josh.1.9
JOS 1:10,COPY_OR_MERGE,Josh.1.10
JOS 1:11,COPY_OR_MERGE,Josh.1.11
JOS 1:12,COPY_OR_MERGE,Josh.1.12
JOS 1:13,COPY_OR_MERGE,Josh.1.13
JOS 1:14,COPY_OR_MERGE,Josh.1.14
JOS 1:15,COPY_OR_MERGE,Josh.1.15
JOS 1:16,COPY_OR_MERGE,Josh.1.16
JOS 1:17,COPY_OR_MERGE,Josh.1.17
JOS 1:18,COPY_OR_MERGE,Josh.1.18
JOS 2:1,COPY_OR_MERGE,Josh.2.1
JOS 2:2,COPY_OR_MERGE,Josh.2.2
JOS 2:3,COPY_OR_MERGE,Josh.2.3
JOS 2:4,COPY_OR_MERGE,Josh.2.4
JOS 2:5,COPY_OR_MERGE,Josh.2.5
JOS 2:6,COPY_OR_MERGE,Josh.2.6
JOS 2:7,COPY_OR_MERGE,Josh.2.7
JOS 2:8,COPY_OR_MERGE,Josh.2.8
JOS 2:9,COPY_OR_MERGE,Josh.2.9
JOS 2:10,COPY_OR_MERGE,Josh.2.10
JOS 2:11,COPY_OR_MERGE,Josh.2.11
JOS 2:12,COPY_OR_MERGE,Josh.2.12
JOS 2:13,COPY_OR_MERGE,Josh.2.13
JOS 2:14,COPY_OR_MERGE,Josh.2.14
JOS 2:15,COPY_OR_MERGE,Josh.2.15
JOS 2:16,COPY_OR_MERGE,Josh.2.16
JOS 2:17,COPY_OR_MERGE,Josh.2.17
JOS 2:18,COPY_OR_MERGE,Josh.2.18
JOS 2:19,COPY_OR_MERGE,Josh.2.19
JOS 2:20,COPY_OR_MERGE,Josh.2.20
JOS 2:21,COPY_OR_MERGE,Josh.2.21
JOS 2:22,COPY_OR_MERGE,Josh.2.22
JOS 2:23,COPY_OR_MERGE,Josh.2.23
JOS 2:24,COPY_OR_MERGE,Josh.2.24
JOS 3:1,COPY_OR_MERGE,Josh.3.1
JOS 3:2,COPY_OR_MERGE,Josh.3.2
JOS 3:3,COPY_OR_MERGE,Josh.3.3
JOS 3:4,COPY_OR_MERGE,Josh.3.4
JOS 3:5,COPY_OR_MERGE,Josh.3.5
JOS 3:6,COPY_OR_MERGE,Josh.3.6
JOS 3:7,COPY_OR_MERGE,Josh.3.7
JOS 3:8,COPY_OR_MERGE,Josh.3.8
JOS 3:9,COPY_OR_MERGE,Josh.3.9
JOS 3:10,COPY_OR_MERGE,Josh.3.10
JOS 3:11,COPY_OR_MERGE,Josh.3.11
JOS 3:12,COPY_OR_MERGE,Josh.3.12
JOS 3:13,COPY_OR_MERGE,Josh.3.13
JOS 3:14,COPY_OR_MERGE,Josh.3.14
JOS 3:15,COPY_OR_MERGE,Josh.3.15
JOS 3:16,COPY_OR_MERGE,Josh.3.16
JOS 3:17,COPY_OR_MERGE,Josh.3.17
JOS 4:1,COPY_OR_MERGE,Josh.4.1
JOS 4:2,COPY_OR_MERGE,Josh.4.2
JOS 4:3,COPY_OR_MERGE,Josh.4.3
JOS 4:4,COPY_OR_MERGE,Josh.4.4
JOS 4:5,COPY_OR_MERGE,Josh.4.5
JOS 4:6,COPY_OR_MERGE,Josh.4.6
JOS 4:7,COPY_OR_MERGE,Josh.4.7
JOS 4:8,COPY_OR_MERGE,Josh.4.8
JOS 4:9,COPY_OR_MERGE,Josh.4.9
JOS 4:10,COPY_OR_MERGE,Josh.4.10
JOS 4:11,COPY_OR_MERGE,Josh.4.11
JOS 4:12,COPY_OR_MERGE,Josh.4.12
JOS 4:13,COPY_OR_MERGE,Josh.4.13
JOS 4:14,COPY_OR_MERGE,Josh.4.14
JOS 4:15,COPY_OR_MERGE,Josh.4.15
JOS 4:16,COPY_OR_MERGE,Josh.4.16
JOS 4:17,COPY_OR_MERGE,Josh.4.17
JOS 4:18,COPY_OR_MERGE,Josh.4.18
JOS 4:19,COPY_OR_MERGE,Josh.4.19
JOS 4:20,COPY_OR_MERGE,Josh.4.20
JOS 4:21,COPY_OR_MERGE,Josh.4.21
JOS 4:22,COPY_OR_MERGE,Josh.4.22
JOS 4:23,COPY_OR_MERGE,Josh.4.23
JOS 4:24,COPY_OR_MERGE,Josh.4.24
JOS 5:1,COPY_OR_MERGE,Josh.5.1
JOS 5:2,COPY_OR_MERGE,Josh.5.2
JOS 5:3,COPY_OR_MERGE,Josh.5.3
JOS 5:4,COPY_OR_MERGE,Josh.5.4
JOS 5:5,COPY_OR_MERGE,Josh.5.5
JOS 5:6,COPY_OR_MERGE,Josh.5.6
JOS 5:7,COPY_OR_MERGE,Josh.5.7
JOS 5:8,COPY_OR_MERGE,Josh.5.8
JOS 5:9,COPY_OR_MERGE,Josh.5.9
JOS 5:10,COPY_OR_MERGE,Josh.5.10
JOS 5:11,COPY_OR_MERGE,Josh.5.11
JOS 5:12,COPY_OR_MERGE,Josh.5.12
JOS 5:13,COPY_OR_MERGE,Josh.5.13
JOS 5:14,COPY_OR_MERGE,Josh.5.14
JOS 5:15,COPY_OR_MERGE,Josh.5.15
JOS 6:1,COPY_OR_MERGE,Josh.6.1
JOS 6:2,COPY_OR_MERGE,Josh.6.2
JOS 6:3,COPY_OR_MERGE,Josh.6.3
JOS 6:4,COPY_OR_MERGE,Josh.6.4
JOS 6:5,COPY_OR_MERGE,Josh.6.5
JOS 6:6,COPY_OR_MERGE,Josh.6.6
JOS 6:7,COPY_OR_MERGE,Josh.6.7
JOS 6:8,COPY_OR_MERGE,Josh.6.8
JOS 6:9,COPY_OR_MERGE,Josh.6.9
JOS 6:10,COPY_OR_MERGE,Josh.6.10
JOS 6:11,COPY_OR_MERGE,Josh.6.11
JOS 6:12,COPY_OR_MERGE,Josh.6.12
JOS 6:13,COPY_OR_MERGE,Josh.6.13
JOS 6:14,COPY_OR_MERGE,Josh.6.14
JOS 6:15,COPY_OR_MERGE,Josh.6.15
JOS 6:16,COPY_OR_MERGE,Josh.6.16
JOS 6:17,COPY_OR_MERGE,Josh.6.17
JOS 6:18,COPY_OR_MERGE,Josh.6.18
JOS 6:19,COPY_OR_MERGE,Josh.6.19
JOS 6:20,COPY_OR_MERGE,Josh.6.20
JOS 6:21,COPY_OR_MERGE,Josh.6.21
JOS 6:22,COPY_OR_MERGE,Josh.6.22
JOS 6:23,COPY_OR_MERGE,Josh.6.23
JOS 6:24,COPY_OR_MERGE,Josh.6.24
JOS 6:25,COPY_OR_MERGE,Josh.6.25
JOS 6:26,COPY_OR_MERGE,Josh.6.26
JOS 6:27,COPY_OR_MERGE,Josh.6.27
JOS 7:1,COPY_OR_MERGE,Josh.7.1
JOS 7:2,COPY_OR_MERGE,Josh.7.2
JOS 7:3,COPY_OR_MERGE,Josh.7.3
JOS 7:4,COPY_OR_MERGE,Josh.7.4
JOS 7:5,COPY_OR_MERGE,Josh.7.5
JOS 7:6,COPY_OR_MERGE,Josh.7.6
JOS 7:7,COPY_OR_MERGE,Josh.7.7
JOS 7:8,COPY_OR_MERGE,Josh.7.8
JOS 7:9,COPY_OR_MERGE,Josh.7.9
JOS 7:10,COPY_OR_MERGE,Josh.7.10
JOS 7:11,COPY_OR_MERGE,Josh.7.11
JOS 7:12,COPY_OR_MERGE,Josh.7.12
JOS 7:13,COPY_OR_MERGE,Josh.7.13
JOS 7:14,COPY_OR_MERGE,Josh.7.14
JOS 7:15,COPY_OR_MERGE,Josh.7.15
JOS 7:16,COPY_OR_MERGE,Josh.7.16
JOS 7:17,COPY_OR_MERGE,Josh.7.17
JOS 7:18,COPY_OR_MERGE,Josh.7.18
JOS 7:19,COPY_OR_MERGE,Josh.7.19
JOS 7:20,COPY_OR_MERGE,Josh.7.20
JOS 7:21,COPY_OR_MERGE,Josh.7.21
JOS 7:22,COPY_OR_MERGE,Josh.7.22
JOS 7:23,COPY_OR_MERGE,Josh.7.23
JOS 7:24,COPY_OR_MERGE,Josh.7.24
JOS 7:25,COPY_OR_MERGE,Josh.7.25
JOS 7:26,COPY_OR_MERGE,Josh.7.26
JOS 8:1,COPY_OR_MERGE,Josh.8.1
JOS 8:2,COPY_OR_MERGE,Josh.8.2
JOS 8:3,COPY_OR_MERGE,Josh.8.3
JOS 8:4,COPY_OR_MERGE,Josh.8.4
JOS 8:5,COPY_OR_MERGE,Josh.8.5
JOS 8:6,COPY_OR_MERGE,Josh.8.6
JOS 8:7,COPY_OR_MERGE,Josh.8.7
JOS 8:8,COPY_OR_MERGE,Josh.8.8
JOS 8:9,COPY_OR_MERGE,Josh.8.9
JOS 8:10,COPY_OR_MERGE,Josh.8.10
JOS 8:11,COPY_OR_MERGE,Josh.8.11
JOS 8:12,COPY_OR_MERGE,Josh.8.12
JOS 8:13,COPY_OR_MERGE,Josh.8.13
JOS 8:14,COPY_OR_MERGE,Josh.8.14
JOS 8:15,COPY_OR_MERGE,Josh.8.15
JOS 8:16,COPY_OR_MERGE,Josh.8.16
JOS 8:17,COPY_OR_MERGE,Josh.8.17
JOS 8:18,COPY_OR_MERGE,Josh.8.18
JOS 8:19,COPY_OR_MERGE,Josh.8.19
JOS 8:20,COPY_OR_MERGE,Josh.8.20
JOS 8:21,COPY_OR_MERGE,Josh.8.21
JOS 8:22,COPY_OR_MERGE,Josh.8.22
JOS 8:23,COPY_OR_MERGE,Josh.8.23
JOS 8:24,COPY_OR_MERGE,Josh.8.24
JOS 8:25,COPY_OR_MERGE,Josh.8.25
JOS 8:26,COPY_OR_MERGE,Josh.8.26
JOS 8:27,COPY_OR_MERGE,Josh.8.27
JOS 8:28,COPY_OR_MERGE,Josh.8.28
JOS 8:29,COPY_OR_MERGE,Josh.8.29
JOS 8:30,COPY_OR_MERGE,Josh.8.30
JOS 8:31,COPY_OR_MERGE,Josh.8.31
JOS 8:32,COPY_OR_MERGE,Josh.8.32
JOS 8:33,COPY_OR_MERGE,Josh.8.33
JOS 8:34,COPY_OR_MERGE,Josh.8.34
JOS 8:35,COPY_OR_MERGE,Josh.8.35
JOS 9:1,COPY_OR_MERGE,Josh.9.1
JOS 9:2,COPY_OR_MERGE,Josh.9.2
JOS 9:3,COPY_OR_MERGE,Josh.9.3
JOS 9:4,COPY_OR_MERGE,Josh.9.4
JOS 9:5,COPY_OR_MERGE,Josh.9.5
JOS 9:6,COPY_OR_MERGE,Josh.9.6
JOS 9:7,COPY_OR_MERGE,Josh.9.7
JOS 9:8,COPY_OR_MERGE,Josh.9.8
JOS 9:9,COPY_OR_MERGE,Josh.9.9
JOS 9:10,COPY_OR_MERGE,Josh.9.10
JOS 9:11,COPY_OR_MERGE,Josh.9.11
JOS 9:12,COPY_OR_MERGE,Josh.9.12
JOS 9:13,COPY_OR_MERGE,Josh.9.13
JOS 9:14,COPY_OR_MERGE,Josh.9.14
JOS 9:15,COPY_OR_MERGE,Josh.9.15
JOS 9:16,COPY_OR_MERGE,Josh.9.16
JOS 9:17,COPY_OR_MERGE,Josh.9.17
JOS 9:18,COPY_OR_MERGE,Josh.9.18
JOS 9:19,COPY_OR_MERGE,Josh.9.19
JOS 9:20,COPY_OR_MERGE,Josh.9.20
JOS 9:21,COPY_OR_MERGE,Josh.9.21
JOS 9:22,COPY_OR_MERGE,Josh.9.22
JOS 9:23,COPY_OR_MERGE,Josh.9.23
JOS 9:24,COPY_OR_MERGE,Josh.9.24
JOS 9:25,COPY_OR_MERGE,Josh.9.25
JOS 9:26,COPY_OR_MERGE,Josh.9.26
JOS 9:27,COPY_OR_MERGE,Josh.9.27
JOS 10:1,COPY_OR_MERGE,Josh.10.1
JOS 10:2,COPY_OR_MERGE,Josh.10.2
JOS 10:3,COPY_OR_MERGE,Josh.10.3
JOS 10:4,COPY_OR_MERGE,Josh.10.4
JOS 10:5,COPY_OR_MERGE,Josh.10.5
JOS 10:6,COPY_OR_MERGE,Josh.10.6
JOS 10:7,COPY_OR_MERGE,Josh.10.7
JOS 10:8,COPY_OR_MERGE,Josh.10.8
JOS 10:9,COPY_OR_MERGE,Josh.10.9
JOS 10:10,COPY_OR_MERGE,Josh.10.10
JOS 10:11,COPY_OR_MERGE,Josh.10.11
JOS 10:12,COPY_OR_MERGE,Josh.10.12
JOS 10:13,COPY_OR_MERGE,Josh.10.13
JOS 10:14,COPY_OR_MERGE,Josh.10.14
JOS 10:15,COPY_OR_MERGE,Josh.10.15
JOS 10:16,COPY_OR_MERGE,Josh.10.16
JOS 10:17,COPY_OR_MERGE,Josh.10.17
JOS 10:18,COPY_OR_MERGE,Josh.10.18
JOS 10:19,COPY_OR_MERGE,Josh.10.19
JOS 10:20,COPY_OR_MERGE,Josh.10.20
JOS 10:21,COPY_OR_MERGE,Josh.10.21
JOS 10:22,COPY_OR_MERGE,Josh.10.22
JOS 10:23,COPY_OR_MERGE,Josh.10.23
JOS 10:24,COPY_OR_MERGE,Josh.10.24
JOS 10:25,COPY_OR_MERGE,Josh.10.25
JOS 10:26,COPY_OR_MERGE,Josh.10.26
JOS 10:27,COPY_OR_MERGE,Josh.10.27
JOS 10:28,COPY_OR_MERGE,Josh.10.28
JOS 10:29,COPY_OR_MERGE,Josh.10.29
JOS 10:30,COPY_OR_MERGE,Josh.10.30
JOS 10:31,COPY_OR_MERGE,Josh.10.31
JOS 10:32,COPY_OR_MERGE,Josh.10.32
JOS 10:33,COPY_OR_MERGE,Josh.10.33
JOS 10:34,COPY_OR_MERGE,Josh.10.34
JOS 10:35,COPY_OR_MERGE,Josh.10.35
JOS 10:36,COPY_OR_MERGE,Josh.10.36
JOS 10:37,COPY_OR_MERGE,Josh.10.37
JOS 10:38,COPY_OR_MERGE,Josh.10.38
JOS 10:39,COPY_OR_MERGE,Josh.10.39
JOS 10:40,COPY_OR_MERGE,Josh.10.40
JOS 10:41,COPY_OR_MERGE,Josh.10.41
JOS 10:42,COPY_OR_MERGE,Josh.10.42
JOS 10:43,COPY_OR_MERGE,Josh.10.43
JOS 11:1,COPY_OR_MERGE,Josh.11.1
JOS 11:2,COPY_OR_MERGE,Josh.11.2
JOS 11:3,COPY_OR_MERGE,Josh.11.3
JOS 11:4,COPY_OR_MERGE,Josh.11.4
JOS 11:5,COPY_OR_MERGE,Josh.11.5
JOS 11:6,COPY_OR_MERGE,Josh.11.6
JOS 11:7,COPY_OR_MERGE,Josh.11.7
JOS 11:8,COPY_OR_MERGE,Josh.11.8
JOS 11:9,COPY_OR_MERGE,Josh.11.9
JOS 11:10,COPY_OR_MERGE,Josh.11.10
JOS 11:11,COPY_OR_MERGE,Josh.11.11
JOS 11:12,COPY_OR_MERGE,Josh.11.12
JOS 11:13,COPY_OR_MERGE,Josh.11.13
JOS 11:14,COPY_OR_MERGE,Josh.11.14
JOS 11:15,COPY_OR_MERGE,Josh.11.15
JOS 11:16,COPY_OR_MERGE,Josh.11.16
JOS 11:17,COPY_OR_MERGE,Josh.11.17
JOS 11:18,COPY_OR_MERGE,Josh.11.18
JOS 11:19,COPY_OR_MERGE,Josh.11.19
JOS 11:20,COPY_OR_MERGE,Josh.11.20
JOS 11:21,COPY_OR_MERGE,Josh.11.21
JOS 11:22,COPY_OR_MERGE,Josh.11.22
JOS 11:23,COPY_OR_MERGE,Josh.11.23
JOS 12:1,COPY_OR_MERGE,Josh.12.1
JOS 12:2,COPY_OR_MERGE,Josh.12.2
JOS 12:3,COPY_OR_MERGE,Josh.12.3
JOS 12:4,COPY_OR_MERGE,Josh.12.4
JOS 12:5,COPY_OR_MERGE,Josh.12.5
JOS 12:6,COPY_OR_MERGE,Josh.12.6
JOS 12:7,COPY_OR_MERGE,Josh.12.7
JOS 12:8,COPY_OR_MERGE,Josh.12.8
JOS 12:9,COPY_OR_MERGE,Josh.12.9
JOS 12:10,COPY_OR_MERGE,Josh.12.10
JOS 12:11,COPY_OR_MERGE,Josh.12.11
JOS 12:12,COPY_OR_MERGE,Josh.12.12
JOS 12:13,COPY_OR_MERGE,Josh.12.13
JOS 12:14,COPY_OR_MERGE,Josh.12.14
JOS 12:15,COPY_OR_MERGE,Josh.12.15
JOS 12:16,COPY_OR_MERGE,Josh.12.16
JOS 12:17,COPY_OR_MERGE,Josh.12.17
JOS 12:18,COPY_OR_MERGE,Josh.12.18
JOS 12:19,COPY_OR_MERGE,Josh.12.19
JOS 12:20,COPY_OR_MERGE,Josh.12.20
JOS 12:21,COPY_OR_MERGE,Josh.12.21
JOS 12:22,COPY_OR_MERGE,Josh.12.22
JOS 12:23,COPY_OR_MERGE,Josh.12.23
JOS 12:24,COPY_OR_MERGE,Josh.12.24
JOS 13:1,COPY_OR_MERGE,Josh.13.1
JOS 13:2,COPY_OR_MERGE,Josh.13.2
JOS 13:3,COPY_OR_MERGE,Josh.13.3
JOS 13:4,COPY_OR_MERGE,Josh.13.4
JOS 13:5,COPY_OR_MERGE,Josh.13.5
JOS 13:6,COPY_OR_MERGE,Josh.13.6
JOS 13:7,COPY_OR_MERGE,Josh.13.7
JOS 13:8,COPY_OR_MERGE,Josh.13.8
JOS 13:9,COPY_OR_MERGE,Josh.13.9
JOS 13:10,COPY_OR_MERGE,Josh.13.10
JOS 13:11,COPY_OR_MERGE,Josh.13.11
JOS 13:12,COPY_OR_MERGE,Josh.13.12
JOS 13:13,COPY_OR_MERGE,Josh.13.13
JOS 13:14,COPY_OR_MERGE,Josh.13.14
JOS 13:15,COPY_OR_MERGE,Josh.13.15
JOS 13:16,COPY_OR_MERGE,Josh.13.16
JOS 13:17,COPY_OR_MERGE,Josh.13.17
JOS 13:18,COPY_OR_MERGE,Josh.13.18
JOS 13:19,COPY_OR_MERGE,Josh.13.19
JOS 13:20,COPY_OR_MERGE,Josh.13.20
JOS 13:21,COPY_OR_MERGE,Josh.13.21
JOS 13:22,COPY_OR_MERGE,Josh.13.22
JOS 13:23,COPY_OR_MERGE,Josh.13.23
JOS 13:24,COPY_OR_MERGE,Josh.13.24
JOS 13:25,COPY_OR_MERGE,Josh.13.25
JOS 13:26,COPY_OR_MERGE,Josh.13.26
JOS 13:27,COPY_OR_MERGE,Josh.13.27
JOS 13:28,COPY_OR_MERGE,Josh.13.28
JOS 13:29,COPY_OR_MERGE,Josh.13.29
JOS 13:30,COPY_OR_MERGE,Josh.13.30
JOS 13:31,COPY_OR_MERGE,Josh.13.31
JOS 13:32,COPY_OR_MERGE,Josh.13.32
JOS 13:33,COPY_OR_MERGE,Josh.13.33
JOS 14:1,COPY_OR_MERGE,Josh.14.1
JOS 14:2,COPY_OR_MERGE,Josh.14.2
JOS 14:3,COPY_OR_MERGE,Josh.14.3
JOS 14:4,COPY_OR_MERGE,Josh.14.4
JOS 14:5,COPY_OR_MERGE,Josh.14.5
JOS 14:6,COPY_OR_MERGE,Josh.14.6
JOS 14:7,COPY_OR_MERGE,Josh.14.7
JOS 14:8,COPY_OR_MERGE,Josh.14.8
JOS 14:9,COPY_OR_MERGE,Josh.14.9
JOS 14:10,COPY_OR_MERGE,Josh.14.10
JOS 14:11,COPY_OR_MERGE,Josh.14.11
JOS 14:12,COPY_OR_MERGE,Josh.14.12
JOS 14:13,COPY_OR_MERGE,Josh.14.13
JOS 14:14,COPY_OR_MERGE,Josh.14.14
JOS 14:15,COPY_OR_MERGE,Josh.14.15
JOS 15:1,COPY_OR_MERGE,Josh.15.1
JOS 15:2,COPY_OR_MERGE,Josh.15.2
JOS 15:3,COPY_OR_MERGE,Josh.15.3
JOS 15:4,COPY_OR_MERGE,Josh.15.4
JOS 15:5,COPY_OR_MERGE,Josh.15.5
JOS 15:6,COPY_OR_MERGE,Josh.15.6
JOS 15:7,COPY_OR_MERGE,Josh.15.7
JOS 15:8,COPY_OR_MERGE,Josh.15.8
JOS 15:9,COPY_OR_MERGE,Josh.15.9
JOS 15:10,COPY_OR_MERGE,Josh.15.10
JOS 15:11,COPY_OR_MERGE,Josh.15.11
JOS 15:12,COPY_OR_MERGE,Josh.15.12
JOS 15:13,COPY_OR_MERGE,Josh.15.13
JOS 15:14,COPY_OR_MERGE,Josh.15.14
JOS 15:15,COPY_OR_MERGE,Josh.15.15
JOS 15:16,COPY_OR_MERGE,Josh.15.16
JOS 15:17,COPY_OR_MERGE,Josh.15.17
JOS 15:18,COPY_OR_MERGE,Josh.15.18
JOS 15:19,COPY_OR_MERGE,Josh.15.19
JOS 15:20,COPY_OR_MERGE,Josh.15.20
JOS 15:21,COPY_OR_MERGE,Josh.15.21
JOS 15:22,COPY_OR_MERGE,Josh.15.22
JOS 15:23,COPY_OR_MERGE,Josh.15.23
JOS 15:24,COPY_OR_MERGE,Josh.15.24
JOS 15:25,COPY_OR_MERGE,Josh.15.25
JOS 15:26,COPY_OR_MERGE,Josh.15.26
JOS 15:27,COPY_OR_MERGE,Josh.15.27
JOS 15:28,COPY_OR_MERGE,Josh.15.28
JOS 15:29,COPY_OR_MERGE,Josh.15.29
JOS 15:30,COPY_OR_MERGE,Josh.15.30
JOS 15:31,COPY_OR_MERGE,Josh.15.31
JOS 15:32,COPY_OR_MERGE,Josh.15.32
JOS 15:33,COPY_OR_MERGE,Josh.15.33
JOS 15:34,COPY_OR_MERGE,Josh.15.34
JOS 15:35,COPY_OR_MERGE,Josh.15.35
JOS 15:36,COPY_OR_MERGE,Josh.15.36
JOS 15:37,COPY_OR_MERGE,Josh.15.37
JOS 15:38,COPY_OR_MERGE,Josh.15.38
JOS 15:39,COPY_OR_MERGE,Josh.15.39
JOS 15:40,COPY_OR_MERGE,Josh.15.40
JOS 15:41,COPY_OR_MERGE,Josh.15.41
JOS 15:42,COPY_OR_MERGE,Josh.15.42
JOS 15:43,COPY_OR_MERGE,Josh.15.43
JOS 15:44,COPY_OR_MERGE,Josh.15.44
JOS 15:45,COPY_OR_MERGE,Josh.15.45
JOS 15:46,COPY_OR_MERGE,Josh.15.46
JOS 15:47,COPY_OR_MERGE,Josh.15.47
JOS 15:48,COPY_OR_MERGE,Josh.15.48
JOS 15:49,COPY_OR_MERGE,Josh.15.49
JOS 15:50,COPY_OR_MERGE,Josh.15.50
JOS 15:51,COPY_OR_MERGE,Josh.15.51
JOS 15:52,COPY_OR_MERGE,Josh.15.52
JOS 15:53,COPY_OR_MERGE,Josh.15.53
JOS 15:54,COPY_OR_MERGE,Josh.15.54
JOS 15:55,COPY_OR_MERGE,Josh.15.55
JOS 15:56,COPY_OR_MERGE,Josh.15.56
JOS 15:57,COPY_OR_MERGE,Josh.15.57
JOS 15:58,COPY_OR_MERGE,Josh.15.58
JOS 15:59,COPY_OR_MERGE,Josh.15.59
JOS 15:60,COPY_OR_MERGE,Josh.15.60
JOS 15:61,COPY_OR_MERGE,Josh.15.61
JOS 15:62,COPY_OR_MERGE,Josh.15.62
JOS 15:63,COPY_OR_MERGE,Josh.15.63
JOS 16:1,COPY_OR_MERGE,Josh.16.1
JOS 16:2,COPY_OR_MERGE,Josh.16.2
JOS 16:3,COPY_OR_MERGE,Josh.16.3
JOS 16:4,COPY_OR_MERGE,Josh.16.4
JOS 16:5,COPY_OR_MERGE,Josh.16.5
JOS 16:6,COPY_OR_MERGE,Josh.16.6
JOS 16:7,COPY_OR_MERGE,Josh.16.7
JOS 16:8,COPY_OR_MERGE,Josh.16.8
JOS 16:9,COPY_OR_MERGE,Josh.16.9
JOS 16:10,COPY_OR_MERGE,Josh.16.10
JOS 17:1,COPY_OR_MERGE,Josh.17.1
JOS 17:2,COPY_OR_MERGE,Josh.17.2
JOS 17:3,COPY_OR_MERGE,Josh.17.3
JOS 17:4,COPY_OR_MERGE,Josh.17.4
JOS 17:5,COPY_OR_MERGE,Josh.17.5
JOS 17:6,COPY_OR_MERGE,Josh.17.6
JOS 17:7,COPY_OR_MERGE,Josh.17.7
JOS 17:8,COPY_OR_MERGE,Josh.17.8
JOS 17:9,COPY_OR_MERGE,Josh.17.9
JOS 17:10,COPY_OR_MERGE,Josh.17.10
JOS 17:11,COPY_OR_MERGE,Josh.17.11
JOS 17:12,COPY_OR_MERGE,Josh.17.12
JOS 17:13,COPY_OR_MERGE,Josh.17.13
JOS 17:14,COPY_OR_MERGE,Josh.17.14
JOS 17:15,COPY_OR_MERGE,Josh.17.15
JOS 17:16,COPY_OR_MERGE,Josh.17.16
JOS 17:17,COPY_OR_MERGE,Josh.17.17
JOS 17:18,COPY_OR_MERGE,Josh.17.18
JOS 18:1,COPY_OR_MERGE,Josh.18.1
JOS 18:2,COPY_OR_MERGE,Josh.18.2
JOS 18:3,COPY_OR_MERGE,Josh.18.3
JOS 18:4,COPY_OR_MERGE,Josh.18.4
JOS 18:5,COPY_OR_MERGE,Josh.18.5
JOS 18:6,COPY_OR_MERGE,Josh.18.6
JOS 18:7,COPY_OR_MERGE,Josh.18.7
JOS 18:8,COPY_OR_MERGE,Josh.18.8
JOS 18:9,COPY_OR_MERGE,Josh.18.9
JOS 18:10,COPY_OR_MERGE,Josh.18.10
JOS 18:11,COPY_OR_MERGE,Josh.18.11
JOS 18:12,COPY_OR_MERGE,Josh.18.12
JOS 18:13,COPY_OR_MERGE,Josh.18.13
JOS 18:14,COPY_OR_MERGE,Josh.18.14
JOS 18:15,COPY_OR_MERGE,Josh.18.15
JOS 18:16,COPY_OR_MERGE,Josh.18.16
JOS 18:17,COPY_OR_MERGE,Josh.18.17
JOS 18:18,COPY_OR_MERGE,Josh.18.18
JOS 18:19,COPY_OR_MERGE,Josh.18.19
JOS 18:20,COPY_OR_MERGE,Josh.18.20
JOS 18:21,COPY_OR_MERGE,Josh.18.21
JOS 18:22,COPY_OR_MERGE,Josh.18.22
JOS 18:23,COPY_OR_MERGE,Josh.18.23
JOS 18:24,COPY_OR_MERGE,Josh.18.24
JOS 18:25,COPY_OR_MERGE,Josh.18.25
JOS 18:26,COPY_OR_MERGE,Josh.18.26
JOS 18:27,COPY_OR_MERGE,Josh.18.27
JOS 18:28,COPY_OR_MERGE,Josh.18.28
JOS 19:1,COPY_OR_MERGE,Josh.19.1
JOS 19:2,COPY_OR_MERGE,Josh.19.2
JOS 19:3,COPY_OR_MERGE,Josh.19.3
JOS 19:4,COPY_OR_MERGE,Josh.19.4
JOS 19:5,COPY_OR_MERGE,Josh.19.5
JOS 19:6,COPY_OR_MERGE,Josh.19.6
JOS 19:7,COPY_OR_MERGE,Josh.19.7
JOS 19:8,COPY_OR_MERGE,Josh.19.8
JOS 19:9,COPY_OR_MERGE,Josh.19.9
JOS 19:10,COPY_OR_MERGE,Josh.19.10
JOS 19:11,COPY_OR_MERGE,Josh.19.11
JOS 19:12,COPY_OR_MERGE,Josh.19.12
JOS 19:13,COPY_OR_MERGE,Josh.19.13
JOS 19:14,COPY_OR_MERGE,Josh.19.14
JOS 19:15,COPY_OR_MERGE,Josh.19.15
JOS 19:16,COPY_OR_MERGE,Josh.19.16
JOS 19:17,COPY_OR_MERGE,Josh.19.17
JOS 19:18,COPY_OR_MERGE,Josh.19.18
JOS 19:19,COPY_OR_MERGE,Josh.19.19
JOS 19:20,COPY_OR_MERGE,Josh.19.20
JOS 19:21,COPY_OR_MERGE,Josh.19.21
JOS 19:22,COPY_OR_MERGE,Josh.19.22
JOS 19:23,COPY_OR_MERGE,Josh.19.23
JOS 19:24,COPY_OR_MERGE,Josh.19.24
JOS 19:25,COPY_OR_MERGE,Josh.19.25
JOS 19:26,COPY_OR_MERGE,Josh.19.26
JOS 19:27,COPY_OR_MERGE,Josh.19.27
JOS 19:28,COPY_OR_MERGE,Josh.19.28
JOS 19:29,COPY_OR_MERGE,Josh.19.29
JOS 19:30,COPY_OR_MERGE,Josh.19.30
JOS 19:31,COPY_OR_MERGE,Josh.19.31
JOS 19:32,COPY_OR_MERGE,Josh.19.32
JOS 19:33,COPY_OR_MERGE,Josh.19.33
JOS 19:34,COPY_OR_MERGE,Josh.19.34
JOS 19:35,COPY_OR_MERGE,Josh.19.35
JOS 19:36,COPY_OR_MERGE,Josh.19.36
JOS 19:37,COPY_OR_MERGE,Josh.19.37
JOS 19:38,COPY_OR_MERGE,Josh.19.38
JOS 19:39,COPY_OR_MERGE,Josh.19.39
JOS 19:40,COPY_OR_MERGE,Josh.19.40
JOS 19:41,COPY_OR_MERGE,Josh.19.41
JOS 19:42,COPY_OR_MERGE,Josh.19.42
JOS 19:43,COPY_OR_MERGE,Josh.19.43
JOS 19:44,COPY_OR_MERGE,Josh.19.44
JOS 19:45,COPY_OR_MERGE,Josh.19.45
JOS 19:46,COPY_OR_MERGE,Josh.19.46
JOS 19:47,COPY_OR_MERGE,Josh.19.47
JOS 19:48,COPY_OR_MERGE,Josh.19.48
JOS 19:49,COPY_OR_MERGE,Josh.19.49
JOS 19:50,COPY_OR_MERGE,Josh.19.50
JOS 19:51,COPY_OR_MERGE,Josh.19.51
JOS 20:1,COPY_OR_MERGE,Josh.20.1
JOS 20:2,COPY_OR_MERGE,Josh.20.2
JOS 20:3,COPY_OR_MERGE,Josh.20.3
JOS 20:4,COPY_OR_MERGE,Josh.20.4
JOS 20:5,COPY_OR_MERGE,Josh.20.5
JOS 20:6,COPY_OR_MERGE,Josh.20.6
JOS 20:7,COPY_OR_MERGE,Josh.20.7
JOS 20:8,COPY_OR_MERGE,Josh.20.8
JOS 20:9,COPY_OR_MERGE,Josh.20.9
JOS 21:1,COPY_OR_MERGE,Josh.21.1
JOS 21:2,COPY_OR_MERGE,Josh.21.2
JOS 21:3,COPY_OR_MERGE,Josh.21.3
JOS 21:4,COPY_OR_MERGE,Josh.21.4
JOS 21:5,COPY_OR_MERGE,Josh.21.5
JOS 21:6,COPY_OR_MERGE,Josh.21.6
JOS 21:7,COPY_OR_MERGE,Josh.21.7
JOS 21:8,COPY_OR_MERGE,Josh.21.8
JOS 21:9,COPY_OR_MERGE,Josh.21.9
JOS 21:10,COPY_OR_MERGE,Josh.21.10
JOS 21:11,COPY_OR_MERGE,Josh.21.11
JOS 21:12,COPY_OR_MERGE,Josh.21.12
JOS 21:13,COPY_OR_MERGE,Josh.21.13
JOS 21:14,COPY_OR_MERGE,Josh.21.14
JOS 21:15,COPY_OR_MERGE,Josh.21.15
JOS 21:16,COPY_OR_MERGE,Josh.21.16
JOS 21:17,COPY_OR_MERGE,Josh.21.17
JOS 21:18,COPY_OR_MERGE,Josh.21.18
JOS 21:19,COPY_OR_MERGE,Josh.21.19
JOS 21:20,COPY_OR_MERGE,Josh.21.20
JOS 21:21,COPY_OR_MERGE,Josh.21.21
JOS 21:22,COPY_OR_MERGE,Josh.21.22
JOS 21:23,COPY_OR_MERGE,Josh.21.23
JOS 21:24,COPY_OR_MERGE,Josh.21.24
JOS 21:25,COPY_OR_MERGE,Josh.21.25
JOS 21:26,COPY_OR_MERGE,Josh.21.26
JOS 21:27,COPY_OR_MERGE,Josh.21.27
JOS 21:28,COPY_OR_MERGE,Josh.21.28
JOS 21:29,COPY_OR_MERGE,Josh.21.29
JOS 21:30,COPY_OR_MERGE,Josh.21.30
JOS 21:31,COPY_OR_MERGE,Josh.21.31
JOS 21:32,COPY_OR_MERGE,Josh.21.32
JOS 21:33,COPY_OR_MERGE,Josh.21.33
JOS 21:34,COPY_OR_MERGE,Josh.21.34
JOS 21:35,COPY_OR_MERGE,Josh.21.35
JOS 21:36,COPY_OR_MERGE,Josh.21.36
JOS 21:37,COPY_OR_MERGE,Josh.21.37
JOS 21:38,COPY_OR_MERGE,Josh.21.38
JOS 21:39,COPY_OR_MERGE,Josh.21.39
JOS 21:40,COPY_OR_MERGE,Josh.21.40
JOS 21:41,COPY_OR_MERGE,Josh.21.41
JOS 21:42,COPY_OR_MERGE,Josh.21.42
JOS 21:43,COPY_OR_MERGE,Josh.21.43
JOS 21:44,COPY_OR_MERGE,Josh.21.44
JOS 21:45,COPY_OR_MERGE,Josh.21.45
JOS 22:1,COPY_OR_MERGE,Josh.22.1
JOS 22:2,COPY_OR_MERGE,Josh.22.2
JOS 22:3,COPY_OR_MERGE,Josh.22.3
JOS 22:4,COPY_OR_MERGE,Josh.22.4
JOS 22:5,COPY_OR_MERGE,Josh.22.5
JOS 22:6,COPY_OR_MERGE,Josh.22.6
JOS 22:7,COPY_OR_MERGE,Josh.22.7
JOS 22:8,COPY_OR_MERGE,Josh.22.8
JOS 22:9,COPY_OR_MERGE,Josh.22.9
JOS 22:10,COPY_OR_MERGE,Josh.22.10
JOS 22:11,COPY_OR_MERGE,Josh.22.11
JOS 22:12,COPY_OR_MERGE,Josh.22.12
JOS 22:13,COPY_OR_MERGE,Josh.22.13
JOS 22:14,COPY_OR_MERGE,Josh.22.14
JOS 22:15,COPY_OR_MERGE,Josh.22.15
JOS 22:16,COPY_OR_MERGE,Josh.22.16
JOS 22:17,COPY_OR_MERGE,Josh.22.17
JOS 22:18,COPY_OR_MERGE,Josh.22.18
JOS 22:19,COPY_OR_MERGE,Josh.22.19
JOS 22:20,COPY_OR_MERGE,Josh.22.20
JOS 22:21,COPY_OR_MERGE,Josh.22.21
JOS 22:22,COPY_OR_MERGE,Josh.22.22
JOS 22:23,COPY_OR_MERGE,Josh.22.23
JOS 22:24,COPY_OR_MERGE,Josh.22.24
JOS 22:25,COPY_OR_MERGE,Josh.22.25
JOS 22:26,COPY_OR_MERGE,Josh.22.26
JOS 22:27,COPY_OR_MERGE,Josh.22.27
JOS 22:28,COPY_OR_MERGE,Josh.22.28
JOS 22:29,COPY_OR_MERGE,Josh.22.29
JOS 22:30,COPY_OR_MERGE,Josh.22.30
JOS 22:31,COPY_OR_MERGE,Josh.22.31
JOS 22:32,COPY_OR_MERGE,Josh.22.32
JOS 22:33,COPY_OR_MERGE,Josh.22.33
JOS 22:34,COPY_OR_MERGE,Josh.22.34
JOS 23:1,COPY_OR_MERGE,Josh.23.1
JOS 23:2,COPY_OR_MERGE,Josh.23.2
JOS 23:3,COPY_OR_MERGE,Josh.23.3
JOS 23:4,COPY_OR_MERGE,Josh.23.4
JOS 23:5,COPY_OR_MERGE,Josh.23.5
JOS 23:6,COPY_OR_MERGE,Josh.23.6
JOS 23:7,COPY_OR_MERGE,Josh.23.7
JOS 23:8,COPY_OR_MERGE,Josh.23.8
JOS 23:9,COPY_OR_MERGE,Josh.23.9
JOS 23:10,COPY_OR_MERGE,Josh.23.10
JOS 23:11,COPY_OR_MERGE,Josh.23.11
JOS 23:12,COPY_OR_MERGE,Josh.23.12
JOS 23:13,COPY_OR_MERGE,Josh.23.13
JOS 23:14,COPY_OR_MERGE,Josh.23.14
JOS 23:15,COPY_OR_MERGE,Josh.23.15
JOS 23:16,COPY_OR_MERGE,Josh.23.16
JOS 24:1,COPY_OR_MERGE,Josh.24.1
JOS 24:2,COPY_OR_MERGE,Josh.24.2
JOS 24:3,COPY_OR_MERGE,Josh.24.3
JOS 24:4,COPY_OR_MERGE,Josh.24.4
JOS 24:5,COPY_OR_MERGE,Josh.24.5
JOS 24:6,COPY_OR_MERGE,Josh.24.6
JOS 24:7,COPY_OR_MERGE,Josh.24.7
JOS 24:8,COPY_OR_MERGE,Josh.24.8
JOS 24:9,COPY_OR_MERGE,Josh.24.9
JOS 24:10,COPY_OR_MERGE,Josh.24.10
JOS 24:11,COPY_OR_MERGE,Josh.24.11
JOS 24:12,COPY_OR_MERGE,Josh.24.12
JOS 24:13,COPY_OR_MERGE,Josh.24.13
JOS 24:14,COPY_OR_MERGE,Josh.24.14
JOS 24:15,COPY_OR_MERGE,Josh.24.15
JOS 24:16,COPY_OR_MERGE,Josh.24.16
JOS 24:17,COPY_OR_MERGE,Josh.24.17
JOS 24:18,COPY_OR_MERGE,Josh.24.18
JOS 24:19,COPY_OR_MERGE,Josh.24.19
JOS 24:20,COPY_OR_MERGE,Josh.24.20
JOS 24:21,COPY_OR_MERGE,Josh.24.21
JOS 24:22,COPY_OR_MERGE,Josh.24.22
JOS 24:23,COPY_OR_MERGE,Josh.24.23
JOS 24:24,COPY_OR_MERGE,Josh.24.24
JOS 24:25,COPY_OR_MERGE,Josh.24.25
JOS 24:26,COPY_OR_MERGE,Josh.24.26
JOS 24:27,COPY_OR_MERGE,Josh.24.27
JOS 24:28,COPY_OR_MERGE,Josh.24.28
JOS 24:29,COPY_OR_MERGE,Josh.24.29
JOS 24:30,COPY_OR_MERGE,Josh.24.30
JOS 24:31,COPY_OR_MERGE,Josh.24.31
JOS 24:32,COPY_OR_MERGE,Josh.24.32
JOS 24:33,COPY_OR_MERGE,Josh.24.33
LAM 1:1,COPY_OR_MERGE,Lam.1.1
LAM 1:2,COPY_OR_MERGE,Lam.1.2
LAM 1:3,COPY_OR_MERGE,Lam.1.3
LAM 1:4,COPY_OR_MERGE,Lam.1.4
LAM 1:5,COPY_OR_MERGE,Lam.1.5
LAM 1:6,COPY_OR_MERGE,Lam.1.6
LAM 1:7,COPY_OR_MERGE,Lam.1.7
LAM 1:8,COPY_OR_MERGE,Lam.1.8
LAM 1:9,COPY_OR_MERGE,Lam.1.9
LAM 1:10,COPY_OR_MERGE,Lam.1.10
LAM 1:11,COPY_OR_MERGE,Lam.1.11
LAM 1:12,COPY_OR_MERGE,Lam.1.12
LAM 1:13,COPY_OR_MERGE,Lam.1.13
LAM 1:14,COPY_OR_MERGE,Lam.1.14
LAM 1:15,COPY_OR_MERGE,Lam.1.15
LAM 1:16,COPY_OR_MERGE,Lam.1.16
LAM 1:17,COPY_OR_MERGE,Lam.1.17
LAM 1:18,COPY_OR_MERGE,Lam.1.18
LAM 1:19,COPY_OR_MERGE,Lam.1.19
LAM 1:20,COPY_OR_MERGE,Lam.1.20
LAM 1:21,COPY_OR_MERGE,Lam.1.21
LAM 1:22,COPY_OR_MERGE,Lam.1.22
LAM 2:1,COPY_OR_MERGE,Lam.2.1
LAM 2:2,COPY_OR_MERGE,Lam.2.2
LAM 2:3,COPY_OR_MERGE,Lam.2.3
LAM 2:4,COPY_OR_MERGE,Lam.2.4
LAM 2:5,COPY_OR_MERGE,Lam.2.5
LAM 2:6,COPY_OR_MERGE,Lam.2.6
LAM 2:7,COPY_OR_MERGE,Lam.2.7
LAM 2:8,COPY_OR_MERGE,Lam.2.8
LAM 2:9,COPY_OR_MERGE,Lam.2.9
LAM 2:10,COPY_OR_MERGE,Lam.2.10
LAM 2:11,COPY_OR_MERGE,Lam.2.11
LAM 2:12,COPY_OR_MERGE,Lam.2.12
LAM 2:13,COPY_OR_MERGE,Lam.2.13
LAM 2:14,COPY_OR_MERGE,Lam.2.14
LAM 2:15,COPY_OR_MERGE,Lam.2.15
LAM 2:16,COPY_OR_MERGE,Lam.2.16
LAM 2:17,COPY_OR_MERGE,Lam.2.17
LAM 2:18,COPY_OR_MERGE,Lam.2.18
LAM 2:19,COPY_OR_MERGE,Lam.2.19
LAM 2:20,COPY_OR_MERGE,Lam.2.20
LAM 2:21,COPY_OR_MERGE,Lam.2.21
LAM 2:22,COPY_OR_MERGE,Lam.2.22
LAM 3:1,COPY_OR_MERGE,Lam.3.1
LAM 3:2,COPY_OR_MERGE,Lam.3.2
LAM 3:3,COPY_OR_MERGE,Lam.3.3
LAM 3:4,COPY_OR_MERGE,Lam.3.4
LAM 3:5,COPY_OR_MERGE,Lam.3.5
LAM 3:6,COPY_OR_MERGE,Lam.3.6
LAM 3:7,COPY_OR_MERGE,Lam.3.7
LAM 3:8,COPY_OR_MERGE,Lam.3.8
LAM 3:9,COPY_OR_MERGE,Lam.3.9
LAM 3:10,COPY_OR_MERGE,Lam.3.10
LAM 3:11,COPY_OR_MERGE,Lam.3.11
LAM 3:12,COPY_OR_MERGE,Lam.3.12
LAM 3:13,COPY_OR_MERGE,Lam.3.13
LAM 3:14,COPY_OR_MERGE,Lam.3.14
LAM 3:15,COPY_OR_MERGE,Lam.3.15
LAM 3:16,COPY_OR_MERGE,Lam.3.16
LAM 3:17,COPY_OR_MERGE,Lam.3.17
LAM 3:18,COPY_OR_MERGE,Lam.3.18
LAM 3:19,COPY_OR_MERGE,Lam.3.19
LAM 3:20,COPY_OR_MERGE,Lam.3.20
LAM 3:21,COPY_OR_MERGE,Lam.3.21
LAM 3:22,COPY_OR_MERGE,Lam.3.22
LAM 3:23,COPY_OR_MERGE,Lam.3.23
LAM 3:24,COPY_OR_MERGE,Lam.3.24
LAM 3:25,COPY_OR_MERGE,Lam.3.25
LAM 3:26,COPY_OR_MERGE,Lam.3.26
LAM 3:27,COPY_OR_MERGE,Lam.3.27
LAM 3:28,COPY_OR_MERGE,Lam.3.28
LAM 3:29,COPY_OR_MERGE,Lam.3.29
LAM 3:30,COPY_OR_MERGE,Lam.3.30
LAM 3:31,COPY_OR_MERGE,Lam.3.31
LAM 3:32,COPY_OR_MERGE,Lam.3.32
LAM 3:33,COPY_OR_MERGE,Lam.3.33
LAM 3:34,COPY_OR_MERGE,Lam.3.34
LAM 3:35,COPY_OR_MERGE,Lam.3.35
LAM 3:36,COPY_OR_MERGE,Lam.3.36
LAM 3:37,COPY_OR_MERGE,Lam.3.37
LAM 3:38,COPY_OR_MERGE,Lam.3.38
LAM 3:39,COPY_OR_MERGE,Lam.3.39
LAM 3:40,COPY_OR_MERGE,Lam.3.40
LAM 3:41,COPY_OR_MERGE,Lam.3.41
LAM 3:42,COPY_OR_MERGE,Lam.3.42
LAM 3:43,COPY_OR_MERGE,Lam.3.43
LAM 3:44,COPY_OR_MERGE,Lam.3.44
LAM 3:45,COPY_OR_MERGE,Lam.3.45
LAM 3:46,COPY_OR_MERGE,Lam.3.46
LAM 3:47,COPY_OR_MERGE,Lam.3.47
LAM 3:48,COPY_OR_MERGE,Lam.3.48
LAM 3:49,COPY_OR_MERGE,Lam.3.49
LAM 3:50,COPY_OR_MERGE,Lam.3.50
LAM 3:51,COPY_OR_MERGE,Lam.3.51
LAM 3:52,COPY_OR_MERGE,Lam.3.52
LAM 3:53,COPY_OR_MERGE,Lam.3.53
LAM 3:54,COPY_OR_MERGE,Lam.3.54
LAM 3:55,COPY_OR_MERGE,Lam.3.55
LAM 3:56,COPY_OR_MERGE,Lam.3.56
LAM 3:57,COPY_OR_MERGE,Lam.3.57
LAM 3:58,COPY_OR_MERGE,Lam.3.58
LAM 3:59,COPY_OR_MERGE,Lam.3.59
LAM 3:60,COPY_OR_MERGE,Lam.3.60
LAM 3:61,COPY_OR_MERGE,Lam.3.61
LAM 3:62,COPY_OR_MERGE,Lam.3.62
LAM 3:63,COPY_OR_MERGE,Lam.3.63
LAM 3:64,COPY_OR_MERGE,Lam.3.64
LAM 3:65,COPY_OR_MERGE,Lam.3.65
LAM 3:66,COPY_OR_MERGE,Lam.3.66
LAM 4:1,COPY_OR_MERGE,Lam.4.1
LAM 4:2,COPY_OR_MERGE,Lam.4.2
LAM 4:3,COPY_OR_MERGE,Lam.4.3
LAM 4:4,COPY_OR_MERGE,Lam.4.4
LAM 4:5,COPY_OR_MERGE,Lam.4.5
LAM 4:6,COPY_OR_MERGE,Lam.4.6
LAM 4:7,COPY_OR_MERGE,Lam.4.7
LAM 4:8,COPY_OR_MERGE,Lam.4.8
LAM 4:9,COPY_OR_MERGE,Lam.4.9
LAM 4:10,COPY_OR_MERGE,Lam.4.10
LAM 4:11,COPY_OR_MERGE,Lam.4.11
LAM 4:12,COPY_OR_MERGE,Lam.4.12
LAM 4:13,COPY_OR_MERGE,Lam.4.13
LAM 4:14,COPY_OR_MERGE,Lam.4.14
LAM 4:15,COPY_OR_MERGE,Lam.4.15
LAM 4:16,COPY_OR_MERGE,Lam.4.16
LAM 4:17,COPY_OR_MERGE,Lam.4.17
LAM 4:18,COPY_OR_MERGE,Lam.4.18
LAM 4:19,COPY_OR_MERGE,Lam.4.19
LAM 4:20,COPY_OR_MERGE,Lam.4.20
LAM 4:21,COPY_OR_MERGE,Lam.4.21
LAM 4:22,COPY_OR_MERGE,Lam.4.22
LAM 5:1,COPY_OR_MERGE,Lam.5.1
LAM 5:2,COPY_OR_MERGE,Lam.5.2
LAM 5:3,COPY_OR_MERGE,Lam.5.3
LAM 5:4,COPY_OR_MERGE,Lam.5.4
LAM 5:5,COPY_OR_MERGE,Lam.5.5
LAM 5:6,COPY_OR_MERGE,Lam.5.6
LAM 5:7,COPY_OR_MERGE,Lam.5.7
LAM 5:8,COPY_OR_MERGE,Lam.5.8
LAM 5:9,COPY_OR_MERGE,Lam.5.9
LAM 5:10,COPY_OR_MERGE,Lam.5.10
LAM 5:11,COPY_OR_MERGE,Lam.5.11
LAM 5:12,COPY_OR_MERGE,Lam.5.12
LAM 5:13,COPY_OR_MERGE,Lam.5.13
LAM 5:14,COPY_OR_MERGE,Lam.5.14
LAM 5:15,COPY_OR_MERGE,Lam.5.15
LAM 5:16,COPY_OR_MERGE,Lam.5.16
LAM 5:17,COPY_OR_MERGE,Lam.5.17
LAM 5:18,COPY_OR_MERGE,Lam.5.18
LAM 5:19,COPY_OR_MERGE,Lam.5.19
LAM 5:20,COPY_OR_MERGE,Lam.5.20
LAM 5:21,COPY_OR_MERGE,Lam.5.21
LAM 5:22,COPY_OR_MERGE,Lam.5.22
LEV 1:1,COPY_OR_MERGE,Lev.1.1
LEV 1:2,COPY_OR_MERGE,Lev.1.2
LEV 1:3,COPY_OR_MERGE,Lev.1.3
LEV 1:4,COPY_OR_MERGE,Lev.1.4
LEV 1:5,COPY_OR_MERGE,Lev.1.5
LEV 1:6,COPY_OR_MERGE,Lev.1.6
LEV 1:7,COPY_OR_MERGE,Lev.1.7
LEV 1:8,COPY_OR_MERGE,Lev.1.8
LEV 1:9,COPY_OR_MERGE,Lev.1.9
LEV 1:10,COPY_OR_MERGE,Lev.1.10
LEV 1:11,COPY_OR_MERGE,Lev.1.11
LEV 1:12,COPY_OR_MERGE,Lev.1.12
LEV 1:13,COPY_OR_MERGE,Lev.1.13
LEV 1:14,COPY_OR_MERGE,Lev.1.14
LEV 1:15,COPY_OR_MERGE,Lev.1.15
LEV 1:16,COPY_OR_MERGE,Lev.1.16
LEV 1:17,COPY_OR_MERGE,Lev.1.17
LEV 2:1,COPY_OR_MERGE,Lev.2.1
LEV 2:2,COPY_OR_MERGE,Lev.2.2
LEV 2:3,COPY_OR_MERGE,Lev.2.3
LEV 2:4,COPY_OR_MERGE,Lev.2.4
LEV 2:5,COPY_OR_MERGE,Lev.2.5
LEV 2:6,COPY_OR_MERGE,Lev.2.6
LEV 2:7,COPY_OR_MERGE,Lev.2.7
LEV 2:8,COPY_OR_MERGE,Lev.2.8
LEV 2:9,COPY_OR_MERGE,Lev.2.9
LEV 2:10,COPY_OR_MERGE,Lev.2.10
LEV 2:11,COPY_OR_MERGE,Lev.2.11
LEV 2:12,COPY_OR_MERGE,Lev.2.12
LEV 2:13,COPY_OR_MERGE,Lev.2.13
LEV 2:14,COPY_OR_MERGE,Lev.2.14
LEV 2:15,COPY_OR_MERGE,Lev.2.15
LEV 2:16,COPY_OR_MERGE,Lev.2.16
LEV 3:1,COPY_OR_MERGE,Lev.3.1
LEV 3:2,COPY_OR_MERGE,Lev.3.2
LEV 3:3,COPY_OR_MERGE,Lev.3.3
LEV 3:4,COPY_OR_MERGE,Lev.3.4
LEV 3:5,COPY_OR_MERGE,Lev.3.5
LEV 3:6,COPY_OR_MERGE,Lev.3.6
LEV 3:7,COPY_OR_MERGE,Lev.3.7
LEV 3:8,COPY_OR_MERGE,Lev.3.8
LEV 3:9,COPY_OR_MERGE,Lev.3.9
LEV 3:10,COPY_OR_MERGE,Lev.3.10
LEV 3:11,COPY_OR_MERGE,Lev.3.11
LEV 3:12,COPY_OR_MERGE,Lev.3.12
LEV 3:13,COPY_OR_MERGE,Lev.3.13
LEV 3:14,COPY_OR_MERGE,Lev.3.14
LEV 3:15,COPY_OR_MERGE,Lev.3.15
LEV 3:16,COPY_OR_MERGE,Lev.3.16
LEV 3:17,COPY_OR_MERGE,Lev.3.17
LEV 4:1,COPY_OR_MERGE,Lev.4.1
LEV 4:2,COPY_OR_MERGE,Lev.4.2
LEV 4:3,COPY_OR_MERGE,Lev.4.3
LEV 4:4,COPY_OR_MERGE,Lev.4.4
LEV 4:5,COPY_OR_MERGE,Lev.4.5
LEV 4:6,COPY_OR_MERGE,Lev.4.6
LEV 4:7,COPY_OR_MERGE,Lev.4.7
LEV 4:8,COPY_OR_MERGE,Lev.4.8
LEV 4:9,COPY_OR_MERGE,Lev.4.9
LEV 4:10,COPY_OR_MERGE,Lev.4.10
LEV 4:11,COPY_OR_MERGE,Lev.4.11
LEV 4:12,COPY_OR_MERGE,Lev.4.12
LEV 4:13,COPY_OR_MERGE,Lev.4.13
LEV 4:14,COPY_OR_MERGE,Lev.4.14
LEV 4:15,COPY_OR_MERGE,Lev.4.15
LEV 4:16,COPY_OR_MERGE,Lev.4.16
LEV 4:17,COPY_OR_MERGE,Lev.4.17
LEV 4:18,COPY_OR_MERGE,Lev.4.18
LEV 4:19,COPY_OR_MERGE,Lev.4.19
LEV 4:20,COPY_OR_MERGE,Lev.4.20
LEV 4:21,COPY_OR_MERGE,Lev.4.21
LEV 4:22,COPY_OR_MERGE,Lev.4.22
LEV 4:23,COPY_OR_MERGE,Lev.4.23
LEV 4:24,COPY_OR_MERGE,Lev.4.24
LEV 4:25,COPY_OR_MERGE,Lev.4.25
LEV 4:26,COPY_OR_MERGE,Lev.4.26
LEV 4:27,COPY_OR_MERGE,Lev.4.27
LEV 4:28,COPY_OR_MERGE,Lev.4.28
LEV 4:29,COPY_OR_MERGE,Lev.4.29
LEV 4:30,COPY_OR_MERGE,Lev.4.30
LEV 4:31,COPY_OR_MERGE,Lev.4.31
LEV 4:32,COPY_OR_MERGE,Lev.4.32
LEV 4:33,COPY_OR_MERGE,Lev.4.33
LEV 4:34,COPY_OR_MERGE,Lev.4.34
LEV 4:35,COPY_OR_MERGE,Lev.4.35
LEV 5:1,COPY_OR_MERGE,Lev.5.1
LEV 5:2,COPY_OR_MERGE,Lev.5.2
LEV 5:3,COPY_OR_MERGE,Lev.5.3
LEV 5:4,COPY_OR_MERGE,Lev.5.4
LEV 5:5,COPY_OR_MERGE,Lev.5.5
LEV 5:6,COPY_OR_MERGE,Lev.5.6
LEV 5:7,COPY_OR_MERGE,Lev.5.7
LEV 5:8,COPY_OR_MERGE,Lev.5.8
LEV 5:9,COPY_OR_MERGE,Lev.5.9
LEV 5:10,COPY_OR_MERGE,Lev.5.10
LEV 5:11,COPY_OR_MERGE,Lev.5.11
LEV 5:12,COPY_OR_MERGE,Lev.5.12
LEV 5:13,COPY_OR_MERGE,Lev.5.13
LEV 5:14,COPY_OR_MERGE,Lev.5.14
LEV 5:15,COPY_OR_MERGE,Lev.5.15
LEV 5:16,COPY_OR_MERGE,Lev.5.16
LEV 5:17,COPY_OR_MERGE,Lev.5.17
LEV 5:18,COPY_OR_MERGE,Lev.5.18
LEV 5:19,COPY_OR_MERGE,Lev.5.19
LEV 6:1,COPY_OR_MERGE,Lev.5.20
LEV 6:2,COPY_OR_MERGE,Lev.5.21
LEV 6:3,COPY_OR_MERGE,Lev.5.22
LEV 6:4,COPY_OR_MERGE,Lev.5.23
LEV 6:5,COPY_OR_MERGE,Lev.5.24
LEV 6:6,COPY_OR_MERGE,Lev.5.25
LEV 6:7,COPY_OR_MERGE,Lev.5.26
LEV 6:8,COPY_OR_MERGE,Lev.6.1
LEV 6:9,COPY_OR_MERGE,Lev.6.2
LEV 6:10,COPY_OR_MERGE,Lev.6.3
LEV 6:11,COPY_OR_MERGE,Lev.6.4
LEV 6:12,COPY_OR_MERGE,Lev.6.5
LEV 6:13,COPY_OR_MERGE,Lev.6.6
LEV 6:14,COPY_OR_MERGE,Lev.6.7
LEV 6:15,COPY_OR_MERGE,Lev.6.8
LEV 6:16,COPY_OR_MERGE,Lev.6.9
LEV 6:17,COPY_OR_MERGE,Lev.6.10
LEV 6:18,COPY_OR_MERGE,Lev.6.11
LEV 6:19,COPY_OR_MERGE,Lev.6.12
LEV 6:20,COPY_OR_MERGE,Lev.6.13
LEV 6:21,COPY_OR_MERGE,Lev.6.14
LEV 6:22,COPY_OR_MERGE,Lev.6.15
LEV 6:23,COPY_OR_MERGE,Lev.6.16
LEV 6:24,COPY_OR_MERGE,Lev.6.17
LEV 6:25,COPY_OR_MERGE,Lev.6.18
LEV 6:26,COPY_OR_MERGE,Lev.6.19
LEV 6:27,COPY_OR_MERGE,Lev.6.20
LEV 6:28,COPY_OR_MERGE,Lev.6.21
LEV 6:29,COPY_OR_MERGE,Lev.6.22
LEV 6:30,COPY_OR_MERGE,Lev.6.23
LEV 7:1,COPY_OR_MERGE,Lev.7.1
LEV 7:2,COPY_OR_MERGE,Lev.7.2
LEV 7:3,COPY_OR_MERGE,Lev.7.3
LEV 7:4,COPY_OR_MERGE,Lev.7.4
LEV 7:5,COPY_OR_MERGE,Lev.7.5
LEV 7:6,COPY_OR_MERGE,Lev.7.6
LEV 7:7,COPY_OR_MERGE,Lev.7.7
LEV 7:8,COPY_OR_MERGE,Lev.7.8
LEV 7:9,COPY_OR_MERGE,Lev.7.9
LEV 7:10,COPY_OR_MERGE,Lev.7.10
LEV 7:11,COPY_OR_MERGE,Lev.7.11
LEV 7:12,COPY_OR_MERGE,Lev.7.12
LEV 7:13,COPY_OR_MERGE,Lev.7.13
LEV 7:14,COPY_OR_MERGE,Lev.7.14
LEV 7:15,COPY_OR_MERGE,Lev.7.15
LEV 7:16,COPY_OR_MERGE,Lev.7.16
LEV 7:17,COPY_OR_MERGE,Lev.7.17
LEV 7:18,COPY_OR_MERGE,Lev.7.18
LEV 7:19,COPY_OR_MERGE,Lev.7.19
LEV 7:20,COPY_OR_MERGE,Lev.7.20
LEV 7:21,COPY_OR_MERGE,Lev.7.21
LEV 7:22,COPY_OR_MERGE,Lev.7.22
LEV 7:23,COPY_OR_MERGE,Lev.7.23
LEV 7:24,COPY_OR_MERGE,Lev.7.24
LEV 7:25,COPY_OR_MERGE,Lev.7.25
LEV 7:26,COPY_OR_MERGE,Lev.7.26
LEV 7:27,COPY_OR_MERGE,Lev.7.27
LEV 7:28,COPY_OR_MERGE,Lev.7.28
LEV 7:29,COPY_OR_MERGE,Lev.7.29
LEV 7:30,COPY_OR_MERGE,Lev.7.30
LEV 7:31,COPY_OR_MERGE,Lev.7.31
LEV 7:32,COPY_OR_MERGE,Lev.7.32
LEV 7:33,COPY_OR_MERGE,Lev.7.33
LEV 7:34,COPY_OR_MERGE,Lev.7.34
LEV 7:35,COPY_OR_MERGE,Lev.7.35
LEV 7:36,COPY_OR_MERGE,Lev.7.36
LEV 7:37,COPY_OR_MERGE,Lev.7.37
LEV 7:38,COPY_OR_MERGE,Lev.7.38
LEV 8:1,COPY_OR_MERGE,Lev.8.1
LEV 8:2,COPY_OR_MERGE,Lev.8.2
LEV 8:3,COPY_OR_MERGE,Lev.8.3
LEV 8:4,COPY_OR_MERGE,Lev.8.4
LEV 8:5,COPY_OR_MERGE,Lev.8.5
LEV 8:6,COPY_OR_MERGE,Lev.8.6
LEV 8:7,COPY_OR_MERGE,Lev.8.7
LEV 8:8,COPY_OR_MERGE,Lev.8.8
LEV 8:9,COPY_OR_MERGE,Lev.8.9
LEV 8:10,COPY_OR_MERGE,Lev.8.10
LEV 8:11,COPY_OR_MERGE,Lev.8.11
LEV 8:12,COPY_OR_MERGE,Lev.8.12
LEV 8:13,COPY_OR_MERGE,Lev.8.13
LEV 8:14,COPY_OR_MERGE,Lev.8.14
LEV 8:15,COPY_OR_MERGE,Lev.8.15
LEV 8:16,COPY_OR_MERGE,Lev.8.16
LEV 8:17,COPY_OR_MERGE,Lev.8.17
LEV 8:18,COPY_OR_MERGE,Lev.8.18
LEV 8:19,COPY_OR_MERGE,Lev.8.19
LEV 8:20,COPY_OR_MERGE,Lev.8.20
LEV 8:21,COPY_OR_MERGE,Lev.8.21
LEV 8:22,COPY_OR_MERGE,Lev.8.22
LEV 8:23,COPY_OR_MERGE,Lev.8.23
LEV 8:24,COPY_OR_MERGE,Lev.8.24
LEV 8:25,COPY_OR_MERGE,Lev.8.25
LEV 8:26,COPY_OR_MERGE,Lev.8.26
LEV 8:27,COPY_OR_MERGE,Lev.8.27
LEV 8:28,COPY_OR_MERGE,Lev.8.28
LEV 8:29,COPY_OR_MERGE,Lev.8.29
LEV 8:30,COPY_OR_MERGE,Lev.8.30
LEV 8:31,COPY_OR_MERGE,Lev.8.31
LEV 8:32,COPY_OR_MERGE,Lev.8.32
LEV 8:33,COPY_OR_MERGE,Lev.8.33
LEV 8:34,COPY_OR_MERGE,Lev.8.34
LEV 8:35,COPY_OR_MERGE,Lev.8.35
LEV 8:36,COPY_OR_MERGE,Lev.8.36
LEV 9:1,COPY_OR_MERGE,Lev.9.1
LEV 9:2,COPY_OR_MERGE,Lev.9.2
LEV 9:3,COPY_OR_MERGE,Lev.9.3
LEV 9:4,COPY_OR_MERGE,Lev.9.4
LEV 9:5,COPY_OR_MERGE,Lev.9.5
LEV 9:6,COPY_OR_MERGE,Lev.9.6
LEV 9:7,COPY_OR_MERGE,Lev.9.7
LEV 9:8,COPY_OR_MERGE,Lev.9.8
LEV 9:9,COPY_OR_MERGE,Lev.9.9
LEV 9:10,COPY_OR_MERGE,Lev.9.10
LEV 9:11,COPY_OR_MERGE,Lev.9.11
LEV 9:12,COPY_OR_MERGE,Lev.9.12
LEV 9:13,COPY_OR_MERGE,Lev.9.13
LEV 9:14,COPY_OR_MERGE,Lev.9.14
LEV 9:15,COPY_OR_MERGE,Lev.9.15
LEV 9:16,COPY_OR_MERGE,Lev.9.16
LEV 9:17,COPY_OR_MERGE,Lev.9.17
LEV 9:18,COPY_OR_MERGE,Lev.9.18
LEV 9:19,COPY_OR_MERGE,Lev.9.19
LEV 9:20,COPY_OR_MERGE,Lev.9.20
LEV 9:21,COPY_OR_MERGE,Lev.9.21
LEV 9:22,COPY_OR_MERGE,Lev.9.22
LEV 9:23,COPY_OR_MERGE,Lev.9.23
LEV 9:24,COPY_OR_MERGE,Lev.9.24
LEV 10:1,COPY_OR_MERGE,Lev.10.1
LEV 10:2,COPY_OR_MERGE,Lev.10.2
LEV 10:3,COPY_OR_MERGE,Lev.10.3
LEV 10:4,COPY_OR_MERGE,Lev.10.4
LEV 10:5,COPY_OR_MERGE,Lev.10.5
LEV 10:6,COPY_OR_MERGE,Lev.10.6
LEV 10:7,COPY_OR_MERGE,Lev.10.7
LEV 10:8,COPY_OR_MERGE,Lev.10.8
LEV 10:9,COPY_OR_MERGE,Lev.10.9
LEV 10:10,COPY_OR_MERGE,Lev.10.10
LEV 10:11,COPY_OR_MERGE,Lev.10.11
LEV 10:12,COPY_OR_MERGE,Lev.10.12
LEV 10:13,COPY_OR_MERGE,Lev.10.13
LEV 10:14,COPY_OR_MERGE,Lev.10.14
LEV 10:15,COPY_OR_MERGE,Lev.10.15
LEV 10:16,COPY_OR_MERGE,Lev.10.16
LEV 10:17,COPY_OR_MERGE,Lev.10.17
LEV 10:18,COPY_OR_MERGE,Lev.10.18
LEV 10:19,COPY_OR_MERGE,Lev.10.19
LEV 10:20,COPY_OR_MERGE,Lev.10.20
LEV 11:1,COPY_OR_MERGE,Lev.11.1
LEV 11:2,COPY_OR_MERGE,Lev.11.2
LEV 11:3,COPY_OR_MERGE,Lev.11.3
LEV 11:4,COPY_OR_MERGE,Lev.11.4
LEV 11:5,COPY_OR_MERGE,Lev.11.5
LEV 11:6,COPY_OR_MERGE,Lev.11.6
LEV 11:7,COPY_OR_MERGE,Lev.11.7
LEV 11:8,COPY_OR_MERGE,Lev.11.8
LEV 11:9,COPY_OR_MERGE,Lev.11.9
LEV 11:10,COPY_OR_MERGE,Lev.11.10
LEV 11:11,COPY_OR_MERGE,Lev.11.11
LEV 11:12,COPY_OR_MERGE,Lev.11.12
LEV 11:13,COPY_OR_MERGE,Lev.11.13
LEV 11:14,COPY_OR_MERGE,Lev.11.14
LEV 11:15,COPY_OR_MERGE,Lev.11.15
LEV 11:16,COPY_OR_MERGE,Lev.11.16
LEV 11:17,COPY_OR_MERGE,Lev.11.17
LEV 11:18,COPY_OR_MERGE,Lev.11.18
LEV 11:19,COPY_OR_MERGE,Lev.11.19
LEV 11:20,COPY_OR_MERGE,Lev.11.20
LEV 11:21,COPY_OR_MERGE,Lev.11.21
LEV 11:22,COPY_OR_MERGE,Lev.11.22
LEV 11:23,COPY_OR_MERGE,Lev.11.23
LEV 11:24,COPY_OR_MERGE,Lev.11.24
LEV 11:25,COPY_OR_MERGE,Lev.11.25
LEV 11:26,COPY_OR_MERGE,Lev.11.26
LEV 11:27,COPY_OR_MERGE,Lev.11.27
LEV 11:28,COPY_OR_MERGE,Lev.11.28
LEV 11:29,COPY_OR_MERGE,Lev.11.29
LEV 11:30,COPY_OR_MERGE,Lev.11.30
LEV 11:31,COPY_OR_MERGE,Lev.11.31
LEV 11:32,COPY_OR_MERGE,Lev.11.32
LEV 11:33,COPY_OR_MERGE,Lev.11.33
LEV 11:34,COPY_OR_MERGE,Lev.11.34
LEV 11:35,COPY_OR_MERGE,Lev.11.35
LEV 11:36,COPY_OR_MERGE,Lev.11.36
LEV 11:37,COPY_OR_MERGE,Lev.11.37
LEV 11:38,COPY_OR_MERGE,Lev.11.38
LEV 11:39,COPY_OR_MERGE,Lev.11.39
LEV 11:40,COPY_OR_MERGE,Lev.11.40
LEV 11:41,COPY_OR_MERGE,Lev.11.41
LEV 11:42,COPY_OR_MERGE,Lev.11.42
LEV 11:43,COPY_OR_MERGE,Lev.11.43
LEV 11:44,COPY_OR_MERGE,Lev.11.44
LEV 11:45,COPY_OR_MERGE,Lev.11.45
LEV 11:46,COPY_OR_MERGE,Lev.11.46
LEV 11:47,COPY_OR_MERGE,Lev.11.47
LEV 12:1,COPY_OR_MERGE,Lev.12.1
LEV 12:2,COPY_OR_MERGE,Lev.12.2
LEV 12:3,COPY_OR_MERGE,Lev.12.3
LEV 12:4,COPY_OR_MERGE,Lev.12.4
LEV 12:5,COPY_OR_MERGE,Lev.12.5
LEV 12:6,COPY_OR_MERGE,Lev.12.6
LEV 12:7,COPY_OR_MERGE,Lev.12.7
LEV 12:8,COPY_OR_MERGE,Lev.12.8
LEV 13:1,COPY_OR_MERGE,Lev.13.1
LEV 13:2,COPY_OR_MERGE,Lev.13.2
LEV 13:3,COPY_OR_MERGE,Lev.13.3
LEV 13:4,COPY_OR_MERGE,Lev.13.4
LEV 13:5,COPY_OR_MERGE,Lev.13.5
LEV 13:6,COPY_OR_MERGE,Lev.13.6
LEV 13:7,COPY_OR_MERGE,Lev.13.7
LEV 13:8,COPY_OR_MERGE,Lev.13.8
LEV 13:9,COPY_OR_MERGE,Lev.13.9
LEV 13:10,COPY_OR_MERGE,Lev.13.10
LEV 13:11,COPY_OR_MERGE,Lev.13.11
LEV 13:12,COPY_OR_MERGE,Lev.13.12
LEV 13:13,COPY_OR_MERGE,Lev.13.13
LEV 13:14,COPY_OR_MERGE,Lev.13.14
LEV 13:15,COPY_OR_MERGE,Lev.13.15
LEV 13:16,COPY_OR_MERGE,Lev.13.16
LEV 13:17,COPY_OR_MERGE,Lev.13.17
LEV 13:18,COPY_OR_MERGE,Lev.13.18
LEV 13:19,COPY_OR_MERGE,Lev.13.19
LEV 13:20,COPY_OR_MERGE,Lev.13.20
LEV 13:21,COPY_OR_MERGE,Lev.13.21
LEV 13:22,COPY_OR_MERGE,Lev.13.22
LEV 13:23,COPY_OR_MERGE,Lev.13.23
LEV 13:24,COPY_OR_MERGE,Lev.13.24
LEV 13:25,COPY_OR_MERGE,Lev.13.25
LEV 13:26,COPY_OR_MERGE,Lev.13.26
LEV 13:27,COPY_OR_MERGE,Lev.13.27
LEV 13:28,COPY_OR_MERGE,Lev.13.28
LEV 13:29,COPY_OR_MERGE,Lev.13.29
LEV 13:30,COPY_OR_MERGE,Lev.13.30
LEV 13:31,COPY_OR_MERGE,Lev.13.31
LEV 13:32,COPY_OR_MERGE,Lev.13.32
LEV 13:33,COPY_OR_MERGE,Lev.13.33
LEV 13:34,COPY_OR_MERGE,Lev.13.34
LEV 13:35,COPY_OR_MERGE,Lev.13.35
LEV 13:36,COPY_OR_MERGE,Lev.13.36
LEV 13:37,COPY_OR_MERGE,Lev.13.37
LEV 13:38,COPY_OR_MERGE,Lev.13.38
LEV 13:39,COPY_OR_MERGE,Lev.13.39
LEV 13:40,COPY_OR_MERGE,Lev.13.40
LEV 13:41,COPY_OR_MERGE,Lev.13.41
LEV 13:42,COPY_OR_MERGE,Lev.13.42
LEV 13:43,COPY_OR_MERGE,Lev.13.43
LEV 13:44,COPY_OR_MERGE,Lev.13.44
LEV 13:45,COPY_OR_MERGE,Lev.13.45
LEV 13:46,COPY_OR_MERGE,Lev.13.46
LEV 13:47,COPY_OR_MERGE,Lev.13.47
LEV 13:48,COPY_OR_MERGE,Lev.13.48
LEV 13:49,COPY_OR_MERGE,Lev.13.49
LEV 13:50,COPY_OR_MERGE,Lev.13.50
LEV 13:51,COPY_OR_MERGE,Lev.13.51
LEV 13:52,COPY_OR_MERGE,Lev.13.52
LEV 13:53,COPY_OR_MERGE,Lev.13.53
LEV 13:54,COPY_OR_MERGE,Lev.13.54
LEV 13:55,COPY_OR_MERGE,Lev.13.55
LEV 13:56,COPY_OR_MERGE,Lev.13.56
LEV 13:57,COPY_OR_MERGE,Lev.13.57
LEV 13:58,COPY_OR_MERGE,Lev.13.58
LEV 13:59,COPY_OR_MERGE,Lev.13.59
LEV 14:1,COPY_OR_MERGE,Lev.14.1
LEV 14:2,COPY_OR_MERGE,Lev.14.2
LEV 14:3,COPY_OR_MERGE,Lev.14.3
LEV 14:4,COPY_OR_MERGE,Lev.14.4
LEV 14:5,COPY_OR_MERGE,Lev.14.5
LEV 14:6,COPY_OR_MERGE,Lev.14.6
LEV 14:7,COPY_OR_MERGE,Lev.14.7
LEV 14:8,COPY_OR_MERGE,Lev.14.8
LEV 14:9,COPY_OR_MERGE,Lev.14.9
LEV 14:10,COPY_OR_MERGE,Lev.14.10
LEV 14:11,COPY_OR_MERGE,Lev.14.11
LEV 14:12,COPY_OR_MERGE,Lev.14.12
LEV 14:13,COPY_OR_MERGE,Lev.14.13
LEV 14:14,COPY_OR_MERGE,Lev.14.14
LEV 14:15,COPY_OR_MERGE,Lev.14.15
LEV 14:16,COPY_OR_MERGE,Lev.14.16
LEV 14:17,COPY_OR_MERGE,Lev.14.17
LEV 14:18,COPY_OR_MERGE,Lev.14.18
LEV 14:19,COPY_OR_MERGE,Lev.14.19
LEV 14:20,COPY_OR_MERGE,Lev.14.20
LEV 14:21,COPY_OR_MERGE,Lev.14.21
LEV 14:22,COPY_OR_MERGE,Lev.14.22
LEV 14:23,COPY_OR_MERGE,Lev.14.23
LEV 14:24,COPY_OR_MERGE,Lev.14.24
LEV 14:25,COPY_OR_MERGE,Lev.14.25
LEV 14:26,COPY_OR_MERGE,Lev.14.26
LEV 14:27,COPY_OR_MERGE,Lev.14.27
LEV 14:28,COPY_OR_MERGE,Lev.14.28
LEV 14:29,COPY_OR_MERGE,Lev.14.29
LEV 14:30,COPY_OR_MERGE,Lev.14.30
LEV 14:31,COPY_OR_MERGE,Lev.14.31
LEV 14:32,COPY_OR_MERGE,Lev.14.32
LEV 14:33,COPY_OR_MERGE,Lev.14.33
LEV 14:34,COPY_OR_MERGE,Lev.14.34
LEV 14:35,COPY_OR_MERGE,Lev.14.35
LEV 14:36,COPY_OR_MERGE,Lev.14.36
LEV 14:37,COPY_OR_MERGE,Lev.14.37
LEV 14:38,COPY_OR_MERGE,Lev.14.38
LEV 14:39,COPY_OR_MERGE,Lev.14.39
LEV 14:40,COPY_OR_MERGE,Lev.14.40
LEV 14:41,COPY_OR_MERGE,Lev.14.41
LEV 14:42,COPY_OR_MERGE,Lev.14.42
LEV 14:43,COPY_OR_MERGE,Lev.14.43
LEV 14:44,COPY_OR_MERGE,Lev.14.44
LEV 14:45,COPY_OR_MERGE,Lev.14.45
LEV 14:46,COPY_OR_MERGE,Lev.14.46
LEV 14:47,COPY_OR_MERGE,Lev.14.47
LEV 14:48,COPY_OR_MERGE,Lev.14.48
LEV 14:49,COPY_OR_MERGE,Lev.14.49
LEV 14:50,COPY_OR_MERGE,Lev.14.50
LEV 14:51,COPY_OR_MERGE,Lev.14.51
LEV 14:52,COPY_OR_MERGE,Lev.14.52
LEV 14:53,COPY_OR_MERGE,Lev.14.53
LEV 14:54,COPY_OR_MERGE,Lev.14.54
LEV 14:55,COPY_OR_MERGE,Lev.14.55
LEV 14:56,COPY_OR_MERGE,Lev.14.56
LEV 14:57,COPY_OR_MERGE,Lev.14.57
LEV 15:1,COPY_OR_MERGE,Lev.15.1
LEV 15:2,COPY_OR_MERGE,Lev.15.2
LEV 15:3,COPY_OR_MERGE,Lev.15.3
LEV 15:4,COPY_OR_MERGE,Lev.15.4
LEV 15:5,COPY_OR_MERGE,Lev.15.5
LEV 15:6,COPY_OR_MERGE,Lev.15.6
LEV 15:7,COPY_OR_MERGE,Lev.15.7
LEV 15:8,COPY_OR_MERGE,Lev.15.8
LEV 15:9,COPY_OR_MERGE,Lev.15.9
LEV 15:10,COPY_OR_MERGE,Lev.15.10
LEV 15:11,COPY_OR_MERGE,Lev.15.11
LEV 15:12,COPY_OR_MERGE,Lev.15.12
LEV 15:13,COPY_OR_MERGE,Lev.15.13
LEV 15:14,COPY_OR_MERGE,Lev.15.14
LEV 15:15,COPY_OR_MERGE,Lev.15.15
LEV 15:16,COPY_OR_MERGE,Lev.15.16
LEV 15:17,COPY_OR_MERGE,Lev.15.17
LEV 15:18,COPY_OR_MERGE,Lev.15.18
LEV 15:19,COPY_OR_MERGE,Lev.15.19
LEV 15:20,COPY_OR_MERGE,Lev.15.20
LEV 15:21,COPY_OR_MERGE,Lev.15.21
LEV 15:22,COPY_OR_MERGE,Lev.15.22
LEV 15:23,COPY_OR_MERGE,Lev.15.23
LEV 15:24,COPY_OR_MERGE,Lev.15.24
LEV 15:25,COPY_OR_MERGE,Lev.15.25
LEV 15:26,COPY_OR_MERGE,Lev.15.26
LEV 15:27,COPY_OR_MERGE,Lev.15.27
LEV 15:28,COPY_OR_MERGE,Lev.15.28
LEV 15:29,COPY_OR_MERGE,Lev.15.29
LEV 15:30,COPY_OR_MERGE,Lev.15.30
LEV 15:31,COPY_OR_MERGE,Lev.15.31
LEV 15:32,COPY_OR_MERGE,Lev.15.32
LEV 15:33,COPY_OR_MERGE,Lev.15.33
LEV 16:1,COPY_OR_MERGE,Lev.16.1
LEV 16:2,COPY_OR_MERGE,Lev.16.2
LEV 16:3,COPY_OR_MERGE,Lev.16.3
LEV 16:4,COPY_OR_MERGE,Lev.16.4
LEV 16:5,COPY_OR_MERGE,Lev.16.5
LEV 16:6,COPY_OR_MERGE,Lev.16.6
LEV 16:7,COPY_OR_MERGE,Lev.16.7
LEV 16:8,COPY_OR_MERGE,Lev.16.8
LEV 16:9,COPY_OR_MERGE,Lev.16.9
LEV 16:10,COPY_OR_MERGE,Lev.16.10
LEV 16:11,COPY_OR_MERGE,Lev.16.11
LEV 16:12,COPY_OR_MERGE,Lev.16.12
LEV 16:13,COPY_OR_MERGE,Lev.16.13
LEV 16:14,COPY_OR_MERGE,Lev.16.14
LEV 16:15,COPY_OR_MERGE,Lev.16.15
LEV 16:16,COPY_OR_MERGE,Lev.16.16
LEV 16:17,COPY_OR_MERGE,Lev.16.17
LEV 16:18,COPY_OR_MERGE,Lev.16.18
LEV 16:19,COPY_OR_MERGE,Lev.16.19
LEV 16:20,COPY_OR_MERGE,Lev.16.20
LEV 16:21,COPY_OR_MERGE,Lev.16.21
LEV 16:22,COPY_OR_MERGE,Lev.16.22
LEV 16:23,COPY_OR_MERGE,Lev.16.23
LEV 16:24,COPY_OR_MERGE,Lev.16.24
LEV 16:25,COPY_OR_MERGE,Lev.16.25
LEV 16:26,COPY_OR_MERGE,Lev.16.26
LEV 16:27,COPY_OR_MERGE,Lev.16.27
LEV 16:28,COPY_OR_MERGE,Lev.16.28
LEV 16:29,COPY_OR_MERGE,Lev.16.29
LEV 16:30,COPY_OR_MERGE,Lev.16.30
LEV 16:31,COPY_OR_MERGE,Lev.16.31
LEV 16:32,COPY_OR_MERGE,Lev.16.32
LEV 16:33,COPY_OR_MERGE,Lev.16.33
LEV 16:34,COPY_OR_MERGE,Lev.16.34
LEV 17:1,COPY_OR_MERGE,Lev.17.1
LEV 17:2,COPY_OR_MERGE,Lev.17.2
LEV 17:3,COPY_OR_MERGE,Lev.17.3
LEV 17:4,COPY_OR_MERGE,Lev.17.4
LEV 17:5,COPY_OR_MERGE,Lev.17.5
LEV 17:6,COPY_OR_MERGE,Lev.17.6
LEV 17:7,COPY_OR_MERGE,Lev.17.7
LEV 17:8,COPY_OR_MERGE,Lev.17.8
LEV 17:9,COPY_OR_MERGE,Lev.17.9
LEV 17:10,COPY_OR_MERGE,Lev.17.10
LEV 17:11,COPY_OR_MERGE,Lev.17.11
LEV 17:12,COPY_OR_MERGE,Lev.17.12
LEV 17:13,COPY_OR_MERGE,Lev.17.13
LEV 17:14,COPY_OR_MERGE,Lev.17.14
LEV 17:15,COPY_OR_MERGE,Lev.17.15
LEV 17:16,COPY_OR_MERGE,Lev.17.16
LEV 18:1,COPY_OR_MERGE,Lev.18.1
LEV 18:2,COPY_OR_MERGE,Lev.18.2
LEV 18:3,COPY_OR_MERGE,Lev.18.3
LEV 18:4,COPY_OR_MERGE,Lev.18.4
LEV 18:5,COPY_OR_MERGE,Lev.18.5
LEV 18:6,COPY_OR_MERGE,Lev.18.6
LEV 18:7,COPY_OR_MERGE,Lev.18.7
LEV 18:8,COPY_OR_MERGE,Lev.18.8
LEV 18:9,COPY_OR_MERGE,Lev.18.9
LEV 18:10,COPY_OR_MERGE,Lev.18.10
LEV 18:11,COPY_OR_MERGE,Lev.18.11
LEV 18:12,COPY_OR_MERGE,Lev.18.12
LEV 18:13,COPY_OR_MERGE,Lev.18.13
LEV 18:14,COPY_OR_MERGE,Lev.18.14
LEV 18:15,COPY_OR_MERGE,Lev.18.15
LEV 18:16,COPY_OR_MERGE,Lev.18.16
LEV 18:17,COPY_OR_MERGE,Lev.18.17
LEV 18:18,COPY_OR_MERGE,Lev.18.18
LEV 18:19,COPY_OR_MERGE,Lev.18.19
LEV 18:20,COPY_OR_MERGE,Lev.18.20
LEV 18:21,COPY_OR_MERGE,Lev.18.21
LEV 18:22,COPY_OR_MERGE,Lev.18.22
LEV 18:23,COPY_OR_MERGE,Lev.18.23
LEV 18:24,COPY_OR_MERGE,Lev.18.24
LEV 18:25,COPY_OR_MERGE,Lev.18.25
LEV 18:26,COPY_OR_MERGE,Lev.18.26
LEV 18:27,COPY_OR_MERGE,Lev.18.27
LEV 18:28,COPY_OR_MERGE,Lev.18.28
LEV 18:29,COPY_OR_MERGE,Lev.18.29
LEV 18:30,COPY_OR_MERGE,Lev.18.30
LEV 19:1,COPY_OR_MERGE,Lev.19.1
LEV 19:2,COPY_OR_MERGE,Lev.19.2
LEV 19:3,COPY_OR_MERGE,Lev.19.3
LEV 19:4,COPY_OR_MERGE,Lev.19.4
LEV 19:5,COPY_OR_MERGE,Lev.19.5
LEV 19:6,COPY_OR_MERGE,Lev.19.6
LEV 19:7,COPY_OR_MERGE,Lev.19.7
LEV 19:8,COPY_OR_MERGE,Lev.19.8
LEV 19:9,COPY_OR_MERGE,Lev.19.9
LEV 19:10,COPY_OR_MERGE,Lev.19.10
LEV 19:11,COPY_OR_MERGE,Lev.19.11
LEV 19:12,COPY_OR_MERGE,Lev.19.12
LEV 19:13,COPY_OR_MERGE,Lev.19.13
LEV 19:14,COPY_OR_MERGE,Lev.19.14
LEV 19:15,COPY_OR_MERGE,Lev.19.15
LEV 19:16,COPY_OR_MERGE,Lev.19.16
LEV 19:17,COPY_OR_MERGE,Lev.19.17
LEV 19:18,COPY_OR_MERGE,Lev.19.18
LEV 19:19,COPY_OR_MERGE,Lev.19.19
LEV 19:20,COPY_OR_MERGE,Lev.19.20
LEV 19:21,COPY_OR_MERGE,Lev.19.21
LEV 19:22,COPY_OR_MERGE,Lev.19.22
LEV 19:23,COPY_OR_MERGE,Lev.19.23
LEV 19:24,COPY_OR_MERGE,Lev.19.24
LEV 19:25,COPY_OR_MERGE,Lev.19.25
LEV 19:26,COPY_OR_MERGE,Lev.19.26
LEV 19:27,COPY_OR_MERGE,Lev.19.27
LEV 19:28,COPY_OR_MERGE,Lev.19.28
LEV 19:29,COPY_OR_MERGE,Lev.19.29
LEV 19:30,COPY_OR_MERGE,Lev.19.30
LEV 19:31,COPY_OR_MERGE,Lev.19.31
LEV 19:32,COPY_OR_MERGE,Lev.19.32
LEV 19:33,COPY_OR_MERGE,Lev.19.33
LEV 19:34,COPY_OR_MERGE,Lev.19.34
LEV 19:35,COPY_OR_MERGE,Lev.19.35
LEV 19:36,COPY_OR_MERGE,Lev.19.36
LEV 19:37,COPY_OR_MERGE,Lev.19.37
LEV 20:1,COPY_OR_MERGE,Lev.20.1
LEV 20:2,COPY_OR_MERGE,Lev.20.2
LEV 20:3,COPY_OR_MERGE,Lev.20.3
LEV 20:4,COPY_OR_MERGE,Lev.20.4
LEV 20:5,COPY_OR_MERGE,Lev.20.5
LEV 20:6,COPY_OR_MERGE,Lev.20.6
LEV 20:7,COPY_OR_MERGE,Lev.20.7
LEV 20:8,COPY_OR_MERGE,Lev.20.8
LEV 20:9,COPY_OR_MERGE,Lev.20.9
LEV 20:10,COPY_OR_MERGE,Lev.20.10
LEV 20:11,COPY_OR_MERGE,Lev.20.11
LEV 20:12,COPY_OR_MERGE,Lev.20.12
LEV 20:13,COPY_OR_MERGE,Lev.20.13
LEV 20:14,COPY_OR_MERGE,Lev.20.14
LEV 20:15,COPY_OR_MERGE,Lev.20.15
LEV 20:16,COPY_OR_MERGE,Lev.20.16
LEV 20:17,COPY_OR_MERGE,Lev.20.17
LEV 20:18,COPY_OR_MERGE,Lev.20.18
LEV 20:19,COPY_OR_MERGE,Lev.20.19
LEV 20:20,COPY_OR_MERGE,Lev.20.20
LEV 20:21,COPY_OR_MERGE,Lev.20.21
LEV 20:22,COPY_OR_MERGE,Lev.20.22
LEV 20:23,COPY_OR_MERGE,Lev.20.23
LEV 20:24,COPY_OR_MERGE,Lev.20.24
LEV 20:25,COPY_OR_MERGE,Lev.20.25
LEV 20:26,COPY_OR_MERGE,Lev.20.26
LEV 20:27,COPY_OR_MERGE,Lev.20.27
LEV 21:1,COPY_OR_MERGE,Lev.21.1
LEV 21:2,COPY_OR_MERGE,Lev.21.2
LEV 21:3,COPY_OR_MERGE,Lev.21.3
LEV 21:4,COPY_OR_MERGE,Lev.21.4
LEV 21:5,COPY_OR_MERGE,Lev.21.5
LEV 21:6,COPY_OR_MERGE,Lev.21.6
LEV 21:7,COPY_OR_MERGE,Lev.21.7
LEV 21:8,COPY_OR_MERGE,Lev.21.8
LEV 21:9,COPY_OR_MERGE,Lev.21.9
LEV 21:10,COPY_OR_MERGE,Lev.21.10
LEV 21:11,COPY_OR_MERGE,Lev.21.11
LEV 21:12,COPY_OR_MERGE,Lev.21.12
LEV 21:13,COPY_OR_MERGE,Lev.21.13
LEV 21:14,COPY_OR_MERGE,Lev.21.14
LEV 21:15,COPY_OR_MERGE,Lev.21.15
LEV 21:16,COPY_OR_MERGE,Lev.21.16
LEV 21:17,COPY_OR_MERGE,Lev.21.17
LEV 21:18,COPY_OR_MERGE,Lev.21.18
LEV 21:19,COPY_OR_MERGE,Lev.21.19
LEV 21:20,COPY_OR_MERGE,Lev.21.20
LEV 21:21,COPY_OR_MERGE,Lev.21.21
LEV 21:22,COPY_OR_MERGE,Lev.21.22
LEV 21:23,COPY_OR_MERGE,Lev.21.23
LEV 21:24,COPY_OR_MERGE,Lev.21.24
LEV 22:1,COPY_OR_MERGE,Lev.22.1
LEV 22:2,COPY_OR_MERGE,Lev.22.2
LEV 22:3,COPY_OR_MERGE,Lev.22.3
LEV 22:4,COPY_OR_MERGE,Lev.22.4
LEV 22:5,COPY_OR_MERGE,Lev.22.5
LEV 22:6,COPY_OR_MERGE,Lev.22.6
LEV 22:7,COPY_OR_MERGE,Lev.22.7
LEV 22:8,COPY_OR_MERGE,Lev.22.8
LEV 22:9,COPY_OR_MERGE,Lev.22.9
LEV 22:10,COPY_OR_MERGE,Lev.22.10
LEV 22:11,COPY_OR_MERGE,Lev.22.11
LEV 22:12,COPY_OR_MERGE,Lev.22.12
LEV 22:13,COPY_OR_MERGE,Lev.22.13
LEV 22:14,COPY_OR_MERGE,Lev.22.14
LEV 22:15,COPY_OR_MERGE,Lev.22.15
LEV 22:16,COPY_OR_MERGE,Lev.22.16
LEV 22:17,COPY_OR_MERGE,Lev.22.17
LEV 22:18,COPY_OR_MERGE,Lev.22.18
LEV 22:19,COPY_OR_MERGE,Lev.22.19
LEV 22:20,COPY_OR_MERGE,Lev.22.20
LEV 22:21,COPY_OR_MERGE,Lev.22.21
LEV 22:22,COPY_OR_MERGE,Lev.22.22
LEV 22:23,COPY_OR_MERGE,Lev.22.23
LEV 22:24,COPY_OR_MERGE,Lev.22.24
LEV 22:25,COPY_OR_MERGE,Lev.22.25
LEV 22:26,COPY_OR_MERGE,Lev.22.26
LEV 22:27,COPY_OR_MERGE,Lev.22.27
LEV 22:28,COPY_OR_MERGE,Lev.22.28
LEV 22:29,COPY_OR_MERGE,Lev.22.29
LEV 22:30,COPY_OR_MERGE,Lev.22.30
LEV 22:31,COPY_OR_MERGE,Lev.22.31
LEV 22:32,COPY_OR_MERGE,Lev.22.32
LEV 22:33,COPY_OR_MERGE,Lev.22.33
LEV 23:1,COPY_OR_MERGE,Lev.23.1
LEV 23:2,COPY_OR_MERGE,Lev.23.2
LEV 23:3,COPY_OR_MERGE,Lev.23.3
LEV 23:4,COPY_OR_MERGE,Lev.23.4
LEV 23:5,COPY_OR_MERGE,Lev.23.5
LEV 23:6,COPY_OR_MERGE,Lev.23.6
LEV 23:7,COPY_OR_MERGE,Lev.23.7
LEV 23:8,COPY_OR_MERGE,Lev.23.8
LEV 23:9,COPY_OR_MERGE,Lev.23.9
LEV 23:10,COPY_OR_MERGE,Lev.23.10
LEV 23:11,COPY_OR_MERGE,Lev.23.11
LEV 23:12,COPY_OR_MERGE,Lev.23.12
LEV 23:13,COPY_OR_MERGE,Lev.23.13
LEV 23:14,COPY_OR_MERGE,Lev.23.14
LEV 23:15,COPY_OR_MERGE,Lev.23.15
LEV 23:16,COPY_OR_MERGE,Lev.23.16
LEV 23:17,COPY_OR_MERGE,Lev.23.17
LEV 23:18,COPY_OR_MERGE,Lev.23.18
LEV 23:19,COPY_OR_MERGE,Lev.23.19
LEV 23:20,COPY_OR_MERGE,Lev.23.20
LEV 23:21,COPY_OR_MERGE,Lev.23.21
LEV 23:22,COPY_OR_MERGE,Lev.23.22
LEV 23:23,COPY_OR_MERGE,Lev.23.23
LEV 23:24,COPY_OR_MERGE,Lev.23.24
LEV 23:25,COPY_OR_MERGE,Lev.23.25
LEV 23:26,COPY_OR_MERGE,Lev.23.26
LEV 23:27,COPY_OR_MERGE,Lev.23.27
LEV 23:28,COPY_OR_MERGE,Lev.23.28
LEV 23:29,COPY_OR_MERGE,Lev.23.29
LEV 23:30,COPY_OR_MERGE,Lev.23.30
LEV 23:31,COPY_OR_MERGE,Lev.23.31
LEV 23:32,COPY_OR_MERGE,Lev.23.32
LEV 23:33,COPY_OR_MERGE,Lev.23.33
LEV 23:34,COPY_OR_MERGE,Lev.23.34
LEV 23:35,COPY_OR_MERGE,Lev.23.35
LEV 23:36,COPY_OR_MERGE,Lev.23.36
LEV 23:37,COPY_OR_MERGE,Lev.23.37
LEV 23:38,COPY_OR_MERGE,Lev.23.38
LEV 23:39,COPY_OR_MERGE,Lev.23.39
LEV 23:40,COPY_OR_MERGE,Lev.23.40
LEV 23:41,COPY_OR_MERGE,Lev.23.41
LEV 23:42,COPY_OR_MERGE,Lev.23.42
LEV 23:43,COPY_OR_MERGE,Lev.23.43
LEV 23:44,COPY_OR_MERGE,Lev.23.44
LEV 24:1,COPY_OR_MERGE,Lev.24.1
LEV 24:2,COPY_OR_MERGE,Lev.24.2
LEV 24:3,COPY_OR_MERGE,Lev.24.3
LEV 24:4,COPY_OR_MERGE,Lev.24.4
LEV 24:5,COPY_OR_MERGE,Lev.24.5
LEV 24:6,COPY_OR_MERGE,Lev.24.6
LEV 24:7,COPY_OR_MERGE,Lev.24.7
LEV 24:8,COPY_OR_MERGE,Lev.24.8
LEV 24:9,COPY_OR_MERGE,Lev.24.9
LEV 24:10,COPY_OR_MERGE,Lev.24.10
LEV 24:11,COPY_OR_MERGE,Lev.24.11
LEV 24:12,COPY_OR_MERGE,Lev.24.12
LEV 24:13,COPY_OR_MERGE,Lev.24.13
LEV 24:14,COPY_OR_MERGE,Lev.24.14
LEV 24:15,COPY_OR_MERGE,Lev.24.15
LEV 24:16,COPY_OR_MERGE,Lev.24.16
LEV 24:17,COPY_OR_MERGE,Lev.24.17
LEV 24:18,COPY_OR_MERGE,Lev.24.18
LEV 24:19,COPY_OR_MERGE,Lev.24.19
LEV 24:20,COPY_OR_MERGE,Lev.24.20
LEV 24:21,COPY_OR_MERGE,Lev.24.21
LEV 24:22,COPY_OR_MERGE,Lev.24.22
LEV 24:23,COPY_OR_MERGE,Lev.24.23
LEV 25:1,COPY_OR_MERGE,Lev.25.1
LEV 25:2,COPY_OR_MERGE,Lev.25.2
LEV 25:3,COPY_OR_MERGE,Lev.25.3
LEV 25:4,COPY_OR_MERGE,Lev.25.4
LEV 25:5,COPY_OR_MERGE,Lev.25.5
LEV 25:6,COPY_OR_MERGE,Lev.25.6
LEV 25:7,COPY_OR_MERGE,Lev.25.7
LEV 25:8,COPY_OR_MERGE,Lev.25.8
LEV 25:9,COPY_OR_MERGE,Lev.25.9
LEV 25:10,COPY_OR_MERGE,Lev.25.10
LEV 25:11,COPY_OR_MERGE,Lev.25.11
LEV 25:12,COPY_OR_MERGE,Lev.25.12
LEV 25:13,COPY_OR_MERGE,Lev.25.13
LEV 25:14,COPY_OR_MERGE,Lev.25.14
LEV 25:15,COPY_OR_MERGE,Lev.25.15
LEV 25:16,COPY_OR_MERGE,Lev.25.16
LEV 25:17,COPY_OR_MERGE,Lev.25.17
LEV 25:18,COPY_OR_MERGE,Lev.25.18
LEV 25:19,COPY_OR_MERGE,Lev.25.19
LEV 25:20,COPY_OR_MERGE,Lev.25.20
LEV 25:21,COPY_OR_MERGE,Lev.25.21
LEV 25:22,COPY_OR_MERGE,Lev.25.22
LEV 25:23,COPY_OR_MERGE,Lev.25.23
LEV 25:24,COPY_OR_MERGE,Lev.25.24
LEV 25:25,COPY_OR_MERGE,Lev.25.25
LEV 25:26,COPY_OR_MERGE,Lev.25.26
LEV 25:27,COPY_OR_MERGE,Lev.25.27
LEV 25:28,COPY_OR_MERGE,Lev.25.28
LEV 25:29,COPY_OR_MERGE,Lev.25.29
LEV 25:30,COPY_OR_MERGE,Lev.25.30
LEV 25:31,COPY_OR_MERGE,Lev.25.31
LEV 25:32,COPY_OR_MERGE,Lev.25.32
LEV 25:33,COPY_OR_MERGE,Lev.25.33
LEV 25:34,COPY_OR_MERGE,Lev.25.34
LEV 25:35,COPY_OR_MERGE,Lev.25.35
LEV 25:36,COPY_OR_MERGE,Lev.25.36
LEV 25:37,COPY_OR_MERGE,Lev.25.37
LEV 25:38,COPY_OR_MERGE,Lev.25.38
LEV 25:39,COPY_OR_MERGE,Lev.25.39
LEV 25:40,COPY_OR_MERGE,Lev.25.40
LEV 25:41,COPY_OR_MERGE,Lev.25.41
LEV 25:42,COPY_OR_MERGE,Lev.25.42
LEV 25:43,COPY_OR_MERGE,Lev.25.43
LEV 25:44,COPY_OR_MERGE,Lev.25.44
LEV 25:45,COPY_OR_MERGE,Lev.25.45
LEV 25:46,COPY_OR_MERGE,Lev.25.46
LEV 25:47,COPY_OR_MERGE,Lev.25.47
LEV 25:48,COPY_OR_MERGE,Lev.25.48
LEV 25:49,COPY_OR_MERGE,Lev.25.49
LEV 25:50,COPY_OR_MERGE,Lev.25.50
LEV 25:51,COPY_OR_MERGE,Lev.25.51
LEV 25:52,COPY_OR_MERGE,Lev.25.52
LEV 25:53,COPY_OR_MERGE,Lev.25.53
LEV 25:54,COPY_OR_MERGE,Lev.25.54
LEV 25:55,COPY_OR_MERGE,Lev.25.55
LEV 26:1,COPY_OR_MERGE,Lev.26.1
LEV 26:2,COPY_OR_MERGE,Lev.26.2
LEV 26:3,COPY_OR_MERGE,Lev.26.3
LEV 26:4,COPY_OR_MERGE,Lev.26.4
LEV 26:5,COPY_OR_MERGE,Lev.26.5
LEV 26:6,COPY_OR_MERGE,Lev.26.6
LEV 26:7,COPY_OR_MERGE,Lev.26.7
LEV 26:8,COPY_OR_MERGE,Lev.26.8
LEV 26:9,COPY_OR_MERGE,Lev.26.9
LEV 26:10,COPY_OR_MERGE,Lev.26.10
LEV 26:11,COPY_OR_MERGE,Lev.26.11
LEV 26:12,COPY_OR_MERGE,Lev.26.12
LEV 26:13,COPY_OR_MERGE,Lev.26.13
LEV 26:14,COPY_OR_MERGE,Lev.26.14
LEV 26:15,COPY_OR_MERGE,Lev.26.15
LEV 26:16,COPY_OR_MERGE,Lev.26.16
LEV 26:17,COPY_OR_MERGE,Lev.26.17
LEV 26:18,COPY_OR_MERGE,Lev.26.18
LEV 26:19,COPY_OR_MERGE,Lev.26.19
LEV 26:20,COPY_OR_MERGE,Lev.26.20
LEV 26:21,COPY_OR_MERGE,Lev.26.21
LEV 26:22,COPY_OR_MERGE,Lev.26.22
LEV 26:23,COPY_OR_MERGE,Lev.26.23
LEV 26:24,COPY_OR_MERGE,Lev.26.24
LEV 26:25,COPY_OR_MERGE,Lev.26.25
LEV 26:26,COPY_OR_MERGE,Lev.26.26
LEV 26:27,COPY_OR_MERGE,Lev.26.27
LEV 26:28,COPY_OR_MERGE,Lev.26.28
LEV 26:29,COPY_OR_MERGE,Lev.26.29
LEV 26:30,COPY_OR_MERGE,Lev.26.30
LEV 26:31,COPY_OR_MERGE,Lev.26.31
LEV 26:32,COPY_OR_MERGE,Lev.26.32
LEV 26:33,COPY_OR_MERGE,Lev.26.33
LEV 26:34,COPY_OR_MERGE,Lev.26.34
LEV 26:35,COPY_OR_MERGE,Lev.26.35
LEV 26:36,COPY_OR_MERGE,Lev.26.36
LEV 26:37,COPY_OR_MERGE,Lev.26.37
LEV 26:38,COPY_OR_MERGE,Lev.26.38
LEV 26:39,COPY_OR_MERGE,Lev.26.39
LEV 26:40,COPY_OR_MERGE,Lev.26.40
LEV 26:41,COPY_OR_MERGE,Lev.26.41
LEV 26:42,COPY_OR_MERGE,Lev.26.42
LEV 26:43,COPY_OR_MERGE,Lev.26.43
LEV 26:44,COPY_OR_MERGE,Lev.26.44
LEV 26:45,COPY_OR_MERGE,Lev.26.45
LEV 26:46,COPY_OR_MERGE,Lev.26.46
LEV 27:1,COPY_OR_MERGE,Lev.27.1
LEV 27:2,COPY_OR_MERGE,Lev.27.2
LEV 27:3,COPY_OR_MERGE,Lev.27.3
LEV 27:4,COPY_OR_MERGE,Lev.27.4
LEV 27:5,COPY_OR_MERGE,Lev.27.5
LEV 27:6,COPY_OR_MERGE,Lev.27.6
LEV 27:7,COPY_OR_MERGE,Lev.27.7
LEV 27:8,COPY_OR_MERGE,Lev.27.8
LEV 27:9,COPY_OR_MERGE,Lev.27.9
LEV 27:10,COPY_OR_MERGE,Lev.27.10
LEV 27:11,COPY_OR_MERGE,Lev.27.11
LEV 27:12,COPY_OR_MERGE,Lev.27.12
LEV 27:13,COPY_OR_MERGE,Lev.27.13
LEV 27:14,COPY_OR_MERGE,Lev.27.14
LEV 27:15,COPY_OR_MERGE,Lev.27.15
LEV 27:16,COPY_OR_MERGE,Lev.27.16
LEV 27:17,COPY_OR_MERGE,Lev.27.17
LEV 27:18,COPY_OR_MERGE,Lev.27.18
LEV 27:19,COPY_OR_MERGE,Lev.27.19
LEV 27:20,COPY_OR_MERGE,Lev.27.20
LEV 27:21,COPY_OR_MERGE,Lev.27.21
LEV 27:22,COPY_OR_MERGE,Lev.27.22
LEV 27:23,COPY_OR_MERGE,Lev.27.23
LEV 27:24,COPY_OR_MERGE,Lev.27.24
LEV 27:25,COPY_OR_MERGE,Lev.27.25
LEV 27:26,COPY_OR_MERGE,Lev.27.26
LEV 27:27,COPY_OR_MERGE,Lev.27.27
LEV 27:28,COPY_OR_MERGE,Lev.27.28
LEV 27:29,COPY_OR_MERGE,Lev.27.29
LEV 27:30,COPY_OR_MERGE,Lev.27.30
LEV 27:31,COPY_OR_MERGE,Lev.27.31
LEV 27:32,COPY_OR_MERGE,Lev.27.32
LEV 27:33,COPY_OR_MERGE,Lev.27.33
LEV 27:34,COPY_OR_MERGE,Lev.27.34
MAL 1:1,COPY_OR_MERGE,Mal.1.1
MAL 1:2,COPY_OR_MERGE,Mal.1.2
MAL 1:3,COPY_OR_MERGE,Mal.1.3
MAL 1:4,COPY_OR_MERGE,Mal.1.4
MAL 1:5,COPY_OR_MERGE,Mal.1.5
MAL 1:6,COPY_OR_MERGE,Mal.1.6
MAL 1:7,COPY_OR_MERGE,Mal.1.7
MAL 1:8,COPY_OR_MERGE,Mal.1.8
MAL 1:9,COPY_OR_MERGE,Mal.1.9
MAL 1:10,COPY_OR_MERGE,Mal.1.10
MAL 1:11,COPY_OR_MERGE,Mal.1.11
MAL 1:12,COPY_OR_MERGE,Mal.1.12
MAL 1:13,COPY_OR_MERGE,Mal.1.13
MAL 1:14,COPY_OR_MERGE,Mal.1.14
MAL 2:1,COPY_OR_MERGE,Mal.2.1
MAL 2:2,COPY_OR_MERGE,Mal.2.2
MAL 2:3,COPY_OR_MERGE,Mal.2.3
MAL 2:4,COPY_OR_MERGE,Mal.2.4
MAL 2:5,COPY_OR_MERGE,Mal.2.5
MAL 2:6,COPY_OR_MERGE,Mal.2.6
MAL 2:7,COPY_OR_MERGE,Mal.2.7
MAL 2:8,COPY_OR_MERGE,Mal.2.8
MAL 2:9,COPY_OR_MERGE,Mal.2.9
MAL 2:10,COPY_OR_MERGE,Mal.2.10
MAL 2:11,COPY_OR_MERGE,Mal.2.11
MAL 2:12,COPY_OR_MERGE,Mal.2.12
MAL 2:13,COPY_OR_MERGE,Mal.2.13
MAL 2:14,COPY_OR_MERGE,Mal.2.14
MAL 2:15,COPY_OR_MERGE,Mal.2.15
MAL 2:16,COPY_OR_MERGE,Mal.2.16
MAL 2:17,COPY_OR_MERGE,Mal.2.17
MAL 3:1,COPY_OR_MERGE,Mal.3.1
MAL 3:2,COPY_OR_MERGE,Mal.3.2
MAL 3:3,COPY_OR_MERGE,Mal.3.3
MAL 3:4,COPY_OR_MERGE,Mal.3.4
MAL 3:5,COPY_OR_MERGE,Mal.3.5
MAL 3:6,COPY_OR_MERGE,Mal.3.6
MAL 3:7,COPY_OR_MERGE,Mal.3.7
MAL 3:8,COPY_OR_MERGE,Mal.3.8
MAL 3:9,COPY_OR_MERGE,Mal.3.9
MAL 3:10,COPY_OR_MERGE,Mal.3.10
MAL 3:11,COPY_OR_MERGE,Mal.3.11
MAL 3:12,COPY_OR_MERGE,Mal.3.12
MAL 3:13,COPY_OR_MERGE,Mal.3.13
MAL 3:14,COPY_OR_MERGE,Mal.3.14
MAL 3:15,COPY_OR_MERGE,Mal.3.15
MAL 3:16,COPY_OR_MERGE,Mal.3.16
MAL 3:17,COPY_OR_MERGE,Mal.3.17
MAL 3:18,COPY_OR_MERGE,Mal.3.18
MAL 4:1,COPY_OR_MERGE,Mal.3.19
MAL 4:2,COPY_OR_MERGE,Mal.3.20
MAL 4:3,COPY_OR_MERGE,Mal.3.21
MAL 4:4,COPY_OR_MERGE,Mal.3.22
MAL 4:5,COPY_OR_MERGE,Mal.3.23
MAL 4:6,COPY_OR_MERGE,Mal.3.24
MIC 1:1,COPY_OR_MERGE,Mic.1.1
MIC 1:2,COPY_OR_MERGE,Mic.1.2
MIC 1:3,COPY_OR_MERGE,Mic.1.3
MIC 1:4,COPY_OR_MERGE,Mic.1.4
MIC 1:5,COPY_OR_MERGE,Mic.1.5
MIC 1:6,COPY_OR_MERGE,Mic.1.6
MIC 1:7,COPY_OR_MERGE,Mic.1.7
MIC 1:8,COPY_OR_MERGE,Mic.1.8
MIC 1:9,COPY_OR_MERGE,Mic.1.9
MIC 1:10,COPY_OR_MERGE,Mic.1.10
MIC 1:11,COPY_OR_MERGE,Mic.1.11
MIC 1:12,COPY_OR_MERGE,Mic.1.12
MIC 1:13,COPY_OR_MERGE,Mic.1.13
MIC 1:14,COPY_OR_MERGE,Mic.1.14
MIC 1:15,COPY_OR_MERGE,Mic.1.15
MIC 1:16,COPY_OR_MERGE,Mic.1.16
MIC 2:1,COPY_OR_MERGE,Mic.2.1
MIC 2:2,COPY_OR_MERGE,Mic.2.2
MIC 2:3,COPY_OR_MERGE,Mic.2.3
MIC 2:4,COPY_OR_MERGE,Mic.2.4
MIC 2:5,COPY_OR_MERGE,Mic.2.5
MIC 2:6,COPY_OR_MERGE,Mic.2.6
MIC 2:7,COPY_OR_MERGE,Mic.2.7
MIC 2:8,COPY_OR_MERGE,Mic.2.8
MIC 2:9,COPY_OR_MERGE,Mic.2.9
MIC 2:10,COPY_OR_MERGE,Mic.2.10
MIC 2:11,COPY_OR_MERGE,Mic.2.11
MIC 2:12,COPY_OR_MERGE,Mic.2.12
MIC 2:13,COPY_OR_MERGE,Mic.2.13
MIC 3:1,COPY_OR_MERGE,Mic.3.1
MIC 3:2,COPY_OR_MERGE,Mic.3.2
MIC 3:3,COPY_OR_MERGE,Mic.3.3
MIC 3:4,COPY_OR_MERGE,Mic.3.4
MIC 3:5,COPY_OR_MERGE,Mic.3.5
MIC 3:6,COPY_OR_MERGE,Mic.3.6
MIC 3:7,COPY_OR_MERGE,Mic.3.7
MIC 3:8,COPY_OR_MERGE,Mic.3.8
MIC 3:9,COPY_OR_MERGE,Mic.3.9
MIC 3:10,COPY_OR_MERGE,Mic.3.10
MIC 3:11,COPY_OR_MERGE,Mic.3.11
MIC 3:12,COPY_OR_MERGE,Mic.3.12
MIC 4:1,COPY_OR_MERGE,Mic.4.1
MIC 4:2,COPY_OR_MERGE,Mic.4.2
MIC 4:3,COPY_OR_MERGE,Mic.4.3
MIC 4:4,COPY_OR_MERGE,Mic.4.4
MIC 4:5,COPY_OR_MERGE,Mic.4.5
MIC 4:6,COPY_OR_MERGE,Mic.4.6
MIC 4:7,COPY_OR_MERGE,Mic.4.7
MIC 4:8,COPY_OR_MERGE,Mic.4.8
MIC 4:9,COPY_OR_MERGE,Mic.4.9
MIC 4:10,COPY_OR_MERGE,Mic.4.10
MIC 4:11,COPY_OR_MERGE,Mic.4.11
MIC 4:12,COPY_OR_MERGE,Mic.4.12
MIC 4:13,COPY_OR_MERGE,Mic.4.13
MIC 5:1,COPY_OR_MERGE,Mic.4.14
MIC 5:2,COPY_OR_MERGE,Mic.5.1
MIC 5:3,COPY_OR_MERGE,Mic.5.2
MIC 5:4,COPY_OR_MERGE,Mic.5.3
MIC 5:5,COPY_OR_MERGE,Mic.5.4
MIC 5:6,COPY_OR_MERGE,Mic.5.5
MIC 5:7,COPY_OR_MERGE,Mic.5.6
MIC 5:8,COPY_OR_MERGE,Mic.5.7
MIC 5:9,COPY_OR_MERGE,Mic.5.8
MIC 5:10,COPY_OR_MERGE,Mic.5.9
MIC 5:11,COPY_OR_MERGE,Mic.5.10
MIC 5:12,COPY_OR_MERGE,Mic.5.11
MIC 5:13,COPY_OR_MERGE,Mic.5.12
MIC 5:14,COPY_OR_MERGE,Mic.5.13
MIC 5:15,COPY_OR_MERGE,Mic.5.14
MIC 6:1,COPY_OR_MERGE,Mic.6.1
MIC 6:2,COPY_OR_MERGE,Mic.6.2
MIC 6:3,COPY_OR_MERGE,Mic.6.3
MIC 6:4,COPY_OR_MERGE,Mic.6.4
MIC 6:5,COPY_OR_MERGE,Mic.6.5
MIC 6:6,COPY_OR_MERGE,Mic.6.6
MIC 6:7,COPY_OR_MERGE,Mic.6.7
MIC 6:8,COPY_OR_MERGE,Mic.6.8
MIC 6:9,COPY_OR_MERGE,Mic.6.9
MIC 6:10,COPY_OR_MERGE,Mic.6.10
MIC 6:11,COPY_OR_MERGE,Mic.6.11
MIC 6:12,COPY_OR_MERGE,Mic.6.12
MIC 6:13,COPY_OR_MERGE,Mic.6.13
MIC 6:14,COPY_OR_MERGE,Mic.6.14
MIC 6:15,COPY_OR_MERGE,Mic.6.15
MIC 6:16,COPY_OR_MERGE,Mic.6.16
MIC 7:1,COPY_OR_MERGE,Mic.7.1
MIC 7:2,COPY_OR_MERGE,Mic.7.2
MIC 7:3,COPY_OR_MERGE,Mic.7.3
MIC 7:4,COPY_OR_MERGE,Mic.7.4
MIC 7:5,COPY_OR_MERGE,Mic.7.5
MIC 7:6,COPY_OR_MERGE,Mic.7.6
MIC 7:7,COPY_OR_MERGE,Mic.7.7
MIC 7:8,COPY_OR_MERGE,Mic.7.8
MIC 7:9,COPY_OR_MERGE,Mic.7.9
MIC 7:10,COPY_OR_MERGE,Mic.7.10
MIC 7:11,COPY_OR_MERGE,Mic.7.11
MIC 7:12,COPY_OR_MERGE,Mic.7.12
MIC 7:13,COPY_OR_MERGE,Mic.7.13
MIC 7:14,COPY_OR_MERGE,Mic.7.14
MIC 7:15,COPY_OR_MERGE,Mic.7.15
MIC 7:16,COPY_OR_MERGE,Mic.7.16
MIC 7:17,COPY_OR_MERGE,Mic.7.17
MIC 7:18,COPY_OR_MERGE,Mic.7.18
MIC 7:19,COPY_OR_MERGE,Mic.7.19
MIC 7:20,COPY_OR_MERGE,Mic.7.20
NAM 1:1,COPY_OR_MERGE,Nah.1.1
NAM 1:2,COPY_OR_MERGE,Nah.1.2
NAM 1:3,COPY_OR_MERGE,Nah.1.3
NAM 1:4,COPY_OR_MERGE,Nah.1.4
NAM 1:5,COPY_OR_MERGE,Nah.1.5
NAM 1:6,COPY_OR_MERGE,Nah.1.6
NAM 1:7,COPY_OR_MERGE,Nah.1.7
NAM 1:8,COPY_OR_MERGE,Nah.1.8
NAM 1:9,COPY_OR_MERGE,Nah.1.9
NAM 1:10,COPY_OR_MERGE,Nah.1.10
NAM 1:11,COPY_OR_MERGE,Nah.1.11
NAM 1:12,COPY_OR_MERGE,Nah.1.12
NAM 1:13,COPY_OR_MERGE,Nah.1.13
NAM 1:14,COPY_OR_MERGE,Nah.1.14
NAM 1:15,COPY_OR_MERGE,Nah.2.1
NAM 2:1,COPY_OR_MERGE,Nah.2.2
NAM 2:2,COPY_OR_MERGE,Nah.2.3
NAM 2:3,COPY_OR_MERGE,Nah.2.4
NAM 2:4,COPY_OR_MERGE,Nah.2.5
NAM 2:5,COPY_OR_MERGE,Nah.2.6
NAM 2:6,COPY_OR_MERGE,Nah.2.7
NAM 2:7,COPY_OR_MERGE,Nah.2.8
NAM 2:8,COPY_OR_MERGE,Nah.2.9
NAM 2:9,COPY_OR_MERGE,Nah.2.10
NAM 2:10,COPY_OR_MERGE,Nah.2.11
NAM 2:11,COPY_OR_MERGE,Nah.2.12
NAM 2:12,COPY_OR_MERGE,Nah.2.13
NAM 2:13,COPY_OR_MERGE,Nah.2.14
NAM 3:1,COPY_OR_MERGE,Nah.3.1
NAM 3:2,COPY_OR_MERGE,Nah.3.2
NAM 3:3,COPY_OR_MERGE,Nah.3.3
NAM 3:4,COPY_OR_MERGE,Nah.3.4
NAM 3:5,COPY_OR_MERGE,Nah.3.5
NAM 3:6,COPY_OR_MERGE,Nah.3.6
NAM 3:7,COPY_OR_MERGE,Nah.3.7
NAM 3:8,COPY_OR_MERGE,Nah.3.8
NAM 3:9,COPY_OR_MERGE,Nah.3.9
NAM 3:10,COPY_OR_MERGE,Nah.3.10
NAM 3:11,COPY_OR_MERGE,Nah.3.11
NAM 3:12,COPY_OR_MERGE,Nah.3.12
NAM 3:13,COPY_OR_MERGE,Nah.3.13
NAM 3:14,COPY_OR_MERGE,Nah.3.14
NAM 3:15,COPY_OR_MERGE,Nah.3.15
NAM 3:16,COPY_OR_MERGE,Nah.3.16
NAM 3:17,COPY_OR_MERGE,Nah.3.17
NAM 3:18,COPY_OR_MERGE,Nah.3.18
NAM 3:19,COPY_OR_MERGE,Nah.3.19
NEH 1:1,COPY_OR_MERGE,Neh.1.1
NEH 1:2,COPY_OR_MERGE,Neh.1.2
NEH 1:3,COPY_OR_MERGE,Neh.1.3
NEH 1:4,COPY_OR_MERGE,Neh.1.4
NEH 1:5,COPY_OR_MERGE,Neh.1.5
NEH 1:6,COPY_OR_MERGE,Neh.1.6
NEH 1:7,COPY_OR_MERGE,Neh.1.7
NEH 1:8,COPY_OR_MERGE,Neh.1.8
NEH 1:9,COPY_OR_MERGE,Neh.1.9
NEH 1:10,COPY_OR_MERGE,Neh.1.10
NEH 1:11,COPY_OR_MERGE,Neh.1.11
NEH 2:1,COPY_OR_MERGE,Neh.2.1
NEH 2:2,COPY_OR_MERGE,Neh.2.2
NEH 2:3,COPY_OR_MERGE,Neh.2.3
NEH 2:4,COPY_OR_MERGE,Neh.2.4
NEH 2:5,COPY_OR_MERGE,Neh.2.5
NEH 2:6,COPY_OR_MERGE,Neh.2.6
NEH 2:7,COPY_OR_MERGE,Neh.2.7
NEH 2:8,COPY_OR_MERGE,Neh.2.8
NEH 2:9,COPY_OR_MERGE,Neh.2.9
NEH 2:10,COPY_OR_MERGE,Neh.2.10
NEH 2:11,COPY_OR_MERGE,Neh.2.11
NEH 2:12,COPY_OR_MERGE,Neh.2.12
NEH 2:13,COPY_OR_MERGE,Neh.2.13
NEH 2:14,COPY_OR_MERGE,Neh.2.14
NEH 2:15,COPY_OR_MERGE,Neh.2.15
NEH 2:16,COPY_OR_MERGE,Neh.2.16
NEH 2:17,COPY_OR_MERGE,Neh.2.17
NEH 2:18,COPY_OR_MERGE,Neh.2.18
NEH 2:19,COPY_OR_MERGE,Neh.2.19
NEH 2:20,COPY_OR_MERGE,Neh.2.20
NEH 3:1,COPY_OR_MERGE,Neh.3.1
NEH 3:2,COPY_OR_MERGE,Neh.3.2
NEH 3:3,COPY_OR_MERGE,Neh.3.3
NEH 3:4,COPY_OR_MERGE,Neh.3.4
NEH 3:5,COPY_OR_MERGE,Neh.3.5
NEH 3:6,COPY_OR_MERGE,Neh.3.6
NEH 3:7,COPY_OR_MERGE,Neh.3.7
NEH 3:8,COPY_OR_MERGE,Neh.3.8
NEH 3:9,COPY_OR_MERGE,Neh.3.9
NEH 3:10,COPY_OR_MERGE,Neh.3.10
NEH 3:11,COPY_OR_MERGE,Neh.3.11
NEH 3:12,COPY_OR_MERGE,Neh.3.12
NEH 3:13,COPY_OR_MERGE,Neh.3.13
NEH 3:14,COPY_OR_MERGE,Neh.3.14
NEH 3:15,COPY_OR_MERGE,Neh.3.15
NEH 3:16,COPY_OR_MERGE,Neh.3.16
NEH 3:17,COPY_OR_MERGE,Neh.3.17
NEH 3:18,COPY_OR_MERGE,Neh.3.18
NEH 3:19,COPY_OR_MERGE,Neh.3.19
NEH 3:20,COPY_OR_MERGE,Neh.3.20
NEH 3:21,COPY_OR_MERGE,Neh.3.21
NEH 3:22,COPY_OR_MERGE,Neh.3.22
NEH 3:23,COPY_OR_MERGE,Neh.3.23
NEH 3:24,COPY_OR_MERGE,Neh.3.24
NEH 3:25,COPY_OR_MERGE,Neh.3.25
NEH 3:26,COPY_OR_MERGE,Neh.3.26
NEH 3:27,COPY_OR_MERGE,Neh.3.27
NEH 3:28,COPY_OR_MERGE,Neh.3.28
NEH 3:29,COPY_OR_MERGE,Neh.3.29
NEH 3:30,COPY_OR_MERGE,Neh.3.30
NEH 3:31,COPY_OR_MERGE,Neh.3.31
NEH 3:32,COPY_OR_MERGE,Neh.3.32
NEH 4:1,COPY_OR_MERGE,Neh.3.33
NEH 4:2,COPY_OR_MERGE,Neh.3.34
NEH 4:3,COPY_OR_MERGE,Neh.3.35
NEH 4:4,COPY_OR_MERGE,Neh.3.36
NEH 4:5,COPY_OR_MERGE,Neh.3.37
NEH 4:6,COPY_OR_MERGE,Neh.3.38
NEH 4:7,COPY_OR_MERGE,Neh.4.1
NEH 4:8,COPY_OR_MERGE,Neh.4.2
NEH 4:9,COPY_OR_MERGE,Neh.4.3
NEH 4:10,COPY_OR_MERGE,Neh.4.4
NEH 4:11,COPY_OR_MERGE,Neh.4.5
NEH 4:12,COPY_OR_MERGE,Neh.4.6
NEH 4:13,COPY_OR_MERGE,Neh.4.7
NEH 4:14,COPY_OR_MERGE,Neh.4.8
NEH 4:15,COPY_OR_MERGE,Neh.4.9
NEH 4:16,COPY_OR_MERGE,Neh.4.10
NEH 4:17,COPY_OR_MERGE,Neh.4.11
NEH 4:18,COPY_OR_MERGE,Neh.4.12
NEH 4:19,COPY_OR_MERGE,Neh.4.13
NEH 4:20,COPY_OR_MERGE,Neh.4.14
NEH 4:21,COPY_OR_MERGE,Neh.4.15
NEH 4:22,COPY_OR_MERGE,Neh.4.16
NEH 4:23,COPY_OR_MERGE,Neh.4.17
NEH 5:1,COPY_OR_MERGE,Neh.5.1
NEH 5:2,COPY_OR_MERGE,Neh.5.2
NEH 5:3,COPY_OR_MERGE,Neh.5.3
NEH 5:4,COPY_OR_MERGE,Neh.5.4
NEH 5:5,COPY_OR_MERGE,Neh.5.5
NEH 5:6,COPY_OR_MERGE,Neh.5.6
NEH 5:7,COPY_OR_MERGE,Neh.5.7
NEH 5:8,COPY_OR_MERGE,Neh.5.8
NEH 5:9,COPY_OR_MERGE,Neh.5.9
NEH 5:10,COPY_OR_MERGE,Neh.5.10
NEH 5:11,COPY_OR_MERGE,Neh.5.11
NEH 5:12,COPY_OR_MERGE,Neh.5.12
NEH 5:13,COPY_OR_MERGE,Neh.5.13
NEH 5:14,COPY_OR_MERGE,Neh.5.14
NEH 5:15,COPY_OR_MERGE,Neh.5.15
NEH 5:16,COPY_OR_MERGE,Neh.5.16
NEH 5:17,COPY_OR_MERGE,Neh.5.17
NEH 5:18,COPY_OR_MERGE,Neh.5.18
NEH 5:19,COPY_OR_MERGE,Neh.5.19
NEH 6:1,COPY_OR_MERGE,Neh.6.1
NEH 6:2,COPY_OR_MERGE,Neh.6.2
NEH 6:3,COPY_OR_MERGE,Neh.6.3
NEH 6:4,COPY_OR_MERGE,Neh.6.4
NEH 6:5,COPY_OR_MERGE,Neh.6.5
NEH 6:6,COPY_OR_MERGE,Neh.6.6
NEH 6:7,COPY_OR_MERGE,Neh.6.7
NEH 6:8,COPY_OR_MERGE,Neh.6.8
NEH 6:9,COPY_OR_MERGE,Neh.6.9
NEH 6:10,COPY_OR_MERGE,Neh.6.10
NEH 6:11,COPY_OR_MERGE,Neh.6.11
NEH 6:12,COPY_OR_MERGE,Neh.6.12
NEH 6:13,COPY_OR_MERGE,Neh.6.13
NEH 6:14,COPY_OR_MERGE,Neh.6.14
NEH 6:15,COPY_OR_MERGE,Neh.6.15
NEH 6:16,COPY_OR_MERGE,Neh.6.16
NEH 6:17,COPY_OR_MERGE,Neh.6.17
NEH 6:18,COPY_OR_MERGE,Neh.6.18
NEH 6:19,COPY_OR_MERGE,Neh.6.19
NEH 7:1,COPY_OR_MERGE,Neh.7.1
NEH 7:2,COPY_OR_MERGE,Neh.7.2
NEH 7:3,COPY_OR_MERGE,Neh.7.3
NEH 7:4,COPY_OR_MERGE,Neh.7.4
NEH 7:5,COPY_OR_MERGE,Neh.7.5
NEH 7:6,COPY_OR_MERGE,Neh.7.6
NEH 7:7,COPY_OR_MERGE,Neh.7.7
NEH 7:8,COPY_OR_MERGE,Neh.7.8
NEH 7:9,COPY_OR_MERGE,Neh.7.9
NEH 7:10,COPY_OR_MERGE,Neh.7.10
NEH 7:11,COPY_OR_MERGE,Neh.7.11
NEH 7:12,COPY_OR_MERGE,Neh.7.12
NEH 7:13,COPY_OR_MERGE,Neh.7.13
NEH 7:14,COPY_OR_MERGE,Neh.7.14
NEH 7:15,COPY_OR_MERGE,Neh.7.15
NEH 7:16,COPY_OR_MERGE,Neh.7.16
NEH 7:17,COPY_OR_MERGE,Neh.7.17
NEH 7:18,COPY_OR_MERGE,Neh.7.18
NEH 7:19,COPY_OR_MERGE,Neh.7.19
NEH 7:20,COPY_OR_MERGE,Neh.7.20
NEH 7:21,COPY_OR_MERGE,Neh.7.21
NEH 7:22,COPY_OR_MERGE,Neh.7.22
NEH 7:23,COPY_OR_MERGE,Neh.7.23
NEH 7:24,COPY_OR_MERGE,Neh.7.24
NEH 7:25,COPY_OR_MERGE,Neh.7.25
NEH 7:26,COPY_OR_MERGE,Neh.7.26
NEH 7:27,COPY_OR_MERGE,Neh.7.27
NEH 7:28,COPY_OR_MERGE,Neh.7.28
NEH 7:29,COPY_OR_MERGE,Neh.7.29
NEH 7:30,COPY_OR_MERGE,Neh.7.30
NEH 7:31,COPY_OR_MERGE,Neh.7.31
NEH 7:32,COPY_OR_MERGE,Neh.7.32
NEH 7:33,COPY_OR_MERGE,Neh.7.33
NEH 7:34,COPY_OR_MERGE,Neh.7.34
NEH 7:35,COPY_OR_MERGE,Neh.7.35
NEH 7:36,COPY_OR_MERGE,Neh.7.36
NEH 7:37,COPY_OR_MERGE,Neh.7.37
NEH 7:38,COPY_OR_MERGE,Neh.7.38
NEH 7:39,COPY_OR_MERGE,Neh.7.39
NEH 7:40,COPY_OR_MERGE,Neh.7.40
NEH 7:41,COPY_OR_MERGE,Neh.7.41
NEH 7:42,COPY_OR_MERGE,Neh.7.42
NEH 7:43,COPY_OR_MERGE,Neh.7.43
NEH 7:44,COPY_OR_MERGE,Neh.7.44
NEH 7:45,COPY_OR_MERGE,Neh.7.45
NEH 7:46,COPY_OR_MERGE,Neh.7.46
NEH 7:47,COPY_OR_MERGE,Neh.7.47
NEH 7:48,COPY_OR_MERGE,Neh.7.48
NEH 7:49,COPY_OR_MERGE,Neh.7.49
NEH 7:50,COPY_OR_MERGE,Neh.7.50
NEH 7:51,COPY_OR_MERGE,Neh.7.51
NEH 7:52,COPY_OR_MERGE,Neh.7.52
NEH 7:53,COPY_OR_MERGE,Neh.7.53
NEH 7:54,COPY_OR_MERGE,Neh.7.54
NEH 7:55,COPY_OR_MERGE,Neh.7.55
NEH 7:56,COPY_OR_MERGE,Neh.7.56
NEH 7:57,COPY_OR_MERGE,Neh.7.57
NEH 7:58,COPY_OR_MERGE,Neh.7.58
NEH 7:59,COPY_OR_MERGE,Neh.7.59
NEH 7:60,COPY_OR_MERGE,Neh.7.60
NEH 7:61,COPY_OR_MERGE,Neh.7.61
NEH 7:62,COPY_OR_MERGE,Neh.7.62
NEH 7:63,COPY_OR_MERGE,Neh.7.63
NEH 7:64,COPY_OR_MERGE,Neh.7.64
NEH 7:65,COPY_OR_MERGE,Neh.7.65
NEH 7:66,COPY_OR_MERGE,Neh.7.66
NEH 7:67,COPY_OR_MERGE,Neh.7.67
NEH 7:69,COPY_OR_MERGE,Neh.7.68
NEH 7:70,COPY_OR_MERGE,Neh.7.69
NEH 7:71,COPY_OR_MERGE,Neh.7.70
NEH 7:72,COPY_OR_MERGE,Neh.7.71
NEH 7:73,COPY_OR_MERGE,Neh.7.72
NEH 8:1,COPY_OR_MERGE,Neh.8.1
NEH 8:2,COPY_OR_MERGE,Neh.8.2
NEH 8:3,COPY_OR_MERGE,Neh.8.3
NEH 8:4,COPY_OR_MERGE,Neh.8.4
NEH 8:5,COPY_OR_MERGE,Neh.8.5
NEH 8:6,COPY_OR_MERGE,Neh.8.6
NEH 8:7,COPY_OR_MERGE,Neh.8.7
NEH 8:8,COPY_OR_MERGE,Neh.8.8
NEH 8:9,COPY_OR_MERGE,Neh.8.9
NEH 8:10,COPY_OR_MERGE,Neh.8.10
NEH 8:11,COPY_OR_MERGE,Neh.8.11
NEH 8:12,COPY_OR_MERGE,Neh.8.12
NEH 8:13,COPY_OR_MERGE,Neh.8.13
NEH 8:14,COPY_OR_MERGE,Neh.8.14
NEH 8:15,COPY_OR_MERGE,Neh.8.15
NEH 8:16,COPY_OR_MERGE,Neh.8.16
NEH 8:17,COPY_OR_MERGE,Neh.8.17
NEH 8:18,COPY_OR_MERGE,Neh.8.18
NEH 9:1,COPY_OR_MERGE,Neh.9.1
NEH 9:2,COPY_OR_MERGE,Neh.9.2
NEH 9:3,COPY_OR_MERGE,Neh.9.3
NEH 9:4,COPY_OR_MERGE,Neh.9.4
NEH 9:5,COPY_OR_MERGE,Neh.9.5
NEH 9:6,COPY_OR_MERGE,Neh.9.6
NEH 9:7,COPY_OR_MERGE,Neh.9.7
NEH 9:8,COPY_OR_MERGE,Neh.9.8
NEH 9:9,COPY_OR_MERGE,Neh.9.9
NEH 9:10,COPY_OR_MERGE,Neh.9.10
NEH 9:11,COPY_OR_MERGE,Neh.9.11
NEH 9:12,COPY_OR_MERGE,Neh.9.12
NEH 9:13,COPY_OR_MERGE,Neh.9.13
NEH 9:14,COPY_OR_MERGE,Neh.9.14
NEH 9:15,COPY_OR_MERGE,Neh.9.15
NEH 9:16,COPY_OR_MERGE,Neh.9.16
NEH 9:17,COPY_OR_MERGE,Neh.9.17
NEH 9:18,COPY_OR_MERGE,Neh.9.18
NEH 9:19,COPY_OR_MERGE,Neh.9.19
NEH 9:20,COPY_OR_MERGE,Neh.9.20
NEH 9:21,COPY_OR_MERGE,Neh.9.21
NEH 9:22,COPY_OR_MERGE,Neh.9.22
NEH 9:23,COPY_OR_MERGE,Neh.9.23
NEH 9:24,COPY_OR_MERGE,Neh.9.24
NEH 9:25,COPY_OR_MERGE,Neh.9.25
NEH 9:26,COPY_OR_MERGE,Neh.9.26
NEH 9:27,COPY_OR_MERGE,Neh.9.27
NEH 9:28,COPY_OR_MERGE,Neh.9.28
NEH 9:29,COPY_OR_MERGE,Neh.9.29
NEH 9:30,COPY_OR_MERGE,Neh.9.30
NEH 9:31,COPY_OR_MERGE,Neh.9.31
NEH 9:32,COPY_OR_MERGE,Neh.9.32
NEH 9:33,COPY_OR_MERGE,Neh.9.33
NEH 9:34,COPY_OR_MERGE,Neh.9.34
NEH 9:35,COPY_OR_MERGE,Neh.9.35
NEH 9:36,COPY_OR_MERGE,Neh.9.36
NEH 9:37,COPY_OR_MERGE,Neh.9.37
NEH 9:38,COPY_OR_MERGE,Neh.10.1
NEH 10:1,COPY_OR_MERGE,Neh.10.2
NEH 10:2,COPY_OR_MERGE,Neh.10.3
NEH 10:3,COPY_OR_MERGE,Neh.10.4
NEH 10:4,COPY_OR_MERGE,Neh.10.5
NEH 10:5,COPY_OR_MERGE,Neh.10.6
NEH 10:6,COPY_OR_MERGE,Neh.10.7
NEH 10:7,COPY_OR_MERGE,Neh.10.8
NEH 10:8,COPY_OR_MERGE,Neh.10.9
NEH 10:9,COPY_OR_MERGE,Neh.10.10
NEH 10:10,COPY_OR_MERGE,Neh.10.11
NEH 10:11,COPY_OR_MERGE,Neh.10.12
NEH 10:12,COPY_OR_MERGE,Neh.10.13
NEH 10:13,COPY_OR_MERGE,Neh.10.14
NEH 10:14,COPY_OR_MERGE,Neh.10.15
NEH 10:15,COPY_OR_MERGE,Neh.10.16
NEH 10:16,COPY_OR_MERGE,Neh.10.17
NEH 10:17,COPY_OR_MERGE,Neh.10.18
NEH 10:18,COPY_OR_MERGE,Neh.10.19
NEH 10:19,COPY_OR_MERGE,Neh.10.20
NEH 10:20,COPY_OR_MERGE,Neh.10.21
NEH 10:21,COPY_OR_MERGE,Neh.10.22
NEH 10:22,COPY_OR_MERGE,Neh.10.23
NEH 10:23,COPY_OR_MERGE,Neh.10.24
NEH 10:24,COPY_OR_MERGE,Neh.10.25
NEH 10:25,COPY_OR_MERGE,Neh.10.26
NEH 10:26,COPY_OR_MERGE,Neh.10.27
NEH 10:27,COPY_OR_MERGE,Neh.10.28
NEH 10:28,COPY_OR_MERGE,Neh.10.29
NEH 10:29,COPY_OR_MERGE,Neh.10.30
NEH 10:30,COPY_OR_MERGE,Neh.10.31
NEH 10:31,COPY_OR_MERGE,Neh.10.32
NEH 10:32,COPY_OR_MERGE,Neh.10.33
NEH 10:33,COPY_OR_MERGE,Neh.10.34
NEH 10:34,COPY_OR_MERGE,Neh.10.35
NEH 10:35,COPY_OR_MERGE,Neh.10.36
NEH 10:36,COPY_OR_MERGE,Neh.10.37
NEH 10:37,COPY_OR_MERGE,Neh.10.38
NEH 10:38,COPY_OR_MERGE,Neh.10.39
NEH 10:39,COPY_OR_MERGE,Neh.10.40
NEH 11:1,COPY_OR_MERGE,Neh.11.1
NEH 11:2,COPY_OR_MERGE,Neh.11.2
NEH 11:3,COPY_OR_MERGE,Neh.11.3
NEH 11:4,COPY_OR_MERGE,Neh.11.4
NEH 11:5,COPY_OR_MERGE,Neh.11.5
NEH 11:6,COPY_OR_MERGE,Neh.11.6
NEH 11:7,COPY_OR_MERGE,Neh.11.7
NEH 11:8,COPY_OR_MERGE,Neh.11.8
NEH 11:9,COPY_OR_MERGE,Neh.11.9
NEH 11:10,COPY_OR_MERGE,Neh.11.10
NEH 11:11,COPY_OR_MERGE,Neh.11.11
NEH 11:12,COPY_OR_MERGE,Neh.11.12
NEH 11:13,COPY_OR_MERGE,Neh.11.13
NEH 11:14,COPY_OR_MERGE,Neh.11.14
NEH 11:15,COPY_OR_MERGE,Neh.11.15
NEH 11:16,COPY_OR_MERGE,Neh.11.16
NEH 11:17,COPY_OR_MERGE,Neh.11.17
NEH 11:18,COPY_OR_MERGE,Neh.11.18
NEH 11:19,COPY_OR_MERGE,Neh.11.19
NEH 11:20,COPY_OR_MERGE,Neh.11.20
NEH 11:21,COPY_OR_MERGE,Neh.11.21
NEH 11:22,COPY_OR_MERGE,Neh.11.22
NEH 11:23,COPY_OR_MERGE,Neh.11.23
NEH 11:24,COPY_OR_MERGE,Neh.11.24
NEH 11:25,COPY_OR_MERGE,Neh.11.25
NEH 11:26,COPY_OR_MERGE,Neh.11.26
NEH 11:27,COPY_OR_MERGE,Neh.11.27
NEH 11:28,COPY_OR_MERGE,Neh.11.28
NEH 11:29,COPY_OR_MERGE,Neh.11.29
NEH 11:30,COPY_OR_MERGE,Neh.11.30
NEH 11:31,COPY_OR_MERGE,Neh.11.31
NEH 11:32,COPY_OR_MERGE,Neh.11.32
NEH 11:33,COPY_OR_MERGE,Neh.11.33
NEH 11:34,COPY_OR_MERGE,Neh.11.34
NEH 11:35,COPY_OR_MERGE,Neh.11.35
NEH 11:36,COPY_OR_MERGE,Neh.11.36
NEH 12:1,COPY_OR_MERGE,Neh.12.1
NEH 12:2,COPY_OR_MERGE,Neh.12.2
NEH 12:3,COPY_OR_MERGE,Neh.12.3
NEH 12:4,COPY_OR_MERGE,Neh.12.4
NEH 12:5,COPY_OR_MERGE,Neh.12.5
NEH 12:6,COPY_OR_MERGE,Neh.12.6
NEH 12:7,COPY_OR_MERGE,Neh.12.7
NEH 12:8,COPY_OR_MERGE,Neh.12.8
NEH 12:9,COPY_OR_MERGE,Neh.12.9
NEH 12:10,COPY_OR_MERGE,Neh.12.10
NEH 12:11,COPY_OR_MERGE,Neh.12.11
NEH 12:12,COPY_OR_MERGE,Neh.12.12
NEH 12:13,COPY_OR_MERGE,Neh.12.13
NEH 12:14,COPY_OR_MERGE,Neh.12.14
NEH 12:15,COPY_OR_MERGE,Neh.12.15
NEH 12:16,COPY_OR_MERGE,Neh.12.16
NEH 12:17,COPY_OR_MERGE,Neh.12.17
NEH 12:18,COPY_OR_MERGE,Neh.12.18
NEH 12:19,COPY_OR_MERGE,Neh.12.19
NEH 12:20,COPY_OR_MERGE,Neh.12.20
NEH 12:21,COPY_OR_MERGE,Neh.12.21
NEH 12:22,COPY_OR_MERGE,Neh.12.22
NEH 12:23,COPY_OR_MERGE,Neh.12.23
NEH 12:24,COPY_OR_MERGE,Neh.12.24
NEH 12:25,COPY_OR_MERGE,Neh.12.25
NEH 12:26,COPY_OR_MERGE,Neh.12.26
NEH 12:27,COPY_OR_MERGE,Neh.12.27
NEH 12:28,COPY_OR_MERGE,Neh.12.28
NEH 12:29,COPY_OR_MERGE,Neh.12.29
NEH 12:30,COPY_OR_MERGE,Neh.12.30
NEH 12:31,COPY_OR_MERGE,Neh.12.31
NEH 12:32,COPY_OR_MERGE,Neh.12.32
NEH 12:33,COPY_OR_MERGE,Neh.12.33
NEH 12:34,COPY_OR_MERGE,Neh.12.34
NEH 12:35,COPY_OR_MERGE,Neh.12.35
NEH 12:36,COPY_OR_MERGE,Neh.12.36
NEH 12:37,COPY_OR_MERGE,Neh.12.37
NEH 12:38,COPY_OR_MERGE,Neh.12.38
NEH 12:39,COPY_OR_MERGE,Neh.12.39
NEH 12:40,COPY_OR_MERGE,Neh.12.40
NEH 12:41,COPY_OR_MERGE,Neh.12.41
NEH 12:42,COPY_OR_MERGE,Neh.12.42
NEH 12:43,COPY_OR_MERGE,Neh.12.43
NEH 12:44,COPY_OR_MERGE,Neh.12.44
NEH 12:45,COPY_OR_MERGE,Neh.12.45
NEH 12:46,COPY_OR_MERGE,Neh.12.46
NEH 12:47,COPY_OR_MERGE,Neh.12.47
NEH 13:1,COPY_OR_MERGE,Neh.13.1
NEH 13:2,COPY_OR_MERGE,Neh.13.2
NEH 13:3,COPY_OR_MERGE,Neh.13.3
NEH 13:4,COPY_OR_MERGE,Neh.13.4
NEH 13:5,COPY_OR_MERGE,Neh.13.5
NEH 13:6,COPY_OR_MERGE,Neh.13.6
NEH 13:7,COPY_OR_MERGE,Neh.13.7
NEH 13:8,COPY_OR_MERGE,Neh.13.8
NEH 13:9,COPY_OR_MERGE,Neh.13.9
NEH 13:10,COPY_OR_MERGE,Neh.13.10
NEH 13:11,COPY_OR_MERGE,Neh.13.11
NEH 13:12,COPY_OR_MERGE,Neh.13.12
NEH 13:13,COPY_OR_MERGE,Neh.13.13
NEH 13:14,COPY_OR_MERGE,Neh.13.14
NEH 13:15,COPY_OR_MERGE,Neh.13.15
NEH 13:16,COPY_OR_MERGE,Neh.13.16
NEH 13:17,COPY_OR_MERGE,Neh.13.17
NEH 13:18,COPY_OR_MERGE,Neh.13.18
NEH 13:19,COPY_OR_MERGE,Neh.13.19
NEH 13:20,COPY_OR_MERGE,Neh.13.20
NEH 13:21,COPY_OR_MERGE,Neh.13.21
NEH 13:22,COPY_OR_MERGE,Neh.13.22
NEH 13:23,COPY_OR_MERGE,Neh.13.23
NEH 13:24,COPY_OR_MERGE,Neh.13.24
NEH 13:25,COPY_OR_MERGE,Neh.13.25
NEH 13:26,COPY_OR_MERGE,Neh.13.26
NEH 13:27,COPY_OR_MERGE,Neh.13.27
NEH 13:28,COPY_OR_MERGE,Neh.13.28
NEH 13:29,COPY_OR_MERGE,Neh.13.29
NEH 13:30,COPY_OR_MERGE,Neh.13.30
NEH 13:31,COPY_OR_MERGE,Neh.13.31
NUM 1:1,COPY_OR_MERGE,Num.1.1
NUM 1:2,COPY_OR_MERGE,Num.1.2
NUM 1:3,COPY_OR_MERGE,Num.1.3
NUM 1:4,COPY_OR_MERGE,Num.1.4
NUM 1:5,COPY_OR_MERGE,Num.1.5
NUM 1:6,COPY_OR_MERGE,Num.1.6
NUM 1:7,COPY_OR_MERGE,Num.1.7
NUM 1:8,COPY_OR_MERGE,Num.1.8
NUM 1:9,COPY_OR_MERGE,Num.1.9
NUM 1:10,COPY_OR_MERGE,Num.1.10
NUM 1:11,COPY_OR_MERGE,Num.1.11
NUM 1:12,COPY_OR_MERGE,Num.1.12
NUM 1:13,COPY_OR_MERGE,Num.1.13
NUM 1:14,COPY_OR_MERGE,Num.1.14
NUM 1:15,COPY_OR_MERGE,Num.1.15
NUM 1:16,COPY_OR_MERGE,Num.1.16
NUM 1:17,COPY_OR_MERGE,Num.1.17
NUM 1:18,COPY_OR_MERGE,Num.1.18
NUM 1:19,COPY_OR_MERGE,Num.1.19
NUM 1:20,COPY_OR_MERGE,Num.1.20
NUM 1:21,COPY_OR_MERGE,Num.1.21
NUM 1:22,COPY_OR_MERGE,Num.1.22
NUM 1:23,COPY_OR_MERGE,Num.1.23
NUM 1:24,COPY_OR_MERGE,Num.1.24
NUM 1:25,COPY_OR_MERGE,Num.1.25
NUM 1:26,COPY_OR_MERGE,Num.1.26
NUM 1:27,COPY_OR_MERGE,Num.1.27
NUM 1:28,COPY_OR_MERGE,Num.1.28
NUM 1:29,COPY_OR_MERGE,Num.1.29
NUM 1:30,COPY_OR_MERGE,Num.1.30
NUM 1:31,COPY_OR_MERGE,Num.1.31
NUM 1:32,COPY_OR_MERGE,Num.1.32
NUM 1:33,COPY_OR_MERGE,Num.1.33
NUM 1:34,COPY_OR_MERGE,Num.1.34
NUM 1:35,COPY_OR_MERGE,Num.1.35
NUM 1:36,COPY_OR_MERGE,Num.1.36
NUM 1:37,COPY_OR_MERGE,Num.1.37
NUM 1:38,COPY_OR_MERGE,Num.1.38
NUM 1:39,COPY_OR_MERGE,Num.1.39
NUM 1:40,COPY_OR_MERGE,Num.1.40
NUM 1:41,COPY_OR_MERGE,Num.1.41
NUM 1:42,COPY_OR_MERGE,Num.1.42
NUM 1:43,COPY_OR_MERGE,Num.1.43
NUM 1:44,COPY_OR_MERGE,Num.1.44
NUM 1:45,COPY_OR_MERGE,Num.1.45
NUM 1:46,COPY_OR_MERGE,Num.1.46
NUM 1:47,COPY_OR_MERGE,Num.1.47
NUM 1:48,COPY_OR_MERGE,Num.1.48
NUM 1:49,COPY_OR_MERGE,Num.1.49
NUM 1:50,COPY_OR_MERGE,Num.1.50
NUM 1:51,COPY_OR_MERGE,Num.1.51
NUM 1:52,COPY_OR_MERGE,Num.1.52
NUM 1:53,COPY_OR_MERGE,Num.1.53
NUM 1:54,COPY_OR_MERGE,Num.1.54
NUM 2:1,COPY_OR_MERGE,Num.2.1
NUM 2:2,COPY_OR_MERGE,Num.2.2
NUM 2:3,COPY_OR_MERGE,Num.2.3
NUM 2:4,COPY_OR_MERGE,Num.2.4
NUM 2:5,COPY_OR_MERGE,Num.2.5
NUM 2:6,COPY_OR_MERGE,Num.2.6
NUM 2:7,COPY_OR_MERGE,Num.2.7
NUM 2:8,COPY_OR_MERGE,Num.2.8
NUM 2:9,COPY_OR_MERGE,Num.2.9
NUM 2:10,COPY_OR_MERGE,Num.2.10
NUM 2:11,COPY_OR_MERGE,Num.2.11
NUM 2:12,COPY_OR_MERGE,Num.2.12
NUM 2:13,COPY_OR_MERGE,Num.2.13
NUM 2:14,COPY_OR_MERGE,Num.2.14
NUM 2:15,COPY_OR_MERGE,Num.2.15
NUM 2:16,COPY_OR_MERGE,Num.2.16
NUM 2:17,COPY_OR_MERGE,Num.2.17
NUM 2:18,COPY_OR_MERGE,Num.2.18
NUM 2:19,COPY_OR_MERGE,Num.2.19
NUM 2:20,COPY_OR_MERGE,Num.2.20
NUM 2:21,COPY_OR_MERGE,Num.2.21
NUM 2:22,COPY_OR_MERGE,Num.2.22
NUM 2:23,COPY_OR_MERGE,Num.2.23
NUM 2:24,COPY_OR_MERGE,Num.2.24
NUM 2:25,COPY_OR_MERGE,Num.2.25
NUM 2:26,COPY_OR_MERGE,Num.2.26
NUM 2:27,COPY_OR_MERGE,Num.2.27
NUM 2:28,COPY_OR_MERGE,Num.2.28
NUM 2:29,COPY_OR_MERGE,Num.2.29
NUM 2:30,COPY_OR_MERGE,Num.2.30
NUM 2:31,COPY_OR_MERGE,Num.2.31
NUM 2:32,COPY_OR_MERGE,Num.2.32
NUM 2:33,COPY_OR_MERGE,Num.2.33
NUM 2:34,COPY_OR_MERGE,Num.2.34
NUM 3:1,COPY_OR_MERGE,Num.3.1
NUM 3:2,COPY_OR_MERGE,Num.3.2
NUM 3:3,COPY_OR_MERGE,Num.3.3
NUM 3:4,COPY_OR_MERGE,Num.3.4
NUM 3:5,COPY_OR_MERGE,Num.3.5
NUM 3:6,COPY_OR_MERGE,Num.3.6
NUM 3:7,COPY_OR_MERGE,Num.3.7
NUM 3:8,COPY_OR_MERGE,Num.3.8
NUM 3:9,COPY_OR_MERGE,Num.3.9
NUM 3:10,COPY_OR_MERGE,Num.3.10
NUM 3:11,COPY_OR_MERGE,Num.3.11
NUM 3:12,COPY_OR_MERGE,Num.3.12
NUM 3:13,COPY_OR_MERGE,Num.3.13
NUM 3:14,COPY_OR_MERGE,Num.3.14
NUM 3:15,COPY_OR_MERGE,Num.3.15
NUM 3:16,COPY_OR_MERGE,Num.3.16
NUM 3:17,COPY_OR_MERGE,Num.3.17
NUM 3:18,COPY_OR_MERGE,Num.3.18
NUM 3:19,COPY_OR_MERGE,Num.3.19
NUM 3:20,COPY_OR_MERGE,Num.3.20
NUM 3:21,COPY_OR_MERGE,Num.3.21
NUM 3:22,COPY_OR_MERGE,Num.3.22
NUM 3:23,COPY_OR_MERGE,Num.3.23
NUM 3:24,COPY_OR_MERGE,Num.3.24
NUM 3:25,COPY_OR_MERGE,Num.3.25
NUM 3:26,COPY_OR_MERGE,Num.3.26
NUM 3:27,COPY_OR_MERGE,Num.3.27
NUM 3:28,COPY_OR_MERGE,Num.3.28
NUM 3:29,COPY_OR_MERGE,Num.3.29
NUM 3:30,COPY_OR_MERGE,Num.3.30
NUM 3:31,COPY_OR_MERGE,Num.3.31
NUM 3:32,COPY_OR_MERGE,Num.3.32
NUM 3:33,COPY_OR_MERGE,Num.3.33
NUM 3:34,COPY_OR_MERGE,Num.3.34
NUM 3:35,COPY_OR_MERGE,Num.3.35
NUM 3:36,COPY_OR_MERGE,Num.3.36
NUM 3:37,COPY_OR_MERGE,Num.3.37
NUM 3:38,COPY_OR_MERGE,Num.3.38
NUM 3:39,COPY_OR_MERGE,Num.3.39
NUM 3:40,COPY_OR_MERGE,Num.3.40
NUM 3:41,COPY_OR_MERGE,Num.3.41
NUM 3:42,COPY_OR_MERGE,Num.3.42
NUM 3:43,COPY_OR_MERGE,Num.3.43
NUM 3:44,COPY_OR_MERGE,Num.3.44
NUM 3:45,COPY_OR_MERGE,Num.3.45
NUM 3:46,COPY_OR_MERGE,Num.3.46
NUM 3:47,COPY_OR_MERGE,Num.3.47
NUM 3:48,COPY_OR_MERGE,Num.3.48
NUM 3:49,COPY_OR_MERGE,Num.3.49
NUM 3:50,COPY_OR_MERGE,Num.3.50
NUM 3:51,COPY_OR_MERGE,Num.3.51
NUM 4:1,COPY_OR_MERGE,Num.4.1
NUM 4:2,COPY_OR_MERGE,Num.4.2
NUM 4:3,COPY_OR_MERGE,Num.4.3
NUM 4:4,COPY_OR_MERGE,Num.4.4
NUM 4:5,COPY_OR_MERGE,Num.4.5
NUM 4:6,COPY_OR_MERGE,Num.4.6
NUM 4:7,COPY_OR_MERGE,Num.4.7
NUM 4:8,COPY_OR_MERGE,Num.4.8
NUM 4:9,COPY_OR_MERGE,Num.4.9
NUM 4:10,COPY_OR_MERGE,Num.4.10
NUM 4:11,COPY_OR_MERGE,Num.4.11
NUM 4:12,COPY_OR_MERGE,Num.4.12
NUM 4:13,COPY_OR_MERGE,Num.4.13
NUM 4:14,COPY_OR_MERGE,Num.4.14
NUM 4:15,COPY_OR_MERGE,Num.4.15
NUM 4:16,COPY_OR_MERGE,Num.4.16
NUM 4:17,COPY_OR_MERGE,Num.4.17
NUM 4:18,COPY_OR_MERGE,Num.4.18
NUM 4:19,COPY_OR_MERGE,Num.4.19
NUM 4:20,COPY_OR_MERGE,Num.4.20
NUM 4:21,COPY_OR_MERGE,Num.4.21
NUM 4:22,COPY_OR_MERGE,Num.4.22
NUM 4:23,COPY_OR_MERGE,Num.4.23
NUM 4:24,COPY_OR_MERGE,Num.4.24
NUM 4:25,COPY_OR_MERGE,Num.4.25
NUM 4:26,COPY_OR_MERGE,Num.4.26
NUM 4:27,COPY_OR_MERGE,Num.4.27
NUM 4:28,COPY_OR_MERGE,Num.4.28
NUM 4:29,COPY_OR_MERGE,Num.4.29
NUM 4:30,COPY_OR_MERGE,Num.4.30
NUM 4:31,COPY_OR_MERGE,Num.4.31
NUM 4:32,COPY_OR_MERGE,Num.4.32
NUM 4:33,COPY_OR_MERGE,Num.4.33
NUM 4:34,COPY_OR_MERGE,Num.4.34
NUM 4:35,COPY_OR_MERGE,Num.4.35
NUM 4:36,COPY_OR_MERGE,Num.4.36
NUM 4:37,COPY_OR_MERGE,Num.4.37
NUM 4:38,COPY_OR_MERGE,Num.4.38
NUM 4:39,COPY_OR_MERGE,Num.4.39
NUM 4:40,COPY_OR_MERGE,Num.4.40
NUM 4:41,COPY_OR_MERGE,Num.4.41
NUM 4:42,COPY_OR_MERGE,Num.4.42
NUM 4:43,COPY_OR_MERGE,Num.4.43
NUM 4:44,COPY_OR_MERGE,Num.4.44
NUM 4:45,COPY_OR_MERGE,Num.4.45
NUM 4:46,COPY_OR_MERGE,Num.4.46
NUM 4:47,COPY_OR_MERGE,Num.4.47
NUM 4:48,COPY_OR_MERGE,Num.4.48
NUM 4:49,COPY_OR_MERGE,Num.4.49
NUM 5:1,COPY_OR_MERGE,Num.5.1
NUM 5:2,COPY_OR_MERGE,Num.5.2
NUM 5:3,COPY_OR_MERGE,Num.5.3
NUM 5:4,COPY_OR_MERGE,Num.5.4
NUM 5:5,COPY_OR_MERGE,Num.5.5
NUM 5:6,COPY_OR_MERGE,Num.5.6
NUM 5:7,COPY_OR_MERGE,Num.5.7
NUM 5:8,COPY_OR_MERGE,Num.5.8
NUM 5:9,COPY_OR_MERGE,Num.5.9
NUM 5:10,COPY_OR_MERGE,Num.5.10
NUM 5:11,COPY_OR_MERGE,Num.5.11
NUM 5:12,COPY_OR_MERGE,Num.5.12
NUM 5:13,COPY_OR_MERGE,Num.5.13
NUM 5:14,COPY_OR_MERGE,Num.5.14
NUM 5:15,COPY_OR_MERGE,Num.5.15
NUM 5:16,COPY_OR_MERGE,Num.5.16
NUM 5:17,COPY_OR_MERGE,Num.5.17
NUM 5:18,COPY_OR_MERGE,Num.5.18
NUM 5:19,COPY_OR_MERGE,Num.5.19
NUM 5:20,COPY_OR_MERGE,Num.5.20
NUM 5:21,COPY_OR_MERGE,Num.5.21
NUM 5:22,COPY_OR_MERGE,Num.5.22
NUM 5:23,COPY_OR_MERGE,Num.5.23
NUM 5:24,COPY_OR_MERGE,Num.5.24
NUM 5:25,COPY_OR_MERGE,Num.5.25
NUM 5:26,COPY_OR_MERGE,Num.5.26
NUM 5:27,COPY_OR_MERGE,Num.5.27
NUM 5:28,COPY_OR_MERGE,Num.5.28
NUM 5:29,COPY_OR_MERGE,Num.5.29
NUM 5:30,COPY_OR_MERGE,Num.5.30
NUM 5:31,COPY_OR_MERGE,Num.5.31
NUM 6:1,COPY_OR_MERGE,Num.6.1
NUM 6:2,COPY_OR_MERGE,Num.6.2
NUM 6:3,COPY_OR_MERGE,Num.6.3
NUM 6:4,COPY_OR_MERGE,Num.6.4
NUM 6:5,COPY_OR_MERGE,Num.6.5
NUM 6:6,COPY_OR_MERGE,Num.6.6
NUM 6:7,COPY_OR_MERGE,Num.6.7
NUM 6:8,COPY_OR_MERGE,Num.6.8
NUM 6:9,COPY_OR_MERGE,Num.6.9
NUM 6:10,COPY_OR_MERGE,Num.6.10
NUM 6:11,COPY_OR_MERGE,Num.6.11
NUM 6:12,COPY_OR_MERGE,Num.6.12
NUM 6:13,COPY_OR_MERGE,Num.6.13
NUM 6:14,COPY_OR_MERGE,Num.6.14
NUM 6:15,COPY_OR_MERGE,Num.6.15
NUM 6:16,COPY_OR_MERGE,Num.6.16
NUM 6:17,COPY_OR_MERGE,Num.6.17
NUM 6:18,COPY_OR_MERGE,Num.6.18
NUM 6:19,COPY_OR_MERGE,Num.6.19
NUM 6:20,COPY_OR_MERGE,Num.6.20
NUM 6:21,COPY_OR_MERGE,Num.6.21
NUM 6:22,COPY_OR_MERGE,Num.6.22
NUM 6:23,COPY_OR_MERGE,Num.6.23
NUM 6:24,COPY_OR_MERGE,Num.6.24
NUM 6:25,COPY_OR_MERGE,Num.6.25
NUM 6:26,COPY_OR_MERGE,Num.6.26
NUM 6:27,COPY_OR_MERGE,Num.6.27
NUM 7:1,COPY_OR_MERGE,Num.7.1
NUM 7:2,COPY_OR_MERGE,Num.7.2
NUM 7:3,COPY_OR_MERGE,Num.7.3
NUM 7:4,COPY_OR_MERGE,Num.7.4
NUM 7:5,COPY_OR_MERGE,Num.7.5
NUM 7:6,COPY_OR_MERGE,Num.7.6
NUM 7:7,COPY_OR_MERGE,Num.7.7
NUM 7:8,COPY_OR_MERGE,Num.7.8
NUM 7:9,COPY_OR_MERGE,Num.7.9
NUM 7:10,COPY_OR_MERGE,Num.7.10
NUM 7:11,COPY_OR_MERGE,Num.7.11
NUM 7:12,COPY_OR_MERGE,Num.7.12
NUM 7:13,COPY_OR_MERGE,Num.7.13
NUM 7:14,COPY_OR_MERGE,Num.7.14
NUM 7:15,COPY_OR_MERGE,Num.7.15
NUM 7:16,COPY_OR_MERGE,Num.7.16
NUM 7:17,COPY_OR_MERGE,Num.7.17
NUM 7:18,COPY_OR_MERGE,Num.7.18
NUM 7:19,COPY_OR_MERGE,Num.7.19
NUM 7:20,COPY_OR_MERGE,Num.7.20
NUM 7:21,COPY_OR_MERGE,Num.7.21
NUM 7:22,COPY_OR_MERGE,Num.7.22
NUM 7:23,COPY_OR_MERGE,Num.7.23
NUM 7:24,COPY_OR_MERGE,Num.7.24
NUM 7:25,COPY_OR_MERGE,Num.7.25
NUM 7:26,COPY_OR_MERGE,Num.7.26
NUM 7:27,COPY_OR_MERGE,Num.7.27
NUM 7:28,COPY_OR_MERGE,Num.7.28
NUM 7:29,COPY_OR_MERGE,Num.7.29
NUM 7:30,COPY_OR_MERGE,Num.7.30
NUM 7:31,COPY_OR_MERGE,Num.7.31
NUM 7:32,COPY_OR_MERGE,Num.7.32
NUM 7:33,COPY_OR_MERGE,Num.7.33
NUM 7:34,COPY_OR_MERGE,Num.7.34
NUM 7:35,COPY_OR_MERGE,Num.7.35
NUM 7:36,COPY_OR_MERGE,Num.7.36
NUM 7:37,COPY_OR_MERGE,Num.7.37
NUM 7:38,COPY_OR_MERGE,Num.7.38
NUM 7:39,COPY_OR_MERGE,Num.7.39
NUM 7:40,COPY_OR_MERGE,Num.7.40
NUM 7:41,COPY_OR_MERGE,Num.7.41
NUM 7:42,COPY_OR_MERGE,Num.7.42
NUM 7:43,COPY_OR_MERGE,Num.7.43
NUM 7:44,COPY_OR_MERGE,Num.7.44
NUM 7:45,COPY_OR_MERGE,Num.7.45
NUM 7:46,COPY_OR_MERGE,Num.7.46
NUM 7:47,COPY_OR_MERGE,Num.7.47
NUM 7:48,COPY_OR_MERGE,Num.7.48
NUM 7:49,COPY_OR_MERGE,Num.7.49
NUM 7:50,COPY_OR_MERGE,Num.7.50
NUM 7:51,COPY_OR_MERGE,Num.7.51
NUM 7:52,COPY_OR_MERGE,Num.7.52
NUM 7:53,COPY_OR_MERGE,Num.7.53
NUM 7:54,COPY_OR_MERGE,Num.7.54
NUM 7:55,COPY_OR_MERGE,Num.7.55
NUM 7:56,COPY_OR_MERGE,Num.7.56
NUM 7:57,COPY_OR_MERGE,Num.7.57
NUM 7:58,COPY_OR_MERGE,Num.7.58
NUM 7:59,COPY_OR_MERGE,Num.7.59
NUM 7:60,COPY_OR_MERGE,Num.7.60
NUM 7:61,COPY_OR_MERGE,Num.7.61
NUM 7:62,COPY_OR_MERGE,Num.7.62
NUM 7:63,COPY_OR_MERGE,Num.7.63
NUM 7:64,COPY_OR_MERGE,Num.7.64
NUM 7:65,COPY_OR_MERGE,Num.7.65
NUM 7:66,COPY_OR_MERGE,Num.7.66
NUM 7:67,COPY_OR_MERGE,Num.7.67
NUM 7:68,COPY_OR_MERGE,Num.7.68
NUM 7:69,COPY_OR_MERGE,Num.7.69
NUM 7:70,COPY_OR_MERGE,Num.7.70
NUM 7:71,COPY_OR_MERGE,Num.7.71
NUM 7:72,COPY_OR_MERGE,Num.7.72
NUM 7:73,COPY_OR_MERGE,Num.7.73
NUM 7:74,COPY_OR_MERGE,Num.7.74
NUM 7:75,COPY_OR_MERGE,Num.7.75
NUM 7:76,COPY_OR_MERGE,Num.7.76
NUM 7:77,COPY_OR_MERGE,Num.7.77
NUM 7:78,COPY_OR_MERGE,Num.7.78
NUM 7:79,COPY_OR_MERGE,Num.7.79
NUM 7:80,COPY_OR_MERGE,Num.7.80
NUM 7:81,COPY_OR_MERGE,Num.7.81
NUM 7:82,COPY_OR_MERGE,Num.7.82
NUM 7:83,COPY_OR_MERGE,Num.7.83
NUM 7:84,COPY_OR_MERGE,Num.7.84
NUM 7:85,COPY_OR_MERGE,Num.7.85
NUM 7:86,COPY_OR_MERGE,Num.7.86
NUM 7:87,COPY_OR_MERGE,Num.7.87
NUM 7:88,COPY_OR_MERGE,Num.7.88
NUM 7:89,COPY_OR_MERGE,Num.7.89
NUM 8:1,COPY_OR_MERGE,Num.8.1
NUM 8:2,COPY_OR_MERGE,Num.8.2
NUM 8:3,COPY_OR_MERGE,Num.8.3
NUM 8:4,COPY_OR_MERGE,Num.8.4
NUM 8:5,COPY_OR_MERGE,Num.8.5
NUM 8:6,COPY_OR_MERGE,Num.8.6
NUM 8:7,COPY_OR_MERGE,Num.8.7
NUM 8:8,COPY_OR_MERGE,Num.8.8
NUM 8:9,COPY_OR_MERGE,Num.8.9
NUM 8:10,COPY_OR_MERGE,Num.8.10
NUM 8:11,COPY_OR_MERGE,Num.8.11
NUM 8:12,COPY_OR_MERGE,Num.8.12
NUM 8:13,COPY_OR_MERGE,Num.8.13
NUM 8:14,COPY_OR_MERGE,Num.8.14
NUM 8:15,COPY_OR_MERGE,Num.8.15
NUM 8:16,COPY_OR_MERGE,Num.8.16
NUM 8:17,COPY_OR_MERGE,Num.8.17
NUM 8:18,COPY_OR_MERGE,Num.8.18
NUM 8:19,COPY_OR_MERGE,Num.8.19
NUM 8:20,COPY_OR_MERGE,Num.8.20
NUM 8:21,COPY_OR_MERGE,Num.8.21
NUM 8:22,COPY_OR_MERGE,Num.8.22
NUM 8:23,COPY_OR_MERGE,Num.8.23
NUM 8:24,COPY_OR_MERGE,Num.8.24
NUM 8:25,COPY_OR_MERGE,Num.8.25
NUM 8:26,COPY_OR_MERGE,Num.8.26
NUM 9:1,COPY_OR_MERGE,Num.9.1
NUM 9:2,COPY_OR_MERGE,Num.9.2
NUM 9:3,COPY_OR_MERGE,Num.9.3
NUM 9:4,COPY_OR_MERGE,Num.9.4
NUM 9:5,COPY_OR_MERGE,Num.9.5
NUM 9:6,COPY_OR_MERGE,Num.9.6
NUM 9:7,COPY_OR_MERGE,Num.9.7
NUM 9:8,COPY_OR_MERGE,Num.9.8
NUM 9:9,COPY_OR_MERGE,Num.9.9
NUM 9:10,COPY_OR_MERGE,Num.9.10
NUM 9:11,COPY_OR_MERGE,Num.9.11
NUM 9:12,COPY_OR_MERGE,Num.9.12
NUM 9:13,COPY_OR_MERGE,Num.9.13
NUM 9:14,COPY_OR_MERGE,Num.9.14
NUM 9:15,COPY_OR_MERGE,Num.9.15
NUM 9:16,COPY_OR_MERGE,Num.9.16
NUM 9:17,COPY_OR_MERGE,Num.9.17
NUM 9:18,COPY_OR_MERGE,Num.9.18
NUM 9:19,COPY_OR_MERGE,Num.9.19
NUM 9:20,COPY_OR_MERGE,Num.9.20
NUM 9:21,COPY_OR_MERGE,Num.9.21
NUM 9:22,COPY_OR_MERGE,Num.9.22
NUM 9:23,COPY_OR_MERGE,Num.9.23
NUM 10:1,COPY_OR_MERGE,Num.10.1
NUM 10:2,COPY_OR_MERGE,Num.10.2
NUM 10:3,COPY_OR_MERGE,Num.10.3
NUM 10:4,COPY_OR_MERGE,Num.10.4
NUM 10:5,COPY_OR_MERGE,Num.10.5
NUM 10:6,COPY_OR_MERGE,Num.10.6
NUM 10:7,COPY_OR_MERGE,Num.10.7
NUM 10:8,COPY_OR_MERGE,Num.10.8
NUM 10:9,COPY_OR_MERGE,Num.10.9
NUM 10:10,COPY_OR_MERGE,Num.10.10
NUM 10:11,COPY_OR_MERGE,Num.10.11
NUM 10:12,COPY_OR_MERGE,Num.10.12
NUM 10:13,COPY_OR_MERGE,Num.10.13
NUM 10:14,COPY_OR_MERGE,Num.10.14
NUM 10:15,COPY_OR_MERGE,Num.10.15
NUM 10:16,COPY_OR_MERGE,Num.10.16
NUM 10:17,COPY_OR_MERGE,Num.10.17
NUM 10:18,COPY_OR_MERGE,Num.10.18
NUM 10:19,COPY_OR_MERGE,Num.10.19
NUM 10:20,COPY_OR_MERGE,Num.10.20
NUM 10:21,COPY_OR_MERGE,Num.10.21
NUM 10:22,COPY_OR_MERGE,Num.10.22
NUM 10:23,COPY_OR_MERGE,Num.10.23
NUM 10:24,COPY_OR_MERGE,Num.10.24
NUM 10:25,COPY_OR_MERGE,Num.10.25
NUM 10:26,COPY_OR_MERGE,Num.10.26
NUM 10:27,COPY_OR_MERGE,Num.10.27
NUM 10:28,COPY_OR_MERGE,Num.10.28
NUM 10:29,COPY_OR_MERGE,Num.10.29
NUM 10:30,COPY_OR_MERGE,Num.10.30
NUM 10:31,COPY_OR_MERGE,Num.10.31
NUM 10:32,COPY_OR_MERGE,Num.10.32
NUM 10:33,COPY_OR_MERGE,Num.10.33
NUM 10:34,COPY_OR_MERGE,Num.10.34
NUM 10:35,COPY_OR_MERGE,Num.10.35
NUM 10:36,COPY_OR_MERGE,Num.10.36
NUM 11:1,COPY_OR_MERGE,Num.11.1
NUM 11:2,COPY_OR_MERGE,Num.11.2
NUM 11:3,COPY_OR_MERGE,Num.11.3
NUM 11:4,COPY_OR_MERGE,Num.11.4
NUM 11:5,COPY_OR_MERGE,Num.11.5
NUM 11:6,COPY_OR_MERGE,Num.11.6
NUM 11:7,COPY_OR_MERGE,Num.11.7
NUM 11:8,COPY_OR_MERGE,Num.11.8
NUM 11:9,COPY_OR_MERGE,Num.11.9
NUM 11:10,COPY_OR_MERGE,Num.11.10
NUM 11:11,COPY_OR_MERGE,Num.11.11
NUM 11:12,COPY_OR_MERGE,Num.11.12
NUM 11:13,COPY_OR_MERGE,Num.11.13
NUM 11:14,COPY_OR_MERGE,Num.11.14
NUM 11:15,COPY_OR_MERGE,Num.11.15
NUM 11:16,COPY_OR_MERGE,Num.11.16
NUM 11:17,COPY_OR_MERGE,Num.11.17
NUM 11:18,COPY_OR_MERGE,Num.11.18
NUM 11:19,COPY_OR_MERGE,Num.11.19
NUM 11:20,COPY_OR_MERGE,Num.11.20
NUM 11:21,COPY_OR_MERGE,Num.11.21
NUM 11:22,COPY_OR_MERGE,Num.11.22
NUM 11:23,COPY_OR_MERGE,Num.11.23
NUM 11:24,COPY_OR_MERGE,Num.11.24
NUM 11:25,COPY_OR_MERGE,Num.11.25
NUM 11:26,COPY_OR_MERGE,Num.11.26
NUM 11:27,COPY_OR_MERGE,Num.11.27
NUM 11:28,COPY_OR_MERGE,Num.11.28
NUM 11:29,COPY_OR_MERGE,Num.11.29
NUM 11:30,COPY_OR_MERGE,Num.11.30
NUM 11:31,COPY_OR_MERGE,Num.11.31
NUM 11:32,COPY_OR_MERGE,Num.11.32
NUM 11:33,COPY_OR_MERGE,Num.11.33
NUM 11:34,COPY_OR_MERGE,Num.11.34
NUM 11:35,COPY_OR_MERGE,Num.11.35
NUM 12:1,COPY_OR_MERGE,Num.12.1
NUM 12:2,COPY_OR_MERGE,Num.12.2
NUM 12:3,COPY_OR_MERGE,Num.12.3
NUM 12:4,COPY_OR_MERGE,Num.12.4
NUM 12:5,COPY_OR_MERGE,Num.12.5
NUM 12:6,COPY_OR_MERGE,Num.12.6
NUM 12:7,COPY_OR_MERGE,Num.12.7
NUM 12:8,COPY_OR_MERGE,Num.12.8
NUM 12:9,COPY_OR_MERGE,Num.12.9
NUM 12:10,COPY_OR_MERGE,Num.12.10
NUM 12:11,COPY_OR_MERGE,Num.12.11
NUM 12:12,COPY_OR_MERGE,Num.12.12
NUM 12:13,COPY_OR_MERGE,Num.12.13
NUM 12:14,COPY_OR_MERGE,Num.12.14
NUM 12:15,COPY_OR_MERGE,Num.12.15
NUM 12:16,COPY_OR_MERGE,Num.12.16
NUM 13:1,COPY_OR_MERGE,Num.13.1
NUM 13:2,COPY_OR_MERGE,Num.13.2
NUM 13:3,COPY_OR_MERGE,Num.13.3
NUM 13:4,COPY_OR_MERGE,Num.13.4
NUM 13:5,COPY_OR_MERGE,Num.13.5
NUM 13:6,COPY_OR_MERGE,Num.13.6
NUM 13:7,COPY_OR_MERGE,Num.13.7
NUM 13:8,COPY_OR_MERGE,Num.13.8
NUM 13:9,COPY_OR_MERGE,Num.13.9
NUM 13:10,COPY_OR_MERGE,Num.13.10
NUM 13:11,COPY_OR_MERGE,Num.13.11
NUM 13:12,COPY_OR_MERGE,Num.13.12
NUM 13:13,COPY_OR_MERGE,Num.13.13
NUM 13:14,COPY_OR_MERGE,Num.13.14
NUM 13:15,COPY_OR_MERGE,Num.13.15
NUM 13:16,COPY_OR_MERGE,Num.13.16
NUM 13:17,COPY_OR_MERGE,Num.13.17
NUM 13:18,COPY_OR_MERGE,Num.13.18
NUM 13:19,COPY_OR_MERGE,Num.13.19
NUM 13:20,COPY_OR_MERGE,Num.13.20
NUM 13:21,COPY_OR_MERGE,Num.13.21
NUM 13:22,COPY_OR_MERGE,Num.13.22
NUM 13:23,COPY_OR_MERGE,Num.13.23
NUM 13:24,COPY_OR_MERGE,Num.13.24
NUM 13:25,COPY_OR_MERGE,Num.13.25
NUM 13:26,COPY_OR_MERGE,Num.13.26
NUM 13:27,COPY_OR_MERGE,Num.13.27
NUM 13:28,COPY_OR_MERGE,Num.13.28
NUM 13:29,COPY_OR_MERGE,Num.13.29
NUM 13:30,COPY_OR_MERGE,Num.13.30
NUM 13:31,COPY_OR_MERGE,Num.13.31
NUM 13:32,COPY_OR_MERGE,Num.13.32
NUM 13:33,COPY_OR_MERGE,Num.13.33
NUM 14:1,COPY_OR_MERGE,Num.14.1
NUM 14:2,COPY_OR_MERGE,Num.14.2
NUM 14:3,COPY_OR_MERGE,Num.14.3
NUM 14:4,COPY_OR_MERGE,Num.14.4
NUM 14:5,COPY_OR_MERGE,Num.14.5
NUM 14:6,COPY_OR_MERGE,Num.14.6
NUM 14:7,COPY_OR_MERGE,Num.14.7
NUM 14:8,COPY_OR_MERGE,Num.14.8
NUM 14:9,COPY_OR_MERGE,Num.14.9
NUM 14:10,COPY_OR_MERGE,Num.14.10
NUM 14:11,COPY_OR_MERGE,Num.14.11
NUM 14:12,COPY_OR_MERGE,Num.14.12
NUM 14:13,COPY_OR_MERGE,Num.14.13
NUM 14:14,COPY_OR_MERGE,Num.14.14
NUM 14:15,COPY_OR_MERGE,Num.14.15
NUM 14:16,COPY_OR_MERGE,Num.14.16
NUM 14:17,COPY_OR_MERGE,Num.14.17
NUM 14:18,COPY_OR_MERGE,Num.14.18
NUM 14:19,COPY_OR_MERGE,Num.14.19
NUM 14:20,COPY_OR_MERGE,Num.14.20
NUM 14:21,COPY_OR_MERGE,Num.14.21
NUM 14:22,COPY_OR_MERGE,Num.14.22
NUM 14:23,COPY_OR_MERGE,Num.14.23
NUM 14:24,COPY_OR_MERGE,Num.14.24
NUM 14:25,COPY_OR_MERGE,Num.14.25
NUM 14:26,COPY_OR_MERGE,Num.14.26
NUM 14:27,COPY_OR_MERGE,Num.14.27
NUM 14:28,COPY_OR_MERGE,Num.14.28
NUM 14:29,COPY_OR_MERGE,Num.14.29
NUM 14:30,COPY_OR_MERGE,Num.14.30
NUM 14:31,COPY_OR_MERGE,Num.14.31
NUM 14:32,COPY_OR_MERGE,Num.14.32
NUM 14:33,COPY_OR_MERGE,Num.14.33
NUM 14:34,COPY_OR_MERGE,Num.14.34
NUM 14:35,COPY_OR_MERGE,Num.14.35
NUM 14:36,COPY_OR_MERGE,Num.14.36
NUM 14:37,COPY_OR_MERGE,Num.14.37
NUM 14:38,COPY_OR_MERGE,Num.14.38
NUM 14:39,COPY_OR_MERGE,Num.14.39
NUM 14:40,COPY_OR_MERGE,Num.14.40
NUM 14:41,COPY_OR_MERGE,Num.14.41
NUM 14:42,COPY_OR_MERGE,Num.14.42
NUM 14:43,COPY_OR_MERGE,Num.14.43
NUM 14:44,COPY_OR_MERGE,Num.14.44
NUM 14:45,COPY_OR_MERGE,Num.14.45
NUM 15:1,COPY_OR_MERGE,Num.15.1
NUM 15:2,COPY_OR_MERGE,Num.15.2
NUM 15:3,COPY_OR_MERGE,Num.15.3
NUM 15:4,COPY_OR_MERGE,Num.15.4
NUM 15:5,COPY_OR_MERGE,Num.15.5
NUM 15:6,COPY_OR_MERGE,Num.15.6
NUM 15:7,COPY_OR_MERGE,Num.15.7
NUM 15:8,COPY_OR_MERGE,Num.15.8
NUM 15:9,COPY_OR_MERGE,Num.15.9
NUM 15:10,COPY_OR_MERGE,Num.15.10
NUM 15:11,COPY_OR_MERGE,Num.15.11
NUM 15:12,COPY_OR_MERGE,Num.15.12
NUM 15:13,COPY_OR_MERGE,Num.15.13
NUM 15:14,COPY_OR_MERGE,Num.15.14
NUM 15:15,COPY_OR_MERGE,Num.15.15
NUM 15:16,COPY_OR_MERGE,Num.15.16
NUM 15:17,COPY_OR_MERGE,Num.15.17
NUM 15:18,COPY_OR_MERGE,Num.15.18
NUM 15:19,COPY_OR_MERGE,Num.15.19
NUM 15:20,COPY_OR_MERGE,Num.15.20
NUM 15:21,COPY_OR_MERGE,Num.15.21
NUM 15:22,COPY_OR_MERGE,Num.15.22
NUM 15:23,COPY_OR_MERGE,Num.15.23
NUM 15:24,COPY_OR_MERGE,Num.15.24
NUM 15:25,COPY_OR_MERGE,Num.15.25
NUM 15:26,COPY_OR_MERGE,Num.15.26
NUM 15:27,COPY_OR_MERGE,Num.15.27
NUM 15:28,COPY_OR_MERGE,Num.15.28
NUM 15:29,COPY_OR_MERGE,Num.15.29
NUM 15:30,COPY_OR_MERGE,Num.15.30
NUM 15:31,COPY_OR_MERGE,Num.15.31
NUM 15:32,COPY_OR_MERGE,Num.15.32
NUM 15:33,COPY_OR_MERGE,Num.15.33
NUM 15:34,COPY_OR_MERGE,Num.15.34
NUM 15:35,COPY_OR_MERGE,Num.15.35
NUM 15:36,COPY_OR_MERGE,Num.15.36
NUM 15:37,COPY_OR_MERGE,Num.15.37
NUM 15:38,COPY_OR_MERGE,Num.15.38
NUM 15:39,COPY_OR_MERGE,Num.15.39
NUM 15:40,COPY_OR_MERGE,Num.15.40
NUM 15:41,COPY_OR_MERGE,Num.15.41
NUM 16:1,COPY_OR_MERGE,Num.16.1
NUM 16:2,COPY_OR_MERGE,Num.16.2
NUM 16:3,COPY_OR_MERGE,Num.16.3
NUM 16:4,COPY_OR_MERGE,Num.16.4
NUM 16:5,COPY_OR_MERGE,Num.16.5
NUM 16:6,COPY_OR_MERGE,Num.16.6
NUM 16:7,COPY_OR_MERGE,Num.16.7
NUM 16:8,COPY_OR_MERGE,Num.16.8
NUM 16:9,COPY_OR_MERGE,Num.16.9
NUM 16:10,COPY_OR_MERGE,Num.16.10
NUM 16:11,COPY_OR_MERGE,Num.16.11
NUM 16:12,COPY_OR_MERGE,Num.16.12
NUM 16:13,COPY_OR_MERGE,Num.16.13
NUM 16:14,COPY_OR_MERGE,Num.16.14
NUM 16:15,COPY_OR_MERGE,Num.16.15
NUM 16:16,COPY_OR_MERGE,Num.16.16
NUM 16:17,COPY_OR_MERGE,Num.16.17
NUM 16:18,COPY_OR_MERGE,Num.16.18
NUM 16:19,COPY_OR_MERGE,Num.16.19
NUM 16:20,COPY_OR_MERGE,Num.16.20
NUM 16:21,COPY_OR_MERGE,Num.16.21
NUM 16:22,COPY_OR_MERGE,Num.16.22
NUM 16:23,COPY_OR_MERGE,Num.16.23
NUM 16:24,COPY_OR_MERGE,Num.16.24
NUM 16:25,COPY_OR_MERGE,Num.16.25
NUM 16:26,COPY_OR_MERGE,Num.16.26
NUM 16:27,COPY_OR_MERGE,Num.16.27
NUM 16:28,COPY_OR_MERGE,Num.16.28
NUM 16:29,COPY_OR_MERGE,Num.16.29
NUM 16:30,COPY_OR_MERGE,Num.16.30
NUM 16:31,COPY_OR_MERGE,Num.16.31
NUM 16:32,COPY_OR_MERGE,Num.16.32
NUM 16:33,COPY_OR_MERGE,Num.16.33
NUM 16:34,COPY_OR_MERGE,Num.16.34
NUM 16:35,COPY_OR_MERGE,Num.16.35
NUM 16:36,COPY_OR_MERGE,Num.17.1
NUM 16:37,COPY_OR_MERGE,Num.17.2
NUM 16:38,COPY_OR_MERGE,Num.17.3
NUM 16:39,COPY_OR_MERGE,Num.17.4
NUM 16:40,COPY_OR_MERGE,Num.17.5
NUM 16:41,COPY_OR_MERGE,Num.17.6
NUM 16:42,COPY_OR_MERGE,Num.17.7
NUM 16:43,COPY_OR_MERGE,Num.17.8
NUM 16:44,COPY_OR_MERGE,Num.17.9
NUM 16:45,COPY_OR_MERGE,Num.17.10
NUM 16:46,COPY_OR_MERGE,Num.17.11
NUM 16:47,COPY_OR_MERGE,Num.17.12
NUM 16:48,COPY_OR_MERGE,Num.17.13
NUM 16:49,COPY_OR_MERGE,Num.17.14
NUM 16:50,COPY_OR_MERGE,Num.17.15
NUM 17:1,COPY_OR_MERGE,Num.17.16
NUM 17:2,COPY_OR_MERGE,Num.17.17
NUM 17:3,COPY_OR_MERGE,Num.17.18
NUM 17:4,COPY_OR_MERGE,Num.17.19
NUM 17:5,COPY_OR_MERGE,Num.17.20
NUM 17:6,COPY_OR_MERGE,Num.17.21
NUM 17:7,COPY_OR_MERGE,Num.17.22
NUM 17:8,COPY_OR_MERGE,Num.17.23
NUM 17:9,COPY_OR_MERGE,Num.17.24
NUM 17:10,COPY_OR_MERGE,Num.17.25
NUM 17:11,COPY_OR_MERGE,Num.17.26
NUM 17:12,COPY_OR_MERGE,Num.17.27
NUM 17:13,COPY_OR_MERGE,Num.17.28
NUM 18:1,COPY_OR_MERGE,Num.18.1
NUM 18:2,COPY_OR_MERGE,Num.18.2
NUM 18:3,COPY_OR_MERGE,Num.18.3
NUM 18:4,COPY_OR_MERGE,Num.18.4
NUM 18:5,COPY_OR_MERGE,Num.18.5
NUM 18:6,COPY_OR_MERGE,Num.18.6
NUM 18:7,COPY_OR_MERGE,Num.18.7
NUM 18:8,COPY_OR_MERGE,Num.18.8
NUM 18:9,COPY_OR_MERGE,Num.18.9
NUM 18:10,COPY_OR_MERGE,Num.18.10
NUM 18:11,COPY_OR_MERGE,Num.18.11
NUM 18:12,COPY_OR_MERGE,Num.18.12
NUM 18:13,COPY_OR_MERGE,Num.18.13
NUM 18:14,COPY_OR_MERGE,Num.18.14
NUM 18:15,COPY_OR_MERGE,Num.18.15
NUM 18:16,COPY_OR_MERGE,Num.18.16
NUM 18:17,COPY_OR_MERGE,Num.18.17
NUM 18:18,COPY_OR_MERGE,Num.18.18
NUM 18:19,COPY_OR_MERGE,Num.18.19
NUM 18:20,COPY_OR_MERGE,Num.18.20
NUM 18:21,COPY_OR_MERGE,Num.18.21
NUM 18:22,COPY_OR_MERGE,Num.18.22
NUM 18:23,COPY_OR_MERGE,Num.18.23
NUM 18:24,COPY_OR_MERGE,Num.18.24
NUM 18:25,COPY_OR_MERGE,Num.18.25
NUM 18:26,COPY_OR_MERGE,Num.18.26
NUM 18:27,COPY_OR_MERGE,Num.18.27
NUM 18:28,COPY_OR_MERGE,Num.18.28
NUM 18:29,COPY_OR_MERGE,Num.18.29
NUM 18:30,COPY_OR_MERGE,Num.18.30
NUM 18:31,COPY_OR_MERGE,Num.18.31
NUM 18:32,COPY_OR_MERGE,Num.18.32
NUM 19:1,COPY_OR_MERGE,Num.19.1
NUM 19:2,COPY_OR_MERGE,Num.19.2
NUM 19:3,COPY_OR_MERGE,Num.19.3
NUM 19:4,COPY_OR_MERGE,Num.19.4
NUM 19:5,COPY_OR_MERGE,Num.19.5
NUM 19:6,COPY_OR_MERGE,Num.19.6
NUM 19:7,COPY_OR_MERGE,Num.19.7
NUM 19:8,COPY_OR_MERGE,Num.19.8
NUM 19:9,COPY_OR_MERGE,Num.19.9
NUM 19:10,COPY_OR_MERGE,Num.19.10
NUM 19:11,COPY_OR_MERGE,Num.19.11
NUM 19:12,COPY_OR_MERGE,Num.19.12
NUM 19:13,COPY_OR_MERGE,Num.19.13
NUM 19:14,COPY_OR_MERGE,Num.19.14
NUM 19:15,COPY_OR_MERGE,Num.19.15
NUM 19:16,COPY_OR_MERGE,Num.19.16
NUM 19:17,COPY_OR_MERGE,Num.19.17
NUM 19:18,COPY_OR_MERGE,Num.19.18
NUM 19:19,COPY_OR_MERGE,Num.19.19
NUM 19:20,COPY_OR_MERGE,Num.19.20
NUM 19:21,COPY_OR_MERGE,Num.19.21
NUM 19:22,COPY_OR_MERGE,Num.19.22
NUM 20:1,COPY_OR_MERGE,Num.20.1
NUM 20:2,COPY_OR_MERGE,Num.20.2
NUM 20:3,COPY_OR_MERGE,Num.20.3
NUM 20:4,COPY_OR_MERGE,Num.20.4
NUM 20:5,COPY_OR_MERGE,Num.20.5
NUM 20:6,COPY_OR_MERGE,Num.20.6
NUM 20:7,COPY_OR_MERGE,Num.20.7
NUM 20:8,COPY_OR_MERGE,Num.20.8
NUM 20:9,COPY_OR_MERGE,Num.20.9
NUM 20:10,COPY_OR_MERGE,Num.20.10
NUM 20:11,COPY_OR_MERGE,Num.20.11
NUM 20:12,COPY_OR_MERGE,Num.20.12
NUM 20:13,COPY_OR_MERGE,Num.20.13
NUM 20:14,COPY_OR_MERGE,Num.20.14
NUM 20:15,COPY_OR_MERGE,Num.20.15
NUM 20:16,COPY_OR_MERGE,Num.20.16
NUM 20:17,COPY_OR_MERGE,Num.20.17
NUM 20:18,COPY_OR_MERGE,Num.20.18
NUM 20:19,COPY_OR_MERGE,Num.20.19
NUM 20:20,COPY_OR_MERGE,Num.20.20
NUM 20:21,COPY_OR_MERGE,Num.20.21
NUM 20:22,COPY_OR_MERGE,Num.20.22
NUM 20:23,COPY_OR_MERGE,Num.20.23
NUM 20:24,COPY_OR_MERGE,Num.20.24
NUM 20:25,COPY_OR_MERGE,Num.20.25
NUM 20:26,COPY_OR_MERGE,Num.20.26
NUM 20:27,COPY_OR_MERGE,Num.20.27
NUM 20:28,COPY_OR_MERGE,Num.20.28
NUM 20:29,COPY_OR_MERGE,Num.20.29
NUM 21:1,COPY_OR_MERGE,Num.21.1
NUM 21:2,COPY_OR_MERGE,Num.21.2
NUM 21:3,COPY_OR_MERGE,Num.21.3
NUM 21:4,COPY_OR_MERGE,Num.21.4
NUM 21:5,COPY_OR_MERGE,Num.21.5
NUM 21:6,COPY_OR_MERGE,Num.21.6
NUM 21:7,COPY_OR_MERGE,Num.21.7
NUM 21:8,COPY_OR_MERGE,Num.21.8
NUM 21:9,COPY_OR_MERGE,Num.21.9
NUM 21:10,COPY_OR_MERGE,Num.21.10
NUM 21:11,COPY_OR_MERGE,Num.21.11
NUM 21:12,COPY_OR_MERGE,Num.21.12
NUM 21:13,COPY_OR_MERGE,Num.21.13
NUM 21:14,COPY_OR_MERGE,Num.21.14
NUM 21:15,COPY_OR_MERGE,Num.21.15
NUM 21:16,COPY_OR_MERGE,Num.21.16
NUM 21:17,COPY_OR_MERGE,Num.21.17
NUM 21:18,COPY_OR_MERGE,Num.21.18
NUM 21:19,COPY_OR_MERGE,Num.21.19
NUM 21:20,COPY_OR_MERGE,Num.21.20
NUM 21:21,COPY_OR_MERGE,Num.21.21
NUM 21:22,COPY_OR_MERGE,Num.21.22
NUM 21:23,COPY_OR_MERGE,Num.21.23
NUM 21:24,COPY_OR_MERGE,Num.21.24
NUM 21:25,COPY_OR_MERGE,Num.21.25
NUM 21:26,COPY_OR_MERGE,Num.21.26
NUM 21:27,COPY_OR_MERGE,Num.21.27
NUM 21:28,COPY_OR_MERGE,Num.21.28
NUM 21:29,COPY_OR_MERGE,Num.21.29
NUM 21:30,COPY_OR_MERGE,Num.21.30
NUM 21:31,COPY_OR_MERGE,Num.21.31
NUM 21:32,COPY_OR_MERGE,Num.21.32
NUM 21:33,COPY_OR_MERGE,Num.21.33
NUM 21:34,COPY_OR_MERGE,Num.21.34
NUM 21:35,COPY_OR_MERGE,Num.21.35
NUM 22:1,COPY_OR_MERGE,Num.22.1
NUM 22:2,COPY_OR_MERGE,Num.22.2
NUM 22:3,COPY_OR_MERGE,Num.22.3
NUM 22:4,COPY_OR_MERGE,Num.22.4
NUM 22:5,COPY_OR_MERGE,Num.22.5
NUM 22:6,COPY_OR_MERGE,Num.22.6
NUM 22:7,COPY_OR_MERGE,Num.22.7
NUM 22:8,COPY_OR_MERGE,Num.22.8
NUM 22:9,COPY_OR_MERGE,Num.22.9
NUM 22:10,COPY_OR_MERGE,Num.22.10
NUM 22:11,COPY_OR_MERGE,Num.22.11
NUM 22:12,COPY_OR_MERGE,Num.22.12
NUM 22:13,COPY_OR_MERGE,Num.22.13
NUM 22:14,COPY_OR_MERGE,Num.22.14
NUM 22:15,COPY_OR_MERGE,Num.22.15
NUM 22:16,COPY_OR_MERGE,Num.22.16
NUM 22:17,COPY_OR_MERGE,Num.22.17
NUM 22:18,COPY_OR_MERGE,Num.22.18
NUM 22:19,COPY_OR_MERGE,Num.22.19
NUM 22:20,COPY_OR_MERGE,Num.22.20
NUM 22:21,COPY_OR_MERGE,Num.22.21
NUM 22:22,COPY_OR_MERGE,Num.22.22
NUM 22:23,COPY_OR_MERGE,Num.22.23
NUM 22:24,COPY_OR_MERGE,Num.22.24
NUM 22:25,COPY_OR_MERGE,Num.22.25
NUM 22:26,COPY_OR_MERGE,Num.22.26
NUM 22:27,COPY_OR_MERGE,Num.22.27
NUM 22:28,COPY_OR_MERGE,Num.22.28
NUM 22:29,COPY_OR_MERGE,Num.22.29
NUM 22:30,COPY_OR_MERGE,Num.22.30
NUM 22:31,COPY_OR_MERGE,Num.22.31
NUM 22:32,COPY_OR_MERGE,Num.22.32
NUM 22:33,COPY_OR_MERGE,Num.22.33
NUM 22:34,COPY_OR_MERGE,Num.22.34
NUM 22:35,COPY_OR_MERGE,Num.22.35
NUM 22:36,COPY_OR_MERGE,Num.22.36
NUM 22:37,COPY_OR_MERGE,Num.22.37
NUM 22:38,COPY_OR_MERGE,Num.22.38
NUM 22:39,COPY_OR_MERGE,Num.22.39
NUM 22:40,COPY_OR_MERGE,Num.22.40
NUM 22:41,COPY_OR_MERGE,Num.22.41
NUM 23:1,COPY_OR_MERGE,Num.23.1
NUM 23:2,COPY_OR_MERGE,Num.23.2
NUM 23:3,COPY_OR_MERGE,Num.23.3
NUM 23:4,COPY_OR_MERGE,Num.23.4
NUM 23:5,COPY_OR_MERGE,Num.23.5
NUM 23:6,COPY_OR_MERGE,Num.23.6
NUM 23:7,COPY_OR_MERGE,Num.23.7
NUM 23:8,COPY_OR_MERGE,Num.23.8
NUM 23:9,COPY_OR_MERGE,Num.23.9
NUM 23:10,COPY_OR_MERGE,Num.23.10
NUM 23:11,COPY_OR_MERGE,Num.23.11
NUM 23:12,COPY_OR_MERGE,Num.23.12
NUM 23:13,COPY_OR_MERGE,Num.23.13
NUM 23:14,COPY_OR_MERGE,Num.23.14
NUM 23:15,COPY_OR_MERGE,Num.23.15
NUM 23:16,COPY_OR_MERGE,Num.23.16
NUM 23:17,COPY_OR_MERGE,Num.23.17
NUM 23:18,COPY_OR_MERGE,Num.23.18
NUM 23:19,COPY_OR_MERGE,Num.23.19
NUM 23:20,COPY_OR_MERGE,Num.23.20
NUM 23:21,COPY_OR_MERGE,Num.23.21
NUM 23:22,COPY_OR_MERGE,Num.23.22
NUM 23:23,COPY_OR_MERGE,Num.23.23
NUM 23:24,COPY_OR_MERGE,Num.23.24
NUM 23:25,COPY_OR_MERGE,Num.23.25
NUM 23:26,COPY_OR_MERGE,Num.23.26
NUM 23:27,COPY_OR_MERGE,Num.23.27
NUM 23:28,COPY_OR_MERGE,Num.23.28
NUM 23:29,COPY_OR_MERGE,Num.23.29
NUM 23:30,COPY_OR_MERGE,Num.23.30
NUM 24:1,COPY_OR_MERGE,Num.24.1
NUM 24:2,COPY_OR_MERGE,Num.24.2
NUM 24:3,COPY_OR_MERGE,Num.24.3
NUM 24:4,COPY_OR_MERGE,Num.24.4
NUM 24:5,COPY_OR_MERGE,Num.24.5
NUM 24:6,COPY_OR_MERGE,Num.24.6
NUM 24:7,COPY_OR_MERGE,Num.24.7
NUM 24:8,COPY_OR_MERGE,Num.24.8
NUM 24:9,COPY_OR_MERGE,Num.24.9
NUM 24:10,COPY_OR_MERGE,Num.24.10
NUM 24:11,COPY_OR_MERGE,Num.24.11
NUM 24:12,COPY_OR_MERGE,Num.24.12
NUM 24:13,COPY_OR_MERGE,Num.24.13
NUM 24:14,COPY_OR_MERGE,Num.24.14
NUM 24:15,COPY_OR_MERGE,Num.24.15
NUM 24:16,COPY_OR_MERGE,Num.24.16
NUM 24:17,COPY_OR_MERGE,Num.24.17
NUM 24:18,COPY_OR_MERGE,Num.24.18
NUM 24:19,COPY_OR_MERGE,Num.24.19
NUM 24:20,COPY_OR_MERGE,Num.24.20
NUM 24:21,COPY_OR_MERGE,Num.24.21
NUM 24:22,COPY_OR_MERGE,Num.24.22
NUM 24:23,COPY_OR_MERGE,Num.24.23
NUM 24:24,COPY_OR_MERGE,Num.24.24
NUM 24:25,COPY_OR_MERGE,Num.24.25
NUM 25:1,COPY_OR_MERGE,Num.25.1
NUM 25:2,COPY_OR_MERGE,Num.25.2
NUM 25:3,COPY_OR_MERGE,Num.25.3
NUM 25:4,COPY_OR_MERGE,Num.25.4
NUM 25:5,COPY_OR_MERGE,Num.25.5
NUM 25:6,COPY_OR_MERGE,Num.25.6
NUM 25:7,COPY_OR_MERGE,Num.25.7
NUM 25:8,COPY_OR_MERGE,Num.25.8
NUM 25:9,COPY_OR_MERGE,Num.25.9
NUM 25:10,COPY_OR_MERGE,Num.25.10
NUM 25:11,COPY_OR_MERGE,Num.25.11
NUM 25:12,COPY_OR_MERGE,Num.25.12
NUM 25:13,COPY_OR_MERGE,Num.25.13
NUM 25:14,COPY_OR_MERGE,Num.25.14
NUM 25:15,COPY_OR_MERGE,Num.25.15
NUM 25:16,COPY_OR_MERGE,Num.25.16
NUM 25:17,COPY_OR_MERGE,Num.25.17
NUM 25:18,COPY_OR_MERGE,Num.25.18
NUM 26:1,COPY_OR_MERGE,Num.25.19; Num.26.1
NUM 26:2,COPY_OR_MERGE,Num.26.2
NUM 26:3,COPY_OR_MERGE,Num.26.3
NUM 26:4,COPY_OR_MERGE,Num.26.4
NUM 26:5,COPY_OR_MERGE,Num.26.5
NUM 26:6,COPY_OR_MERGE,Num.26.6
NUM 26:7,COPY_OR_MERGE,Num.26.7
NUM 26:8,COPY_OR_MERGE,Num.26.8
NUM 26:9,COPY_OR_MERGE,Num.26.9
NUM 26:10,COPY_OR_MERGE,Num.26.10
NUM 26:11,COPY_OR_MERGE,Num.26.11
NUM 26:12,COPY_OR_MERGE,Num.26.12
NUM 26:13,COPY_OR_MERGE,Num.26.13
NUM 26:14,COPY_OR_MERGE,Num.26.14
NUM 26:15,COPY_OR_MERGE,Num.26.15
NUM 26:16,COPY_OR_MERGE,Num.26.16
NUM 26:17,COPY_OR_MERGE,Num.26.17
NUM 26:18,COPY_OR_MERGE,Num.26.18
NUM 26:19,COPY_OR_MERGE,Num.26.19
NUM 26:20,COPY_OR_MERGE,Num.26.20
NUM 26:21,COPY_OR_MERGE,Num.26.21
NUM 26:22,COPY_OR_MERGE,Num.26.22
NUM 26:23,COPY_OR_MERGE,Num.26.23
NUM 26:24,COPY_OR_MERGE,Num.26.24
NUM 26:25,COPY_OR_MERGE,Num.26.25
NUM 26:26,COPY_OR_MERGE,Num.26.26
NUM 26:27,COPY_OR_MERGE,Num.26.27
NUM 26:28,COPY_OR_MERGE,Num.26.28
NUM 26:29,COPY_OR_MERGE,Num.26.29
NUM 26:30,COPY_OR_MERGE,Num.26.30
NUM 26:31,COPY_OR_MERGE,Num.26.31
NUM 26:32,COPY_OR_MERGE,Num.26.32
NUM 26:33,COPY_OR_MERGE,Num.26.33
NUM 26:34,COPY_OR_MERGE,Num.26.34
NUM 26:35,COPY_OR_MERGE,Num.26.35
NUM 26:36,COPY_OR_MERGE,Num.26.36
NUM 26:37,COPY_OR_MERGE,Num.26.37
NUM 26:38,COPY_OR_MERGE,Num.26.38
NUM 26:39,COPY_OR_MERGE,Num.26.39
NUM 26:40,COPY_OR_MERGE,Num.26.40
NUM 26:41,COPY_OR_MERGE,Num.26.41
NUM 26:42,COPY_OR_MERGE,Num.26.42
NUM 26:43,COPY_OR_MERGE,Num.26.43
NUM 26:44,COPY_OR_MERGE,Num.26.44
NUM 26:45,COPY_OR_MERGE,Num.26.45
NUM 26:46,COPY_OR_MERGE,Num.26.46
NUM 26:47,COPY_OR_MERGE,Num.26.47
NUM 26:48,COPY_OR_MERGE,Num.26.48
NUM 26:49,COPY_OR_MERGE,Num.26.49
NUM 26:50,COPY_OR_MERGE,Num.26.50
NUM 26:51,COPY_OR_MERGE,Num.26.51
NUM 26:52,COPY_OR_MERGE,Num.26.52
NUM 26:53,COPY_OR_MERGE,Num.26.53
NUM 26:54,COPY_OR_MERGE,Num.26.54
NUM 26:55,COPY_OR_MERGE,Num.26.55
NUM 26:56,COPY_OR_MERGE,Num.26.56
NUM 26:57,COPY_OR_MERGE,Num.26.57
NUM 26:58,COPY_OR_MERGE,Num.26.58
NUM 26:59,COPY_OR_MERGE,Num.26.59
NUM 26:60,COPY_OR_MERGE,Num.26.60
NUM 26:61,COPY_OR_MERGE,Num.26.61
NUM 26:62,COPY_OR_MERGE,Num.26.62
NUM 26:63,COPY_OR_MERGE,Num.26.63
NUM 26:64,COPY_OR_MERGE,Num.26.64
NUM 26:65,COPY_OR_MERGE,Num.26.65
NUM 27:1,COPY_OR_MERGE,Num.27.1
NUM 27:2,COPY_OR_MERGE,Num.27.2
NUM 27:3,COPY_OR_MERGE,Num.27.3
NUM 27:4,COPY_OR_MERGE,Num.27.4
NUM 27:5,COPY_OR_MERGE,Num.27.5
NUM 27:6,COPY_OR_MERGE,Num.27.6
NUM 27:7,COPY_OR_MERGE,Num.27.7
NUM 27:8,COPY_OR_MERGE,Num.27.8
NUM 27:9,COPY_OR_MERGE,Num.27.9
NUM 27:10,COPY_OR_MERGE,Num.27.10
NUM 27:11,COPY_OR_MERGE,Num.27.11
NUM 27:12,COPY_OR_MERGE,Num.27.12
NUM 27:13,COPY_OR_MERGE,Num.27.13
NUM 27:14,COPY_OR_MERGE,Num.27.14
NUM 27:15,COPY_OR_MERGE,Num.27.15
NUM 27:16,COPY_OR_MERGE,Num.27.16
NUM 27:17,COPY_OR_MERGE,Num.27.17
NUM 27:18,COPY_OR_MERGE,Num.27.18
NUM 27:19,COPY_OR_MERGE,Num.27.19
NUM 27:20,COPY_OR_MERGE,Num.27.20
NUM 27:21,COPY_OR_MERGE,Num.27.21
NUM 27:22,COPY_OR_MERGE,Num.27.22
NUM 27:23,COPY_OR_MERGE,Num.27.23
NUM 28:1,COPY_OR_MERGE,Num.28.1
NUM 28:2,COPY_OR_MERGE,Num.28.2
NUM 28:3,COPY_OR_MERGE,Num.28.3
NUM 28:4,COPY_OR_MERGE,Num.28.4
NUM 28:5,COPY_OR_MERGE,Num.28.5
NUM 28:6,COPY_OR_MERGE,Num.28.6
NUM 28:7,COPY_OR_MERGE,Num.28.7
NUM 28:8,COPY_OR_MERGE,Num.28.8
NUM 28:9,COPY_OR_MERGE,Num.28.9
NUM 28:10,COPY_OR_MERGE,Num.28.10
NUM 28:11,COPY_OR_MERGE,Num.28.11
NUM 28:12,COPY_OR_MERGE,Num.28.12
NUM 28:13,COPY_OR_MERGE,Num.28.13
NUM 28:14,COPY_OR_MERGE,Num.28.14
NUM 28:15,COPY_OR_MERGE,Num.28.15
NUM 28:16,COPY_OR_MERGE,Num.28.16
NUM 28:17,COPY_OR_MERGE,Num.28.17
NUM 28:18,COPY_OR_MERGE,Num.28.18
NUM 28:19,COPY_OR_MERGE,Num.28.19
NUM 28:20,COPY_OR_MERGE,Num.28.20
NUM 28:21,COPY_OR_MERGE,Num.28.21
NUM 28:22,COPY_OR_MERGE,Num.28.22
NUM 28:23,COPY_OR_MERGE,Num.28.23
NUM 28:24,COPY_OR_MERGE,Num.28.24
NUM 28:25,COPY_OR_MERGE,Num.28.25
NUM 28:26,COPY_OR_MERGE,Num.28.26
NUM 28:27,COPY_OR_MERGE,Num.28.27
NUM 28:28,COPY_OR_MERGE,Num.28.28
NUM 28:29,COPY_OR_MERGE,Num.28.29
NUM 28:30,COPY_OR_MERGE,Num.28.30
NUM 28:31,COPY_OR_MERGE,Num.28.31
NUM 29:1,COPY_OR_MERGE,Num.29.1
NUM 29:2,COPY_OR_MERGE,Num.29.2
NUM 29:3,COPY_OR_MERGE,Num.29.3
NUM 29:4,COPY_OR_MERGE,Num.29.4
NUM 29:5,COPY_OR_MERGE,Num.29.5
NUM 29:6,COPY_OR_MERGE,Num.29.6
NUM 29:7,COPY_OR_MERGE,Num.29.7
NUM 29:8,COPY_OR_MERGE,Num.29.8
NUM 29:9,COPY_OR_MERGE,Num.29.9
NUM 29:10,COPY_OR_MERGE,Num.29.10
NUM 29:11,COPY_OR_MERGE,Num.29.11
NUM 29:12,COPY_OR_MERGE,Num.29.12
NUM 29:13,COPY_OR_MERGE,Num.29.13
NUM 29:14,COPY_OR_MERGE,Num.29.14
NUM 29:15,COPY_OR_MERGE,Num.29.15
NUM 29:16,COPY_OR_MERGE,Num.29.16
NUM 29:17,COPY_OR_MERGE,Num.29.17
NUM 29:18,COPY_OR_MERGE,Num.29.18
NUM 29:19,COPY_OR_MERGE,Num.29.19
NUM 29:20,COPY_OR_MERGE,Num.29.20
NUM 29:21,COPY_OR_MERGE,Num.29.21
NUM 29:22,COPY_OR_MERGE,Num.29.22
NUM 29:23,COPY_OR_MERGE,Num.29.23
NUM 29:24,COPY_OR_MERGE,Num.29.24
NUM 29:25,COPY_OR_MERGE,Num.29.25
NUM 29:26,COPY_OR_MERGE,Num.29.26
NUM 29:27,COPY_OR_MERGE,Num.29.27
NUM 29:28,COPY_OR_MERGE,Num.29.28
NUM 29:29,COPY_OR_MERGE,Num.29.29
NUM 29:30,COPY_OR_MERGE,Num.29.30
NUM 29:31,COPY_OR_MERGE,Num.29.31
NUM 29:32,COPY_OR_MERGE,Num.29.32
NUM 29:33,COPY_OR_MERGE,Num.29.33
NUM 29:34,COPY_OR_MERGE,Num.29.34
NUM 29:35,COPY_OR_MERGE,Num.29.35
NUM 29:36,COPY_OR_MERGE,Num.29.36
NUM 29:37,COPY_OR_MERGE,Num.29.37
NUM 29:38,COPY_OR_MERGE,Num.29.38
NUM 29:39,COPY_OR_MERGE,Num.29.39
NUM 29:40,COPY_OR_MERGE,Num.30.1
NUM 30:1,COPY_OR_MERGE,Num.30.2
NUM 30:2,COPY_OR_MERGE,Num.30.3
NUM 30:3,COPY_OR_MERGE,Num.30.4
NUM 30:4,COPY_OR_MERGE,Num.30.5
NUM 30:5,COPY_OR_MERGE,Num.30.6
NUM 30:6,COPY_OR_MERGE,Num.30.7
NUM 30:7,COPY_OR_MERGE,Num.30.8
NUM 30:8,COPY_OR_MERGE,Num.30.9
NUM 30:9,COPY_OR_MERGE,Num.30.10
NUM 30:10,COPY_OR_MERGE,Num.30.11
NUM 30:11,COPY_OR_MERGE,Num.30.12
NUM 30:12,COPY_OR_MERGE,Num.30.13
NUM 30:13,COPY_OR_MERGE,Num.30.14
NUM 30:14,COPY_OR_MERGE,Num.30.15
NUM 30:15,COPY_OR_MERGE,Num.30.16
NUM 30:16,COPY_OR_MERGE,Num.30.17
NUM 31:1,COPY_OR_MERGE,Num.31.1
NUM 31:2,COPY_OR_MERGE,Num.31.2
NUM 31:3,COPY_OR_MERGE,Num.31.3
NUM 31:4,COPY_OR_MERGE,Num.31.4
NUM 31:5,COPY_OR_MERGE,Num.31.5
NUM 31:6,COPY_OR_MERGE,Num.31.6
NUM 31:7,COPY_OR_MERGE,Num.31.7
NUM 31:8,COPY_OR_MERGE,Num.31.8
NUM 31:9,COPY_OR_MERGE,Num.31.9
NUM 31:10,COPY_OR_MERGE,Num.31.10
NUM 31:11,COPY_OR_MERGE,Num.31.11
NUM 31:12,COPY_OR_MERGE,Num.31.12
NUM 31:13,COPY_OR_MERGE,Num.31.13
NUM 31:14,COPY_OR_MERGE,Num.31.14
NUM 31:15,COPY_OR_MERGE,Num.31.15
NUM 31:16,COPY_OR_MERGE,Num.31.16
NUM 31:17,COPY_OR_MERGE,Num.31.17
NUM 31:18,COPY_OR_MERGE,Num.31.18
NUM 31:19,COPY_OR_MERGE,Num.31.19
NUM 31:20,COPY_OR_MERGE,Num.31.20
NUM 31:21,COPY_OR_MERGE,Num.31.21
NUM 31:22,COPY_OR_MERGE,Num.31.22
NUM 31:23,COPY_OR_MERGE,Num.31.23
NUM 31:24,COPY_OR_MERGE,Num.31.24
NUM 31:25,COPY_OR_MERGE,Num.31.25
NUM 31:26,COPY_OR_MERGE,Num.31.26
NUM 31:27,COPY_OR_MERGE,Num.31.27
NUM 31:28,COPY_OR_MERGE,Num.31.28
NUM 31:29,COPY_OR_MERGE,Num.31.29
NUM 31:30,COPY_OR_MERGE,Num.31.30
NUM 31:31,COPY_OR_MERGE,Num.31.31
NUM 31:32,COPY_OR_MERGE,Num.31.32
NUM 31:33,COPY_OR_MERGE,Num.31.33
NUM 31:34,COPY_OR_MERGE,Num.31.34
NUM 31:35,COPY_OR_MERGE,Num.31.35
NUM 31:36,COPY_OR_MERGE,Num.31.36
NUM 31:37,COPY_OR_MERGE,Num.31.37
NUM 31:38,COPY_OR_MERGE,Num.31.38
NUM 31:39,COPY_OR_MERGE,Num.31.39
NUM 31:40,COPY_OR_MERGE,Num.31.40
NUM 31:41,COPY_OR_MERGE,Num.31.41
NUM 31:42,COPY_OR_MERGE,Num.31.42
NUM 31:43,COPY_OR_MERGE,Num.31.43
NUM 31:44,COPY_OR_MERGE,Num.31.44
NUM 31:45,COPY_OR_MERGE,Num.31.45
NUM 31:46,COPY_OR_MERGE,Num.31.46
NUM 31:47,COPY_OR_MERGE,Num.31.47
NUM 31:48,COPY_OR_MERGE,Num.31.48
NUM 31:49,COPY_OR_MERGE,Num.31.49
NUM 31:50,COPY_OR_MERGE,Num.31.50
NUM 31:51,COPY_OR_MERGE,Num.31.51
NUM 31:52,COPY_OR_MERGE,Num.31.52
NUM 31:53,COPY_OR_MERGE,Num.31.53
NUM 31:54,COPY_OR_MERGE,Num.31.54
NUM 32:1,COPY_OR_MERGE,Num.32.1
NUM 32:2,COPY_OR_MERGE,Num.32.2
NUM 32:3,COPY_OR_MERGE,Num.32.3
NUM 32:4,COPY_OR_MERGE,Num.32.4
NUM 32:5,COPY_OR_MERGE,Num.32.5
NUM 32:6,COPY_OR_MERGE,Num.32.6
NUM 32:7,COPY_OR_MERGE,Num.32.7
NUM 32:8,COPY_OR_MERGE,Num.32.8
NUM 32:9,COPY_OR_MERGE,Num.32.9
NUM 32:10,COPY_OR_MERGE,Num.32.10
NUM 32:11,COPY_OR_MERGE,Num.32.11
NUM 32:12,COPY_OR_MERGE,Num.32.12
NUM 32:13,COPY_OR_MERGE,Num.32.13
NUM 32:14,COPY_OR_MERGE,Num.32.14
NUM 32:15,COPY_OR_MERGE,Num.32.15
NUM 32:16,COPY_OR_MERGE,Num.32.16
NUM 32:17,COPY_OR_MERGE,Num.32.17
NUM 32:18,COPY_OR_MERGE,Num.32.18
NUM 32:19,COPY_OR_MERGE,Num.32.19
NUM 32:20,COPY_OR_MERGE,Num.32.20
NUM 32:21,COPY_OR_MERGE,Num.32.21
NUM 32:22,COPY_OR_MERGE,Num.32.22
NUM 32:23,COPY_OR_MERGE,Num.32.23
NUM 32:24,COPY_OR_MERGE,Num.32.24
NUM 32:25,COPY_OR_MERGE,Num.32.25
NUM 32:26,COPY_OR_MERGE,Num.32.26
NUM 32:27,COPY_OR_MERGE,Num.32.27
NUM 32:28,COPY_OR_MERGE,Num.32.28
NUM 32:29,COPY_OR_MERGE,Num.32.29
NUM 32:30,COPY_OR_MERGE,Num.32.30
NUM 32:31,COPY_OR_MERGE,Num.32.31
NUM 32:32,COPY_OR_MERGE,Num.32.32
NUM 32:33,COPY_OR_MERGE,Num.32.33
NUM 32:34,COPY_OR_MERGE,Num.32.34
NUM 32:35,COPY_OR_MERGE,Num.32.35
NUM 32:36,COPY_OR_MERGE,Num.32.36
NUM 32:37,COPY_OR_MERGE,Num.32.37
NUM 32:38,COPY_OR_MERGE,Num.32.38
NUM 32:39,COPY_OR_MERGE,Num.32.39
NUM 32:40,COPY_OR_MERGE,Num.32.40
NUM 32:41,COPY_OR_MERGE,Num.32.41
NUM 32:42,COPY_OR_MERGE,Num.32.42
NUM 33:1,COPY_OR_MERGE,Num.33.1
NUM 33:2,COPY_OR_MERGE,Num.33.2
NUM 33:3,COPY_OR_MERGE,Num.33.3
NUM 33:4,COPY_OR_MERGE,Num.33.4
NUM 33:5,COPY_OR_MERGE,Num.33.5
NUM 33:6,COPY_OR_MERGE,Num.33.6
NUM 33:7,COPY_OR_MERGE,Num.33.7
NUM 33:8,COPY_OR_MERGE,Num.33.8
NUM 33:9,COPY_OR_MERGE,Num.33.9
NUM 33:10,COPY_OR_MERGE,Num.33.10
NUM 33:11,COPY_OR_MERGE,Num.33.11
NUM 33:12,COPY_OR_MERGE,Num.33.12
NUM 33:13,COPY_OR_MERGE,Num.33.13
NUM 33:14,COPY_OR_MERGE,Num.33.14
NUM 33:15,COPY_OR_MERGE,Num.33.15
NUM 33:16,COPY_OR_MERGE,Num.33.16
NUM 33:17,COPY_OR_MERGE,Num.33.17
NUM 33:18,COPY_OR_MERGE,Num.33.18
NUM 33:19,COPY_OR_MERGE,Num.33.19
NUM 33:20,COPY_OR_MERGE,Num.33.20
NUM 33:21,COPY_OR_MERGE,Num.33.21
NUM 33:22,COPY_OR_MERGE,Num.33.22
NUM 33:23,COPY_OR_MERGE,Num.33.23
NUM 33:24,COPY_OR_MERGE,Num.33.24
NUM 33:25,COPY_OR_MERGE,Num.33.25
NUM 33:26,COPY_OR_MERGE,Num.33.26
NUM 33:27,COPY_OR_MERGE,Num.33.27
NUM 33:28,COPY_OR_MERGE,Num.33.28
NUM 33:29,COPY_OR_MERGE,Num.33.29
NUM 33:30,COPY_OR_MERGE,Num.33.30
NUM 33:31,COPY_OR_MERGE,Num.33.31
NUM 33:32,COPY_OR_MERGE,Num.33.32
NUM 33:33,COPY_OR_MERGE,Num.33.33
NUM 33:34,COPY_OR_MERGE,Num.33.34
NUM 33:35,COPY_OR_MERGE,Num.33.35
NUM 33:36,COPY_OR_MERGE,Num.33.36
NUM 33:37,COPY_OR_MERGE,Num.33.37
NUM 33:38,COPY_OR_MERGE,Num.33.38
NUM 33:39,COPY_OR_MERGE,Num.33.39
NUM 33:40,COPY_OR_MERGE,Num.33.40
NUM 33:41,COPY_OR_MERGE,Num.33.41
NUM 33:42,COPY_OR_MERGE,Num.33.42
NUM 33:43,COPY_OR_MERGE,Num.33.43
NUM 33:44,COPY_OR_MERGE,Num.33.44
NUM 33:45,COPY_OR_MERGE,Num.33.45
NUM 33:46,COPY_OR_MERGE,Num.33.46
NUM 33:47,COPY_OR_MERGE,Num.33.47
NUM 33:48,COPY_OR_MERGE,Num.33.48
NUM 33:49,COPY_OR_MERGE,Num.33.49
NUM 33:50,COPY_OR_MERGE,Num.33.50
NUM 33:51,COPY_OR_MERGE,Num.33.51
NUM 33:52,COPY_OR_MERGE,Num.33.52
NUM 33:53,COPY_OR_MERGE,Num.33.53
NUM 33:54,COPY_OR_MERGE,Num.33.54
NUM 33:55,COPY_OR_MERGE,Num.33.55
NUM 33:56,COPY_OR_MERGE,Num.33.56
NUM 34:1,COPY_OR_MERGE,Num.34.1
NUM 34:2,COPY_OR_MERGE,Num.34.2
NUM 34:3,COPY_OR_MERGE,Num.34.3
NUM 34:4,COPY_OR_MERGE,Num.34.4
NUM 34:5,COPY_OR_MERGE,Num.34.5
NUM 34:6,COPY_OR_MERGE,Num.34.6
NUM 34:7,COPY_OR_MERGE,Num.34.7
NUM 34:8,COPY_OR_MERGE,Num.34.8
NUM 34:9,COPY_OR_MERGE,Num.34.9
NUM 34:10,COPY_OR_MERGE,Num.34.10
NUM 34:11,COPY_OR_MERGE,Num.34.11
NUM 34:12,COPY_OR_MERGE,Num.34.12
NUM 34:13,COPY_OR_MERGE,Num.34.13
NUM 34:14,COPY_OR_MERGE,Num.34.14
NUM 34:15,COPY_OR_MERGE,Num.34.15
NUM 34:16,COPY_OR_MERGE,Num.34.16
NUM 34:17,COPY_OR_MERGE,Num.34.17
NUM 34:18,COPY_OR_MERGE,Num.34.18
NUM 34:19,COPY_OR_MERGE,Num.34.19
NUM 34:20,COPY_OR_MERGE,Num.34.20
NUM 34:21,COPY_OR_MERGE,Num.34.21
NUM 34:22,COPY_OR_MERGE,Num.34.22
NUM 34:23,COPY_OR_MERGE,Num.34.23
NUM 34:24,COPY_OR_MERGE,Num.34.24
NUM 34:25,COPY_OR_MERGE,Num.34.25
NUM 34:26,COPY_OR_MERGE,Num.34.26
NUM 34:27,COPY_OR_MERGE,Num.34.27
NUM 34:28,COPY_OR_MERGE,Num.34.28
NUM 34:29,COPY_OR_MERGE,Num.34.29
NUM 35:1,COPY_OR_MERGE,Num.35.1
NUM 35:2,COPY_OR_MERGE,Num.35.2
NUM 35:3,COPY_OR_MERGE,Num.35.3
NUM 35:4,COPY_OR_MERGE,Num.35.4
NUM 35:5,COPY_OR_MERGE,Num.35.5
NUM 35:6,COPY_OR_MERGE,Num.35.6
NUM 35:7,COPY_OR_MERGE,Num.35.7
NUM 35:8,COPY_OR_MERGE,Num.35.8
NUM 35:9,COPY_OR_MERGE,Num.35.9
NUM 35:10,COPY_OR_MERGE,Num.35.10
NUM 35:11,COPY_OR_MERGE,Num.35.11
NUM 35:12,COPY_OR_MERGE,Num.35.12
NUM 35:13,COPY_OR_MERGE,Num.35.13
NUM 35:14,COPY_OR_MERGE,Num.35.14
NUM 35:15,COPY_OR_MERGE,Num.35.15
NUM 35:16,COPY_OR_MERGE,Num.35.16
NUM 35:17,COPY_OR_MERGE,Num.35.17
NUM 35:18,COPY_OR_MERGE,Num.35.18
NUM 35:19,COPY_OR_MERGE,Num.35.19
NUM 35:20,COPY_OR_MERGE,Num.35.20
NUM 35:21,COPY_OR_MERGE,Num.35.21
NUM 35:22,COPY_OR_MERGE,Num.35.22
NUM 35:23,COPY_OR_MERGE,Num.35.23
NUM 35:24,COPY_OR_MERGE,Num.35.24
NUM 35:25,COPY_OR_MERGE,Num.35.25
NUM 35:26,COPY_OR_MERGE,Num.35.26
NUM 35:27,COPY_OR_MERGE,Num.35.27
NUM 35:28,COPY_OR_MERGE,Num.35.28
NUM 35:29,COPY_OR_MERGE,Num.35.29
NUM 35:30,COPY_OR_MERGE,Num.35.30
NUM 35:31,COPY_OR_MERGE,Num.35.31
NUM 35:32,COPY_OR_MERGE,Num.35.32
NUM 35:33,COPY_OR_MERGE,Num.35.33
NUM 35:34,COPY_OR_MERGE,Num.35.34
NUM 36:1,COPY_OR_MERGE,Num.36.1
NUM 36:2,COPY_OR_MERGE,Num.36.2
NUM 36:3,COPY_OR_MERGE,Num.36.3
NUM 36:4,COPY_OR_MERGE,Num.36.4
NUM 36:5,COPY_OR_MERGE,Num.36.5
NUM 36:6,COPY_OR_MERGE,Num.36.6
NUM 36:7,COPY_OR_MERGE,Num.36.7
NUM 36:8,COPY_OR_MERGE,Num.36.8
NUM 36:9,COPY_OR_MERGE,Num.36.9
NUM 36:10,COPY_OR_MERGE,Num.36.10
NUM 36:11,COPY_OR_MERGE,Num.36.11
NUM 36:12,COPY_OR_MERGE,Num.36.12
NUM 36:13,COPY_OR_MERGE,Num.36.13
OBA 1:1,COPY_OR_MERGE,Obad.1.1
OBA 1:2,COPY_OR_MERGE,Obad.1.2
OBA 1:3,COPY_OR_MERGE,Obad.1.3
OBA 1:4,COPY_OR_MERGE,Obad.1.4
OBA 1:5,COPY_OR_MERGE,Obad.1.5
OBA 1:6,COPY_OR_MERGE,Obad.1.6
OBA 1:7,COPY_OR_MERGE,Obad.1.7
OBA 1:8,COPY_OR_MERGE,Obad.1.8
OBA 1:9,COPY_OR_MERGE,Obad.1.9
OBA 1:10,COPY_OR_MERGE,Obad.1.10
OBA 1:11,COPY_OR_MERGE,Obad.1.11
OBA 1:12,COPY_OR_MERGE,Obad.1.12
OBA 1:13,COPY_OR_MERGE,Obad.1.13
OBA 1:14,COPY_OR_MERGE,Obad.1.14
OBA 1:15,COPY_OR_MERGE,Obad.1.15
OBA 1:16,COPY_OR_MERGE,Obad.1.16
OBA 1:17,COPY_OR_MERGE,Obad.1.17
OBA 1:18,COPY_OR_MERGE,Obad.1.18
OBA 1:19,COPY_OR_MERGE,Obad.1.19
OBA 1:20,COPY_OR_MERGE,Obad.1.20
OBA 1:21,COPY_OR_MERGE,Obad.1.21
PRO 1:1,COPY_OR_MERGE,Prov.1.1
PRO 1:2,COPY_OR_MERGE,Prov.1.2
PRO 1:3,COPY_OR_MERGE,Prov.1.3
PRO 1:4,COPY_OR_MERGE,Prov.1.4
PRO 1:5,COPY_OR_MERGE,Prov.1.5
PRO 1:6,COPY_OR_MERGE,Prov.1.6
PRO 1:7,COPY_OR_MERGE,Prov.1.7
PRO 1:8,COPY_OR_MERGE,Prov.1.8
PRO 1:9,COPY_OR_MERGE,Prov.1.9
PRO 1:10,COPY_OR_MERGE,Prov.1.10
PRO 1:11,COPY_OR_MERGE,Prov.1.11
PRO 1:12,COPY_OR_MERGE,Prov.1.12
PRO 1:13,COPY_OR_MERGE,Prov.1.13
PRO 1:14,COPY_OR_MERGE,Prov.1.14
PRO 1:15,COPY_OR_MERGE,Prov.1.15
PRO 1:16,COPY_OR_MERGE,Prov.1.16
PRO 1:17,COPY_OR_MERGE,Prov.1.17
PRO 1:18,COPY_OR_MERGE,Prov.1.18
PRO 1:19,COPY_OR_MERGE,Prov.1.19
PRO 1:20,COPY_OR_MERGE,Prov.1.20
PRO 1:21,COPY_OR_MERGE,Prov.1.21
PRO 1:22,COPY_OR_MERGE,Prov.1.22
PRO 1:23,COPY_OR_MERGE,Prov.1.23
PRO 1:24,COPY_OR_MERGE,Prov.1.24
PRO 1:25,COPY_OR_MERGE,Prov.1.25
PRO 1:26,COPY_OR_MERGE,Prov.1.26
PRO 1:27,COPY_OR_MERGE,Prov.1.27
PRO 1:28,COPY_OR_MERGE,Prov.1.28
PRO 1:29,COPY_OR_MERGE,Prov.1.29
PRO 1:30,COPY_OR_MERGE,Prov.1.30
PRO 1:31,COPY_OR_MERGE,Prov.1.31
PRO 1:32,COPY_OR_MERGE,Prov.1.32
PRO 1:33,COPY_OR_MERGE,Prov.1.33
PRO 2:1,COPY_OR_MERGE,Prov.2.1
PRO 2:2,COPY_OR_MERGE,Prov.2.2
PRO 2:3,COPY_OR_MERGE,Prov.2.3
PRO 2:4,COPY_OR_MERGE,Prov.2.4
PRO 2:5,COPY_OR_MERGE,Prov.2.5
PRO 2:6,COPY_OR_MERGE,Prov.2.6
PRO 2:7,COPY_OR_MERGE,Prov.2.7
PRO 2:8,COPY_OR_MERGE,Prov.2.8
PRO 2:9,COPY_OR_MERGE,Prov.2.9
PRO 2:10,COPY_OR_MERGE,Prov.2.10
PRO 2:11,COPY_OR_MERGE,Prov.2.11
PRO 2:12,COPY_OR_MERGE,Prov.2.12
PRO 2:13,COPY_OR_MERGE,Prov.2.13
PRO 2:14,COPY_OR_MERGE,Prov.2.14
PRO 2:15,COPY_OR_MERGE,Prov.2.15
PRO 2:16,COPY_OR_MERGE,Prov.2.16
PRO 2:17,COPY_OR_MERGE,Prov.2.17
PRO 2:18,COPY_OR_MERGE,Prov.2.18
PRO 2:19,COPY_OR_MERGE,Prov.2.19
PRO 2:20,COPY_OR_MERGE,Prov.2.20
PRO 2:21,COPY_OR_MERGE,Prov.2.21
PRO 2:22,COPY_OR_MERGE,Prov.2.22
PRO 3:1,COPY_OR_MERGE,Prov.3.1
PRO 3:2,COPY_OR_MERGE,Prov.3.2
PRO 3:3,COPY_OR_MERGE,Prov.3.3
PRO 3:4,COPY_OR_MERGE,Prov.3.4
PRO 3:5,COPY_OR_MERGE,Prov.3.5
PRO 3:6,COPY_OR_MERGE,Prov.3.6
PRO 3:7,COPY_OR_MERGE,Prov.3.7
PRO 3:8,COPY_OR_MERGE,Prov.3.8
PRO 3:9,COPY_OR_MERGE,Prov.3.9
PRO 3:10,COPY_OR_MERGE,Prov.3.10
PRO 3:11,COPY_OR_MERGE,Prov.3.11
PRO 3:12,COPY_OR_MERGE,Prov.3.12
PRO 3:13,COPY_OR_MERGE,Prov.3.13
PRO 3:14,COPY_OR_MERGE,Prov.3.14
PRO 3:15,COPY_OR_MERGE,Prov.3.15
PRO 3:16,COPY_OR_MERGE,Prov.3.16
PRO 3:17,COPY_OR_MERGE,Prov.3.17
PRO 3:18,COPY_OR_MERGE,Prov.3.18
PRO 3:19,COPY_OR_MERGE,Prov.3.19
PRO 3:20,COPY_OR_MERGE,Prov.3.20
PRO 3:21,COPY_OR_MERGE,Prov.3.21
PRO 3:22,COPY_OR_MERGE,Prov.3.22
PRO 3:23,COPY_OR_MERGE,Prov.3.23
PRO 3:24,COPY_OR_MERGE,Prov.3.24
PRO 3:25,COPY_OR_MERGE,Prov.3.25
PRO 3:26,COPY_OR_MERGE,Prov.3.26
PRO 3:27,COPY_OR_MERGE,Prov.3.27
PRO 3:28,COPY_OR_MERGE,Prov.3.28
PRO 3:29,COPY_OR_MERGE,Prov.3.29
PRO 3:30,COPY_OR_MERGE,Prov.3.30
PRO 3:31,COPY_OR_MERGE,Prov.3.31
PRO 3:32,COPY_OR_MERGE,Prov.3.32
PRO 3:33,COPY_OR_MERGE,Prov.3.33
PRO 3:34,COPY_OR_MERGE,Prov.3.34
PRO 3:35,COPY_OR_MERGE,Prov.3.35
PRO 4:1,COPY_OR_MERGE,Prov.4.1
PRO 4:2,COPY_OR_MERGE,Prov.4.2
PRO 4:3,COPY_OR_MERGE,Prov.4.3
PRO 4:4,COPY_OR_MERGE,Prov.4.4
PRO 4:5,COPY_OR_MERGE,Prov.4.5
PRO 4:6,COPY_OR_MERGE,Prov.4.6
PRO 4:7,COPY_OR_MERGE,Prov.4.7
PRO 4:8,COPY_OR_MERGE,Prov.4.8
PRO 4:9,COPY_OR_MERGE,Prov.4.9
PRO 4:10,COPY_OR_MERGE,Prov.4.10
PRO 4:11,COPY_OR_MERGE,Prov.4.11
PRO 4:12,COPY_OR_MERGE,Prov.4.12
PRO 4:13,COPY_OR_MERGE,Prov.4.13
PRO 4:14,COPY_OR_MERGE,Prov.4.14
PRO 4:15,COPY_OR_MERGE,Prov.4.15
PRO 4:16,COPY_OR_MERGE,Prov.4.16
PRO 4:17,COPY_OR_MERGE,Prov.4.17
PRO 4:18,COPY_OR_MERGE,Prov.4.18
PRO 4:19,COPY_OR_MERGE,Prov.4.19
PRO 4:20,COPY_OR_MERGE,Prov.4.20
PRO 4:21,COPY_OR_MERGE,Prov.4.21
PRO 4:22,COPY_OR_MERGE,Prov.4.22
PRO 4:23,COPY_OR_MERGE,Prov.4.23
PRO 4:24,COPY_OR_MERGE,Prov.4.24
PRO 4:25,COPY_OR_MERGE,Prov.4.25
PRO 4:26,COPY_OR_MERGE,Prov.4.26
PRO 4:27,COPY_OR_MERGE,Prov.4.27
PRO 5:1,COPY_OR_MERGE,Prov.5.1
PRO 5:2,COPY_OR_MERGE,Prov.5.2
PRO 5:3,COPY_OR_MERGE,Prov.5.3
PRO 5:4,COPY_OR_MERGE,Prov.5.4
PRO 5:5,COPY_OR_MERGE,Prov.5.5
PRO 5:6,COPY_OR_MERGE,Prov.5.6
PRO 5:7,COPY_OR_MERGE,Prov.5.7
PRO 5:8,COPY_OR_MERGE,Prov.5.8
PRO 5:9,COPY_OR_MERGE,Prov.5.9
PRO 5:10,COPY_OR_MERGE,Prov.5.10
PRO 5:11,COPY_OR_MERGE,Prov.5.11
PRO 5:12,COPY_OR_MERGE,Prov.5.12
PRO 5:13,COPY_OR_MERGE,Prov.5.13
PRO 5:14,COPY_OR_MERGE,Prov.5.14
PRO 5:15,COPY_OR_MERGE,Prov.5.15
PRO 5:16,COPY_OR_MERGE,Prov.5.16
PRO 5:17,COPY_OR_MERGE,Prov.5.17
PRO 5:18,COPY_OR_MERGE,Prov.5.18
PRO 5:19,COPY_OR_MERGE,Prov.5.19
PRO 5:20,COPY_OR_MERGE,Prov.5.20
PRO 5:21,COPY_OR_MERGE,Prov.5.21
PRO 5:22,COPY_OR_MERGE,Prov.5.22
PRO 5:23,COPY_OR_MERGE,Prov.5.23
PRO 6:1,COPY_OR_MERGE,Prov.6.1
PRO 6:2,COPY_OR_MERGE,Prov.6.2
PRO 6:3,COPY_OR_MERGE,Prov.6.3
PRO 6:4,COPY_OR_MERGE,Prov.6.4
PRO 6:5,COPY_OR_MERGE,Prov.6.5
PRO 6:6,COPY_OR_MERGE,Prov.6.6
PRO 6:7,COPY_OR_MERGE,Prov.6.7
PRO 6:8,COPY_OR_MERGE,Prov.6.8
PRO 6:9,COPY_OR_MERGE,Prov.6.9
PRO 6:10,COPY_OR_MERGE,Prov.6.10
PRO 6:11,COPY_OR_MERGE,Prov.6.11
PRO 6:12,COPY_OR_MERGE,Prov.6.12
PRO 6:13,COPY_OR_MERGE,Prov.6.13
PRO 6:14,COPY_OR_MERGE,Prov.6.14
PRO 6:15,COPY_OR_MERGE,Prov.6.15
PRO 6:16,COPY_OR_MERGE,Prov.6.16
PRO 6:17,COPY_OR_MERGE,Prov.6.17
PRO 6:18,COPY_OR_MERGE,Prov.6.18
PRO 6:19,COPY_OR_MERGE,Prov.6.19
PRO 6:20,COPY_OR_MERGE,Prov.6.20
PRO 6:21,COPY_OR_MERGE,Prov.6.21
PRO 6:22,COPY_OR_MERGE,Prov.6.22
PRO 6:23,COPY_OR_MERGE,Prov.6.23
PRO 6:24,COPY_OR_MERGE,Prov.6.24
PRO 6:25,COPY_OR_MERGE,Prov.6.25
PRO 6:26,COPY_OR_MERGE,Prov.6.26
PRO 6:27,COPY_OR_MERGE,Prov.6.27
PRO 6:28,COPY_OR_MERGE,Prov.6.28
PRO 6:29,COPY_OR_MERGE,Prov.6.29
PRO 6:30,COPY_OR_MERGE,Prov.6.30
PRO 6:31,COPY_OR_MERGE,Prov.6.31
PRO 6:32,COPY_OR_MERGE,Prov.6.32
PRO 6:33,COPY_OR_MERGE,Prov.6.33
PRO 6:34,COPY_OR_MERGE,Prov.6.34
PRO 6:35,COPY_OR_MERGE,Prov.6.35
PRO 7:1,COPY_OR_MERGE,Prov.7.1
PRO 7:2,COPY_OR_MERGE,Prov.7.2
PRO 7:3,COPY_OR_MERGE,Prov.7.3
PRO 7:4,COPY_OR_MERGE,Prov.7.4
PRO 7:5,COPY_OR_MERGE,Prov.7.5
PRO 7:6,COPY_OR_MERGE,Prov.7.6
PRO 7:7,COPY_OR_MERGE,Prov.7.7
PRO 7:8,COPY_OR_MERGE,Prov.7.8
PRO 7:9,COPY_OR_MERGE,Prov.7.9
PRO 7:10,COPY_OR_MERGE,Prov.7.10
PRO 7:11,COPY_OR_MERGE,Prov.7.11
PRO 7:12,COPY_OR_MERGE,Prov.7.12
PRO 7:13,COPY_OR_MERGE,Prov.7.13
PRO 7:14,COPY_OR_MERGE,Prov.7.14
PRO 7:15,COPY_OR_MERGE,Prov.7.15
PRO 7:16,COPY_OR_MERGE,Prov.7.16
PRO 7:17,COPY_OR_MERGE,Prov.7.17
PRO 7:18,COPY_OR_MERGE,Prov.7.18
PRO 7:19,COPY_OR_MERGE,Prov.7.19
PRO 7:20,COPY_OR_MERGE,Prov.7.20
PRO 7:21,COPY_OR_MERGE,Prov.7.21
PRO 7:22,COPY_OR_MERGE,Prov.7.22
PRO 7:23,COPY_OR_MERGE,Prov.7.23
PRO 7:24,COPY_OR_MERGE,Prov.7.24
PRO 7:25,COPY_OR_MERGE,Prov.7.25
PRO 7:26,COPY_OR_MERGE,Prov.7.26
PRO 7:27,COPY_OR_MERGE,Prov.7.27
PRO 8:1,COPY_OR_MERGE,Prov.8.1
PRO 8:2,COPY_OR_MERGE,Prov.8.2
PRO 8:3,COPY_OR_MERGE,Prov.8.3
PRO 8:4,COPY_OR_MERGE,Prov.8.4
PRO 8:5,COPY_OR_MERGE,Prov.8.5
PRO 8:6,COPY_OR_MERGE,Prov.8.6
PRO 8:7,COPY_OR_MERGE,Prov.8.7
PRO 8:8,COPY_OR_MERGE,Prov.8.8
PRO 8:9,COPY_OR_MERGE,Prov.8.9
PRO 8:10,COPY_OR_MERGE,Prov.8.10
PRO 8:11,COPY_OR_MERGE,Prov.8.11
PRO 8:12,COPY_OR_MERGE,Prov.8.12
PRO 8:13,COPY_OR_MERGE,Prov.8.13
PRO 8:14,COPY_OR_MERGE,Prov.8.14
PRO 8:15,COPY_OR_MERGE,Prov.8.15
PRO 8:16,COPY_OR_MERGE,Prov.8.16
PRO 8:17,COPY_OR_MERGE,Prov.8.17
PRO 8:18,COPY_OR_MERGE,Prov.8.18
PRO 8:19,COPY_OR_MERGE,Prov.8.19
PRO 8:20,COPY_OR_MERGE,Prov.8.20
PRO 8:21,COPY_OR_MERGE,Prov.8.21
PRO 8:22,COPY_OR_MERGE,Prov.8.22
PRO 8:23,COPY_OR_MERGE,Prov.8.23
PRO 8:24,COPY_OR_MERGE,Prov.8.24
PRO 8:25,COPY_OR_MERGE,Prov.8.25
PRO 8:26,COPY_OR_MERGE,Prov.8.26
PRO 8:27,COPY_OR_MERGE,Prov.8.27
PRO 8:28,COPY_OR_MERGE,Prov.8.28
PRO 8:29,COPY_OR_MERGE,Prov.8.29
PRO 8:30,COPY_OR_MERGE,Prov.8.30
PRO 8:31,COPY_OR_MERGE,Prov.8.31
PRO 8:32,COPY_OR_MERGE,Prov.8.32
PRO 8:33,COPY_OR_MERGE,Prov.8.33
PRO 8:34,COPY_OR_MERGE,Prov.8.34
PRO 8:35,COPY_OR_MERGE,Prov.8.35
PRO 8:36,COPY_OR_MERGE,Prov.8.36
PRO 9:1,COPY_OR_MERGE,Prov.9.1
PRO 9:2,COPY_OR_MERGE,Prov.9.2
PRO 9:3,COPY_OR_MERGE,Prov.9.3
PRO 9:4,COPY_OR_MERGE,Prov.9.4
PRO 9:5,COPY_OR_MERGE,Prov.9.5
PRO 9:6,COPY_OR_MERGE,Prov.9.6
PRO 9:7,COPY_OR_MERGE,Prov.9.7
PRO 9:8,COPY_OR_MERGE,Prov.9.8
PRO 9:9,COPY_OR_MERGE,Prov.9.9
PRO 9:10,COPY_OR_MERGE,Prov.9.10
PRO 9:11,COPY_OR_MERGE,Prov.9.11
PRO 9:12,COPY_OR_MERGE,Prov.9.12
PRO 9:13,COPY_OR_MERGE,Prov.9.13
PRO 9:14,COPY_OR_MERGE,Prov.9.14
PRO 9:15,COPY_OR_MERGE,Prov.9.15
PRO 9:16,COPY_OR_MERGE,Prov.9.16
PRO 9:17,COPY_OR_MERGE,Prov.9.17
PRO 9:18,COPY_OR_MERGE,Prov.9.18
PRO 10:1,COPY_OR_MERGE,Prov.10.1
PRO 10:2,COPY_OR_MERGE,Prov.10.2
PRO 10:3,COPY_OR_MERGE,Prov.10.3
PRO 10:4,COPY_OR_MERGE,Prov.10.4
PRO 10:5,COPY_OR_MERGE,Prov.10.5
PRO 10:6,COPY_OR_MERGE,Prov.10.6
PRO 10:7,COPY_OR_MERGE,Prov.10.7
PRO 10:8,COPY_OR_MERGE,Prov.10.8
PRO 10:9,COPY_OR_MERGE,Prov.10.9
PRO 10:10,COPY_OR_MERGE,Prov.10.10
PRO 10:11,COPY_OR_MERGE,Prov.10.11
PRO 10:12,COPY_OR_MERGE,Prov.10.12
PRO 10:13,COPY_OR_MERGE,Prov.10.13
PRO 10:14,COPY_OR_MERGE,Prov.10.14
PRO 10:15,COPY_OR_MERGE,Prov.10.15
PRO 10:16,COPY_OR_MERGE,Prov.10.16
PRO 10:17,COPY_OR_MERGE,Prov.10.17
PRO 10:18,COPY_OR_MERGE,Prov.10.18
PRO 10:19,COPY_OR_MERGE,Prov.10.19
PRO 10:20,COPY_OR_MERGE,Prov.10.20
PRO 10:21,COPY_OR_MERGE,Prov.10.21
PRO 10:22,COPY_OR_MERGE,Prov.10.22
PRO 10:23,COPY_OR_MERGE,Prov.10.23
PRO 10:24,COPY_OR_MERGE,Prov.10.24
PRO 10:25,COPY_OR_MERGE,Prov.10.25
PRO 10:26,COPY_OR_MERGE,Prov.10.26
PRO 10:27,COPY_OR_MERGE,Prov.10.27
PRO 10:28,COPY_OR_MERGE,Prov.10.28
PRO 10:29,COPY_OR_MERGE,Prov.10.29
PRO 10:30,COPY_OR_MERGE,Prov.10.30
PRO 10:31,COPY_OR_MERGE,Prov.10.31
PRO 10:32,COPY_OR_MERGE,Prov.10.32
PRO 11:1,COPY_OR_MERGE,Prov.11.1
PRO 11:2,COPY_OR_MERGE,Prov.11.2
PRO 11:3,COPY_OR_MERGE,Prov.11.3
PRO 11:4,COPY_OR_MERGE,Prov.11.4
PRO 11:5,COPY_OR_MERGE,Prov.11.5
PRO 11:6,COPY_OR_MERGE,Prov.11.6
PRO 11:7,COPY_OR_MERGE,Prov.11.7
PRO 11:8,COPY_OR_MERGE,Prov.11.8
PRO 11:9,COPY_OR_MERGE,Prov.11.9
PRO 11:10,COPY_OR_MERGE,Prov.11.10
PRO 11:11,COPY_OR_MERGE,Prov.11.11
PRO 11:12,COPY_OR_MERGE,Prov.11.12
PRO 11:13,COPY_OR_MERGE,Prov.11.13
PRO 11:14,COPY_OR_MERGE,Prov.11.14
PRO 11:15,COPY_OR_MERGE,Prov.11.15
PRO 11:16,COPY_OR_MERGE,Prov.11.16
PRO 11:17,COPY_OR_MERGE,Prov.11.17
PRO 11:18,COPY_OR_MERGE,Prov.11.18
PRO 11:19,COPY_OR_MERGE,Prov.11.19
PRO 11:20,COPY_OR_MERGE,Prov.11.20
PRO 11:21,COPY_OR_MERGE,Prov.11.21
PRO 11:22,COPY_OR_MERGE,Prov.11.22
PRO 11:23,COPY_OR_MERGE,Prov.11.23
PRO 11:24,COPY_OR_MERGE,Prov.11.24
PRO 11:25,COPY_OR_MERGE,Prov.11.25
PRO 11:26,COPY_OR_MERGE,Prov.11.26
PRO 11:27,COPY_OR_MERGE,Prov.11.27
PRO 11:28,COPY_OR_MERGE,Prov.11.28
PRO 11:29,COPY_OR_MERGE,Prov.11.29
PRO 11:30,COPY_OR_MERGE,Prov.11.30
PRO 11:31,COPY_OR_MERGE,Prov.11.31
PRO 12:1,COPY_OR_MERGE,Prov.12.1
PRO 12:2,COPY_OR_MERGE,Prov.12.2
PRO 12:3,COPY_OR_MERGE,Prov.12.3
PRO 12:4,COPY_OR_MERGE,Prov.12.4
PRO 12:5,COPY_OR_MERGE,Prov.12.5
PRO 12:6,COPY_OR_MERGE,Prov.12.6
PRO 12:7,COPY_OR_MERGE,Prov.12.7
PRO 12:8,COPY_OR_MERGE,Prov.12.8
PRO 12:9,COPY_OR_MERGE,Prov.12.9
PRO 12:10,COPY_OR_MERGE,Prov.12.10
PRO 12:11,COPY_OR_MERGE,Prov.12.11
PRO 12:12,COPY_OR_MERGE,Prov.12.12
PRO 12:13,COPY_OR_MERGE,Prov.12.13
PRO 12:14,COPY_OR_MERGE,Prov.12.14
PRO 12:15,COPY_OR_MERGE,Prov.12.15
PRO 12:16,COPY_OR_MERGE,Prov.12.16
PRO 12:17,COPY_OR_MERGE,Prov.12.17
PRO 12:18,COPY_OR_MERGE,Prov.12.18
PRO 12:19,COPY_OR_MERGE,Prov.12.19
PRO 12:20,COPY_OR_MERGE,Prov.12.20
PRO 12:21,COPY_OR_MERGE,Prov.12.21
PRO 12:22,COPY_OR_MERGE,Prov.12.22
PRO 12:23,COPY_OR_MERGE,Prov.12.23
PRO 12:24,COPY_OR_MERGE,Prov.12.24
PRO 12:25,COPY_OR_MERGE,Prov.12.25
PRO 12:26,COPY_OR_MERGE,Prov.12.26
PRO 12:27,COPY_OR_MERGE,Prov.12.27
PRO 12:28,COPY_OR_MERGE,Prov.12.28
PRO 13:1,COPY_OR_MERGE,Prov.13.1
PRO 13:2,COPY_OR_MERGE,Prov.13.2
PRO 13:3,COPY_OR_MERGE,Prov.13.3
PRO 13:4,COPY_OR_MERGE,Prov.13.4
PRO 13:5,COPY_OR_MERGE,Prov.13.5
PRO 13:6,COPY_OR_MERGE,Prov.13.6
PRO 13:7,COPY_OR_MERGE,Prov.13.7
PRO 13:8,COPY_OR_MERGE,Prov.13.8
PRO 13:9,COPY_OR_MERGE,Prov.13.9
PRO 13:10,COPY_OR_MERGE,Prov.13.10
PRO 13:11,COPY_OR_MERGE,Prov.13.11
PRO 13:12,COPY_OR_MERGE,Prov.13.12
PRO 13:13,COPY_OR_MERGE,Prov.13.13
PRO 13:14,COPY_OR_MERGE,Prov.13.14
PRO 13:15,COPY_OR_MERGE,Prov.13.15
PRO 13:16,COPY_OR_MERGE,Prov.13.16
PRO 13:17,COPY_OR_MERGE,Prov.13.17
PRO 13:18,COPY_OR_MERGE,Prov.13.18
PRO 13:19,COPY_OR_MERGE,Prov.13.19
PRO 13:20,COPY_OR_MERGE,Prov.13.20
PRO 13:21,COPY_OR_MERGE,Prov.13.21
PRO 13:22,COPY_OR_MERGE,Prov.13.22
PRO 13:23,COPY_OR_MERGE,Prov.13.23
PRO 13:24,COPY_OR_MERGE,Prov.13.24
PRO 13:25,COPY_OR_MERGE,Prov.13.25
PRO 14:1,COPY_OR_MERGE,Prov.14.1
PRO 14:2,COPY_OR_MERGE,Prov.14.2
PRO 14:3,COPY_OR_MERGE,Prov.14.3
PRO 14:4,COPY_OR_MERGE,Prov.14.4
PRO 14:5,COPY_OR_MERGE,Prov.14.5
PRO 14:6,COPY_OR_MERGE,Prov.14.6
PRO 14:7,COPY_OR_MERGE,Prov.14.7
PRO 14:8,COPY_OR_MERGE,Prov.14.8
PRO 14:9,COPY_OR_MERGE,Prov.14.9
PRO 14:10,COPY_OR_MERGE,Prov.14.10
PRO 14:11,COPY_OR_MERGE,Prov.14.11
PRO 14:12,COPY_OR_MERGE,Prov.14.12
PRO 14:13,COPY_OR_MERGE,Prov.14.13
PRO 14:14,COPY_OR_MERGE,Prov.14.14
PRO 14:15,COPY_OR_MERGE,Prov.14.15
PRO 14:16,COPY_OR_MERGE,Prov.14.16
PRO 14:17,COPY_OR_MERGE,Prov.14.17
PRO 14:18,COPY_OR_MERGE,Prov.14.18
PRO 14:19,COPY_OR_MERGE,Prov.14.19
PRO 14:20,COPY_OR_MERGE,Prov.14.20
PRO 14:21,COPY_OR_MERGE,Prov.14.21
PRO 14:22,COPY_OR_MERGE,Prov.14.22
PRO 14:23,COPY_OR_MERGE,Prov.14.23
PRO 14:24,COPY_OR_MERGE,Prov.14.24
PRO 14:25,COPY_OR_MERGE,Prov.14.25
PRO 14:26,COPY_OR_MERGE,Prov.14.26
PRO 14:27,COPY_OR_MERGE,Prov.14.27
PRO 14:28,COPY_OR_MERGE,Prov.14.28
PRO 14:29,COPY_OR_MERGE,Prov.14.29
PRO 14:30,COPY_OR_MERGE,Prov.14.30
PRO 14:31,COPY_OR_MERGE,Prov.14.31
PRO 14:32,COPY_OR_MERGE,Prov.14.32
PRO 14:33,COPY_OR_MERGE,Prov.14.33
PRO 14:34,COPY_OR_MERGE,Prov.14.34
PRO 14:35,COPY_OR_MERGE,Prov.14.35
PRO 15:1,COPY_OR_MERGE,Prov.15.1
PRO 15:2,COPY_OR_MERGE,Prov.15.2
PRO 15:3,COPY_OR_MERGE,Prov.15.3
PRO 15:4,COPY_OR_MERGE,Prov.15.4
PRO 15:5,COPY_OR_MERGE,Prov.15.5
PRO 15:6,COPY_OR_MERGE,Prov.15.6
PRO 15:7,COPY_OR_MERGE,Prov.15.7
PRO 15:8,COPY_OR_MERGE,Prov.15.8
PRO 15:9,COPY_OR_MERGE,Prov.15.9
PRO 15:10,COPY_OR_MERGE,Prov.15.10
PRO 15:11,COPY_OR_MERGE,Prov.15.11
PRO 15:12,COPY_OR_MERGE,Prov.15.12
PRO 15:13,COPY_OR_MERGE,Prov.15.13
PRO 15:14,COPY_OR_MERGE,Prov.15.14
PRO 15:15,COPY_OR_MERGE,Prov.15.15
PRO 15:16,COPY_OR_MERGE,Prov.15.16
PRO 15:17,COPY_OR_MERGE,Prov.15.17
PRO 15:18,COPY_OR_MERGE,Prov.15.18
PRO 15:19,COPY_OR_MERGE,Prov.15.19
PRO 15:20,COPY_OR_MERGE,Prov.15.20
PRO 15:21,COPY_OR_MERGE,Prov.15.21
PRO 15:22,COPY_OR_MERGE,Prov.15.22
PRO 15:23,COPY_OR_MERGE,Prov.15.23
PRO 15:24,COPY_OR_MERGE,Prov.15.24
PRO 15:25,COPY_OR_MERGE,Prov.15.25
PRO 15:26,COPY_OR_MERGE,Prov.15.26
PRO 15:27,COPY_OR_MERGE,Prov.15.27
PRO 15:28,COPY_OR_MERGE,Prov.15.28
PRO 15:29,COPY_OR_MERGE,Prov.15.29
PRO 15:30,COPY_OR_MERGE,Prov.15.30
PRO 15:31,COPY_OR_MERGE,Prov.15.31
PRO 15:32,COPY_OR_MERGE,Prov.15.32
PRO 15:33,COPY_OR_MERGE,Prov.15.33
PRO 16:1,COPY_OR_MERGE,Prov.16.1
PRO 16:2,COPY_OR_MERGE,Prov.16.2
PRO 16:3,COPY_OR_MERGE,Prov.16.3
PRO 16:4,COPY_OR_MERGE,Prov.16.4
PRO 16:5,COPY_OR_MERGE,Prov.16.5
PRO 16:6,COPY_OR_MERGE,Prov.16.6
PRO 16:7,COPY_OR_MERGE,Prov.16.7
PRO 16:8,COPY_OR_MERGE,Prov.16.8
PRO 16:9,COPY_OR_MERGE,Prov.16.9
PRO 16:10,COPY_OR_MERGE,Prov.16.10
PRO 16:11,COPY_OR_MERGE,Prov.16.11
PRO 16:12,COPY_OR_MERGE,Prov.16.12
PRO 16:13,COPY_OR_MERGE,Prov.16.13
PRO 16:14,COPY_OR_MERGE,Prov.16.14
PRO 16:15,COPY_OR_MERGE,Prov.16.15
PRO 16:16,COPY_OR_MERGE,Prov.16.16
PRO 16:17,COPY_OR_MERGE,Prov.16.17
PRO 16:18,COPY_OR_MERGE,Prov.16.18
PRO 16:19,COPY_OR_MERGE,Prov.16.19
PRO 16:20,COPY_OR_MERGE,Prov.16.20
PRO 16:21,COPY_OR_MERGE,Prov.16.21
PRO 16:22,COPY_OR_MERGE,Prov.16.22
PRO 16:23,COPY_OR_MERGE,Prov.16.23
PRO 16:24,COPY_OR_MERGE,Prov.16.24
PRO 16:25,COPY_OR_MERGE,Prov.16.25
PRO 16:26,COPY_OR_MERGE,Prov.16.26
PRO 16:27,COPY_OR_MERGE,Prov.16.27
PRO 16:28,COPY_OR_MERGE,Prov.16.28
PRO 16:29,COPY_OR_MERGE,Prov.16.29
PRO 16:30,COPY_OR_MERGE,Prov.16.30
PRO 16:31,COPY_OR_MERGE,Prov.16.31
PRO 16:32,COPY_OR_MERGE,Prov.16.32
PRO 16:33,COPY_OR_MERGE,Prov.16.33
PRO 17:1,COPY_OR_MERGE,Prov.17.1
PRO 17:2,COPY_OR_MERGE,Prov.17.2
PRO 17:3,COPY_OR_MERGE,Prov.17.3
PRO 17:4,COPY_OR_MERGE,Prov.17.4
PRO 17:5,COPY_OR_MERGE,Prov.17.5
PRO 17:6,COPY_OR_MERGE,Prov.17.6
PRO 17:7,COPY_OR_MERGE,Prov.17.7
PRO 17:8,COPY_OR_MERGE,Prov.17.8
PRO 17:9,COPY_OR_MERGE,Prov.17.9
PRO 17:10,COPY_OR_MERGE,Prov.17.10
PRO 17:11,COPY_OR_MERGE,Prov.17.11
PRO 17:12,COPY_OR_MERGE,Prov.17.12
PRO 17:13,COPY_OR_MERGE,Prov.17.13
PRO 17:14,COPY_OR_MERGE,Prov.17.14
PRO 17:15,COPY_OR_MERGE,Prov.17.15
PRO 17:16,COPY_OR_MERGE,Prov.17.16
PRO 17:17,COPY_OR_MERGE,Prov.17.17
PRO 17:18,COPY_OR_MERGE,Prov.17.18
PRO 17:19,COPY_OR_MERGE,Prov.17.19
PRO 17:20,COPY_OR_MERGE,Prov.17.20
PRO 17:21,COPY_OR_MERGE,Prov.17.21
PRO 17:22,COPY_OR_MERGE,Prov.17.22
PRO 17:23,COPY_OR_MERGE,Prov.17.23
PRO 17:24,COPY_OR_MERGE,Prov.17.24
PRO 17:25,COPY_OR_MERGE,Prov.17.25
PRO 17:26,COPY_OR_MERGE,Prov.17.26
PRO 17:27,COPY_OR_MERGE,Prov.17.27
PRO 17:28,COPY_OR_MERGE,Prov.17.28
PRO 18:1,COPY_OR_MERGE,Prov.18.1
PRO 18:2,COPY_OR_MERGE,Prov.18.2
PRO 18:3,COPY_OR_MERGE,Prov.18.3
PRO 18:4,COPY_OR_MERGE,Prov.18.4
PRO 18:5,COPY_OR_MERGE,Prov.18.5
PRO 18:6,COPY_OR_MERGE,Prov.18.6
PRO 18:7,COPY_OR_MERGE,Prov.18.7
PRO 18:8,COPY_OR_MERGE,Prov.18.8
PRO 18:9,COPY_OR_MERGE,Prov.18.9
PRO 18:10,COPY_OR_MERGE,Prov.18.10
PRO 18:11,COPY_OR_MERGE,Prov.18.11
PRO 18:12,COPY_OR_MERGE,Prov.18.12
PRO 18:13,COPY_OR_MERGE,Prov.18.13
PRO 18:14,COPY_OR_MERGE,Prov.18.14
PRO 18:15,COPY_OR_MERGE,Prov.18.15
PRO 18:16,COPY_OR_MERGE,Prov.18.16
PRO 18:17,COPY_OR_MERGE,Prov.18.17
PRO 18:18,COPY_OR_MERGE,Prov.18.18
PRO 18:19,COPY_OR_MERGE,Prov.18.19
PRO 18:20,COPY_OR_MERGE,Prov.18.20
PRO 18:21,COPY_OR_MERGE,Prov.18.21
PRO 18:22,COPY_OR_MERGE,Prov.18.22
PRO 18:23,COPY_OR_MERGE,Prov.18.23
PRO 18:24,COPY_OR_MERGE,Prov.18.24
PRO 19:1,COPY_OR_MERGE,Prov.19.1
PRO 19:2,COPY_OR_MERGE,Prov.19.2
PRO 19:3,COPY_OR_MERGE,Prov.19.3
PRO 19:4,COPY_OR_MERGE,Prov.19.4
PRO 19:5,COPY_OR_MERGE,Prov.19.5
PRO 19:6,COPY_OR_MERGE,Prov.19.6
PRO 19:7,COPY_OR_MERGE,Prov.19.7
PRO 19:8,COPY_OR_MERGE,Prov.19.8
PRO 19:9,COPY_OR_MERGE,Prov.19.9
PRO 19:10,COPY_OR_MERGE,Prov.19.10
PRO 19:11,COPY_OR_MERGE,Prov.19.11
PRO 19:12,COPY_OR_MERGE,Prov.19.12
PRO 19:13,COPY_OR_MERGE,Prov.19.13
PRO 19:14,COPY_OR_MERGE,Prov.19.14
PRO 19:15,COPY_OR_MERGE,Prov.19.15
PRO 19:16,COPY_OR_MERGE,Prov.19.16
PRO 19:17,COPY_OR_MERGE,Prov.19.17
PRO 19:18,COPY_OR_MERGE,Prov.19.18
PRO 19:19,COPY_OR_MERGE,Prov.19.19
PRO 19:20,COPY_OR_MERGE,Prov.19.20
PRO 19:21,COPY_OR_MERGE,Prov.19.21
PRO 19:22,COPY_OR_MERGE,Prov.19.22
PRO 19:23,COPY_OR_MERGE,Prov.19.23
PRO 19:24,COPY_OR_MERGE,Prov.19.24
PRO 19:25,COPY_OR_MERGE,Prov.19.25
PRO 19:26,COPY_OR_MERGE,Prov.19.26
PRO 19:27,COPY_OR_MERGE,Prov.19.27
PRO 19:28,COPY_OR_MERGE,Prov.19.28
PRO 19:29,COPY_OR_MERGE,Prov.19.29
PRO 20:1,COPY_OR_MERGE,Prov.20.1
PRO 20:2,COPY_OR_MERGE,Prov.20.2
PRO 20:3,COPY_OR_MERGE,Prov.20.3
PRO 20:4,COPY_OR_MERGE,Prov.20.4
PRO 20:5,COPY_OR_MERGE,Prov.20.5
PRO 20:6,COPY_OR_MERGE,Prov.20.6
PRO 20:7,COPY_OR_MERGE,Prov.20.7
PRO 20:8,COPY_OR_MERGE,Prov.20.8
PRO 20:9,COPY_OR_MERGE,Prov.20.9
PRO 20:10,COPY_OR_MERGE,Prov.20.10
PRO 20:11,COPY_OR_MERGE,Prov.20.11
PRO 20:12,COPY_OR_MERGE,Prov.20.12
PRO 20:13,COPY_OR_MERGE,Prov.20.13
PRO 20:14,COPY_OR_MERGE,Prov.20.14
PRO 20:15,COPY_OR_MERGE,Prov.20.15
PRO 20:16,COPY_OR_MERGE,Prov.20.16
PRO 20:17,COPY_OR_MERGE,Prov.20.17
PRO 20:18,COPY_OR_MERGE,Prov.20.18
PRO 20:19,COPY_OR_MERGE,Prov.20.19
PRO 20:20,COPY_OR_MERGE,Prov.20.20
PRO 20:21,COPY_OR_MERGE,Prov.20.21
PRO 20:22,COPY_OR_MERGE,Prov.20.22
PRO 20:23,COPY_OR_MERGE,Prov.20.23
PRO 20:24,COPY_OR_MERGE,Prov.20.24
PRO 20:25,COPY_OR_MERGE,Prov.20.25
PRO 20:26,COPY_OR_MERGE,Prov.20.26
PRO 20:27,COPY_OR_MERGE,Prov.20.27
PRO 20:28,COPY_OR_MERGE,Prov.20.28
PRO 20:29,COPY_OR_MERGE,Prov.20.29
PRO 20:30,COPY_OR_MERGE,Prov.20.30
PRO 21:1,COPY_OR_MERGE,Prov.21.1
PRO 21:2,COPY_OR_MERGE,Prov.21.2
PRO 21:3,COPY_OR_MERGE,Prov.21.3
PRO 21:4,COPY_OR_MERGE,Prov.21.4
PRO 21:5,COPY_OR_MERGE,Prov.21.5
PRO 21:6,COPY_OR_MERGE,Prov.21.6
PRO 21:7,COPY_OR_MERGE,Prov.21.7
PRO 21:8,COPY_OR_MERGE,Prov.21.8
PRO 21:9,COPY_OR_MERGE,Prov.21.9
PRO 21:10,COPY_OR_MERGE,Prov.21.10
PRO 21:11,COPY_OR_MERGE,Prov.21.11
PRO 21:12,COPY_OR_MERGE,Prov.21.12
PRO 21:13,COPY_OR_MERGE,Prov.21.13
PRO 21:14,COPY_OR_MERGE,Prov.21.14
PRO 21:15,COPY_OR_MERGE,Prov.21.15
PRO 21:16,COPY_OR_MERGE,Prov.21.16
PRO 21:17,COPY_OR_MERGE,Prov.21.17
PRO 21:18,COPY_OR_MERGE,Prov.21.18
PRO 21:19,COPY_OR_MERGE,Prov.21.19
PRO 21:20,COPY_OR_MERGE,Prov.21.20
PRO 21:21,COPY_OR_MERGE,Prov.21.21
PRO 21:22,COPY_OR_MERGE,Prov.21.22
PRO 21:23,COPY_OR_MERGE,Prov.21.23
PRO 21:24,COPY_OR_MERGE,Prov.21.24
PRO 21:25,COPY_OR_MERGE,Prov.21.25
PRO 21:26,COPY_OR_MERGE,Prov.21.26
PRO 21:27,COPY_OR_MERGE,Prov.21.27
PRO 21:28,COPY_OR_MERGE,Prov.21.28
PRO 21:29,COPY_OR_MERGE,Prov.21.29
PRO 21:30,COPY_OR_MERGE,Prov.21.30
PRO 21:31,COPY_OR_MERGE,Prov.21.31
PRO 22:1,COPY_OR_MERGE,Prov.22.1
PRO 22:2,COPY_OR_MERGE,Prov.22.2
PRO 22:3,COPY_OR_MERGE,Prov.22.3
PRO 22:4,COPY_OR_MERGE,Prov.22.4
PRO 22:5,COPY_OR_MERGE,Prov.22.5
PRO 22:6,COPY_OR_MERGE,Prov.22.6
PRO 22:7,COPY_OR_MERGE,Prov.22.7
PRO 22:8,COPY_OR_MERGE,Prov.22.8
PRO 22:9,COPY_OR_MERGE,Prov.22.9
PRO 22:10,COPY_OR_MERGE,Prov.22.10
PRO 22:11,COPY_OR_MERGE,Prov.22.11
PRO 22:12,COPY_OR_MERGE,Prov.22.12
PRO 22:13,COPY_OR_MERGE,Prov.22.13
PRO 22:14,COPY_OR_MERGE,Prov.22.14
PRO 22:15,COPY_OR_MERGE,Prov.22.15
PRO 22:16,COPY_OR_MERGE,Prov.22.16
PRO 22:17,COPY_OR_MERGE,Prov.22.17
PRO 22:18,COPY_OR_MERGE,Prov.22.18
PRO 22:19,COPY_OR_MERGE,Prov.22.19
PRO 22:20,COPY_OR_MERGE,Prov.22.20
PRO 22:21,COPY_OR_MERGE,Prov.22.21
PRO 22:22,COPY_OR_MERGE,Prov.22.22
PRO 22:23,COPY_OR_MERGE,Prov.22.23
PRO 22:24,COPY_OR_MERGE,Prov.22.24
PRO 22:25,COPY_OR_MERGE,Prov.22.25
PRO 22:26,COPY_OR_MERGE,Prov.22.26
PRO 22:27,COPY_OR_MERGE,Prov.22.27
PRO 22:28,COPY_OR_MERGE,Prov.22.28
PRO 22:29,COPY_OR_MERGE,Prov.22.29
PRO 23:1,COPY_OR_MERGE,Prov.23.1
PRO 23:2,COPY_OR_MERGE,Prov.23.2
PRO 23:3,COPY_OR_MERGE,Prov.23.3
PRO 23:4,COPY_OR_MERGE,Prov.23.4
PRO 23:5,COPY_OR_MERGE,Prov.23.5
PRO 23:6,COPY_OR_MERGE,Prov.23.6
PRO 23:7,COPY_OR_MERGE,Prov.23.7
PRO 23:8,COPY_OR_MERGE,Prov.23.8
PRO 23:9,COPY_OR_MERGE,Prov.23.9
PRO 23:10,COPY_OR_MERGE,Prov.23.10
PRO 23:11,COPY_OR_MERGE,Prov.23.11
PRO 23:12,COPY_OR_MERGE,Prov.23.12
PRO 23:13,COPY_OR_MERGE,Prov.23.13
PRO 23:14,COPY_OR_MERGE,Prov.23.14
PRO 23:15,COPY_OR_MERGE,Prov.23.15
PRO 23:16,COPY_OR_MERGE,Prov.23.16
PRO 23:17,COPY_OR_MERGE,Prov.23.17
PRO 23:18,COPY_OR_MERGE,Prov.23.18
PRO 23:19,COPY_OR_MERGE,Prov.23.19
PRO 23:20,COPY_OR_MERGE,Prov.23.20
PRO 23:21,COPY_OR_MERGE,Prov.23.21
PRO 23:22,COPY_OR_MERGE,Prov.23.22
PRO 23:23,COPY_OR_MERGE,Prov.23.23
PRO 23:24,COPY_OR_MERGE,Prov.23.24
PRO 23:25,COPY_OR_MERGE,Prov.23.25
PRO 23:26,COPY_OR_MERGE,Prov.23.26
PRO 23:27,COPY_OR_MERGE,Prov.23.27
PRO 23:28,COPY_OR_MERGE,Prov.23.28
PRO 23:29,COPY_OR_MERGE,Prov.23.29
PRO 23:30,COPY_OR_MERGE,Prov.23.30
PRO 23:31,COPY_OR_MERGE,Prov.23.31
PRO 23:32,COPY_OR_MERGE,Prov.23.32
PRO 23:33,COPY_OR_MERGE,Prov.23.33
PRO 23:34,COPY_OR_MERGE,Prov.23.34
PRO 23:35,COPY_OR_MERGE,Prov.23.35
PRO 24:1,COPY_OR_MERGE,Prov.24.1
PRO 24:2,COPY_OR_MERGE,Prov.24.2
PRO 24:3,COPY_OR_MERGE,Prov.24.3
PRO 24:4,COPY_OR_MERGE,Prov.24.4
PRO 24:5,COPY_OR_MERGE,Prov.24.5
PRO 24:6,COPY_OR_MERGE,Prov.24.6
PRO 24:7,COPY_OR_MERGE,Prov.24.7
PRO 24:8,COPY_OR_MERGE,Prov.24.8
PRO 24:9,COPY_OR_MERGE,Prov.24.9
PRO 24:10,COPY_OR_MERGE,Prov.24.10
PRO 24:11,COPY_OR_MERGE,Prov.24.11
PRO 24:12,COPY_OR_MERGE,Prov.24.12
PRO 24:13,COPY_OR_MERGE,Prov.24.13
PRO 24:14,COPY_OR_MERGE,Prov.24.14
PRO 24:15,COPY_OR_MERGE,Prov.24.15
PRO 24:16,COPY_OR_MERGE,Prov.24.16
PRO 24:17,COPY_OR_MERGE,Prov.24.17
PRO 24:18,COPY_OR_MERGE,Prov.24.18
PRO 24:19,COPY_OR_MERGE,Prov.24.19
PRO 24:20,COPY_OR_MERGE,Prov.24.20
PRO 24:21,COPY_OR_MERGE,Prov.24.21
PRO 24:22,COPY_OR_MERGE,Prov.24.22
PRO 24:23,COPY_OR_MERGE,Prov.24.23
PRO 24:24,COPY_OR_MERGE,Prov.24.24
PRO 24:25,COPY_OR_MERGE,Prov.24.25
PRO 24:26,COPY_OR_MERGE,Prov.24.26
PRO 24:27,COPY_OR_MERGE,Prov.24.27
PRO 24:28,COPY_OR_MERGE,Prov.24.28
PRO 24:29,COPY_OR_MERGE,Prov.24.29
PRO 24:30,COPY_OR_MERGE,Prov.24.30
PRO 24:31,COPY_OR_MERGE,Prov.24.31
PRO 24:32,COPY_OR_MERGE,Prov.24.32
PRO 24:33,COPY_OR_MERGE,Prov.24.33
PRO 24:34,COPY_OR_MERGE,Prov.24.34
PRO 25:1,COPY_OR_MERGE,Prov.25.1
PRO 25:2,COPY_OR_MERGE,Prov.25.2
PRO 25:3,COPY_OR_MERGE,Prov.25.3
PRO 25:4,COPY_OR_MERGE,Prov.25.4
PRO 25:5,COPY_OR_MERGE,Prov.25.5
PRO 25:6,COPY_OR_MERGE,Prov.25.6
PRO 25:7,COPY_OR_MERGE,Prov.25.7
PRO 25:8,COPY_OR_MERGE,Prov.25.8
PRO 25:9,COPY_OR_MERGE,Prov.25.9
PRO 25:10,COPY_OR_MERGE,Prov.25.10
PRO 25:11,COPY_OR_MERGE,Prov.25.11
PRO 25:12,COPY_OR_MERGE,Prov.25.12
PRO 25:13,COPY_OR_MERGE,Prov.25.13
PRO 25:14,COPY_OR_MERGE,Prov.25.14
PRO 25:15,COPY_OR_MERGE,Prov.25.15
PRO 25:16,COPY_OR_MERGE,Prov.25.16
PRO 25:17,COPY_OR_MERGE,Prov.25.17
PRO 25:18,COPY_OR_MERGE,Prov.25.18
PRO 25:19,COPY_OR_MERGE,Prov.25.19
PRO 25:20,COPY_OR_MERGE,Prov.25.20
PRO 25:21,COPY_OR_MERGE,Prov.25.21
PRO 25:22,COPY_OR_MERGE,Prov.25.22
PRO 25:23,COPY_OR_MERGE,Prov.25.23
PRO 25:24,COPY_OR_MERGE,Prov.25.24
PRO 25:25,COPY_OR_MERGE,Prov.25.25
PRO 25:26,COPY_OR_MERGE,Prov.25.26
PRO 25:27,COPY_OR_MERGE,Prov.25.27
PRO 25:28,COPY_OR_MERGE,Prov.25.28
PRO 26:1,COPY_OR_MERGE,Prov.26.1
PRO 26:2,COPY_OR_MERGE,Prov.26.2
PRO 26:3,COPY_OR_MERGE,Prov.26.3
PRO 26:4,COPY_OR_MERGE,Prov.26.4
PRO 26:5,COPY_OR_MERGE,Prov.26.5
PRO 26:6,COPY_OR_MERGE,Prov.26.6
PRO 26:7,COPY_OR_MERGE,Prov.26.7
PRO 26:8,COPY_OR_MERGE,Prov.26.8
PRO 26:9,COPY_OR_MERGE,Prov.26.9
PRO 26:10,COPY_OR_MERGE,Prov.26.10
PRO 26:11,COPY_OR_MERGE,Prov.26.11
PRO 26:12,COPY_OR_MERGE,Prov.26.12
PRO 26:13,COPY_OR_MERGE,Prov.26.13
PRO 26:14,COPY_OR_MERGE,Prov.26.14
PRO 26:15,COPY_OR_MERGE,Prov.26.15
PRO 26:16,COPY_OR_MERGE,Prov.26.16
PRO 26:17,COPY_OR_MERGE,Prov.26.17
PRO 26:18,COPY_OR_MERGE,Prov.26.18
PRO 26:19,COPY_OR_MERGE,Prov.26.19
PRO 26:20,COPY_OR_MERGE,Prov.26.20
PRO 26:21,COPY_OR_MERGE,Prov.26.21
PRO 26:22,COPY_OR_MERGE,Prov.26.22
PRO 26:23,COPY_OR_MERGE,Prov.26.23
PRO 26:24,COPY_OR_MERGE,Prov.26.24
PRO 26:25,COPY_OR_MERGE,Prov.26.25
PRO 26:26,COPY_OR_MERGE,Prov.26.26
PRO 26:27,COPY_OR_MERGE,Prov.26.27
PRO 26:28,COPY_OR_MERGE,Prov.26.28
PRO 27:1,COPY_OR_MERGE,Prov.27.1
PRO 27:2,COPY_OR_MERGE,Prov.27.2
PRO 27:3,COPY_OR_MERGE,Prov.27.3
PRO 27:4,COPY_OR_MERGE,Prov.27.4
PRO 27:5,COPY_OR_MERGE,Prov.27.5
PRO 27:6,COPY_OR_MERGE,Prov.27.6
PRO 27:7,COPY_OR_MERGE,Prov.27.7
PRO 27:8,COPY_OR_MERGE,Prov.27.8
PRO 27:9,COPY_OR_MERGE,Prov.27.9
PRO 27:10,COPY_OR_MERGE,Prov.27.10
PRO 27:11,COPY_OR_MERGE,Prov.27.11
PRO 27:12,COPY_OR_MERGE,Prov.27.12
PRO 27:13,COPY_OR_MERGE,Prov.27.13
PRO 27:14,COPY_OR_MERGE,Prov.27.14
PRO 27:15,COPY_OR_MERGE,Prov.27.15
PRO 27:16,COPY_OR_MERGE,Prov.27.16
PRO 27:17,COPY_OR_MERGE,Prov.27.17
PRO 27:18,COPY_OR_MERGE,Prov.27.18
PRO 27:19,COPY_OR_MERGE,Prov.27.19
PRO 27:20,COPY_OR_MERGE,Prov.27.20
PRO 27:21,COPY_OR_MERGE,Prov.27.21
PRO 27:22,COPY_OR_MERGE,Prov.27.22
PRO 27:23,COPY_OR_MERGE,Prov.27.23
PRO 27:24,COPY_OR_MERGE,Prov.27.24
PRO 27:25,COPY_OR_MERGE,Prov.27.25
PRO 27:26,COPY_OR_MERGE,Prov.27.26
PRO 27:27,COPY_OR_MERGE,Prov.27.27
PRO 28:1,COPY_OR_MERGE,Prov.28.1
PRO 28:2,COPY_OR_MERGE,Prov.28.2
PRO 28:3,COPY_OR_MERGE,Prov.28.3
PRO 28:4,COPY_OR_MERGE,Prov.28.4
PRO 28:5,COPY_OR_MERGE,Prov.28.5
PRO 28:6,COPY_OR_MERGE,Prov.28.6
PRO 28:7,COPY_OR_MERGE,Prov.28.7
PRO 28:8,COPY_OR_MERGE,Prov.28.8
PRO 28:9,COPY_OR_MERGE,Prov.28.9
PRO 28:10,COPY_OR_MERGE,Prov.28.10
PRO 28:11,COPY_OR_MERGE,Prov.28.11
PRO 28:12,COPY_OR_MERGE,Prov.28.12
PRO 28:13,COPY_OR_MERGE,Prov.28.13
PRO 28:14,COPY_OR_MERGE,Prov.28.14
PRO 28:15,COPY_OR_MERGE,Prov.28.15
PRO 28:16,COPY_OR_MERGE,Prov.28.16
PRO 28:17,COPY_OR_MERGE,Prov.28.17
PRO 28:18,COPY_OR_MERGE,Prov.28.18
PRO 28:19,COPY_OR_MERGE,Prov.28.19
PRO 28:20,COPY_OR_MERGE,Prov.28.20
PRO 28:21,COPY_OR_MERGE,Prov.28.21
PRO 28:22,COPY_OR_MERGE,Prov.28.22
PRO 28:23,COPY_OR_MERGE,Prov.28.23
PRO 28:24,COPY_OR_MERGE,Prov.28.24
PRO 28:25,COPY_OR_MERGE,Prov.28.25
PRO 28:26,COPY_OR_MERGE,Prov.28.26
PRO 28:27,COPY_OR_MERGE,Prov.28.27
PRO 28:28,COPY_OR_MERGE,Prov.28.28
PRO 29:1,COPY_OR_MERGE,Prov.29.1
PRO 29:2,COPY_OR_MERGE,Prov.29.2
PRO 29:3,COPY_OR_MERGE,Prov.29.3
PRO 29:4,COPY_OR_MERGE,Prov.29.4
PRO 29:5,COPY_OR_MERGE,Prov.29.5
PRO 29:6,COPY_OR_MERGE,Prov.29.6
PRO 29:7,COPY_OR_MERGE,Prov.29.7
PRO 29:8,COPY_OR_MERGE,Prov.29.8
PRO 29:9,COPY_OR_MERGE,Prov.29.9
PRO 29:10,COPY_OR_MERGE,Prov.29.10
PRO 29:11,COPY_OR_MERGE,Prov.29.11
PRO 29:12,COPY_OR_MERGE,Prov.29.12
PRO 29:13,COPY_OR_MERGE,Prov.29.13
PRO 29:14,COPY_OR_MERGE,Prov.29.14
PRO 29:15,COPY_OR_MERGE,Prov.29.15
PRO 29:16,COPY_OR_MERGE,Prov.29.16
PRO 29:17,COPY_OR_MERGE,Prov.29.17
PRO 29:18,COPY_OR_MERGE,Prov.29.18
PRO 29:19,COPY_OR_MERGE,Prov.29.19
PRO 29:20,COPY_OR_MERGE,Prov.29.20
PRO 29:21,COPY_OR_MERGE,Prov.29.21
PRO 29:22,COPY_OR_MERGE,Prov.29.22
PRO 29:23,COPY_OR_MERGE,Prov.29.23
PRO 29:24,COPY_OR_MERGE,Prov.29.24
PRO 29:25,COPY_OR_MERGE,Prov.29.25
PRO 29:26,COPY_OR_MERGE,Prov.29.26
PRO 29:27,COPY_OR_MERGE,Prov.29.27
PRO 30:1,COPY_OR_MERGE,Prov.30.1
PRO 30:2,COPY_OR_MERGE,Prov.30.2
PRO 30:3,COPY_OR_MERGE,Prov.30.3
PRO 30:4,COPY_OR_MERGE,Prov.30.4
PRO 30:5,COPY_OR_MERGE,Prov.30.5
PRO 30:6,COPY_OR_MERGE,Prov.30.6
PRO 30:7,COPY_OR_MERGE,Prov.30.7
PRO 30:8,COPY_OR_MERGE,Prov.30.8
PRO 30:9,COPY_OR_MERGE,Prov.30.9
PRO 30:10,COPY_OR_MERGE,Prov.30.10
PRO 30:11,COPY_OR_MERGE,Prov.30.11
PRO 30:12,COPY_OR_MERGE,Prov.30.12
PRO 30:13,COPY_OR_MERGE,Prov.30.13
PRO 30:14,COPY_OR_MERGE,Prov.30.14
PRO 30:15,COPY_OR_MERGE,Prov.30.15
PRO 30:16,COPY_OR_MERGE,Prov.30.16
PRO 30:17,COPY_OR_MERGE,Prov.30.17
PRO 30:18,COPY_OR_MERGE,Prov.30.18
PRO 30:19,COPY_OR_MERGE,Prov.30.19
PRO 30:20,COPY_OR_MERGE,Prov.30.20
PRO 30:21,COPY_OR_MERGE,Prov.30.21
PRO 30:22,COPY_OR_MERGE,Prov.30.22
PRO 30:23,COPY_OR_MERGE,Prov.30.23
PRO 30:24,COPY_OR_MERGE,Prov.30.24
PRO 30:25,COPY_OR_MERGE,Prov.30.25
PRO 30:26,COPY_OR_MERGE,Prov.30.26
PRO 30:27,COPY_OR_MERGE,Prov.30.27
PRO 30:28,COPY_OR_MERGE,Prov.30.28
PRO 30:29,COPY_OR_MERGE,Prov.30.29
PRO 30:30,COPY_OR_MERGE,Prov.30.30
PRO 30:31,COPY_OR_MERGE,Prov.30.31
PRO 30:32,COPY_OR_MERGE,Prov.30.32
PRO 30:33,COPY_OR_MERGE,Prov.30.33
PRO 31:1,COPY_OR_MERGE,Prov.31.1
PRO 31:2,COPY_OR_MERGE,Prov.31.2
PRO 31:3,COPY_OR_MERGE,Prov.31.3
PRO 31:4,COPY_OR_MERGE,Prov.31.4
PRO 31:5,COPY_OR_MERGE,Prov.31.5
PRO 31:6,COPY_OR_MERGE,Prov.31.6
PRO 31:7,COPY_OR_MERGE,Prov.31.7
PRO 31:8,COPY_OR_MERGE,Prov.31.8
PRO 31:9,COPY_OR_MERGE,Prov.31.9
PRO 31:10,COPY_OR_MERGE,Prov.31.10
PRO 31:11,COPY_OR_MERGE,Prov.31.11
PRO 31:12,COPY_OR_MERGE,Prov.31.12
PRO 31:13,COPY_OR_MERGE,Prov.31.13
PRO 31:14,COPY_OR_MERGE,Prov.31.14
PRO 31:15,COPY_OR_MERGE,Prov.31.15
PRO 31:16,COPY_OR_MERGE,Prov.31.16
PRO 31:17,COPY_OR_MERGE,Prov.31.17
PRO 31:18,COPY_OR_MERGE,Prov.31.18
PRO 31:19,COPY_OR_MERGE,Prov.31.19
PRO 31:20,COPY_OR_MERGE,Prov.31.20
PRO 31:21,COPY_OR_MERGE,Prov.31.21
PRO 31:22,COPY_OR_MERGE,Prov.31.22
PRO 31:23,COPY_OR_MERGE,Prov.31.23
PRO 31:24,COPY_OR_MERGE,Prov.31.24
PRO 31:25,COPY_OR_MERGE,Prov.31.25
PRO 31:26,COPY_OR_MERGE,Prov.31.26
PRO 31:27,COPY_OR_MERGE,Prov.31.27
PRO 31:28,COPY_OR_MERGE,Prov.31.28
PRO 31:29,COPY_OR_MERGE,Prov.31.29
PRO 31:30,COPY_OR_MERGE,Prov.31.30
PRO 31:31,COPY_OR_MERGE,Prov.31.31
PSA 1:1,COPY_OR_MERGE,Ps.1.1
PSA 1:2,COPY_OR_MERGE,Ps.1.2
PSA 1:3,COPY_OR_MERGE,Ps.1.3
PSA 1:4,COPY_OR_MERGE,Ps.1.4
PSA 1:5,COPY_OR_MERGE,Ps.1.5
PSA 1:6,COPY_OR_MERGE,Ps.1.6
PSA 2:1,COPY_OR_MERGE,Ps.2.1
PSA 2:2,COPY_OR_MERGE,Ps.2.2
PSA 2:3,COPY_OR_MERGE,Ps.2.3
PSA 2:4,COPY_OR_MERGE,Ps.2.4
PSA 2:5,COPY_OR_MERGE,Ps.2.5
PSA 2:6,COPY_OR_MERGE,Ps.2.6
PSA 2:7,COPY_OR_MERGE,Ps.2.7
PSA 2:8,COPY_OR_MERGE,Ps.2.8
PSA 2:9,COPY_OR_MERGE,Ps.2.9
PSA 2:10,COPY_OR_MERGE,Ps.2.10
PSA 2:11,COPY_OR_MERGE,Ps.2.11
PSA 2:12,COPY_OR_MERGE,Ps.2.12
PSA 3:1,COPY_OR_MERGE,Ps.3.1; Ps.3.2
PSA 3:2,COPY_OR_MERGE,Ps.3.3
PSA 3:3,COPY_OR_MERGE,Ps.3.4
PSA 3:4,COPY_OR_MERGE,Ps.3.5
PSA 3:5,COPY_OR_MERGE,Ps.3.6
PSA 3:6,COPY_OR_MERGE,Ps.3.7
PSA 3:7,COPY_OR_MERGE,Ps.3.8
PSA 3:8,COPY_OR_MERGE,Ps.3.9
PSA 4:1,COPY_OR_MERGE,Ps.4.1; Ps.4.2
PSA 4:2,COPY_OR_MERGE,Ps.4.3
PSA 4:3,COPY_OR_MERGE,Ps.4.4
PSA 4:4,COPY_OR_MERGE,Ps.4.5
PSA 4:5,COPY_OR_MERGE,Ps.4.6
PSA 4:6,COPY_OR_MERGE,Ps.4.7
PSA 4:7,COPY_OR_MERGE,Ps.4.8
PSA 4:8,COPY_OR_MERGE,Ps.4.9
PSA 5:1,COPY_OR_MERGE,Ps.5.1; Ps.5.2
PSA 5:2,COPY_OR_MERGE,Ps.5.3
PSA 5:3,COPY_OR_MERGE,Ps.5.4
PSA 5:4,COPY_OR_MERGE,Ps.5.5
PSA 5:5,COPY_OR_MERGE,Ps.5.6
PSA 5:6,COPY_OR_MERGE,Ps.5.7
PSA 5:7,COPY_OR_MERGE,Ps.5.8
PSA 5:8,COPY_OR_MERGE,Ps.5.9
PSA 5:9,COPY_OR_MERGE,Ps.5.10
PSA 5:10,COPY_OR_MERGE,Ps.5.11
PSA 5:11,COPY_OR_MERGE,Ps.5.12
PSA 5:12,COPY_OR_MERGE,Ps.5.13
PSA 6:1,COPY_OR_MERGE,Ps.6.1; Ps.6.2
PSA 6:2,COPY_OR_MERGE,Ps.6.3
PSA 6:3,COPY_OR_MERGE,Ps.6.4
PSA 6:4,COPY_OR_MERGE,Ps.6.5
PSA 6:5,COPY_OR_MERGE,Ps.6.6
PSA 6:6,COPY_OR_MERGE,Ps.6.7
PSA 6:7,COPY_OR_MERGE,Ps.6.8
PSA 6:8,COPY_OR_MERGE,Ps.6.9
PSA 6:9,COPY_OR_MERGE,Ps.6.10
PSA 6:10,COPY_OR_MERGE,Ps.6.11
PSA 7:1,COPY_OR_MERGE,Ps.7.1; Ps.7.2
PSA 7:2,COPY_OR_MERGE,Ps.7.3
PSA 7:3,COPY_OR_MERGE,Ps.7.4
PSA 7:4,COPY_OR_MERGE,Ps.7.5
PSA 7:5,COPY_OR_MERGE,Ps.7.6
PSA 7:6,COPY_OR_MERGE,Ps.7.7
PSA 7:7,COPY_OR_MERGE,Ps.7.8
PSA 7:8,COPY_OR_MERGE,Ps.7.9
PSA 7:9,COPY_OR_MERGE,Ps.7.10
PSA 7:10,COPY_OR_MERGE,Ps.7.11
PSA 7:11,COPY_OR_MERGE,Ps.7.12
PSA 7:12,COPY_OR_MERGE,Ps.7.13
PSA 7:13,COPY_OR_MERGE,Ps.7.14
PSA 7:14,COPY_OR_MERGE,Ps.7.15
PSA 7:15,COPY_OR_MERGE,Ps.7.16
PSA 7:16,COPY_OR_MERGE,Ps.7.17
PSA 7:17,COPY_OR_MERGE,Ps.7.18
PSA 8:1,COPY_OR_MERGE,Ps.8.1; Ps.8.2
PSA 8:2,COPY_OR_MERGE,Ps.8.3
PSA 8:3,COPY_OR_MERGE,Ps.8.4
PSA 8:4,COPY_OR_MERGE,Ps.8.5
PSA 8:5,COPY_OR_MERGE,Ps.8.6
PSA 8:6,COPY_OR_MERGE,Ps.8.7
PSA 8:7,COPY_OR_MERGE,Ps.8.8
PSA 8:8,COPY_OR_MERGE,Ps.8.9
PSA 8:9,COPY_OR_MERGE,Ps.8.10
PSA 9:1,COPY_OR_MERGE,Ps.9.1; Ps.9.2
PSA 9:2,COPY_OR_MERGE,Ps.9.3
PSA 9:3,COPY_OR_MERGE,Ps.9.4
PSA 9:4,COPY_OR_MERGE,Ps.9.5
PSA 9:5,COPY_OR_MERGE,Ps.9.6
PSA 9:6,COPY_OR_MERGE,Ps.9.7
PSA 9:7,COPY_OR_MERGE,Ps.9.8
PSA 9:8,COPY_OR_MERGE,Ps.9.9
PSA 9:9,COPY_OR_MERGE,Ps.9.10
PSA 9:10,COPY_OR_MERGE,Ps.9.11
PSA 9:11,COPY_OR_MERGE,Ps.9.12
PSA 9:12,COPY_OR_MERGE,Ps.9.13
PSA 9:13,COPY_OR_MERGE,Ps.9.14
PSA 9:14,COPY_OR_MERGE,Ps.9.15
PSA 9:15,COPY_OR_MERGE,Ps.9.16
PSA 9:16,COPY_OR_MERGE,Ps.9.17
PSA 9:17,COPY_OR_MERGE,Ps.9.18
PSA 9:18,COPY_OR_MERGE,Ps.9.19
PSA 9:19,COPY_OR_MERGE,Ps.9.20
PSA 9:20,COPY_OR_MERGE,Ps.9.21
PSA 10:1,COPY_OR_MERGE,Ps.10.1
PSA 10:2,COPY_OR_MERGE,Ps.10.2
PSA 10:3,COPY_OR_MERGE,Ps.10.3
PSA 10:4,COPY_OR_MERGE,Ps.10.4
PSA 10:5,COPY_OR_MERGE,Ps.10.5
PSA 10:6,COPY_OR_MERGE,Ps.10.6
PSA 10:7,COPY_OR_MERGE,Ps.10.7
PSA 10:8,COPY_OR_MERGE,Ps.10.8
PSA 10:9,COPY_OR_MERGE,Ps.10.9
PSA 10:10,COPY_OR_MERGE,Ps.10.10
PSA 10:11,COPY_OR_MERGE,Ps.10.11
PSA 10:12,COPY_OR_MERGE,Ps.10.12
PSA 10:13,COPY_OR_MERGE,Ps.10.13
PSA 10:14,COPY_OR_MERGE,Ps.10.14
PSA 10:15,COPY_OR_MERGE,Ps.10.15
PSA 10:16,COPY_OR_MERGE,Ps.10.16
PSA 10:17,COPY_OR_MERGE,Ps.10.17
PSA 10:18,COPY_OR_MERGE,Ps.10.18
PSA 11:1,COPY_OR_MERGE,Ps.11.1
PSA 11:2,COPY_OR_MERGE,Ps.11.2
PSA 11:3,COPY_OR_MERGE,Ps.11.3
PSA 11:4,COPY_OR_MERGE,Ps.11.4
PSA 11:5,COPY_OR_MERGE,Ps.11.5
PSA 11:6,COPY_OR_MERGE,Ps.11.6
PSA 11:7,COPY_OR_MERGE,Ps.11.7
PSA 12:1,COPY_OR_MERGE,Ps.12.1; Ps.12.2
PSA 12:2,COPY_OR_MERGE,Ps.12.3
PSA 12:3,COPY_OR_MERGE,Ps.12.4
PSA 12:4,COPY_OR_MERGE,Ps.12.5
PSA 12:5,COPY_OR_MERGE,Ps.12.6
PSA 12:6,COPY_OR_MERGE,Ps.12.7
PSA 12:7,COPY_OR_MERGE,Ps.12.8
PSA 12:8,COPY_OR_MERGE,Ps.12.9
PSA 13:1,COPY_OR_MERGE,Ps.13.1; Ps.13.2
PSA 13:2,COPY_OR_MERGE,Ps.13.3
PSA 13:3,COPY_OR_MERGE,Ps.13.4
PSA 13:4,COPY_OR_MERGE,Ps.13.5
PSA 13:5,MANUAL_SPLIT_FIX,Ps.13.6
PSA 13:6,MANUAL_SPLIT_FIX,Ps.13.6
PSA 14:1,COPY_OR_MERGE,Ps.14.1
PSA 14:2,COPY_OR_MERGE,Ps.14.2
PSA 14:3,COPY_OR_MERGE,Ps.14.3
PSA 14:4,COPY_OR_MERGE,Ps.14.4
PSA 14:5,COPY_OR_MERGE,Ps.14.5
PSA 14:6,COPY_OR_MERGE,Ps.14.6
PSA 14:7,COPY_OR_MERGE,Ps.14.7
PSA 15:1,COPY_OR_MERGE,Ps.15.1
PSA 15:2,COPY_OR_MERGE,Ps.15.2
PSA 15:3,COPY_OR_MERGE,Ps.15.3
PSA 15:4,COPY_OR_MERGE,Ps.15.4
PSA 15:5,COPY_OR_MERGE,Ps.15.5
PSA 16:1,COPY_OR_MERGE,Ps.16.1
PSA 16:2,COPY_OR_MERGE,Ps.16.2
PSA 16:3,COPY_OR_MERGE,Ps.16.3
PSA 16:4,COPY_OR_MERGE,Ps.16.4
PSA 16:5,COPY_OR_MERGE,Ps.16.5
PSA 16:6,COPY_OR_MERGE,Ps.16.6
PSA 16:7,COPY_OR_MERGE,Ps.16.7
PSA 16:8,COPY_OR_MERGE,Ps.16.8
PSA 16:9,COPY_OR_MERGE,Ps.16.9
PSA 16:10,COPY_OR_MERGE,Ps.16.10
PSA 16:11,COPY_OR_MERGE,Ps.16.11
PSA 17:1,COPY_OR_MERGE,Ps.17.1
PSA 17:2,COPY_OR_MERGE,Ps.17.2
PSA 17:3,COPY_OR_MERGE,Ps.17.3
PSA 17:4,COPY_OR_MERGE,Ps.17.4
PSA 17:5,COPY_OR_MERGE,Ps.17.5
PSA 17:6,COPY_OR_MERGE,Ps.17.6
PSA 17:7,COPY_OR_MERGE,Ps.17.7
PSA 17:8,COPY_OR_MERGE,Ps.17.8
PSA 17:9,COPY_OR_MERGE,Ps.17.9
PSA 17:10,COPY_OR_MERGE,Ps.17.10
PSA 17:11,COPY_OR_MERGE,Ps.17.11
PSA 17:12,COPY_OR_MERGE,Ps.17.12
PSA 17:13,COPY_OR_MERGE,Ps.17.13
PSA 17:14,COPY_OR_MERGE,Ps.17.14
PSA 17:15,COPY_OR_MERGE,Ps.17.15
PSA 18:1,COPY_OR_MERGE,Ps.18.1; Ps.18.2
PSA 18:2,COPY_OR_MERGE,Ps.18.3
PSA 18:3,COPY_OR_MERGE,Ps.18.4
PSA 18:4,COPY_OR_MERGE,Ps.18.5
PSA 18:5,COPY_OR_MERGE,Ps.18.6
PSA 18:6,COPY_OR_MERGE,Ps.18.7
PSA 18:7,COPY_OR_MERGE,Ps.18.8
PSA 18:8,COPY_OR_MERGE,Ps.18.9
PSA 18:9,COPY_OR_MERGE,Ps.18.10
PSA 18:10,COPY_OR_MERGE,Ps.18.11
PSA 18:11,COPY_OR_MERGE,Ps.18.12
PSA 18:12,COPY_OR_MERGE,Ps.18.13
PSA 18:13,COPY_OR_MERGE,Ps.18.14
PSA 18:14,COPY_OR_MERGE,Ps.18.15
PSA 18:15,COPY_OR_MERGE,Ps.18.16
PSA 18:16,COPY_OR_MERGE,Ps.18.17
PSA 18:17,COPY_OR_MERGE,Ps.18.18
PSA 18:18,COPY_OR_MERGE,Ps.18.19
PSA 18:19,COPY_OR_MERGE,Ps.18.20
PSA 18:20,COPY_OR_MERGE,Ps.18.21
PSA 18:21,COPY_OR_MERGE,Ps.18.22
PSA 18:22,COPY_OR_MERGE,Ps.18.23
PSA 18:23,COPY_OR_MERGE,Ps.18.24
PSA 18:24,COPY_OR_MERGE,Ps.18.25
PSA 18:25,COPY_OR_MERGE,Ps.18.26
PSA 18:26,COPY_OR_MERGE,Ps.18.27
PSA 18:27,COPY_OR_MERGE,Ps.18.28
PSA 18:28,COPY_OR_MERGE,Ps.18.29
PSA 18:29,COPY_OR_MERGE,Ps.18.30
PSA 18:30,COPY_OR_MERGE,Ps.18.31
PSA 18:31,COPY_OR_MERGE,Ps.18.32
PSA 18:32,COPY_OR_MERGE,Ps.18.33
PSA 18:33,COPY_OR_MERGE,Ps.18.34
PSA 18:34,COPY_OR_MERGE,Ps.18.35
PSA 18:35,COPY_OR_MERGE,Ps.18.36
PSA 18:36,COPY_OR_MERGE,Ps.18.37
PSA 18:37,COPY_OR_MERGE,Ps.18.38
PSA 18:38,COPY_OR_MERGE,Ps.18.39
PSA 18:39,COPY_OR_MERGE,Ps.18.40
PSA 18:40,COPY_OR_MERGE,Ps.18.41
PSA 18:41,COPY_OR_MERGE,Ps.18.42
PSA 18:42,COPY_OR_MERGE,Ps.18.43
PSA 18:43,COPY_OR_MERGE,Ps.18.44
PSA 18:44,COPY_OR_MERGE,Ps.18.45
PSA 18:45,COPY_OR_MERGE,Ps.18.46
PSA 18:46,COPY_OR_MERGE,Ps.18.47
PSA 18:47,COPY_OR_MERGE,Ps.18.48
PSA 18:48,COPY_OR_MERGE,Ps.18.49
PSA 18:49,COPY_OR_MERGE,Ps.18.50
PSA 18:50,COPY_OR_MERGE,Ps.18.51
PSA 19:1,COPY_OR_MERGE,Ps.19.1; Ps.19.2
PSA 19:2,COPY_OR_MERGE,Ps.19.3
PSA 19:3,COPY_OR_MERGE,Ps.19.4
PSA 19:4,COPY_OR_MERGE,Ps.19.5
PSA 19:5,COPY_OR_MERGE,Ps.19.6
PSA 19:6,COPY_OR_MERGE,Ps.19.7
PSA 19:7,COPY_OR_MERGE,Ps.19.8
PSA 19:8,COPY_OR_MERGE,Ps.19.9
PSA 19:9,COPY_OR_MERGE,Ps.19.10
PSA 19:10,COPY_OR_MERGE,Ps.19.11
PSA 19:11,COPY_OR_MERGE,Ps.19.12
PSA 19:12,COPY_OR_MERGE,Ps.19.13
PSA 19:13,COPY_OR_MERGE,Ps.19.14
PSA 19:14,COPY_OR_MERGE,Ps.19.15
PSA 20:1,COPY_OR_MERGE,Ps.20.1; Ps.20.2
PSA 20:2,COPY_OR_MERGE,Ps.20.3
PSA 20:3,COPY_OR_MERGE,Ps.20.4
PSA 20:4,COPY_OR_MERGE,Ps.20.5
PSA 20:5,COPY_OR_MERGE,Ps.20.6
PSA 20:6,COPY_OR_MERGE,Ps.20.7
PSA 20:7,COPY_OR_MERGE,Ps.20.8
PSA 20:8,COPY_OR_MERGE,Ps.20.9
PSA 20:9,COPY_OR_MERGE,Ps.20.10
PSA 21:1,COPY_OR_MERGE,Ps.21.1; Ps.21.2
PSA 21:2,COPY_OR_MERGE,Ps.21.3
PSA 21:3,COPY_OR_MERGE,Ps.21.4
PSA 21:4,COPY_OR_MERGE,Ps.21.5
PSA 21:5,COPY_OR_MERGE,Ps.21.6
PSA 21:6,COPY_OR_MERGE,Ps.21.7
PSA 21:7,COPY_OR_MERGE,Ps.21.8
PSA 21:8,COPY_OR_MERGE,Ps.21.9
PSA 21:9,COPY_OR_MERGE,Ps.21.10
PSA 21:10,COPY_OR_MERGE,Ps.21.11
PSA 21:11,COPY_OR_MERGE,Ps.21.12
PSA 21:12,COPY_OR_MERGE,Ps.21.13
PSA 21:13,COPY_OR_MERGE,Ps.21.14
PSA 22:1,COPY_OR_MERGE,Ps.22.1; Ps.22.2
PSA 22:2,COPY_OR_MERGE,Ps.22.3
PSA 22:3,COPY_OR_MERGE,Ps.22.4
PSA 22:4,COPY_OR_MERGE,Ps.22.5
PSA 22:5,COPY_OR_MERGE,Ps.22.6
PSA 22:6,COPY_OR_MERGE,Ps.22.7
PSA 22:7,COPY_OR_MERGE,Ps.22.8
PSA 22:8,COPY_OR_MERGE,Ps.22.9
PSA 22:9,COPY_OR_MERGE,Ps.22.10
PSA 22:10,COPY_OR_MERGE,Ps.22.11
PSA 22:11,COPY_OR_MERGE,Ps.22.12
PSA 22:12,COPY_OR_MERGE,Ps.22.13
PSA 22:13,COPY_OR_MERGE,Ps.22.14
PSA 22:14,COPY_OR_MERGE,Ps.22.15
PSA 22:15,COPY_OR_MERGE,Ps.22.16
PSA 22:16,COPY_OR_MERGE,Ps.22.17
PSA 22:17,COPY_OR_MERGE,Ps.22.18
PSA 22:18,COPY_OR_MERGE,Ps.22.19
PSA 22:19,COPY_OR_MERGE,Ps.22.20
PSA 22:20,COPY_OR_MERGE,Ps.22.21
PSA 22:21,COPY_OR_MERGE,Ps.22.22
PSA 22:22,COPY_OR_MERGE,Ps.22.23
PSA 22:23,COPY_OR_MERGE,Ps.22.24
PSA 22:24,COPY_OR_MERGE,Ps.22.25
PSA 22:25,COPY_OR_MERGE,Ps.22.26
PSA 22:26,COPY_OR_MERGE,Ps.22.27
PSA 22:27,COPY_OR_MERGE,Ps.22.28
PSA 22:28,COPY_OR_MERGE,Ps.22.29
PSA 22:29,COPY_OR_MERGE,Ps.22.30
PSA 22:30,COPY_OR_MERGE,Ps.22.31
PSA 22:31,COPY_OR_MERGE,Ps.22.32
PSA 23:1,COPY_OR_MERGE,Ps.23.1
PSA 23:2,COPY_OR_MERGE,Ps.23.2
PSA 23:3,COPY_OR_MERGE,Ps.23.3
PSA 23:4,COPY_OR_MERGE,Ps.23.4
PSA 23:5,COPY_OR_MERGE,Ps.23.5
PSA 23:6,COPY_OR_MERGE,Ps.23.6
PSA 24:1,COPY_OR_MERGE,Ps.24.1
PSA 24:2,COPY_OR_MERGE,Ps.24.2
PSA 24:3,COPY_OR_MERGE,Ps.24.3
PSA 24:4,COPY_OR_MERGE,Ps.24.4
PSA 24:5,COPY_OR_MERGE,Ps.24.5
PSA 24:6,COPY_OR_MERGE,Ps.24.6
PSA 24:7,COPY_OR_MERGE,Ps.24.7
PSA 24:8,COPY_OR_MERGE,Ps.24.8
PSA 24:9,COPY_OR_MERGE,Ps.24.9
PSA 24:10,COPY_OR_MERGE,Ps.24.10
PSA 25:1,COPY_OR_MERGE,Ps.25.1
PSA 25:2,COPY_OR_MERGE,Ps.25.2
PSA 25:3,COPY_OR_MERGE,Ps.25.3
PSA 25:4,COPY_OR_MERGE,Ps.25.4
PSA 25:5,COPY_OR_MERGE,Ps.25.5
PSA 25:6,COPY_OR_MERGE,Ps.25.6
PSA 25:7,COPY_OR_MERGE,Ps.25.7
PSA 25:8,COPY_OR_MERGE,Ps.25.8
PSA 25:9,COPY_OR_MERGE,Ps.25.9
PSA 25:10,COPY_OR_MERGE,Ps.25.10
PSA 25:11,COPY_OR_MERGE,Ps.25.11
PSA 25:12,COPY_OR_MERGE,Ps.25.12
PSA 25:13,COPY_OR_MERGE,Ps.25.13
PSA 25:14,COPY_OR_MERGE,Ps.25.14
PSA 25:15,COPY_OR_MERGE,Ps.25.15
PSA 25:16,COPY_OR_MERGE,Ps.25.16
PSA 25:17,COPY_OR_MERGE,Ps.25.17
PSA 25:18,COPY_OR_MERGE,Ps.25.18
PSA 25:19,COPY_OR_MERGE,Ps.25.19
PSA 25:20,COPY_OR_MERGE,Ps.25.20
PSA 25:21,COPY_OR_MERGE,Ps.25.21
PSA 25:22,COPY_OR_MERGE,Ps.25.22
PSA 26:1,COPY_OR_MERGE,Ps.26.1
PSA 26:2,COPY_OR_MERGE,Ps.26.2
PSA 26:3,COPY_OR_MERGE,Ps.26.3
PSA 26:4,COPY_OR_MERGE,Ps.26.4
PSA 26:5,COPY_OR_MERGE,Ps.26.5
PSA 26:6,COPY_OR_MERGE,Ps.26.6
PSA 26:7,COPY_OR_MERGE,Ps.26.7
PSA 26:8,COPY_OR_MERGE,Ps.26.8
PSA 26:9,COPY_OR_MERGE,Ps.26.9
PSA 26:10,COPY_OR_MERGE,Ps.26.10
PSA 26:11,COPY_OR_MERGE,Ps.26.11
PSA 26:12,COPY_OR_MERGE,Ps.26.12
PSA 27:1,COPY_OR_MERGE,Ps.27.1
PSA 27:2,COPY_OR_MERGE,Ps.27.2
PSA 27:3,COPY_OR_MERGE,Ps.27.3
PSA 27:4,COPY_OR_MERGE,Ps.27.4
PSA 27:5,COPY_OR_MERGE,Ps.27.5
PSA 27:6,COPY_OR_MERGE,Ps.27.6
PSA 27:7,COPY_OR_MERGE,Ps.27.7
PSA 27:8,COPY_OR_MERGE,Ps.27.8
PSA 27:9,COPY_OR_MERGE,Ps.27.9
PSA 27:10,COPY_OR_MERGE,Ps.27.10
PSA 27:11,COPY_OR_MERGE,Ps.27.11
PSA 27:12,COPY_OR_MERGE,Ps.27.12
PSA 27:13,COPY_OR_MERGE,Ps.27.13
PSA 27:14,COPY_OR_MERGE,Ps.27.14
PSA 28:1,COPY_OR_MERGE,Ps.28.1
PSA 28:2,COPY_OR_MERGE,Ps.28.2
PSA 28:3,COPY_OR_MERGE,Ps.28.3
PSA 28:4,COPY_OR_MERGE,Ps.28.4
PSA 28:5,COPY_OR_MERGE,Ps.28.5
PSA 28:6,COPY_OR_MERGE,Ps.28.6
PSA 28:7,COPY_OR_MERGE,Ps.28.7
PSA 28:8,COPY_OR_MERGE,Ps.28.8
PSA 28:9,COPY_OR_MERGE,Ps.28.9
PSA 29:1,COPY_OR_MERGE,Ps.29.1
PSA 29:2,COPY_OR_MERGE,Ps.29.2
PSA 29:3,COPY_OR_MERGE,Ps.29.3
PSA 29:4,COPY_OR_MERGE,Ps.29.4
PSA 29:5,COPY_OR_MERGE,Ps.29.5
PSA 29:6,COPY_OR_MERGE,Ps.29.6
PSA 29:7,COPY_OR_MERGE,Ps.29.7
PSA 29:8,COPY_OR_MERGE,Ps.29.8
PSA 29:9,COPY_OR_MERGE,Ps.29.9
PSA 29:10,COPY_OR_MERGE,Ps.29.10
PSA 29:11,COPY_OR_MERGE,Ps.29.11
PSA 30:1,COPY_OR_MERGE,Ps.30.1; Ps.30.2
PSA 30:2,COPY_OR_MERGE,Ps.30.3
PSA 30:3,COPY_OR_MERGE,Ps.30.4
PSA 30:4,COPY_OR_MERGE,Ps.30.5
PSA 30:5,COPY_OR_MERGE,Ps.30.6
PSA 30:6,COPY_OR_MERGE,Ps.30.7
PSA 30:7,COPY_OR_MERGE,Ps.30.8
PSA 30:8,COPY_OR_MERGE,Ps.30.9
PSA 30:9,COPY_OR_MERGE,Ps.30.10
PSA 30:10,COPY_OR_MERGE,Ps.30.11
PSA 30:11,COPY_OR_MERGE,Ps.30.12
PSA 30:12,COPY_OR_MERGE,Ps.30.13
PSA 31:1,COPY_OR_MERGE,Ps.31.1; Ps.31.2
PSA 31:2,COPY_OR_MERGE,Ps.31.3
PSA 31:3,COPY_OR_MERGE,Ps.31.4
PSA 31:4,COPY_OR_MERGE,Ps.31.5
PSA 31:5,COPY_OR_MERGE,Ps.31.6
PSA 31:6,COPY_OR_MERGE,Ps.31.7
PSA 31:7,COPY_OR_MERGE,Ps.31.8
PSA 31:8,COPY_OR_MERGE,Ps.31.9
PSA 31:9,COPY_OR_MERGE,Ps.31.10
PSA 31:10,COPY_OR_MERGE,Ps.31.11
PSA 31:11,COPY_OR_MERGE,Ps.31.12
PSA 31:12,COPY_OR_MERGE,Ps.31.13
PSA 31:13,COPY_OR_MERGE,Ps.31.14
PSA 31:14,COPY_OR_MERGE,Ps.31.15
PSA 31:15,COPY_OR_MERGE,Ps.31.16
PSA 31:16,COPY_OR_MERGE,Ps.31.17
PSA 31:17,COPY_OR_MERGE,Ps.31.18
PSA 31:18,COPY_OR_MERGE,Ps.31.19
PSA 31:19,COPY_OR_MERGE,Ps.31.20
PSA 31:20,COPY_OR_MERGE,Ps.31.21
PSA 31:21,COPY_OR_MERGE,Ps.31.22
PSA 31:22,COPY_OR_MERGE,Ps.31.23
PSA 31:23,COPY_OR_MERGE,Ps.31.24
PSA 31:24,COPY_OR_MERGE,Ps.31.25
PSA 32:1,COPY_OR_MERGE,Ps.32.1
PSA 32:2,COPY_OR_MERGE,Ps.32.2
PSA 32:3,COPY_OR_MERGE,Ps.32.3
PSA 32:4,COPY_OR_MERGE,Ps.32.4
PSA 32:5,COPY_OR_MERGE,Ps.32.5
PSA 32:6,COPY_OR_MERGE,Ps.32.6
PSA 32:7,COPY_OR_MERGE,Ps.32.7
PSA 32:8,COPY_OR_MERGE,Ps.32.8
PSA 32:9,COPY_OR_MERGE,Ps.32.9
PSA 32:10,COPY_OR_MERGE,Ps.32.10
PSA 32:11,COPY_OR_MERGE,Ps.32.11
PSA 33:1,COPY_OR_MERGE,Ps.33.1
PSA 33:2,COPY_OR_MERGE,Ps.33.2
PSA 33:3,COPY_OR_MERGE,Ps.33.3
PSA 33:4,COPY_OR_MERGE,Ps.33.4
PSA 33:5,COPY_OR_MERGE,Ps.33.5
PSA 33:6,COPY_OR_MERGE,Ps.33.6
PSA 33:7,COPY_OR_MERGE,Ps.33.7
PSA 33:8,COPY_OR_MERGE,Ps.33.8
PSA 33:9,COPY_OR_MERGE,Ps.33.9
PSA 33:10,COPY_OR_MERGE,Ps.33.10
PSA 33:11,COPY_OR_MERGE,Ps.33.11
PSA 33:12,COPY_OR_MERGE,Ps.33.12
PSA 33:13,COPY_OR_MERGE,Ps.33.13
PSA 33:14,COPY_OR_MERGE,Ps.33.14
PSA 33:15,COPY_OR_MERGE,Ps.33.15
PSA 33:16,COPY_OR_MERGE,Ps.33.16
PSA 33:17,COPY_OR_MERGE,Ps.33.17
PSA 33:18,COPY_OR_MERGE,Ps.33.18
PSA 33:19,COPY_OR_MERGE,Ps.33.19
PSA 33:20,COPY_OR_MERGE,Ps.33.20
PSA 33:21,COPY_OR_MERGE,Ps.33.21
PSA 33:22,COPY_OR_MERGE,Ps.33.22
PSA 34:1,COPY_OR_MERGE,Ps.34.1; Ps.34.2
PSA 34:2,COPY_OR_MERGE,Ps.34.3
PSA 34:3,COPY_OR_MERGE,Ps.34.4
PSA 34:4,COPY_OR_MERGE,Ps.34.5
PSA 34:5,COPY_OR_MERGE,Ps.34.6
PSA 34:6,COPY_OR_MERGE,Ps.34.7
PSA 34:7,COPY_OR_MERGE,Ps.34.8
PSA 34:8,COPY_OR_MERGE,Ps.34.9
PSA 34:9,COPY_OR_MERGE,Ps.34.10
PSA 34:10,COPY_OR_MERGE,Ps.34.11
PSA 34:11,COPY_OR_MERGE,Ps.34.12
PSA 34:12,COPY_OR_MERGE,Ps.34.13
PSA 34:13,COPY_OR_MERGE,Ps.34.14
PSA 34:14,COPY_OR_MERGE,Ps.34.15
PSA 34:15,COPY_OR_MERGE,Ps.34.16
PSA 34:16,COPY_OR_MERGE,Ps.34.17
PSA 34:17,COPY_OR_MERGE,Ps.34.18
PSA 34:18,COPY_OR_MERGE,Ps.34.19
PSA 34:19,COPY_OR_MERGE,Ps.34.20
PSA 34:20,COPY_OR_MERGE,Ps.34.21
PSA 34:21,COPY_OR_MERGE,Ps.34.22
PSA 34:22,COPY_OR_MERGE,Ps.34.23
PSA 35:1,COPY_OR_MERGE,Ps.35.1
PSA 35:2,COPY_OR_MERGE,Ps.35.2
PSA 35:3,COPY_OR_MERGE,Ps.35.3
PSA 35:4,COPY_OR_MERGE,Ps.35.4
PSA 35:5,COPY_OR_MERGE,Ps.35.5
PSA 35:6,COPY_OR_MERGE,Ps.35.6
PSA 35:7,COPY_OR_MERGE,Ps.35.7
PSA 35:8,COPY_OR_MERGE,Ps.35.8
PSA 35:9,COPY_OR_MERGE,Ps.35.9
PSA 35:10,COPY_OR_MERGE,Ps.35.10
PSA 35:11,COPY_OR_MERGE,Ps.35.11
PSA 35:12,COPY_OR_MERGE,Ps.35.12
PSA 35:13,COPY_OR_MERGE,Ps.35.13
PSA 35:14,COPY_OR_MERGE,Ps.35.14
PSA 35:15,COPY_OR_MERGE,Ps.35.15
PSA 35:16,COPY_OR_MERGE,Ps.35.16
PSA 35:17,COPY_OR_MERGE,Ps.35.17
PSA 35:18,COPY_OR_MERGE,Ps.35.18
PSA 35:19,COPY_OR_MERGE,Ps.35.19
PSA 35:20,COPY_OR_MERGE,Ps.35.20
PSA 35:21,COPY_OR_MERGE,Ps.35.21
PSA 35:22,COPY_OR_MERGE,Ps.35.22
PSA 35:23,COPY_OR_MERGE,Ps.35.23
PSA 35:24,COPY_OR_MERGE,Ps.35.24
PSA 35:25,COPY_OR_MERGE,Ps.35.25
PSA 35:26,COPY_OR_MERGE,Ps.35.26
PSA 35:27,COPY_OR_MERGE,Ps.35.27
PSA 35:28,COPY_OR_MERGE,Ps.35.28
PSA 36:1,COPY_OR_MERGE,Ps.36.1; Ps.36.2
PSA 36:2,COPY_OR_MERGE,Ps.36.3
PSA 36:3,COPY_OR_MERGE,Ps.36.4
PSA 36:4,COPY_OR_MERGE,Ps.36.5
PSA 36:5,COPY_OR_MERGE,Ps.36.6
PSA 36:6,COPY_OR_MERGE,Ps.36.7
PSA 36:7,COPY_OR_MERGE,Ps.36.8
PSA 36:8,COPY_OR_MERGE,Ps.36.9
PSA 36:9,COPY_OR_MERGE,Ps.36.10
PSA 36:10,COPY_OR_MERGE,Ps.36.11
PSA 36:11,COPY_OR_MERGE,Ps.36.12
PSA 36:12,COPY_OR_MERGE,Ps.36.13
PSA 37:1,COPY_OR_MERGE,Ps.37.1
PSA 37:2,COPY_OR_MERGE,Ps.37.2
PSA 37:3,COPY_OR_MERGE,Ps.37.3
PSA 37:4,COPY_OR_MERGE,Ps.37.4
PSA 37:5,COPY_OR_MERGE,Ps.37.5
PSA 37:6,COPY_OR_MERGE,Ps.37.6
PSA 37:7,COPY_OR_MERGE,Ps.37.7
PSA 37:8,COPY_OR_MERGE,Ps.37.8
PSA 37:9,COPY_OR_MERGE,Ps.37.9
PSA 37:10,COPY_OR_MERGE,Ps.37.10
PSA 37:11,COPY_OR_MERGE,Ps.37.11
PSA 37:12,COPY_OR_MERGE,Ps.37.12
PSA 37:13,COPY_OR_MERGE,Ps.37.13
PSA 37:14,COPY_OR_MERGE,Ps.37.14
PSA 37:15,COPY_OR_MERGE,Ps.37.15
PSA 37:16,COPY_OR_MERGE,Ps.37.16
PSA 37:17,COPY_OR_MERGE,Ps.37.17
PSA 37:18,COPY_OR_MERGE,Ps.37.18
PSA 37:19,COPY_OR_MERGE,Ps.37.19
PSA 37:20,COPY_OR_MERGE,Ps.37.20
PSA 37:21,COPY_OR_MERGE,Ps.37.21
PSA 37:22,COPY_OR_MERGE,Ps.37.22
PSA 37:23,COPY_OR_MERGE,Ps.37.23
PSA 37:24,COPY_OR_MERGE,Ps.37.24
PSA 37:25,COPY_OR_MERGE,Ps.37.25
PSA 37:26,COPY_OR_MERGE,Ps.37.26
PSA 37:27,COPY_OR_MERGE,Ps.37.27
PSA 37:28,COPY_OR_MERGE,Ps.37.28
PSA 37:29,COPY_OR_MERGE,Ps.37.29
PSA 37:30,COPY_OR_MERGE,Ps.37.30
PSA 37:31,COPY_OR_MERGE,Ps.37.31
PSA 37:32,COPY_OR_MERGE,Ps.37.32
PSA 37:33,COPY_OR_MERGE,Ps.37.33
PSA 37:34,COPY_OR_MERGE,Ps.37.34
PSA 37:35,COPY_OR_MERGE,Ps.37.35
PSA 37:36,COPY_OR_MERGE,Ps.37.36
PSA 37:37,COPY_OR_MERGE,Ps.37.37
PSA 37:38,COPY_OR_MERGE,Ps.37.38
PSA 37:39,COPY_OR_MERGE,Ps.37.39
PSA 37:40,COPY_OR_MERGE,Ps.37.40
PSA 38:1,COPY_OR_MERGE,Ps.38.1; Ps.38.2
PSA 38:2,COPY_OR_MERGE,Ps.38.3
PSA 38:3,COPY_OR_MERGE,Ps.38.4
PSA 38:4,COPY_OR_MERGE,Ps.38.5
PSA 38:5,COPY_OR_MERGE,Ps.38.6
PSA 38:6,COPY_OR_MERGE,Ps.38.7
PSA 38:7,COPY_OR_MERGE,Ps.38.8
PSA 38:8,COPY_OR_MERGE,Ps.38.9
PSA 38:9,COPY_OR_MERGE,Ps.38.10
PSA 38:10,COPY_OR_MERGE,Ps.38.11
PSA 38:11,COPY_OR_MERGE,Ps.38.12
PSA 38:12,COPY_OR_MERGE,Ps.38.13
PSA 38:13,COPY_OR_MERGE,Ps.38.14
PSA 38:14,COPY_OR_MERGE,Ps.38.15
PSA 38:15,COPY_OR_MERGE,Ps.38.16
PSA 38:16,COPY_OR_MERGE,Ps.38.17
PSA 38:17,COPY_OR_MERGE,Ps.38.18
PSA 38:18,COPY_OR_MERGE,Ps.38.19
PSA 38:19,COPY_OR_MERGE,Ps.38.20
PSA 38:20,COPY_OR_MERGE,Ps.38.21
PSA 38:21,COPY_OR_MERGE,Ps.38.22
PSA 38:22,COPY_OR_MERGE,Ps.38.23
PSA 39:1,COPY_OR_MERGE,Ps.39.1; Ps.39.2
PSA 39:2,COPY_OR_MERGE,Ps.39.3
PSA 39:3,COPY_OR_MERGE,Ps.39.4
PSA 39:4,COPY_OR_MERGE,Ps.39.5
PSA 39:5,COPY_OR_MERGE,Ps.39.6
PSA 39:6,COPY_OR_MERGE,Ps.39.7
PSA 39:7,COPY_OR_MERGE,Ps.39.8
PSA 39:8,COPY_OR_MERGE,Ps.39.9
PSA 39:9,COPY_OR_MERGE,Ps.39.10
PSA 39:10,COPY_OR_MERGE,Ps.39.11
PSA 39:11,COPY_OR_MERGE,Ps.39.12
PSA 39:12,COPY_OR_MERGE,Ps.39.13
PSA 39:13,COPY_OR_MERGE,Ps.39.14
PSA 40:1,COPY_OR_MERGE,Ps.40.1; Ps.40.2
PSA 40:2,COPY_OR_MERGE,Ps.40.3
PSA 40:3,COPY_OR_MERGE,Ps.40.4
PSA 40:4,COPY_OR_MERGE,Ps.40.5
PSA 40:5,COPY_OR_MERGE,Ps.40.6
PSA 40:6,COPY_OR_MERGE,Ps.40.7
PSA 40:7,COPY_OR_MERGE,Ps.40.8
PSA 40:8,COPY_OR_MERGE,Ps.40.9
PSA 40:9,COPY_OR_MERGE,Ps.40.10
PSA 40:10,COPY_OR_MERGE,Ps.40.11
PSA 40:11,COPY_OR_MERGE,Ps.40.12
PSA 40:12,COPY_OR_MERGE,Ps.40.13
PSA 40:13,COPY_OR_MERGE,Ps.40.14
PSA 40:14,COPY_OR_MERGE,Ps.40.15
PSA 40:15,COPY_OR_MERGE,Ps.40.16
PSA 40:16,COPY_OR_MERGE,Ps.40.17
PSA 40:17,COPY_OR_MERGE,Ps.40.18
PSA 41:1,COPY_OR_MERGE,Ps.41.1; Ps.41.2
PSA 41:2,COPY_OR_MERGE,Ps.41.3
PSA 41:3,COPY_OR_MERGE,Ps.41.4
PSA 41:4,COPY_OR_MERGE,Ps.41.5
PSA 41:5,COPY_OR_MERGE,Ps.41.6
PSA 41:6,COPY_OR_MERGE,Ps.41.7
PSA 41:7,COPY_OR_MERGE,Ps.41.8
PSA 41:8,COPY_OR_MERGE,Ps.41.9
PSA 41:9,COPY_OR_MERGE,Ps.41.10
PSA 41:10,COPY_OR_MERGE,Ps.41.11
PSA 41:11,COPY_OR_MERGE,Ps.41.12
PSA 41:12,COPY_OR_MERGE,Ps.41.13
PSA 41:13,COPY_OR_MERGE,Ps.41.14
PSA 42:1,COPY_OR_MERGE,Ps.42.1; Ps.42.2
PSA 42:2,COPY_OR_MERGE,Ps.42.3
PSA 42:3,COPY_OR_MERGE,Ps.42.4
PSA 42:4,COPY_OR_MERGE,Ps.42.5
PSA 42:5,COPY_OR_MERGE,Ps.42.6
PSA 42:6,COPY_OR_MERGE,Ps.42.7
PSA 42:7,COPY_OR_MERGE,Ps.42.8
PSA 42:8,COPY_OR_MERGE,Ps.42.9
PSA 42:9,COPY_OR_MERGE,Ps.42.10
PSA 42:10,COPY_OR_MERGE,Ps.42.11
PSA 42:11,COPY_OR_MERGE,Ps.42.12
PSA 43:1,COPY_OR_MERGE,Ps.43.1
PSA 43:2,COPY_OR_MERGE,Ps.43.2
PSA 43:3,COPY_OR_MERGE,Ps.43.3
PSA 43:4,COPY_OR_MERGE,Ps.43.4
PSA 43:5,COPY_OR_MERGE,Ps.43.5
PSA 44:1,COPY_OR_MERGE,Ps.44.1; Ps.44.2
PSA 44:2,COPY_OR_MERGE,Ps.44.3
PSA 44:3,COPY_OR_MERGE,Ps.44.4
PSA 44:4,COPY_OR_MERGE,Ps.44.5
PSA 44:5,COPY_OR_MERGE,Ps.44.6
PSA 44:6,COPY_OR_MERGE,Ps.44.7
PSA 44:7,COPY_OR_MERGE,Ps.44.8
PSA 44:8,COPY_OR_MERGE,Ps.44.9
PSA 44:9,COPY_OR_MERGE,Ps.44.10
PSA 44:10,COPY_OR_MERGE,Ps.44.11
PSA 44:11,COPY_OR_MERGE,Ps.44.12
PSA 44:12,COPY_OR_MERGE,Ps.44.13
PSA 44:13,COPY_OR_MERGE,Ps.44.14
PSA 44:14,COPY_OR_MERGE,Ps.44.15
PSA 44:15,COPY_OR_MERGE,Ps.44.16
PSA 44:16,COPY_OR_MERGE,Ps.44.17
PSA 44:17,COPY_OR_MERGE,Ps.44.18
PSA 44:18,COPY_OR_MERGE,Ps.44.19
PSA 44:19,COPY_OR_MERGE,Ps.44.20
PSA 44:20,COPY_OR_MERGE,Ps.44.21
PSA 44:21,COPY_OR_MERGE,Ps.44.22
PSA 44:22,COPY_OR_MERGE,Ps.44.23
PSA 44:23,COPY_OR_MERGE,Ps.44.24
PSA 44:24,COPY_OR_MERGE,Ps.44.25
PSA 44:25,COPY_OR_MERGE,Ps.44.26
PSA 44:26,COPY_OR_MERGE,Ps.44.27
PSA 45:1,COPY_OR_MERGE,Ps.45.1; Ps.45.2
PSA 45:2,COPY_OR_MERGE,Ps.45.3
PSA 45:3,COPY_OR_MERGE,Ps.45.4
PSA 45:4,COPY_OR_MERGE,Ps.45.5
PSA 45:5,COPY_OR_MERGE,Ps.45.6
PSA 45:6,COPY_OR_MERGE,Ps.45.7
PSA 45:7,COPY_OR_MERGE,Ps.45.8
PSA 45:8,COPY_OR_MERGE,Ps.45.9
PSA 45:9,COPY_OR_MERGE,Ps.45.10
PSA 45:10,COPY_OR_MERGE,Ps.45.11
PSA 45:11,COPY_OR_MERGE,Ps.45.12
PSA 45:12,COPY_OR_MERGE,Ps.45.13
PSA 45:13,COPY_OR_MERGE,Ps.45.14
PSA 45:14,COPY_OR_MERGE,Ps.45.15
PSA 45:15,COPY_OR_MERGE,Ps.45.16
PSA 45:16,COPY_OR_MERGE,Ps.45.17
PSA 45:17,COPY_OR_MERGE,Ps.45.18
PSA 46:1,COPY_OR_MERGE,Ps.46.1; Ps.46.2
PSA 46:2,COPY_OR_MERGE,Ps.46.3
PSA 46:3,COPY_OR_MERGE,Ps.46.4
PSA 46:4,COPY_OR_MERGE,Ps.46.5
PSA 46:5,COPY_OR_MERGE,Ps.46.6
PSA 46:6,COPY_OR_MERGE,Ps.46.7
PSA 46:7,COPY_OR_MERGE,Ps.46.8
PSA 46:8,COPY_OR_MERGE,Ps.46.9
PSA 46:9,COPY_OR_MERGE,Ps.46.10
PSA 46:10,COPY_OR_MERGE,Ps.46.11
PSA 46:11,COPY_OR_MERGE,Ps.46.12
PSA 47:1,COPY_OR_MERGE,Ps.47.1; Ps.47.2
PSA 47:2,COPY_OR_MERGE,Ps.47.3
PSA 47:3,COPY_OR_MERGE,Ps.47.4
PSA 47:4,COPY_OR_MERGE,Ps.47.5
PSA 47:5,COPY_OR_MERGE,Ps.47.6
PSA 47:6,COPY_OR_MERGE,Ps.47.7
PSA 47:7,COPY_OR_MERGE,Ps.47.8
PSA 47:8,COPY_OR_MERGE,Ps.47.9
PSA 47:9,COPY_OR_MERGE,Ps.47.10
PSA 48:1,COPY_OR_MERGE,Ps.48.1; Ps.48.2
PSA 48:2,COPY_OR_MERGE,Ps.48.3
PSA 48:3,COPY_OR_MERGE,Ps.48.4
PSA 48:4,COPY_OR_MERGE,Ps.48.5
PSA 48:5,COPY_OR_MERGE,Ps.48.6
PSA 48:6,COPY_OR_MERGE,Ps.48.7
PSA 48:7,COPY_OR_MERGE,Ps.48.8
PSA 48:8,COPY_OR_MERGE,Ps.48.9
PSA 48:9,COPY_OR_MERGE,Ps.48.10
PSA 48:10,COPY_OR_MERGE,Ps.48.11
PSA 48:11,COPY_OR_MERGE,Ps.48.12
PSA 48:12,COPY_OR_MERGE,Ps.48.13
PSA 48:13,COPY_OR_MERGE,Ps.48.14
PSA 48:14,COPY_OR_MERGE,Ps.48.15
PSA 49:1,COPY_OR_MERGE,Ps.49.1; Ps.49.2
PSA 49:2,COPY_OR_MERGE,Ps.49.3
PSA 49:3,COPY_OR_MERGE,Ps.49.4
PSA 49:4,COPY_OR_MERGE,Ps.49.5
PSA 49:5,COPY_OR_MERGE,Ps.49.6
PSA 49:6,COPY_OR_MERGE,Ps.49.7
PSA 49:7,COPY_OR_MERGE,Ps.49.8
PSA 49:8,COPY_OR_MERGE,Ps.49.9
PSA 49:9,COPY_OR_MERGE,Ps.49.10
PSA 49:10,COPY_OR_MERGE,Ps.49.11
PSA 49:11,COPY_OR_MERGE,Ps.49.12
PSA 49:12,COPY_OR_MERGE,Ps.49.13
PSA 49:13,COPY_OR_MERGE,Ps.49.14
PSA 49:14,COPY_OR_MERGE,Ps.49.15
PSA 49:15,COPY_OR_MERGE,Ps.49.16
PSA 49:16,COPY_OR_MERGE,Ps.49.17
PSA 49:17,COPY_OR_MERGE,Ps.49.18
PSA 49:18,COPY_OR_MERGE,Ps.49.19
PSA 49:19,COPY_OR_MERGE,Ps.49.20
PSA 49:20,COPY_OR_MERGE,Ps.49.21
PSA 50:1,COPY_OR_MERGE,Ps.50.1
PSA 50:2,COPY_OR_MERGE,Ps.50.2
PSA 50:3,COPY_OR_MERGE,Ps.50.3
PSA 50:4,COPY_OR_MERGE,Ps.50.4
PSA 50:5,COPY_OR_MERGE,Ps.50.5
PSA 50:6,COPY_OR_MERGE,Ps.50.6
PSA 50:7,COPY_OR_MERGE,Ps.50.7
PSA 50:8,COPY_OR_MERGE,Ps.50.8
PSA 50:9,COPY_OR_MERGE,Ps.50.9
PSA 50:10,COPY_OR_MERGE,Ps.50.10
PSA 50:11,COPY_OR_MERGE,Ps.50.11
PSA 50:12,COPY_OR_MERGE,Ps.50.12
PSA 50:13,COPY_OR_MERGE,Ps.50.13
PSA 50:14,COPY_OR_MERGE,Ps.50.14
PSA 50:15,COPY_OR_MERGE,Ps.50.15
PSA 50:16,COPY_OR_MERGE,Ps.50.16
PSA 50:17,COPY_OR_MERGE,Ps.50.17
PSA 50:18,COPY_OR_MERGE,Ps.50.18
PSA 50:19,COPY_OR_MERGE,Ps.50.19
PSA 50:20,COPY_OR_MERGE,Ps.50.20
PSA 50:21,COPY_OR_MERGE,Ps.50.21
PSA 50:22,COPY_OR_MERGE,Ps.50.22
PSA 50:23,COPY_OR_MERGE,Ps.50.23
PSA 51:1,COPY_OR_MERGE,Ps.51.1; Ps.51.3
PSA 51:2,COPY_OR_MERGE,Ps.51.2; Ps.51.4
PSA 51:3,COPY_OR_MERGE,Ps.51.5
PSA 51:4,COPY_OR_MERGE,Ps.51.6
PSA 51:5,COPY_OR_MERGE,Ps.51.7
PSA 51:6,COPY_OR_MERGE,Ps.51.8
PSA 51:7,COPY_OR_MERGE,Ps.51.9
PSA 51:8,COPY_OR_MERGE,Ps.51.10
PSA 51:9,COPY_OR_MERGE,Ps.51.11
PSA 51:10,COPY_OR_MERGE,Ps.51.12
PSA 51:11,COPY_OR_MERGE,Ps.51.13
PSA 51:12,COPY_OR_MERGE,Ps.51.14
PSA 51:13,COPY_OR_MERGE,Ps.51.15
PSA 51:14,COPY_OR_MERGE,Ps.51.16
PSA 51:15,COPY_OR_MERGE,Ps.51.17
PSA 51:16,COPY_OR_MERGE,Ps.51.18
PSA 51:17,COPY_OR_MERGE,Ps.51.19
PSA 51:18,COPY_OR_MERGE,Ps.51.20
PSA 51:19,COPY_OR_MERGE,Ps.51.21
PSA 52:1,COPY_OR_MERGE,Ps.52.1; Ps.52.3
PSA 52:2,COPY_OR_MERGE,Ps.52.2; Ps.52.4
PSA 52:3,COPY_OR_MERGE,Ps.52.5
PSA 52:4,COPY_OR_MERGE,Ps.52.6
PSA 52:5,COPY_OR_MERGE,Ps.52.7
PSA 52:6,COPY_OR_MERGE,Ps.52.8
PSA 52:7,COPY_OR_MERGE,Ps.52.9
PSA 52:8,COPY_OR_MERGE,Ps.52.10
PSA 52:9,COPY_OR_MERGE,Ps.52.11
PSA 53:1,COPY_OR_MERGE,Ps.53.1; Ps.53.2
PSA 53:2,COPY_OR_MERGE,Ps.53.3
PSA 53:3,COPY_OR_MERGE,Ps.53.4
PSA 53:4,COPY_OR_MERGE,Ps.53.5
PSA 53:5,COPY_OR_MERGE,Ps.53.6
PSA 53:6,COPY_OR_MERGE,Ps.53.7
PSA 54:1,COPY_OR_MERGE,Ps.54.1; Ps.54.3
PSA 54:2,COPY_OR_MERGE,Ps.54.2; Ps.54.4
PSA 54:3,COPY_OR_MERGE,Ps.54.5
PSA 54:4,COPY_OR_MERGE,Ps.54.6
PSA 54:5,COPY_OR_MERGE,Ps.54.7
PSA 54:6,COPY_OR_MERGE,Ps.54.8
PSA 54:7,COPY_OR_MERGE,Ps.54.9
PSA 55:1,COPY_OR_MERGE,Ps.55.1; Ps.55.2
PSA 55:2,COPY_OR_MERGE,Ps.55.3
PSA 55:3,COPY_OR_MERGE,Ps.55.4
PSA 55:4,COPY_OR_MERGE,Ps.55.5
PSA 55:5,COPY_OR_MERGE,Ps.55.6
PSA 55:6,COPY_OR_MERGE,Ps.55.7
PSA 55:7,COPY_OR_MERGE,Ps.55.8
PSA 55:8,COPY_OR_MERGE,Ps.55.9
PSA 55:9,COPY_OR_MERGE,Ps.55.10
PSA 55:10,COPY_OR_MERGE,Ps.55.11
PSA 55:11,COPY_OR_MERGE,Ps.55.12
PSA 55:12,COPY_OR_MERGE,Ps.55.13
PSA 55:13,COPY_OR_MERGE,Ps.55.14
PSA 55:14,COPY_OR_MERGE,Ps.55.15
PSA 55:15,COPY_OR_MERGE,Ps.55.16
PSA 55:16,COPY_OR_MERGE,Ps.55.17
PSA 55:17,COPY_OR_MERGE,Ps.55.18
PSA 55:18,COPY_OR_MERGE,Ps.55.19
PSA 55:19,COPY_OR_MERGE,Ps.55.20
PSA 55:20,COPY_OR_MERGE,Ps.55.21
PSA 55:21,COPY_OR_MERGE,Ps.55.22
PSA 55:22,COPY_OR_MERGE,Ps.55.23
PSA 55:23,COPY_OR_MERGE,Ps.55.24
PSA 56:1,COPY_OR_MERGE,Ps.56.1; Ps.56.2
PSA 56:2,COPY_OR_MERGE,Ps.56.3
PSA 56:3,COPY_OR_MERGE,Ps.56.4
PSA 56:4,COPY_OR_MERGE,Ps.56.5
PSA 56:5,COPY_OR_MERGE,Ps.56.6
PSA 56:6,COPY_OR_MERGE,Ps.56.7
PSA 56:7,COPY_OR_MERGE,Ps.56.8
PSA 56:8,COPY_OR_MERGE,Ps.56.9
PSA 56:9,COPY_OR_MERGE,Ps.56.10
PSA 56:10,COPY_OR_MERGE,Ps.56.11
PSA 56:11,COPY_OR_MERGE,Ps.56.12
PSA 56:12,COPY_OR_MERGE,Ps.56.13
PSA 56:13,COPY_OR_MERGE,Ps.56.14
PSA 57:1,COPY_OR_MERGE,Ps.57.1; Ps.57.2
PSA 57:2,COPY_OR_MERGE,Ps.57.3
PSA 57:3,COPY_OR_MERGE,Ps.57.4
PSA 57:4,COPY_OR_MERGE,Ps.57.5
PSA 57:5,COPY_OR_MERGE,Ps.57.6
PSA 57:6,COPY_OR_MERGE,Ps.57.7
PSA 57:7,COPY_OR_MERGE,Ps.57.8
PSA 57:8,COPY_OR_MERGE,Ps.57.9
PSA 57:9,COPY_OR_MERGE,Ps.57.10
PSA 57:10,COPY_OR_MERGE,Ps.57.11
PSA 57:11,COPY_OR_MERGE,Ps.57.12
PSA 58:1,COPY_OR_MERGE,Ps.58.1; Ps.58.2
PSA 58:2,COPY_OR_MERGE,Ps.58.3
PSA 58:3,COPY_OR_MERGE,Ps.58.4
PSA 58:4,COPY_OR_MERGE,Ps.58.5
PSA 58:5,COPY_OR_MERGE,Ps.58.6
PSA 58:6,COPY_OR_MERGE,Ps.58.7
PSA 58:7,COPY_OR_MERGE,Ps.58.8
PSA 58:8,COPY_OR_MERGE,Ps.58.9
PSA 58:9,COPY_OR_MERGE,Ps.58.10
PSA 58:10,COPY_OR_MERGE,Ps.58.11
PSA 58:11,COPY_OR_MERGE,Ps.58.12
PSA 59:1,COPY_OR_MERGE,Ps.59.1; Ps.59.2
PSA 59:2,COPY_OR_MERGE,Ps.59.3
PSA 59:3,COPY_OR_MERGE,Ps.59.4
PSA 59:4,COPY_OR_MERGE,Ps.59.5
PSA 59:5,COPY_OR_MERGE,Ps.59.6
PSA 59:6,COPY_OR_MERGE,Ps.59.7
PSA 59:7,COPY_OR_MERGE,Ps.59.8
PSA 59:8,COPY_OR_MERGE,Ps.59.9
PSA 59:9,COPY_OR_MERGE,Ps.59.10
PSA 59:10,COPY_OR_MERGE,Ps.59.11
PSA 59:11,COPY_OR_MERGE,Ps.59.12
PSA 59:12,COPY_OR_MERGE,Ps.59.13
PSA 59:13,COPY_OR_MERGE,Ps.59.14
PSA 59:14,COPY_OR_MERGE,Ps.59.15
PSA 59:15,COPY_OR_MERGE,Ps.59.16
PSA 59:16,COPY_OR_MERGE,Ps.59.17
PSA 59:17,COPY_OR_MERGE,Ps.59.18
PSA 60:1,COPY_OR_MERGE,Ps.60.1; Ps.60.3
PSA 60:2,COPY_OR_MERGE,Ps.60.2; Ps.60.4
PSA 60:3,COPY_OR_MERGE,Ps.60.5
PSA 60:4,COPY_OR_MERGE,Ps.60.6
PSA 60:5,COPY_OR_MERGE,Ps.60.7
PSA 60:6,COPY_OR_MERGE,Ps.60.8
PSA 60:7,COPY_OR_MERGE,Ps.60.9
PSA 60:8,COPY_OR_MERGE,Ps.60.10
PSA 60:9,COPY_OR_MERGE,Ps.60.11
PSA 60:10,COPY_OR_MERGE,Ps.60.12
PSA 60:11,COPY_OR_MERGE,Ps.60.13
PSA 60:12,COPY_OR_MERGE,Ps.60.14
PSA 61:1,COPY_OR_MERGE,Ps.61.1; Ps.61.2
PSA 61:2,COPY_OR_MERGE,Ps.61.3
PSA 61:3,COPY_OR_MERGE,Ps.61.4
PSA 61:4,COPY_OR_MERGE,Ps.61.5
PSA 61:5,COPY_OR_MERGE,Ps.61.6
PSA 61:6,COPY_OR_MERGE,Ps.61.7
PSA 61:7,COPY_OR_MERGE,Ps.61.8
PSA 61:8,COPY_OR_MERGE,Ps.61.9
PSA 62:1,COPY_OR_MERGE,Ps.62.1; Ps.62.2
PSA 62:2,COPY_OR_MERGE,Ps.62.3
PSA 62:3,COPY_OR_MERGE,Ps.62.4
PSA 62:4,COPY_OR_MERGE,Ps.62.5
PSA 62:5,COPY_OR_MERGE,Ps.62.6
PSA 62:6,COPY_OR_MERGE,Ps.62.7
PSA 62:7,COPY_OR_MERGE,Ps.62.8
PSA 62:8,COPY_OR_MERGE,Ps.62.9
PSA 62:9,COPY_OR_MERGE,Ps.62.10
PSA 62:10,COPY_OR_MERGE,Ps.62.11
PSA 62:11,COPY_OR_MERGE,Ps.62.12
PSA 62:12,COPY_OR_MERGE,Ps.62.13
PSA 63:1,COPY_OR_MERGE,Ps.63.1; Ps.63.2
PSA 63:2,COPY_OR_MERGE,Ps.63.3
PSA 63:3,COPY_OR_MERGE,Ps.63.4
PSA 63:4,COPY_OR_MERGE,Ps.63.5
PSA 63:5,COPY_OR_MERGE,Ps.63.6
PSA 63:6,COPY_OR_MERGE,Ps.63.7
PSA 63:7,COPY_OR_MERGE,Ps.63.8
PSA 63:8,COPY_OR_MERGE,Ps.63.9
PSA 63:9,COPY_OR_MERGE,Ps.63.10
PSA 63:10,COPY_OR_MERGE,Ps.63.11
PSA 63:11,COPY_OR_MERGE,Ps.63.12
PSA 64:1,COPY_OR_MERGE,Ps.64.1; Ps.64.2
PSA 64:2,COPY_OR_MERGE,Ps.64.3
PSA 64:3,COPY_OR_MERGE,Ps.64.4
PSA 64:4,COPY_OR_MERGE,Ps.64.5
PSA 64:5,COPY_OR_MERGE,Ps.64.6
PSA 64:6,COPY_OR_MERGE,Ps.64.7
PSA 64:7,COPY_OR_MERGE,Ps.64.8
PSA 64:8,COPY_OR_MERGE,Ps.64.9
PSA 64:9,COPY_OR_MERGE,Ps.64.10
PSA 64:10,COPY_OR_MERGE,Ps.64.11
PSA 65:1,COPY_OR_MERGE,Ps.65.1; Ps.65.2
PSA 65:2,COPY_OR_MERGE,Ps.65.3
PSA 65:3,COPY_OR_MERGE,Ps.65.4
PSA 65:4,COPY_OR_MERGE,Ps.65.5
PSA 65:5,COPY_OR_MERGE,Ps.65.6
PSA 65:6,COPY_OR_MERGE,Ps.65.7
PSA 65:7,COPY_OR_MERGE,Ps.65.8
PSA 65:8,COPY_OR_MERGE,Ps.65.9
PSA 65:9,COPY_OR_MERGE,Ps.65.10
PSA 65:10,COPY_OR_MERGE,Ps.65.11
PSA 65:11,COPY_OR_MERGE,Ps.65.12
PSA 65:12,COPY_OR_MERGE,Ps.65.13
PSA 65:13,COPY_OR_MERGE,Ps.65.14
PSA 66:1,COPY_OR_MERGE,Ps.66.1
PSA 66:2,COPY_OR_MERGE,Ps.66.2
PSA 66:3,COPY_OR_MERGE,Ps.66.3
PSA 66:4,COPY_OR_MERGE,Ps.66.4
PSA 66:5,COPY_OR_MERGE,Ps.66.5
PSA 66:6,COPY_OR_MERGE,Ps.66.6
PSA 66:7,COPY_OR_MERGE,Ps.66.7
PSA 66:8,COPY_OR_MERGE,Ps.66.8
PSA 66:9,COPY_OR_MERGE,Ps.66.9
PSA 66:10,COPY_OR_MERGE,Ps.66.10
PSA 66:11,COPY_OR_MERGE,Ps.66.11
PSA 66:12,COPY_OR_MERGE,Ps.66.12
PSA 66:13,COPY_OR_MERGE,Ps.66.13
PSA 66:14,COPY_OR_MERGE,Ps.66.14
PSA 66:15,COPY_OR_MERGE,Ps.66.15
PSA 66:16,COPY_OR_MERGE,Ps.66.16
PSA 66:17,COPY_OR_MERGE,Ps.66.17
PSA 66:18,COPY_OR_MERGE,Ps.66.18
PSA 66:19,COPY_OR_MERGE,Ps.66.19
PSA 66:20,COPY_OR_MERGE,Ps.66.20
PSA 67:1,COPY_OR_MERGE,Ps.67.1; Ps.67.2
PSA 67:2,COPY_OR_MERGE,Ps.67.3
PSA 67:3,COPY_OR_MERGE,Ps.67.4
PSA 67:4,COPY_OR_MERGE,Ps.67.5
PSA 67:5,COPY_OR_MERGE,Ps.67.6
PSA 67:6,COPY_OR_MERGE,Ps.67.7
PSA 67:7,COPY_OR_MERGE,Ps.67.8
PSA 68:1,COPY_OR_MERGE,Ps.68.1; Ps.68.2
PSA 68:2,COPY_OR_MERGE,Ps.68.3
PSA 68:3,COPY_OR_MERGE,Ps.68.4
PSA 68:4,COPY_OR_MERGE,Ps.68.5
PSA 68:5,COPY_OR_MERGE,Ps.68.6
PSA 68:6,COPY_OR_MERGE,Ps.68.7
PSA 68:7,COPY_OR_MERGE,Ps.68.8
PSA 68:8,COPY_OR_MERGE,Ps.68.9
PSA 68:9,COPY_OR_MERGE,Ps.68.10
PSA 68:10,COPY_OR_MERGE,Ps.68.11
PSA 68:11,COPY_OR_MERGE,Ps.68.12
PSA 68:12,COPY_OR_MERGE,Ps.68.13
PSA 68:13,COPY_OR_MERGE,Ps.68.14
PSA 68:14,COPY_OR_MERGE,Ps.68.15
PSA 68:15,COPY_OR_MERGE,Ps.68.16
PSA 68:16,COPY_OR_MERGE,Ps.68.17
PSA 68:17,COPY_OR_MERGE,Ps.68.18
PSA 68:18,COPY_OR_MERGE,Ps.68.19
PSA 68:19,COPY_OR_MERGE,Ps.68.20
PSA 68:20,COPY_OR_MERGE,Ps.68.21
PSA 68:21,COPY_OR_MERGE,Ps.68.22
PSA 68:22,COPY_OR_MERGE,Ps.68.23
PSA 68:23,COPY_OR_MERGE,Ps.68.24
PSA 68:24,COPY_OR_MERGE,Ps.68.25
PSA 68:25,COPY_OR_MERGE,Ps.68.26
PSA 68:26,COPY_OR_MERGE,Ps.68.27
PSA 68:27,COPY_OR_MERGE,Ps.68.28
PSA 68:28,COPY_OR_MERGE,Ps.68.29
PSA 68:29,COPY_OR_MERGE,Ps.68.30
PSA 68:30,COPY_OR_MERGE,Ps.68.31
PSA 68:31,COPY_OR_MERGE,Ps.68.32
PSA 68:32,COPY_OR_MERGE,Ps.68.33
PSA 68:33,COPY_OR_MERGE,Ps.68.34
PSA 68:34,COPY_OR_MERGE,Ps.68.35
PSA 68:35,COPY_OR_MERGE,Ps.68.36
PSA 69:1,COPY_OR_MERGE,Ps.69.1; Ps.69.2
PSA 69:2,COPY_OR_MERGE,Ps.69.3
PSA 69:3,COPY_OR_MERGE,Ps.69.4
PSA 69:4,COPY_OR_MERGE,Ps.69.5
PSA 69:5,COPY_OR_MERGE,Ps.69.6
PSA 69:6,COPY_OR_MERGE,Ps.69.7
PSA 69:7,COPY_OR_MERGE,Ps.69.8
PSA 69:8,COPY_OR_MERGE,Ps.69.9
PSA 69:9,COPY_OR_MERGE,Ps.69.10
PSA 69:10,COPY_OR_MERGE,Ps.69.11
PSA 69:11,COPY_OR_MERGE,Ps.69.12
PSA 69:12,COPY_OR_MERGE,Ps.69.13
PSA 69:13,COPY_OR_MERGE,Ps.69.14
PSA 69:14,COPY_OR_MERGE,Ps.69.15
PSA 69:15,COPY_OR_MERGE,Ps.69.16
PSA 69:16,COPY_OR_MERGE,Ps.69.17
PSA 69:17,COPY_OR_MERGE,Ps.69.18
PSA 69:18,COPY_OR_MERGE,Ps.69.19
PSA 69:19,COPY_OR_MERGE,Ps.69.20
PSA 69:20,COPY_OR_MERGE,Ps.69.21
PSA 69:21,COPY_OR_MERGE,Ps.69.22
PSA 69:22,COPY_OR_MERGE,Ps.69.23
PSA 69:23,COPY_OR_MERGE,Ps.69.24
PSA 69:24,COPY_OR_MERGE,Ps.69.25
PSA 69:25,COPY_OR_MERGE,Ps.69.26
PSA 69:26,COPY_OR_MERGE,Ps.69.27
PSA 69:27,COPY_OR_MERGE,Ps.69.28
PSA 69:28,COPY_OR_MERGE,Ps.69.29
PSA 69:29,COPY_OR_MERGE,Ps.69.30
PSA 69:30,COPY_OR_MERGE,Ps.69.31
PSA 69:31,COPY_OR_MERGE,Ps.69.32
PSA 69:32,COPY_OR_MERGE,Ps.69.33
PSA 69:33,COPY_OR_MERGE,Ps.69.34
PSA 69:34,COPY_OR_MERGE,Ps.69.35
PSA 69:35,COPY_OR_MERGE,Ps.69.36
PSA 69:36,COPY_OR_MERGE,Ps.69.37
PSA 70:1,COPY_OR_MERGE,Ps.70.1; Ps.70.2
PSA 70:2,COPY_OR_MERGE,Ps.70.3
PSA 70:3,COPY_OR_MERGE,Ps.70.4
PSA 70:4,COPY_OR_MERGE,Ps.70.5
PSA 70:5,COPY_OR_MERGE,Ps.70.6
PSA 71:1,COPY_OR_MERGE,Ps.71.1
PSA 71:2,COPY_OR_MERGE,Ps.71.2
PSA 71:3,COPY_OR_MERGE,Ps.71.3
PSA 71:4,COPY_OR_MERGE,Ps.71.4
PSA 71:5,COPY_OR_MERGE,Ps.71.5
PSA 71:6,COPY_OR_MERGE,Ps.71.6
PSA 71:7,COPY_OR_MERGE,Ps.71.7
PSA 71:8,COPY_OR_MERGE,Ps.71.8
PSA 71:9,COPY_OR_MERGE,Ps.71.9
PSA 71:10,COPY_OR_MERGE,Ps.71.10
PSA 71:11,COPY_OR_MERGE,Ps.71.11
PSA 71:12,COPY_OR_MERGE,Ps.71.12
PSA 71:13,COPY_OR_MERGE,Ps.71.13
PSA 71:14,COPY_OR_MERGE,Ps.71.14
PSA 71:15,COPY_OR_MERGE,Ps.71.15
PSA 71:16,COPY_OR_MERGE,Ps.71.16
PSA 71:17,COPY_OR_MERGE,Ps.71.17
PSA 71:18,COPY_OR_MERGE,Ps.71.18
PSA 71:19,COPY_OR_MERGE,Ps.71.19
PSA 71:20,COPY_OR_MERGE,Ps.71.20
PSA 71:21,COPY_OR_MERGE,Ps.71.21
PSA 71:22,COPY_OR_MERGE,Ps.71.22
PSA 71:23,COPY_OR_MERGE,Ps.71.23
PSA 71:24,COPY_OR_MERGE,Ps.71.24
PSA 72:1,COPY_OR_MERGE,Ps.72.1
PSA 72:2,COPY_OR_MERGE,Ps.72.2
PSA 72:3,COPY_OR_MERGE,Ps.72.3
PSA 72:4,COPY_OR_MERGE,Ps.72.4
PSA 72:5,COPY_OR_MERGE,Ps.72.5
PSA 72:6,COPY_OR_MERGE,Ps.72.6
PSA 72:7,COPY_OR_MERGE,Ps.72.7
PSA 72:8,COPY_OR_MERGE,Ps.72.8
PSA 72:9,COPY_OR_MERGE,Ps.72.9
PSA 72:10,COPY_OR_MERGE,Ps.72.10
PSA 72:11,COPY_OR_MERGE,Ps.72.11
PSA 72:12,COPY_OR_MERGE,Ps.72.12
PSA 72:13,COPY_OR_MERGE,Ps.72.13
PSA 72:14,COPY_OR_MERGE,Ps.72.14
PSA 72:15,COPY_OR_MERGE,Ps.72.15
PSA 72:16,COPY_OR_MERGE,Ps.72.16
PSA 72:17,COPY_OR_MERGE,Ps.72.17
PSA 72:18,COPY_OR_MERGE,Ps.72.18
PSA 72:19,COPY_OR_MERGE,Ps.72.19
PSA 72:20,COPY_OR_MERGE,Ps.72.20
PSA 73:1,COPY_OR_MERGE,Ps.73.1
PSA 73:2,COPY_OR_MERGE,Ps.73.2
PSA 73:3,COPY_OR_MERGE,Ps.73.3
PSA 73:4,COPY_OR_MERGE,Ps.73.4
PSA 73:5,COPY_OR_MERGE,Ps.73.5
PSA 73:6,COPY_OR_MERGE,Ps.73.6
PSA 73:7,COPY_OR_MERGE,Ps.73.7
PSA 73:8,COPY_OR_MERGE,Ps.73.8
PSA 73:9,COPY_OR_MERGE,Ps.73.9
PSA 73:10,COPY_OR_MERGE,Ps.73.10
PSA 73:11,COPY_OR_MERGE,Ps.73.11
PSA 73:12,COPY_OR_MERGE,Ps.73.12
PSA 73:13,COPY_OR_MERGE,Ps.73.13
PSA 73:14,COPY_OR_MERGE,Ps.73.14
PSA 73:15,COPY_OR_MERGE,Ps.73.15
PSA 73:16,COPY_OR_MERGE,Ps.73.16
PSA 73:17,COPY_OR_MERGE,Ps.73.17
PSA 73:18,COPY_OR_MERGE,Ps.73.18
PSA 73:19,COPY_OR_MERGE,Ps.73.19
PSA 73:20,COPY_OR_MERGE,Ps.73.20
PSA 73:21,COPY_OR_MERGE,Ps.73.21
PSA 73:22,COPY_OR_MERGE,Ps.73.22
PSA 73:23,COPY_OR_MERGE,Ps.73.23
PSA 73:24,COPY_OR_MERGE,Ps.73.24
PSA 73:25,COPY_OR_MERGE,Ps.73.25
PSA 73:26,COPY_OR_MERGE,Ps.73.26
PSA 73:27,COPY_OR_MERGE,Ps.73.27
PSA 73:28,COPY_OR_MERGE,Ps.73.28
PSA 74:1,COPY_OR_MERGE,Ps.74.1
PSA 74:2,COPY_OR_MERGE,Ps.74.2
PSA 74:3,COPY_OR_MERGE,Ps.74.3
PSA 74:4,COPY_OR_MERGE,Ps.74.4
PSA 74:5,COPY_OR_MERGE,Ps.74.5
PSA 74:6,COPY_OR_MERGE,Ps.74.6
PSA 74:7,COPY_OR_MERGE,Ps.74.7
PSA 74:8,COPY_OR_MERGE,Ps.74.8
PSA 74:9,COPY_OR_MERGE,Ps.74.9
PSA 74:10,COPY_OR_MERGE,Ps.74.10
PSA 74:11,COPY_OR_MERGE,Ps.74.11
PSA 74:12,COPY_OR_MERGE,Ps.74.12
PSA 74:13,COPY_OR_MERGE,Ps.74.13
PSA 74:14,COPY_OR_MERGE,Ps.74.14
PSA 74:15,COPY_OR_MERGE,Ps.74.15
PSA 74:16,COPY_OR_MERGE,Ps.74.16
PSA 74:17,COPY_OR_MERGE,Ps.74.17
PSA 74:18,COPY_OR_MERGE,Ps.74.18
PSA 74:19,COPY_OR_MERGE,Ps.74.19
PSA 74:20,COPY_OR_MERGE,Ps.74.20
PSA 74:21,COPY_OR_MERGE,Ps.74.21
PSA 74:22,COPY_OR_MERGE,Ps.74.22
PSA 74:23,COPY_OR_MERGE,Ps.74.23
PSA 75:1,COPY_OR_MERGE,Ps.75.1; Ps.75.2
PSA 75:2,COPY_OR_MERGE,Ps.75.3
PSA 75:3,COPY_OR_MERGE,Ps.75.4
PSA 75:4,COPY_OR_MERGE,Ps.75.5
PSA 75:5,COPY_OR_MERGE,Ps.75.6
PSA 75:6,COPY_OR_MERGE,Ps.75.7
PSA 75:7,COPY_OR_MERGE,Ps.75.8
PSA 75:8,COPY_OR_MERGE,Ps.75.9
PSA 75:9,COPY_OR_MERGE,Ps.75.10
PSA 75:10,COPY_OR_MERGE,Ps.75.11
PSA 76:1,COPY_OR_MERGE,Ps.76.1; Ps.76.2
PSA 76:2,COPY_OR_MERGE,Ps.76.3
PSA 76:3,COPY_OR_MERGE,Ps.76.4
PSA 76:4,COPY_OR_MERGE,Ps.76.5
PSA 76:5,COPY_OR_MERGE,Ps.76.6
PSA 76:6,COPY_OR_MERGE,Ps.76.7
PSA 76:7,COPY_OR_MERGE,Ps.76.8
PSA 76:8,COPY_OR_MERGE,Ps.76.9
PSA 76:9,COPY_OR_MERGE,Ps.76.10
PSA 76:10,COPY_OR_MERGE,Ps.76.11
PSA 76:11,COPY_OR_MERGE,Ps.76.12
PSA 76:12,COPY_OR_MERGE,Ps.76.13
PSA 77:1,COPY_OR_MERGE,Ps.77.1; Ps.77.2
PSA 77:2,COPY_OR_MERGE,Ps.77.3
PSA 77:3,COPY_OR_MERGE,Ps.77.4
PSA 77:4,COPY_OR_MERGE,Ps.77.5
PSA 77:5,COPY_OR_MERGE,Ps.77.6
PSA 77:6,COPY_OR_MERGE,Ps.77.7
PSA 77:7,COPY_OR_MERGE,Ps.77.8
PSA 77:8,COPY_OR_MERGE,Ps.77.9
PSA 77:9,COPY_OR_MERGE,Ps.77.10
PSA 77:10,COPY_OR_MERGE,Ps.77.11
PSA 77:11,COPY_OR_MERGE,Ps.77.12
PSA 77:12,COPY_OR_MERGE,Ps.77.13
PSA 77:13,COPY_OR_MERGE,Ps.77.14
PSA 77:14,COPY_OR_MERGE,Ps.77.15
PSA 77:15,COPY_OR_MERGE,Ps.77.16
PSA 77:16,COPY_OR_MERGE,Ps.77.17
PSA 77:17,COPY_OR_MERGE,Ps.77.18
PSA 77:18,COPY_OR_MERGE,Ps.77.19
PSA 77:19,COPY_OR_MERGE,Ps.77.20
PSA 77:20,COPY_OR_MERGE,Ps.77.21
PSA 78:1,COPY_OR_MERGE,Ps.78.1
PSA 78:2,COPY_OR_MERGE,Ps.78.2
PSA 78:3,COPY_OR_MERGE,Ps.78.3
PSA 78:4,COPY_OR_MERGE,Ps.78.4
PSA 78:5,COPY_OR_MERGE,Ps.78.5
PSA 78:6,COPY_OR_MERGE,Ps.78.6
PSA 78:7,COPY_OR_MERGE,Ps.78.7
PSA 78:8,COPY_OR_MERGE,Ps.78.8
PSA 78:9,COPY_OR_MERGE,Ps.78.9
PSA 78:10,COPY_OR_MERGE,Ps.78.10
PSA 78:11,COPY_OR_MERGE,Ps.78.11
PSA 78:12,COPY_OR_MERGE,Ps.78.12
PSA 78:13,COPY_OR_MERGE,Ps.78.13
PSA 78:14,COPY_OR_MERGE,Ps.78.14
PSA 78:15,COPY_OR_MERGE,Ps.78.15
PSA 78:16,COPY_OR_MERGE,Ps.78.16
PSA 78:17,COPY_OR_MERGE,Ps.78.17
PSA 78:18,COPY_OR_MERGE,Ps.78.18
PSA 78:19,COPY_OR_MERGE,Ps.78.19
PSA 78:20,COPY_OR_MERGE,Ps.78.20
PSA 78:21,COPY_OR_MERGE,Ps.78.21
PSA 78:22,COPY_OR_MERGE,Ps.78.22
PSA 78:23,COPY_OR_MERGE,Ps.78.23
PSA 78:24,COPY_OR_MERGE,Ps.78.24
PSA 78:25,COPY_OR_MERGE,Ps.78.25
PSA 78:26,COPY_OR_MERGE,Ps.78.26
PSA 78:27,COPY_OR_MERGE,Ps.78.27
PSA 78:28,COPY_OR_MERGE,Ps.78.28
PSA 78:29,COPY_OR_MERGE,Ps.78.29
PSA 78:30,COPY_OR_MERGE,Ps.78.30
PSA 78:31,COPY_OR_MERGE,Ps.78.31
PSA 78:32,COPY_OR_MERGE,Ps.78.32
PSA 78:33,COPY_OR_MERGE,Ps.78.33
PSA 78:34,COPY_OR_MERGE,Ps.78.34
PSA 78:35,COPY_OR_MERGE,Ps.78.35
PSA 78:36,COPY_OR_MERGE,Ps.78.36
PSA 78:37,COPY_OR_MERGE,Ps.78.37
PSA 78:38,COPY_OR_MERGE,Ps.78.38
PSA 78:39,COPY_OR_MERGE,Ps.78.39
PSA 78:40,COPY_OR_MERGE,Ps.78.40
PSA 78:41,COPY_OR_MERGE,Ps.78.41
PSA 78:42,COPY_OR_MERGE,Ps.78.42
PSA 78:43,COPY_OR_MERGE,Ps.78.43
PSA 78:44,COPY_OR_MERGE,Ps.78.44
PSA 78:45,COPY_OR_MERGE,Ps.78.45
PSA 78:46,COPY_OR_MERGE,Ps.78.46
PSA 78:47,COPY_OR_MERGE,Ps.78.47
PSA 78:48,COPY_OR_MERGE,Ps.78.48
PSA 78:49,COPY_OR_MERGE,Ps.78.49
PSA 78:50,COPY_OR_MERGE,Ps.78.50
PSA 78:51,COPY_OR_MERGE,Ps.78.51
PSA 78:52,COPY_OR_MERGE,Ps.78.52
PSA 78:53,COPY_OR_MERGE,Ps.78.53
PSA 78:54,COPY_OR_MERGE,Ps.78.54
PSA 78:55,COPY_OR_MERGE,Ps.78.55
PSA 78:56,COPY_OR_MERGE,Ps.78.56
PSA 78:57,COPY_OR_MERGE,Ps.78.57
PSA 78:58,COPY_OR_MERGE,Ps.78.58
PSA 78:59,COPY_OR_MERGE,Ps.78.59
PSA 78:60,COPY_OR_MERGE,Ps.78.60
PSA 78:61,COPY_OR_MERGE,Ps.78.61
PSA 78:62,COPY_OR_MERGE,Ps.78.62
PSA 78:63,COPY_OR_MERGE,Ps.78.63
PSA 78:64,COPY_OR_MERGE,Ps.78.64
PSA 78:65,COPY_OR_MERGE,Ps.78.65
PSA 78:66,COPY_OR_MERGE,Ps.78.66
PSA 78:67,COPY_OR_MERGE,Ps.78.67
PSA 78:68,COPY_OR_MERGE,Ps.78.68
PSA 78:69,COPY_OR_MERGE,Ps.78.69
PSA 78:70,COPY_OR_MERGE,Ps.78.70
PSA 78:71,COPY_OR_MERGE,Ps.78.71
PSA 78:72,COPY_OR_MERGE,Ps.78.72
PSA 79:1,COPY_OR_MERGE,Ps.79.1
PSA 79:2,COPY_OR_MERGE,Ps.79.2
PSA 79:3,COPY_OR_MERGE,Ps.79.3
PSA 79:4,COPY_OR_MERGE,Ps.79.4
PSA 79:5,COPY_OR_MERGE,Ps.79.5
PSA 79:6,COPY_OR_MERGE,Ps.79.6
PSA 79:7,COPY_OR_MERGE,Ps.79.7
PSA 79:8,COPY_OR_MERGE,Ps.79.8
PSA 79:9,COPY_OR_MERGE,Ps.79.9
PSA 79:10,COPY_OR_MERGE,Ps.79.10
PSA 79:11,COPY_OR_MERGE,Ps.79.11
PSA 79:12,COPY_OR_MERGE,Ps.79.12
PSA 79:13,COPY_OR_MERGE,Ps.79.13
PSA 80:1,COPY_OR_MERGE,Ps.80.1; Ps.80.2
PSA 80:2,COPY_OR_MERGE,Ps.80.3
PSA 80:3,COPY_OR_MERGE,Ps.80.4
PSA 80:4,COPY_OR_MERGE,Ps.80.5
PSA 80:5,COPY_OR_MERGE,Ps.80.6
PSA 80:6,COPY_OR_MERGE,Ps.80.7
PSA 80:7,COPY_OR_MERGE,Ps.80.8
PSA 80:8,COPY_OR_MERGE,Ps.80.9
PSA 80:9,COPY_OR_MERGE,Ps.80.10
PSA 80:10,COPY_OR_MERGE,Ps.80.11
PSA 80:11,COPY_OR_MERGE,Ps.80.12
PSA 80:12,COPY_OR_MERGE,Ps.80.13
PSA 80:13,COPY_OR_MERGE,Ps.80.14
PSA 80:14,COPY_OR_MERGE,Ps.80.15
PSA 80:15,COPY_OR_MERGE,Ps.80.16
PSA 80:16,COPY_OR_MERGE,Ps.80.17
PSA 80:17,COPY_OR_MERGE,Ps.80.18
PSA 80:18,COPY_OR_MERGE,Ps.80.19
PSA 80:19,COPY_OR_MERGE,Ps.80.20
PSA 81:1,COPY_OR_MERGE,Ps.81.1; Ps.81.2
PSA 81:2,COPY_OR_MERGE,Ps.81.3
PSA 81:3,COPY_OR_MERGE,Ps.81.4
PSA 81:4,COPY_OR_MERGE,Ps.81.5
PSA 81:5,COPY_OR_MERGE,Ps.81.6
PSA 81:6,COPY_OR_MERGE,Ps.81.7
PSA 81:7,COPY_OR_MERGE,Ps.81.8
PSA 81:8,COPY_OR_MERGE,Ps.81.9
PSA 81:9,COPY_OR_MERGE,Ps.81.10
PSA 81:10,COPY_OR_MERGE,Ps.81.11
PSA 81:11,COPY_OR_MERGE,Ps.81.12
PSA 81:12,COPY_OR_MERGE,Ps.81.13
PSA 81:13,COPY_OR_MERGE,Ps.81.14
PSA 81:14,COPY_OR_MERGE,Ps.81.15
PSA 81:15,COPY_OR_MERGE,Ps.81.16
PSA 81:16,COPY_OR_MERGE,Ps.81.17
PSA 82:1,COPY_OR_MERGE,Ps.82.1
PSA 82:2,COPY_OR_MERGE,Ps.82.2
PSA 82:3,COPY_OR_MERGE,Ps.82.3
PSA 82:4,COPY_OR_MERGE,Ps.82.4
PSA 82:5,COPY_OR_MERGE,Ps.82.5
PSA 82:6,COPY_OR_MERGE,Ps.82.6
PSA 82:7,COPY_OR_MERGE,Ps.82.7
PSA 82:8,COPY_OR_MERGE,Ps.82.8
PSA 83:1,COPY_OR_MERGE,Ps.83.1; Ps.83.2
PSA 83:2,COPY_OR_MERGE,Ps.83.3
PSA 83:3,COPY_OR_MERGE,Ps.83.4
PSA 83:4,COPY_OR_MERGE,Ps.83.5
PSA 83:5,COPY_OR_MERGE,Ps.83.6
PSA 83:6,COPY_OR_MERGE,Ps.83.7
PSA 83:7,COPY_OR_MERGE,Ps.83.8
PSA 83:8,COPY_OR_MERGE,Ps.83.9
PSA 83:9,COPY_OR_MERGE,Ps.83.10
PSA 83:10,COPY_OR_MERGE,Ps.83.11
PSA 83:11,COPY_OR_MERGE,Ps.83.12
PSA 83:12,COPY_OR_MERGE,Ps.83.13
PSA 83:13,COPY_OR_MERGE,Ps.83.14
PSA 83:14,COPY_OR_MERGE,Ps.83.15
PSA 83:15,COPY_OR_MERGE,Ps.83.16
PSA 83:16,COPY_OR_MERGE,Ps.83.17
PSA 83:17,COPY_OR_MERGE,Ps.83.18
PSA 83:18,COPY_OR_MERGE,Ps.83.19
PSA 84:1,COPY_OR_MERGE,Ps.84.1; Ps.84.2
PSA 84:2,COPY_OR_MERGE,Ps.84.3
PSA 84:3,COPY_OR_MERGE,Ps.84.4
PSA 84:4,COPY_OR_MERGE,Ps.84.5
PSA 84:5,COPY_OR_MERGE,Ps.84.6
PSA 84:6,COPY_OR_MERGE,Ps.84.7
PSA 84:7,COPY_OR_MERGE,Ps.84.8
PSA 84:8,COPY_OR_MERGE,Ps.84.9
PSA 84:9,COPY_OR_MERGE,Ps.84.10
PSA 84:10,COPY_OR_MERGE,Ps.84.11
PSA 84:11,COPY_OR_MERGE,Ps.84.12
PSA 84:12,COPY_OR_MERGE,Ps.84.13
PSA 85:1,COPY_OR_MERGE,Ps.85.1; Ps.85.2
PSA 85:2,COPY_OR_MERGE,Ps.85.3
PSA 85:3,COPY_OR_MERGE,Ps.85.4
PSA 85:4,COPY_OR_MERGE,Ps.85.5
PSA 85:5,COPY_OR_MERGE,Ps.85.6
PSA 85:6,COPY_OR_MERGE,Ps.85.7
PSA 85:7,COPY_OR_MERGE,Ps.85.8
PSA 85:8,COPY_OR_MERGE,Ps.85.9
PSA 85:9,COPY_OR_MERGE,Ps.85.10
PSA 85:10,COPY_OR_MERGE,Ps.85.11
PSA 85:11,COPY_OR_MERGE,Ps.85.12
PSA 85:12,COPY_OR_MERGE,Ps.85.13
PSA 85:13,COPY_OR_MERGE,Ps.85.14
PSA 86:1,COPY_OR_MERGE,Ps.86.1
PSA 86:2,COPY_OR_MERGE,Ps.86.2
PSA 86:3,COPY_OR_MERGE,Ps.86.3
PSA 86:4,COPY_OR_MERGE,Ps.86.4
PSA 86:5,COPY_OR_MERGE,Ps.86.5
PSA 86:6,COPY_OR_MERGE,Ps.86.6
PSA 86:7,COPY_OR_MERGE,Ps.86.7
PSA 86:8,COPY_OR_MERGE,Ps.86.8
PSA 86:9,COPY_OR_MERGE,Ps.86.9
PSA 86:10,COPY_OR_MERGE,Ps.86.10
PSA 86:11,COPY_OR_MERGE,Ps.86.11
PSA 86:12,COPY_OR_MERGE,Ps.86.12
PSA 86:13,COPY_OR_MERGE,Ps.86.13
PSA 86:14,COPY_OR_MERGE,Ps.86.14
PSA 86:15,COPY_OR_MERGE,Ps.86.15
PSA 86:16,COPY_OR_MERGE,Ps.86.16
PSA 86:17,COPY_OR_MERGE,Ps.86.17
PSA 87:1,COPY_OR_MERGE,Ps.87.1
PSA 87:2,COPY_OR_MERGE,Ps.87.2
PSA 87:3,COPY_OR_MERGE,Ps.87.3
PSA 87:4,COPY_OR_MERGE,Ps.87.4
PSA 87:5,COPY_OR_MERGE,Ps.87.5
PSA 87:6,COPY_OR_MERGE,Ps.87.6
PSA 87:7,COPY_OR_MERGE,Ps.87.7
PSA 88:1,COPY_OR_MERGE,Ps.88.1; Ps.88.2
PSA 88:2,COPY_OR_MERGE,Ps.88.3
PSA 88:3,COPY_OR_MERGE,Ps.88.4
PSA 88:4,COPY_OR_MERGE,Ps.88.5
PSA 88:5,COPY_OR_MERGE,Ps.88.6
PSA 88:6,COPY_OR_MERGE,Ps.88.7
PSA 88:7,COPY_OR_MERGE,Ps.88.8
PSA 88:8,COPY_OR_MERGE,Ps.88.9
PSA 88:9,COPY_OR_MERGE,Ps.88.10
PSA 88:10,COPY_OR_MERGE,Ps.88.11
PSA 88:11,COPY_OR_MERGE,Ps.88.12
PSA 88:12,COPY_OR_MERGE,Ps.88.13
PSA 88:13,COPY_OR_MERGE,Ps.88.14
PSA 88:14,COPY_OR_MERGE,Ps.88.15
PSA 88:15,COPY_OR_MERGE,Ps.88.16
PSA 88:16,COPY_OR_MERGE,Ps.88.17
PSA 88:17,COPY_OR_MERGE,Ps.88.18
PSA 88:18,COPY_OR_MERGE,Ps.88.19
PSA 89:1,COPY_OR_MERGE,Ps.89.1; Ps.89.2
PSA 89:2,COPY_OR_MERGE,Ps.89.3
PSA 89:3,COPY_OR_MERGE,Ps.89.4
PSA 89:4,COPY_OR_MERGE,Ps.89.5
PSA 89:5,COPY_OR_MERGE,Ps.89.6
PSA 89:6,COPY_OR_MERGE,Ps.89.7
PSA 89:7,COPY_OR_MERGE,Ps.89.8
PSA 89:8,COPY_OR_MERGE,Ps.89.9
PSA 89:9,COPY_OR_MERGE,Ps.89.10
PSA 89:10,COPY_OR_MERGE,Ps.89.11
PSA 89:11,COPY_OR_MERGE,Ps.89.12
PSA 89:12,COPY_OR_MERGE,Ps.89.13
PSA 89:13,COPY_OR_MERGE,Ps.89.14
PSA 89:14,COPY_OR_MERGE,Ps.89.15
PSA 89:15,COPY_OR_MERGE,Ps.89.16
PSA 89:16,COPY_OR_MERGE,Ps.89.17
PSA 89:17,COPY_OR_MERGE,Ps.89.18
PSA 89:18,COPY_OR_MERGE,Ps.89.19
PSA 89:19,COPY_OR_MERGE,Ps.89.20
PSA 89:20,COPY_OR_MERGE,Ps.89.21
PSA 89:21,COPY_OR_MERGE,Ps.89.22
PSA 89:22,COPY_OR_MERGE,Ps.89.23
PSA 89:23,COPY_OR_MERGE,Ps.89.24
PSA 89:24,COPY_OR_MERGE,Ps.89.25
PSA 89:25,COPY_OR_MERGE,Ps.89.26
PSA 89:26,COPY_OR_MERGE,Ps.89.27
PSA 89:27,COPY_OR_MERGE,Ps.89.28
PSA 89:28,COPY_OR_MERGE,Ps.89.29
PSA 89:29,COPY_OR_MERGE,Ps.89.30
PSA 89:30,COPY_OR_MERGE,Ps.89.31
PSA 89:31,COPY_OR_MERGE,Ps.89.32
PSA 89:32,COPY_OR_MERGE,Ps.89.33
PSA 89:33,COPY_OR_MERGE,Ps.89.34
PSA 89:34,COPY_OR_MERGE,Ps.89.35
PSA 89:35,COPY_OR_MERGE,Ps.89.36
PSA 89:36,COPY_OR_MERGE,Ps.89.37
PSA 89:37,COPY_OR_MERGE,Ps.89.38
PSA 89:38,COPY_OR_MERGE,Ps.89.39
PSA 89:39,COPY_OR_MERGE,Ps.89.40
PSA 89:40,COPY_OR_MERGE,Ps.89.41
PSA 89:41,COPY_OR_MERGE,Ps.89.42
PSA 89:42,COPY_OR_MERGE,Ps.89.43
PSA 89:43,COPY_OR_MERGE,Ps.89.44
PSA 89:44,COPY_OR_MERGE,Ps.89.45
PSA 89:45,COPY_OR_MERGE,Ps.89.46
PSA 89:46,COPY_OR_MERGE,Ps.89.47
PSA 89:47,COPY_OR_MERGE,Ps.89.48
PSA 89:48,COPY_OR_MERGE,Ps.89.49
PSA 89:49,COPY_OR_MERGE,Ps.89.50
PSA 89:50,COPY_OR_MERGE,Ps.89.51
PSA 89:51,COPY_OR_MERGE,Ps.89.52
PSA 89:52,COPY_OR_MERGE,Ps.89.53
PSA 90:1,COPY_OR_MERGE,Ps.90.1
PSA 90:2,COPY_OR_MERGE,Ps.90.2
PSA 90:3,COPY_OR_MERGE,Ps.90.3
PSA 90:4,COPY_OR_MERGE,Ps.90.4
PSA 90:5,COPY_OR_MERGE,Ps.90.5
PSA 90:6,COPY_OR_MERGE,Ps.90.6
PSA 90:7,COPY_OR_MERGE,Ps.90.7
PSA 90:8,COPY_OR_MERGE,Ps.90.8
PSA 90:9,COPY_OR_MERGE,Ps.90.9
PSA 90:10,COPY_OR_MERGE,Ps.90.10
PSA 90:11,COPY_OR_MERGE,Ps.90.11
PSA 90:12,COPY_OR_MERGE,Ps.90.12
PSA 90:13,COPY_OR_MERGE,Ps.90.13
PSA 90:14,COPY_OR_MERGE,Ps.90.14
PSA 90:15,COPY_OR_MERGE,Ps.90.15
PSA 90:16,COPY_OR_MERGE,Ps.90.16
PSA 90:17,COPY_OR_MERGE,Ps.90.17
PSA 91:1,COPY_OR_MERGE,Ps.91.1
PSA 91:2,COPY_OR_MERGE,Ps.91.2
PSA 91:3,COPY_OR_MERGE,Ps.91.3
PSA 91:4,COPY_OR_MERGE,Ps.91.4
PSA 91:5,COPY_OR_MERGE,Ps.91.5
PSA 91:6,COPY_OR_MERGE,Ps.91.6
PSA 91:7,COPY_OR_MERGE,Ps.91.7
PSA 91:8,COPY_OR_MERGE,Ps.91.8
PSA 91:9,COPY_OR_MERGE,Ps.91.9
PSA 91:10,COPY_OR_MERGE,Ps.91.10
PSA 91:11,COPY_OR_MERGE,Ps.91.11
PSA 91:12,COPY_OR_MERGE,Ps.91.12
PSA 91:13,COPY_OR_MERGE,Ps.91.13
PSA 91:14,COPY_OR_MERGE,Ps.91.14
PSA 91:15,COPY_OR_MERGE,Ps.91.15
PSA 91:16,COPY_OR_MERGE,Ps.91.16
PSA 92:1,COPY_OR_MERGE,Ps.92.1; Ps.92.2
PSA 92:2,COPY_OR_MERGE,Ps.92.3
PSA 92:3,COPY_OR_MERGE,Ps.92.4
PSA 92:4,COPY_OR_MERGE,Ps.92.5
PSA 92:5,COPY_OR_MERGE,Ps.92.6
PSA 92:6,COPY_OR_MERGE,Ps.92.7
PSA 92:7,COPY_OR_MERGE,Ps.92.8
PSA 92:8,COPY_OR_MERGE,Ps.92.9
PSA 92:9,COPY_OR_MERGE,Ps.92.10
PSA 92:10,COPY_OR_MERGE,Ps.92.11
PSA 92:11,COPY_OR_MERGE,Ps.92.12
PSA 92:12,COPY_OR_MERGE,Ps.92.13
PSA 92:13,COPY_OR_MERGE,Ps.92.14
PSA 92:14,COPY_OR_MERGE,Ps.92.15
PSA 92:15,COPY_OR_MERGE,Ps.92.16
PSA 93:1,COPY_OR_MERGE,Ps.93.1
PSA 93:2,COPY_OR_MERGE,Ps.93.2
PSA 93:3,COPY_OR_MERGE,Ps.93.3
PSA 93:4,COPY_OR_MERGE,Ps.93.4
PSA 93:5,COPY_OR_MERGE,Ps.93.5
PSA 94:1,COPY_OR_MERGE,Ps.94.1
PSA 94:2,COPY_OR_MERGE,Ps.94.2
PSA 94:3,COPY_OR_MERGE,Ps.94.3
PSA 94:4,COPY_OR_MERGE,Ps.94.4
PSA 94:5,COPY_OR_MERGE,Ps.94.5
PSA 94:6,COPY_OR_MERGE,Ps.94.6
PSA 94:7,COPY_OR_MERGE,Ps.94.7
PSA 94:8,COPY_OR_MERGE,Ps.94.8
PSA 94:9,COPY_OR_MERGE,Ps.94.9
PSA 94:10,COPY_OR_MERGE,Ps.94.10
PSA 94:11,COPY_OR_MERGE,Ps.94.11
PSA 94:12,COPY_OR_MERGE,Ps.94.12
PSA 94:13,COPY_OR_MERGE,Ps.94.13
PSA 94:14,COPY_OR_MERGE,Ps.94.14
PSA 94:15,COPY_OR_MERGE,Ps.94.15
PSA 94:16,COPY_OR_MERGE,Ps.94.16
PSA 94:17,COPY_OR_MERGE,Ps.94.17
PSA 94:18,COPY_OR_MERGE,Ps.94.18
PSA 94:19,COPY_OR_MERGE,Ps.94.19
PSA 94:20,COPY_OR_MERGE,Ps.94.20
PSA 94:21,COPY_OR_MERGE,Ps.94.21
PSA 94:22,COPY_OR_MERGE,Ps.94.22
PSA 94:23,COPY_OR_MERGE,Ps.94.23
PSA 95:1,COPY_OR_MERGE,Ps.95.1
PSA 95:2,COPY_OR_MERGE,Ps.95.2
PSA 95:3,COPY_OR_MERGE,Ps.95.3
PSA 95:4,COPY_OR_MERGE,Ps.95.4
PSA 95:5,COPY_OR_MERGE,Ps.95.5
PSA 95:6,COPY_OR_MERGE,Ps.95.6
PSA 95:7,COPY_OR_MERGE,Ps.95.7
PSA 95:8,COPY_OR_MERGE,Ps.95.8
PSA 95:9,COPY_OR_MERGE,Ps.95.9
PSA 95:10,COPY_OR_MERGE,Ps.95.10
PSA 95:11,COPY_OR_MERGE,Ps.95.11
PSA 96:1,COPY_OR_MERGE,Ps.96.1
PSA 96:2,COPY_OR_MERGE,Ps.96.2
PSA 96:3,COPY_OR_MERGE,Ps.96.3
PSA 96:4,COPY_OR_MERGE,Ps.96.4
PSA 96:5,COPY_OR_MERGE,Ps.96.5
PSA 96:6,COPY_OR_MERGE,Ps.96.6
PSA 96:7,COPY_OR_MERGE,Ps.96.7
PSA 96:8,COPY_OR_MERGE,Ps.96.8
PSA 96:9,COPY_OR_MERGE,Ps.96.9
PSA 96:10,COPY_OR_MERGE,Ps.96.10
PSA 96:11,COPY_OR_MERGE,Ps.96.11
PSA 96:12,COPY_OR_MERGE,Ps.96.12
PSA 96:13,COPY_OR_MERGE,Ps.96.13
PSA 97:1,COPY_OR_MERGE,Ps.97.1
PSA 97:2,COPY_OR_MERGE,Ps.97.2
PSA 97:3,COPY_OR_MERGE,Ps.97.3
PSA 97:4,COPY_OR_MERGE,Ps.97.4
PSA 97:5,COPY_OR_MERGE,Ps.97.5
PSA 97:6,COPY_OR_MERGE,Ps.97.6
PSA 97:7,COPY_OR_MERGE,Ps.97.7
PSA 97:8,COPY_OR_MERGE,Ps.97.8
PSA 97:9,COPY_OR_MERGE,Ps.97.9
PSA 97:10,COPY_OR_MERGE,Ps.97.10
PSA 97:11,COPY_OR_MERGE,Ps.97.11
PSA 97:12,COPY_OR_MERGE,Ps.97.12
PSA 98:1,COPY_OR_MERGE,Ps.98.1
PSA 98:2,COPY_OR_MERGE,Ps.98.2
PSA 98:3,COPY_OR_MERGE,Ps.98.3
PSA 98:4,COPY_OR_MERGE,Ps.98.4
PSA 98:5,COPY_OR_MERGE,Ps.98.5
PSA 98:6,COPY_OR_MERGE,Ps.98.6
PSA 98:7,COPY_OR_MERGE,Ps.98.7
PSA 98:8,COPY_OR_MERGE,Ps.98.8
PSA 98:9,COPY_OR_MERGE,Ps.98.9
PSA 99:1,COPY_OR_MERGE,Ps.99.1
PSA 99:2,COPY_OR_MERGE,Ps.99.2
PSA 99:3,COPY_OR_MERGE,Ps.99.3
PSA 99:4,COPY_OR_MERGE,Ps.99.4
PSA 99:5,COPY_OR_MERGE,Ps.99.5
PSA 99:6,COPY_OR_MERGE,Ps.99.6
PSA 99:7,COPY_OR_MERGE,Ps.99.7
PSA 99:8,COPY_OR_MERGE,Ps.99.8
PSA 99:9,COPY_OR_MERGE,Ps.99.9
PSA 100:1,COPY_OR_MERGE,Ps.100.1
PSA 100:2,COPY_OR_MERGE,Ps.100.2
PSA 100:3,COPY_OR_MERGE,Ps.100.3
PSA 100:4,COPY_OR_MERGE,Ps.100.4
PSA 100:5,COPY_OR_MERGE,Ps.100.5
PSA 101:1,COPY_OR_MERGE,Ps.101.1
PSA 101:2,COPY_OR_MERGE,Ps.101.2
PSA 101:3,COPY_OR_MERGE,Ps.101.3
PSA 101:4,COPY_OR_MERGE,Ps.101.4
PSA 101:5,COPY_OR_MERGE,Ps.101.5
PSA 101:6,COPY_OR_MERGE,Ps.101.6
PSA 101:7,COPY_OR_MERGE,Ps.101.7
PSA 101:8,COPY_OR_MERGE,Ps.101.8
PSA 102:1,COPY_OR_MERGE,Ps.102.1; Ps.102.2
PSA 102:2,COPY_OR_MERGE,Ps.102.3
PSA 102:3,COPY_OR_MERGE,Ps.102.4
PSA 102:4,COPY_OR_MERGE,Ps.102.5
PSA 102:5,COPY_OR_MERGE,Ps.102.6
PSA 102:6,COPY_OR_MERGE,Ps.102.7
PSA 102:7,COPY_OR_MERGE,Ps.102.8
PSA 102:8,COPY_OR_MERGE,Ps.102.9
PSA 102:9,COPY_OR_MERGE,Ps.102.10
PSA 102:10,COPY_OR_MERGE,Ps.102.11
PSA 102:11,COPY_OR_MERGE,Ps.102.12
PSA 102:12,COPY_OR_MERGE,Ps.102.13
PSA 102:13,COPY_OR_MERGE,Ps.102.14
PSA 102:14,COPY_OR_MERGE,Ps.102.15
PSA 102:15,COPY_OR_MERGE,Ps.102.16
PSA 102:16,COPY_OR_MERGE,Ps.102.17
PSA 102:17,COPY_OR_MERGE,Ps.102.18
PSA 102:18,COPY_OR_MERGE,Ps.102.19
PSA 102:19,COPY_OR_MERGE,Ps.102.20
PSA 102:20,COPY_OR_MERGE,Ps.102.21
PSA 102:21,COPY_OR_MERGE,Ps.102.22
PSA 102:22,COPY_OR_MERGE,Ps.102.23
PSA 102:23,COPY_OR_MERGE,Ps.102.24
PSA 102:24,COPY_OR_MERGE,Ps.102.25
PSA 102:25,COPY_OR_MERGE,Ps.102.26
PSA 102:26,COPY_OR_MERGE,Ps.102.27
PSA 102:27,COPY_OR_MERGE,Ps.102.28
PSA 102:28,COPY_OR_MERGE,Ps.102.29
PSA 103:1,COPY_OR_MERGE,Ps.103.1
PSA 103:2,COPY_OR_MERGE,Ps.103.2
PSA 103:3,COPY_OR_MERGE,Ps.103.3
PSA 103:4,COPY_OR_MERGE,Ps.103.4
PSA 103:5,COPY_OR_MERGE,Ps.103.5
PSA 103:6,COPY_OR_MERGE,Ps.103.6
PSA 103:7,COPY_OR_MERGE,Ps.103.7
PSA 103:8,COPY_OR_MERGE,Ps.103.8
PSA 103:9,COPY_OR_MERGE,Ps.103.9
PSA 103:10,COPY_OR_MERGE,Ps.103.10
PSA 103:11,COPY_OR_MERGE,Ps.103.11
PSA 103:12,COPY_OR_MERGE,Ps.103.12
PSA 103:13,COPY_OR_MERGE,Ps.103.13
PSA 103:14,COPY_OR_MERGE,Ps.103.14
PSA 103:15,COPY_OR_MERGE,Ps.103.15
PSA 103:16,COPY_OR_MERGE,Ps.103.16
PSA 103:17,COPY_OR_MERGE,Ps.103.17
PSA 103:18,COPY_OR_MERGE,Ps.103.18
PSA 103:19,COPY_OR_MERGE,Ps.103.19
PSA 103:20,COPY_OR_MERGE,Ps.103.20
PSA 103:21,COPY_OR_MERGE,Ps.103.21
PSA 103:22,COPY_OR_MERGE,Ps.103.22
PSA 104:1,COPY_OR_MERGE,Ps.104.1
PSA 104:2,COPY_OR_MERGE,Ps.104.2
PSA 104:3,COPY_OR_MERGE,Ps.104.3
PSA 104:4,COPY_OR_MERGE,Ps.104.4
PSA 104:5,COPY_OR_MERGE,Ps.104.5
PSA 104:6,COPY_OR_MERGE,Ps.104.6
PSA 104:7,COPY_OR_MERGE,Ps.104.7
PSA 104:8,COPY_OR_MERGE,Ps.104.8
PSA 104:9,COPY_OR_MERGE,Ps.104.9
PSA 104:10,COPY_OR_MERGE,Ps.104.10
PSA 104:11,COPY_OR_MERGE,Ps.104.11
PSA 104:12,COPY_OR_MERGE,Ps.104.12
PSA 104:13,COPY_OR_MERGE,Ps.104.13
PSA 104:14,COPY_OR_MERGE,Ps.104.14
PSA 104:15,COPY_OR_MERGE,Ps.104.15
PSA 104:16,COPY_OR_MERGE,Ps.104.16
PSA 104:17,COPY_OR_MERGE,Ps.104.17
PSA 104:18,COPY_OR_MERGE,Ps.104.18
PSA 104:19,COPY_OR_MERGE,Ps.104.19
PSA 104:20,COPY_OR_MERGE,Ps.104.20
PSA 104:21,COPY_OR_MERGE,Ps.104.21
PSA 104:22,COPY_OR_MERGE,Ps.104.22
PSA 104:23,COPY_OR_MERGE,Ps.104.23
PSA 104:24,COPY_OR_MERGE,Ps.104.24
PSA 104:25,COPY_OR_MERGE,Ps.104.25
PSA 104:26,COPY_OR_MERGE,Ps.104.26
PSA 104:27,COPY_OR_MERGE,Ps.104.27
PSA 104:28,COPY_OR_MERGE,Ps.104.28
PSA 104:29,COPY_OR_MERGE,Ps.104.29
PSA 104:30,COPY_OR_MERGE,Ps.104.30
PSA 104:31,COPY_OR_MERGE,Ps.104.31
PSA 104:32,COPY_OR_MERGE,Ps.104.32
PSA 104:33,COPY_OR_MERGE,Ps.104.33
PSA 104:34,COPY_OR_MERGE,Ps.104.34
PSA 104:35,COPY_OR_MERGE,Ps.104.35
PSA 105:1,COPY_OR_MERGE,Ps.105.1
PSA 105:2,COPY_OR_MERGE,Ps.105.2
PSA 105:3,COPY_OR_MERGE,Ps.105.3
PSA 105:4,COPY_OR_MERGE,Ps.105.4
PSA 105:5,COPY_OR_MERGE,Ps.105.5
PSA 105:6,COPY_OR_MERGE,Ps.105.6
PSA 105:7,COPY_OR_MERGE,Ps.105.7
PSA 105:8,COPY_OR_MERGE,Ps.105.8
PSA 105:9,COPY_OR_MERGE,Ps.105.9
PSA 105:10,COPY_OR_MERGE,Ps.105.10
PSA 105:11,COPY_OR_MERGE,Ps.105.11
PSA 105:12,COPY_OR_MERGE,Ps.105.12
PSA 105:13,COPY_OR_MERGE,Ps.105.13
PSA 105:14,COPY_OR_MERGE,Ps.105.14
PSA 105:15,COPY_OR_MERGE,Ps.105.15
PSA 105:16,COPY_OR_MERGE,Ps.105.16
PSA 105:17,COPY_OR_MERGE,Ps.105.17
PSA 105:18,COPY_OR_MERGE,Ps.105.18
PSA 105:19,COPY_OR_MERGE,Ps.105.19
PSA 105:20,COPY_OR_MERGE,Ps.105.20
PSA 105:21,COPY_OR_MERGE,Ps.105.21
PSA 105:22,COPY_OR_MERGE,Ps.105.22
PSA 105:23,COPY_OR_MERGE,Ps.105.23
PSA 105:24,COPY_OR_MERGE,Ps.105.24
PSA 105:25,COPY_OR_MERGE,Ps.105.25
PSA 105:26,COPY_OR_MERGE,Ps.105.26
PSA 105:27,COPY_OR_MERGE,Ps.105.27
PSA 105:28,COPY_OR_MERGE,Ps.105.28
PSA 105:29,COPY_OR_MERGE,Ps.105.29
PSA 105:30,COPY_OR_MERGE,Ps.105.30
PSA 105:31,COPY_OR_MERGE,Ps.105.31
PSA 105:32,COPY_OR_MERGE,Ps.105.32
PSA 105:33,COPY_OR_MERGE,Ps.105.33
PSA 105:34,COPY_OR_MERGE,Ps.105.34
PSA 105:35,COPY_OR_MERGE,Ps.105.35
PSA 105:36,COPY_OR_MERGE,Ps.105.36
PSA 105:37,COPY_OR_MERGE,Ps.105.37
PSA 105:38,COPY_OR_MERGE,Ps.105.38
PSA 105:39,COPY_OR_MERGE,Ps.105.39
PSA 105:40,COPY_OR_MERGE,Ps.105.40
PSA 105:41,COPY_OR_MERGE,Ps.105.41
PSA 105:42,COPY_OR_MERGE,Ps.105.42
PSA 105:43,COPY_OR_MERGE,Ps.105.43
PSA 105:44,COPY_OR_MERGE,Ps.105.44
PSA 105:45,COPY_OR_MERGE,Ps.105.45
PSA 106:1,COPY_OR_MERGE,Ps.106.1
PSA 106:2,COPY_OR_MERGE,Ps.106.2
PSA 106:3,COPY_OR_MERGE,Ps.106.3
PSA 106:4,COPY_OR_MERGE,Ps.106.4
PSA 106:5,COPY_OR_MERGE,Ps.106.5
PSA 106:6,COPY_OR_MERGE,Ps.106.6
PSA 106:7,COPY_OR_MERGE,Ps.106.7
PSA 106:8,COPY_OR_MERGE,Ps.106.8
PSA 106:9,COPY_OR_MERGE,Ps.106.9
PSA 106:10,COPY_OR_MERGE,Ps.106.10
PSA 106:11,COPY_OR_MERGE,Ps.106.11
PSA 106:12,COPY_OR_MERGE,Ps.106.12
PSA 106:13,COPY_OR_MERGE,Ps.106.13
PSA 106:14,COPY_OR_MERGE,Ps.106.14
PSA 106:15,COPY_OR_MERGE,Ps.106.15
PSA 106:16,COPY_OR_MERGE,Ps.106.16
PSA 106:17,COPY_OR_MERGE,Ps.106.17
PSA 106:18,COPY_OR_MERGE,Ps.106.18
PSA 106:19,COPY_OR_MERGE,Ps.106.19
PSA 106:20,COPY_OR_MERGE,Ps.106.20
PSA 106:21,COPY_OR_MERGE,Ps.106.21
PSA 106:22,COPY_OR_MERGE,Ps.106.22
PSA 106:23,COPY_OR_MERGE,Ps.106.23
PSA 106:24,COPY_OR_MERGE,Ps.106.24
PSA 106:25,COPY_OR_MERGE,Ps.106.25
PSA 106:26,COPY_OR_MERGE,Ps.106.26
PSA 106:27,COPY_OR_MERGE,Ps.106.27
PSA 106:28,COPY_OR_MERGE,Ps.106.28
PSA 106:29,COPY_OR_MERGE,Ps.106.29
PSA 106:30,COPY_OR_MERGE,Ps.106.30
PSA 106:31,COPY_OR_MERGE,Ps.106.31
PSA 106:32,COPY_OR_MERGE,Ps.106.32
PSA 106:33,COPY_OR_MERGE,Ps.106.33
PSA 106:34,COPY_OR_MERGE,Ps.106.34
PSA 106:35,COPY_OR_MERGE,Ps.106.35
PSA 106:36,COPY_OR_MERGE,Ps.106.36
PSA 106:37,COPY_OR_MERGE,Ps.106.37
PSA 106:38,COPY_OR_MERGE,Ps.106.38
PSA 106:39,COPY_OR_MERGE,Ps.106.39
PSA 106:40,COPY_OR_MERGE,Ps.106.40
PSA 106:41,COPY_OR_MERGE,Ps.106.41
PSA 106:42,COPY_OR_MERGE,Ps.106.42
PSA 106:43,COPY_OR_MERGE,Ps.106.43
PSA 106:44,COPY_OR_MERGE,Ps.106.44
PSA 106:45,COPY_OR_MERGE,Ps.106.45
PSA 106:46,COPY_OR_MERGE,Ps.106.46
PSA 106:47,COPY_OR_MERGE,Ps.106.47
PSA 106:48,COPY_OR_MERGE,Ps.106.48
PSA 107:1,COPY_OR_MERGE,Ps.107.1
PSA 107:2,COPY_OR_MERGE,Ps.107.2
PSA 107:3,COPY_OR_MERGE,Ps.107.3
PSA 107:4,COPY_OR_MERGE,Ps.107.4
PSA 107:5,COPY_OR_MERGE,Ps.107.5
PSA 107:6,COPY_OR_MERGE,Ps.107.6
PSA 107:7,COPY_OR_MERGE,Ps.107.7
PSA 107:8,COPY_OR_MERGE,Ps.107.8
PSA 107:9,COPY_OR_MERGE,Ps.107.9
PSA 107:10,COPY_OR_MERGE,Ps.107.10
PSA 107:11,COPY_OR_MERGE,Ps.107.11
PSA 107:12,COPY_OR_MERGE,Ps.107.12
PSA 107:13,COPY_OR_MERGE,Ps.107.13
PSA 107:14,COPY_OR_MERGE,Ps.107.14
PSA 107:15,COPY_OR_MERGE,Ps.107.15
PSA 107:16,COPY_OR_MERGE,Ps.107.16
PSA 107:17,COPY_OR_MERGE,Ps.107.17
PSA 107:18,COPY_OR_MERGE,Ps.107.18
PSA 107:19,COPY_OR_MERGE,Ps.107.19
PSA 107:20,COPY_OR_MERGE,Ps.107.20
PSA 107:21,COPY_OR_MERGE,Ps.107.21
PSA 107:22,COPY_OR_MERGE,Ps.107.22
PSA 107:23,COPY_OR_MERGE,Ps.107.23
PSA 107:24,COPY_OR_MERGE,Ps.107.24
PSA 107:25,COPY_OR_MERGE,Ps.107.25
PSA 107:26,COPY_OR_MERGE,Ps.107.26
PSA 107:27,COPY_OR_MERGE,Ps.107.27
PSA 107:28,COPY_OR_MERGE,Ps.107.28
PSA 107:29,COPY_OR_MERGE,Ps.107.29
PSA 107:30,COPY_OR_MERGE,Ps.107.30
PSA 107:31,COPY_OR_MERGE,Ps.107.31
PSA 107:32,COPY_OR_MERGE,Ps.107.32
PSA 107:33,COPY_OR_MERGE,Ps.107.33
PSA 107:34,COPY_OR_MERGE,Ps.107.34
PSA 107:35,COPY_OR_MERGE,Ps.107.35
PSA 107:36,COPY_OR_MERGE,Ps.107.36
PSA 107:37,COPY_OR_MERGE,Ps.107.37
PSA 107:38,COPY_OR_MERGE,Ps.107.38
PSA 107:39,COPY_OR_MERGE,Ps.107.39
PSA 107:40,COPY_OR_MERGE,Ps.107.40
PSA 107:41,COPY_OR_MERGE,Ps.107.41
PSA 107:42,COPY_OR_MERGE,Ps.107.42
PSA 107:43,COPY_OR_MERGE,Ps.107.43
PSA 108:1,COPY_OR_MERGE,Ps.108.1; Ps.108.2
PSA 108:2,COPY_OR_MERGE,Ps.108.3
PSA 108:3,COPY_OR_MERGE,Ps.108.4
PSA 108:4,COPY_OR_MERGE,Ps.108.5
PSA 108:5,COPY_OR_MERGE,Ps.108.6
PSA 108:6,COPY_OR_MERGE,Ps.108.7
PSA 108:7,COPY_OR_MERGE,Ps.108.8
PSA 108:8,COPY_OR_MERGE,Ps.108.9
PSA 108:9,COPY_OR_MERGE,Ps.108.10
PSA 108:10,COPY_OR_MERGE,Ps.108.11
PSA 108:11,COPY_OR_MERGE,Ps.108.12
PSA 108:12,COPY_OR_MERGE,Ps.108.13
PSA 108:13,COPY_OR_MERGE,Ps.108.14
PSA 109:1,COPY_OR_MERGE,Ps.109.1
PSA 109:2,COPY_OR_MERGE,Ps.109.2
PSA 109:3,COPY_OR_MERGE,Ps.109.3
PSA 109:4,COPY_OR_MERGE,Ps.109.4
PSA 109:5,COPY_OR_MERGE,Ps.109.5
PSA 109:6,COPY_OR_MERGE,Ps.109.6
PSA 109:7,COPY_OR_MERGE,Ps.109.7
PSA 109:8,COPY_OR_MERGE,Ps.109.8
PSA 109:9,COPY_OR_MERGE,Ps.109.9
PSA 109:10,COPY_OR_MERGE,Ps.109.10
PSA 109:11,COPY_OR_MERGE,Ps.109.11
PSA 109:12,COPY_OR_MERGE,Ps.109.12
PSA 109:13,COPY_OR_MERGE,Ps.109.13
PSA 109:14,COPY_OR_MERGE,Ps.109.14
PSA 109:15,COPY_OR_MERGE,Ps.109.15
PSA 109:16,COPY_OR_MERGE,Ps.109.16
PSA 109:17,COPY_OR_MERGE,Ps.109.17
PSA 109:18,COPY_OR_MERGE,Ps.109.18
PSA 109:19,COPY_OR_MERGE,Ps.109.19
PSA 109:20,COPY_OR_MERGE,Ps.109.20
PSA 109:21,COPY_OR_MERGE,Ps.109.21
PSA 109:22,COPY_OR_MERGE,Ps.109.22
PSA 109:23,COPY_OR_MERGE,Ps.109.23
PSA 109:24,COPY_OR_MERGE,Ps.109.24
PSA 109:25,COPY_OR_MERGE,Ps.109.25
PSA 109:26,COPY_OR_MERGE,Ps.109.26
PSA 109:27,COPY_OR_MERGE,Ps.109.27
PSA 109:28,COPY_OR_MERGE,Ps.109.28
PSA 109:29,COPY_OR_MERGE,Ps.109.29
PSA 109:30,COPY_OR_MERGE,Ps.109.30
PSA 109:31,COPY_OR_MERGE,Ps.109.31
PSA 110:1,COPY_OR_MERGE,Ps.110.1
PSA 110:2,COPY_OR_MERGE,Ps.110.2
PSA 110:3,COPY_OR_MERGE,Ps.110.3
PSA 110:4,COPY_OR_MERGE,Ps.110.4
PSA 110:5,COPY_OR_MERGE,Ps.110.5
PSA 110:6,COPY_OR_MERGE,Ps.110.6
PSA 110:7,COPY_OR_MERGE,Ps.110.7
PSA 111:1,COPY_OR_MERGE,Ps.111.1
PSA 111:2,COPY_OR_MERGE,Ps.111.2
PSA 111:3,COPY_OR_MERGE,Ps.111.3
PSA 111:4,COPY_OR_MERGE,Ps.111.4
PSA 111:5,COPY_OR_MERGE,Ps.111.5
PSA 111:6,COPY_OR_MERGE,Ps.111.6
PSA 111:7,COPY_OR_MERGE,Ps.111.7
PSA 111:8,COPY_OR_MERGE,Ps.111.8
PSA 111:9,COPY_OR_MERGE,Ps.111.9
PSA 111:10,COPY_OR_MERGE,Ps.111.10
PSA 112:1,COPY_OR_MERGE,Ps.112.1
PSA 112:2,COPY_OR_MERGE,Ps.112.2
PSA 112:3,COPY_OR_MERGE,Ps.112.3
PSA 112:4,COPY_OR_MERGE,Ps.112.4
PSA 112:5,COPY_OR_MERGE,Ps.112.5
PSA 112:6,COPY_OR_MERGE,Ps.112.6
PSA 112:7,COPY_OR_MERGE,Ps.112.7
PSA 112:8,COPY_OR_MERGE,Ps.112.8
PSA 112:9,COPY_OR_MERGE,Ps.112.9
PSA 112:10,COPY_OR_MERGE,Ps.112.10
PSA 113:1,COPY_OR_MERGE,Ps.113.1
PSA 113:2,COPY_OR_MERGE,Ps.113.2
PSA 113:3,COPY_OR_MERGE,Ps.113.3
PSA 113:4,COPY_OR_MERGE,Ps.113.4
PSA 113:5,COPY_OR_MERGE,Ps.113.5
PSA 113:6,COPY_OR_MERGE,Ps.113.6
PSA 113:7,COPY_OR_MERGE,Ps.113.7
PSA 113:8,COPY_OR_MERGE,Ps.113.8
PSA 113:9,COPY_OR_MERGE,Ps.113.9
PSA 114:1,COPY_OR_MERGE,Ps.114.1
PSA 114:2,COPY_OR_MERGE,Ps.114.2
PSA 114:3,COPY_OR_MERGE,Ps.114.3
PSA 114:4,COPY_OR_MERGE,Ps.114.4
PSA 114:5,COPY_OR_MERGE,Ps.114.5
PSA 114:6,COPY_OR_MERGE,Ps.114.6
PSA 114:7,COPY_OR_MERGE,Ps.114.7
PSA 114:8,COPY_OR_MERGE,Ps.114.8
PSA 115:1,COPY_OR_MERGE,Ps.115.1
PSA 115:2,COPY_OR_MERGE,Ps.115.2
PSA 115:3,COPY_OR_MERGE,Ps.115.3
PSA 115:4,COPY_OR_MERGE,Ps.115.4
PSA 115:5,COPY_OR_MERGE,Ps.115.5
PSA 115:6,COPY_OR_MERGE,Ps.115.6
PSA 115:7,COPY_OR_MERGE,Ps.115.7
PSA 115:8,COPY_OR_MERGE,Ps.115.8
PSA 115:9,COPY_OR_MERGE,Ps.115.9
PSA 115:10,COPY_OR_MERGE,Ps.115.10
PSA 115:11,COPY_OR_MERGE,Ps.115.11
PSA 115:12,COPY_OR_MERGE,Ps.115.12
PSA 115:13,COPY_OR_MERGE,Ps.115.13
PSA 115:14,COPY_OR_MERGE,Ps.115.14
PSA 115:15,COPY_OR_MERGE,Ps.115.15
PSA 115:16,COPY_OR_MERGE,Ps.115.16
PSA 115:17,COPY_OR_MERGE,Ps.115.17
PSA 115:18,COPY_OR_MERGE,Ps.115.18
PSA 116:1,COPY_OR_MERGE,Ps.116.1
PSA 116:2,COPY_OR_MERGE,Ps.116.2
PSA 116:3,COPY_OR_MERGE,Ps.116.3
PSA 116:4,COPY_OR_MERGE,Ps.116.4
PSA 116:5,COPY_OR_MERGE,Ps.116.5
PSA 116:6,COPY_OR_MERGE,Ps.116.6
PSA 116:7,COPY_OR_MERGE,Ps.116.7
PSA 116:8,COPY_OR_MERGE,Ps.116.8
PSA 116:9,COPY_OR_MERGE,Ps.116.9
PSA 116:10,COPY_OR_MERGE,Ps.116.10
PSA 116:11,COPY_OR_MERGE,Ps.116.11
PSA 116:12,COPY_OR_MERGE,Ps.116.12
PSA 116:13,COPY_OR_MERGE,Ps.116.13
PSA 116:14,COPY_OR_MERGE,Ps.116.14
PSA 116:15,COPY_OR_MERGE,Ps.116.15
PSA 116:16,COPY_OR_MERGE,Ps.116.16
PSA 116:17,COPY_OR_MERGE,Ps.116.17
PSA 116:18,COPY_OR_MERGE,Ps.116.18
PSA 116:19,COPY_OR_MERGE,Ps.116.19
PSA 117:1,COPY_OR_MERGE,Ps.117.1
PSA 117:2,COPY_OR_MERGE,Ps.117.2
PSA 118:1,COPY_OR_MERGE,Ps.118.1
PSA 118:2,COPY_OR_MERGE,Ps.118.2
PSA 118:3,COPY_OR_MERGE,Ps.118.3
PSA 118:4,COPY_OR_MERGE,Ps.118.4
PSA 118:5,COPY_OR_MERGE,Ps.118.5
PSA 118:6,COPY_OR_MERGE,Ps.118.6
PSA 118:7,COPY_OR_MERGE,Ps.118.7
PSA 118:8,COPY_OR_MERGE,Ps.118.8
PSA 118:9,COPY_OR_MERGE,Ps.118.9
PSA 118:10,COPY_OR_MERGE,Ps.118.10
PSA 118:11,COPY_OR_MERGE,Ps.118.11
PSA 118:12,COPY_OR_MERGE,Ps.118.12
PSA 118:13,COPY_OR_MERGE,Ps.118.13
PSA 118:14,COPY_OR_MERGE,Ps.118.14
PSA 118:15,COPY_OR_MERGE,Ps.118.15
PSA 118:16,COPY_OR_MERGE,Ps.118.16
PSA 118:17,COPY_OR_MERGE,Ps.118.17
PSA 118:18,COPY_OR_MERGE,Ps.118.18
PSA 118:19,COPY_OR_MERGE,Ps.118.19
PSA 118:20,COPY_OR_MERGE,Ps.118.20
PSA 118:21,COPY_OR_MERGE,Ps.118.21
PSA 118:22,COPY_OR_MERGE,Ps.118.22
PSA 118:23,COPY_OR_MERGE,Ps.118.23
PSA 118:24,COPY_OR_MERGE,Ps.118.24
PSA 118:25,COPY_OR_MERGE,Ps.118.25
PSA 118:26,COPY_OR_MERGE,Ps.118.26
PSA 118:27,COPY_OR_MERGE,Ps.118.27
PSA 118:28,COPY_OR_MERGE,Ps.118.28
PSA 118:29,COPY_OR_MERGE,Ps.118.29
PSA 119:1,COPY_OR_MERGE,Ps.119.1
PSA 119:2,COPY_OR_MERGE,Ps.119.2
PSA 119:3,COPY_OR_MERGE,Ps.119.3
PSA 119:4,COPY_OR_MERGE,Ps.119.4
PSA 119:5,COPY_OR_MERGE,Ps.119.5
PSA 119:6,COPY_OR_MERGE,Ps.119.6
PSA 119:7,COPY_OR_MERGE,Ps.119.7
PSA 119:8,COPY_OR_MERGE,Ps.119.8
PSA 119:9,COPY_OR_MERGE,Ps.119.9
PSA 119:10,COPY_OR_MERGE,Ps.119.10
PSA 119:11,COPY_OR_MERGE,Ps.119.11
PSA 119:12,COPY_OR_MERGE,Ps.119.12
PSA 119:13,COPY_OR_MERGE,Ps.119.13
PSA 119:14,COPY_OR_MERGE,Ps.119.14
PSA 119:15,COPY_OR_MERGE,Ps.119.15
PSA 119:16,COPY_OR_MERGE,Ps.119.16
PSA 119:17,COPY_OR_MERGE,Ps.119.17
PSA 119:18,COPY_OR_MERGE,Ps.119.18
PSA 119:19,COPY_OR_MERGE,Ps.119.19
PSA 119:20,COPY_OR_MERGE,Ps.119.20
PSA 119:21,COPY_OR_MERGE,Ps.119.21
PSA 119:22,COPY_OR_MERGE,Ps.119.22
PSA 119:23,COPY_OR_MERGE,Ps.119.23
PSA 119:24,COPY_OR_MERGE,Ps.119.24
PSA 119:25,COPY_OR_MERGE,Ps.119.25
PSA 119:26,COPY_OR_MERGE,Ps.119.26
PSA 119:27,COPY_OR_MERGE,Ps.119.27
PSA 119:28,COPY_OR_MERGE,Ps.119.28
PSA 119:29,COPY_OR_MERGE,Ps.119.29
PSA 119:30,COPY_OR_MERGE,Ps.119.30
PSA 119:31,COPY_OR_MERGE,Ps.119.31
PSA 119:32,COPY_OR_MERGE,Ps.119.32
PSA 119:33,COPY_OR_MERGE,Ps.119.33
PSA 119:34,COPY_OR_MERGE,Ps.119.34
PSA 119:35,COPY_OR_MERGE,Ps.119.35
PSA 119:36,COPY_OR_MERGE,Ps.119.36
PSA 119:37,COPY_OR_MERGE,Ps.119.37
PSA 119:38,COPY_OR_MERGE,Ps.119.38
PSA 119:39,COPY_OR_MERGE,Ps.119.39
PSA 119:40,COPY_OR_MERGE,Ps.119.40
PSA 119:41,COPY_OR_MERGE,Ps.119.41
PSA 119:42,COPY_OR_MERGE,Ps.119.42
PSA 119:43,COPY_OR_MERGE,Ps.119.43
PSA 119:44,COPY_OR_MERGE,Ps.119.44
PSA 119:45,COPY_OR_MERGE,Ps.119.45
PSA 119:46,COPY_OR_MERGE,Ps.119.46
PSA 119:47,COPY_OR_MERGE,Ps.119.47
PSA 119:48,COPY_OR_MERGE,Ps.119.48
PSA 119:49,COPY_OR_MERGE,Ps.119.49
PSA 119:50,COPY_OR_MERGE,Ps.119.50
PSA 119:51,COPY_OR_MERGE,Ps.119.51
PSA 119:52,COPY_OR_MERGE,Ps.119.52
PSA 119:53,COPY_OR_MERGE,Ps.119.53
PSA 119:54,COPY_OR_MERGE,Ps.119.54
PSA 119:55,COPY_OR_MERGE,Ps.119.55
PSA 119:56,COPY_OR_MERGE,Ps.119.56
PSA 119:57,COPY_OR_MERGE,Ps.119.57
PSA 119:58,COPY_OR_MERGE,Ps.119.58
PSA 119:59,COPY_OR_MERGE,Ps.119.59
PSA 119:60,COPY_OR_MERGE,Ps.119.60
PSA 119:61,COPY_OR_MERGE,Ps.119.61
PSA 119:62,COPY_OR_MERGE,Ps.119.62
PSA 119:63,COPY_OR_MERGE,Ps.119.63
PSA 119:64,COPY_OR_MERGE,Ps.119.64
PSA 119:65,COPY_OR_MERGE,Ps.119.65
PSA 119:66,COPY_OR_MERGE,Ps.119.66
PSA 119:67,COPY_OR_MERGE,Ps.119.67
PSA 119:68,COPY_OR_MERGE,Ps.119.68
PSA 119:69,COPY_OR_MERGE,Ps.119.69
PSA 119:70,COPY_OR_MERGE,Ps.119.70
PSA 119:71,COPY_OR_MERGE,Ps.119.71
PSA 119:72,COPY_OR_MERGE,Ps.119.72
PSA 119:73,COPY_OR_MERGE,Ps.119.73
PSA 119:74,COPY_OR_MERGE,Ps.119.74
PSA 119:75,COPY_OR_MERGE,Ps.119.75
PSA 119:76,COPY_OR_MERGE,Ps.119.76
PSA 119:77,COPY_OR_MERGE,Ps.119.77
PSA 119:78,COPY_OR_MERGE,Ps.119.78
PSA 119:79,COPY_OR_MERGE,Ps.119.79
PSA 119:80,COPY_OR_MERGE,Ps.119.80
PSA 119:81,COPY_OR_MERGE,Ps.119.81
PSA 119:82,COPY_OR_MERGE,Ps.119.82
PSA 119:83,COPY_OR_MERGE,Ps.119.83
PSA 119:84,COPY_OR_MERGE,Ps.119.84
PSA 119:85,COPY_OR_MERGE,Ps.119.85
PSA 119:86,COPY_OR_MERGE,Ps.119.86
PSA 119:87,COPY_OR_MERGE,Ps.119.87
PSA 119:88,COPY_OR_MERGE,Ps.119.88
PSA 119:89,COPY_OR_MERGE,Ps.119.89
PSA 119:90,COPY_OR_MERGE,Ps.119.90
PSA 119:91,COPY_OR_MERGE,Ps.119.91
PSA 119:92,COPY_OR_MERGE,Ps.119.92
PSA 119:93,COPY_OR_MERGE,Ps.119.93
PSA 119:94,COPY_OR_MERGE,Ps.119.94
PSA 119:95,COPY_OR_MERGE,Ps.119.95
PSA 119:96,COPY_OR_MERGE,Ps.119.96
PSA 119:97,COPY_OR_MERGE,Ps.119.97
PSA 119:98,COPY_OR_MERGE,Ps.119.98
PSA 119:99,COPY_OR_MERGE,Ps.119.99
PSA 119:100,COPY_OR_MERGE,Ps.119.100
PSA 119:101,COPY_OR_MERGE,Ps.119.101
PSA 119:102,COPY_OR_MERGE,Ps.119.102
PSA 119:103,COPY_OR_MERGE,Ps.119.103
PSA 119:104,COPY_OR_MERGE,Ps.119.104
PSA 119:105,COPY_OR_MERGE,Ps.119.105
PSA 119:106,COPY_OR_MERGE,Ps.119.106
PSA 119:107,COPY_OR_MERGE,Ps.119.107
PSA 119:108,COPY_OR_MERGE,Ps.119.108
PSA 119:109,COPY_OR_MERGE,Ps.119.109
PSA 119:110,COPY_OR_MERGE,Ps.119.110
PSA 119:111,COPY_OR_MERGE,Ps.119.111
PSA 119:112,COPY_OR_MERGE,Ps.119.112
PSA 119:113,COPY_OR_MERGE,Ps.119.113
PSA 119:114,COPY_OR_MERGE,Ps.119.114
PSA 119:115,COPY_OR_MERGE,Ps.119.115
PSA 119:116,COPY_OR_MERGE,Ps.119.116
PSA 119:117,COPY_OR_MERGE,Ps.119.117
PSA 119:118,COPY_OR_MERGE,Ps.119.118
PSA 119:119,COPY_OR_MERGE,Ps.119.119
PSA 119:120,COPY_OR_MERGE,Ps.119.120
PSA 119:121,COPY_OR_MERGE,Ps.119.121
PSA 119:122,COPY_OR_MERGE,Ps.119.122
PSA 119:123,COPY_OR_MERGE,Ps.119.123
PSA 119:124,COPY_OR_MERGE,Ps.119.124
PSA 119:125,COPY_OR_MERGE,Ps.119.125
PSA 119:126,COPY_OR_MERGE,Ps.119.126
PSA 119:127,COPY_OR_MERGE,Ps.119.127
PSA 119:128,COPY_OR_MERGE,Ps.119.128
PSA 119:129,COPY_OR_MERGE,Ps.119.129
PSA 119:130,COPY_OR_MERGE,Ps.119.130
PSA 119:131,COPY_OR_MERGE,Ps.119.131
PSA 119:132,COPY_OR_MERGE,Ps.119.132
PSA 119:133,COPY_OR_MERGE,Ps.119.133
PSA 119:134,COPY_OR_MERGE,Ps.119.134
PSA 119:135,COPY_OR_MERGE,Ps.119.135
PSA 119:136,COPY_OR_MERGE,Ps.119.136
PSA 119:137,COPY_OR_MERGE,Ps.119.137
PSA 119:138,COPY_OR_MERGE,Ps.119.138
PSA 119:139,COPY_OR_MERGE,Ps.119.139
PSA 119:140,COPY_OR_MERGE,Ps.119.140
PSA 119:141,COPY_OR_MERGE,Ps.119.141
PSA 119:142,COPY_OR_MERGE,Ps.119.142
PSA 119:143,COPY_OR_MERGE,Ps.119.143
PSA 119:144,COPY_OR_MERGE,Ps.119.144
PSA 119:145,COPY_OR_MERGE,Ps.119.145
PSA 119:146,COPY_OR_MERGE,Ps.119.146
PSA 119:147,COPY_OR_MERGE,Ps.119.147
PSA 119:148,COPY_OR_MERGE,Ps.119.148
PSA 119:149,COPY_OR_MERGE,Ps.119.149
PSA 119:150,COPY_OR_MERGE,Ps.119.150
PSA 119:151,COPY_OR_MERGE,Ps.119.151
PSA 119:152,COPY_OR_MERGE,Ps.119.152
PSA 119:153,COPY_OR_MERGE,Ps.119.153
PSA 119:154,COPY_OR_MERGE,Ps.119.154
PSA 119:155,COPY_OR_MERGE,Ps.119.155
PSA 119:156,COPY_OR_MERGE,Ps.119.156
PSA 119:157,COPY_OR_MERGE,Ps.119.157
PSA 119:158,COPY_OR_MERGE,Ps.119.158
PSA 119:159,COPY_OR_MERGE,Ps.119.159
PSA 119:160,COPY_OR_MERGE,Ps.119.160
PSA 119:161,COPY_OR_MERGE,Ps.119.161
PSA 119:162,COPY_OR_MERGE,Ps.119.162
PSA 119:163,COPY_OR_MERGE,Ps.119.163
PSA 119:164,COPY_OR_MERGE,Ps.119.164
PSA 119:165,COPY_OR_MERGE,Ps.119.165
PSA 119:166,COPY_OR_MERGE,Ps.119.166
PSA 119:167,COPY_OR_MERGE,Ps.119.167
PSA 119:168,COPY_OR_MERGE,Ps.119.168
PSA 119:169,COPY_OR_MERGE,Ps.119.169
PSA 119:170,COPY_OR_MERGE,Ps.119.170
PSA 119:171,COPY_OR_MERGE,Ps.119.171
PSA 119:172,COPY_OR_MERGE,Ps.119.172
PSA 119:173,COPY_OR_MERGE,Ps.119.173
PSA 119:174,COPY_OR_MERGE,Ps.119.174
PSA 119:175,COPY_OR_MERGE,Ps.119.175
PSA 119:176,COPY_OR_MERGE,Ps.119.176
PSA 120:1,COPY_OR_MERGE,Ps.120.1
PSA 120:2,COPY_OR_MERGE,Ps.120.2
PSA 120:3,COPY_OR_MERGE,Ps.120.3
PSA 120:4,COPY_OR_MERGE,Ps.120.4
PSA 120:5,COPY_OR_MERGE,Ps.120.5
PSA 120:6,COPY_OR_MERGE,Ps.120.6
PSA 120:7,COPY_OR_MERGE,Ps.120.7
PSA 121:1,COPY_OR_MERGE,Ps.121.1
PSA 121:2,COPY_OR_MERGE,Ps.121.2
PSA 121:3,COPY_OR_MERGE,Ps.121.3
PSA 121:4,COPY_OR_MERGE,Ps.121.4
PSA 121:5,COPY_OR_MERGE,Ps.121.5
PSA 121:6,COPY_OR_MERGE,Ps.121.6
PSA 121:7,COPY_OR_MERGE,Ps.121.7
PSA 121:8,COPY_OR_MERGE,Ps.121.8
PSA 122:1,COPY_OR_MERGE,Ps.122.1
PSA 122:2,COPY_OR_MERGE,Ps.122.2
PSA 122:3,COPY_OR_MERGE,Ps.122.3
PSA 122:4,COPY_OR_MERGE,Ps.122.4
PSA 122:5,COPY_OR_MERGE,Ps.122.5
PSA 122:6,COPY_OR_MERGE,Ps.122.6
PSA 122:7,COPY_OR_MERGE,Ps.122.7
PSA 122:8,COPY_OR_MERGE,Ps.122.8
PSA 122:9,COPY_OR_MERGE,Ps.122.9
PSA 123:1,COPY_OR_MERGE,Ps.123.1
PSA 123:2,COPY_OR_MERGE,Ps.123.2
PSA 123:3,COPY_OR_MERGE,Ps.123.3
PSA 123:4,COPY_OR_MERGE,Ps.123.4
PSA 124:1,COPY_OR_MERGE,Ps.124.1
PSA 124:2,COPY_OR_MERGE,Ps.124.2
PSA 124:3,COPY_OR_MERGE,Ps.124.3
PSA 124:4,COPY_OR_MERGE,Ps.124.4
PSA 124:5,COPY_OR_MERGE,Ps.124.5
PSA 124:6,COPY_OR_MERGE,Ps.124.6
PSA 124:7,COPY_OR_MERGE,Ps.124.7
PSA 124:8,COPY_OR_MERGE,Ps.124.8
PSA 125:1,COPY_OR_MERGE,Ps.125.1
PSA 125:2,COPY_OR_MERGE,Ps.125.2
PSA 125:3,COPY_OR_MERGE,Ps.125.3
PSA 125:4,COPY_OR_MERGE,Ps.125.4
PSA 125:5,COPY_OR_MERGE,Ps.125.5
PSA 126:1,COPY_OR_MERGE,Ps.126.1
PSA 126:2,COPY_OR_MERGE,Ps.126.2
PSA 126:3,COPY_OR_MERGE,Ps.126.3
PSA 126:4,COPY_OR_MERGE,Ps.126.4
PSA 126:5,COPY_OR_MERGE,Ps.126.5
PSA 126:6,COPY_OR_MERGE,Ps.126.6
PSA 127:1,COPY_OR_MERGE,Ps.127.1
PSA 127:2,COPY_OR_MERGE,Ps.127.2
PSA 127:3,COPY_OR_MERGE,Ps.127.3
PSA 127:4,COPY_OR_MERGE,Ps.127.4
PSA 127:5,COPY_OR_MERGE,Ps.127.5
PSA 128:1,COPY_OR_MERGE,Ps.128.1
PSA 128:2,COPY_OR_MERGE,Ps.128.2
PSA 128:3,COPY_OR_MERGE,Ps.128.3
PSA 128:4,COPY_OR_MERGE,Ps.128.4
PSA 128:5,COPY_OR_MERGE,Ps.128.5
PSA 128:6,COPY_OR_MERGE,Ps.128.6
PSA 129:1,COPY_OR_MERGE,Ps.129.1
PSA 129:2,COPY_OR_MERGE,Ps.129.2
PSA 129:3,COPY_OR_MERGE,Ps.129.3
PSA 129:4,COPY_OR_MERGE,Ps.129.4
PSA 129:5,COPY_OR_MERGE,Ps.129.5
PSA 129:6,COPY_OR_MERGE,Ps.129.6
PSA 129:7,COPY_OR_MERGE,Ps.129.7
PSA 129:8,COPY_OR_MERGE,Ps.129.8
PSA 130:1,COPY_OR_MERGE,Ps.130.1
PSA 130:2,COPY_OR_MERGE,Ps.130.2
PSA 130:3,COPY_OR_MERGE,Ps.130.3
PSA 130:4,COPY_OR_MERGE,Ps.130.4
PSA 130:5,COPY_OR_MERGE,Ps.130.5
PSA 130:6,COPY_OR_MERGE,Ps.130.6
PSA 130:7,COPY_OR_MERGE,Ps.130.7
PSA 130:8,COPY_OR_MERGE,Ps.130.8
PSA 131:1,COPY_OR_MERGE,Ps.131.1
PSA 131:2,COPY_OR_MERGE,Ps.131.2
PSA 131:3,COPY_OR_MERGE,Ps.131.3
PSA 132:1,COPY_OR_MERGE,Ps.132.1
PSA 132:2,COPY_OR_MERGE,Ps.132.2
PSA 132:3,COPY_OR_MERGE,Ps.132.3
PSA 132:4,COPY_OR_MERGE,Ps.132.4
PSA 132:5,COPY_OR_MERGE,Ps.132.5
PSA 132:6,COPY_OR_MERGE,Ps.132.6
PSA 132:7,COPY_OR_MERGE,Ps.132.7
PSA 132:8,COPY_OR_MERGE,Ps.132.8
PSA 132:9,COPY_OR_MERGE,Ps.132.9
PSA 132:10,COPY_OR_MERGE,Ps.132.10
PSA 132:11,COPY_OR_MERGE,Ps.132.11
PSA 132:12,COPY_OR_MERGE,Ps.132.12
PSA 132:13,COPY_OR_MERGE,Ps.132.13
PSA 132:14,COPY_OR_MERGE,Ps.132.14
PSA 132:15,COPY_OR_MERGE,Ps.132.15
PSA 132:16,COPY_OR_MERGE,Ps.132.16
PSA 132:17,COPY_OR_MERGE,Ps.132.17
PSA 132:18,COPY_OR_MERGE,Ps.132.18
PSA 133:1,COPY_OR_MERGE,Ps.133.1
PSA 133:2,COPY_OR_MERGE,Ps.133.2
PSA 133:3,COPY_OR_MERGE,Ps.133.3
PSA 134:1,COPY_OR_MERGE,Ps.134.1
PSA 134:2,COPY_OR_MERGE,Ps.134.2
PSA 134:3,COPY_OR_MERGE,Ps.134.3
PSA 135:1,COPY_OR_MERGE,Ps.135.1
PSA 135:2,COPY_OR_MERGE,Ps.135.2
PSA 135:3,COPY_OR_MERGE,Ps.135.3
PSA 135:4,COPY_OR_MERGE,Ps.135.4
PSA 135:5,COPY_OR_MERGE,Ps.135.5
PSA 135:6,COPY_OR_MERGE,Ps.135.6
PSA 135:7,COPY_OR_MERGE,Ps.135.7
PSA 135:8,COPY_OR_MERGE,Ps.135.8
PSA 135:9,COPY_OR_MERGE,Ps.135.9
PSA 135:10,COPY_OR_MERGE,Ps.135.10
PSA 135:11,COPY_OR_MERGE,Ps.135.11
PSA 135:12,COPY_OR_MERGE,Ps.135.12
PSA 135:13,COPY_OR_MERGE,Ps.135.13
PSA 135:14,COPY_OR_MERGE,Ps.135.14
PSA 135:15,COPY_OR_MERGE,Ps.135.15
PSA 135:16,COPY_OR_MERGE,Ps.135.16
PSA 135:17,COPY_OR_MERGE,Ps.135.17
PSA 135:18,COPY_OR_MERGE,Ps.135.18
PSA 135:19,COPY_OR_MERGE,Ps.135.19
PSA 135:20,COPY_OR_MERGE,Ps.135.20
PSA 135:21,COPY_OR_MERGE,Ps.135.21
PSA 136:1,COPY_OR_MERGE,Ps.136.1
PSA 136:2,COPY_OR_MERGE,Ps.136.2
PSA 136:3,COPY_OR_MERGE,Ps.136.3
PSA 136:4,COPY_OR_MERGE,Ps.136.4
PSA 136:5,COPY_OR_MERGE,Ps.136.5
PSA 136:6,COPY_OR_MERGE,Ps.136.6
PSA 136:7,COPY_OR_MERGE,Ps.136.7
PSA 136:8,COPY_OR_MERGE,Ps.136.8
PSA 136:9,COPY_OR_MERGE,Ps.136.9
PSA 136:10,COPY_OR_MERGE,Ps.136.10
PSA 136:11,COPY_OR_MERGE,Ps.136.11
PSA 136:12,COPY_OR_MERGE,Ps.136.12
PSA 136:13,COPY_OR_MERGE,Ps.136.13
PSA 136:14,COPY_OR_MERGE,Ps.136.14
PSA 136:15,COPY_OR_MERGE,Ps.136.15
PSA 136:16,COPY_OR_MERGE,Ps.136.16
PSA 136:17,COPY_OR_MERGE,Ps.136.17
PSA 136:18,COPY_OR_MERGE,Ps.136.18
PSA 136:19,COPY_OR_MERGE,Ps.136.19
PSA 136:20,COPY_OR_MERGE,Ps.136.20
PSA 136:21,COPY_OR_MERGE,Ps.136.21
PSA 136:22,COPY_OR_MERGE,Ps.136.22
PSA 136:23,COPY_OR_MERGE,Ps.136.23
PSA 136:24,COPY_OR_MERGE,Ps.136.24
PSA 136:25,COPY_OR_MERGE,Ps.136.25
PSA 136:26,COPY_OR_MERGE,Ps.136.26
PSA 137:1,COPY_OR_MERGE,Ps.137.1
PSA 137:2,COPY_OR_MERGE,Ps.137.2
PSA 137:3,COPY_OR_MERGE,Ps.137.3
PSA 137:4,COPY_OR_MERGE,Ps.137.4
PSA 137:5,COPY_OR_MERGE,Ps.137.5
PSA 137:6,COPY_OR_MERGE,Ps.137.6
PSA 137:7,COPY_OR_MERGE,Ps.137.7
PSA 137:8,COPY_OR_MERGE,Ps.137.8
PSA 137:9,COPY_OR_MERGE,Ps.137.9
PSA 138:1,COPY_OR_MERGE,Ps.138.1
PSA 138:2,COPY_OR_MERGE,Ps.138.2
PSA 138:3,COPY_OR_MERGE,Ps.138.3
PSA 138:4,COPY_OR_MERGE,Ps.138.4
PSA 138:5,COPY_OR_MERGE,Ps.138.5
PSA 138:6,COPY_OR_MERGE,Ps.138.6
PSA 138:7,COPY_OR_MERGE,Ps.138.7
PSA 138:8,COPY_OR_MERGE,Ps.138.8
PSA 139:1,COPY_OR_MERGE,Ps.139.1
PSA 139:2,COPY_OR_MERGE,Ps.139.2
PSA 139:3,COPY_OR_MERGE,Ps.139.3
PSA 139:4,COPY_OR_MERGE,Ps.139.4
PSA 139:5,COPY_OR_MERGE,Ps.139.5
PSA 139:6,COPY_OR_MERGE,Ps.139.6
PSA 139:7,COPY_OR_MERGE,Ps.139.7
PSA 139:8,COPY_OR_MERGE,Ps.139.8
PSA 139:9,COPY_OR_MERGE,Ps.139.9
PSA 139:10,COPY_OR_MERGE,Ps.139.10
PSA 139:11,COPY_OR_MERGE,Ps.139.11
PSA 139:12,COPY_OR_MERGE,Ps.139.12
PSA 139:13,COPY_OR_MERGE,Ps.139.13
PSA 139:14,COPY_OR_MERGE,Ps.139.14
PSA 139:15,COPY_OR_MERGE,Ps.139.15
PSA 139:16,COPY_OR_MERGE,Ps.139.16
PSA 139:17,COPY_OR_MERGE,Ps.139.17
PSA 139:18,COPY_OR_MERGE,Ps.139.18
PSA 139:19,COPY_OR_MERGE,Ps.139.19
PSA 139:20,COPY_OR_MERGE,Ps.139.20
PSA 139:21,COPY_OR_MERGE,Ps.139.21
PSA 139:22,COPY_OR_MERGE,Ps.139.22
PSA 139:23,COPY_OR_MERGE,Ps.139.23
PSA 139:24,COPY_OR_MERGE,Ps.139.24
PSA 140:1,COPY_OR_MERGE,Ps.140.1; Ps.140.2
PSA 140:2,COPY_OR_MERGE,Ps.140.3
PSA 140:3,COPY_OR_MERGE,Ps.140.4
PSA 140:4,COPY_OR_MERGE,Ps.140.5
PSA 140:5,COPY_OR_MERGE,Ps.140.6
PSA 140:6,COPY_OR_MERGE,Ps.140.7
PSA 140:7,COPY_OR_MERGE,Ps.140.8
PSA 140:8,COPY_OR_MERGE,Ps.140.9
PSA 140:9,COPY_OR_MERGE,Ps.140.10
PSA 140:10,COPY_OR_MERGE,Ps.140.11
PSA 140:11,COPY_OR_MERGE,Ps.140.12
PSA 140:12,COPY_OR_MERGE,Ps.140.13
PSA 140:13,COPY_OR_MERGE,Ps.140.14
PSA 141:1,COPY_OR_MERGE,Ps.141.1
PSA 141:2,COPY_OR_MERGE,Ps.141.2
PSA 141:3,COPY_OR_MERGE,Ps.141.3
PSA 141:4,COPY_OR_MERGE,Ps.141.4
PSA 141:5,COPY_OR_MERGE,Ps.141.5
PSA 141:6,COPY_OR_MERGE,Ps.141.6
PSA 141:7,COPY_OR_MERGE,Ps.141.7
PSA 141:8,COPY_OR_MERGE,Ps.141.8
PSA 141:9,COPY_OR_MERGE,Ps.141.9
PSA 141:10,COPY_OR_MERGE,Ps.141.10
PSA 142:1,COPY_OR_MERGE,Ps.142.1; Ps.142.2
PSA 142:2,COPY_OR_MERGE,Ps.142.3
PSA 142:3,COPY_OR_MERGE,Ps.142.4
PSA 142:4,COPY_OR_MERGE,Ps.142.5
PSA 142:5,COPY_OR_MERGE,Ps.142.6
PSA 142:6,COPY_OR_MERGE,Ps.142.7
PSA 142:7,COPY_OR_MERGE,Ps.142.8
PSA 143:1,COPY_OR_MERGE,Ps.143.1
PSA 143:2,COPY_OR_MERGE,Ps.143.2
PSA 143:3,COPY_OR_MERGE,Ps.143.3
PSA 143:4,COPY_OR_MERGE,Ps.143.4
PSA 143:5,COPY_OR_MERGE,Ps.143.5
PSA 143:6,COPY_OR_MERGE,Ps.143.6
PSA 143:7,COPY_OR_MERGE,Ps.143.7
PSA 143:8,COPY_OR_MERGE,Ps.143.8
PSA 143:9,COPY_OR_MERGE,Ps.143.9
PSA 143:10,COPY_OR_MERGE,Ps.143.10
PSA 143:11,COPY_OR_MERGE,Ps.143.11
PSA 143:12,COPY_OR_MERGE,Ps.143.12
PSA 144:1,COPY_OR_MERGE,Ps.144.1
PSA 144:2,COPY_OR_MERGE,Ps.144.2
PSA 144:3,COPY_OR_MERGE,Ps.144.3
PSA 144:4,COPY_OR_MERGE,Ps.144.4
PSA 144:5,COPY_OR_MERGE,Ps.144.5
PSA 144:6,COPY_OR_MERGE,Ps.144.6
PSA 144:7,COPY_OR_MERGE,Ps.144.7
PSA 144:8,COPY_OR_MERGE,Ps.144.8
PSA 144:9,COPY_OR_MERGE,Ps.144.9
PSA 144:10,COPY_OR_MERGE,Ps.144.10
PSA 144:11,COPY_OR_MERGE,Ps.144.11
PSA 144:12,COPY_OR_MERGE,Ps.144.12
PSA 144:13,COPY_OR_MERGE,Ps.144.13
PSA 144:14,COPY_OR_MERGE,Ps.144.14
PSA 144:15,COPY_OR_MERGE,Ps.144.15
PSA 145:1,COPY_OR_MERGE,Ps.145.1
PSA 145:2,COPY_OR_MERGE,Ps.145.2
PSA 145:3,COPY_OR_MERGE,Ps.145.3
PSA 145:4,COPY_OR_MERGE,Ps.145.4
PSA 145:5,COPY_OR_MERGE,Ps.145.5
PSA 145:6,COPY_OR_MERGE,Ps.145.6
PSA 145:7,COPY_OR_MERGE,Ps.145.7
PSA 145:8,COPY_OR_MERGE,Ps.145.8
PSA 145:9,COPY_OR_MERGE,Ps.145.9
PSA 145:10,COPY_OR_MERGE,Ps.145.10
PSA 145:11,COPY_OR_MERGE,Ps.145.11
PSA 145:12,COPY_OR_MERGE,Ps.145.12
PSA 145:13,COPY_OR_MERGE,Ps.145.13
PSA 145:14,COPY_OR_MERGE,Ps.145.14
PSA 145:15,COPY_OR_MERGE,Ps.145.15
PSA 145:16,COPY_OR_MERGE,Ps.145.16
PSA 145:17,COPY_OR_MERGE,Ps.145.17
PSA 145:18,COPY_OR_MERGE,Ps.145.18
PSA 145:19,COPY_OR_MERGE,Ps.145.19
PSA 145:20,COPY_OR_MERGE,Ps.145.20
PSA 145:21,COPY_OR_MERGE,Ps.145.21
PSA 146:1,COPY_OR_MERGE,Ps.146.1
PSA 146:2,COPY_OR_MERGE,Ps.146.2
PSA 146:3,COPY_OR_MERGE,Ps.146.3
PSA 146:4,COPY_OR_MERGE,Ps.146.4
PSA 146:5,COPY_OR_MERGE,Ps.146.5
PSA 146:6,COPY_OR_MERGE,Ps.146.6
PSA 146:7,COPY_OR_MERGE,Ps.146.7
PSA 146:8,COPY_OR_MERGE,Ps.146.8
PSA 146:9,COPY_OR_MERGE,Ps.146.9
PSA 146:10,COPY_OR_MERGE,Ps.146.10
PSA 147:1,COPY_OR_MERGE,Ps.147.1
PSA 147:2,COPY_OR_MERGE,Ps.147.2
PSA 147:3,COPY_OR_MERGE,Ps.147.3
PSA 147:4,COPY_OR_MERGE,Ps.147.4
PSA 147:5,COPY_OR_MERGE,Ps.147.5
PSA 147:6,COPY_OR_MERGE,Ps.147.6
PSA 147:7,COPY_OR_MERGE,Ps.147.7
PSA 147:8,COPY_OR_MERGE,Ps.147.8
PSA 147:9,COPY_OR_MERGE,Ps.147.9
PSA 147:10,COPY_OR_MERGE,Ps.147.10
PSA 147:11,COPY_OR_MERGE,Ps.147.11
PSA 147:12,COPY_OR_MERGE,Ps.147.12
PSA 147:13,COPY_OR_MERGE,Ps.147.13
PSA 147:14,COPY_OR_MERGE,Ps.147.14
PSA 147:15,COPY_OR_MERGE,Ps.147.15
PSA 147:16,COPY_OR_MERGE,Ps.147.16
PSA 147:17,COPY_OR_MERGE,Ps.147.17
PSA 147:18,COPY_OR_MERGE,Ps.147.18
PSA 147:19,COPY_OR_MERGE,Ps.147.19
PSA 147:20,COPY_OR_MERGE,Ps.147.20
PSA 148:1,COPY_OR_MERGE,Ps.148.1
PSA 148:2,COPY_OR_MERGE,Ps.148.2
PSA 148:3,COPY_OR_MERGE,Ps.148.3
PSA 148:4,COPY_OR_MERGE,Ps.148.4
PSA 148:5,COPY_OR_MERGE,Ps.148.5
PSA 148:6,COPY_OR_MERGE,Ps.148.6
PSA 148:7,COPY_OR_MERGE,Ps.148.7
PSA 148:8,COPY_OR_MERGE,Ps.148.8
PSA 148:9,COPY_OR_MERGE,Ps.148.9
PSA 148:10,COPY_OR_MERGE,Ps.148.10
PSA 148:11,COPY_OR_MERGE,Ps.148.11
PSA 148:12,COPY_OR_MERGE,Ps.148.12
PSA 148:13,COPY_OR_MERGE,Ps.148.13
PSA 148:14,COPY_OR_MERGE,Ps.148.14
PSA 149:1,COPY_OR_MERGE,Ps.149.1
PSA 149:2,COPY_OR_MERGE,Ps.149.2
PSA 149:3,COPY_OR_MERGE,Ps.149.3
PSA 149:4,COPY_OR_MERGE,Ps.149.4
PSA 149:5,COPY_OR_MERGE,Ps.149.5
PSA 149:6,COPY_OR_MERGE,Ps.149.6
PSA 149:7,COPY_OR_MERGE,Ps.149.7
PSA 149:8,COPY_OR_MERGE,Ps.149.8
PSA 149:9,COPY_OR_MERGE,Ps.149.9
PSA 150:1,COPY_OR_MERGE,Ps.150.1
PSA 150:2,COPY_OR_MERGE,Ps.150.2
PSA 150:3,COPY_OR_MERGE,Ps.150.3
PSA 150:4,COPY_OR_MERGE,Ps.150.4
PSA 150:5,COPY_OR_MERGE,Ps.150.5
PSA 150:6,COPY_OR_MERGE,Ps.150.6
RUT 1:1,COPY_OR_MERGE,Ruth.1.1
RUT 1:2,COPY_OR_MERGE,Ruth.1.2
RUT 1:3,COPY_OR_MERGE,Ruth.1.3
RUT 1:4,COPY_OR_MERGE,Ruth.1.4
RUT 1:5,COPY_OR_MERGE,Ruth.1.5
RUT 1:6,COPY_OR_MERGE,Ruth.1.6
RUT 1:7,COPY_OR_MERGE,Ruth.1.7
RUT 1:8,COPY_OR_MERGE,Ruth.1.8
RUT 1:9,COPY_OR_MERGE,Ruth.1.9
RUT 1:10,COPY_OR_MERGE,Ruth.1.10
RUT 1:11,COPY_OR_MERGE,Ruth.1.11
RUT 1:12,COPY_OR_MERGE,Ruth.1.12
RUT 1:13,COPY_OR_MERGE,Ruth.1.13
RUT 1:14,COPY_OR_MERGE,Ruth.1.14
RUT 1:15,COPY_OR_MERGE,Ruth.1.15
RUT 1:16,COPY_OR_MERGE,Ruth.1.16
RUT 1:17,COPY_OR_MERGE,Ruth.1.17
RUT 1:18,COPY_OR_MERGE,Ruth.1.18
RUT 1:19,COPY_OR_MERGE,Ruth.1.19
RUT 1:20,COPY_OR_MERGE,Ruth.1.20
RUT 1:21,COPY_OR_MERGE,Ruth.1.21
RUT 1:22,COPY_OR_MERGE,Ruth.1.22
RUT 2:1,COPY_OR_MERGE,Ruth.2.1
RUT 2:2,COPY_OR_MERGE,Ruth.2.2
RUT 2:3,COPY_OR_MERGE,Ruth.2.3
RUT 2:4,COPY_OR_MERGE,Ruth.2.4
RUT 2:5,COPY_OR_MERGE,Ruth.2.5
RUT 2:6,COPY_OR_MERGE,Ruth.2.6
RUT 2:7,COPY_OR_MERGE,Ruth.2.7
RUT 2:8,COPY_OR_MERGE,Ruth.2.8
RUT 2:9,COPY_OR_MERGE,Ruth.2.9
RUT 2:10,COPY_OR_MERGE,Ruth.2.10
RUT 2:11,COPY_OR_MERGE,Ruth.2.11
RUT 2:12,COPY_OR_MERGE,Ruth.2.12
RUT 2:13,COPY_OR_MERGE,Ruth.2.13
RUT 2:14,COPY_OR_MERGE,Ruth.2.14
RUT 2:15,COPY_OR_MERGE,Ruth.2.15
RUT 2:16,COPY_OR_MERGE,Ruth.2.16
RUT 2:17,COPY_OR_MERGE,Ruth.2.17
RUT 2:18,COPY_OR_MERGE,Ruth.2.18
RUT 2:19,COPY_OR_MERGE,Ruth.2.19
RUT 2:20,COPY_OR_MERGE,Ruth.2.20
RUT 2:21,COPY_OR_MERGE,Ruth.2.21
RUT 2:22,COPY_OR_MERGE,Ruth.2.22
RUT 2:23,COPY_OR_MERGE,Ruth.2.23
RUT 3:1,COPY_OR_MERGE,Ruth.3.1
RUT 3:2,COPY_OR_MERGE,Ruth.3.2
RUT 3:3,COPY_OR_MERGE,Ruth.3.3
RUT 3:4,COPY_OR_MERGE,Ruth.3.4
RUT 3:5,COPY_OR_MERGE,Ruth.3.5
RUT 3:6,COPY_OR_MERGE,Ruth.3.6
RUT 3:7,COPY_OR_MERGE,Ruth.3.7
RUT 3:8,COPY_OR_MERGE,Ruth.3.8
RUT 3:9,COPY_OR_MERGE,Ruth.3.9
RUT 3:10,COPY_OR_MERGE,Ruth.3.10
RUT 3:11,COPY_OR_MERGE,Ruth.3.11
RUT 3:12,COPY_OR_MERGE,Ruth.3.12
RUT 3:13,COPY_OR_MERGE,Ruth.3.13
RUT 3:14,COPY_OR_MERGE,Ruth.3.14
RUT 3:15,COPY_OR_MERGE,Ruth.3.15
RUT 3:16,COPY_OR_MERGE,Ruth.3.16
RUT 3:17,COPY_OR_MERGE,Ruth.3.17
RUT 3:18,COPY_OR_MERGE,Ruth.3.18
RUT 4:1,COPY_OR_MERGE,Ruth.4.1
RUT 4:2,COPY_OR_MERGE,Ruth.4.2
RUT 4:3,COPY_OR_MERGE,Ruth.4.3
RUT 4:4,COPY_OR_MERGE,Ruth.4.4
RUT 4:5,COPY_OR_MERGE,Ruth.4.5
RUT 4:6,COPY_OR_MERGE,Ruth.4.6
RUT 4:7,COPY_OR_MERGE,Ruth.4.7
RUT 4:8,COPY_OR_MERGE,Ruth.4.8
RUT 4:9,COPY_OR_MERGE,Ruth.4.9
RUT 4:10,COPY_OR_MERGE,Ruth.4.10
RUT 4:11,COPY_OR_MERGE,Ruth.4.11
RUT 4:12,COPY_OR_MERGE,Ruth.4.12
RUT 4:13,COPY_OR_MERGE,Ruth.4.13
RUT 4:14,COPY_OR_MERGE,Ruth.4.14
RUT 4:15,COPY_OR_MERGE,Ruth.4.15
RUT 4:16,COPY_OR_MERGE,Ruth.4.16
RUT 4:17,COPY_OR_MERGE,Ruth.4.17
RUT 4:18,COPY_OR_MERGE,Ruth.4.18
RUT 4:19,COPY_OR_MERGE,Ruth.4.19
RUT 4:20,COPY_OR_MERGE,Ruth.4.20
RUT 4:21,COPY_OR_MERGE,Ruth.4.21
RUT 4:22,COPY_OR_MERGE,Ruth.4.22
SNG 1:1,COPY_OR_MERGE,Song.1.1
SNG 1:2,COPY_OR_MERGE,Song.1.2
SNG 1:3,COPY_OR_MERGE,Song.1.3
SNG 1:4,COPY_OR_MERGE,Song.1.4
SNG 1:5,COPY_OR_MERGE,Song.1.5
SNG 1:6,COPY_OR_MERGE,Song.1.6
SNG 1:7,COPY_OR_MERGE,Song.1.7
SNG 1:8,COPY_OR_MERGE,Song.1.8
SNG 1:9,COPY_OR_MERGE,Song.1.9
SNG 1:10,COPY_OR_MERGE,Song.1.10
SNG 1:11,COPY_OR_MERGE,Song.1.11
SNG 1:12,COPY_OR_MERGE,Song.1.12
SNG 1:13,COPY_OR_MERGE,Song.1.13
SNG 1:14,COPY_OR_MERGE,Song.1.14
SNG 1:15,COPY_OR_MERGE,Song.1.15
SNG 1:16,COPY_OR_MERGE,Song.1.16
SNG 1:17,COPY_OR_MERGE,Song.1.17
SNG 2:1,COPY_OR_MERGE,Song.2.1
SNG 2:2,COPY_OR_MERGE,Song.2.2
SNG 2:3,COPY_OR_MERGE,Song.2.3
SNG 2:4,COPY_OR_MERGE,Song.2.4
SNG 2:5,COPY_OR_MERGE,Song.2.5
SNG 2:6,COPY_OR_MERGE,Song.2.6
SNG 2:7,COPY_OR_MERGE,Song.2.7
SNG 2:8,COPY_OR_MERGE,Song.2.8
SNG 2:9,COPY_OR_MERGE,Song.2.9
SNG 2:10,COPY_OR_MERGE,Song.2.10
SNG 2:11,COPY_OR_MERGE,Song.2.11
SNG 2:12,COPY_OR_MERGE,Song.2.12
SNG 2:13,COPY_OR_MERGE,Song.2.13
SNG 2:14,COPY_OR_MERGE,Song.2.14
SNG 2:15,COPY_OR_MERGE,Song.2.15
SNG 2:16,COPY_OR_MERGE,Song.2.16
SNG 2:17,COPY_OR_MERGE,Song.2.17
SNG 3:1,COPY_OR_MERGE,Song.3.1
SNG 3:2,COPY_OR_MERGE,Song.3.2
SNG 3:3,COPY_OR_MERGE,Song.3.3
SNG 3:4,COPY_OR_MERGE,Song.3.4
SNG 3:5,COPY_OR_MERGE,Song.3.5
SNG 3:6,COPY_OR_MERGE,Song.3.6
SNG 3:7,COPY_OR_MERGE,Song.3.7
SNG 3:8,COPY_OR_MERGE,Song.3.8
SNG 3:9,COPY_OR_MERGE,Song.3.9
SNG 3:10,COPY_OR_MERGE,Song.3.10
SNG 3:11,COPY_OR_MERGE,Song.3.11
SNG 4:1,COPY_OR_MERGE,Song.4.1
SNG 4:2,COPY_OR_MERGE,Song.4.2
SNG 4:3,COPY_OR_MERGE,Song.4.3
SNG 4:4,COPY_OR_MERGE,Song.4.4
SNG 4:5,COPY_OR_MERGE,Song.4.5
SNG 4:6,COPY_OR_MERGE,Song.4.6
SNG 4:7,COPY_OR_MERGE,Song.4.7
SNG 4:8,COPY_OR_MERGE,Song.4.8
SNG 4:9,COPY_OR_MERGE,Song.4.9
SNG 4:10,COPY_OR_MERGE,Song.4.10
SNG 4:11,COPY_OR_MERGE,Song.4.11
SNG 4:12,COPY_OR_MERGE,Song.4.12
SNG 4:13,COPY_OR_MERGE,Song.4.13
SNG 4:14,COPY_OR_MERGE,Song.4.14
SNG 4:15,COPY_OR_MERGE,Song.4.15
SNG 4:16,COPY_OR_MERGE,Song.4.16
SNG 5:1,COPY_OR_MERGE,Song.5.1
SNG 5:2,COPY_OR_MERGE,Song.5.2
SNG 5:3,COPY_OR_MERGE,Song.5.3
SNG 5:4,COPY_OR_MERGE,Song.5.4
SNG 5:5,COPY_OR_MERGE,Song.5.5
SNG 5:6,COPY_OR_MERGE,Song.5.6
SNG 5:7,COPY_OR_MERGE,Song.5.7
SNG 5:8,COPY_OR_MERGE,Song.5.8
SNG 5:9,COPY_OR_MERGE,Song.5.9
SNG 5:10,COPY_OR_MERGE,Song.5.10
SNG 5:11,COPY_OR_MERGE,Song.5.11
SNG 5:12,COPY_OR_MERGE,Song.5.12
SNG 5:13,COPY_OR_MERGE,Song.5.13
SNG 5:14,COPY_OR_MERGE,Song.5.14
SNG 5:15,COPY_OR_MERGE,Song.5.15
SNG 5:16,COPY_OR_MERGE,Song.5.16
SNG 6:1,COPY_OR_MERGE,Song.6.1
SNG 6:2,COPY_OR_MERGE,Song.6.2
SNG 6:3,COPY_OR_MERGE,Song.6.3
SNG 6:4,COPY_OR_MERGE,Song.6.4
SNG 6:5,COPY_OR_MERGE,Song.6.5
SNG 6:6,COPY_OR_MERGE,Song.6.6
SNG 6:7,COPY_OR_MERGE,Song.6.7
SNG 6:8,COPY_OR_MERGE,Song.6.8
SNG 6:9,COPY_OR_MERGE,Song.6.9
SNG 6:10,COPY_OR_MERGE,Song.6.10
SNG 6:11,COPY_OR_MERGE,Song.6.11
SNG 6:12,COPY_OR_MERGE,Song.6.12
SNG 6:13,COPY_OR_MERGE,Song.7.1
SNG 7:1,COPY_OR_MERGE,Song.7.2
SNG 7:2,COPY_OR_MERGE,Song.7.3
SNG 7:3,COPY_OR_MERGE,Song.7.4
SNG 7:4,COPY_OR_MERGE,Song.7.5
SNG 7:5,COPY_OR_MERGE,Song.7.6
SNG 7:6,COPY_OR_MERGE,Song.7.7
SNG 7:7,COPY_OR_MERGE,Song.7.8
SNG 7:8,COPY_OR_MERGE,Song.7.9
SNG 7:9,COPY_OR_MERGE,Song.7.10
SNG 7:10,COPY_OR_MERGE,Song.7.11
SNG 7:11,COPY_OR_MERGE,Song.7.12
SNG 7:12,COPY_OR_MERGE,Song.7.13
SNG 7:13,COPY_OR_MERGE,Song.7.14
SNG 8:1,COPY_OR_MERGE,Song.8.1
SNG 8:2,COPY_OR_MERGE,Song.8.2
SNG 8:3,COPY_OR_MERGE,Song.8.3
SNG 8:4,COPY_OR_MERGE,Song.8.4
SNG 8:5,COPY_OR_MERGE,Song.8.5
SNG 8:6,COPY_OR_MERGE,Song.8.6
SNG 8:7,COPY_OR_MERGE,Song.8.7
SNG 8:8,COPY_OR_MERGE,Song.8.8
SNG 8:9,COPY_OR_MERGE,Song.8.9
SNG 8:10,COPY_OR_MERGE,Song.8.10
SNG 8:11,COPY_OR_MERGE,Song.8.11
SNG 8:12,COPY_OR_MERGE,Song.8.12
SNG 8:13,COPY_OR_MERGE,Song.8.13
SNG 8:14,COPY_OR_MERGE,Song.8.14
ZEC 1:1,COPY_OR_MERGE,Zech.1.1
ZEC 1:2,COPY_OR_MERGE,Zech.1.2
ZEC 1:3,COPY_OR_MERGE,Zech.1.3
ZEC 1:4,COPY_OR_MERGE,Zech.1.4
ZEC 1:5,COPY_OR_MERGE,Zech.1.5
ZEC 1:6,COPY_OR_MERGE,Zech.1.6
ZEC 1:7,COPY_OR_MERGE,Zech.1.7
ZEC 1:8,COPY_OR_MERGE,Zech.1.8
ZEC 1:9,COPY_OR_MERGE,Zech.1.9
ZEC 1:10,COPY_OR_MERGE,Zech.1.10
ZEC 1:11,COPY_OR_MERGE,Zech.1.11
ZEC 1:12,COPY_OR_MERGE,Zech.1.12
ZEC 1:13,COPY_OR_MERGE,Zech.1.13
ZEC 1:14,COPY_OR_MERGE,Zech.1.14
ZEC 1:15,COPY_OR_MERGE,Zech.1.15
ZEC 1:16,COPY_OR_MERGE,Zech.1.16
ZEC 1:17,COPY_OR_MERGE,Zech.1.17
ZEC 1:18,COPY_OR_MERGE,Zech.2.1
ZEC 1:19,COPY_OR_MERGE,Zech.2.2
ZEC 1:20,COPY_OR_MERGE,Zech.2.3
ZEC 1:21,COPY_OR_MERGE,Zech.2.4
ZEC 2:1,COPY_OR_MERGE,Zech.2.5
ZEC 2:2,COPY_OR_MERGE,Zech.2.6
ZEC 2:3,COPY_OR_MERGE,Zech.2.7
ZEC 2:4,COPY_OR_MERGE,Zech.2.8
ZEC 2:5,COPY_OR_MERGE,Zech.2.9
ZEC 2:6,COPY_OR_MERGE,Zech.2.10
ZEC 2:7,COPY_OR_MERGE,Zech.2.11
ZEC 2:8,COPY_OR_MERGE,Zech.2.12
ZEC 2:9,COPY_OR_MERGE,Zech.2.13
ZEC 2:10,COPY_OR_MERGE,Zech.2.14
ZEC 2:11,COPY_OR_MERGE,Zech.2.15
ZEC 2:12,COPY_OR_MERGE,Zech.2.16
ZEC 2:13,COPY_OR_MERGE,Zech.2.17
ZEC 3:1,COPY_OR_MERGE,Zech.3.1
ZEC 3:2,COPY_OR_MERGE,Zech.3.2
ZEC 3:3,COPY_OR_MERGE,Zech.3.3
ZEC 3:4,COPY_OR_MERGE,Zech.3.4
ZEC 3:5,COPY_OR_MERGE,Zech.3.5
ZEC 3:6,COPY_OR_MERGE,Zech.3.6
ZEC 3:7,COPY_OR_MERGE,Zech.3.7
ZEC 3:8,COPY_OR_MERGE,Zech.3.8
ZEC 3:9,COPY_OR_MERGE,Zech.3.9
ZEC 3:10,COPY_OR_MERGE,Zech.3.10
ZEC 4:1,COPY_OR_MERGE,Zech.4.1
ZEC 4:2,COPY_OR_MERGE,Zech.4.2
ZEC 4:3,COPY_OR_MERGE,Zech.4.3
ZEC 4:4,COPY_OR_MERGE,Zech.4.4
ZEC 4:5,COPY_OR_MERGE,Zech.4.5
ZEC 4:6,COPY_OR_MERGE,Zech.4.6
ZEC 4:7,COPY_OR_MERGE,Zech.4.7
ZEC 4:8,COPY_OR_MERGE,Zech.4.8
ZEC 4:9,COPY_OR_MERGE,Zech.4.9
ZEC 4:10,COPY_OR_MERGE,Zech.4.10
ZEC 4:11,COPY_OR_MERGE,Zech.4.11
ZEC 4:12,COPY_OR_MERGE,Zech.4.12
ZEC 4:13,COPY_OR_MERGE,Zech.4.13
ZEC 4:14,COPY_OR_MERGE,Zech.4.14
ZEC 5:1,COPY_OR_MERGE,Zech.5.1
ZEC 5:2,COPY_OR_MERGE,Zech.5.2
ZEC 5:3,COPY_OR_MERGE,Zech.5.3
ZEC 5:4,COPY_OR_MERGE,Zech.5.4
ZEC 5:5,COPY_OR_MERGE,Zech.5.5
ZEC 5:6,COPY_OR_MERGE,Zech.5.6
ZEC 5:7,COPY_OR_MERGE,Zech.5.7
ZEC 5:8,COPY_OR_MERGE,Zech.5.8
ZEC 5:9,COPY_OR_MERGE,Zech.5.9
ZEC 5:10,COPY_OR_MERGE,Zech.5.10
ZEC 5:11,COPY_OR_MERGE,Zech.5.11
ZEC 6:1,COPY_OR_MERGE,Zech.6.1
ZEC 6:2,COPY_OR_MERGE,Zech.6.2
ZEC 6:3,COPY_OR_MERGE,Zech.6.3
ZEC 6:4,COPY_OR_MERGE,Zech.6.4
ZEC 6:5,COPY_OR_MERGE,Zech.6.5
ZEC 6:6,COPY_OR_MERGE,Zech.6.6
ZEC 6:7,COPY_OR_MERGE,Zech.6.7
ZEC 6:8,COPY_OR_MERGE,Zech.6.8
ZEC 6:9,COPY_OR_MERGE,Zech.6.9
ZEC 6:10,COPY_OR_MERGE,Zech.6.10
ZEC 6:11,COPY_OR_MERGE,Zech.6.11
ZEC 6:12,COPY_OR_MERGE,Zech.6.12
ZEC 6:13,COPY_OR_MERGE,Zech.6.13
ZEC 6:14,COPY_OR_MERGE,Zech.6.14
ZEC 6:15,COPY_OR_MERGE,Zech.6.15
ZEC 7:1,COPY_OR_MERGE,Zech.7.1
ZEC 7:2,COPY_OR_MERGE,Zech.7.2
ZEC 7:3,COPY_OR_MERGE,Zech.7.3
ZEC 7:4,COPY_OR_MERGE,Zech.7.4
ZEC 7:5,COPY_OR_MERGE,Zech.7.5
ZEC 7:6,COPY_OR_MERGE,Zech.7.6
ZEC 7:7,COPY_OR_MERGE,Zech.7.7
ZEC 7:8,COPY_OR_MERGE,Zech.7.8
ZEC 7:9,COPY_OR_MERGE,Zech.7.9
ZEC 7:10,COPY_OR_MERGE,Zech.7.10
ZEC 7:11,COPY_OR_MERGE,Zech.7.11
ZEC 7:12,COPY_OR_MERGE,Zech.7.12
ZEC 7:13,COPY_OR_MERGE,Zech.7.13
ZEC 7:14,COPY_OR_MERGE,Zech.7.14
ZEC 8:1,COPY_OR_MERGE,Zech.8.1
ZEC 8:2,COPY_OR_MERGE,Zech.8.2
ZEC 8:3,COPY_OR_MERGE,Zech.8.3
ZEC 8:4,COPY_OR_MERGE,Zech.8.4
ZEC 8:5,COPY_OR_MERGE,Zech.8.5
ZEC 8:6,COPY_OR_MERGE,Zech.8.6
ZEC 8:7,COPY_OR_MERGE,Zech.8.7
ZEC 8:8,COPY_OR_MERGE,Zech.8.8
ZEC 8:9,COPY_OR_MERGE,Zech.8.9
ZEC 8:10,COPY_OR_MERGE,Zech.8.10
ZEC 8:11,COPY_OR_MERGE,Zech.8.11
ZEC 8:12,COPY_OR_MERGE,Zech.8.12
ZEC 8:13,COPY_OR_MERGE,Zech.8.13
ZEC 8:14,COPY_OR_MERGE,Zech.8.14
ZEC 8:15,COPY_OR_MERGE,Zech.8.15
ZEC 8:16,COPY_OR_MERGE,Zech.8.16
ZEC 8:17,COPY_OR_MERGE,Zech.8.17
ZEC 8:18,COPY_OR_MERGE,Zech.8.18
ZEC 8:19,COPY_OR_MERGE,Zech.8.19
ZEC 8:20,COPY_OR_MERGE,Zech.8.20
ZEC 8:21,COPY_OR_MERGE,Zech.8.21
ZEC 8:22,COPY_OR_MERGE,Zech.8.22
ZEC 8:23,COPY_OR_MERGE,Zech.8.23
ZEC 9:1,COPY_OR_MERGE,Zech.9.1
ZEC 9:2,COPY_OR_MERGE,Zech.9.2
ZEC 9:3,COPY_OR_MERGE,Zech.9.3
ZEC 9:4,COPY_OR_MERGE,Zech.9.4
ZEC 9:5,COPY_OR_MERGE,Zech.9.5
ZEC 9:6,COPY_OR_MERGE,Zech.9.6
ZEC 9:7,COPY_OR_MERGE,Zech.9.7
ZEC 9:8,COPY_OR_MERGE,Zech.9.8
ZEC 9:9,COPY_OR_MERGE,Zech.9.9
ZEC 9:10,COPY_OR_MERGE,Zech.9.10
ZEC 9:11,COPY_OR_MERGE,Zech.9.11
ZEC 9:12,COPY_OR_MERGE,Zech.9.12
ZEC 9:13,COPY_OR_MERGE,Zech.9.13
ZEC 9:14,COPY_OR_MERGE,Zech.9.14
ZEC 9:15,COPY_OR_MERGE,Zech.9.15
ZEC 9:16,COPY_OR_MERGE,Zech.9.16
ZEC 9:17,COPY_OR_MERGE,Zech.9.17
ZEC 10:1,COPY_OR_MERGE,Zech.10.1
ZEC 10:2,COPY_OR_MERGE,Zech.10.2
ZEC 10:3,COPY_OR_MERGE,Zech.10.3
ZEC 10:4,COPY_OR_MERGE,Zech.10.4
ZEC 10:5,COPY_OR_MERGE,Zech.10.5
ZEC 10:6,COPY_OR_MERGE,Zech.10.6
ZEC 10:7,COPY_OR_MERGE,Zech.10.7
ZEC 10:8,COPY_OR_MERGE,Zech.10.8
ZEC 10:9,COPY_OR_MERGE,Zech.10.9
ZEC 10:10,COPY_OR_MERGE,Zech.10.10
ZEC 10:11,COPY_OR_MERGE,Zech.10.11
ZEC 10:12,COPY_OR_MERGE,Zech.10.12
ZEC 11:1,COPY_OR_MERGE,Zech.11.1
ZEC 11:2,COPY_OR_MERGE,Zech.11.2
ZEC 11:3,COPY_OR_MERGE,Zech.11.3
ZEC 11:4,COPY_OR_MERGE,Zech.11.4
ZEC 11:5,COPY_OR_MERGE,Zech.11.5
ZEC 11:6,COPY_OR_MERGE,Zech.11.6
ZEC 11:7,COPY_OR_MERGE,Zech.11.7
ZEC 11:8,COPY_OR_MERGE,Zech.11.8
ZEC 11:9,COPY_OR_MERGE,Zech.11.9
ZEC 11:10,COPY_OR_MERGE,Zech.11.10
ZEC 11:11,COPY_OR_MERGE,Zech.11.11
ZEC 11:12,COPY_OR_MERGE,Zech.11.12
ZEC 11:13,COPY_OR_MERGE,Zech.11.13
ZEC 11:14,COPY_OR_MERGE,Zech.11.14
ZEC 11:15,COPY_OR_MERGE,Zech.11.15
ZEC 11:16,COPY_OR_MERGE,Zech.11.16
ZEC 11:17,COPY_OR_MERGE,Zech.11.17
ZEC 12:1,COPY_OR_MERGE,Zech.12.1
ZEC 12:2,COPY_OR_MERGE,Zech.12.2
ZEC 12:3,COPY_OR_MERGE,Zech.12.3
ZEC 12:4,COPY_OR_MERGE,Zech.12.4
ZEC 12:5,COPY_OR_MERGE,Zech.12.5
ZEC 12:6,COPY_OR_MERGE,Zech.12.6
ZEC 12:7,COPY_OR_MERGE,Zech.12.7
ZEC 12:8,COPY_OR_MERGE,Zech.12.8
ZEC 12:9,COPY_OR_MERGE,Zech.12.9
ZEC 12:10,COPY_OR_MERGE,Zech.12.10
ZEC 12:11,COPY_OR_MERGE,Zech.12.11
ZEC 12:12,COPY_OR_MERGE,Zech.12.12
ZEC 12:13,COPY_OR_MERGE,Zech.12.13
ZEC 12:14,COPY_OR_MERGE,Zech.12.14
ZEC 13:1,COPY_OR_MERGE,Zech.13.1
ZEC 13:2,COPY_OR_MERGE,Zech.13.2
ZEC 13:3,COPY_OR_MERGE,Zech.13.3
ZEC 13:4,COPY_OR_MERGE,Zech.13.4
ZEC 13:5,COPY_OR_MERGE,Zech.13.5
ZEC 13:6,COPY_OR_MERGE,Zech.13.6
ZEC 13:7,COPY_OR_MERGE,Zech.13.7
ZEC 13:8,COPY_OR_MERGE,Zech.13.8
ZEC 13:9,COPY_OR_MERGE,Zech.13.9
ZEC 14:1,COPY_OR_MERGE,Zech.14.1
ZEC 14:2,COPY_OR_MERGE,Zech.14.2
ZEC 14:3,COPY_OR_MERGE,Zech.14.3
ZEC 14:4,COPY_OR_MERGE,Zech.14.4
ZEC 14:5,COPY_OR_MERGE,Zech.14.5
ZEC 14:6,COPY_OR_MERGE,Zech.14.6
ZEC 14:7,COPY_OR_MERGE,Zech.14.7
ZEC 14:8,COPY_OR_MERGE,Zech.14.8
ZEC 14:9,COPY_OR_MERGE,Zech.14.9
ZEC 14:10,COPY_OR_MERGE,Zech.14.10
ZEC 14:11,COPY_OR_MERGE,Zech.14.11
ZEC 14:12,COPY_OR_MERGE,Zech.14.12
ZEC 14:13,COPY_OR_MERGE,Zech.14.13
ZEC 14:14,COPY_OR_MERGE,Zech.14.14
ZEC 14:15,COPY_OR_MERGE,Zech.14.15
ZEC 14:16,COPY_OR_MERGE,Zech.14.16
ZEC 14:17,COPY_OR_MERGE,Zech.14.17
ZEC 14:18,COPY_OR_MERGE,Zech.14.18
ZEC 14:19,COPY_OR_MERGE,Zech.14.19
ZEC 14:20,COPY_OR_MERGE,Zech.14.20
ZEC 14:21,COPY_OR_MERGE,Zech.14.21
ZEP 1:1,COPY_OR_MERGE,Zeph.1.1
ZEP 1:2,COPY_OR_MERGE,Zeph.1.2
ZEP 1:3,COPY_OR_MERGE,Zeph.1.3
ZEP 1:4,COPY_OR_MERGE,Zeph.1.4
ZEP 1:5,COPY_OR_MERGE,Zeph.1.5
ZEP 1:6,COPY_OR_MERGE,Zeph.1.6
ZEP 1:7,COPY_OR_MERGE,Zeph.1.7
ZEP 1:8,COPY_OR_MERGE,Zeph.1.8
ZEP 1:9,COPY_OR_MERGE,Zeph.1.9
ZEP 1:10,COPY_OR_MERGE,Zeph.1.10
ZEP 1:11,COPY_OR_MERGE,Zeph.1.11
ZEP 1:12,COPY_OR_MERGE,Zeph.1.12
ZEP 1:13,COPY_OR_MERGE,Zeph.1.13
ZEP 1:14,COPY_OR_MERGE,Zeph.1.14
ZEP 1:15,COPY_OR_MERGE,Zeph.1.15
ZEP 1:16,COPY_OR_MERGE,Zeph.1.16
ZEP 1:17,COPY_OR_MERGE,Zeph.1.17
ZEP 1:18,COPY_OR_MERGE,Zeph.1.18
ZEP 2:1,COPY_OR_MERGE,Zeph.2.1
ZEP 2:2,COPY_OR_MERGE,Zeph.2.2
ZEP 2:3,COPY_OR_MERGE,Zeph.2.3
ZEP 2:4,COPY_OR_MERGE,Zeph.2.4
ZEP 2:5,COPY_OR_MERGE,Zeph.2.5
ZEP 2:6,COPY_OR_MERGE,Zeph.2.6
ZEP 2:7,COPY_OR_MERGE,Zeph.2.7
ZEP 2:8,COPY_OR_MERGE,Zeph.2.8
ZEP 2:9,COPY_OR_MERGE,Zeph.2.9
ZEP 2:10,COPY_OR_MERGE,Zeph.2.10
ZEP 2:11,COPY_OR_MERGE,Zeph.2.11
ZEP 2:12,COPY_OR_MERGE,Zeph.2.12
ZEP 2:13,COPY_OR_MERGE,Zeph.2.13
ZEP 2:14,COPY_OR_MERGE,Zeph.2.14
ZEP 2:15,COPY_OR_MERGE,Zeph.2.15
ZEP 3:1,COPY_OR_MERGE,Zeph.3.1
ZEP 3:2,COPY_OR_MERGE,Zeph.3.2
ZEP 3:3,COPY_OR_MERGE,Zeph.3.3
ZEP 3:4,COPY_OR_MERGE,Zeph.3.4
ZEP 3:5,COPY_OR_MERGE,Zeph.3.5
ZEP 3:6,COPY_OR_MERGE,Zeph.3.6
ZEP 3:7,COPY_OR_MERGE,Zeph.3.7
ZEP 3:8,COPY_OR_MERGE,Zeph.3.8
ZEP 3:9,COPY_OR_MERGE,Zeph.3.9
ZEP 3:10,COPY_OR_MERGE,Zeph.3.10
ZEP 3:11,COPY_OR_MERGE,Zeph.3.11
ZEP 3:12,COPY_OR_MERGE,Zeph.3.12
ZEP 3:13,COPY_OR_MERGE,Zeph.3.13
ZEP 3:14,COPY_OR_MERGE,Zeph.3.14
ZEP 3:15,COPY_OR_MERGE,Zeph.3.15
ZEP 3:16,COPY_OR_MERGE,Zeph.3.16
ZEP 3:17,COPY_OR_MERGE,Zeph.3.17
ZEP 3:18,COPY_OR_MERGE,Zeph.3.18
ZEP 3:19,COPY_OR_MERGE,Zeph.3.19
ZEP 3:20,COPY_OR_MERGE,Zeph.3.20
NEH 7:68,SUPPLEMENT_FROM_PARALLEL,Ezra.2.66
