edition	coordinate	class	reason	before	after
En	010_2SA_011_023	messenger	מַלְאָךְ = Joab's human messenger	"And the angel said to David, ""The men have prevailed against us, and they came out to us into the field, and we were upon them until the entrance of the gate."""	"And the messenger said to David, ""The men have prevailed against us, and they came out to us into the field, and we were upon them until the entrance of the gate."""
Ko	013_1CH_014_001	messenger	מַלְאָךְ = human messenger: 천사 → 사자 (使者)	두로 왕 히람이 다윗에게 천사들과 향백나무와 벽 장인과 나무 장인들을 보내어 그를 위해 집을 짓게 하였더라	두로 왕 히람이 다윗에게 사자들과 향백나무와 벽 장인과 나무 장인들을 보내어 그를 위해 집을 짓게 하였더라
Ko	011_1KI_020_002	messenger	מַלְאָךְ = human messenger: 천사 → 사자 (使者)	그가 천사들을 이스라엘 왕 아합에게 아이로 보내니라	그가 사자들을 이스라엘 왕 아합에게 아이로 보내니라
Ko	011_1KI_022_013	messenger	מַלְאָךְ = human messenger: 천사 → 사자 (使者)	미가야를 부르러 간 천사가 그에게 말하여 이르되, 보소서, 이제 예언자들의 말이 한 입으로 왕에게 좋게 하였사오니 청하건대 당신의 말씀도 그들 중 한 사람의 말씀과 같이 되게 하여 좋게 말씀하소서.	미가야를 부르러 간 사자가 그에게 말하여 이르되, 보소서, 이제 예언자들의 말이 한 입으로 왕에게 좋게 하였사오니 청하건대 당신의 말씀도 그들 중 한 사람의 말씀과 같이 되게 하여 좋게 말씀하소서.
Ko	009_1SA_011_003	messenger	מַלְאָךְ = human messenger: 천사 → 사자 (使者)	"야베스의 장로들이 그에게 말하되 ""우리에게 이레 동안의 유예를 주소서. 우리가 이스라엘의 모든 경계에 천사들을 보내리이다. 만일 우리를 구원할 자가 없으면 우리가 당신에게로 나아가리이다."	"야베스의 장로들이 그에게 말하되 ""우리에게 이레 동안의 유예를 주소서. 우리가 이스라엘의 모든 경계에 사자들을 보내리이다. 만일 우리를 구원할 자가 없으면 우리가 당신에게로 나아가리이다."
Ko	009_1SA_011_004	messenger	מַלְאָךְ = human messenger: 천사 → 사자 (使者)	천사들이 사울의 기브아에 이르러 그 말씀을 백성의 귀에 전하매 모든 백성이 그들의 소리를 높여 울었더라	사자들이 사울의 기브아에 이르러 그 말씀을 백성의 귀에 전하매 모든 백성이 그들의 소리를 높여 울었더라
Ko	009_1SA_011_007	messenger	מַלְאָךְ = human messenger: 천사 → 사자 (使者)	겨리 소를 취하여 그것을 토막 내고 천사의 손으로 이스라엘 모든 경계에 보내어 이르되, 사울과 사무엘을 따라 나오지 아니하는 자는 그의 소에게도 이같이 행하리라 하였더니, 여호와의 두려움이 백성에게 임하매 그들이 한 사람 같이 나왔더라.	겨리 소를 취하여 그것을 토막 내고 사자의 손으로 이스라엘 모든 경계에 보내어 이르되, 사울과 사무엘을 따라 나오지 아니하는 자는 그의 소에게도 이같이 행하리라 하였더니, 여호와의 두려움이 백성에게 임하매 그들이 한 사람 같이 나왔더라.
Ko	009_1SA_011_009	messenger	מַלְאָךְ = human messenger: 천사 → 사자 (使者)	그들이 온 천사들에게 말하되, 너희는 야베스 길르앗 사람에게 이같이 말하라: 내일 해가 더울 때에 너희에게 구원이 있으리라. 그리하여 천사들이 가서 야베스 사람들에게 전하니 그들이 기뻐하니라.	그들이 온 사자들에게 말하되, 너희는 야베스 길르앗 사람에게 이같이 말하라: 내일 해가 더울 때에 너희에게 구원이 있으리라. 그리하여 사자들이 가서 야베스 사람들에게 전하니 그들이 기뻐하니라.
Ko	009_1SA_019_011	messenger	מַלְאָךְ = human messenger: 천사 → 사자 (使者)	사울이 천사들을 다윗의 집에 보내어 그를 지키고 아침에 그를 죽이게 하였더라. 다윗의 아내 미갈이 다윗에게 말하여 이르되, 당신이 이 밤에 당신의 영혼을 구하지 아니하면 내일 당신은 죽임을 당하리라 하니라.	사울이 사자들을 다윗의 집에 보내어 그를 지키고 아침에 그를 죽이게 하였더라. 다윗의 아내 미갈이 다윗에게 말하여 이르되, 당신이 이 밤에 당신의 영혼을 구하지 아니하면 내일 당신은 죽임을 당하리라 하니라.
Ko	009_1SA_019_014	messenger	מַלְאָךְ = human messenger: 천사 → 사자 (使者)	사울이 천사들을 보내어 다윗을 잡으려 하매 그가 말하기를 그가 병들었다 하니라	사울이 사자들을 보내어 다윗을 잡으려 하매 그가 말하기를 그가 병들었다 하니라
Ko	009_1SA_019_015	messenger	מַלְאָךְ = human messenger: 천사 → 사자 (使者)	사울이 천사들을 보내어 다윗을 보게 하여 이르되, 그를 침상에 실어 내게로 올리라, 내가 그를 죽이리라 하니라.	사울이 사자들을 보내어 다윗을 보게 하여 이르되, 그를 침상에 실어 내게로 올리라, 내가 그를 죽이리라 하니라.
Ko	009_1SA_019_020	messenger	מַלְאָךְ = human messenger: 천사 → 사자 (使者)	사울이 다윗을 잡으려고 천사들을 보냈더니 그들이 선지자 무리가 예언하는 것과 사무엘이 그들 위에 서 있는 것을 보고, 사울의 천사들에게 하나님의 영이 임하매 그들도 예언을 하였더라	사울이 다윗을 잡으려고 사자들을 보냈더니 그들이 선지자 무리가 예언하는 것과 사무엘이 그들 위에 서 있는 것을 보고, 사울의 사자들에게 하나님의 영이 임하매 그들도 예언을 하였더라
Ko	009_1SA_019_021	messenger	מַלְאָךְ = human messenger: 천사 → 사자 (使者)	사울에게 알리니 그가 다른 천사들을 보내었더니 그들도 역시 예언하였고 사울이 또 세 번째로 천사들을 보내었더니 그들도 역시 예언하였더라	사울에게 알리니 그가 다른 사자들을 보내었더니 그들도 역시 예언하였고 사울이 또 세 번째로 사자들을 보내었더니 그들도 역시 예언하였더라
Ko	009_1SA_023_027	messenger	מַלְאָךְ = human messenger: 천사 → 사자 (使者)	천사가 사울에게 와서 말하되, 급히 가라, 블레셋 사람들이 땅을 침략하였느니라.	사자가 사울에게 와서 말하되, 급히 가라, 블레셋 사람들이 땅을 침략하였느니라.
Ko	009_1SA_025_014	messenger	מַלְאָךְ = human messenger: 천사 → 사자 (使者)	아비가일에게, 나발의 아내에게, 소년들 중 한 소년이 고하여 이르되, 보라, 다윗이 광야에서 천사들을 보내어 우리 주인을 축복하려 하였으나, 그가 그들을 학대하였나이다.	아비가일에게, 나발의 아내에게, 소년들 중 한 소년이 고하여 이르되, 보라, 다윗이 광야에서 사자들을 보내어 우리 주인을 축복하려 하였으나, 그가 그들을 학대하였나이다.
Ko	009_1SA_025_042	messenger	מַלְאָךְ = human messenger: 천사 → 사자 (使者)	아비가일이 급히 일어나 나귀를 타고, 그 발을 따르는 처녀 다섯과 함께 다윗의 천사들을 따라가서, 그에게 여자가 되니라.	아비가일이 급히 일어나 나귀를 타고, 그 발을 따르는 처녀 다섯과 함께 다윗의 사자들을 따라가서, 그에게 여자가 되니라.
Ko	014_2CH_018_012	messenger	מַלְאָךְ = human messenger: 천사 → 사자 (使者)	미가야를 부르러 간 천사가 그에게 말하여 이르되, 보라, 예언자들의 말이 한 입으로 왕에게 좋게 하였으니, 원하건대 당신의 말씀도 그들 중 하나처럼 되어 좋게 말하소서.	미가야를 부르러 간 사자가 그에게 말하여 이르되, 보라, 예언자들의 말이 한 입으로 왕에게 좋게 하였으니, 원하건대 당신의 말씀도 그들 중 하나처럼 되어 좋게 말하소서.
Ko	014_2CH_036_015	messenger	מַלְאָךְ = human messenger: 천사 → 사자 (使者)	여호와께서 그들의 조상들의 하나님이 그들의 손으로 그의 천사들을 보내시되 이른 아침부터 보내셨으니 이는 그의 백성과 그의 거처를 불쌍히 여기셨음이라	여호와께서 그들의 조상들의 하나님이 그들의 손으로 그의 사자들을 보내시되 이른 아침부터 보내셨으니 이는 그의 백성과 그의 거처를 불쌍히 여기셨음이라
Ko	014_2CH_036_016	messenger	מַלְאָךְ = human messenger: 천사 → 사자 (使者)	그들이 하나님의 천사들을 비웃고 그의 말씀을 멸시하며 그의 예언자들을 조롱하였더니 여호와의 분노가 그의 백성에게 올라 치유할 수 없게 되기까지 이르렀더라	그들이 하나님의 사자들을 비웃고 그의 말씀을 멸시하며 그의 예언자들을 조롱하였더니 여호와의 분노가 그의 백성에게 올라 치유할 수 없게 되기까지 이르렀더라
Ko	012_2KI_005_010	messenger	מַלְאָךְ = human messenger: 천사 → 사자 (使者)	엘리사가 그에게 천사를 보내어 이르되, 가서 요르단에서 일곱 번 씻으라, 네 살이 네게로 돌아와 깨끗하리라.	엘리사가 그에게 사자를 보내어 이르되, 가서 요르단에서 일곱 번 씻으라, 네 살이 네게로 돌아와 깨끗하리라.
Ko	012_2KI_006_032	messenger	מַלְאָךְ = human messenger: 천사 → 사자 (使者)	엘리사가 그의 집에 앉아 있고 장로들이 그와 함께 앉아 있는데, 그가 자기 앞에서 사람을 보냈더니 그 천사가 그에게 이르기 전에 그가 장로들에게 말하되, 너희는 이 살인자의 아들이 내 머리를 제거하려고 사람을 보낸 것을 보았느냐, 천사가 올 때에 문을 닫고 그를 문으로 막으라, 그의 주인의 발소리가 그의 뒤에 있지 아니하냐 하였더라.	엘리사가 그의 집에 앉아 있고 장로들이 그와 함께 앉아 있는데, 그가 자기 앞에서 사람을 보냈더니 그 사자가 그에게 이르기 전에 그가 장로들에게 말하되, 너희는 이 살인자의 아들이 내 머리를 제거하려고 사람을 보낸 것을 보았느냐, 사자가 올 때에 문을 닫고 그를 문으로 막으라, 그의 주인의 발소리가 그의 뒤에 있지 아니하냐 하였더라.
Ko	012_2KI_006_033	messenger	מַלְאָךְ = human messenger: 천사 → 사자 (使者)	그가 아직 그들과 말하고 있을 때에, 보라, 천사가 그에게 내려왔고 그가 말하되, 보라, 이것이 여호와께로부터 온 악이니, 내가 어찌 더 여호와를 기다리리요.	그가 아직 그들과 말하고 있을 때에, 보라, 사자가 그에게 내려왔고 그가 말하되, 보라, 이것이 여호와께로부터 온 악이니, 내가 어찌 더 여호와를 기다리리요.
Ko	012_2KI_010_008	messenger	מַלְאָךְ = human messenger: 천사 → 사자 (使者)	천사가 와서 그에게 말하여 이르되, 왕의 아들들의 머리를 가져왔나이다 하니 그가 이르되, 그것들을 아침까지 문 어귀에 두 무더기로 쌓아 두라 하니라	사자가 와서 그에게 말하여 이르되, 왕의 아들들의 머리를 가져왔나이다 하니 그가 이르되, 그것들을 아침까지 문 어귀에 두 무더기로 쌓아 두라 하니라
Ko	012_2KI_014_008	messenger	מַלְאָךְ = human messenger: 천사 → 사자 (使者)	그 때에 아마샤가 여호아하스의 아들 예후의 손자 이스라엘 왕 요아스에게 천사들을 보내어 이르되 오라 우리가 서로 얼굴을 대하자 하였더라	그 때에 아마샤가 여호아하스의 아들 예후의 손자 이스라엘 왕 요아스에게 사자들을 보내어 이르되 오라 우리가 서로 얼굴을 대하자 하였더라
Ko	012_2KI_016_007	messenger	מַלְאָךְ = human messenger: 천사 → 사자 (使者)	아하스가 앗수르 왕 디글랏빌레셀에게 천사들을 보내어 이르되, 나는 왕의 종이요 왕의 아들이니이다. 올라와서 나를 치고 있는 아람 왕의 손바닥과 이스라엘 왕의 손바닥에서 나를 구원하소서.	아하스가 앗수르 왕 디글랏빌레셀에게 사자들을 보내어 이르되, 나는 왕의 종이요 왕의 아들이니이다. 올라와서 나를 치고 있는 아람 왕의 손바닥과 이스라엘 왕의 손바닥에서 나를 구원하소서.
Ko	012_2KI_017_004	messenger	מַלְאָךְ = human messenger: 천사 → 사자 (使者)	앗수르 왕이 호세아에게서 모반을 찾았으니 이는 그가 애굽 왕 소에게 천사들을 보내었고 해마다 하던 대로 앗수르 왕에게 제물을 올리지 아니하였음이라 앗수르 왕이 그를 가두어 옥에 결박하였더라	앗수르 왕이 호세아에게서 모반을 찾았으니 이는 그가 애굽 왕 소에게 사자들을 보내었고 해마다 하던 대로 앗수르 왕에게 제물을 올리지 아니하였음이라 앗수르 왕이 그를 가두어 옥에 결박하였더라
Ko	012_2KI_019_009	messenger	מַלְאָךְ = human messenger: 천사 → 사자 (使者)	그가 구스 왕 디르하가가 “보라, 그가 너와 싸우려고 나왔다”는 말을 듣고, 다시 히스기야에게 천사들을 보내어 이르되,	그가 구스 왕 디르하가가 “보라, 그가 너와 싸우려고 나왔다”는 말을 듣고, 다시 히스기야에게 사자들을 보내어 이르되,
Ko	012_2KI_019_014	messenger	מַלְאָךְ = human messenger: 천사 → 사자 (使者)	히스기야가 천사들의 손에서 그 책들을 받아 읽고, 여호와의 집에 올라가서 히스기야가 그것을 여호와 앞에 펼치니라.	히스기야가 사자들의 손에서 그 책들을 받아 읽고, 여호와의 집에 올라가서 히스기야가 그것을 여호와 앞에 펼치니라.
Ko	010_2SA_002_005	messenger	מַלְאָךְ = human messenger: 천사 → 사자 (使者)	다윗이 길르앗 야베스 사람들에게 천사들을 보내어 그들에게 이르되, 너희가 너희 주인 사울에게 이 은혜를 행하고 그를 장사하였으니 여호와께 복을 받을지어다.	다윗이 길르앗 야베스 사람들에게 사자들을 보내어 그들에게 이르되, 너희가 너희 주인 사울에게 이 은혜를 행하고 그를 장사하였으니 여호와께 복을 받을지어다.
Ko	010_2SA_011_004	messenger	מַלְאָךְ = human messenger: 천사 → 사자 (使者)	다윗이 천사들을 보내어 그녀를 데려왔고, 그녀가 그에게 와서 그가 그녀와 동침하였으며, 그녀는 자신의 더러움에서 정결하게 되었고, 그녀는 자기 집으로 돌아갔더라.	다윗이 사자들을 보내어 그녀를 데려왔고, 그녀가 그에게 와서 그가 그녀와 동침하였으며, 그녀는 자신의 더러움에서 정결하게 되었고, 그녀는 자기 집으로 돌아갔더라.
Ko	010_2SA_011_019	messenger	מַלְאָךְ = human messenger: 천사 → 사자 (使者)	그가 천사에게 명령하여 이르되, 네가 전쟁의 모든 말씀을 왕에게 말하기를 마치거든	그가 사자에게 명령하여 이르되, 네가 전쟁의 모든 말씀을 왕에게 말하기를 마치거든
Ko	010_2SA_011_023	messenger	מַלְאָךְ = human messenger: 천사 → 사자 (使者)	천사가 다윗에게 말하되, 사람들이 우리를 이기고 들판에서 우리에게로 나왔으며, 우리가 그들을 성문 어귀까지 쳤더라	사자가 다윗에게 말하되, 사람들이 우리를 이기고 들판에서 우리에게로 나왔으며, 우리가 그들을 성문 어귀까지 쳤더라
Ko	010_2SA_011_025	messenger	מַלְאָךְ = human messenger: 천사 → 사자 (使者)	다윗이 천사에게 이르되 너는 요압에게 이같이 말하라 이 일이 네 눈에 거슬리지 말지어다 칼이 이같이 저같이 삼키느니라 네 전쟁을 그 성을 향하여 강하게 하고 그것을 무너뜨리라 그리고 그를 담대하게 하라	다윗이 사자에게 이르되 너는 요압에게 이같이 말하라 이 일이 네 눈에 거슬리지 말지어다 칼이 이같이 저같이 삼키느니라 네 전쟁을 그 성을 향하여 강하게 하고 그것을 무너뜨리라 그리고 그를 담대하게 하라
Ko	010_2SA_012_027	messenger	מַלְאָךְ = human messenger: 천사 → 사자 (使者)	요압이 천사들을 다윗에게 보내어 이르되 내가 라바와 싸워 물의 성을 이미 점령하였나이다	요압이 사자들을 다윗에게 보내어 이르되 내가 라바와 싸워 물의 성을 이미 점령하였나이다
Ko	005_DEU_002_026	messenger	מַלְאָךְ = human messenger: 천사 → 사자 (使者)	내가 그데못 광야에서 헤스본 왕 시혼에게 평화의 말씀을 전하기 위해 천사들을 보냈노라.	내가 그데못 광야에서 헤스본 왕 시혼에게 평화의 말씀을 전하기 위해 사자들을 보냈노라.
Ko	026_EZK_030_009	messenger	מַלְאָךְ = human messenger: 천사 → 사자 (使者)	그 날에 내 앞에서 천사들이 배로 나가서 안전한 구스 사람을 두렵게 하리니 애굽의 날에 그들에게 심한 근심이 있으리라 이는 보라 그것이 오고 있음이라	그 날에 내 앞에서 사자들이 배로 나가서 안전한 구스 사람을 두렵게 하리니 애굽의 날에 그들에게 심한 근심이 있으리라 이는 보라 그것이 오고 있음이라
Ko	023_ISA_014_032	messenger	מַלְאָךְ = human messenger: 천사 → 사자 (使者)	그러면 이방인의 천사들이 무엇이라 대답하겠느냐? 여호와께서 시온을 세우셨으니 그의 백성의 가난한 자들이 그 안에서 피난하리라.	그러면 이방인의 사자들이 무엇이라 대답하겠느냐? 여호와께서 시온을 세우셨으니 그의 백성의 가난한 자들이 그 안에서 피난하리라.
Ko	023_ISA_018_002	messenger	מַלְאָךְ = human messenger: 천사 → 사자 (使者)	바다로 사자들을 보내며 골풀 그릇을 물 얼굴 위에 띄우고 이르되, 너희 빠른 천사들아, 끌려가고 벗겨진 이방인에게로, 처음부터 두려운 백성에게로, 재는 재는 밟음의 이방인에게로 가라, 그 땅을 강들이 휩쓸었느니라.	바다로 사자들을 보내며 골풀 그릇을 물 얼굴 위에 띄우고 이르되, 너희 빠른 사자들아, 끌려가고 벗겨진 이방인에게로, 처음부터 두려운 백성에게로, 재는 재는 밟음의 이방인에게로 가라, 그 땅을 강들이 휩쓸었느니라.
Ko	023_ISA_030_004	messenger	מַלְאָךְ = human messenger: 천사 → 사자 (使者)	그의 통치자들은 소안에 있었고 그의 천사들은 하네스에 이르렀도다	그의 통치자들은 소안에 있었고 그의 사자들은 하네스에 이르렀도다
Ko	023_ISA_033_007	messenger	מַלְאָךְ = human messenger: 천사 → 사자 (使者)	보라, 그들의 용사가 밖에서 부르짖으며, 평화의 천사들이 슬피 울리라.	보라, 그들의 용사가 밖에서 부르짖으며, 평화의 사자들이 슬피 울리라.
Ko	023_ISA_037_009	messenger	מַלְאָךְ = human messenger: 천사 → 사자 (使者)	그가 구스 왕 디르하가에 대하여 들으니 이르기를 그가 나와서 너와 싸우려고 나왔다 하더라. 그가 듣고 히스기야에게 천사들을 보내어 이르되	그가 구스 왕 디르하가에 대하여 들으니 이르기를 그가 나와서 너와 싸우려고 나왔다 하더라. 그가 듣고 히스기야에게 사자들을 보내어 이르되
Ko	023_ISA_037_014	messenger	מַלְאָךְ = human messenger: 천사 → 사자 (使者)	히스기야가 천사의 손에서 책을 받아 읽고 여호와의 집에 올라가서 히스기야가 그것을 여호와 앞에 펼치니라	히스기야가 사자의 손에서 책을 받아 읽고 여호와의 집에 올라가서 히스기야가 그것을 여호와 앞에 펼치니라
Ko	023_ISA_042_019	messenger	מַלְאָךְ = human messenger: 천사 → 사자 (使者)	누가 맹인이냐, 내 종이 아니면 누구냐? 내가 보내는 나의 천사 같이 귀머거리냐? 누가 맹인이냐, 온전한 자 같이, 여호와의 종 같이 맹인이냐?	누가 맹인이냐, 내 종이 아니면 누구냐? 내가 보내는 나의 사자 같이 귀머거리냐? 누가 맹인이냐, 온전한 자 같이, 여호와의 종 같이 맹인이냐?
Ko	023_ISA_044_026	messenger	מַלְאָךְ = human messenger: 천사 → 사자 (使者)	자기의 종의 말씀을 세우시며 자기 천사들의 조언을 이루시는 이, 예루살렘에게 말씀하시기를 “네가 다시 거주하리라” 하시고 유다의 성읍들에게 “너희가 다시 세워지리라” 하시며 그 폐허들을 내가 일으키리라 하시는 이	자기의 종의 말씀을 세우시며 자기 사자들의 조언을 이루시는 이, 예루살렘에게 말씀하시기를 “네가 다시 거주하리라” 하시고 유다의 성읍들에게 “너희가 다시 세워지리라” 하시며 그 폐허들을 내가 일으키리라 하시는 이
Ko	007_JDG_006_035	messenger	מַלְאָךְ = human messenger: 천사 → 사자 (使者)	그가 모든 므낫세에 천사들을 보내매 그도 그를 따라 모였고, 또 아셀과 스불론과 납달리에 천사들을 보내매 그들이 그들을 맞으러 올라왔더라.	그가 모든 므낫세에 사자들을 보내매 그도 그를 따라 모였고, 또 아셀과 스불론과 납달리에 사자들을 보내매 그들이 그들을 맞으러 올라왔더라.
Ko	007_JDG_011_012	messenger	מַלְאָךְ = human messenger: 천사 → 사자 (使者)	입다가 암몬 자손의 왕에게 천사들을 보내어 이르되, 네가 나와 무슨 상관이 있기에 내 땅에서 싸우려고 내게 왔느냐?	입다가 암몬 자손의 왕에게 사자들을 보내어 이르되, 네가 나와 무슨 상관이 있기에 내 땅에서 싸우려고 내게 왔느냐?
Ko	007_JDG_011_014	messenger	מַלְאָךְ = human messenger: 천사 → 사자 (使者)	입다가 다시 암몬 자손의 왕에게 천사들을 보내니라	입다가 다시 암몬 자손의 왕에게 사자들을 보내니라
Ko	007_JDG_011_019	messenger	מַלְאָךְ = human messenger: 천사 → 사자 (使者)	이스라엘이 아모리 왕 헤스본 왕 시혼에게 천사들을 보내고, 이스라엘이 그에게 말하여 이르되, 청하건대 우리가 당신의 땅을 지나 내 장소에 이르게 하소서.	이스라엘이 아모리 왕 헤스본 왕 시혼에게 사자들을 보내고, 이스라엘이 그에게 말하여 이르되, 청하건대 우리가 당신의 땅을 지나 내 장소에 이르게 하소서.
Ko	018_JOB_001_014	messenger	מַלְאָךְ = human messenger: 천사 → 사자 (使者)	천사가 욥에게 와서 말하되, 소들은 밭을 갈고 있었고 암나귀들은 그들의 곁에서 풀을 뜯고 있었느니라	사자가 욥에게 와서 말하되, 소들은 밭을 갈고 있었고 암나귀들은 그들의 곁에서 풀을 뜯고 있었느니라
Ko	006_JOS_006_017	messenger	מַלְאָךְ = human messenger: 천사 → 사자 (使者)	그 성읍은 여호와께 바친 저주받은 것이 되리니 그것과 그 안에 있는 모든 것이 여호와의 것이니라 오직 기생 라합과 그 집에 있는 모든 자는 살리라 이는 그가 우리가 보낸 천사들을 숨겼음이니라	그 성읍은 여호와께 바친 저주받은 것이 되리니 그것과 그 안에 있는 모든 것이 여호와의 것이니라 오직 기생 라합과 그 집에 있는 모든 자는 살리라 이는 그가 우리가 보낸 사자들을 숨겼음이니라
Ko	006_JOS_006_025	messenger	מַלְאָךְ = human messenger: 천사 → 사자 (使者)	여호수아가 기생 라합과 그 아버지의 집과 그에게 속한 모든 것을 살렸고, 그가 이스라엘 속에 오늘날까지 거하였으니, 이는 그가 여호수아가 여리고를 정탐하도록 보낸 천사들을 숨겼기 때문이었더라.	여호수아가 기생 라합과 그 아버지의 집과 그에게 속한 모든 것을 살렸고, 그가 이스라엘 속에 오늘날까지 거하였으니, 이는 그가 여호수아가 여리고를 정탐하도록 보낸 사자들을 숨겼기 때문이었더라.
Ko	006_JOS_007_022	messenger	מַלְאָךְ = human messenger: 천사 → 사자 (使者)	여호수아가 천사들을 보내매 그들이 천막으로 달려갔더니, 보라, 그것이 그의 천막에 숨겨져 있고, 그 은은 그것의 아래에 있었더라.	여호수아가 사자들을 보내매 그들이 천막으로 달려갔더니, 보라, 그것이 그의 천막에 숨겨져 있고, 그 은은 그것의 아래에 있었더라.
Ko	039_MAL_002_007	messenger	מַלְאָךְ = human messenger: 천사 → 사자 (使者)	제사장의 입술은 지식을 지키고 그 입에서 율법을 구하리니 이는 그가 만군의 여호와의 천사임이라	제사장의 입술은 지식을 지키고 그 입에서 율법을 구하리니 이는 그가 만군의 여호와의 사자임이라
Ko	034_NAM_002_013	messenger	מַלְאָךְ = human messenger: 천사 → 사자 (使者)	보라, 내가 너를 대적하노니 만군의 여호와의 선언이라. 내가 네 병거를 연기 가운데 불사르리니 네 젊은 사자들은 칼이 삼키리라. 내가 네 먹이를 땅에서 끊으리니 네 천사들의 소리가 다시는 들리지 아니하리라.	보라, 내가 너를 대적하노니 만군의 여호와의 선언이라. 내가 네 병거를 연기 가운데 불사르리니 네 젊은 사자들은 칼이 삼키리라. 내가 네 먹이를 땅에서 끊으리니 네 사자들의 소리가 다시는 들리지 아니하리라.
Ko	016_NEH_006_003	messenger	מַלְאָךְ = human messenger: 천사 → 사자 (使者)	내가 그들에게 천사들을 보내어 이르기를, 내가 큰 일을 하고 있으므로 내려갈 수 없노라. 어찌하여 내가 그것을 버리고 너희에게로 내려가면 일이 중단되겠느냐?	내가 그들에게 사자들을 보내어 이르기를, 내가 큰 일을 하고 있으므로 내려갈 수 없노라. 어찌하여 내가 그것을 버리고 너희에게로 내려가면 일이 중단되겠느냐?
Ko	004_NUM_020_014	messenger	מַלְאָךְ = human messenger: 천사 → 사자 (使者)	모세가 가데스에서 에돔 왕에게 천사들을 보내어 이르되, 네 형제 이스라엘이 이렇게 말하노라, 너는 우리에게 닥친 모든 고생을 아느니라.	모세가 가데스에서 에돔 왕에게 사자들을 보내어 이르되, 네 형제 이스라엘이 이렇게 말하노라, 너는 우리에게 닥친 모든 고생을 아느니라.
Ko	004_NUM_021_021	messenger	מַלְאָךְ = human messenger: 천사 → 사자 (使者)	이스라엘이 아모리 왕 시혼에게 천사들을 보내어 이르되	이스라엘이 아모리 왕 시혼에게 사자들을 보내어 이르되
Ko	004_NUM_024_012	messenger	מַלְאָךְ = human messenger: 천사 → 사자 (使者)	발람이 발락에게 말하되, 내가 당신이 내게 보낸 당신의 천사들에게 말하여 이르지 아니하였나이까?	발람이 발락에게 말하되, 내가 당신이 내게 보낸 당신의 사자들에게 말하여 이르지 아니하였나이까?
Ko	020_PRO_013_017	messenger	מַלְאָךְ = human messenger: 천사 → 사자 (使者)	악한 천사는 재앙에 빠지려니와 믿음의 진통은 치유가 되느니라	악한 사자는 재앙에 빠지려니와 믿음의 진통은 치유가 되느니라
Ko	020_PRO_016_014	messenger	מַלְאָךְ = human messenger: 천사 → 사자 (使者)	왕의 분노는 사망의 천사들과 같으나 지혜로운 사람은 그것을 쉬게 하리라	왕의 분노는 사망의 사자들과 같으나 지혜로운 사람은 그것을 쉬게 하리라
Ko	020_PRO_017_011	messenger	מַלְאָךְ = human messenger: 천사 → 사자 (使者)	반역만을 구하는 자에게 재앙이 있나니 잔인한 천사가 그에게 보내어지리라	반역만을 구하는 자에게 재앙이 있나니 잔인한 사자가 그에게 보내어지리라
Ko	011_1KI_018_045	wind	רוּחַ = wind here (per context / GOI English): 영 → 바람	그 때에 하늘에 구름과 영이 일어나 하늘이 캄캄해지며 큰 비가 내렸고, 아합이 마차를 타고 이스르엘로 갔더라.	그 때에 하늘에 구름과 바람이 일어나 하늘이 캄캄해지며 큰 비가 내렸고, 아합이 마차를 타고 이스르엘로 갔더라.
Ko	011_1KI_019_011	wind	רוּחַ = wind here (per context / GOI English): 영 → 바람	그가 이르되, 나가서 여호와 앞에서 산 위에 서 있으라 하셨더니, 보라, 여호와께서 지나가시는데, 여호와 앞에서 크고 강한 영이 산들을 갈라 바위들을 부수었으나, 그 영 가운데 여호와께서 계시지 아니하셨고, 그 영 후에 지진이 있었으나, 그 지진 가운데도 여호와께서 계시지 아니하셨더라.	그가 이르되, 나가서 여호와 앞에서 산 위에 서 있으라 하셨더니, 보라, 여호와께서 지나가시는데, 여호와 앞에서 크고 강한 바람이 산들을 갈라 바위들을 부수었으나, 그 바람 가운데 여호와께서 계시지 아니하셨고, 그 바람 후에 지진이 있었으나, 그 지진 가운데도 여호와께서 계시지 아니하셨더라.
Ko	027_DAN_011_004	wind	רוּחַ = wind here (per context / GOI English): 영 → 바람	그가 설 때에 그의 왕국이 깨지고 하늘의 네 영으로 나뉠 것이며, 그의 끝까지 이르지 아니하고 그가 다스린 권세대로도 되지 아니하리니, 이는 그의 왕국이 뽑혀서 이들 외의 다른 자들에게로 돌아갈 것임이라.	그가 설 때에 그의 왕국이 깨지고 하늘의 네 바람으로 나뉠 것이며, 그의 끝까지 이르지 아니하고 그가 다스린 권세대로도 되지 아니하리니, 이는 그의 왕국이 뽑혀서 이들 외의 다른 자들에게로 돌아갈 것임이라.
Ko	021_ECC_005_016	wind	רוּחַ = wind here (per context / GOI English): 영 → 바람	또한 이것도 심한 악이니, 그가 온 것과 같은 곁으로 그가 가리라. 그가 영을 위하여 수고한들 그에게 무슨 유익이 있으랴?	또한 이것도 심한 악이니, 그가 온 것과 같은 곁으로 그가 가리라. 그가 바람을 위하여 수고한들 그에게 무슨 유익이 있으랴?
Ko	002_EXO_010_019	wind	רוּחַ = wind here (per context / GOI English): 영 → 바람	여호와께서 강하고 매우 센 바다의 영을 돌이키사 메뚜기를 들어 올려 갈대 바다에 던지셨으니 애굽의 모든 경계에 메뚜기 하나도 남지 아니하였더라	여호와께서 강하고 매우 센 바다의 바람을 돌이키사 메뚜기를 들어 올려 갈대 바다에 던지셨으니 애굽의 모든 경계에 메뚜기 하나도 남지 아니하였더라
Ko	026_EZK_005_010	wind	רוּחַ = wind here (per context / GOI English): 영 → 바람	그러므로 아버지들이 너희 중간에서 아들들을 먹을 것이요, 아들들이 그들의 아버지들을 먹을 것이라. 내가 너희 중에서 심판을 행하고, 너희의 모든 남은 자를 모든 영에게 흩으리라.	그러므로 아버지들이 너희 중간에서 아들들을 먹을 것이요, 아들들이 그들의 아버지들을 먹을 것이라. 내가 너희 중에서 심판을 행하고, 너희의 모든 남은 자를 모든 바람에게 흩으리라.
Ko	026_EZK_037_009	wind	רוּחַ = wind here (per context / GOI English): 영 → 바람	그가 내게 이르시되, 너는 영에게 대언하라, 사람의 아들아, 대언하여 영에게 말하라, 주 여호와께서 이같이 말씀하시되, 네 영들, 곧 사방의 영들로부터 오라, 영이여, 이 죽임을 당한 자들에게 불어서 그들이 살게 하라 하셨다.	그가 내게 이르시되, 너는 바람에게 대언하라, 사람의 아들아, 대언하여 바람에게 말하라, 주 여호와께서 이같이 말씀하시되, 네 바람들, 곧 사방의 바람들로부터 오라, 바람이여, 이 죽임을 당한 자들에게 불어서 그들이 살게 하라 하셨다.
Ko	026_EZK_042_017	wind	רוּחַ = wind here (per context / GOI English): 영 → 바람	북쪽 영을 측량하니 오백 갈대요, 측량하는 갈대로 주위를 두르니라.	북쪽 바람을 측량하니 오백 갈대요, 측량하는 갈대로 주위를 두르니라.
Ko	028_HOS_012_001	wind	רוּחַ = wind here (per context / GOI English): 영 → 바람	에브라임은 영을 먹으며 동풍을 쫓아가서 모든 날에 거짓과 파멸을 더하며 앗수르와 언약을 맺고 기름을 애굽으로 운반하리라	에브라임은 바람을 먹으며 동풍을 쫓아가서 모든 날에 거짓과 파멸을 더하며 앗수르와 언약을 맺고 기름을 애굽으로 운반하리라
Ko	028_HOS_013_015	wind	רוּחַ = wind here (per context / GOI English): 영 → 바람	그가 형제들 사이에서 결실할지라도 동풍이 오리니, 여호와의 영이 광야에서 올라와 오리라, 그의 샘이 마르고 그의 샘이 메마르리라, 그가 모든 탐욕의 그릇의 보물 창고를 약탈하리라.	그가 형제들 사이에서 결실할지라도 동풍이 오리니, 여호와의 바람이 광야에서 올라와 오리라, 그의 샘이 마르고 그의 샘이 메마르리라, 그가 모든 탐욕의 그릇의 보물 창고를 약탈하리라.
Ko	023_ISA_017_013	wind	רוּחַ = wind here (per context / GOI English): 영 → 바람	민족들이 많은 물의 요란함 같이 소리치나니 그가 그를 꾸짖으시리니 그가 먼 곳에서 도망하며 산의 쭉정이가 영 앞에 흩어짐 같고 홍해 앞의 바퀴 같으리라	민족들이 많은 물의 요란함 같이 소리치나니 그가 그를 꾸짖으시리니 그가 먼 곳에서 도망하며 산의 쭉정이가 바람 앞에 흩어짐 같고 홍해 앞의 바퀴 같으리라
Ko	023_ISA_027_008	wind	רוּחַ = wind here (per context / GOI English): 영 → 바람	그가 그것을 보내실 때에 척량으로 그것과 다투시며, 그의 거친 영을 동풍 부는 날에 물리치셨도다.	그가 그것을 보내실 때에 척량으로 그것과 다투시며, 그의 거친 바람을 동풍 부는 날에 물리치셨도다.
Ko	023_ISA_032_002	wind	רוּחַ = wind here (per context / GOI English): 영 → 바람	사람이 영을 피하는 숨는 곳과 폭풍을 가리는 은밀한 곳이 되며, 마른 땅에 물 시내 같고, 곤비한 땅에 무거운 바위 그늘 같으리라.	사람이 바람을 피하는 숨는 곳과 폭풍을 가리는 은밀한 곳이 되며, 마른 땅에 물 시내 같고, 곤비한 땅에 무거운 바위 그늘 같으리라.
Ko	023_ISA_041_029	wind	רוּחַ = wind here (per context / GOI English): 영 → 바람	보라 그들은 모두 죄악이요 그들의 행위는 없음이며 그들의 제사는 영과 혼돈이로다	보라 그들은 모두 죄악이요 그들의 행위는 없음이며 그들의 제사는 바람과 혼돈이로다
Ko	024_JER_005_013	wind	רוּחַ = wind here (per context / GOI English): 영 → 바람	예언자들은 영이 되고, 말씀이 그들 안에 없으니, 그같이 그들이 당하리라.	예언자들은 바람이 되고, 말씀이 그들 안에 없으니, 그같이 그들이 당하리라.
Ko	024_JER_010_013	wind	רוּחַ = wind here (per context / GOI English): 영 → 바람	그의 소리를 내실 때에 하늘에 물들의 무리가 있게 하시고, 땅 끝에서 통치자들을 오르게 하시며, 비를 위하여 번개를 만드시고, 그의 보물 창고에서 영을 내시느니라.	그의 소리를 내실 때에 하늘에 물들의 무리가 있게 하시고, 땅 끝에서 통치자들을 오르게 하시며, 비를 위하여 번개를 만드시고, 그의 보물 창고에서 바람을 내시느니라.
Ko	024_JER_049_036	wind	רוּחַ = wind here (per context / GOI English): 영 → 바람	내가 엘람에 하늘의 네 끝에서부터 네 영을 이르게 하고 그들을 그 모든 영에게로 흩으리니 엘람에서 쫓겨난 자가 이르지 아니할 이방인이 없으리라	내가 엘람에 하늘의 네 끝에서부터 네 바람을 이르게 하고 그들을 그 모든 바람에게로 흩으리니 엘람에서 쫓겨난 자가 이르지 아니할 이방인이 없으리라
Ko	024_JER_051_001	wind	רוּחַ = wind here (per context / GOI English): 영 → 바람	여호와께서 이같이 말씀하시되 보라, 내가 바벨과 나를 대적하는 자들의 마음 가운데 거하는 자들을 치려고 멸망시키는 영을 일으키리라	여호와께서 이같이 말씀하시되 보라, 내가 바벨과 나를 대적하는 자들의 마음 가운데 거하는 자들을 치려고 멸망시키는 바람을 일으키리라
Ko	018_JOB_008_002	wind	רוּחַ = wind here (per context / GOI English): 영 → 바람	네가 언제까지 이런 말들을 하겠으며, 네 입의 말씀이 강한 영과 같겠느냐	네가 언제까지 이런 말들을 하겠으며, 네 입의 말씀이 강한 바람과 같겠느냐
Ko	018_JOB_037_021	wind	רוּחַ = wind here (per context / GOI English): 영 → 바람	이제 그들이 구름 가운데 있는 밝은 빛을 보지 못하나니, 영이 지나가면 그것들을 정결하게 하느니라.	이제 그들이 구름 가운데 있는 밝은 빛을 보지 못하나니, 바람이 지나가면 그것들을 정결하게 하느니라.
Ko	019_PSA_147_018	wind	רוּחַ = wind here (per context / GOI English): 영 → 바람	그의 말씀을 보내사 그것들을 녹이시고 그의 영을 불게 하시니 물이 흐르는도다	그의 말씀을 보내사 그것들을 녹이시고 그의 바람을 불게 하시니 물이 흐르는도다
Ko	038_ZEC_002_006	wind	רוּחַ = wind here (per context / GOI English): 영 → 바람	화 있을진저, 화 있을진저, 북쪽 땅에서 도망하라 여호와의 선언이니라 이는 내가 하늘의 네 영 같이 너희를 흩었음이니라 여호와의 선언이니라	화 있을진저, 화 있을진저, 북쪽 땅에서 도망하라 여호와의 선언이니라 이는 내가 하늘의 네 바람 같이 너희를 흩었음이니라 여호와의 선언이니라
Ko	038_ZEC_006_005	wind	רוּחַ = wind here (per context / GOI English): 영 → 바람	천사가 대답하여 내게 이르되, 이들은 하늘의 네 영들이니, 온 땅의 주인 앞에 서 있다가 나가는 것들이라.	천사가 대답하여 내게 이르되, 이들은 하늘의 네 바람들이니, 온 땅의 주인 앞에 서 있다가 나가는 것들이라.
Ko	011_1KI_008_007	stave	בַּד = pole/stave (homograph of «alone»): 따로 → 채	그룹들이 궤의 장소를 향해 날개를 펼쳤으며, 그룹들이 궤와 그 따로 위를 덮었더라.	그룹들이 궤의 장소를 향해 날개를 펼쳤으며, 그룹들이 궤와 그 채 위를 덮었더라.
Ko	014_2CH_005_008	stave	בַּד = pole/stave (homograph of «alone»): 따로 → 채	그룹들이 날개를 펴서 궤의 장소 위에 덮었고, 그룹들이 궤와 그 따로 위를 덮었더라.	그룹들이 날개를 펴서 궤의 장소 위에 덮었고, 그룹들이 궤와 그 채 위를 덮었더라.
Ko	002_EXO_025_013	stave	בַּד = pole/stave (homograph of «alone»): 따로 → 채	너는 싯딤나무로 따로를 만들고 그것들을 금으로 입힐지니라	너는 싯딤나무로 채를 만들고 그것들을 금으로 입힐지니라
Ko	002_EXO_027_006	stave	בַּד = pole/stave (homograph of «alone»): 따로 → 채	너는 제단을 위하여 따로를 만들되 싯딤나무로 따로를 만들고 그것들을 놋쇠로 입힐지니라	너는 제단을 위하여 채를 만들되 싯딤나무로 채를 만들고 그것들을 놋쇠로 입힐지니라
Ko	002_EXO_035_013	stave	בַּד = pole/stave (homograph of «alone»): 따로 → 채	상과 그 따로와 그 모든 그릇과 얼굴의 빵을 두라.	상과 그 채와 그 모든 그릇과 얼굴의 빵을 두라.
Ko	002_EXO_035_016	stave	בַּד = pole/stave (homograph of «alone»): 따로 → 채	번제단과 그 놋쇠 석쇠와 그 따로와 그 모든 그릇과 화로와 그 받침대를	번제단과 그 놋쇠 석쇠와 그 채와 그 모든 그릇과 화로와 그 받침대를
Ko	002_EXO_037_015	stave	בַּד = pole/stave (homograph of «alone»): 따로 → 채	그가 싯딤나무로 따로를 만들고 그것들을 금으로 입혀 상을 메게 하였더라	그가 싯딤나무로 채를 만들고 그것들을 금으로 입혀 상을 메게 하였더라
Ko	002_EXO_038_005	stave	בַּד = pole/stave (homograph of «alone»): 따로 → 채	그가 놋쇠 석쇠의 네 일부에 반지 넷을 부어 만들었으니, 따로 막대기들을 꿸 집들로 삼았더라.	그가 놋쇠 석쇠의 네 일부에 반지 넷을 부어 만들었으니, 채들을 꿸 집들로 삼았더라.
Ko	002_EXO_038_006	stave	בַּד = pole/stave (homograph of «alone»): 따로 → 채	그가 싯딤나무로 따로를 만들고, 그것들을 놋쇠로 입혔더라.	그가 싯딤나무로 채를 만들고, 그것들을 놋쇠로 입혔더라.
Ko	002_EXO_038_007	stave	בַּד = pole/stave (homograph of «alone»): 따로 → 채	그가 제단 옆에 있는 반지들에 따로를 꿰어 그것을 그것들로 메게 하였으며, 제단을 판들로 속이 비게 만들었더라.	그가 제단 옆에 있는 반지들에 채를 꿰어 그것을 그것들로 메게 하였으며, 제단을 판들로 속이 비게 만들었더라.
Ko	002_EXO_039_035	stave	בַּד = pole/stave (homograph of «alone»): 따로 → 채	증언의 궤와 그 따로와 속죄소를	증언의 궤와 그 채와 속죄소를
Ko	002_EXO_039_039	stave	בַּד = pole/stave (homograph of «alone»): 따로 → 채	놋쇠 제단과 그 놋쇠 석쇠와 그 따로와 그 모든 그릇과 화로와 그 받침대를	놋쇠 제단과 그 놋쇠 석쇠와 그 채와 그 모든 그릇과 화로와 그 받침대를
Ko	002_EXO_040_020	stave	בַּד = pole/stave (homograph of «alone»): 따로 → 채	그가 증언을 궤에 넣고 따로를 궤에 두고 속죄소를 궤 위에 얹었더라	그가 증언을 궤에 넣고 채를 궤에 두고 속죄소를 궤 위에 얹었더라
Ko	018_JOB_017_016	stave	בַּד = pole/stave (homograph of «alone»): 따로 → 채	그들이 스올의 따로 내려가리니, 그들이 함께 흙 위에 평온히 누울 때에.	그들이 스올의 빗장으로 내려가리니, 그들이 함께 흙 위에 평온히 누울 때에.
Ko	004_NUM_004_006	stave	בַּד = pole/stave (homograph of «alone»): 따로 → 채	그 위에 오소리 가죽 덮개를 씌우고 그 위에 순청색 옷을 펴고 그 따로를 꿰라.	그 위에 오소리 가죽 덮개를 씌우고 그 위에 순청색 옷을 펴고 그 채를 꿰라.
Ko	004_NUM_004_008	stave	בַּד = pole/stave (homograph of «alone»): 따로 → 채	그들이 그 위에 진홍색 옷을 펴고 그것을 오소리 가죽 덮개로 덮고 그 따로를 꿰리라	그들이 그 위에 진홍색 옷을 펴고 그것을 오소리 가죽 덮개로 덮고 그 채를 꿰리라
Ko	024_JER_049_032	wind	רוּחַ = wind: 영 → 바람	그들의 낙타들은 전리품이 되고 그들의 가축 무리는 전리품이 되리라 내가 모퉁이를 깎은 자들을 모든 영에 흩으며 그들의 모든 건너편에서 그들의 재앙을 가져오리라 여호와의 선언이니라	그들의 낙타들은 전리품이 되고 그들의 가축 무리는 전리품이 되리라 내가 모퉁이를 깎은 자들을 모든 바람에 흩으며 그들의 모든 건너편에서 그들의 재앙을 가져오리라 여호와의 선언이니라
Zh_Hant	013_1CH_019_002	messenger	מַלְאָךְ = human messenger: 天使 → 使者	大衛說：「我要以慈愛對待蛇的兒子哈嫩，因為他的父曾以慈愛對待我。」於是大衛派遣天使去為他父親的事安慰他。大衛的僕人們就到亞捫人之地，到哈嫩那裡去安慰他。	大衛說：「我要以慈愛對待蛇的兒子哈嫩，因為他的父曾以慈愛對待我。」於是大衛派遣使者去為他父親的事安慰他。大衛的僕人們就到亞捫人之地，到哈嫩那裡去安慰他。
Zh_Hant	011_1KI_022_013	messenger	מַלְאָךְ = human messenger: 天使 → 使者	那去召米該雅先知的天使對他說：「你看，眾先知都用一個口對王說好話，願你的話也像他們中一人的話，說好話。」	那去召米該雅先知的使者對他說：「你看，眾先知都用一個口對王說好話，願你的話也像他們中一人的話，說好話。」
Zh_Hant	009_1SA_006_021	messenger	מַלְאָךְ = human messenger: 天使 → 使者	於是打發天使去見基列亞琳的居民，說：「非利士人將耶和華的約櫃送回，你們要下去，將它接上你們那裡。」	於是打發使者去見基列亞琳的居民，說：「非利士人將耶和華的約櫃送回，你們要下去，將它接上你們那裡。」
Zh_Hant	009_1SA_011_004	messenger	מַלְאָךְ = human messenger: 天使 → 使者	天使來到掃羅的小山丘，把那些話說給百姓聽，於是百姓中的一切人都提高他們的聲音，哭起來。	使者來到掃羅的小山丘，把那些話說給百姓聽，於是百姓中的一切人都提高他們的聲音，哭起來。
Zh_Hant	009_1SA_011_007	messenger	מַלְאָךְ = human messenger: 天使 → 使者	他取了一軛牲畜，宰割了，藉著天使的手送給以色列一切的境界，說：「凡不跟隨掃羅和撒母耳的，他的牲畜也必如此待！」於是耶和華的驚恐臨到百姓，他們就都像一個人一樣出來了。	他取了一軛牲畜，宰割了，藉著使者的手送給以色列一切的境界，說：「凡不跟隨掃羅和撒母耳的，他的牲畜也必如此待！」於是耶和華的驚恐臨到百姓，他們就都像一個人一樣出來了。
Zh_Hant	009_1SA_011_009	messenger	מַלְאָךְ = human messenger: 天使 → 使者	他們對前來的天使說：「你們要對基列的約別士人這樣說：『明日太陽發熱時，你們必得拯救。』」天使就來到，將這些話告訴了約別士人，他們便歡喜。	他們對前來的使者說：「你們要對基列的約別士人這樣說：『明日太陽發熱時，你們必得拯救。』」使者就來到，將這些話告訴了約別士人，他們便歡喜。
Zh_Hant	009_1SA_016_019	messenger	מַלְאָךְ = human messenger: 天使 → 使者	掃羅差遣天使到耶西那裡，說：「請將你在羊群中的兒子大衛送到我這裡。」	掃羅差遣使者到耶西那裡，說：「請將你在羊群中的兒子大衛送到我這裡。」
Zh_Hant	009_1SA_019_016	messenger	מַלְאָךְ = human messenger: 天使 → 使者	天使來到，看哪，那些偶像放在床上，山羊的枕頭放在他的頭下。	使者來到，看哪，那些偶像放在床上，山羊的枕頭放在他的頭下。
Zh_Hant	009_1SA_023_027	messenger	מַלְאָךְ = human messenger: 天使 → 使者	有天使到掃羅那裡，說：「快起來，因為非利士人已經侵入地。」	有使者到掃羅那裡，說：「快起來，因為非利士人已經侵入地。」
Zh_Hant	009_1SA_025_014	messenger	מַלְאָךְ = human messenger: 天使 → 使者	有少年人向那巴爾的妻子亞比該報告說：「看哪，大衛從曠野差遣天使來要祝福我們的主人，他卻粗暴地拒絕他們。」	有少年人向那巴爾的妻子亞比該報告說：「看哪，大衛從曠野差遣使者來要祝福我們的主人，他卻粗暴地拒絕他們。」
Zh_Hant	014_2CH_018_012	messenger	מַלְאָךְ = human messenger: 天使 → 使者	那去召米該雅先知的天使對他說：「你看，眾先知都用一口說好話給王，願你的話也像他們中的一樣說好話。」	那去召米該雅先知的使者對他說：「你看，眾先知都用一口說好話給王，願你的話也像他們中的一樣說好話。」
Zh_Hant	014_2CH_036_016	messenger	מַלְאָךְ = human messenger: 天使 → 使者	他們戲弄神的天使，藐視祂的話，嘲弄祂的先知，以致耶和華向祂的百姓發怒，直到無藥可治。	他們戲弄神的使者，藐視祂的話，嘲弄祂的先知，以致耶和華向祂的百姓發怒，直到無藥可治。
Zh_Hant	012_2KI_001_005	messenger	מַלְאָךְ = human messenger: 天使 → 使者	天使回到他那裡，他對他們說：「你們為何回來呢？」	使者回到他那裡，他對他們說：「你們為何回來呢？」
Zh_Hant	012_2KI_001_016	messenger	מַלְאָךְ = human messenger: 天使 → 使者	耶和華如此說：因你差遣天使去求問以革倫城的神巴力洗卜別，難道以色列中沒有神可以求問祂的話嗎？因此你所上的那張床，你必不得從其上下來，你必定死。	耶和華如此說：因你差遣使者去求問以革倫城的神巴力洗卜別，難道以色列中沒有神可以求問祂的話嗎？因此你所上的那張床，你必不得從其上下來，你必定死。
Zh_Hant	012_2KI_005_010	messenger	מַלְאָךְ = human messenger: 天使 → 使者	以利沙就打發天使去見他，說：「你去，在約旦河裡洗七次，你的肉就必復原，得潔淨。」	以利沙就打發使者去見他，說：「你去，在約旦河裡洗七次，你的肉就必復原，得潔淨。」
Zh_Hant	012_2KI_006_032	messenger	מַלְאָךְ = human messenger: 天使 → 使者	以利沙坐在自己家裡，長老們也與他同坐；他對長老們說：「你們看見這殺人兇手的兒子派人到我這裡來，要取我的頭嗎？看哪，當那天使來到時，你們要把門關上，用門打他。難道你們沒有聽見他主人腳掌的聲音在他後面嗎？」	以利沙坐在自己家裡，長老們也與他同坐；他對長老們說：「你們看見這殺人兇手的兒子派人到我這裡來，要取我的頭嗎？看哪，當那使者來到時，你們要把門關上，用門打他。難道你們沒有聽見他主人腳掌的聲音在他後面嗎？」
Zh_Hant	012_2KI_006_033	messenger	מַלְאָךְ = human messenger: 天使 → 使者	他還在與他們說話時，看哪，那天使向他降下，並說：「看哪，這災禍是來自耶和華，我還能向耶和華求告什麼呢？」	他還在與他們說話時，看哪，那使者向他降下，並說：「看哪，這災禍是來自耶和華，我還能向耶和華求告什麼呢？」
Zh_Hant	012_2KI_007_015	messenger	מַלְאָךְ = human messenger: 天使 → 使者	他們就追趕他們直到約旦河，看哪，一切路上都滿了亞蘭人在慌忙中丟棄的衣服和器皿，然後天使返回向王報告。	他們就追趕他們直到約旦河，看哪，一切路上都滿了亞蘭人在慌忙中丟棄的衣服和器皿，然後使者返回向王報告。
Zh_Hant	012_2KI_017_004	messenger	מַלְאָךְ = human messenger: 天使 → 使者	亞述人王在何西亞發現陰謀，就是他差遣天使去見埃及王梭亞，且每年不將素祭獻給亞述人王；於是亞述人王拘留他，將他囚禁在家中的監牢。	亞述人王在何西亞發現陰謀，就是他差遣使者去見埃及王梭亞，且每年不將素祭獻給亞述人王；於是亞述人王拘留他，將他囚禁在家中的監牢。
Zh_Hant	012_2KI_019_014	messenger	מַלְאָךְ = human messenger: 天使 → 使者	希西家從天使的手裡拿了書卷，就念那書卷，然後上到耶和華的家，將書卷在耶和華面前展開。	希西家從使者的手裡拿了書卷，就念那書卷，然後上到耶和華的家，將書卷在耶和華面前展開。
Zh_Hant	012_2KI_019_023	messenger	מַלְאָךְ = human messenger: 天使 → 使者	藉著你的天使，你辱罵了主，說：「我靠我的戰車上去，到了高山的高處、黎巴嫩的邊界；我要砍下其雪松的身高，其冷杉樹的選物；我要進入那終結的客店，就是迦密山的樹林。」	藉著你的使者，你辱罵了主，說：「我靠我的戰車上去，到了高山的高處、黎巴嫩的邊界；我要砍下其雪松的身高，其冷杉樹的選物；我要進入那終結的客店，就是迦密山的樹林。」
Zh_Hant	010_2SA_011_022	messenger	מַלְאָךְ = human messenger: 天使 → 使者	天使就去了，來到大衛那裡，把約押所差他去的一切事都告訴了大衛。	使者就去了，來到大衛那裡，把約押所差他去的一切事都告訴了大衛。
Zh_Hant	010_2SA_011_023	messenger	מַלְאָךְ = human messenger: 天使 → 使者	天使對大衛說：「因為那些人勝過我們，他們出到田野來攻擊我們，我們就在城門口對付他們。」	使者對大衛說：「因為那些人勝過我們，他們出到田野來攻擊我們，我們就在城門口對付他們。」
Zh_Hant	010_2SA_011_025	messenger	מַלְאָךְ = human messenger: 天使 → 使者	大衛對天使說：「你去對約押說：『這話在你眼中不可看為惡，因為刀劍吞滅，有時如此，有時如彼。你要剛強，為你的爭戰攻打那城，並摧毀它。』」並鼓勵他。	大衛對使者說：「你去對約押說：『這話在你眼中不可看為惡，因為刀劍吞滅，有時如此，有時如彼。你要剛強，為你的爭戰攻打那城，並摧毀它。』」並鼓勵他。
Zh_Hant	026_EZK_017_015	messenger	מַלְאָךְ = human messenger: 天使 → 使者	他背叛了，差遣天使往埃及，要為自己得著馬匹和眾多百姓；行這些事的，豈能亨通逃脫嗎？他背棄了約，卻想逃脫。	他背叛了，差遣使者往埃及，要為自己得著馬匹和眾多百姓；行這些事的，豈能亨通逃脫嗎？他背棄了約，卻想逃脫。
Zh_Hant	026_EZK_023_016	messenger	מַלְאָךְ = human messenger: 天使 → 使者	她因他們的面貌而喜悅，就照著自己的眼所見，差遣天使去迦勒底人那裡。	她因他們的面貌而喜悅，就照著自己的眼所見，差遣使者去迦勒底人那裡。
Zh_Hant	026_EZK_023_040	messenger	מַלְאָךְ = human messenger: 天使 → 使者	即使你派人去遠處的人，有天使奉差到他們那裡，看哪，他們來到你為此洗淨、使你眼目迷醉、又佩戴妝飾的地方。	即使你派人去遠處的人，有使者奉差到他們那裡，看哪，他們來到你為此洗淨、使你眼目迷醉、又佩戴妝飾的地方。
Zh_Hant	001_GEN_032_003	messenger	מַלְאָךְ = human messenger: 天使 → 使者	雅各派遣天使在他面前前往以掃，他弟兄那裡，到以東人西珥山的田野地。	雅各派遣使者在他面前前往以掃，他弟兄那裡，到以東人西珥山的田野地。
Zh_Hant	001_GEN_032_006	messenger	מַלְאָךְ = human messenger: 天使 → 使者	天使回到雅各那裡，說：「我們到了你的弟兄以掃那裡，他甚至正前來迎接你，還有四百人與他同在。」	使者回到雅各那裡，說：「我們到了你的弟兄以掃那裡，他甚至正前來迎接你，還有四百人與他同在。」
Zh_Hant	037_HAG_001_013	messenger	מַלְאָךְ = human messenger: 天使 → 使者	哈該天使憑藉耶和華的信息對百姓宣告：「我與你們同在，這是耶和華的宣告。」	哈該使者憑藉耶和華的信息對百姓宣告：「我與你們同在，這是耶和華的宣告。」
Zh_Hant	023_ISA_014_032	messenger	מַלְאָךְ = human messenger: 天使 → 使者	一邦之天使將作何答呢？因耶和華已堅立錫安，祂百姓中的困苦人必在其中得庇護。	一邦之使者將作何答呢？因耶和華已堅立錫安，祂百姓中的困苦人必在其中得庇護。
Zh_Hant	023_ISA_018_002	messenger	מַלְאָךְ = human messenger: 天使 → 使者	那差遣使者到海中，用蘆葦的器皿在水面上，說：「迅速的天使啊，快去那被拉長又壓碎的民族，到那從起初至今令人驚懼的百姓，那被大河踐踏之地的民族。」	那差遣使者到海中，用蘆葦的器皿在水面上，說：「迅速的使者啊，快去那被拉長又壓碎的民族，到那從起初至今令人驚懼的百姓，那被大河踐踏之地的民族。」
Zh_Hant	023_ISA_033_007	messenger	מַלְאָךְ = human messenger: 天使 → 使者	看哪，英勇者在外面哀號，傳平安的天使痛痛哭泣。	看哪，英勇者在外面哀號，傳平安的使者痛痛哭泣。
Zh_Hant	023_ISA_037_014	messenger	מַלְאָךְ = human messenger: 天使 → 使者	希西家從天使的手裡拿了書卷，就念給他們聽，然後希西家上到耶和華的家，將書卷展開在耶和華面前。	希西家從使者的手裡拿了書卷，就念給他們聽，然後希西家上到耶和華的家，將書卷展開在耶和華面前。
Zh_Hant	023_ISA_044_026	messenger	מַלְאָךְ = human messenger: 天使 → 使者	成就祂僕人之話，並實現祂天使的謀略，論到耶路撒冷說：「必有人居住」，論到猶大的城說：「必被建造」，其荒場我必使它復興。	成就祂僕人之話，並實現祂使者的謀略，論到耶路撒冷說：「必有人居住」，論到猶大的城說：「必被建造」，其荒場我必使它復興。
Zh_Hant	007_JDG_006_035	messenger	מַלְאָךְ = human messenger: 天使 → 使者	於是差遣天使到瑪拿西全地，他也向他們呼求；又差遣天使到亞設支派、西布倫支派和拿弗他利，他們就上來迎見他們。	於是差遣使者到瑪拿西全地，他也向他們呼求；又差遣使者到亞設支派、西布倫支派和拿弗他利，他們就上來迎見他們。
Zh_Hant	007_JDG_011_012	messenger	מַלְאָךְ = human messenger: 天使 → 使者	耶弗他派遣天使去見亞捫人的王，說：「我與你有什麼相干？你竟來到我的地要與我爭戰呢？」	耶弗他派遣使者去見亞捫人的王，說：「我與你有什麼相干？你竟來到我的地要與我爭戰呢？」
Zh_Hant	007_JDG_011_014	messenger	מַלְאָךְ = human messenger: 天使 → 使者	耶弗他又再次派遣天使去亞捫人的兒子們的王。	耶弗他又再次派遣使者去亞捫人的兒子們的王。
Zh_Hant	007_JDG_011_017	messenger	מַלְאָךְ = human messenger: 天使 → 使者	以色列打發天使去見以東人的王，說：「求讓我們穿越你的地，」但以東人的王不聽；他們也打發去見摩押王，他也不肯；以色列就住在加低斯。	以色列打發使者去見以東人的王，說：「求讓我們穿越你的地，」但以東人的王不聽；他們也打發去見摩押王，他也不肯；以色列就住在加低斯。
Zh_Hant	018_JOB_001_014	messenger	מַלְאָךְ = human messenger: 天使 → 使者	一位天使來到約伯那裡，說：「牲畜正在耕地，驢子也在旁邊吃草。」	一位使者來到約伯那裡，說：「牲畜正在耕地，驢子也在旁邊吃草。」
Zh_Hant	006_JOS_006_017	messenger	מַלְאָךְ = human messenger: 天使 → 使者	那城和其中一切都要歸耶和華為當滅之物；妓女喇合卻要存活，她和她家中的一切，因為她藏了我們所派的天使。	那城和其中一切都要歸耶和華為當滅之物；妓女喇合卻要存活，她和她家中的一切，因為她藏了我們所派的使者。
Zh_Hant	006_JOS_006_025	messenger	מַלְאָךְ = human messenger: 天使 → 使者	約書亞救活了妓女喇合和她父的家，以及屬於她的一切，喇合就住在以色列的內裏直到今日，因為她隱藏了約書亞所派去窺探耶利哥城的天使。	約書亞救活了妓女喇合和她父的家，以及屬於她的一切，喇合就住在以色列的內裏直到今日，因為她隱藏了約書亞所派去窺探耶利哥城的使者。
Zh_Hant	006_JOS_007_022	messenger	מַלְאָךְ = human messenger: 天使 → 使者	約書亞派遣天使，他們就跑往那帳幕；看哪，那物藏在帳幕裡，銀子在它下面。	約書亞派遣使者，他們就跑往那帳幕；看哪，那物藏在帳幕裡，銀子在它下面。
Zh_Hant	039_MAL_002_007	messenger	מַלְאָךְ = human messenger: 天使 → 使者	因為祭司的嘴唇當保存知識，人也當從他的口中尋求律法，因他是耶和華軍隊的天使。	因為祭司的嘴唇當保存知識，人也當從他的口中尋求律法，因他是耶和華軍隊的使者。
Zh_Hant	004_NUM_020_014	messenger	מַלְאָךְ = human messenger: 天使 → 使者	摩西從加低斯派遣天使去見以東人的王，說：「你的弟兄以色列如此說：你清楚知道我們所遭遇的一切勞苦。」	摩西從加低斯派遣使者去見以東人的王，說：「你的弟兄以色列如此說：你清楚知道我們所遭遇的一切勞苦。」
Zh_Hant	004_NUM_021_021	messenger	מַלְאָךְ = human messenger: 天使 → 使者	以色列派遣天使去見亞摩利人的王西宏，說：	以色列派遣使者去見亞摩利人的王西宏，說：
Zh_Hant	004_NUM_022_005	messenger	מַלְאָךְ = human messenger: 天使 → 使者	他差遣天使到住在大河邊彼他拉人比珥的兒子巴蘭那裡，就是他百姓的兒子，召喚他說：「看哪，有一群百姓從埃及出來，看哪，他們遮滿了地的眼，現今住在我的對面。」	他差遣使者到住在大河邊彼他拉人比珥的兒子巴蘭那裡，就是他百姓的兒子，召喚他說：「看哪，有一群百姓從埃及出來，看哪，他們遮滿了地的眼，現今住在我的對面。」
Zh_Hant	020_PRO_013_017	messenger	מַלְאָךְ = human messenger: 天使 → 使者	惡劣的天使必因邪惡而跌倒，信實的使者卻是醫治。	惡劣的使者必因邪惡而跌倒，信實的使者卻是醫治。
Zh_Hant	020_PRO_016_014	messenger	מַלְאָךְ = human messenger: 天使 → 使者	王的怒氣是死亡的天使，但智慧人能平息它。	王的怒氣是死亡的使者，但智慧人能平息它。
Zh_Hant	020_PRO_017_011	messenger	מַלְאָךְ = human messenger: 天使 → 使者	但悖逆者尋求禍患，必有惡的天使被差遣到他那裡。	但悖逆者尋求禍患，必有惡的使者被差遣到他那裡。
Zh_Hant	011_1KI_019_011	wind	רוּחַ = wind here: 靈 → 風	他說：「你去站在山上面對耶和華，看哪，耶和華要經過，有大而強的靈使山崩裂，使磐石碎裂在耶和華面前，但耶和華不在於靈中；靈後又有地震，但耶和華也不在於地震中。」	他說：「你去站在山上面對耶和華，看哪，耶和華要經過，有大而強的風使山崩裂，使磐石碎裂在耶和華面前，但耶和華不在於風中；風後又有地震，但耶和華也不在於地震中。」
Zh_Hant	010_2SA_022_011	wind	רוּחַ = wind here: 靈 → 風	他坐在基路伯上飛行，顯現於靈的翅膀之上。	他坐在基路伯上飛行，顯現於風的翅膀之上。
Zh_Hant	021_ECC_001_006	wind	רוּחַ = wind here: 靈 → 風	往南走，又轉向北方，靈不斷地盤旋往復，靈在四圍轉了又轉。	往南走，又轉向北方，風不斷地盤旋往復，風在四圍轉了又轉。
Zh_Hant	002_EXO_010_019	wind	רוּחַ = wind here: 靈 → 風	耶和華轉起強大的海靈，把蝗蟲吹起，投於紅海之中，在埃及全地連一隻蝗蟲也沒有留下。	耶和華轉起強大的西風，把蝗蟲吹起，投於紅海之中，在埃及全地連一隻蝗蟲也沒有留下。
Zh_Hant	026_EZK_037_009	wind	רוּחַ = wind here: 靈 → 風	於是我對我說：「人子啊，你要對靈說預言，要對靈說：『主耶和華如此說：「從四方的靈啊，你們要來，吹氣在這些被殺的人身上，使他們活過來。」』」	於是他對我說：「人子啊，你要對風說預言，要對風說：『主耶和華如此說：「從四方的風啊，你們要來，吹氣在這些被殺的人身上，使他們活過來。」』」
Zh_Hant	026_EZK_042_018	wind	רוּחַ = wind here: 靈 → 風	量度南方的靈，五百蘆葦，以量度的蘆葦為單位。	量度南方的風，五百蘆葦，以量度的蘆葦為單位。
Zh_Hant	023_ISA_041_029	wind	רוּחַ = wind here: 靈 → 風	看哪，他們全然都是虛空，他們的作為都是無有；他們的奠祭是靈與混沌。	看哪，他們全然都是虛空，他們的作為都是無有；他們的奠祭是風與混沌。
Zh_Hant	023_ISA_057_013	wind	רוּחַ = wind here: 靈 → 風	你呼求時，你的聚集的人數必拯救你，但靈必取去一切歸於虛空；那倚靠我的必承受地，並繼承聖山。	你呼求時，你的聚集的人數必拯救你，但風必取去一切歸於虛空；那倚靠我的必承受地，並繼承聖山。
Zh_Hant	024_JER_004_011	wind	רוּחַ = wind here: 靈 → 風	那時，將對這百姓和耶路撒冷說：曠野的高處有靈，我百姓女兒的路，不是用來踐踏，也不是用來毀壞。	那時，將對這百姓和耶路撒冷說：曠野的高處有風，我百姓女兒的路，不是用來踐踏，也不是用來毀壞。
Zh_Hant	024_JER_005_013	wind	רוּחַ = wind here: 靈 → 風	先知必成為靈，話語在他們裡面也不存在，他們必如此遭遇。	先知必成為風，話語在他們裡面也不存在，他們必如此遭遇。
Zh_Hant	024_JER_022_022	wind	רוּחַ = wind here: 靈 → 風	你的一切牧人必被靈吞滅，你的一切戀人必成為擄掠物；那時你必因你的一切惡事而羞愧蒙羞。	你的一切牧人必被風吞滅，你的一切戀人必成為擄掠物；那時你必因你的一切惡事而羞愧蒙羞。
Zh_Hant	018_JOB_006_026	wind	רוּחַ = wind here: 靈 → 風	你們要以言語爭辯嗎？要以人的靈語來駁斥嗎？	你們想要駁正言語嗎？絕望人的講論不過是風。
Zh_Hant	018_JOB_008_002	wind	רוּחַ = wind here: 靈 → 風	你還要向這些事絮絮不休到幾時呢？你口中的言語充滿了靈。	你還要向這些事絮絮不休到幾時呢？你口中的言語如同狂風。
Zh_Hant	018_JOB_030_022	wind	רוּחַ = wind here: 靈 → 風	求你將我托於靈上，使我乘駕，並使我消散。	求你將我托於風上，使我乘駕，並使我消散。
Zh_Hant	020_PRO_025_023	wind	רוּחַ = wind here: 靈 → 風	來自北方的靈使雨成形，發怒的面是隱密處的舌頭。	來自北方的風使雨成形，發怒的面是隱密處的舌頭。
Zh_Hant	020_PRO_030_004	wind	רוּחַ = wind here: 靈 → 風	誰升到天又降下來？誰用手掌聚集靈？誰把水包在衣服裡？誰立定地的無有邊界？祂名叫甚麼？祂兒子名叫甚麼？你若知道。	誰升到天又降下來？誰用手掌聚集風？誰把水包在衣服裡？誰立定地的無有邊界？祂名叫甚麼？祂兒子名叫甚麼？你若知道。
Zh_Hant	019_PSA_103_016	wind	רוּחַ = wind here: 靈 → 風	因為靈經過他，他就沒有了，他原來的地方再也認不出他。	因為風經過他，他就沒有了，他原來的地方再也認不出他。
Zh_Hant	038_ZEC_005_009	wind	רוּחַ = wind here: 靈 → 風	我舉目觀看，見有兩個婦人出來，靈在她們翅膀中，她們的翅膀如同禿鷹的翅膀，她們把伊法抬在地與天之間。	我舉目觀看，見有兩個婦人出來，風在她們翅膀中，她們的翅膀如同禿鷹的翅膀，她們把伊法抬在地與天之間。
Zh_Hant	038_ZEC_006_005	wind	רוּחַ = wind here: 靈 → 風	天使回答我說：「這些是天的四個靈，從立於地的主人面前而出。」	天使回答我說：「這些是天的四個風，從立於地的主人面前而出。」
Zh_Hant	002_EXO_037_004	stave	בַּד = pole/stave, not «alone»	用西特木樹做獨自的杠，並用金子包裹它們。	用西特木樹做杠，並用金子包裹它們。
Zh_Hant	018_JOB_017_016	stave	בַּדֵּי שְׁאֹל = the bars of Sheol; «獨自» was the «alone» misreading	你必下到陰間，獨自安息在塵土中。	它要下到陰間的門閂那裡嗎？我們要一同安息在塵土中嗎？
Zh_Hant	038_ZEC_006_005	wind	measure word for 風	天使回答我說：「這些是天的四個風，從立於地的主人面前而出。」	天使回答我說：「這些是天的四方之風，從立於地的主人面前而出。」
Zh_Hans	013_1CH_019_002	messenger	מַלְאָךְ = human messenger: 天使 → 使者	大卫说：「我要以慈爱对待蛇的儿子哈嫩，因为他的父曾以慈爱对待我。」于是大卫派遣天使去为他父亲的事安慰他。大卫的仆人们就到亚扪人之地，到哈嫩那里去安慰他。	大卫说：「我要以慈爱对待蛇的儿子哈嫩，因为他的父曾以慈爱对待我。」于是大卫派遣使者去为他父亲的事安慰他。大卫的仆人们就到亚扪人之地，到哈嫩那里去安慰他。
Zh_Hans	011_1KI_022_013	messenger	מַלְאָךְ = human messenger: 天使 → 使者	那去召米该雅先知的天使对他说：「你看，众先知都用一个口对王说好话，愿你的话也像他们中一人的话，说好话。」	那去召米该雅先知的使者对他说：「你看，众先知都用一个口对王说好话，愿你的话也像他们中一人的话，说好话。」
Zh_Hans	009_1SA_006_021	messenger	מַלְאָךְ = human messenger: 天使 → 使者	于是打发天使去见基列亚琳的居民，说：「非利士人将耶和华的约柜送回，你们要下去，将它接上你们那里。」	于是打发使者去见基列亚琳的居民，说：「非利士人将耶和华的约柜送回，你们要下去，将它接上你们那里。」
Zh_Hans	009_1SA_011_004	messenger	מַלְאָךְ = human messenger: 天使 → 使者	天使来到扫罗的小山丘，把那些话说给百姓听，于是百姓中的一切人都提高他们的声音，哭起来。	使者来到扫罗的小山丘，把那些话说给百姓听，于是百姓中的一切人都提高他们的声音，哭起来。
Zh_Hans	009_1SA_011_007	messenger	מַלְאָךְ = human messenger: 天使 → 使者	他取了一轭牲畜，宰割了，藉著天使的手送给以色列一切的境界，说：「凡不跟随扫罗和撒母耳的，他的牲畜也必如此待！」于是耶和华的惊恐临到百姓，他们就都像一个人一样出来了。	他取了一轭牲畜，宰割了，藉著使者的手送给以色列一切的境界，说：「凡不跟随扫罗和撒母耳的，他的牲畜也必如此待！」于是耶和华的惊恐临到百姓，他们就都像一个人一样出来了。
Zh_Hans	009_1SA_011_009	messenger	מַלְאָךְ = human messenger: 天使 → 使者	他们对前来的天使说：「你们要对基列的约别士人这样说：『明日太阳发热时，你们必得拯救。』」天使就来到，将这些话告诉了约别士人，他们便欢喜。	他们对前来的使者说：「你们要对基列的约别士人这样说：『明日太阳发热时，你们必得拯救。』」使者就来到，将这些话告诉了约别士人，他们便欢喜。
Zh_Hans	009_1SA_016_019	messenger	מַלְאָךְ = human messenger: 天使 → 使者	扫罗差遣天使到耶西那里，说：「请将你在羊群中的儿子大卫送到我这里。」	扫罗差遣使者到耶西那里，说：「请将你在羊群中的儿子大卫送到我这里。」
Zh_Hans	009_1SA_019_016	messenger	מַלְאָךְ = human messenger: 天使 → 使者	天使来到，看哪，那些偶像放在床上，山羊的枕头放在他的头下。	使者来到，看哪，那些偶像放在床上，山羊的枕头放在他的头下。
Zh_Hans	009_1SA_023_027	messenger	מַלְאָךְ = human messenger: 天使 → 使者	有天使到扫罗那里，说：「快起来，因为非利士人已经侵入地。」	有使者到扫罗那里，说：「快起来，因为非利士人已经侵入地。」
Zh_Hans	009_1SA_025_014	messenger	מַלְאָךְ = human messenger: 天使 → 使者	有少年人向那巴尔的妻子亚比该报告说：「看哪，大卫从旷野差遣天使来要祝福我们的主人，他却粗暴地拒绝他们。」	有少年人向那巴尔的妻子亚比该报告说：「看哪，大卫从旷野差遣使者来要祝福我们的主人，他却粗暴地拒绝他们。」
Zh_Hans	014_2CH_018_012	messenger	מַלְאָךְ = human messenger: 天使 → 使者	那去召米该雅先知的天使对他说：「你看，众先知都用一口说好话给王，愿你的话也像他们中的一样说好话。」	那去召米该雅先知的使者对他说：「你看，众先知都用一口说好话给王，愿你的话也像他们中的一样说好话。」
Zh_Hans	014_2CH_036_016	messenger	מַלְאָךְ = human messenger: 天使 → 使者	他们戏弄神的天使，藐视祂的话，嘲弄祂的先知，以致耶和华向祂的百姓发怒，直到无药可治。	他们戏弄神的使者，藐视祂的话，嘲弄祂的先知，以致耶和华向祂的百姓发怒，直到无药可治。
Zh_Hans	012_2KI_001_005	messenger	מַלְאָךְ = human messenger: 天使 → 使者	天使回到他那里，他对他们说：「你们为何回来呢？」	使者回到他那里，他对他们说：「你们为何回来呢？」
Zh_Hans	012_2KI_001_016	messenger	מַלְאָךְ = human messenger: 天使 → 使者	耶和华如此说：因你差遣天使去求问以革伦城的神巴力洗卜别，难道以色列中没有神可以求问祂的话吗？因此你所上的那张床，你必不得从其上下来，你必定死。	耶和华如此说：因你差遣使者去求问以革伦城的神巴力洗卜别，难道以色列中没有神可以求问祂的话吗？因此你所上的那张床，你必不得从其上下来，你必定死。
Zh_Hans	012_2KI_005_010	messenger	מַלְאָךְ = human messenger: 天使 → 使者	以利沙就打发天使去见他，说：「你去，在约旦河里洗七次，你的肉就必复原，得洁净。」	以利沙就打发使者去见他，说：「你去，在约旦河里洗七次，你的肉就必复原，得洁净。」
Zh_Hans	012_2KI_006_032	messenger	מַלְאָךְ = human messenger: 天使 → 使者	以利沙坐在自己家里，长老们也与他同坐；他对长老们说：「你们看见这杀人凶手的儿子派人到我这里来，要取我的头吗？看哪，当那天使来到时，你们要把门关上，用门打他。难道你们没有听见他主人脚掌的声音在他后面吗？」	以利沙坐在自己家里，长老们也与他同坐；他对长老们说：「你们看见这杀人凶手的儿子派人到我这里来，要取我的头吗？看哪，当那使者来到时，你们要把门关上，用门打他。难道你们没有听见他主人脚掌的声音在他后面吗？」
Zh_Hans	012_2KI_006_033	messenger	מַלְאָךְ = human messenger: 天使 → 使者	他还在与他们说话时，看哪，那天使向他降下，并说：「看哪，这灾祸是来自耶和华，我还能向耶和华求告什么呢？」	他还在与他们说话时，看哪，那使者向他降下，并说：「看哪，这灾祸是来自耶和华，我还能向耶和华求告什么呢？」
Zh_Hans	012_2KI_007_015	messenger	מַלְאָךְ = human messenger: 天使 → 使者	他们就追赶他们直到约旦河，看哪，一切路上都满了亚兰人在慌忙中丢弃的衣服和器皿，然后天使返回向王报告。	他们就追赶他们直到约旦河，看哪，一切路上都满了亚兰人在慌忙中丢弃的衣服和器皿，然后使者返回向王报告。
Zh_Hans	012_2KI_017_004	messenger	מַלְאָךְ = human messenger: 天使 → 使者	亚述人王在何西亚发现阴谋，就是他差遣天使去见埃及王梭亚，且每年不将素祭献给亚述人王；于是亚述人王拘留他，将他囚禁在家中的监牢。	亚述人王在何西亚发现阴谋，就是他差遣使者去见埃及王梭亚，且每年不将素祭献给亚述人王；于是亚述人王拘留他，将他囚禁在家中的监牢。
Zh_Hans	012_2KI_019_014	messenger	מַלְאָךְ = human messenger: 天使 → 使者	希西家从天使的手里拿了书卷，就念那书卷，然后上到耶和华的家，将书卷在耶和华面前展开。	希西家从使者的手里拿了书卷，就念那书卷，然后上到耶和华的家，将书卷在耶和华面前展开。
Zh_Hans	012_2KI_019_023	messenger	מַלְאָךְ = human messenger: 天使 → 使者	藉著你的天使，你辱骂了主，说：「我靠我的战车上去，到了高山的高处、黎巴嫩的边界；我要砍下其雪松的身高，其冷杉树的选物；我要进入那终结的客店，就是迦密山的树林。」	藉著你的使者，你辱骂了主，说：「我靠我的战车上去，到了高山的高处、黎巴嫩的边界；我要砍下其雪松的身高，其冷杉树的选物；我要进入那终结的客店，就是迦密山的树林。」
Zh_Hans	010_2SA_011_022	messenger	מַלְאָךְ = human messenger: 天使 → 使者	天使就去了，来到大卫那里，把约押所差他去的一切事都告诉了大卫。	使者就去了，来到大卫那里，把约押所差他去的一切事都告诉了大卫。
Zh_Hans	010_2SA_011_023	messenger	מַלְאָךְ = human messenger: 天使 → 使者	天使对大卫说：「因为那些人胜过我们，他们出到田野来攻击我们，我们就在城门口对付他们。」	使者对大卫说：「因为那些人胜过我们，他们出到田野来攻击我们，我们就在城门口对付他们。」
Zh_Hans	010_2SA_011_025	messenger	מַלְאָךְ = human messenger: 天使 → 使者	大卫对天使说：「你去对约押说：『这话在你眼中不可看为恶，因为刀剑吞灭，有时如此，有时如彼。你要刚强，为你的争战攻打那城，并摧毁它。』」并鼓励他。	大卫对使者说：「你去对约押说：『这话在你眼中不可看为恶，因为刀剑吞灭，有时如此，有时如彼。你要刚强，为你的争战攻打那城，并摧毁它。』」并鼓励他。
Zh_Hans	026_EZK_017_015	messenger	מַלְאָךְ = human messenger: 天使 → 使者	他背叛了，差遣天使往埃及，要为自己得著马匹和众多百姓；行这些事的，岂能亨通逃脱吗？他背弃了约，却想逃脱。	他背叛了，差遣使者往埃及，要为自己得著马匹和众多百姓；行这些事的，岂能亨通逃脱吗？他背弃了约，却想逃脱。
Zh_Hans	026_EZK_023_016	messenger	מַלְאָךְ = human messenger: 天使 → 使者	她因他们的面貌而喜悦，就照著自己的眼所见，差遣天使去迦勒底人那里。	她因他们的面貌而喜悦，就照著自己的眼所见，差遣使者去迦勒底人那里。
Zh_Hans	026_EZK_023_040	messenger	מַלְאָךְ = human messenger: 天使 → 使者	即使你派人去远处的人，有天使奉差到他们那里，看哪，他们来到你为此洗净、使你眼目迷醉、又佩戴妆饰的地方。	即使你派人去远处的人，有使者奉差到他们那里，看哪，他们来到你为此洗净、使你眼目迷醉、又佩戴妆饰的地方。
Zh_Hans	001_GEN_032_003	messenger	מַלְאָךְ = human messenger: 天使 → 使者	雅各派遣天使在他面前前往以扫，他弟兄那里，到以东人西珥山的田野地。	雅各派遣使者在他面前前往以扫，他弟兄那里，到以东人西珥山的田野地。
Zh_Hans	001_GEN_032_006	messenger	מַלְאָךְ = human messenger: 天使 → 使者	天使回到雅各那里，说：「我们到了你的弟兄以扫那里，他甚至正前来迎接你，还有四百人与他同在。」	使者回到雅各那里，说：「我们到了你的弟兄以扫那里，他甚至正前来迎接你，还有四百人与他同在。」
Zh_Hans	037_HAG_001_013	messenger	מַלְאָךְ = human messenger: 天使 → 使者	哈该天使凭借耶和华的信息对百姓宣告：「我与你们同在，这是耶和华的宣告。」	哈该使者凭借耶和华的信息对百姓宣告：「我与你们同在，这是耶和华的宣告。」
Zh_Hans	023_ISA_014_032	messenger	מַלְאָךְ = human messenger: 天使 → 使者	一邦之天使将作何答呢？因耶和华已坚立锡安，祂百姓中的困苦人必在其中得庇护。	一邦之使者将作何答呢？因耶和华已坚立锡安，祂百姓中的困苦人必在其中得庇护。
Zh_Hans	023_ISA_018_002	messenger	מַלְאָךְ = human messenger: 天使 → 使者	那差遣使者到海中，用芦苇的器皿在水面上，说：「迅速的天使啊，快去那被拉长又压碎的民族，到那从起初至今令人惊惧的百姓，那被大河践踏之地的民族。」	那差遣使者到海中，用芦苇的器皿在水面上，说：「迅速的使者啊，快去那被拉长又压碎的民族，到那从起初至今令人惊惧的百姓，那被大河践踏之地的民族。」
Zh_Hans	023_ISA_033_007	messenger	מַלְאָךְ = human messenger: 天使 → 使者	看哪，英勇者在外面哀号，传平安的天使痛痛哭泣。	看哪，英勇者在外面哀号，传平安的使者痛痛哭泣。
Zh_Hans	023_ISA_037_014	messenger	מַלְאָךְ = human messenger: 天使 → 使者	希西家从天使的手里拿了书卷，就念给他们听，然后希西家上到耶和华的家，将书卷展开在耶和华面前。	希西家从使者的手里拿了书卷，就念给他们听，然后希西家上到耶和华的家，将书卷展开在耶和华面前。
Zh_Hans	023_ISA_044_026	messenger	מַלְאָךְ = human messenger: 天使 → 使者	成就祂仆人之话，并实现祂天使的谋略，论到耶路撒冷说：「必有人居住」，论到犹大的城说：「必被建造」，其荒场我必使它复兴。	成就祂仆人之话，并实现祂使者的谋略，论到耶路撒冷说：「必有人居住」，论到犹大的城说：「必被建造」，其荒场我必使它复兴。
Zh_Hans	007_JDG_006_035	messenger	מַלְאָךְ = human messenger: 天使 → 使者	于是差遣天使到玛拿西全地，他也向他们呼求；又差遣天使到亚设支派、西布伦支派和拿弗他利，他们就上来迎见他们。	于是差遣使者到玛拿西全地，他也向他们呼求；又差遣使者到亚设支派、西布伦支派和拿弗他利，他们就上来迎见他们。
Zh_Hans	007_JDG_011_012	messenger	מַלְאָךְ = human messenger: 天使 → 使者	耶弗他派遣天使去见亚扪人的王，说：「我与你有什么相干？你竟来到我的地要与我争战呢？」	耶弗他派遣使者去见亚扪人的王，说：「我与你有什么相干？你竟来到我的地要与我争战呢？」
Zh_Hans	007_JDG_011_014	messenger	מַלְאָךְ = human messenger: 天使 → 使者	耶弗他又再次派遣天使去亚扪人的儿子们的王。	耶弗他又再次派遣使者去亚扪人的儿子们的王。
Zh_Hans	007_JDG_011_017	messenger	מַלְאָךְ = human messenger: 天使 → 使者	以色列打发天使去见以东人的王，说：「求让我们穿越你的地，」但以东人的王不听；他们也打发去见摩押王，他也不肯；以色列就住在加低斯。	以色列打发使者去见以东人的王，说：「求让我们穿越你的地，」但以东人的王不听；他们也打发去见摩押王，他也不肯；以色列就住在加低斯。
Zh_Hans	018_JOB_001_014	messenger	מַלְאָךְ = human messenger: 天使 → 使者	一位天使来到约伯那里，说：「牲畜正在耕地，驴子也在旁边吃草。」	一位使者来到约伯那里，说：「牲畜正在耕地，驴子也在旁边吃草。」
Zh_Hans	006_JOS_006_017	messenger	מַלְאָךְ = human messenger: 天使 → 使者	那城和其中一切都要归耶和华为当灭之物；妓女喇合却要存活，她和她家中的一切，因为她藏了我们所派的天使。	那城和其中一切都要归耶和华为当灭之物；妓女喇合却要存活，她和她家中的一切，因为她藏了我们所派的使者。
Zh_Hans	006_JOS_006_025	messenger	מַלְאָךְ = human messenger: 天使 → 使者	约书亚救活了妓女喇合和她父的家，以及属于她的一切，喇合就住在以色列的内里直到今日，因为她隐藏了约书亚所派去窥探耶利哥城的天使。	约书亚救活了妓女喇合和她父的家，以及属于她的一切，喇合就住在以色列的内里直到今日，因为她隐藏了约书亚所派去窥探耶利哥城的使者。
Zh_Hans	006_JOS_007_022	messenger	מַלְאָךְ = human messenger: 天使 → 使者	约书亚派遣天使，他们就跑往那帐幕；看哪，那物藏在帐幕里，银子在它下面。	约书亚派遣使者，他们就跑往那帐幕；看哪，那物藏在帐幕里，银子在它下面。
Zh_Hans	039_MAL_002_007	messenger	מַלְאָךְ = human messenger: 天使 → 使者	因为祭司的嘴唇当保存知识，人也当从他的口中寻求律法，因他是耶和华军队的天使。	因为祭司的嘴唇当保存知识，人也当从他的口中寻求律法，因他是耶和华军队的使者。
Zh_Hans	004_NUM_020_014	messenger	מַלְאָךְ = human messenger: 天使 → 使者	摩西从加低斯派遣天使去见以东人的王，说：「你的弟兄以色列如此说：你清楚知道我们所遭遇的一切劳苦。」	摩西从加低斯派遣使者去见以东人的王，说：「你的弟兄以色列如此说：你清楚知道我们所遭遇的一切劳苦。」
Zh_Hans	004_NUM_021_021	messenger	מַלְאָךְ = human messenger: 天使 → 使者	以色列派遣天使去见亚摩利人的王西宏，说：	以色列派遣使者去见亚摩利人的王西宏，说：
Zh_Hans	004_NUM_022_005	messenger	מַלְאָךְ = human messenger: 天使 → 使者	他差遣天使到住在大河边彼他拉人比珥的儿子巴兰那里，就是他百姓的儿子，召唤他说：「看哪，有一群百姓从埃及出来，看哪，他们遮满了地的眼，现今住在我的对面。」	他差遣使者到住在大河边彼他拉人比珥的儿子巴兰那里，就是他百姓的儿子，召唤他说：「看哪，有一群百姓从埃及出来，看哪，他们遮满了地的眼，现今住在我的对面。」
Zh_Hans	020_PRO_013_017	messenger	מַלְאָךְ = human messenger: 天使 → 使者	恶劣的天使必因邪恶而跌倒，信实的使者却是医治。	恶劣的使者必因邪恶而跌倒，信实的使者却是医治。
Zh_Hans	020_PRO_016_014	messenger	מַלְאָךְ = human messenger: 天使 → 使者	王的怒气是死亡的天使，但智慧人能平息它。	王的怒气是死亡的使者，但智慧人能平息它。
Zh_Hans	020_PRO_017_011	messenger	מַלְאָךְ = human messenger: 天使 → 使者	但悖逆者寻求祸患，必有恶的天使被差遣到他那里。	但悖逆者寻求祸患，必有恶的使者被差遣到他那里。
Zh_Hans	011_1KI_019_011	wind	רוּחַ = wind here: 灵 → 风	他说：「你去站在山上面对耶和华，看哪，耶和华要经过，有大而强的灵使山崩裂，使磐石碎裂在耶和华面前，但耶和华不在于灵中；灵后又有地震，但耶和华也不在于地震中。」	他说：「你去站在山上面对耶和华，看哪，耶和华要经过，有大而强的风使山崩裂，使磐石碎裂在耶和华面前，但耶和华不在于风中；风后又有地震，但耶和华也不在于地震中。」
Zh_Hans	010_2SA_022_011	wind	רוּחַ = wind here: 灵 → 风	他坐在基路伯上飞行，显现于灵的翅膀之上。	他坐在基路伯上飞行，显现于风的翅膀之上。
Zh_Hans	021_ECC_001_006	wind	רוּחַ = wind here: 灵 → 风	往南走，又转向北方，灵不断地盘旋往复，灵在四围转了又转。	往南走，又转向北方，风不断地盘旋往复，风在四围转了又转。
Zh_Hans	002_EXO_010_019	wind	רוּחַ = wind here: 灵 → 风	耶和华转起强大的海灵，把蝗虫吹起，投于红海之中，在埃及全地连一只蝗虫也没有留下。	耶和华转起强大的西风，把蝗虫吹起，投于红海之中，在埃及全地连一只蝗虫也没有留下。
Zh_Hans	026_EZK_037_009	wind	רוּחַ = wind here: 灵 → 风	于是我对我说：「人子啊，你要对灵说预言，要对灵说：『主耶和华如此说：「从四方的灵啊，你们要来，吹气在这些被杀的人身上，使他们活过来。」』」	于是他对我说：「人子啊，你要对风说预言，要对风说：『主耶和华如此说：「从四方的风啊，你们要来，吹气在这些被杀的人身上，使他们活过来。」』」
Zh_Hans	026_EZK_042_018	wind	רוּחַ = wind here: 灵 → 风	量度南方的灵，五百芦苇，以量度的芦苇为单位。	量度南方的风，五百芦苇，以量度的芦苇为单位。
Zh_Hans	023_ISA_041_029	wind	רוּחַ = wind here: 灵 → 风	看哪，他们全然都是虚空，他们的作为都是无有；他们的奠祭是灵与混沌。	看哪，他们全然都是虚空，他们的作为都是无有；他们的奠祭是风与混沌。
Zh_Hans	023_ISA_057_013	wind	רוּחַ = wind here: 灵 → 风	你呼求时，你的聚集的人数必拯救你，但灵必取去一切归于虚空；那倚靠我的必承受地，并继承圣山。	你呼求时，你的聚集的人数必拯救你，但风必取去一切归于虚空；那倚靠我的必承受地，并继承圣山。
Zh_Hans	024_JER_004_011	wind	רוּחַ = wind here: 灵 → 风	那时，将对这百姓和耶路撒冷说：旷野的高处有灵，我百姓女儿的路，不是用来践踏，也不是用来毁坏。	那时，将对这百姓和耶路撒冷说：旷野的高处有风，我百姓女儿的路，不是用来践踏，也不是用来毁坏。
Zh_Hans	024_JER_005_013	wind	רוּחַ = wind here: 灵 → 风	先知必成为灵，话语在他们里面也不存在，他们必如此遭遇。	先知必成为风，话语在他们里面也不存在，他们必如此遭遇。
Zh_Hans	024_JER_022_022	wind	רוּחַ = wind here: 灵 → 风	你的一切牧人必被灵吞灭，你的一切恋人必成为掳掠物；那时你必因你的一切恶事而羞愧蒙羞。	你的一切牧人必被风吞灭，你的一切恋人必成为掳掠物；那时你必因你的一切恶事而羞愧蒙羞。
Zh_Hans	018_JOB_006_026	wind	רוּחַ = wind here: 灵 → 风	你们要以言语争辩吗？要以人的灵语来驳斥吗？	你们想要驳正言语吗？绝望人的讲论不过是风。
Zh_Hans	018_JOB_008_002	wind	רוּחַ = wind here: 灵 → 风	你还要向这些事絮絮不休到几时呢？你口中的言语充满了灵。	你还要向这些事絮絮不休到几时呢？你口中的言语如同狂风。
Zh_Hans	018_JOB_030_022	wind	רוּחַ = wind here: 灵 → 风	求你将我托于灵上，使我乘驾，并使我消散。	求你将我托于风上，使我乘驾，并使我消散。
Zh_Hans	020_PRO_025_023	wind	רוּחַ = wind here: 灵 → 风	来自北方的灵使雨成形，发怒的面是隐密处的舌头。	来自北方的风使雨成形，发怒的面是隐密处的舌头。
Zh_Hans	020_PRO_030_004	wind	רוּחַ = wind here: 灵 → 风	谁升到天又降下来？谁用手掌聚集灵？谁把水包在衣服里？谁立定地的无有边界？祂名叫甚么？祂儿子名叫甚么？你若知道。	谁升到天又降下来？谁用手掌聚集风？谁把水包在衣服里？谁立定地的无有边界？祂名叫甚么？祂儿子名叫甚么？你若知道。
Zh_Hans	019_PSA_103_016	wind	רוּחַ = wind here: 灵 → 风	因为灵经过他，他就没有了，他原来的地方再也认不出他。	因为风经过他，他就没有了，他原来的地方再也认不出他。
Zh_Hans	038_ZEC_005_009	wind	רוּחַ = wind here: 灵 → 风	我举目观看，见有两个妇人出来，灵在她们翅膀中，她们的翅膀如同秃鹰的翅膀，她们把伊法抬在地与天之间。	我举目观看，见有两个妇人出来，风在她们翅膀中，她们的翅膀如同秃鹰的翅膀，她们把伊法抬在地与天之间。
Zh_Hans	038_ZEC_006_005	wind	רוּחַ = wind here: 灵 → 风	天使回答我说：「这些是天的四个灵，从立于地的主人面前而出。」	天使回答我说：「这些是天的四方之风，从立于地的主人面前而出。」
Zh_Hans	002_EXO_037_004	stave	בַּד = pole/stave, not «alone»	用西特木树做独自的杠，并用金子包裹它们。	用西特木树做杠，并用金子包裹它们。
Zh_Hans	018_JOB_017_016	stave	בַּדֵּי שְׁאֹל = the bars of Sheol	你必下到阴间，独自安息在尘土中。	它要下到阴间的门闩那里吗？我们要一同安息在尘土中吗？
vi	011_1KI_022_013	messenger	מַלְאָךְ = human messenger: thiên sứ → sứ giả	"Và thiên sứ đã đi gọi Mi-cai-a nói với người rằng: ""Nầy, các lời của các nhà tiên tri đều đồng lòng nói điều tốt cho vua; nguyện lời của ngươi cũng như lời của một trong những người ấy, và hãy nói điều tốt."""	"Và sứ giả đã đi gọi Mi-cai-a nói với người rằng: ""Nầy, các lời của các nhà tiên tri đều đồng lòng nói điều tốt cho vua; nguyện lời của ngươi cũng như lời của một trong những người ấy, và hãy nói điều tốt."""
vi	009_1SA_023_027	messenger	מַלְאָךְ = human messenger: thiên sứ → sứ giả	Và một thiên sứ đến cùng Sau-lơ, nói rằng: Hãy vội lên và đi, vì người Phi-li-tin đã tràn vào đất nước.	Và một sứ giả đến cùng Sau-lơ, nói rằng: Hãy vội lên và đi, vì người Phi-li-tin đã tràn vào đất nước.
vi	014_2CH_018_012	messenger	מַלְאָךְ = human messenger: thiên sứ → sứ giả	"Và thiên sứ đã đi gọi Mi-cai-a nói với người rằng: ""Này, các lời của các nhà tiên tri đều đồng lòng nói điều tốt lành cho vua; vậy nguyện lời của ngươi cũng như một trong các lời của họ, hãy nói điều tốt lành."""	"Và sứ giả đã đi gọi Mi-cai-a nói với người rằng: ""Này, các lời của các nhà tiên tri đều đồng lòng nói điều tốt lành cho vua; vậy nguyện lời của ngươi cũng như một trong các lời của họ, hãy nói điều tốt lành."""
vi	012_2KI_019_023	messenger	מַלְאָךְ = human messenger: thiên sứ → sứ giả	"Bởi tay các thiên sứ của ngươi, ngươi đã sỉ nhục Đức Giê-hô-va và nói rằng: ""Nhờ đoàn xe hùng mạnh của ta, ta đã lên đến đỉnh các núi, đến những nơi xa xăm của Li-ban; ta sẽ đốn hạ chiều cao của những cây bách nó, những cây tùng tốt nhất của nó; ta sẽ vào nơi ở tận cùng rìa của nó, vào rừng rậm của Cạt-mên nó."""	"Bởi tay các sứ giả của ngươi, ngươi đã sỉ nhục Đức Giê-hô-va và nói rằng: ""Nhờ đoàn xe hùng mạnh của ta, ta đã lên đến đỉnh các núi, đến những nơi xa xăm của Li-ban; ta sẽ đốn hạ chiều cao của những cây bách nó, những cây tùng tốt nhất của nó; ta sẽ vào nơi ở tận cùng rìa của nó, vào rừng rậm của Cạt-mên nó."""
vi	001_GEN_032_003	messenger	מַלְאָךְ = human messenger: thiên sứ → sứ giả	Gia-cốp sai các thiên sứ đi trước mình đến cùng Ê-sau, anh mình, tại xứ Sê-i-rơ, vùng đất Ê-đôm.	Gia-cốp sai các sứ giả đi trước mình đến cùng Ê-sau, anh mình, tại xứ Sê-i-rơ, vùng đất Ê-đôm.
vi	001_GEN_032_006	messenger	מַלְאָךְ = human messenger: thiên sứ → sứ giả	Các thiên sứ trở về cùng Gia-cốp, nói rằng: Chúng tôi đã đi đến anh ngươi, đến Ê-sau; nầy, người đang đi đến đón ngươi, và có bốn trăm người cùng đi với người ấy.	Các sứ giả trở về cùng Gia-cốp, nói rằng: Chúng tôi đã đi đến anh ngươi, đến Ê-sau; nầy, người đang đi đến đón ngươi, và có bốn trăm người cùng đi với người ấy.
vi	018_JOB_001_014	messenger	מַלְאָךְ = human messenger: thiên sứ → sứ giả	Một thiên sứ đến cùng ông Gióp và nói: Bò đang cày, lừa đang ăn cỏ gần bên cạnh chúng,	Một sứ giả đến cùng ông Gióp và nói: Bò đang cày, lừa đang ăn cỏ gần bên cạnh chúng,
vi	020_PRO_017_011	messenger	מַלְאָךְ = human messenger: thiên sứ → sứ giả	Chỉ kẻ dữ mới tìm điều ác; một thiên sứ hung dữ sẽ được sai đến nó.	Chỉ kẻ dữ mới tìm điều ác; một sứ giả hung dữ sẽ được sai đến nó.
Ja	013_1CH_014_001	messenger	מַלְאָךְ = human messenger: 御使い → 使者	ツロの王ヒラムは、御使いをダビデのもとに遣わし、杉の木と、壁の職人と、木の職人を送って、彼のために家を建てさせた。	ツロの王ヒラムは、使者をダビデのもとに遣わし、杉の木と、壁の職人と、木の職人を送って、彼のために家を建てさせた。
Ja	013_1CH_019_002	messenger	מַלְאָךְ = human messenger: 御使い → 使者	ダビデは言われた、「わたしはナハシュの子ハヌンに慈愛を示そう。彼の父がわたしに慈愛を示したからだ」。そしてダビデは、父のことで彼を慰めるために御使いを遣わされた。ダビデのしもべたちは、アンモンの子らの地のハヌンのもとに来て、彼を慰めた。	ダビデは言われた、「わたしはナハシュの子ハヌンに慈愛を示そう。彼の父がわたしに慈愛を示したからだ」。そしてダビデは、父のことで彼を慰めるために使者を遣わされた。ダビデのしもべたちは、アンモンの子らの地のハヌンのもとに来て、彼を慰めた。
Ja	013_1CH_019_016	messenger	מַלְאָךְ = human messenger: 御使い → 使者	アラムはイスラエルの前に敗れたのを見て、御使いを遣わし、川の向こう側にいるアラムを連れ出した。そして、ハダデゼルの軍勢の長官ショファクが彼らの前にいた。	アラムはイスラエルの前に敗れたのを見て、使者を遣わし、川の向こう側にいるアラムを連れ出した。そして、ハダデゼルの軍勢の長官ショファクが彼らの前にいた。
Ja	011_1KI_019_002	messenger	מַלְאָךְ = human messenger: 御使い → 使者	イゼベルは御使いをエリヤのもとに遣わして言われた、「神々がこのように私にし、さらにこのように加えられるように。もし明日のこの時に、私があなたの命を彼らの一人の命のようにしないならば」。	イゼベルは使者をエリヤのもとに遣わして言われた、「神々がこのように私にし、さらにこのように加えられるように。もし明日のこの時に、私があなたの命を彼らの一人の命のようにしないならば」。
Ja	011_1KI_020_002	messenger	מַלְאָךְ = human messenger: 御使い → 使者	御使いをイスラエルの王アハブの町に遣わされた。	使者をイスラエルの王アハブの町に遣わされた。
Ja	011_1KI_020_005	messenger	מַלְאָךְ = human messenger: 御使い → 使者	御使いは戻って来て言った。「ベン・ハダデはこう言われた。『わたしはあなたに使いを送って、あなたの銀と金、あなたの妻と子をわたしに与えよ、と言った。』	使者は戻って来て言った。「ベン・ハダデはこう言われた。『わたしはあなたに使いを送って、あなたの銀と金、あなたの妻と子をわたしに与えよ、と言った。』
Ja	011_1KI_022_013	messenger	מַלְאָךְ = human messenger: 御使い → 使者	御使いはミカヤを呼びに行った者であるが、彼に言った、「見よ、預言者たちの言葉は皆、一つの口をもって王に良いことを言っている。あなたの言葉もどうか、彼らのうちの一人の言葉のようになって、良いことを言ってください」。	使者はミカヤを呼びに行った者であるが、彼に言った、「見よ、預言者たちの言葉は皆、一つの口をもって王に良いことを言っている。あなたの言葉もどうか、彼らのうちの一人の言葉のようになって、良いことを言ってください」。
Ja	009_1SA_006_021	messenger	מַלְאָךְ = human messenger: 御使い → 使者	彼らは御使いをキルヤテ・エアリムの住民のもとに遣わして言った、「ペリシテ人は主の箱を返した。降りて来て、それをあなたがたのところへ携え上りなさい」。	彼らは使者をキルヤテ・エアリムの住民のもとに遣わして言った、「ペリシテ人は主の箱を返した。降りて来て、それをあなたがたのところへ携え上りなさい」。
Ja	009_1SA_011_003	messenger	מַלְאָךְ = human messenger: 御使い → 使者	ヤベシュの長老たちは彼に言った、「七日間、私たちを容認してください。私たちはイスラエルのすべての境界に御使いを遣わします。もし私たちを救う者がいなければ、私たちはあなたのところに出て行きます。	ヤベシュの長老たちは彼に言った、「七日間、私たちを容認してください。私たちはイスラエルのすべての境界に使者を遣わします。もし私たちを救う者がいなければ、私たちはあなたのところに出て行きます。
Ja	009_1SA_011_004	messenger	מַלְאָךְ = human messenger: 御使い → 使者	御使いたちはサウルのギブアに来て、その言葉を民の耳に語った。すると、すべての民は声を上げて泣いた。	使者たちはサウルのギブアに来て、その言葉を民の耳に語った。すると、すべての民は声を上げて泣いた。
Ja	009_1SA_011_007	messenger	מַלְאָךְ = human messenger: 御使い → 使者	彼は牛のくびきを取り、それを切り裂き、御使いの手によってイスラエルのすべての境界に送って言った、「サウルとサムエルの後に出て来ない者は、その牛にこのようにされるであろう」。すると、主の恐れが民の上に臨み、彼らは一人のように出て行った。	彼は牛のくびきを取り、それを切り裂き、使者の手によってイスラエルのすべての境界に送って言った、「サウルとサムエルの後に出て来ない者は、その牛にこのようにされるであろう」。すると、主の恐れが民の上に臨み、彼らは一人のように出て行った。
Ja	009_1SA_011_009	messenger	מַלְאָךְ = human messenger: 御使い → 使者	彼らは来た御使いたちに言った、「ヤベシュ・ギレアデの人にこう言いなさい。『明日、太陽の暑さのうちに、あなたがたに救いがある。』」そして御使いたちは来て、ヤベシュの人々に告げたので、彼らは喜んだ。	彼らは来た使者たちに言った、「ヤベシュ・ギレアデの人にこう言いなさい。『明日、太陽の暑さのうちに、あなたがたに救いがある。』」そして使者たちは来て、ヤベシュの人々に告げたので、彼らは喜んだ。
Ja	009_1SA_016_019	messenger	מַלְאָךְ = human messenger: 御使い → 使者	サウルは御使いをエッサイのもとに遣わされた。そして言われた、「あなたの子ダビデを、羊の群れにいる者を、私のもとに送りなさい」。	サウルは使者をエッサイのもとに遣わされた。そして言われた、「あなたの子ダビデを、羊の群れにいる者を、私のもとに送りなさい」。
Ja	009_1SA_019_011	messenger	מַלְאָךְ = human messenger: 御使い → 使者	サウルはダビデの家に御使いを遣わして彼を見張らせ、朝に彼を殺させようとした。彼の妻ミカルはダビデに告げて言った、「もし今夜あなたが自分の命を救わなければ、明日あなたは殺される」。	サウルはダビデの家に使者を遣わして彼を見張らせ、朝に彼を殺させようとした。彼の妻ミカルはダビデに告げて言った、「もし今夜あなたが自分の命を救わなければ、明日あなたは殺される」。
Ja	009_1SA_019_014	messenger	מַלְאָךְ = human messenger: 御使い → 使者	サウルはダビデを連れて来るために御使いを遣わしたが、彼女は「彼は病気です」と言った。	サウルはダビデを連れて来るために使者を遣わしたが、彼女は「彼は病気です」と言った。
Ja	009_1SA_019_015	messenger	מַלְאָךְ = human messenger: 御使い → 使者	サウルは御使いを遣わしてダビデを見に行かせ、「彼を寝台のまま私のところへ運び上げて、私が彼を殺そう」と言わせた。	サウルは使者を遣わしてダビデを見に行かせ、「彼を寝台のまま私のところへ運び上げて、私が彼を殺そう」と言わせた。
Ja	009_1SA_019_016	messenger	מַלְאָךְ = human messenger: 御使い → 使者	御使いが来ると、見よ、テラフィムが寝台の上にあり、雌ヤギの毛の枕がそのまくらにあった。	使者が来ると、見よ、テラフィムが寝台の上にあり、雌ヤギの毛の枕がそのまくらにあった。
Ja	009_1SA_019_020	messenger	מַלְאָךְ = human messenger: 御使い → 使者	サウルはダビデを捕えるために御使いたちを遣わされた。すると彼は預言者の群れが預言しているのを見た。サムエルが彼らの上に立っており、サウルの御使いたちの上に神の霊が臨んだので、彼らもまた預言した。	サウルはダビデを捕えるために使者たちを遣わされた。すると彼は預言者の群れが預言しているのを見た。サムエルが彼らの上に立っており、サウルの使者たちの上に神の霊が臨んだので、彼らもまた預言した。
Ja	009_1SA_019_021	messenger	מַלְאָךְ = human messenger: 御使い → 使者	サウルに告げると、彼は他の御使いたちを遣わしたが、彼らもまた預言した。サウルは再び第三の御使いたちを遣わしたが、彼らもまた預言した。	サウルに告げると、彼は他の使者たちを遣わしたが、彼らもまた預言した。サウルは再び第三の使者たちを遣わしたが、彼らもまた預言した。
Ja	009_1SA_023_027	messenger	מַלְאָךְ = human messenger: 御使い → 使者	御使いがサウルのもとに来て言われた、「急いで行け。ペリシテ人が地に侵入したからだ」。	使者がサウルのもとに来て言われた、「急いで行け。ペリシテ人が地に侵入したからだ」。
Ja	009_1SA_025_014	messenger	מַלְאָךְ = human messenger: 御使い → 使者	アビガイル、ナバルの妻に、その少年たちの一人の少年が告げて言った、「見よ、ダビデは荒野から御使いを遣わして、私たちの主を祝福しようとしたが、彼らを侮辱した」。	アビガイル、ナバルの妻に、その少年たちの一人の少年が告げて言った、「見よ、ダビデは荒野から使者を遣わして、私たちの主を祝福しようとしたが、彼らを侮辱した」。
Ja	009_1SA_025_042	messenger	מַלְאָךְ = human messenger: 御使い → 使者	アビガイルは急いで立ち上がり、ろばに乗り、彼女の足に従う五人の乙女たちとともに、ダビデの御使いたちの後に従って行き、彼の妻となった。	アビガイルは急いで立ち上がり、ろばに乗り、彼女の足に従う五人の乙女たちとともに、ダビデの使者たちの後に従って行き、彼の妻となった。
Ja	014_2CH_018_012	messenger	מַלְאָךְ = human messenger: 御使い → 使者	御使いはミカヤを呼びに行った者であるが、彼に言った、「見よ、預言者たちの言葉は皆、一つ口をもって王に良いことを言っている。あなたの言葉もどうか彼らの一人のようにして、良いことを言いなさい」。	使者はミカヤを呼びに行った者であるが、彼に言った、「見よ、預言者たちの言葉は皆、一つ口をもって王に良いことを言っている。あなたの言葉もどうか彼らの一人のようにして、良いことを言いなさい」。
Ja	014_2CH_035_021	messenger	מַלְאָךְ = human messenger: 御使い → 使者	彼は彼に御使いを遣わして言われた。「ユダの王よ、私とあなたに何の関係があるのか。今日、私はあなたを攻めているのではない。私の戦いの家に向かっているのだ。神が私を急がせると言われた。私と共におられる神から離れなさい。そうしないと、神があなたを滅ぼされるだろう。	彼は彼に使者を遣わして言われた。「ユダの王よ、私とあなたに何の関係があるのか。今日、私はあなたを攻めているのではない。私の戦いの家に向かっているのだ。神が私を急がせると言われた。私と共におられる神から離れなさい。そうしないと、神があなたを滅ぼされるだろう。
Ja	014_2CH_036_015	messenger	מַלְאָךְ = human messenger: 御使い → 使者	主は彼らの先祖の神を、御使いの手によって彼らに遣わされた。早くから繰り返し遣わされた。それは主がその民とその住まいを憐れまれたからである。	主は彼らの先祖の神を、使者の手によって彼らに遣わされた。早くから繰り返し遣わされた。それは主がその民とその住まいを憐れまれたからである。
Ja	014_2CH_036_016	messenger	מַלְאָךְ = human messenger: 御使い → 使者	彼らは神の御使いたちを嘲り、その言葉を侮り、その預言者たちを愚弄した。ついに主の怒りがその民に対して上り、いやしのないまでに至った。	彼らは神の使者たちを嘲り、その言葉を侮り、その預言者たちを愚弄した。ついに主の怒りがその民に対して上り、いやしのないまでに至った。
Ja	012_2KI_001_002	messenger	מַלְאָךְ = human messenger: 御使い → 使者	アハズヤはサマリアにある自分の屋上の間の網目から落ちて、病気になった。彼は御使いを遣わして、彼らに言われた、「行って、エクロンの神バアル・ゼブブに伺いを立てよ。この病気から私は生き延びられるかどうかを」。	アハズヤはサマリアにある自分の屋上の間の網目から落ちて、病気になった。彼は使者を遣わして、彼らに言われた、「行って、エクロンの神バアル・ゼブブに伺いを立てよ。この病気から私は生き延びられるかどうかを」。
Ja	012_2KI_001_005	messenger	מַלְאָךְ = human messenger: 御使い → 使者	御使いたちは彼のところに戻って来た。彼は彼らに言われた、「なぜあなたがたは戻って来たのか」。	使者たちは彼のところに戻って来た。彼は彼らに言われた、「なぜあなたがたは戻って来たのか」。
Ja	012_2KI_001_016	messenger	מַלְאָךְ = human messenger: 御使い → 使者	彼は彼に言われた。「主はこう言われる。あなたがエクロンの神バアル・ゼブブに伺いを立てるために御使いを遣わしたからである。イスラエルに神がいないので、その言葉を伺うためなのか。それゆえ、あなたが上ったその寝台からは降りることはできない。あなたは必ず死ぬ。	彼は彼に言われた。「主はこう言われる。あなたがエクロンの神バアル・ゼブブに伺いを立てるために使者を遣わしたからである。イスラエルに神がいないので、その言葉を伺うためなのか。それゆえ、あなたが上ったその寝台からは降りることはできない。あなたは必ず死ぬ。
Ja	012_2KI_005_010	messenger	מַלְאָךְ = human messenger: 御使い → 使者	エリシャは彼のもとに御使いを遣わして言われた、「行って、ヨルダンで七度身を洗いなさい。そうすれば、あなたの肉は元に戻り、清くなるであろう」。	エリシャは彼のもとに使者を遣わして言われた、「行って、ヨルダンで七度身を洗いなさい。そうすれば、あなたの肉は元に戻り、清くなるであろう」。
Ja	012_2KI_006_032	messenger	מַלְאָךְ = human messenger: 御使い → 使者	エリシャは自分の家に座っており、長老たちも彼と共に座っていた。彼の前から一人の人が、御使いが彼のもとに来る前に遣わされたが、彼は長老たちに言った、「あなたがたは、この人殺しの子が私の頭を取ろうとして遣わしたのを見たか。見よ、御使いが来る時、戸を閉じて、戸で彼を押さえよ。彼の主の足の声がその後ろにあるではないか」。	エリシャは自分の家に座っており、長老たちも彼と共に座っていた。彼の前から一人の人が、使者が彼のもとに来る前に遣わされたが、彼は長老たちに言った、「あなたがたは、この人殺しの子が私の頭を取ろうとして遣わしたのを見たか。見よ、使者が来る時、戸を閉じて、戸で彼を押さえよ。彼の主の足の声がその後ろにあるではないか」。
Ja	012_2KI_006_033	messenger	מַלְאָךְ = human messenger: 御使い → 使者	彼がまだ彼らと話しているうちに、見よ、御使いが彼のところに下って来た。そして彼は言った。「見よ、この悪は主から来たのだ。私はこれ以上、主に何を望めようか。	彼がまだ彼らと話しているうちに、見よ、使者が彼のところに下って来た。そして彼は言った。「見よ、この悪は主から来たのだ。私はこれ以上、主に何を望めようか。
Ja	012_2KI_007_015	messenger	מַלְאָךְ = human messenger: 御使い → 使者	彼らは彼らの後を追ってヨルダンまで行った。すると見よ、道はすべて、アラムが慌てて投げ捨てた衣服と器で満ちていた。御使いは引き返して、王に告げた。	彼らは彼らの後を追ってヨルダンまで行った。すると見よ、道はすべて、アラムが慌てて投げ捨てた衣服と器で満ちていた。使者は引き返して、王に告げた。
Ja	012_2KI_009_018	messenger	מַלְאָךְ = human messenger: 御使い → 使者	馬に乗った者が彼を迎えに行き、「王はこう言われた。『平和か。』」と言った。エフーは言った。「あなたに平和が何の関係があるか。私の後ろに回れ。」見張りは告げて言った。「御使いは彼らにまで来たが、戻らなかった。	馬に乗った者が彼を迎えに行き、「王はこう言われた。『平和か。』」と言った。エフーは言った。「あなたに平和が何の関係があるか。私の後ろに回れ。」見張りは告げて言った。「使者は彼らにまで来たが、戻らなかった。
Ja	012_2KI_010_008	messenger	מַלְאָךְ = human messenger: 御使い → 使者	御使いが来て、彼に告げて言った、「王の子たちの頭が運ばれて来ました」。彼は言った、「それらを門の入口に二つの塚として、朝まで置け」。	使者が来て、彼に告げて言った、「王の子たちの頭が運ばれて来ました」。彼は言った、「それらを門の入口に二つの塚として、朝まで置け」。
Ja	012_2KI_014_008	messenger	מַלְאָךְ = human messenger: 御使い → 使者	その時、アマツヤは御使いをエホアシュ、エホアハズの子、エフーの子、イスラエルの王のもとに送って言われた、「来て、互いに顔を合わせよう」。	その時、アマツヤは使者をエホアシュ、エホアハズの子、エフーの子、イスラエルの王のもとに送って言われた、「来て、互いに顔を合わせよう」。
Ja	012_2KI_016_007	messenger	מַלְאָךְ = human messenger: 御使い → 使者	アハズは御使いをアッシュルの王テグラテ・ピルエセルのもとに遣わして言われた、「私はあなたのしもべ、あなたの子です。上って来て、私に立ち向かっているアラムの王の手のひらと、イスラエルの王の手のひらから私を救い出してください」。	アハズは使者をアッシュルの王テグラテ・ピルエセルのもとに遣わして言われた、「私はあなたのしもべ、あなたの子です。上って来て、私に立ち向かっているアラムの王の手のひらと、イスラエルの王の手のひらから私を救い出してください」。
Ja	012_2KI_017_004	messenger	מַלְאָךְ = human messenger: 御使い → 使者	アッシュルの王はホセアのうちに陰謀を見いだされた。彼がエジプトの王ソーに御使いを送り、年ごとにアッシュルの王に献げ物を上納しなかったからである。アッシュルの王は彼を捕らえ、獄の家に縛って入れた。	アッシュルの王はホセアのうちに陰謀を見いだされた。彼がエジプトの王ソーに使者を送り、年ごとにアッシュルの王に献げ物を上納しなかったからである。アッシュルの王は彼を捕らえ、獄の家に縛って入れた。
Ja	012_2KI_019_009	messenger	מַלְאָךְ = human messenger: 御使い → 使者	ティルハカがクシュの王であると聞いて、彼があなたと戦うために出て来たと言うのを聞いた。そこで彼は引き返し、御使いをヒゼキヤに送って言った。	ティルハカがクシュの王であると聞いて、彼があなたと戦うために出て来たと言うのを聞いた。そこで彼は引き返し、使者をヒゼキヤに送って言った。
Ja	012_2KI_019_014	messenger	מַלְאָךְ = human messenger: 御使い → 使者	ヒゼキヤは御使いの手から書物を受け取り、それを読んだ。そして主の家に上って行き、ヒゼキヤはそれを主の前に広げた。	ヒゼキヤは使者の手から書物を受け取り、それを読んだ。そして主の家に上って行き、ヒゼキヤはそれを主の前に広げた。
Ja	012_2KI_019_023	messenger	מַלְאָךְ = human messenger: 御使い → 使者	あなたの御使いたちの手によって、あなたは主を嘲られた。あなたは言われた、「私の戦車の多数によって、私は山の高い所、レバノンの辺境に上った。私はその杉の身長を切り、その最良のもみの木を切り倒し、その終わりの宿、その穀物の穂の森に至った」。	あなたの使者たちの手によって、あなたは主を嘲られた。あなたは言われた、「私の戦車の多数によって、私は山の高い所、レバノンの辺境に上った。私はその杉の身長を切り、その最良のもみの木を切り倒し、その終わりの宿、その穀物の穂の森に至った」。
Ja	010_2SA_002_005	messenger	מַלְאָךְ = human messenger: 御使い → 使者	ダビデは御使いをヤベシュ・ギレアデの人々のところに遣わし、彼らに言われた。「あなたがたは、あなたがたの主サウルに対してこの慈愛を行い、彼を葬ったので、主に祝福されている。	ダビデは使者をヤベシュ・ギレアデの人々のところに遣わし、彼らに言われた。「あなたがたは、あなたがたの主サウルに対してこの慈愛を行い、彼を葬ったので、主に祝福されている。
Ja	010_2SA_003_012	messenger	מַלְאָךְ = human messenger: 御使い → 使者	アブネルは御使いをダビデのもとに遣わし、自分の代わりに言わせた、「この地はだれのものか。あなたの契約を私と結んでください。見よ、私の手はあなたとともにあり、すべてのイスラエルをあなたのもとに引き寄せます」。	アブネルは使者をダビデのもとに遣わし、自分の代わりに言わせた、「この地はだれのものか。あなたの契約を私と結んでください。見よ、私の手はあなたとともにあり、すべてのイスラエルをあなたのもとに引き寄せます」。
Ja	010_2SA_003_014	messenger	מַלְאָךְ = human messenger: 御使い → 使者	ダビデは御使いをイシュ・ボシェテ、サウルの子のところに遣わして言われた、「わたしの妻ミカルを返せ。わたしはペリシテ人の包皮百をもって彼女をめとったのだ」。	ダビデは使者をイシュ・ボシェテ、サウルの子のところに遣わして言われた、「わたしの妻ミカルを返せ。わたしはペリシテ人の包皮百をもって彼女をめとったのだ」。
Ja	010_2SA_003_026	messenger	מַלְאָךְ = human messenger: 御使い → 使者	ヨアブはダビデのところから出て行き、アブネルの後に御使いを遣わし、彼をシラの穴から連れ戻させた。しかしダビデはそのことを知らなかった。	ヨアブはダビデのところから出て行き、アブネルの後に使者を遣わし、彼をシラの穴から連れ戻させた。しかしダビデはそのことを知らなかった。
Ja	010_2SA_005_011	messenger	מַלְאָךְ = human messenger: 御使い → 使者	ツロの王ヒラムは、御使いをダビデのもとに送り、杉の木と木の職人と石の壁の職人を送った。彼らはダビデのために家を建てた。	ツロの王ヒラムは、使者をダビデのもとに送り、杉の木と木の職人と石の壁の職人を送った。彼らはダビデのために家を建てた。
Ja	010_2SA_011_004	messenger	מַלְאָךְ = human messenger: 御使い → 使者	ダビデは御使いを遣わし、彼女を連れて来させた。彼女が彼のところに来ると、彼は彼女と寝た。彼女は自分の汚れから清められていた。そして彼女は自分の家に帰った。	ダビデは使者を遣わし、彼女を連れて来させた。彼女が彼のところに来ると、彼は彼女と寝た。彼女は自分の汚れから清められていた。そして彼女は自分の家に帰った。
Ja	010_2SA_011_019	messenger	מַלְאָךְ = human messenger: 御使い → 使者	彼はその御使いに命じて言われた、「あなたが戦いのすべてのことを王に告げ終えたならば	彼はその使者に命じて言われた、「あなたが戦いのすべてのことを王に告げ終えたならば
Ja	010_2SA_011_022	messenger	מַלְאָךְ = human messenger: 御使い → 使者	御使いは行って、ダビデに、ヨアブが彼を遣わしたすべてのことを告げた。	使者は行って、ダビデに、ヨアブが彼を遣わしたすべてのことを告げた。
Ja	010_2SA_011_023	messenger	מַלְאָךְ = human messenger: 御使い → 使者	御使いはダビデに言われた、「人々が私たちに勝って、野に私たちに向かって出て来ました。私たちは彼らを門の入口まで追い詰めました。	使者はダビデに言われた、「人々が私たちに勝って、野に私たちに向かって出て来ました。私たちは彼らを門の入口まで追い詰めました。
Ja	010_2SA_011_025	messenger	מַלְאָךְ = human messenger: 御使い → 使者	ダビデは御使いに言われた、「ヨアブにこう言いなさい。この言葉をあなたの目に悪く思ってはならない。剣はこうもあればこうも食うものだからだ。あなたの戦いを町に向けて強め、それを打ち壊しなさい。そして彼を励ましなさい」。	ダビデは使者に言われた、「ヨアブにこう言いなさい。この言葉をあなたの目に悪く思ってはならない。剣はこうもあればこうも食うものだからだ。あなたの戦いを町に向けて強め、それを打ち壊しなさい。そして彼を励ましなさい」。
Ja	010_2SA_012_027	messenger	מַלְאָךְ = human messenger: 御使い → 使者	ヨアブは御使いをダビデのもとに遣わし、言われた。「私はラバと戦い、ついに水の町をも取った。	ヨアブは使者をダビデのもとに遣わし、言われた。「私はラバと戦い、ついに水の町をも取った。
Ja	005_DEU_002_026	messenger	מַלְאָךְ = human messenger: 御使い → 使者	私は荒野ケデモテから御使いを遣わし、ヘシュボンの王シホンに平和の言葉を伝えて言った。	私は荒野ケデモテから使者を遣わし、ヘシュボンの王シホンに平和の言葉を伝えて言った。
Ja	026_EZK_017_015	messenger	מַלְאָךְ = human messenger: 御使い → 使者	彼は主に背き、自分の御使いをエジプトに遣わし、馬と多くの民を得ようとした。このようなことをする者が成功するだろうか。契約を破って逃れられるだろうか。	彼は主に背き、自分の使者をエジプトに遣わし、馬と多くの民を得ようとした。このようなことをする者が成功するだろうか。契約を破って逃れられるだろうか。
Ja	026_EZK_023_016	messenger	מַלְאָךְ = human messenger: 御使い → 使者	彼女はその外観を目で見て彼らに情欲を抱き、御使いをカルデヤ人のもとへ遣わした。	彼女はその外観を目で見て彼らに情欲を抱き、使者をカルデヤ人のもとへ遣わした。
Ja	026_EZK_030_009	messenger	מַלְאָךְ = human messenger: 御使い → 使者	その日、わたしの前から御使いが船で出て行き、安全なクシュを恐れさせる。彼らに苦痛が起こる。エジプトの日において、見よ、それが来るからである。	その日、わたしの前から使者が船で出て行き、安全なクシュを恐れさせる。彼らに苦痛が起こる。エジプトの日において、見よ、それが来るからである。
Ja	001_GEN_032_003	messenger	מַלְאָךְ = human messenger: 御使い → 使者	ヤコブは自分の前へ御使いを、その兄弟エサウのもとへ、セイルの地、エドムの野へ遣わした。	ヤコブは自分の前へ使者を、その兄弟エサウのもとへ、セイルの地、エドムの野へ遣わした。
Ja	001_GEN_032_006	messenger	מַלְאָךְ = human messenger: 御使い → 使者	御使いたちはヤコブのところに戻って来て、こう言った。「私たちはあなたの兄弟エサウのところに行きました。彼はあなたを迎えに来ており、四百人の者が彼と一緒にいます。	使者たちはヤコブのところに戻って来て、こう言った。「私たちはあなたの兄弟エサウのところに行きました。彼はあなたを迎えに来ており、四百人の者が彼と一緒にいます。
Ja	037_HAG_001_013	messenger	מַלְאָךְ = human messenger: 御使い → 使者	主の御使いハガイは、主の使いの務めをもって民に言われた。「わたしはあなたがたと共にいる」と主は宣言される。	主の使者ハガイは、主の使いの務めをもって民に言われた。「わたしはあなたがたと共にいる」と主は宣言される。
Ja	023_ISA_014_032	messenger	מַלְאָךְ = human messenger: 御使い → 使者	国の御使いたちは何と答えようか。主がシオンを据えられたからだ。その中に、主の民の貧しい者たちは身を避ける。	国の使者たちは何と答えようか。主がシオンを据えられたからだ。その中に、主の民の貧しい者たちは身を避ける。
Ja	023_ISA_018_002	messenger	מַלְאָךְ = human messenger: 御使い → 使者	海に苦痛の使者を送り、葦の器によって水の面の上に。行け、速い御使いよ、引き伸ばされ、磨かれた国へ、恐ろしい民へ、それは今もその後もそうである。物差しで物差しを測り、踏みにじられる国へ、その地を川々が分け入った。	海に苦痛の使者を送り、葦の器によって水の面の上に。行け、速い使者よ、引き伸ばされ、磨かれた国へ、恐ろしい民へ、それは今もその後もそうである。物差しで物差しを測り、踏みにじられる国へ、その地を川々が分け入った。
Ja	023_ISA_030_004	messenger	מַלְאָךְ = human messenger: 御使い → 使者	その長官たちはツォアンにあり、その御使いらはハネスにまで到達した。	その長官たちはツォアンにあり、その使者らはハネスにまで到達した。
Ja	023_ISA_033_007	messenger	מַלְאָךְ = human messenger: 御使い → 使者	見よ、勇士たちは外で叫び、平和の御使いは激しく泣いている。	見よ、勇士たちは外で叫び、平和の使者は激しく泣いている。
Ja	023_ISA_037_009	messenger	מַלְאָךְ = human messenger: 御使い → 使者	彼はクシュの王ティルハカについて、「彼はあなたと戦うために出て来た」と聞かれた。そして彼は聞いて、ヒゼキヤに御使いを遣わして言われた。	彼はクシュの王ティルハカについて、「彼はあなたと戦うために出て来た」と聞かれた。そして彼は聞いて、ヒゼキヤに使者を遣わして言われた。
Ja	023_ISA_037_014	messenger	מַלְאָךְ = human messenger: 御使い → 使者	ヒゼキヤは御使いの手から書物を受け取り、それを読んだ。そして主の家に上って行き、ヒゼキヤはそれを主の前に広げた。	ヒゼキヤは使者の手から書物を受け取り、それを読んだ。そして主の家に上って行き、ヒゼキヤはそれを主の前に広げた。
Ja	023_ISA_042_019	messenger	מַלְאָךְ = human messenger: 御使い → 使者	誰が盲人であるか。ただわたしのしもべを除いては。また、誰が耳の聞こえない者であるか。わたしが遣わすわたしの御使いのように。誰が盲人であるか。完全に報われた者のように。また、主のしもべのように盲人であるか。	誰が盲人であるか。ただわたしのしもべを除いては。また、誰が耳の聞こえない者であるか。わたしが遣わすわたしの使者のように。誰が盲人であるか。完全に報われた者のように。また、主のしもべのように盲人であるか。
Ja	023_ISA_044_026	messenger	מַלְאָךְ = human messenger: 御使い → 使者	主はそのしもべの言葉を成し遂げ、その御使いの助言を成就される。エルサレムに「人は住むであろう」と言い、ユダの町々に「建て直されるであろう」と言い、その荒廃をわたしは起こす、と言われる方。	主はそのしもべの言葉を成し遂げ、その使者の助言を成就される。エルサレムに「人は住むであろう」と言い、ユダの町々に「建て直されるであろう」と言い、その荒廃をわたしは起こす、と言われる方。
Ja	007_JDG_006_035	messenger	מַלְאָךְ = human messenger: 御使い → 使者	御使いをすべてのマナセに遣わし、彼もまた彼の後に呼び集められた。また御使いをアシェル、ゼブルン、ナフタリに遣わし、彼らは彼らに会うために上って来た。	使者をすべてのマナセに遣わし、彼もまた彼の後に呼び集められた。また使者をアシェル、ゼブルン、ナフタリに遣わし、彼らは彼らに会うために上って来た。
Ja	007_JDG_007_024	messenger	מַלְאָךְ = human messenger: 御使い → 使者	ギデオンはすべてのエフライムの山に御使いを遣わして言われた、「降りて行ってミディアンに立ち向かい、彼らから水を、ベテ・バラまでとヨルダンまでを奪い取れ」。すると、すべてのエフライムの人が呼び集められ、彼らは水を、ベテ・バラまでとヨルダンまでを奪い取った。	ギデオンはすべてのエフライムの山に使者を遣わして言われた、「降りて行ってミディアンに立ち向かい、彼らから水を、ベテ・バラまでとヨルダンまでを奪い取れ」。すると、すべてのエフライムの人が呼び集められ、彼らは水を、ベテ・バラまでとヨルダンまでを奪い取った。
Ja	007_JDG_009_031	messenger	מַלְאָךְ = human messenger: 御使い → 使者	御使いを欺きをもってアビメレクのもとに遣わして言われた、「見よ、ガアルはエベデの子で、その兄弟たちと共にシェケムに来ており、彼らはあなたに対して町を包囲している」。	使者を欺きをもってアビメレクのもとに遣わして言われた、「見よ、ガアルはエベデの子で、その兄弟たちと共にシェケムに来ており、彼らはあなたに対して町を包囲している」。
Ja	007_JDG_011_012	messenger	מַלְאָךְ = human messenger: 御使い → 使者	エフタはアンモンの子らの王のもとに御使いを遣わして言われた、「あなたが私の地に戦いをしに来たのは、私とあなたに何の関係があるのか」。	エフタはアンモンの子らの王のもとに使者を遣わして言われた、「あなたが私の地に戦いをしに来たのは、私とあなたに何の関係があるのか」。
Ja	007_JDG_011_013	messenger	מַלְאָךְ = human messenger: 御使い → 使者	アンモンの子らの王はエフタの御使いたちに言われた、「イスラエルがエジプトから上って来たとき、アルノンからヤボクまで、そしてヨルダンまで、私の地を取ったからである。今、それを平和のうちに返せ」。	アンモンの子らの王はエフタの使者たちに言われた、「イスラエルがエジプトから上って来たとき、アルノンからヤボクまで、そしてヨルダンまで、私の地を取ったからである。今、それを平和のうちに返せ」。
Ja	007_JDG_011_014	messenger	מַלְאָךְ = human messenger: 御使い → 使者	エフタは再び御使いをアンモンの子らの王のもとへ遣わした。	エフタは再び使者をアンモンの子らの王のもとへ遣わした。
Ja	007_JDG_011_017	messenger	מַלְאָךְ = human messenger: 御使い → 使者	イスラエルはエドムの王に御使いを遣わして、「どうかあなたの地を通らせてください」と言ったが、エドムの王は聞き入れなかった。またモアブの王にも遣わしたが、彼は応じなかった。それでイスラエルはカデシュにとどまった。	イスラエルはエドムの王に使者を遣わして、「どうかあなたの地を通らせてください」と言ったが、エドムの王は聞き入れなかった。またモアブの王にも遣わしたが、彼は応じなかった。それでイスラエルはカデシュにとどまった。
Ja	007_JDG_011_019	messenger	מַלְאָךְ = human messenger: 御使い → 使者	イスラエルはアモリ人の王ヘシュボンの王シホンのもとに御使いを遣わし、イスラエルは彼に言われた、「どうかあなたの地を通らせてください。私の場所まで」。	イスラエルはアモリ人の王ヘシュボンの王シホンのもとに使者を遣わし、イスラエルは彼に言われた、「どうかあなたの地を通らせてください。私の場所まで」。
Ja	024_JER_027_003	messenger	מַלְאָךְ = human messenger: 御使い → 使者	あなたは彼らを、エドムの王、モアブの王、アンモンの子らの王、ツロの王、シドンの王のもとへ、エルサレムに来てユダの王ゼデキヤのもとへ来た御使いたちの手によって送り届けよ。	あなたは彼らを、エドムの王、モアブの王、アンモンの子らの王、ツロの王、シドンの王のもとへ、エルサレムに来てユダの王ゼデキヤのもとへ来た使者たちの手によって送り届けよ。
Ja	018_JOB_001_014	messenger	מַלְאָךְ = human messenger: 御使い → 使者	御使いがヨブのところに来て言われた、「牛は耕しており、雌ロバはその手のそばで草を食べていました」。	使者がヨブのところに来て言われた、「牛は耕しており、雌ロバはその手のそばで草を食べていました」。
Ja	006_JOS_006_017	messenger	מַלְאָךְ = human messenger: 御使い → 使者	その町は、彼女とその中のすべてのものは、主への呪いの物となった。しかし、遊女ラハブは、彼女と、彼女の家にいるすべての者は、生き延びた。なぜなら、彼女は、私たちが遣わした御使いを隠したからである。	その町は、彼女とその中のすべてのものは、主への呪いの物となった。しかし、遊女ラハブは、彼女と、彼女の家にいるすべての者は、生き延びた。なぜなら、彼女は、私たちが遣わした使者を隠したからである。
Ja	006_JOS_006_025	messenger	מַלְאָךְ = human messenger: 御使い → 使者	ヨシュアは遊女ラハブとその父の家と彼女に属するすべてのものを生かした。そして彼女はイスラエルの内側に、この日に至るまで住んだ。それは、彼女がヨシュアがエリコを探るために遣わした御使いたちを隠したからである。	ヨシュアは遊女ラハブとその父の家と彼女に属するすべてのものを生かした。そして彼女はイスラエルの内側に、この日に至るまで住んだ。それは、彼女がヨシュアがエリコを探るために遣わした使者たちを隠したからである。
Ja	006_JOS_007_022	messenger	מַלְאָךְ = human messenger: 御使い → 使者	ヨシュアは御使いを遣わした。彼らは天幕へ走って行った。すると見よ、それは彼の天幕の中に隠されており、銀はその下にあった。	ヨシュアは使者を遣わした。彼らは天幕へ走って行った。すると見よ、それは彼の天幕の中に隠されており、銀はその下にあった。
Ja	039_MAL_002_007	messenger	מַלְאָךְ = human messenger: 御使い → 使者	祭司の唇は知識を守り、人々はその口から律法を求める。なぜなら、彼は万軍の主の御使いであるからだ。	祭司の唇は知識を守り、人々はその口から律法を求める。なぜなら、彼は万軍の主の使者であるからだ。
Ja	034_NAM_002_013	messenger	מַלְאָךְ = human messenger: 御使い → 使者	見よ、わたしはあなたに向かっている。万軍の主の宣言である。わたしはその戦車を煙の中に焼き尽くし、あなたの若獅子は剣に食われる。わたしはあなたの獲物を地から断ち切り、あなたの御使いの声はもはや聞かれない。	見よ、わたしはあなたに向かっている。万軍の主の宣言である。わたしはその戦車を煙の中に焼き尽くし、あなたの若獅子は剣に食われる。わたしはあなたの獲物を地から断ち切り、あなたの使者の声はもはや聞かれない。
Ja	016_NEH_006_003	messenger	מַלְאָךְ = human messenger: 御使い → 使者	私は彼らに御使いを遣わして言った。「私は大きな仕事をしているので、下って行くことはできません。それをやめて、あなたがたのところへ下って行くということが、どうしてあろうか。	私は彼らに使者を遣わして言った。「私は大きな仕事をしているので、下って行くことはできません。それをやめて、あなたがたのところへ下って行くということが、どうしてあろうか。
Ja	004_NUM_020_014	messenger	מַלְאָךְ = human messenger: 御使い → 使者	モーセはカデシュからエドムの王に御使いを遣わされた。「あなたの兄弟イスラエルはこう言った。あなたは、私たちに臨んだすべての労苦を知っている。	モーセはカデシュからエドムの王に使者を遣わされた。「あなたの兄弟イスラエルはこう言った。あなたは、私たちに臨んだすべての労苦を知っている。
Ja	004_NUM_021_021	messenger	מַלְאָךְ = human messenger: 御使い → 使者	イスラエルはアモリ人の王シホンのもとへ御使いを遣わして、こう言われた。	イスラエルはアモリ人の王シホンのもとへ使者を遣わして、こう言われた。
Ja	004_NUM_024_012	messenger	מַלְאָךְ = human messenger: 御使い → 使者	バラムはバラクに言った、「あなたが私のもとに遣わした御使いにも、私はこう言っておいたではないか。	バラムはバラクに言った、「あなたが私のもとに遣わした使者にも、私はこう言っておいたではないか。
Ja	020_PRO_013_017	messenger	מַלְאָךְ = human messenger: 御使い → 使者	悪い御使いは災いに陥るが、真実の苦痛は、いやしとなる。	悪い使者は災いに陥るが、真実の苦痛は、いやしとなる。
Ja	020_PRO_016_014	messenger	מַלְאָךְ = human messenger: 御使い → 使者	王の怒りは死の御使いであり、賢い人はそれをなだめる。	王の怒りは死の使者であり、賢い人はそれをなだめる。
Ja	020_PRO_017_011	messenger	מַלְאָךְ = human messenger: 御使い → 使者	ただ反抗を求める者は悪を求め、残忍な御使いが彼に向かって送られる。	ただ反抗を求める者は悪を求め、残忍な使者が彼に向かって送られる。
Ja	011_1KI_019_011	wind	רוּחַ = wind here: 霊 → 風	主は言われた、「出て、主の面の前に山の上に立て。見よ、主が通り過ぎられる。主の前で山々を砕き、岩を打ち砕く大きな強い霊があったが、その霊の中に主はおられなかった。その霊の後に地震があったが、その地震の中に主はおられなかった。	主は言われた、「出て、主の面の前に山の上に立て。見よ、主が通り過ぎられる。主の前で山々を砕き、岩を打ち砕く大きな強い風があったが、その風の中に主はおられなかった。その風の後に地震があったが、その地震の中に主はおられなかった。
Ja	010_2SA_022_011	wind	רוּחַ = wind here: 霊 → 風	主はケルビムに乗って飛ばれ、霊の翼の上に現れられた。	主はケルビムに乗って飛ばれ、風の翼の上に現れられた。
Ja	027_DAN_011_004	wind	רוּחַ = wind here: 霊 → 風	彼が立ち上がると、その王国は打ち砕かれ、天の四方の霊に分かれ、その終わりには及ばず、彼の支配のようにはならず、その王国は根こそぎにされ、これらのほかの者たちに渡る。	彼が立ち上がると、その王国は打ち砕かれ、天の四方の風に分かれ、その終わりには及ばず、彼の支配のようにはならず、その王国は根こそぎにされ、これらのほかの者たちに渡る。
Ja	002_EXO_010_019	wind	רוּחַ = wind here: 霊 → 風	主は非常に強い西の海の霊を吹き返させられ、その霊がいなごを運び去って、それを葦の海に投げ込まれた。エジプトのすべての境界に、いなごは一匹も残らなかった。	主は非常に強い西の海の風を吹き返させられ、その風がいなごを運び去って、それを葦の海に投げ込まれた。エジプトのすべての境界に、いなごは一匹も残らなかった。
Ja	026_EZK_005_010	wind	רוּחַ = wind here: 霊 → 風	それゆえ、父たちはその真ん中で子らを食べ、子らは自分の父たちを食べる。そして、わたしはあなたのうちに裁きを行い、あなたの残りの者をすべて、すべての霊に散らす。	それゆえ、父たちはその真ん中で子らを食べ、子らは自分の父たちを食べる。そして、わたしはあなたのうちに裁きを行い、あなたの残りの者をすべて、すべての風に散らす。
Ja	026_EZK_005_012	wind	רוּחַ = wind here: 霊 → 風	あなたの三分の一は疫病で死に、飢饉によってあなたの真ん中で滅びる。第三のものは剣によってあなたの周囲に倒れる。そして、残りの三分の一はすべての霊に散らし、わたしは彼らの後に剣を抜く。	あなたの三分の一は疫病で死に、飢饉によってあなたの真ん中で滅びる。第三のものは剣によってあなたの周囲に倒れる。そして、残りの三分の一はすべての風に散らし、わたしは彼らの後に剣を抜く。
Ja	026_EZK_012_014	wind	רוּחַ = wind here: 霊 → 風	すべての彼の周囲の助けと、彼のすべての部隊を、すべての霊に散らし、彼らの後に剣を抜き放つ。	すべての彼の周囲の助けと、彼のすべての部隊を、すべての風に散らし、彼らの後に剣を抜き放つ。
Ja	026_EZK_017_021	wind	רוּחַ = wind here: 霊 → 風	そのすべての逃亡者は、そのすべての部隊とともに剣で倒れる。そして、残された者たちはすべての霊に散らされる。あなたがたは、わたしが主であることを知る。わたしが語ったのだ。	そのすべての逃亡者は、そのすべての部隊とともに剣で倒れる。そして、残された者たちはすべての風に散らされる。あなたがたは、わたしが主であることを知る。わたしが語ったのだ。
Ja	026_EZK_037_009	wind	רוּחַ = wind here: 霊 → 風	彼は私に言われた。「霊に預言せよ。人の子よ、預言して霊に言え。『主なる神はこう言われる。四つの霊よ、来い、息よ、これらの殺された者たちに吹きかけよ、彼らが生きるように。』	彼は私に言われた。「風に預言せよ。人の子よ、預言して風に言え。『主なる神はこう言われる。四つの風よ、来い、息よ、これらの殺された者たちに吹きかけよ、彼らが生きるように。』
Ja	026_EZK_042_017	wind	רוּחַ = wind here: 霊 → 風	彼は北の霊を測られた。五百の葦を、寸法の葦で、周囲を測られた。	彼は北の風を測られた。五百の葦を、寸法の葦で、周囲を測られた。
Ja	026_EZK_042_018	wind	רוּחַ = wind here: 霊 → 風	南の霊を測られた。測り葦で五百葦、寸法の葦で測られた。	南の風を測られた。測り葦で五百葦、寸法の葦で測られた。
Ja	023_ISA_041_029	wind	רוּחַ = wind here: 霊 → 風	見よ、彼らのすべては悪であり、彼らのわざは絶えず虚しく、彼らの注ぎの供え物は霊と虚無である。	見よ、彼らのすべては悪であり、彼らのわざは絶えず虚しく、彼らの注ぎの供え物は風と虚無である。
Ja	023_ISA_057_013	wind	רוּחַ = wind here: 霊 → 風	あなたが叫ぶとき、あなたの集団があなたを救い出すだろう。しかし、それらのすべてを霊が運び去り、虚しさが取るだろう。しかし、わたしに身を避ける者は地を受け継ぎ、わたしの聖なる山を所有するだろう。	あなたが叫ぶとき、あなたの集団があなたを救い出すだろう。しかし、それらのすべてを風が運び去り、虚しさが取るだろう。しかし、わたしに身を避ける者は地を受け継ぎ、わたしの聖なる山を所有するだろう。
Ja	024_JER_004_011	wind	רוּחַ = wind here: 霊 → 風	その時、この民とエルサレムに言われるであろう、「荒野の裸の高台からの熱い霊、それはわが民の娘の道である。それはふるい分けるためでもなく、清めるためでもない」。	その時、この民とエルサレムに言われるであろう、「荒野の裸の高台からの熱い風、それはわが民の娘の道である。それはふるい分けるためでもなく、清めるためでもない」。
Ja	024_JER_005_013	wind	רוּחַ = wind here: 霊 → 風	預言者たちは霊となるであろう、そして羊の囲いは彼らの中にない。このように彼らにされるであろう。	預言者たちは風となるであろう、そして羊の囲いは彼らの中にない。このように彼らにされるであろう。
Ja	024_JER_022_022	wind	רוּחַ = wind here: 霊 → 風	あなたのすべての牧者たちは霊に養われ、あなたの愛する者たちは捕虜となって行く。まことに、そのときあなたは恥じ、あなたのすべての悪のために辱められる。	あなたのすべての牧者たちは風に養われ、あなたの愛する者たちは捕虜となって行く。まことに、そのときあなたは恥じ、あなたのすべての悪のために辱められる。
Ja	018_JOB_006_026	wind	רוּחַ = wind here: 霊 → 風	あなたがたは言葉を責めるために考えているのか、絶望の言葉を霊に向けて放つのか。	あなたがたは言葉を責めるために考えているのか、絶望の言葉を風に向けて放つのか。
Ja	018_JOB_008_002	wind	רוּחַ = wind here: 霊 → 風	いつまであなたはこれらのことを語るのか。あなたの口の言葉は激しい霊のようだ。	いつまであなたはこれらのことを語るのか。あなたの口の言葉は激しい風のようだ。
Ja	018_JOB_030_022	wind	רוּחַ = wind here: 霊 → 風	あなたは私を霊に乗せて運ばれ、私を嵐に乗せられ、私を溶かされる。あなたは私を知恵によって砕かれる。	あなたは私を風に乗せて運ばれ、私を嵐に乗せられ、私を溶かされる。あなたは私を知恵によって砕かれる。
Ja	020_PRO_025_023	wind	רוּחַ = wind here: 霊 → 風	北の霊は雨を生み出し、隠れ場の舌は怒った顔を生み出す。	北の風は雨を生み出し、隠れ場の舌は怒った顔を生み出す。
Ja	020_PRO_030_004	wind	רוּחַ = wind here: 霊 → 風	だれが天に上り、くだったのか。だれが霊をその握り拳に集めたのか。だれが水を衣に包んだのか。だれが地のすべての絶えず果てを立てたのか。その名は何か。その子の名は何か。あなたが知っているなら。	だれが天に上り、くだったのか。だれが風をその握り拳に集めたのか。だれが水を衣に包んだのか。だれが地のすべての絶えず果てを立てたのか。その名は何か。その子の名は何か。あなたが知っているなら。
Ja	038_ZEC_002_006	wind	רוּחַ = wind here: 霊 → 風	ああ、ああ、北の地から逃げよ、と主は宣言される。なぜなら、わたしは天の四つの霊のようにあなたがたを散らしたからだ、と主は宣言される。	ああ、ああ、北の地から逃げよ、と主は宣言される。なぜなら、わたしは天の四つの風のようにあなたがたを散らしたからだ、と主は宣言される。
Ja	038_ZEC_005_009	wind	רוּחַ = wind here: 霊 → 風	私は目を上げて見ると、見よ、二人の女が翼を持って出て来た。彼女たちの翼には霊があり、その翼はコウノトリの翼のようであった。彼女たちはエパを地と天の間に持ち上げた。	私は目を上げて見ると、見よ、二人の女が翼を持って出て来た。彼女たちの翼には風があり、その翼はコウノトリの翼のようであった。彼女たちはエパを地と天の間に持ち上げた。
Ja	038_ZEC_006_005	wind	רוּחַ = wind here: 霊 → 風	御使いは答えて、私に言われた。「これらは天の四方の霊であり、全地の主の前に立つところから出て行くものである。	御使いは答えて、私に言われた。「これらは天の四方の風であり、全地の主の前に立つところから出て行くものである。
Ja	018_JOB_017_016	stave	בַּדֵּי שְׁאֹל = the bars of Sheol; «単独» was the «alone» misreading	よみの単独は下るであろうか、もし一緒にちりの上に安息があるならば。	それはよみのかんぬきに下るのか。それとも、私たちは共にちりの中で休むのか。
Ja	018_JOB_001_014	messenger	honorific 言われた is for God, not a human messenger	使者がヨブのところに来て言われた、「牛は耕しており、雌ロバはその手のそばで草を食べていました」。	使者がヨブのところに来て言った、「牛は耕しており、雌ロバはその手のそばで草を食べていました」。
Ru	030_AMO_004_013	wind	רוּחַ = wind here (Synodal ветер): дух → ветер, declined	Ибо вот, Тот, Кто образует горы и творит дух, и возвещает человеку, что мысль его, делает рассвет тьмою и ступает по высотам земли, — Господь, Бог воинств, имя Его.	Ибо вот, Тот, Кто образует горы и творит ветер, и возвещает человеку, что мысль его, делает рассвет тьмою и ступает по высотам земли, — Господь, Бог воинств, имя Его.
Ru	023_ISA_041_029	wind	רוּחַ = wind here (Synodal ветер): дух → ветер, declined	Вот, всё это — ничтожество, ничто — дела их; дух и пустота — возлияния их.	Вот, всё это — ничтожество, ничто — дела их; ветер и пустота — возлияния их.
Ru	019_PSA_104_003	wind	רוּחַ = wind here (Synodal ветер): дух → ветер, declined	Устраивающий над водами чертоги Свои, делающий облака колесницею Своею, шествующий на крыльях духа.	Устраивающий над водами чертоги Свои, делающий облака колесницею Своею, шествующий на крыльях ветра.
Ru	019_PSA_147_018	wind	רוּחַ = wind here (Synodal ветер): дух → ветер, declined	Он пошлёт слово Своё и растопит их; подует духом Своим — потекут воды.	Он пошлёт слово Своё и растопит их; подует ветром Своим — потекут воды.
Ru	024_JER_051_001	wind	רוּחַ = wind here (Synodal ветер): дух → ветер	Так говорит Господь: вот, Я подниму против Вавилона и против жителей сердца восстания Моего дух губительный.	Так говорит Господь: вот, Я подниму против Вавилона и против жителей сердца восстания Моего губительный ветер.
Ru	024_JER_051_016	wind	רוּחַ = wind here (Synodal ветер): дух → ветер; + case agreement «голосу Своему»	По голосу Своего Он даёт множество вод на небе, и поднимает облака от конца земли, молнии для дождя творит, и выводит дух из Своих сокровищниц.	По голосу Своему Он даёт множество вод на небе, и поднимает облака от конца земли, молнии для дождя творит, и выводит ветер из Своих сокровищниц.
Fr	013_1CH_014_001	messenger	מַלְאָךְ = human messenger: ange → messager	Hiram, roi de Tyr, envoya des anges à David, avec du bois de cèdre, des artisans de mur et des artisans de bois, pour lui bâtir une maison.	Hiram, roi de Tyr, envoya des messagers à David, avec du bois de cèdre, des artisans de mur et des artisans de bois, pour lui bâtir une maison.
Fr	013_1CH_019_002	messenger	מַלְאָךְ = human messenger: ange → messager	David dit : « Je ferai bonté avec Hanun, fils de Nachasch, car son père a fait bonté avec moi. » Et David envoya des anges pour le consoler au sujet de son père. Et les serviteurs de David vinrent dans la terre des fils d'Ammon, vers Hanun, pour le consoler.	David dit : « Je ferai bonté avec Hanun, fils de Nachasch, car son père a fait bonté avec moi. » Et David envoya des messagers pour le consoler au sujet de son père. Et les serviteurs de David vinrent dans la terre des fils d'Ammon, vers Hanun, pour le consoler.
Fr	013_1CH_019_016	messenger	מַלְאָךְ = human messenger: ange → messager	Aram vit qu'ils avaient été frappés devant Israël, et ils envoyèrent des anges, et firent sortir la Syrie qui était au-delà du fleuve, et Schophach, chef de l'armée de Hadadézer, marchait devant eux.	Aram vit qu'ils avaient été frappés devant Israël, et ils envoyèrent des messagers, et firent sortir la Syrie qui était au-delà du fleuve, et Schophach, chef de l'armée de Hadadézer, marchait devant eux.
Fr	011_1KI_019_002	messenger	מַלְאָךְ = human messenger: ange → messager	Jézabel envoya un ange vers Élie, disant : « Que Dieu fasse ainsi et qu'il ajoute ainsi, si demain, à ce temps, je ne mets ton âme comme l'âme de l'un d'eux. »	Jézabel envoya un messager vers Élie, disant : « Que Dieu fasse ainsi et qu'il ajoute ainsi, si demain, à ce temps, je ne mets ton âme comme l'âme de l'un d'eux. »
Fr	011_1KI_020_002	messenger	מַלְאָךְ = human messenger: ange → messager	Il envoya des anges vers Achab, roi d'Israël, dans la ville.	Il envoya des messagers vers Achab, roi d'Israël, dans la ville.
Fr	011_1KI_022_013	messenger	מַלְאָךְ = human messenger: ange → messager	L'ange qui était allé appeler Michée lui parla en disant : Voici, les paroles des prophètes sont d'une seule bouche favorables au roi ; que ta parole soit donc comme la parole de l'un d'eux, et parle favorablement.	Le messager qui était allé appeler Michée lui parla en disant : Voici, les paroles des prophètes sont d'une seule bouche favorables au roi ; que ta parole soit donc comme la parole de l'un d'eux, et parle favorablement.
Fr	009_1SA_011_003	messenger	מַלְאָךְ = human messenger: ange → messager	Les anciens de Jabès lui dirent : Accorde-nous sept jours, et nous enverrons des anges dans toute la frontière d'Israël ; et s'il n'y a personne qui nous sauve, alors nous sortirons vers toi.	Les anciens de Jabès lui dirent : Accorde-nous sept jours, et nous enverrons des messagers dans toute la frontière d'Israël ; et s'il n'y a personne qui nous sauve, alors nous sortirons vers toi.
Fr	009_1SA_011_007	messenger	מַלְאָךְ = human messenger: ange → messager	Il prit une paire de bœufs, les dépeça, et les envoya par toute la frontière d'Israël par la main des anges, en disant : Quiconque ne sort pas après Saül et après Samuel, ainsi sera fait à ses bœufs. Et la frayeur de l'Éternel tomba sur le peuple, et ils sortirent comme un seul homme.	Il prit une paire de bœufs, les dépeça, et les envoya par toute la frontière d'Israël par la main des messagers, en disant : Quiconque ne sort pas après Saül et après Samuel, ainsi sera fait à ses bœufs. Et la frayeur de l'Éternel tomba sur le peuple, et ils sortirent comme un seul homme.
Fr	009_1SA_011_009	messenger	מַלְאָךְ = human messenger: ange → messager	Ils dirent aux anges qui venaient : « Ainsi vous parlerez à l'homme de Jabès de Galaad : demain, quand le soleil sera dans sa chaleur, vous aurez le salut. » Et les anges vinrent, et ils annoncèrent aux hommes de Jabès, et ils se réjouirent.	Ils dirent aux messagers qui venaient : « Ainsi vous parlerez à l'homme de Jabès de Galaad : demain, quand le soleil sera dans sa chaleur, vous aurez le salut. » Et les messagers vinrent, et ils annoncèrent aux hommes de Jabès, et ils se réjouirent.
Fr	009_1SA_016_019	messenger	מַלְאָךְ = human messenger: ange → messager	Saül envoya des anges vers Isaï, et dit : Envoie-moi David, ton fils, qui est avec les brebis.	Saül envoya des messagers vers Isaï, et dit : Envoie-moi David, ton fils, qui est avec les brebis.
Fr	009_1SA_019_011	messenger	מַלְאָךְ = human messenger: ange → messager	Saül envoya des anges à la maison de David pour le garder et pour le faire mourir au matin ; et Mical, sa femme, dit à David : Si tu ne sauves pas ton âme cette nuit, demain tu seras mis à mort.	Saül envoya des messagers à la maison de David pour le garder et pour le faire mourir au matin ; et Mical, sa femme, dit à David : Si tu ne sauves pas ton âme cette nuit, demain tu seras mis à mort.
Fr	009_1SA_019_014	messenger	מַלְאָךְ = human messenger: ange → messager	Saül envoya des anges pour prendre David, et elle dit : Il est malade.	Saül envoya des messagers pour prendre David, et elle dit : Il est malade.
Fr	009_1SA_019_015	messenger	מַלְאָךְ = human messenger: ange → messager	Saül envoya les anges pour voir David, en disant : Faites-le monter sur le lit vers moi, pour le faire mourir.	Saül envoya les messagers pour voir David, en disant : Faites-le monter sur le lit vers moi, pour le faire mourir.
Fr	009_1SA_019_020	messenger	מַלְאָךְ = human messenger: ange → messager	Saül envoya des anges pour prendre David, et il vit l'assemblée des prophètes prophétisant, et Samuel se tenant debout, établi sur eux ; et l'esprit de Dieu fut sur les anges de Saül, et ils prophétisèrent aussi, eux-mêmes.	Saül envoya des messagers pour prendre David, et il vit l'assemblée des prophètes prophétisant, et Samuel se tenant debout, établi sur eux ; et l'esprit de Dieu fut sur les messagers de Saül, et ils prophétisèrent aussi, eux-mêmes.
Fr	009_1SA_019_021	messenger	מַלְאָךְ = human messenger: ange → messager	On le rapporta à Saül, et il envoya d'autres anges, et eux aussi prophétisèrent ; puis Saül envoya encore des anges une troisième fois, et eux aussi prophétisèrent.	On le rapporta à Saül, et il envoya d'autres messagers, et eux aussi prophétisèrent ; puis Saül envoya encore des messagers une troisième fois, et eux aussi prophétisèrent.
Fr	009_1SA_023_027	messenger	מַלְאָךְ = human messenger: ange → messager	Un ange vint vers Saül, disant : Hâte-toi et va, car les Philistins ont fait une incursion sur la terre.	Un messager vint vers Saül, disant : Hâte-toi et va, car les Philistins ont fait une incursion sur la terre.
Fr	009_1SA_025_014	messenger	מַלְאָךְ = human messenger: ange → messager	Un jeune homme parmi les serviteurs informa Abigaïl, femme de Nabal, en disant : Voici que David a envoyé des anges depuis le désert pour bénir notre seigneur, mais il s'est emporté contre eux.	Un jeune homme parmi les serviteurs informa Abigaïl, femme de Nabal, en disant : Voici que David a envoyé des messagers depuis le désert pour bénir notre seigneur, mais il s'est emporté contre eux.
Fr	009_1SA_025_042	messenger	מַלְאָךְ = human messenger: ange → messager	Abigaïl se hâta, se leva, monta sur l'âne, avec ses cinq jeunes filles qui marchaient à ses pieds ; elle suivit les anges de David, et elle devint sa femme.	Abigaïl se hâta, se leva, monta sur l'âne, avec ses cinq jeunes filles qui marchaient à ses pieds ; elle suivit les messagers de David, et elle devint sa femme.
Fr	014_2CH_018_012	messenger	מַלְאָךְ = human messenger: ange → messager	L'ange qui était allé appeler Michée lui dit : Voici, les paroles des prophètes sont d'une seule bouche favorables au roi ; que ta parole soit donc comme celle de l'un d'eux, et parle favorablement.	Le messager qui était allé appeler Michée lui dit : Voici, les paroles des prophètes sont d'une seule bouche favorables au roi ; que ta parole soit donc comme celle de l'un d'eux, et parle favorablement.
Fr	014_2CH_036_015	messenger	מַלְאָךְ = human messenger: ange → messager	L'Éternel, le Dieu de leurs pères, leur envoya par la main de ses anges, se levant tôt et envoyant, car il eut compassion de son peuple et de sa demeure.	L'Éternel, le Dieu de leurs pères, leur envoya par la main de ses messagers, se levant tôt et envoyant, car il eut compassion de son peuple et de sa demeure.
Fr	014_2CH_036_016	messenger	מַלְאָךְ = human messenger: ange → messager	Ils se moquaient des anges de Dieu, méprisaient ses paroles, et se raillaient de ses prophètes, jusqu'à ce que la fureur de l'Éternel montât contre son peuple, jusqu'à ce qu'il n'y eût plus de guérison.	Ils se moquaient des messagers de Dieu, méprisaient ses paroles, et se raillaient de ses prophètes, jusqu'à ce que la fureur de l'Éternel montât contre son peuple, jusqu'à ce qu'il n'y eût plus de guérison.
Fr	012_2KI_001_002	messenger	מַלְאָךְ = human messenger: ange → messager	Achazia tomba à travers le treillis de sa chambre haute qui était à Samarie, et il fut malade. Il envoya des anges et leur dit : « Allez consulter Baal-Zebub, dieu d'Ékron, pour savoir si je guérirai de cette maladie. »	Achazia tomba à travers le treillis de sa chambre haute qui était à Samarie, et il fut malade. Il envoya des messagers et leur dit : « Allez consulter Baal-Zebub, dieu d'Ékron, pour savoir si je guérirai de cette maladie. »
Fr	012_2KI_001_016	messenger	מַלְאָךְ = human messenger: ange → messager	Il lui dit : Ainsi parle l'Éternel : Parce que tu as envoyé des anges pour consulter Baal-Zebub, dieu d'Ékron, comme s'il n'y avait pas de Dieu en Israël pour consulter sa parole, c'est pourquoi tu ne descendras pas du lit sur lequel tu es monté, car tu mourras certainement.	Il lui dit : Ainsi parle l'Éternel : Parce que tu as envoyé des messagers pour consulter Baal-Zebub, dieu d'Ékron, comme s'il n'y avait pas de Dieu en Israël pour consulter sa parole, c'est pourquoi tu ne descendras pas du lit sur lequel tu es monté, car tu mourras certainement.
Fr	012_2KI_005_010	messenger	מַלְאָךְ = human messenger: ange → messager	Élisée lui envoya un ange pour dire : Va, et lave-toi sept fois dans le Jourdain, et ta chair te reviendra, et tu seras pur.	Élisée lui envoya un messager pour dire : Va, et lave-toi sept fois dans le Jourdain, et ta chair te reviendra, et tu seras pur.
Fr	012_2KI_006_032	messenger	מַלְאָךְ = human messenger: ange → messager	Élisée était assis dans sa maison, et les anciens étaient assis avec lui ; et il envoya un homme de devant sa face, avant que l'ange ne vînt vers lui ; et il dit aux anciens : Avez-vous vu que ce fils du meurtrier a envoyé pour ôter ma tête ? Voyez, quand l'ange viendra, fermez la porte et poussez-le contre la porte ; n'est-ce pas la voix des pieds de son seigneur derrière lui ?	Élisée était assis dans sa maison, et les anciens étaient assis avec lui ; et il envoya un homme de devant sa face, avant que le messager ne vînt vers lui ; et il dit aux anciens : Avez-vous vu que ce fils du meurtrier a envoyé pour ôter ma tête ? Voyez, quand le messager viendra, fermez la porte et poussez-le contre la porte ; n'est-ce pas la voix des pieds de son seigneur derrière lui ?
Fr	012_2KI_006_033	messenger	מַלְאָךְ = human messenger: ange → messager	Il parlait encore avec eux, et voici que l'ange descendit vers lui, et dit : Voici, ce mal vient de l'Éternel ; qu'attendrai-je encore de l'Éternel ?	Il parlait encore avec eux, et voici que le messager descendit vers lui, et dit : Voici, ce mal vient de l'Éternel ; qu'attendrai-je encore de l'Éternel ?
Fr	012_2KI_007_015	messenger	מַלְאָךְ = human messenger: ange → messager	Ils allèrent après eux jusqu'au Jourdain, et voici, tout le chemin était rempli de vêtements et d'ustensiles que la Syrie avait jetés dans sa hâte ; puis les anges revinrent et le rapportèrent au roi.	Ils allèrent après eux jusqu'au Jourdain, et voici, tout le chemin était rempli de vêtements et d'ustensiles que la Syrie avait jetés dans sa hâte ; puis les messagers revinrent et le rapportèrent au roi.
Fr	012_2KI_009_018	messenger	מַלְאָךְ = human messenger: ange → messager	Le cavalier du cheval alla à sa rencontre et dit : « Ainsi dit le roi : Est-ce la paix ? » Et Jéhu dit : « Qu'y a-t-il pour toi et pour la paix ? Tourne derrière moi. » Et la sentinelle rapporta, en disant : L'ange est venu jusqu'à eux, et il n'est pas revenu.	Le cavalier du cheval alla à sa rencontre et dit : « Ainsi dit le roi : Est-ce la paix ? » Et Jéhu dit : « Qu'y a-t-il pour toi et pour la paix ? Tourne derrière moi. » Et la sentinelle rapporta, en disant : Le messager est venu jusqu'à eux, et il n'est pas revenu.
Fr	012_2KI_014_008	messenger	מַלְאָךְ = human messenger: ange → messager	Alors Amatsia envoya des anges à Joas, fils de Joachaz, fils de Jéhu, roi d'Israël, pour dire : Viens, voyons-nous face à face.	Alors Amatsia envoya des messagers à Joas, fils de Joachaz, fils de Jéhu, roi d'Israël, pour dire : Viens, voyons-nous face à face.
Fr	012_2KI_016_007	messenger	מַלְאָךְ = human messenger: ange → messager	Achaz envoya des anges à Tiglath-Piléser, roi d'Assyrie, pour dire : « Je suis ton serviteur et ton fils ; monte et sauve-moi de la main du roi de Syrie et de la main du roi d'Israël, qui se lèvent contre moi. »	Achaz envoya des messagers à Tiglath-Piléser, roi d'Assyrie, pour dire : « Je suis ton serviteur et ton fils ; monte et sauve-moi de la main du roi de Syrie et de la main du roi d'Israël, qui se lèvent contre moi. »
Fr	012_2KI_017_004	messenger	מַלְאָךְ = human messenger: ange → messager	Le roi d'Assyrie découvrit une conjuration chez Osée, qui avait envoyé des anges à So, roi d'Égypte, et n'avait pas apporté d'offrande au roi d'Assyrie, année après année ; alors le roi d'Assyrie le saisit et le lia dans une maison de prison.	Le roi d'Assyrie découvrit une conjuration chez Osée, qui avait envoyé des messagers à So, roi d'Égypte, et n'avait pas apporté d'offrande au roi d'Assyrie, année après année ; alors le roi d'Assyrie le saisit et le lia dans une maison de prison.
Fr	012_2KI_019_009	messenger	מַלְאָךְ = human messenger: ange → messager	Il entendit au sujet de Tirhaka, roi de Cusch, ce dire : Voici, il est sorti pour combattre contre toi. Alors il revint et envoya des anges à Ézéchias, en disant :	Il entendit au sujet de Tirhaka, roi de Cusch, ce dire : Voici, il est sorti pour combattre contre toi. Alors il revint et envoya des messagers à Ézéchias, en disant :
Fr	012_2KI_019_014	messenger	מַלְאָךְ = human messenger: ange → messager	Ézéchias prit les livres de la main des anges et les lut ; puis il monta à la maison de l'Éternel, et Ézéchias les déploya devant la face de l'Éternel.	Ézéchias prit les livres de la main des messagers et les lut ; puis il monta à la maison de l'Éternel, et Ézéchias les déploya devant la face de l'Éternel.
Fr	010_2SA_002_005	messenger	מַלְאָךְ = human messenger: ange → messager	David envoya des anges aux hommes de Jabès de Galaad, et leur dit : Bénis soyez-vous de l'Éternel, vous qui avez fait cette bonté envers votre seigneur, envers Saül, et qui l'avez enseveli.	David envoya des messagers aux hommes de Jabès de Galaad, et leur dit : Bénis soyez-vous de l'Éternel, vous qui avez fait cette bonté envers votre seigneur, envers Saül, et qui l'avez enseveli.
Fr	010_2SA_003_012	messenger	מַלְאָךְ = human messenger: ange → messager	Abner envoya des anges à David de sa part, pour dire : À qui est la terre ? pour dire : Fais alliance avec moi, et voici, ma main est avec toi, pour faire passer vers toi tout Israël.	Abner envoya des messagers à David de sa part, pour dire : À qui est la terre ? pour dire : Fais alliance avec moi, et voici, ma main est avec toi, pour faire passer vers toi tout Israël.
Fr	010_2SA_003_026	messenger	מַלְאָךְ = human messenger: ange → messager	Joab sortit d'auprès de David, et envoya des anges après Abner, et ils le firent revenir de la citerne de Sira ; mais David ne le sut pas.	Joab sortit d'auprès de David, et envoya des messagers après Abner, et ils le firent revenir de la citerne de Sira ; mais David ne le sut pas.
Fr	010_2SA_005_011	messenger	מַלְאָךְ = human messenger: ange → messager	Hiram, roi de Tyr, envoya des anges à David, et du bois de cèdre, et des artisans du bois, et des artisans de la pierre pour le mur, et ils bâtirent une maison pour David.	Hiram, roi de Tyr, envoya des messagers à David, et du bois de cèdre, et des artisans du bois, et des artisans de la pierre pour le mur, et ils bâtirent une maison pour David.
Fr	010_2SA_011_004	messenger	מַלְאָךְ = human messenger: ange → messager	David envoya des anges et la prit, et elle vint vers lui, et il coucha avec elle, alors qu'elle se purifiait de son impureté, et elle retourna dans sa maison.	David envoya des messagers et la prit, et elle vint vers lui, et il coucha avec elle, alors qu'elle se purifiait de son impureté, et elle retourna dans sa maison.
Fr	010_2SA_011_019	messenger	מַלְאָךְ = human messenger: ange → messager	Il commanda à l'ange, en disant : Quand tu auras achevé de dire toutes les paroles de la guerre au roi,	Il commanda à le messager, en disant : Quand tu auras achevé de dire toutes les paroles de la guerre au roi,
Fr	010_2SA_011_022	messenger	מַלְאָךְ = human messenger: ange → messager	L'ange partit, vint, et rapporta à David tout ce que Joab lui avait envoyé dire.	Le messager partit, vint, et rapporta à David tout ce que Joab lui avait envoyé dire.
Fr	010_2SA_011_025	messenger	מַלְאָךְ = human messenger: ange → messager	David dit à l'ange : Ainsi diras-tu à Joab : Que cette parole ne soit pas mauvaise à tes yeux, car l'épée dévore tantôt l'un, tantôt l'autre ; renforce ta guerre contre la ville et détruis-la, et encourage-le.	David dit à le messager : Ainsi diras-tu à Joab : Que cette parole ne soit pas mauvaise à tes yeux, car l'épée dévore tantôt l'un, tantôt l'autre ; renforce ta guerre contre la ville et détruis-la, et encourage-le.
Fr	010_2SA_012_027	messenger	מַלְאָךְ = human messenger: ange → messager	Joab envoya des anges à David, et dit : J'ai combattu contre Rabba, et j'ai aussi pris la ville des eaux.	Joab envoya des messagers à David, et dit : J'ai combattu contre Rabba, et j'ai aussi pris la ville des eaux.
Fr	005_DEU_002_026	messenger	מַלְאָךְ = human messenger: ange → messager	J'envoyai des anges depuis le désert de Kedémoth vers Sihon, roi de Hesbon, avec des paroles de paix, en disant :	J'envoyai des messagers depuis le désert de Kedémoth vers Sihon, roi de Hesbon, avec des paroles de paix, en disant :
Fr	026_EZK_017_015	messenger	מַלְאָךְ = human messenger: ange → messager	Il s'est rebellé contre lui en envoyant ses anges en Égypte pour lui donner des chevaux et un peuple nombreux ; réussira-t-il ? Celui qui fait ces choses sera-t-il délivré ? Il a rompu l'alliance, et il serait délivré ?	Il s'est rebellé contre lui en envoyant ses messagers en Égypte pour lui donner des chevaux et un peuple nombreux ; réussira-t-il ? Celui qui fait ces choses sera-t-il délivré ? Il a rompu l'alliance, et il serait délivré ?
Fr	026_EZK_023_016	messenger	מַלְאָךְ = human messenger: ange → messager	Elle s'éprit d'eux à l'apparence de ses yeux, et elle leur envoya des anges vers les Chaldéens.	Elle s'éprit d'eux à l'apparence de ses yeux, et elle leur envoya des messagers vers les Chaldéens.
Fr	026_EZK_023_040	messenger	מַלְאָךְ = human messenger: ange → messager	Et même encore, tu as envoyé vers des hommes venant du lointain, à qui un ange avait été envoyé, et voici qu'ils sont venus ; pour eux tu t'es lavée, tu t'es peint les yeux, et tu t'es parée de ton ornement.	Et même encore, tu as envoyé vers des hommes venant du lointain, à qui un messager avait été envoyé, et voici qu'ils sont venus ; pour eux tu t'es lavée, tu t'es peint les yeux, et tu t'es parée de ton ornement.
Fr	026_EZK_030_009	messenger	מַלְאָךְ = human messenger: ange → messager	En ce jour-là, des anges sortiront de devant ma face dans des navires pour effrayer Cusch en sécurité, et il y aura une angoisse parmi eux au jour de l'Égypte, car voici, elle vient.	En ce jour-là, des messagers sortiront de devant ma face dans des navires pour effrayer Cusch en sécurité, et il y aura une angoisse parmi eux au jour de l'Égypte, car voici, elle vient.
Fr	001_GEN_032_003	messenger	מַלְאָךְ = human messenger: ange → messager	Jacob envoya des anges devant lui, vers Ésaü son frère, à la terre de Séir, au champ d'Édom.	Jacob envoya des messagers devant lui, vers Ésaü son frère, à la terre de Séir, au champ d'Édom.
Fr	037_HAG_001_013	messenger	מַלְאָךְ = human messenger: ange → messager	Alors Aggée, l'ange de l'Éternel, par ordre de l'Éternel, dit au peuple : « Je suis avec vous, déclaration de l'Éternel. »	Alors Aggée, le messager de l'Éternel, par ordre de l'Éternel, dit au peuple : « Je suis avec vous, déclaration de l'Éternel. »
Fr	023_ISA_014_032	messenger	מַלְאָךְ = human messenger: ange → messager	Et que répondront les anges de la nation ? Car l'Éternel a fondé Sion, et en elle se réfugieront les pauvres de son peuple.	Et que répondront les messagers de la nation ? Car l'Éternel a fondé Sion, et en elle se réfugieront les pauvres de son peuple.
Fr	023_ISA_030_004	messenger	מַלְאָךְ = human messenger: ange → messager	Car ses chefs étaient à Tsoan, et ses anges arrivaient à Hanès.	Car ses chefs étaient à Tsoan, et ses messagers arrivaient à Hanès.
Fr	023_ISA_033_007	messenger	מַלְאָךְ = human messenger: ange → messager	Voici, les héros crient dehors ; les anges de paix pleurent amèrement.	Voici, les héros crient dehors ; les messagers de paix pleurent amèrement.
Fr	023_ISA_037_009	messenger	מַלְאָךְ = human messenger: ange → messager	Il apprit au sujet de Tirhaka, roi de Cusch, qu'on disait : « Il est sorti pour te faire la guerre. » Et il l'entendit, et il envoya des anges à Ézéchias, en disant :	Il apprit au sujet de Tirhaka, roi de Cusch, qu'on disait : « Il est sorti pour te faire la guerre. » Et il l'entendit, et il envoya des messagers à Ézéchias, en disant :
Fr	023_ISA_037_014	messenger	מַלְאָךְ = human messenger: ange → messager	Ézéchias prit les livres de la main des anges, et les lut ; puis il monta à la maison de l'Éternel, et Ézéchias les déploya devant la face de l'Éternel.	Ézéchias prit les livres de la main des messagers, et les lut ; puis il monta à la maison de l'Éternel, et Ézéchias les déploya devant la face de l'Éternel.
Fr	023_ISA_042_019	messenger	מַלְאָךְ = human messenger: ange → messager	Qui est aveugle, sinon mon serviteur, et sourd comme mon ange que j'envoie ? Qui est aveugle comme l'intègre, et aveugle comme le serviteur de l'Éternel ?	Qui est aveugle, sinon mon serviteur, et sourd comme mon messager que j'envoie ? Qui est aveugle comme l'intègre, et aveugle comme le serviteur de l'Éternel ?
Fr	023_ISA_044_026	messenger	מַלְאָךְ = human messenger: ange → messager	Il confirme la parole de son serviteur et accomplit le conseil de ses anges, lui qui dit à Jérusalem : « Tu seras habitée », et aux villes de Juda : « Vous serez rebâties », et je relèverai ses ruines.	Il confirme la parole de son serviteur et accomplit le conseil de ses messagers, lui qui dit à Jérusalem : « Tu seras habitée », et aux villes de Juda : « Vous serez rebâties », et je relèverai ses ruines.
Fr	007_JDG_007_024	messenger	מַלְאָךְ = human messenger: ange → messager	Et Gédéon envoya des anges dans toute la montagne d'Éphraïm, disant : Descendez à la rencontre de Madian et saisissez pour eux les eaux jusqu'à Beth-Bara et le Jourdain. Et tout homme d'Éphraïm cria, et ils saisirent les eaux jusqu'à Beth-Bara et le Jourdain.	Et Gédéon envoya des messagers dans toute la montagne d'Éphraïm, disant : Descendez à la rencontre de Madian et saisissez pour eux les eaux jusqu'à Beth-Bara et le Jourdain. Et tout homme d'Éphraïm cria, et ils saisirent les eaux jusqu'à Beth-Bara et le Jourdain.
Fr	007_JDG_009_031	messenger	מַלְאָךְ = human messenger: ange → messager	Il envoya des anges à Abimélec, à Tromperie, pour dire : Voici, Gaal, fils d'Ébed, et ses frères viennent à Sichem, et voici qu'ils assiègent la ville contre toi.	Il envoya des messagers à Abimélec, à Tromperie, pour dire : Voici, Gaal, fils d'Ébed, et ses frères viennent à Sichem, et voici qu'ils assiègent la ville contre toi.
Fr	007_JDG_011_012	messenger	מַלְאָךְ = human messenger: ange → messager	Jephthé envoya des anges au roi des fils d'Ammon, pour dire : Qu'y a-t-il entre moi et toi, que tu sois venu vers moi pour combattre dans ma terre ?	Jephthé envoya des messagers au roi des fils d'Ammon, pour dire : Qu'y a-t-il entre moi et toi, que tu sois venu vers moi pour combattre dans ma terre ?
Fr	007_JDG_011_013	messenger	מַלְאָךְ = human messenger: ange → messager	Le roi des fils d'Ammon dit aux anges de Jephthé : « Parce qu'Israël a pris ma terre en montant d'Égypte, depuis l'Arnon jusqu'au Jabbok et jusqu'au Jourdain, et maintenant, rends-les en paix. »	Le roi des fils d'Ammon dit aux messagers de Jephthé : « Parce qu'Israël a pris ma terre en montant d'Égypte, depuis l'Arnon jusqu'au Jabbok et jusqu'au Jourdain, et maintenant, rends-les en paix. »
Fr	007_JDG_011_014	messenger	מַלְאָךְ = human messenger: ange → messager	Jephthé envoya encore des anges au roi des fils d'Ammon.	Jephthé envoya encore des messagers au roi des fils d'Ammon.
Fr	007_JDG_011_017	messenger	מַלְאָךְ = human messenger: ange → messager	Israël envoya des anges au roi d'Édom, disant : « Je voudrais passer par ta terre », mais le roi d'Édom n'écouta pas ; il envoya aussi au roi de Moab, qui ne voulut pas ; et Israël demeura à Kadès.	Israël envoya des messagers au roi d'Édom, disant : « Je voudrais passer par ta terre », mais le roi d'Édom n'écouta pas ; il envoya aussi au roi de Moab, qui ne voulut pas ; et Israël demeura à Kadès.
Fr	007_JDG_011_019	messenger	מַלְאָךְ = human messenger: ange → messager	Israël envoya des anges à Sihon, roi des Amoréens, roi de Hesbon, et Israël lui dit : « Nous passerons, je te prie, par ta terre jusqu'à mon lieu. »	Israël envoya des messagers à Sihon, roi des Amoréens, roi de Hesbon, et Israël lui dit : « Nous passerons, je te prie, par ta terre jusqu'à mon lieu. »
Fr	024_JER_027_003	messenger	מַלְאָךְ = human messenger: ange → messager	Tu les enverras au roi d'Édom, au roi de Moab, au roi des fils d'Ammon, au roi de Tyr et au roi de Sidon, par la main des anges qui viennent à Jérusalem vers Sédécias, roi de Juda.	Tu les enverras au roi d'Édom, au roi de Moab, au roi des fils d'Ammon, au roi de Tyr et au roi de Sidon, par la main des messagers qui viennent à Jérusalem vers Sédécias, roi de Juda.
Fr	006_JOS_006_017	messenger	מַלְאָךְ = human messenger: ange → messager	La ville sera un interdit, elle et tout ce qui s'y trouve, pour l'Éternel ; seulement Rahab la prostituée vivra, elle et tous ceux qui sont avec elle dans la maison, parce qu'elle a caché les anges que nous avons envoyés.	La ville sera un interdit, elle et tout ce qui s'y trouve, pour l'Éternel ; seulement Rahab la prostituée vivra, elle et tous ceux qui sont avec elle dans la maison, parce qu'elle a caché les messagers que nous avons envoyés.
Fr	006_JOS_006_025	messenger	מַלְאָךְ = human messenger: ange → messager	Et Josué laissa vivre Rahab la prostituée, ainsi que la maison de son père et tout ce qui lui appartenait ; et elle habita au milieu d'Israël jusqu'à ce jour, parce qu'elle avait caché les anges que Josué avait envoyés pour espionner Jéricho.	Et Josué laissa vivre Rahab la prostituée, ainsi que la maison de son père et tout ce qui lui appartenait ; et elle habita au milieu d'Israël jusqu'à ce jour, parce qu'elle avait caché les messagers que Josué avait envoyés pour espionner Jéricho.
Fr	039_MAL_002_007	messenger	מַלְאָךְ = human messenger: ange → messager	Car les lèvres du sacrificateur gardent la connaissance, et l'on cherche la loi de sa bouche, car il est un ange de l'Éternel des armées.	Car les lèvres du sacrificateur gardent la connaissance, et l'on cherche la loi de sa bouche, car il est un messager de l'Éternel des armées.
Fr	034_NAM_002_013	messenger	מַלְאָךְ = human messenger: ange → messager	Me voici contre toi, déclaration de l'Éternel des armées ; je ferai monter en fumée ton char, et l'épée dévorera tes lionceaux ; je retrancherai de la terre ta proie, et l'on n'entendra plus la voix de tes anges.	Me voici contre toi, déclaration de l'Éternel des armées ; je ferai monter en fumée ton char, et l'épée dévorera tes lionceaux ; je retrancherai de la terre ta proie, et l'on n'entendra plus la voix de tes messagers.
Fr	016_NEH_006_003	messenger	מַלְאָךְ = human messenger: ange → messager	Et je leur envoyai des anges pour dire : « Je fais un grand ouvrage, et je ne peux pas descendre. Pourquoi l'ouvrage cesserait-il, alors que je le quitterais et descendrais vers vous ? »	Et je leur envoyai des messagers pour dire : « Je fais un grand ouvrage, et je ne peux pas descendre. Pourquoi l'ouvrage cesserait-il, alors que je le quitterais et descendrais vers vous ? »
Fr	004_NUM_020_014	messenger	מַלְאָךְ = human messenger: ange → messager	Moïse envoya des anges de Kadès au roi d'Édom : Ainsi parle ton frère Israël : Tu as connu toute la peine qui nous a trouvés.	Moïse envoya des messagers de Kadès au roi d'Édom : Ainsi parle ton frère Israël : Tu as connu toute la peine qui nous a trouvés.
Fr	004_NUM_021_021	messenger	מַלְאָךְ = human messenger: ange → messager	Israël envoya des anges à Sihon, roi des Amoréens, en disant :	Israël envoya des messagers à Sihon, roi des Amoréens, en disant :
Fr	004_NUM_022_005	messenger	מַלְאָךְ = human messenger: ange → messager	Il envoya des anges à Balaam, fils de Beor, à Pethor, qui est sur le fleuve, dans la terre des fils de son peuple, pour l'appeler, en disant : Voici, un peuple est sorti d'Égypte ; voici, il couvre l'œil de la terre, et il habite en face de moi.	Il envoya des messagers à Balaam, fils de Beor, à Pethor, qui est sur le fleuve, dans la terre des fils de son peuple, pour l'appeler, en disant : Voici, un peuple est sorti d'Égypte ; voici, il couvre l'œil de la terre, et il habite en face de moi.
Fr	004_NUM_024_012	messenger	מַלְאָךְ = human messenger: ange → messager	Balaam dit à Balak : « N'ai-je pas aussi parlé à tes anges que tu m'as envoyés, en disant : »	Balaam dit à Balak : « N'ai-je pas aussi parlé à tes messagers que tu m'as envoyés, en disant : »
Fr	020_PRO_016_014	messenger	מַלְאָךְ = human messenger: ange → messager	La fureur du roi est des anges de mort, et un homme sage l'apaisera.	La fureur du roi est des messagers de mort, et un homme sage l'apaisera.
Fr	020_PRO_017_011	messenger	מַלְאָךְ = human messenger: ange → messager	Certes, la rébellion cherche le mal, et un ange cruel sera envoyé contre lui.	Certes, la rébellion cherche le mal, et un messager cruel sera envoyé contre lui.
Fr	011_1KI_018_045	wind	רוּחַ = wind here: esprit → vent (+ adjacent mistranslation fixed)	Et cela arriva, jusqu'à ce moment et jusqu'à ce moment-là, les cieux s'obscurcirent de nuées et d'esprit, et il y eut une grande pluie ; et Achab monta sur son char et s'en alla à Jizreel.	Et cela arriva, pendant ce temps, les cieux s'obscurcirent de nuées et de vent, et il y eut une grande pluie ; et Achab monta sur son char et s'en alla à Jizreel.
Fr	011_1KI_019_011	wind	רוּחַ = wind here: esprit → vent	Il dit : Sors et tiens-toi sur la montagne devant l'Éternel ; et voici, l'Éternel passait, et un esprit grand et fort déchirait les montagnes et brisait les rochers devant l'Éternel ; l'Éternel n'était pas dans l'esprit. Et après l'esprit, un tremblement ; l'Éternel n'était pas dans le tremblement.	Il dit : Sors et tiens-toi sur la montagne devant l'Éternel ; et voici, l'Éternel passait, et un vent grand et fort déchirait les montagnes et brisait les rochers devant l'Éternel ; l'Éternel n'était pas dans le vent. Et après le vent, un tremblement ; l'Éternel n'était pas dans le tremblement.
Fr	012_2KI_003_017	wind	רוּחַ = wind here: esprit → vent	Car ainsi parle l'Éternel : vous ne verrez point d'esprit, et vous ne verrez point de pluie, et ce torrent-là se remplira d'eaux, et vous boirez, vous, vos troupeaux et votre bétail.	Car ainsi parle l'Éternel : vous ne verrez point de vent, et vous ne verrez point de pluie, et ce torrent-là se remplira d'eaux, et vous boirez, vous, vos troupeaux et votre bétail.
Fr	010_2SA_022_011	wind	רוּחַ = wind here: esprit → vent	Il monta sur un chérubin et vola, et il apparut sur les ailes de l'esprit.	Il monta sur un chérubin et vola, et il apparut sur les ailes du vent.
Fr	030_AMO_004_013	wind	רוּחַ = wind here: esprit → vent	Car voici, celui qui forme les montagnes et crée l'esprit, qui révèle à l'homme sa pensée, qui fait de l'aurore les ténèbres, et qui foule les hauts lieux de la terre—l'Éternel, le Dieu des armées, est son nom.	Car voici, celui qui forme les montagnes et crée le vent, qui révèle à l'homme sa pensée, qui fait de l'aurore les ténèbres, et qui foule les hauts lieux de la terre—l'Éternel, le Dieu des armées, est son nom.
Fr	027_DAN_011_004	wind	רוּחַ = wind here: esprit → vent	Et lorsqu'il se lèvera, son royaume sera brisé et divisé vers les quatre esprits des cieux, et non pour sa fin, ni selon sa domination qu'il a dominée, car son royaume sera arraché, et il sera pour d'autres, en dehors de ceux-là seuls.	Et lorsqu'il se lèvera, son royaume sera brisé et divisé vers les quatre vents des cieux, et non pour sa fin, ni selon sa domination qu'il a dominée, car son royaume sera arraché, et il sera pour d'autres, en dehors de ceux-là seuls.
Fr	021_ECC_001_006	wind	רוּחַ = wind here: esprit → vent	Il va vers le midi, et il tourne vers le nord ; tournant et tournant, il va, l'esprit, et sur ses alentours l'esprit revient.	Il va vers le midi, et il tourne vers le nord ; tournant et tournant, il va, le vent, et sur ses alentours le vent revient.
Fr	021_ECC_011_004	wind	רוּחַ = wind here: esprit → vent	Celui qui observe l'esprit ne sèmera pas, et celui qui regarde les nuées ne moissonnera pas.	Celui qui observe le vent ne sèmera pas, et celui qui regarde les nuées ne moissonnera pas.
Fr	002_EXO_010_013	wind	רוּחַ = wind here: esprit → vent (+ adjacent mistranslation fixed)	Moïse étendit sa tribu sur la terre d'Égypte, et l'Éternel fit souffler un esprit d'orient sur la terre tout ce jour-là et toute la nuit ; le matin vint, et l'esprit d'orient avait porté la sauterelle.	Moïse étendit sa verge sur la terre d'Égypte, et l'Éternel fit souffler un vent d'orient sur la terre tout ce jour-là et toute la nuit ; le matin vint, et le vent d'orient avait porté la sauterelle.
Fr	002_EXO_010_019	wind	רוּחַ = wind here: esprit → vent	L'Éternel fit souffler un esprit de mer très fort, et il emporta les sauterelles et les jeta dans la mer Rouge ; il ne resta pas une seule sauterelle dans toute la frontière de l'Égypte.	L'Éternel fit souffler un vent de mer très fort, et il emporta les sauterelles et les jeta dans la mer Rouge ; il ne resta pas une seule sauterelle dans toute la frontière de l'Égypte.
Fr	002_EXO_014_021	wind	רוּחַ = wind here: esprit → vent	Moïse étendit sa main sur la mer, et l'Éternel fit reculer la mer par un esprit d'orient fort toute la nuit, et il mit la mer en terre sèche, et les eaux se fendirent.	Moïse étendit sa main sur la mer, et l'Éternel fit reculer la mer par un vent d'orient fort toute la nuit, et il mit la mer en terre sèche, et les eaux se fendirent.
Fr	026_EZK_001_004	wind	רוּחַ = wind here: esprit → vent	Je regardai, et voici qu'un esprit de tempête venait du nord, une grande nuée et un feu qui se saisissait, avec une clarté autour de lui, et du milieu d'elle, comme l'œil de l'airain poli, du milieu du feu.	Je regardai, et voici qu'un vent de tempête venait du nord, une grande nuée et un feu qui se saisissait, avec une clarté autour de lui, et du milieu d'elle, comme l'œil de l'airain poli, du milieu du feu.
Fr	026_EZK_005_002	wind	רוּחַ = wind here: esprit → vent	Un tiers, tu le brûleras au feu au milieu de la ville, quand seront accomplis les jours du retranchement ; et tu prendras le tiers, tu le frapperas avec l'épée tout autour d'elle ; et le tiers, tu le disperseras à l'esprit, et je tirerai l'épée après eux.	Un tiers, tu le brûleras au feu au milieu de la ville, quand seront accomplis les jours du retranchement ; et tu prendras le tiers, tu le frapperas avec l'épée tout autour d'elle ; et le tiers, tu le disperseras au vent, et je tirerai l'épée après eux.
Fr	026_EZK_005_010	wind	רוּחַ = wind here: esprit → vent	C'est pourquoi les pères mangeront les fils au milieu de toi, et les fils mangeront leurs pères ; et j'exécuterai des jugements sur toi, et je disperserai tout ton reste à tout esprit.	C'est pourquoi les pères mangeront les fils au milieu de toi, et les fils mangeront leurs pères ; et j'exécuterai des jugements sur toi, et je disperserai tout ton reste à tout vent.
Fr	026_EZK_005_012	wind	רוּחַ = wind here: esprit → vent	Un tiers de toi mourra par la peste, et par la famine ils seront consumés au milieu de toi ; et un tiers tombera par l'épée à tes alentours ; et un tiers, je les disperserai à tout esprit, et je tirerai l'épée après eux.	Un tiers de toi mourra par la peste, et par la famine ils seront consumés au milieu de toi ; et un tiers tombera par l'épée à tes alentours ; et un tiers, je les disperserai à tout vent, et je tirerai l'épée après eux.
Fr	026_EZK_012_014	wind	רוּחַ = wind here: esprit → vent	Et tous ceux qui sont autour de lui pour son secours, et toutes ses troupes, je les disperserai à tout esprit, et je tirerai l'épée après eux.	Et tous ceux qui sont autour de lui pour son secours, et toutes ses troupes, je les disperserai à tout vent, et je tirerai l'épée après eux.
Fr	026_EZK_013_011	wind	רוּחַ = wind here: esprit → vent	Dis à ceux qui enduisent de plâtre sans préparation qu'il tombera ; il y aura une pluie torrentielle, et vous, pierres de grêle, vous tomberez, et un esprit de tempête le brisera.	Dis à ceux qui enduisent de plâtre sans préparation qu'il tombera ; il y aura une pluie torrentielle, et vous, pierres de grêle, vous tomberez, et un vent de tempête le brisera.
Fr	026_EZK_013_013	wind	רוּחַ = wind here: esprit → vent	C'est pourquoi ainsi parle le Seigneur, l'Éternel : Je ferai éclater un esprit de tempête dans ma fureur, et une pluie torrentielle sera dans ma colère, et des pierres de grêle dans une fureur pour l'anéantissement.	C'est pourquoi ainsi parle le Seigneur, l'Éternel : Je ferai éclater un vent de tempête dans ma fureur, et une pluie torrentielle sera dans ma colère, et des pierres de grêle dans une fureur pour l'anéantissement.
Fr	026_EZK_017_010	wind	רוּחַ = wind here: esprit → vent (+ adjacent mistranslation fixed)	Et voici, elle est plantée — réussira-t-elle ? Ne se desséchera-t-elle pas entièrement, quand l'esprit de l'orient la touchera ? Sur les plate-bandes de son germe, elle se desséchera.	Et voici, elle est plantée — réussira-t-elle ? Ne se desséchera-t-elle pas entièrement, quand le vent de l'orient la touchera ? Sur les plates-bandes de son germe, elle se desséchera.
Fr	026_EZK_019_012	wind	רוּחַ = wind here: esprit → vent (+ adjacent mistranslation fixed)	Arrachée avec fureur, jetée à terre, l'esprit de l'orient a desséché son fruit ; sa tribu de force s'est brisée et a séché, le feu l'a consumée.	Arrachée avec fureur, jetée à terre, le vent de l'orient a desséché son fruit ; sa branche forte s'est brisée et a séché, le feu l'a consumée.
Fr	026_EZK_027_026	wind	רוּחַ = wind here: esprit → vent	Par de nombreuses eaux t'ont fait venir ceux qui te conduisaient ; l'esprit de l'orient t'a brisée au cœur des mers.	Par de nombreuses eaux t'ont fait venir ceux qui te conduisaient ; le vent de l'orient t'a brisée au cœur des mers.
Fr	026_EZK_037_009	wind	רוּחַ = wind here: esprit → vent	Il me dit : Prophétise à l'esprit, prophétise, fils d'homme, et dis à l'esprit : Ainsi parle le Seigneur, l'Éternel : Viens des quatre esprits, ô esprit, et souffle sur ces tués, et ils vivront.	Il me dit : Prophétise au vent, prophétise, fils d'homme, et dis au vent : Ainsi parle le Seigneur, l'Éternel : Viens des quatre vents, souffle, et souffle sur ces tués, et qu'ils vivent.
Fr	026_EZK_042_016	wind	רוּחַ = wind here: esprit → vent	Il mesura l'esprit de l'orient avec le roseau de mesure, cinq coudées de roseau avec le roseau de mesure, tout alentour.	Il mesura le vent de l'orient avec le roseau de mesure, cinq coudées de roseau avec le roseau de mesure, tout alentour.
Fr	001_GEN_008_001	wind	רוּחַ = wind here: esprit → vent	Dieu se souvint de Noé, de tout ce qui vit et de tout le bétail qui était avec lui dans l'arche ; et Dieu fit passer un esprit sur la terre, et les eaux s'apaisèrent.	Dieu se souvint de Noé, de tout ce qui vit et de tout le bétail qui était avec lui dans l'arche ; et Dieu fit passer un vent sur la terre, et les eaux s'apaisèrent.
Fr	028_HOS_012_001	wind	רוּחַ = wind here: esprit → vent (+ adjacent mistranslation fixed)	Éphraïm paît l'esprit et poursuit l'orient, tout le jour il multiplie mensonge et dévastation ; ils font alliance avec l'Assyrie, et de l'huile est portée en Égypte.	Éphraïm paît le vent et poursuit le vent d'orient, tout le jour il multiplie mensonge et dévastation ; ils font alliance avec l'Assyrie, et de l'huile est portée en Égypte.
Fr	023_ISA_007_002	wind	רוּחַ = wind here: esprit → vent (+ adjacent mistranslation fixed)	On le rapporta à la maison de David, en disant : La Syrie s'est appuyée sur Éphraïm. Et son cœur et le cœur de son peuple furent ébranlés, comme les bois de la forêt sont ébranlés par la face de l'esprit.	On le rapporta à la maison de David, en disant : La Syrie s'est appuyée sur Éphraïm. Et son cœur et le cœur de son peuple furent ébranlés, comme les arbres de la forêt sont ébranlés par la face du vent.
Fr	023_ISA_017_013	wind	רוּחַ = wind here: esprit → vent	Les peuples rugiront comme le tumulte de grandes eaux ; il les réprimandera, et ils fuiront au lointain, chassés comme la balle des montagnes devant la face de l'esprit, et comme une roue devant la face de la tempête.	Les peuples rugiront comme le tumulte de grandes eaux ; il les réprimandera, et ils fuiront au lointain, chassés comme la balle des montagnes devant la face du vent, et comme une roue devant la face de la tempête.
Fr	023_ISA_027_008	wind	רוּחַ = wind here: esprit → vent (+ adjacent mistranslation fixed)	À pleine mesure, en la renvoyant, tu as plaidé contre elle ; il l'a chassée par son esprit violent, au jour de l'orient.	À pleine mesure, en la renvoyant, tu as plaidé contre elle ; il l'a chassée par son vent violent, au jour du vent d'orient.
Fr	023_ISA_032_002	wind	רוּחַ = wind here: esprit → vent	Un homme sera comme un refuge contre l'esprit, et un secret contre l'orage, comme des ruisseaux d'eaux dans un lieu aride, comme l'ombre d'un rocher pesant dans une terre épuisée.	Un homme sera comme un refuge contre le vent, et un secret contre l'orage, comme des ruisseaux d'eaux dans un lieu aride, comme l'ombre d'un rocher pesant dans une terre épuisée.
Fr	023_ISA_041_029	wind	רוּחַ = wind here: esprit → vent (+ adjacent mistranslation fixed)	Voici, ils sont tous iniquité, leurs œuvres sont des extrémités ; leurs libations sont esprit et néant.	Voici, ils sont tous iniquité, leurs œuvres sont néant ; leurs libations sont vent et néant.
Fr	023_ISA_057_013	wind	רוּחַ = wind here: esprit → vent	Quand tu crieras, ta foule te délivrera, mais un esprit les emportera tous, une vanité les enlèvera ; et celui qui se réfugie en moi héritera de la terre et possédera ma sainte montagne.	Quand tu crieras, ta foule te délivrera, mais un vent les emportera tous, une vanité les enlèvera ; et celui qui se réfugie en moi héritera de la terre et possédera ma sainte montagne.
Fr	023_ISA_064_006	wind	רוּחַ = wind here: esprit → vent	Nous sommes tous devenus comme un impur, et toutes nos justices sont comme un vêtement souillé ; nous nous flétrissons tous comme une feuille, et nos iniquités, comme l'esprit, nous emportent.	Nous sommes tous devenus comme un impur, et toutes nos justices sont comme un vêtement souillé ; nous nous flétrissons tous comme une feuille, et nos iniquités, comme le vent, nous emportent.
Fr	024_JER_004_011	wind	רוּחַ = wind here: esprit → vent	En ce temps-là, on dira à ce peuple et à Jérusalem : un esprit de hauteurs dans le désert, le chemin de la fille de mon peuple, non pour vanner et non pour purifier.	En ce temps-là, on dira à ce peuple et à Jérusalem : un vent de hauteurs dans le désert, le chemin de la fille de mon peuple, non pour vanner et non pour purifier.
Fr	024_JER_005_013	wind	רוּחַ = wind here: esprit → vent (+ adjacent mistranslation fixed)	Les prophètes seront comme un esprit, et le pâturage n'est pas en eux ; ainsi leur sera-t-il fait.	Les prophètes seront comme un vent, et la parole n'est pas en eux ; ainsi leur sera-t-il fait.
Fr	024_JER_018_017	wind	רוּחַ = wind here: esprit → vent	Comme un esprit d'orient je les disperserai devant la face de l'ennemi ; je leur montrerai le cou et non la face, au jour de leur calamité.	Comme un vent d'orient je les disperserai devant la face de l'ennemi ; je leur montrerai le cou et non la face, au jour de leur calamité.
Fr	024_JER_022_022	wind	רוּחַ = wind here: esprit → vent	Tous tes bergers, l'esprit les fera paître, et tes amants iront en captivité ; alors tu seras honteuse et confondue à cause de tout ton mal.	Tous tes bergers, le vent les fera paître, et tes amants iront en captivité ; alors tu seras honteuse et confondue à cause de tout ton mal.
Fr	024_JER_049_036	wind	רוּחַ = wind here: esprit → vent	Je ferai venir sur Élam les quatre esprits des quatre extrémités des cieux, et je les disperserai à tous ces esprits ; et il n'y aura pas de nation où ne parviennent les exilés d'Élam.	Je ferai venir sur Élam les quatre vents des quatre extrémités des cieux, et je les disperserai à tous ces vents ; et il n'y aura pas de nation où ne parviennent les exilés d'Élam.
Fr	024_JER_051_001	wind	רוּחַ = wind here: esprit → vent	Ainsi parle l'Éternel : Voici, je suscite contre Babylone et contre les habitants du cœur de ceux qui se lèvent contre moi un esprit destructeur.	Ainsi parle l'Éternel : Voici, je suscite contre Babylone et contre les habitants du cœur de ceux qui se lèvent contre moi un vent destructeur.
Fr	018_JOB_001_019	wind	רוּחַ = wind here: esprit → vent	Et voici qu'un grand esprit vint de l'au-delà du désert, et il frappa les quatre angles de la maison, et elle tomba sur les jeunes gens, et ils moururent ; et je me suis échappé, moi seul, pour te le dire.	Et voici qu'un grand vent vint de l'au-delà du désert, et il frappa les quatre angles de la maison, et elle tomba sur les jeunes gens, et ils moururent ; et je me suis échappé, moi seul, pour te le dire.
Fr	018_JOB_006_026	wind	רוּחַ = wind here: esprit → vent	Pensez-vous censurer des paroles, et livrer à l'esprit les paroles du désespéré ?	Pensez-vous censurer des paroles, et livrer au vent les paroles du désespéré ?
Fr	018_JOB_008_002	wind	רוּחַ = wind here: esprit → vent	Jusqu'à quand parleras-tu ces choses, et un esprit puissant sera les paroles de ta bouche ?	Jusqu'à quand parleras-tu ces choses, et un vent puissant sera les paroles de ta bouche ?
Fr	018_JOB_021_018	wind	רוּחַ = wind here: esprit → vent	Qu'ils soient comme la paille devant la face de l'esprit, et comme la balle que la tempête emporte.	Qu'ils soient comme la paille devant la face du vent, et comme la balle que la tempête emporte.
Fr	018_JOB_030_015	wind	רוּחַ = wind here: esprit → vent	Les terreurs se sont tournées contre moi ; elles poursuivent ma gloire comme un esprit, et mon salut a passé comme une nuée.	Les terreurs se sont tournées contre moi ; elles poursuivent ma gloire comme un vent, et mon salut a passé comme une nuée.
Fr	018_JOB_030_022	wind	רוּחַ = wind here: esprit → vent (+ adjacent mistranslation fixed)	Tu m'enlèves sur l'esprit, tu me fais chevaucher, et tu me dissous dans la sagesse.	Tu m'enlèves sur le vent, tu me fais chevaucher, et tu me dissous dans la tempête.
Fr	018_JOB_037_021	wind	רוּחַ = wind here: esprit → vent	Et maintenant ils ne voient pas la lumière, éclatante elle est dans les nuées, et un esprit a passé et les a purifiées.	Et maintenant ils ne voient pas la lumière, éclatante elle est dans les nuées, et un vent a passé et les a purifiées.
Fr	032_JON_001_004	wind	רוּחַ = wind here: esprit → vent	L'Éternel jeta un grand esprit sur la mer, et il y eut une grande tempête sur la mer, et le navire menaçait de se briser.	L'Éternel jeta un grand vent sur la mer, et il y eut une grande tempête sur la mer, et le navire menaçait de se briser.
Fr	032_JON_004_008	wind	רוּחַ = wind here: esprit → vent	Et il advint, comme le soleil se levait, que Dieu désigna un esprit d'orient brûlant ; et le soleil frappa sur la tête de Jonas, et il défaillit ; et il demanda pour son âme la mort, et dit : Mieux vaut ma mort que ma vie.	Et il advint, comme le soleil se levait, que Dieu désigna un vent d'orient brûlant ; et le soleil frappa sur la tête de Jonas, et il défaillit ; et il demanda pour son âme la mort, et dit : Mieux vaut ma mort que ma vie.
Fr	004_NUM_011_031	wind	רוּחַ = wind here: esprit → vent	Un esprit venant de l'Éternel se mit en marche, fit venir des cailles de la mer, et les laissa tomber sur le camp, à environ un chemin d'un jour d'un côté, et à environ un chemin d'un jour de l'autre côté, tout autour du camp, et à environ deux coudées au-dessus de la face de la terre.	Un vent venant de l'Éternel se mit en marche, fit venir des cailles de la mer, et les laissa tomber sur le camp, à environ un chemin d'un jour d'un côté, et à environ un chemin d'un jour de l'autre côté, tout autour du camp, et à environ deux coudées au-dessus de la face de la terre.
Fr	020_PRO_011_029	wind	רוּחַ = wind here: esprit → vent	Celui qui trouble sa maison héritera l'esprit, et le serviteur insensé sera au sage de cœur.	Celui qui trouble sa maison héritera le vent, et le serviteur insensé sera au sage de cœur.
Fr	020_PRO_025_023	wind	רוּחַ = wind here: esprit → vent	Un esprit du nord engendre la pluie, et des faces courroucées, une langue de secret.	Un vent du nord engendre la pluie, et des faces courroucées, une langue de secret.
Fr	020_PRO_030_004	wind	רוּחַ = wind here: esprit → vent	Qui est monté aux cieux et en est descendu ? Qui a recueilli l'esprit dans ses poignées ? Qui a serré les eaux dans un vêtement ? Qui a établi toutes les extrémités de la terre ? Quel est son nom, et quel est le nom de son fils, si tu le sais ?	Qui est monté aux cieux et en est descendu ? Qui a recueilli le vent dans ses poignées ? Qui a serré les eaux dans un vêtement ? Qui a établi toutes les extrémités de la terre ? Quel est son nom, et quel est le nom de son fils, si tu le sais ?
Fr	019_PSA_001_004	wind	רוּחַ = wind here: esprit → vent	Ainsi ne sont pas les méchants, mais ils sont comme la balle que l'esprit emporte.	Ainsi ne sont pas les méchants, mais ils sont comme la balle que le vent emporte.
Fr	019_PSA_018_010	wind	רוּחַ = wind here: esprit → vent	Il chevaucha un chérubin et vola, et il plana sur les ailes de l'esprit.	Il chevaucha un chérubin et vola, et il plana sur les ailes du vent.
Fr	019_PSA_018_042	wind	רוּחַ = wind here: esprit → vent (+ adjacent mistranslation fixed)	Je les broierai comme poussière sur la face de l'esprit, comme boue des dehors je les répandrai.	Je les broierai comme poussière sur la face du vent, comme boue des rues je les répandrai.
Fr	019_PSA_048_007	wind	רוּחַ = wind here: esprit → vent	Par un esprit d'orient, tu brises les navires de Tarsis.	Par un vent d'orient, tu brises les navires de Tarsis.
Fr	019_PSA_055_008	wind	רוּחַ = wind here: esprit → vent	Je hâterai mon refuge, loin de l'esprit impétueux, loin de la tempête.	Je hâterai mon refuge, loin du vent impétueux, loin de la tempête.
Fr	019_PSA_083_013	wind	רוּחַ = wind here: esprit → vent	Mon Dieu, fais d'eux comme une roue, comme du chaume devant la face de l'esprit.	Mon Dieu, fais d'eux comme une roue, comme du chaume devant la face du vent.
Fr	019_PSA_103_016	wind	רוּחַ = wind here: esprit → vent	Car un esprit passe sur lui, et il n'est plus ; et son lieu ne le reconnaît plus.	Car un vent passe sur lui, et il n'est plus ; et son lieu ne le reconnaît plus.
Fr	019_PSA_104_003	wind	רוּחַ = wind here: esprit → vent	Il couvre de ses chambres hautes les eaux, il fait des nuées son char, il marche sur les ailes de l'esprit.	Il couvre de ses chambres hautes les eaux, il fait des nuées son char, il marche sur les ailes du vent.
Fr	019_PSA_107_025	wind	רוּחַ = wind here: esprit → vent	Il parla, et il fit se lever un esprit de tempête, et ses monceaux s'élevèrent.	Il parla, et il fit se lever un vent de tempête, et ses monceaux s'élevèrent.
Fr	019_PSA_147_018	wind	רוּחַ = wind here: esprit → vent	Il envoie sa parole et les fait fondre ; il fait souffler son esprit, et les eaux coulent.	Il envoie sa parole et les fait fondre ; il fait souffler son vent, et les eaux coulent.
Fr	019_PSA_148_008	wind	רוּחַ = wind here: esprit → vent	Feu et grêle, neige et fumée, esprit de tempête qui exécute sa parole.	Feu et grêle, neige et fumée, vent de tempête qui exécute sa parole.
Fr	038_ZEC_002_006	wind	רוּחַ = wind here: esprit → vent	Malheur, malheur ! Fuyez de la terre du nord, déclaration de l'Éternel, car je vous ai dispersés comme les quatre esprits des cieux, déclaration de l'Éternel.	Malheur, malheur ! Fuyez de la terre du nord, déclaration de l'Éternel, car je vous ai dispersés comme les quatre vents des cieux, déclaration de l'Éternel.
Fr	038_ZEC_005_009	wind	רוּחַ = wind here: esprit → vent	Je levai les yeux et je vis, et voici deux femmes qui sortaient, avec un esprit dans leurs ailes ; elles avaient des ailes comme les ailes d'une cigogne, et elles soulevèrent l'épha entre la terre et les cieux.	Je levai les yeux et je vis, et voici deux femmes qui sortaient, avec un vent dans leurs ailes ; elles avaient des ailes comme les ailes d'une cigogne, et elles soulevèrent l'épha entre la terre et les cieux.
Fr	038_ZEC_006_005	wind	רוּחַ = wind here: esprit → vent	L'ange répondit et me dit : « Ce sont les quatre esprits des cieux, qui sortent de se tenir devant le Seigneur de toute la terre. »	L'ange répondit et me dit : « Ce sont les quatre vents des cieux, qui sortent de se tenir devant le Seigneur de toute la terre. »
Fr	002_EXO_025_014	stave	בַּד = stave; spurious «seul» forced by the old anchor	Tu introduiras les barres seules dans les anneaux, sur les côtés de l'arche, pour porter l'arche avec elles.	Tu introduiras les barres dans les anneaux, sur les côtés de l'arche, pour porter l'arche avec elles.
Fr	002_EXO_030_005	stave	בַּד = stave; spurious «seul» forced by the old anchor	Tu feras les barres seules en bois d'acacia, et tu les recouvriras d'or.	Tu feras les barres en bois d'acacia, et tu les recouvriras d'or.
Fr	002_EXO_037_028	stave	בַּד = stave; spurious «seul» forced by the old anchor	Il fit les barres seules en bois d'acacia, et il les recouvrit d'or.	Il fit les barres en bois d'acacia, et il les recouvrit d'or.
Fr	002_EXO_038_005	stave	בַּד = stave; spurious «seul» forced by the old anchor	Il fondit quatre anneaux aux quatre extrémités de la grille d'airain, comme maisons pour les seuls barres.	Il fondit quatre anneaux aux quatre extrémités de la grille d'airain, comme maisons pour les barres.
Fr	004_NUM_004_006	stave	בַּד = stave; spurious «seul» forced by the old anchor	On déposera sur elle une couverture de peau de dauphin, et on étendra par-dessus un vêtement tout de bleu, et on mettra ses barres seules.	On déposera sur elle une couverture de peau de dauphin, et on étendra par-dessus un vêtement tout de bleu, et on mettra ses barres.
Fr	004_NUM_004_008	stave	בַּד = stave; spurious «seul» forced by the old anchor	Ils étendront sur eux un vêtement de cramoisi, et le couvriront d'une couverture de peau de dauphin, et ils placeront ses seuls barres.	Ils étendront sur eux un vêtement de cramoisi, et le couvriront d'une couverture de peau de dauphin, et ils placeront ses barres.
Ko	039_MAL_003_001	messenger	MAL 3:1 «my messenger» = the human forerunner (Matt 11:10); aligned with En/Es/Pt/Ru/vi	보라, 내가 내 천사를 보내리니 그가 내 앞에서 길을 예비할 것이요, 너희가 구하는 주인이 갑자기 그의 성전에 오리니, 곧 너희가 기뻐하는 언약의 천사가 보라, 오리라, 만군의 여호와가 말하노라.	보라, 내가 내 사자를 보내리니 그가 내 앞에서 길을 예비할 것이요, 너희가 구하는 주인이 갑자기 그의 성전에 오리니, 곧 너희가 기뻐하는 언약의 사자가 보라, 오리라, 만군의 여호와가 말하노라.
Zh_Hant	039_MAL_003_001	messenger	MAL 3:1 «my messenger» = the human forerunner (Matt 11:10); aligned with En/Es/Pt/Ru/vi	看哪，我差遣天使，在我面前預備路；忽然，你們所尋求的主人要來到他的宮殿，就是你們所渴望的約的天使，萬軍的耶和華說：「看哪，祂來了。」	看哪，我差遣使者，在我面前預備路；忽然，你們所尋求的主人要來到他的宮殿，就是你們所渴望的約的使者，萬軍的耶和華說：「看哪，祂來了。」
Zh_Hans	039_MAL_003_001	messenger	MAL 3:1 «my messenger» = the human forerunner (Matt 11:10); aligned with En/Es/Pt/Ru/vi	看哪，我差遣天使，在我面前预备路；忽然，你们所寻求的主人要来到他的宫殿，就是你们所渴望的约的天使，万军的耶和华说：「看哪，祂来了。」	看哪，我差遣使者，在我面前预备路；忽然，你们所寻求的主人要来到他的宫殿，就是你们所渴望的约的使者，万军的耶和华说：「看哪，祂来了。」
Ja	039_MAL_003_001	messenger	MAL 3:1 «my messenger» = the human forerunner (Matt 11:10); aligned with En/Es/Pt/Ru/vi	見よ、わたしはわたしの御使いを遣わし、彼はわたしの前に道を整える。そして、あなたがたが求める主が、突然、その神殿に来られる。あなたがたが喜ぶ契約の御使いが、見よ、来る。と万軍の主は言われる。	見よ、わたしはわたしの使者を遣わし、彼はわたしの前に道を整える。そして、あなたがたが求める主が、突然、その神殿に来られる。あなたがたが喜ぶ契約の使者が、見よ、来る。と万軍の主は言われる。
Fr	039_MAL_003_001	messenger	MAL 3:1 «my messenger» = the human forerunner (Matt 11:10); aligned with En/Es/Pt/Ru/vi	Voici, j'envoie mon ange, et il préparera le chemin devant ma face ; et soudain viendra à son temple le Seigneur que vous cherchez, et l'ange de l'alliance que vous désirez : voici, il vient, dit l'Éternel des armées.	Voici, j'envoie mon messager, et il préparera le chemin devant ma face ; et soudain viendra à son temple le Seigneur que vous cherchez, et le messager de l'alliance que vous désirez : voici, il vient, dit l'Éternel des armées.
Ko	012_2KI_001_003	messenger	2KI 1:3: the king of Samaria's men are human messengers (the angel of the LORD stays)	여호와의 천사가 디셉 사람 엘리야에게 말씀하시되 일어나 올라가서 사마리아 왕의 천사들을 만나서 그들에게 말하라 이스라엘에 하나님이 없어서 너희가 에그론의 신 바알세붑에게 물으러 가느냐	여호와의 천사가 디셉 사람 엘리야에게 말씀하시되 일어나 올라가서 사마리아 왕의 사자들을 만나서 그들에게 말하라 이스라엘에 하나님이 없어서 너희가 에그론의 신 바알세붑에게 물으러 가느냐
Ja	012_2KI_001_003	messenger	2KI 1:3: the king of Samaria's men are human messengers (the angel of the LORD stays)	主の御使いがテシュビ人エリヤに言われた、「立って上り、サマリアの王の御使いたちに会いに行き、彼らに言え。『イスラエルに神がおられないからといって、あなたがたはエクロンの神バアル・ゼブブに伺いを立てに行くのか。』	主の御使いがテシュビ人エリヤに言われた、「立って上り、サマリアの王の使者たちに会いに行き、彼らに言え。『イスラエルに神がおられないからといって、あなたがたはエクロンの神バアル・ゼブブに伺いを立てに行くのか。』
Ru	012_2KI_001_003	messenger	מַלְאַךְ יְהוָה here is the genuine angel (Elijah narrative); edition form «Ангел Господень»	И посланник Господень сказал Илии Фесвитянину: встань, пойди навстречу посланникам царя Самарии и скажи им: разве нет Бога в Израиле, что вы идёте вопрошать Веельзевула, бога Екрона?	И Ангел Господень сказал Илии Фесвитянину: встань, пойди навстречу посланникам царя Самарии и скажи им: разве нет Бога в Израиле, что вы идёте вопрошать Веельзевула, бога Екрона?
