testament,strongs,default_rendering,occurrences,lsg_contains_default,agreement
OT,H5002,déclaration,376,0,0.000
NT,G749,grand prêtre,123,0,0.000
OT,H5982,pilier,112,0,0.000
OT,H8548,offrande continuelle,104,0,0.000
OT,H8002,sacrifice d'actions de grâces,87,0,0.000
OT,H4931,observance,78,0,0.000
OT,H2472,rêve,64,0,0.000
OT,H134,socle,57,0,0.000
OT,H4148,discipline,50,0,0.000
OT,H5038,carcasse,48,0,0.000
OT,H835,bienheureux,45,0,0.000
OT,H1767,suffisance,39,0,0.000
OT,H4393,contenu,38,0,0.000
OT,H6241,dixième d'épha,33,0,0.000
OT,H2876,garde du corps,32,0,0.000
OT,H8426,sacrifice d'actions de grâces,32,0,0.000
OT,H7848,bois d'acacia,28,0,0.000
OT,H361,porche,27,0,0.000
OT,H4161,provenance,27,0,0.000
OT,H7358,matrice,26,0,0.000
OT,H2146,mémorial,24,0,0.000
OT,H343,calamité,24,0,0.000
OT,H3489,piquet,24,0,0.000
NT,G290,vignoble,23,0,0.000
OT,H2195,indignation,22,0,0.000
OT,H3617,anéantissement,21,0,0.000
OT,H6307,Padan-Aram,21,0,0.000
OT,H6541,corne du pied,21,0,0.000
OT,H6591,interprétation,21,0,0.000
OT,H8561,palmier,20,0,0.000
NT,G4569,Saül,17,0,0.000
OT,H178,esprit évoqué,17,0,0.000
OT,H249,autochtone,17,0,0.000
OT,H4869,retraite forte,17,0,0.000
OT,H7549,firmament,17,0,0.000
OT,H795,Ashdod,17,0,0.000
NT,G2310,fondation,16,0,0.000
NT,G2584,Capharnaüm,16,0,0.000
OT,H2721,chaleur brûlante,16,0,0.000
OT,H3018,labeur,16,0,0.000
OT,H6956,Kohathites,15,0,0.000
NT,G5519,porc,14,0,0.000
OT,H1062,droit d'aînesse,14,0,0.000
OT,H4628,ouest,14,0,0.000
OT,H6118,à cause de,14,0,0.000
OT,H1354,bord,13,0,0.000
OT,H1420,majesté,13,0,0.000
OT,H4261,objet de désir,13,0,0.000
OT,H6496,préposé,13,0,0.000
OT,H7425,Remaliah,13,0,0.000
OT,H8316,brûlure,13,0,0.000
NT,G1067,enfer,12,0,0.000
NT,G1388,tromperie,12,0,0.000
NT,G4286,proposition,12,0,0.000
NT,G4710,diligence,12,0,0.000
OT,H2101,écoulement,12,0,0.000
OT,H2487,vêtement de rechange,12,0,0.000
OT,H2714,recherche,12,0,0.000
OT,H2742,traineau aigu,12,0,0.000
OT,H2874,massacre,12,0,0.000
NT,G3725,frontière,11,0,0.000
OT,H1496,pierre de taille,11,0,0.000
OT,H1625,cud,11,0,0.000
OT,H5200,Nethophathite,11,0,0.000
OT,H6603,gravure,11,0,0.000
OT,H7144,calvitie,11,0,0.000
OT,H7677,repos solennel,11,0,0.000
NT,G2844,partenaire,10,0,0.000
NT,G5266,sandale,10,0,0.000
OT,H6755,image,10,0,0.000
OT,H763,Aram-Naharaïm,10,0,0.000
NT,G2801,fragment,9,0,0.000
NT,G4749,robe,9,0,0.000
NT,G752,chef de synagogue,9,0,0.000
OT,H3591,javeline,9,0,0.000
OT,H4340,corde,9,0,0.000
NT,G1025,nourrisson,8,0,0.000
NT,G2066,vêtement,8,0,0.000
NT,G5236,excès,8,0,0.000
NT,G965,Bethléem,8,0,0.000
OT,H3158,Jizreélite,8,0,0.000
OT,H3535,agnelle,8,0,0.000
OT,H4241,subsistance,8,0,0.000
OT,H4303,mets délicats,8,0,0.000
OT,H4411,lieu de campement,8,0,0.000
OT,H4456,pluie tardive,8,0,0.000
OT,H4806,bêtes grasses,8,0,0.000
OT,H5459,peuple particulier,8,0,0.000
OT,H5627,rébellion,8,0,0.000
OT,H5957,éternité,8,0,0.000
OT,H6332,Pourim,8,0,0.000
OT,H6429,Philistie,8,0,0.000
OT,H7145,Korhites,8,0,0.000
OT,H7648,rassasiement,8,0,0.000
OT,H8322,sifflement,8,0,0.000
OT,H948,lin fin,8,0,0.000
NT,G3418,tombeau,7,0,0.000
NT,G3781,débiteur,7,0,0.000
NT,G819,déshonneur,7,0,0.000
OT,H2113,objet d'effroi,7,0,0.000
OT,H234,mémorial,7,0,0.000
OT,H4808,querelle,7,0,0.000
OT,H4923,désolation,7,0,0.000
OT,H5692,galette,7,0,0.000
OT,H6953,l'Ecclésiaste,7,0,0.000
OT,H7147,opposition,7,0,0.000
OT,H830,tas de fumier,7,0,0.000
OT,H8333,chaîne,7,0,0.000
OT,H8336,lin fin,7,0,0.000
OT,H8639,sommeil profond,7,0,0.000
NT,G2331,Thessalonien,6,0,0.000
NT,G2807,clé,6,0,0.000
NT,G3667,ressemblance,6,0,0.000
NT,G3677,rêve,6,0,0.000
NT,G4082,besace,6,0,0.000
NT,G4142,bateau,6,0,0.000
NT,G4163,faiseur,6,0,0.000
NT,G4348,pierre d'achoppement,6,0,0.000
OT,H1067,première-née,6,0,0.000
OT,H2189,objet d'effroi,6,0,0.000
OT,H2531,vigne délicieuse,6,0,0.000
OT,H2625,chenille,6,0,0.000
OT,H2750,ardeur,6,0,0.000
OT,H3127,jeune branche,6,0,0.000
OT,H3785,sorcellerie,6,0,0.000
OT,H4114,renversement,6,0,0.000
OT,H4610,montée d'Akrabbim,6,0,0.000
OT,H6728,bête du désert,6,0,0.000
OT,H6927,ancien état,6,0,0.000
OT,H7468,compagne,6,0,0.000
OT,H7654,satiété,6,0,0.000
OT,H7858,déluge,6,0,0.000
OT,H796,Ashdodites,6,0,0.000
NT,G1378,décret,5,0,0.000
NT,G4047,possession,5,0,0.000
NT,G425,relâche,5,0,0.000
OT,H1552,contrée,5,0,0.000
OT,H1843,connaissance,5,0,0.000
OT,H2027,massacre,5,0,0.000
OT,H2073,habitation,5,0,0.000
OT,H2465,durée de vie,5,0,0.000
OT,H2633,force,5,0,0.000
OT,H3159,Jizréélite,5,0,0.000
OT,H3215,hurlement,5,0,0.000
OT,H329,buisson d'épines,5,0,0.000
OT,H3675,compagnon,5,0,0.000
OT,H4488,maneh,5,0,0.000
OT,H5449,porteur,5,0,0.000
OT,H5675,au-delà,5,0,0.000
OT,H6069,d'Anathoth,5,0,0.000
OT,H6623,interprétation,5,0,0.000
OT,H667,petit d'oiseau,5,0,0.000
OT,H6826,revêtement,5,0,0.000
OT,H7698,petit du bétail,5,0,0.000
OT,H7747,Schuhite,5,0,0.000
OT,H8503,perfection,5,0,0.000
OT,H91,Agagite,5,0,0.000
NT,G211,albâtre,4,0,0.000
NT,G22,célibataire,4,0,0.000
NT,G2933,possession,4,0,0.000
NT,G2934,bête,4,0,0.000
NT,G3126,mammon,4,0,0.000
NT,G3610,domestique,4,0,0.000
NT,G4136,assurance,4,0,0.000
NT,G4505,ruelle,4,0,0.000
NT,G4769,pilier,4,0,0.000
NT,G4791,compagnon,4,0,0.000
NT,G5336,mangeoire,4,0,0.000
NT,G759,épice,4,0,0.000
NT,G974,petit rouleau,4,0,0.000
OT,H1561,fiente,4,0,0.000
OT,H174,bois d'aloès,4,0,0.000
OT,H1902,méditation,4,0,0.000
OT,H1996,Hamogog,4,0,0.000
OT,H2519,flatterie,4,0,0.000
OT,H2837,désir,4,0,0.000
OT,H2982,Jébus,4,0,0.000
OT,H3484,Jeschurun,4,0,0.000
OT,H3514,pesanteur,4,0,0.000
OT,H3864,Lubiens,4,0,0.000
OT,H4316,Micha,4,0,0.000
OT,H4419,marin,4,0,0.000
OT,H4524,contour,4,0,0.000
OT,H4846,fiel,4,0,0.000
OT,H4928,garde,4,0,0.000
OT,H5284,Naamathite,4,0,0.000
OT,H5442,fourré,4,0,0.000
OT,H5504,marchandise,4,0,0.000
OT,H5755,Ava,4,0,0.000
OT,H5939,ténèbres,4,0,0.000
OT,H5972,peuples,4,0,0.000
OT,H6090,chagrin,4,0,0.000
OT,H616,prisonnier,4,0,0.000
OT,H6170,plate-bande,4,0,0.000
OT,H6292,chose impure,4,0,0.000
OT,H6427,horreur,4,0,0.000
OT,H6621,soudainement,4,0,0.000
OT,H6734,franges,4,0,0.000
OT,H6978,mesure,4,0,0.000
OT,H7168,lambeau,4,0,0.000
OT,H7238,majesté,4,0,0.000
OT,H7239,dix mille,4,0,0.000
OT,H7320,Romamti-Ézer,4,0,0.000
OT,H7404,trafic,4,0,0.000
OT,H7445,chant de joie,4,0,0.000
OT,H7574,genévrier,4,0,0.000
OT,H7713,rangée,4,0,0.000
OT,H7791,mur,4,0,0.000
OT,H7802,Lis aux lis du témoignage,4,0,0.000
OT,H7843,destruction,4,0,0.000
OT,H7903,coucher,4,0,0.000
OT,H8424,tristesse,4,0,0.000
OT,H8513,peine,4,0,0.000
OT,H8622,retour de l'année,4,0,0.000
OT,H9,perte,4,0,0.000
OT,H92,faisceau,4,0,0.000
NT,G1446,hébreu,3,0,0.000
NT,G155,demande,3,0,0.000
NT,G2175,odeur agréable,3,0,0.000
NT,G2195,Zacchée,3,0,0.000
NT,G2742,chaleur brûlante,3,0,0.000
NT,G2824,région,3,0,0.000
NT,G2855,changeur d'argent,3,0,0.000
NT,G2953,Cypriote,3,0,0.000
NT,G2978,tempête,3,0,0.000
NT,G3108,béatitude,3,0,0.000
NT,G3175,grands hommes,3,0,0.000
NT,G3178,ivresse,3,0,0.000
NT,G3422,mémorial,3,0,0.000
NT,G3567,chambre nuptiale,3,0,0.000
NT,G3786,profit,3,0,0.000
NT,G4011,Perga,3,0,0.000
NT,G4144,voyage,3,0,0.000
NT,G4213,boisson,3,0,0.000
NT,G4475,gifle,3,0,0.000
NT,G4597,mite,3,0,0.000
NT,G4641,dureté de cœur,3,0,0.000
NT,G4700,cendres,3,0,0.000
NT,G4803,dispute,3,0,0.000
NT,G5058,bureau de péage,3,0,0.000
NT,G5161,Trophimus,3,0,0.000
NT,G5331,sorcellerie,3,0,0.000
NT,G5441,gardien,3,0,0.000
OT,H1308,Bésor,3,0,0.000
OT,H18,mangeoire,3,0,0.000
OT,H180,rivière,3,0,0.000
OT,H1827,silence,3,0,0.000
OT,H2676,minuit,3,0,0.000
OT,H2791,vallée des artisans,3,0,0.000
OT,H2903,frontlet,3,0,0.000
OT,H3138,pluie de la première saison,3,0,0.000
OT,H344,milane,3,0,0.000
OT,H3530,petite distance,3,0,0.000
OT,H358,Élon-Beth-Hanan,3,0,0.000
OT,H3649,prêtres idolâtres,3,0,0.000
OT,H3659,Jéconia,3,0,0.000
OT,H3834,galette,3,0,0.000
OT,H4090,discorde,3,0,0.000
OT,H4121,Maharai,3,0,0.000
OT,H4173,traîneau à dépiquer,3,0,0.000
OT,H418,bois d'algummim,3,0,0.000
OT,H4274,pierre de taille,3,0,0.000
OT,H4330,pressage,3,0,0.000
OT,H4351,patrie,3,0,0.000
OT,H4396,chaton,3,0,0.000
OT,H4509,Miniamin,3,0,0.000
OT,H484,bois d'almug,3,0,0.000
OT,H4875,désolation,3,0,0.000
OT,H4894,lieu où l'on étend,3,0,0.000
OT,H4915,domination,3,0,0.000
OT,H5108,fruit,3,0,0.000
OT,H5241,Nemuël,3,0,0.000
OT,H5357,crevasse,3,0,0.000
OT,H5505,marchandise,3,0,0.000
OT,H5563,grappe naissante,3,0,0.000
OT,H5807,force,3,0,0.000
OT,H6306,rançon,3,0,0.000
OT,H6352,charbons,3,0,0.000
OT,H6508,parc,3,0,0.000
OT,H6761,boiterie,3,0,0.000
OT,H6882,Tsoréen,3,0,0.000
OT,H7071,Kanah,3,0,0.000
OT,H7083,encrier,3,0,0.000
OT,H7294,Rahab,3,0,0.000
OT,H7908,perte d'enfants,3,0,0.000
OT,H7964,présent de mariage,3,0,0.000
OT,H8140,an,3,0,0.000
OT,H8157,fente,3,0,0.000
OT,H8563,amertume,3,0,0.000
NT,G1040,lin fin,2,0,0.000
NT,G115,abrogation,2,0,0.000
NT,G1158,Daniel,2,0,0.000
NT,G1296,ordonnance,2,0,0.000
NT,G1462,accusation,2,0,0.000
NT,G1545,issue,2,0,0.000
NT,G1771,intention,2,0,0.000
NT,G1780,ensevelissement,2,0,0.000
NT,G1783,intercession,2,0,0.000
NT,G1997,rassemblement,2,0,0.000
NT,G2096,Ève,2,0,0.000
NT,G2120,opportunité,2,0,0.000
NT,G2133,bienveillance,2,0,0.000
NT,G2415,habitant de Jérusalem,2,0,0.000
NT,G257,aire de battage,2,0,0.000
NT,G2581,Cananéen,2,0,0.000
NT,G2589,connaisseur des cœurs,2,0,0.000
NT,G2692,renversement,2,0,0.000
NT,G2757,vain bavardage,2,0,0.000
NT,G2762,petit trait,2,0,0.000
NT,G2790,joueur de cithare,2,0,0.000
NT,G2826,petit lit,2,0,0.000
NT,G2918,lys,2,0,0.000
NT,G3012,serviette,2,0,0.000
NT,G3158,Mathat,2,0,0.000
NT,G3311,division,2,0,0.000
NT,G336,mort,2,0,0.000
NT,G3388,matrice,2,0,0.000
NT,G3601,douleur,2,0,0.000
NT,G3602,lamentation,2,0,0.000
NT,G3613,habitation,2,0,0.000
NT,G3615,membres de la maisonnée,2,0,0.000
NT,G3630,buveur de vin,2,0,0.000
NT,G3692,caverne,2,0,0.000
NT,G3776,biens,2,0,0.000
NT,G3787,service des yeux,2,0,0.000
NT,G3810,instructeur,2,0,0.000
NT,G3989,haute mer,2,0,0.000
NT,G4157,souffle,2,0,0.000
NT,G4173,magistrat de la ville,2,0,0.000
NT,G4174,citoyenneté,2,0,0.000
NT,G4197,voyage,2,0,0.000
NT,G4237,rangs,2,0,0.000
NT,G4574,objet de culte,2,0,0.000
NT,G465,échange,2,0,0.000
NT,G468,récompense,2,0,0.000
NT,G489,récompense,2,0,0.000
NT,G4979,petite corde,2,0,0.000
NT,G5016,trouble,2,0,0.000
NT,G5017,tumulte,2,0,0.000
NT,G5102,titre,2,0,0.000
NT,G5304,manque,2,0,0.000
NT,G5428,prudence,2,0,0.000
NT,G5454,terrier,2,0,0.000
NT,G5462,lumière,2,0,0.000
NT,G56,ignorance,2,0,0.000
NT,G594,acceptation,2,0,0.000
NT,G595,mise de côté,2,0,0.000
NT,G603,attente fervente,2,0,0.000
NT,G834,joueur de flûte,2,0,0.000
OT,H1023,lieu éloigné,2,0,0.000
OT,H1051,Beth-Rapha,2,0,0.000
OT,H1063,premice,2,0,0.000
OT,H1125,Ben-Abinadab,2,0,0.000
OT,H1127,Ben-Guéber,2,0,0.000
OT,H1128,Ben-Deker,2,0,0.000
OT,H1133,Ben-Hur,2,0,0.000
OT,H1136,Ben-Hésed,2,0,0.000
OT,H1143,champion,2,0,0.000
OT,H1150,Binéa,2,0,0.000
OT,H1192,Baalath-Beér,2,0,0.000
OT,H1365,hauteur,2,0,0.000
OT,H1382,Giblites,2,0,0.000
OT,H1469,oisillon,2,0,0.000
OT,H1506,parties,2,0,0.000
OT,H1643,grain broyé,2,0,0.000
OT,H1781,juge,2,0,0.000
OT,H1883,jeune herbe,2,0,0.000
OT,H1974,fête,2,0,0.000
OT,H2096,éclat,2,0,0.000
OT,H2379,vision,2,0,0.000
OT,H2481,ornement,2,0,0.000
OT,H2493,rêve,2,0,0.000
OT,H2578,Hamath-Tsoba,2,0,0.000
OT,H2639,pauvreté,2,0,0.000
OT,H2684,sein,2,0,0.000
OT,H2747,stylet,2,0,0.000
OT,H2842,menue paille,2,0,0.000
OT,H2993,frère du mari,2,0,0.000
OT,H3006,terre sèche,2,0,0.000
OT,H3071,Éternel-ma-bannière,2,0,0.000
OT,H3121,bourbier,2,0,0.000
OT,H3314,splendeur,2,0,0.000
OT,H3424,se rendre maître,2,0,0.000
OT,H3613,Caleb-Éphrata,2,0,0.000
OT,H3620,Kélub,2,0,0.000
OT,H3631,consommation,2,0,0.000
OT,H3674,compagnon,2,0,0.000
OT,H3704,coussin,2,0,0.000
OT,H3808,non,2,0,0.000
OT,H3880,ornement,2,0,0.000
OT,H3951,glanage,2,0,0.000
OT,H3954,dernière pousse,2,0,0.000
OT,H3955,moiteur,2,0,0.000
OT,H3980,combustible,2,0,0.000
OT,H3983,parole,2,0,0.000
OT,H3998,perplexité,2,0,0.000
OT,H4034,crainte,2,0,0.000
OT,H4063,vêtement,2,0,0.000
OT,H4168,foyer,2,0,0.000
OT,H4179,Moriah,2,0,0.000
OT,H4220,agneau gras,2,0,0.000
OT,H4251,maladie,2,0,0.000
OT,H4254,vêtements de rechange,2,0,0.000
OT,H4281,houe,2,0,0.000
OT,H439,Allon-Bacuth,2,0,0.000
OT,H4463,mort,2,0,0.000
OT,H4464,enfant illégitime,2,0,0.000
OT,H4469,vin mixt,2,0,0.000
OT,H4499,fuite,2,0,0.000
OT,H4551,javeline,2,0,0.000
OT,H4580,gâteau,2,0,0.000
OT,H4668,clef,2,0,0.000
OT,H4669,ouverture,2,0,0.000
OT,H4707,tour de guet,2,0,0.000
OT,H4738,divination,2,0,0.000
OT,H4747,chambre fraîche,2,0,0.000
OT,H4765,tenture,2,0,0.000
OT,H4769,gîte,2,0,0.000
OT,H4841,pot d'onguent,2,0,0.000
OT,H4893,défiguration,2,0,0.000
OT,H4895,haine,2,0,0.000
OT,H4951,gouvernement,2,0,0.000
OT,H5188,pendants d'oreilles,2,0,0.000
OT,H5268,Nisroch,2,0,0.000
OT,H5363,secousse,2,0,0.000
OT,H5491,fin,2,0,0.000
OT,H5558,perversité,2,0,0.000
OT,H5562,Samgar-Nebo,2,0,0.000
OT,H5574,Senuah,2,0,0.000
OT,H5673,service,2,0,0.000
OT,H5704,jusqu'à,2,0,0.000
OT,H5759,jeune enfant,2,0,0.000
OT,H5764,nourrisson,2,0,0.000
OT,H6066,châtiment,2,0,0.000
OT,H6112,Eznite,2,0,0.000
OT,H6164,d'Araba,2,0,0.000
OT,H6289,noirceur,2,0,0.000
OT,H6489,Pekod,2,0,0.000
OT,H6513,Phurah,2,0,0.000
OT,H6599,décret,2,0,0.000
OT,H6610,ouverture,2,0,0.000
OT,H6625,Pathrusim,2,0,0.000
OT,H6655,côté,2,0,0.000
OT,H6660,embûche,2,0,0.000
OT,H6724,lieu aride,2,0,0.000
OT,H6794,conduit,2,0,0.000
OT,H6832,fiente,2,0,0.000
OT,H685,chaîne,2,0,0.000
OT,H7057,ortie,2,0,0.000
OT,H7166,cheville,2,0,0.000
OT,H7299,forme,2,0,0.000
OT,H7383,grain moulu,2,0,0.000
OT,H7524,massacre,2,0,0.000
OT,H7545,onguent,2,0,0.000
OT,H7572,chaîne,2,0,0.000
OT,H760,Aram-Tsoba,2,0,0.000
OT,H7610,Schéar-Jaschub,2,0,0.000
OT,H7670,brisement,2,0,0.000
OT,H7692,Shiggaïon,2,0,0.000
OT,H7754,rameau,2,0,0.000
OT,H8107,veille,2,0,0.000
OT,H8162,étoffe mélangée,2,0,0.000
OT,H829,morceau de viande,2,0,0.000
OT,H8310,Sarsechim,2,0,0.000
OT,H8350,vermillon,2,0,0.000
OT,H8382,jumeaux,2,0,0.000
OT,H8541,stupéfaction,2,0,0.000
OT,H8569,prétexte,2,0,0.000
OT,H891,raisins sauvages,2,0,0.000
OT,H940,Buzite,2,0,0.000
NT,G100,abondance,1,0,0.000
NT,G1002,dart,1,0,0.000
NT,G1004,boue,1,0,0.000
NT,G1022,lenteur,1,0,0.000
NT,G1044,gangrène,1,0,0.000
NT,G1087,sénat,1,0,0.000
NT,G1088,vieillard,1,0,0.000
NT,G1105,ténèbres,1,0,0.000
NT,G1109,expert,1,0,0.000
NT,G1113,murmureur,1,0,0.000
NT,G1133,femmelette,1,0,0.000
NT,G1151,génisse,1,0,0.000
NT,G1160,coût,1,0,0.000
NT,G1197,botte,1,0,0.000
NT,G1292,espace,1,0,0.000
NT,G1297,ordonnance,1,0,0.000
NT,G1341,jugement juste,1,0,0.000
NT,G135,énigme,1,0,0.000
NT,G1359,Castor et Pollux,1,0,0.000
NT,G1395,donateur,1,0,0.000
NT,G1426,mauvaise réputation,1,0,0.000
NT,G1475,sol,1,0,0.000
NT,G1477,fondement,1,0,0.000
NT,G148,grossièreté,1,0,0.000
NT,G1481,ethnarque,1,0,0.000
NT,G1493,temple d'idole,1,0,0.000
NT,G151,obscénité,1,0,0.000
NT,G1546,jet,1,0,0.000
NT,G16,bienfaisance,1,0,0.000
NT,G1604,accomplissement,1,0,0.000
NT,G1616,ferveur,1,0,0.000
NT,G1649,réprimande,1,0,0.000
NT,G1671,Grèce,1,0,0.000
NT,G1695,Emmaüs,1,0,0.000
NT,G1730,preuve manifeste,1,0,0.000
NT,G1739,construction,1,0,0.000
NT,G1745,mise,1,0,0.000
NT,G1747,embuscade,1,0,0.000
NT,G1798,rêve,1,0,0.000
NT,G1829,vomissement,1,0,0.000
NT,G1882,correction,1,0,0.000
NT,G1886,habitation,1,0,0.000
NT,G1903,vêtement de pêcheur,1,0,0.000
NT,G1947,aide,1,0,0.000
NT,G195,exactitude,1,0,0.000
NT,G1953,oubli,1,0,0.000
NT,G1974,grand désir,1,0,0.000
NT,G201,lieu d'audience,1,0,0.000
NT,G2030,témoin oculaire,1,0,0.000
NT,G2031,mot,1,0,0.000
NT,G2103,Eubule,1,0,0.000
NT,G2105,beau temps,1,0,0.000
NT,G2118,droiture,1,0,0.000
NT,G2142,richesse,1,0,0.000
NT,G2157,bienséance,1,0,0.000
NT,G2162,"Understood. I will return the French rendering of the Greek lemma εὐφημία.

bonne réputation",1,0,0.000
NT,G2179,d'Éphèse,1,0,0.000
NT,G2182,inventeur,1,0,0.000
NT,G2202,lien,1,0,0.000
NT,G2317,piété,1,0,0.000
NT,G2353,bétail,1,0,0.000
NT,G2361,grosse goutte,1,0,0.000
NT,G2369,autel des parfums,1,0,0.000
NT,G2403,Jézabel,1,0,0.000
NT,G2426,suffisance,1,0,0.000
NT,G2432,gaieté,1,0,0.000
NT,G244,s'ingérant dans les affaires d'autrui,1,0,0.000
NT,G2466,Issachar,1,0,0.000
NT,G251,sel,1,0,0.000
NT,G259,capture,1,0,0.000
NT,G2604,prédicateur,1,0,0.000
NT,G2688,comportement,1,0,0.000
NT,G2689,vêtement,1,0,0.000
NT,G2726,abattement,1,0,0.000
NT,G2731,habitation,1,0,0.000
NT,G2733,habitation,1,0,0.000
NT,G2735,action méritoire,1,0,0.000
NT,G2740,brûlure,1,0,0.000
NT,G2750,bandelettes funéraires,1,0,0.000
NT,G2766,tuile,1,0,0.000
NT,G2773,changeur d'argent,1,0,0.000
NT,G2792,cannelle,1,0,0.000
NT,G2811,renommée,1,0,0.000
NT,G2850,flatterie,1,0,0.000
NT,G2854,pommade pour les yeux,1,0,0.000
NT,G2858,Colossien,1,0,0.000
NT,G287,récompense,1,0,0.000
NT,G2870,lamentation,1,0,0.000
NT,G2897,excès du manger et du boire,1,0,0.000
NT,G2935,possesseur,1,0,0.000
NT,G2941,gouvernement,1,0,0.000
NT,G2946,roulement,1,0,0.000
NT,G296,carrefour,1,0,0.000
NT,G2995,gorge,1,0,0.000
NT,G3002,Lebbée,1,0,0.000
NT,G3028,réception,1,0,0.000
NT,G3055,querelle de mots,1,0,0.000
NT,G3080,libération,1,0,0.000
NT,G3090,Lois,1,0,0.000
NT,G31,message,1,0,0.000
NT,G311,délai,1,0,0.000
NT,G3111,marché aux viandes,1,0,0.000
NT,G3125,grand-mère,1,0,0.000
NT,G3130,folie,1,0,0.000
NT,G3150,vain bavardage,1,0,0.000
NT,G3181,frontière,1,0,0.000
NT,G323,annonce,1,0,0.000
NT,G3312,partageur,1,0,0.000
NT,G3320,mur mitoyen,1,0,0.000
NT,G3336,prise,1,0,0.000
NT,G3352,participation,1,0,0.000
NT,G3374,peau de mouton,1,0,0.000
NT,G3389,meurtrier de sa mère,1,0,0.000
NT,G3390,métropole,1,0,0.000
NT,G3394,souillure,1,0,0.000
NT,G3400,mile,1,0,0.000
NT,G3410,maison louée,1,0,0.000
NT,G3412,Mitylène,1,0,0.000
NT,G3420,mémoire,1,0,0.000
NT,G3437,plainte,1,0,0.000
NT,G3452,moelle,1,0,0.000
NT,G3470,tache,1,0,0.000
NT,G3473,parler insensé,1,0,0.000
NT,G3490,propriétaire de navire,1,0,0.000
NT,G3502,poussin,1,0,0.000
NT,G3509,nuage,1,0,0.000
NT,G351,examen,1,0,0.000
NT,G3511,adorateur,1,0,0.000
NT,G354,enlèvement,1,0,0.000
NT,G356,proportion,1,0,0.000
NT,G3574,nuit et jour,1,0,0.000
NT,G3632,excès de vin,1,0,0.000
NT,G3647,guérison entière,1,0,0.000
NT,G3655,averse,1,0,0.000
NT,G3658,foule,1,0,0.000
NT,G3734,limite,1,0,0.000
NT,G3821,vieillesse,1,0,0.000
NT,G3823,lutte,1,0,0.000
NT,G3830,hôtelier,1,0,0.000
NT,G3831,assemblée générale,1,0,0.000
NT,G3835,rusé,1,0,0.000
NT,G3889,consolation,1,0,0.000
NT,G3915,hivernage,1,0,0.000
NT,G3929,remise,1,0,0.000
NT,G3938,passage,1,0,0.000
NT,G3993,pauvre,1,0,0.000
NT,G403,rafraîchissement,1,0,0.000
NT,G405,voleur d'hommes,1,0,0.000
NT,G4093,tablette à écrire,1,0,0.000
NT,G4110,vase d'argile,1,0,0.000
NT,G4162,action,1,0,0.000
NT,G4211,vendeuse de pourpre,1,0,0.000
NT,G4224,excès du boire,1,0,0.000
NT,G4247,vieille femme,1,0,0.000
NT,G4287,temps fixé,1,0,0.000
NT,G4299,préjugé,1,0,0.000
NT,G4344,oreiller,1,0,0.000
NT,G4346,partialité,1,0,0.000
NT,G4349,offense,1,0,0.000
NT,G4371,à manger,1,0,0.000
NT,G4415,droit d'aînesse,1,0,0.000
NT,G4423,crainte,1,0,0.000
NT,G4427,crachat,1,0,0.000
NT,G4436,divination,1,0,0.000
NT,G4467,méchante action,1,0,0.000
NT,G4493,clin d'œil,1,0,0.000
NT,G4509,saleté,1,0,0.000
NT,G457,ouverture,1,0,0.000
NT,G4577,chaîne,1,0,0.000
NT,G4585,farine fine,1,0,0.000
NT,G4607,meurtrier,1,0,0.000
NT,G4608,boisson forte,1,0,0.000
NT,G4620,portion de nourriture,1,0,0.000
NT,G4661,butin,1,0,0.000
NT,G4668,Smyrnéen,1,0,0.000
NT,G4759,capitaine de la garde,1,0,0.000
NT,G477,opposition,1,0,0.000
NT,G4783,accord,1,0,0.000
NT,G4827,condisciple,1,0,0.000
NT,G484,aide,1,0,0.000
NT,G4850,co-presbytre,1,0,0.000
NT,G4857,concorde,1,0,0.000
NT,G4890,concourse,1,0,0.000
NT,G491,Antiochien,1,0,0.000
NT,G4915,contemporain,1,0,0.000
NT,G4945,conspiration,1,0,0.000
NT,G4949,Syrophénicienne,1,0,0.000
NT,G4950,sables mouvants,1,0,0.000
NT,G4955,complice d'insurrection,1,0,0.000
NT,G4995,esprit sain,1,0,0.000
NT,G5001,ordre,1,0,0.000
NT,G5039,preuve certaine,1,0,0.000
NT,G5042,enfantement,1,0,0.000
NT,G5109,mur,1,0,0.000
NT,G5133,changeur,1,0,0.000
NT,G5164,course,1,0,0.000
NT,G5175,Trogyllium,1,0,0.000
NT,G5192,jacinthe,1,0,0.000
NT,G5276,cuve,1,0,0.000
NT,G5289,recul,1,0,0.000
NT,G5334,nouvelles,1,0,0.000
NT,G535,achèvement,1,0,0.000
NT,G5365,amour de l'argent,1,0,0.000
NT,G5379,querelle,1,0,0.000
NT,G5414,chargement,1,0,0.000
NT,G5451,plantation,1,0,0.000
NT,G5473,vase d'airain,1,0,0.000
NT,G5481,empreinte exacte,1,0,0.000
NT,G5497,conducteur par la main,1,0,0.000
NT,G5527,subsistance,1,0,0.000
NT,G5538,réponse de Dieu,1,0,0.000
NT,G5542,flatterie,1,0,0.000
NT,G5588,murmureur,1,0,0.000
NT,G640,angoisse,1,0,0.000
NT,G666,absence,1,0,0.000
NT,G699,plaire,1,0,0.000
NT,G719,joint,1,0,0.000
NT,G736,grand-voile,1,0,0.000
NT,G74,agonie,1,0,0.000
NT,G774,Asiatique,1,0,0.000
NT,G776,abstinence,1,0,0.000
NT,G827,aube,1,0,0.000
NT,G854,disparition,1,0,0.000
NT,G876,écume,1,0,0.000
NT,G90,incorruptibilité,1,0,0.000
NT,G904,Balac,1,0,0.000
NT,G919,Barjésus,1,0,0.000
NT,G981,manière de vie,1,0,0.000
NT,G990,vue,1,0,0.000
OT,H1001,palais,1,0,0.000
OT,H1006,Baïth,1,0,0.000
OT,H1073,premices,1,0,0.000
OT,H1154,raisin vert,1,0,0.000
OT,H12,destruction,1,0,0.000
OT,H1236,plaine,1,0,0.000
OT,H1243,recherche,1,0,0.000
OT,H1244,châtiment,1,0,0.000
OT,H1249,pur,1,0,0.000
OT,H1273,Barhumite,1,0,0.000
OT,H1276,Bérithiens,1,0,0.000
OT,H1278,chose nouvelle,1,0,0.000
OT,H13,perte,1,0,0.000
OT,H1307,Berothite,1,0,0.000
OT,H1352,souillure,1,0,0.000
OT,H1422,outrage,1,0,0.000
OT,H1451,Guédérite,1,0,0.000
OT,H1452,Guédérathite,1,0,0.000
OT,H1493,Guizonite,1,0,0.000
OT,H1564,embryon,1,0,0.000
OT,H157,amour,1,0,0.000
OT,H1575,Gammadim,1,0,0.000
OT,H1604,dégoût,1,0,0.000
OT,H1620,baie,1,0,0.000
OT,H1671,tristesse,1,0,0.000
OT,H1748,silence,1,0,0.000
OT,H1786,dai,1,0,0.000
OT,H1788,pygargue,1,0,0.000
OT,H1795,testicules écrasés,1,0,0.000
OT,H1796,vague,1,0,0.000
OT,H1825,ressemblance,1,0,0.000
OT,H1848,calomnie,1,0,0.000
OT,H1858,blanc,1,0,0.000
OT,H1890,offrande,1,0,0.000
OT,H19,pointe,1,0,0.000
OT,H1900,méditation,1,0,0.000
OT,H1906,retentissement,1,0,0.000
OT,H1923,majesté,1,0,0.000
OT,H1925,partie la plus belle,1,0,0.000
OT,H1997,Hamonah,1,0,0.000
OT,H2010,relâche,1,0,0.000
OT,H2014,intermission,1,0,0.000
OT,H2018,renversement,1,0,0.000
OT,H2035,ruine,1,0,0.000
OT,H2041,ruine,1,0,0.000
OT,H2045,annonce,1,0,0.000
OT,H2046,fusion,1,0,0.000
OT,H2129,Ziphah,1,0,0.000
OT,H2159,rameau,1,0,0.000
OT,H2162,machination,1,0,0.000
OT,H2169,chamois,1,0,0.000
OT,H2234,semence,1,0,0.000
OT,H2253,retraite,1,0,0.000
OT,H2257,dommage,1,0,0.000
OT,H2271,compagnons,1,0,0.000
OT,H2274,compagnie,1,0,0.000
OT,H2283,terreur,1,0,0.000
OT,H2337,fourré,1,0,0.000
OT,H2378,vision,1,0,0.000
OT,H2405,sculptures,1,0,0.000
OT,H2423,bête,1,0,0.000
OT,H2424,vie,1,0,0.000
OT,H2434,mur,1,0,0.000
OT,H2448,rougeur,1,0,0.000
OT,H2495,blanc d'œuf,1,0,0.000
OT,H2515,division,1,0,0.000
OT,H2528,fureur,1,0,0.000
OT,H255,créature des déserts,1,0,0.000
OT,H2561,vin rouge,1,0,0.000
OT,H2581,Hén,1,0,0.000
OT,H2590,embaumement,1,0,0.000
OT,H2593,serviteur entraîné,1,0,0.000
OT,H2594,faveur,1,0,0.000
OT,H262,déclaration,1,0,0.000
OT,H2668,liberté,1,0,0.000
OT,H2699,Hatséroth,1,0,0.000
OT,H2746,ardeur brûlante,1,0,0.000
OT,H2788,lieu aride,1,0,0.000
OT,H2798,Charashim,1,0,0.000
OT,H2858,sceau,1,0,0.000
OT,H2861,mariage,1,0,0.000
OT,H2913,mouture,1,0,0.000
OT,H2915,crépi,1,0,0.000
OT,H2925,captivité,1,0,0.000
OT,H2939,goût,1,0,0.000
OT,H298,Ahiramites,1,0,0.000
OT,H3022,labeur,1,0,0.000
OT,H3039,chant d'amour,1,0,0.000
OT,H3126,jeune pousse,1,0,0.000
OT,H3139,Jorah,1,0,0.000
OT,H3188,généalogie,1,0,0.000
OT,H3200,Jachinites,1,0,0.000
OT,H3222,mulet,1,0,0.000
OT,H3242,jeune rameau,1,0,0.000
OT,H3246,départ,1,0,0.000
OT,H3248,fondement,1,0,0.000
OT,H330,fil d'Égypte,1,0,0.000
OT,H3333,fonte,1,0,0.000
OT,H3346,embrasement,1,0,0.000
OT,H3368,précieuse,1,0,0.000
OT,H3387,verdure,1,0,0.000
OT,H3559,préparation,1,0,0.000
OT,H3574,chaîne,1,0,0.000
OT,H3593,combat,1,0,0.000
OT,H3594,Kiyoun,1,0,0.000
OT,H3615,fin,1,0,0.000
OT,H3623,fiançailles,1,0,0.000
OT,H3650,phénomènes noirs,1,0,0.000
OT,H3666,marchandise,1,0,0.000
OT,H3684,fou,1,0,0.000
OT,H3738,fosse,1,0,0.000
OT,H3740,festin,1,0,0.000
OT,H3776,agnelle,1,0,0.000
OT,H3789,écrit,1,0,0.000
OT,H3793,tatouage,1,0,0.000
OT,H3822,Lébaoth,1,0,0.000
OT,H3883,escalier en colimaçon,1,0,0.000
OT,H3947,prise,1,0,0.000
OT,H3963,lethek,1,0,0.000
OT,H3989,cuisson au four,1,0,0.000
OT,H4003,vide,1,0,0.000
OT,H4010,consolation,1,0,0.000
OT,H4011,structure,1,0,0.000
OT,H4018,lieu de cuisson,1,0,0.000
OT,H4020,extrémité,1,0,0.000
OT,H4065,exil,1,0,0.000
OT,H4094,percement,1,0,0.000
OT,H4096,largeur,1,0,0.000
OT,H4098,aire de battage,1,0,0.000
OT,H4208,constellations,1,0,0.000
OT,H4218,semence,1,0,0.000
OT,H4221,moelle,1,0,0.000
OT,H4231,havre,1,0,0.000
OT,H4263,objet de pitié,1,0,0.000
OT,H4267,étouffement,1,0,0.000
OT,H4280,fosse d'aisances,1,0,0.000
OT,H4286,dépouille,1,0,0.000
OT,H4354,Machirite,1,0,0.000
OT,H4360,étoffes précieuses,1,0,0.000
OT,H4361,nourriture,1,0,0.000
OT,H4434,piège,1,0,0.000
OT,H4458,garde-robe,1,0,0.000
OT,H4461,mesure,1,0,0.000
OT,H4466,vente,1,0,0.000
OT,H4473,oint,1,0,0.000
OT,H4534,buisson d'épines,1,0,0.000
OT,H4564,voile,1,0,0.000
OT,H4568,argile,1,0,0.000
OT,H4576,houe,1,0,0.000
OT,H4607,élévation,1,0,0.000
OT,H4613,appui,1,0,0.000
OT,H4614,pierre de fardeau,1,0,0.000
OT,H4622,entrave,1,0,0.000
OT,H4624,garde-fou,1,0,0.000
OT,H4633,préparation,1,0,0.000
OT,H4645,cible,1,0,0.000
OT,H4646,expiration,1,0,0.000
OT,H4652,œuvre merveilleuse,1,0,0.000
OT,H4653,division,1,0,0.000
OT,H4655,refuge,1,0,0.000
OT,H4660,massacre,1,0,0.000
OT,H4697,jambières,1,0,0.000
OT,H4729,autel des parfums,1,0,0.000
OT,H4741,rabot,1,0,0.000
OT,H4750,cucumière,1,0,0.000
OT,H4767,abondance,1,0,0.000
OT,H4776,rébellion,1,0,0.000
OT,H4789,Meroz,1,0,0.000
OT,H4816,faiblesse,1,0,0.000
OT,H4831,Maréala,1,0,0.000
OT,H4833,fange,1,0,0.000
OT,H4845,fiel,1,0,0.000
OT,H4850,Merathaim,1,0,0.000
OT,H4858,fardeau,1,0,0.000
OT,H4860,tromperie,1,0,0.000
OT,H4870,méprise,1,0,0.000
OT,H4879,erreur,1,0,0.000
OT,H4890,moquerie,1,0,0.000
OT,H4896,domination,1,0,0.000
OT,H4943,intendant,1,0,0.000
OT,H4972,lassitude,1,0,0.000
OT,H4978,don,1,0,0.000
OT,H5044,Nibshan,1,0,0.000
OT,H5089,gémissement,1,0,0.000
OT,H5117,repos,1,0,0.000
OT,H512,d'Elkosch,1,0,0.000
OT,H5142,dommage,1,0,0.000
OT,H5149,Néhum,1,0,0.000
OT,H5155,Néhiloth,1,0,0.000
OT,H5164,repentance,1,0,0.000
OT,H5187,hommes chargés d'argent,1,0,0.000
OT,H5192,poids,1,0,0.000
OT,H5205,mouvement,1,0,0.000
OT,H5206,objet d'aversion,1,0,0.000
OT,H5242,Némuélite,1,0,0.000
OT,H525,nourrisson,1,0,0.000
OT,H5252,cause,1,0,0.000
OT,H5313,dépense,1,0,0.000
OT,H5319,lutte,1,0,0.000
OT,H542,artisan,1,0,0.000
OT,H5438,cause,1,0,0.000
OT,H544,vérité,1,0,0.000
OT,H5464,pluie battante,1,0,0.000
OT,H5484,cavale,1,0,0.000
OT,H5506,marchandise,1,0,0.000
OT,H5508,marbre noir,1,0,0.000
OT,H555,force,1,0,0.000
OT,H5614,Sépharad,1,0,0.000
OT,H5722,Adino,1,0,0.000
OT,H5772,devoir conjugal,1,0,0.000
OT,H5792,iniquité,1,0,0.000
OT,H5836,Ézri,1,0,0.000
OT,H5845,mamelles,1,0,0.000
OT,H5865,éternité,1,0,0.000
OT,H5910,Accho,1,0,0.000
OT,H5951,allégresse,1,0,0.000
OT,H5952,chambre haute,1,0,0.000
OT,H5981,Ummah,1,0,0.000
OT,H6039,affliction,1,0,0.000
OT,H604,lézard,1,0,0.000
OT,H6064,amende,1,0,0.000
OT,H6065,confiscation,1,0,0.000
OT,H6092,travail,1,0,0.000
OT,H6114,magistrat,1,0,0.000
OT,H6171,onagre,1,0,0.000
OT,H6173,déshonneur,1,0,0.000
OT,H6178,ravin,1,0,0.000
OT,H6248,pensée,1,0,0.000
OT,H6254,Aschterathite,1,0,0.000
OT,H626,assemblée,1,0,0.000
OT,H628,ramassis de peuple,1,0,0.000
OT,H6283,abondance,1,0,0.000
OT,H6291,figue verte,1,0,0.000
OT,H6356,partie rongée,1,0,0.000
OT,H6451,poignée,1,0,0.000
OT,H6477,lime,1,0,0.000
OT,H6554,Pharpar,1,0,0.000
OT,H6574,excrément,1,0,0.000
OT,H6592,interprétation,1,0,0.000
OT,H6615,simplicité,1,0,0.000
OT,H6707,terre aride,1,0,0.000
OT,H6708,lieu élevé,1,0,0.000
OT,H6713,blanc,1,0,0.000
OT,H6773,soif,1,0,0.000
OT,H6804,tuyau,1,0,0.000
OT,H6812,jeunesse,1,0,0.000
OT,H6838,galette,1,0,0.000
OT,H6896,panse,1,0,0.000
OT,H6910,amas,1,0,0.000
OT,H6917,des temps anciens,1,0,0.000
OT,H6928,autrefois,1,0,0.000
OT,H6948,prostituée sacrée,1,0,0.000
OT,H6970,Koa,1,0,0.000
OT,H6993,massacre,1,0,0.000
OT,H701,d'Arab,1,0,0.000
OT,H7012,lever,1,0,0.000
OT,H7022,opprobre,1,0,0.000
OT,H7032,son,1,0,0.000
OT,H7078,fin,1,0,0.000
OT,H7085,tatouage,1,0,0.000
OT,H7089,destruction,1,0,0.000
OT,H7091,grand-duc,1,0,0.000
OT,H7111,écorce,1,0,0.000
OT,H7137,impureté nocturne,1,0,0.000
OT,H7150,prédication,1,0,0.000
OT,H7199,tireur d'arc,1,0,0.000
OT,H7203,vision,1,0,0.000
OT,H7207,vue,1,0,0.000
OT,H7212,vue,1,0,0.000
OT,H7221,commencement,1,0,0.000
OT,H7266,fureur,1,0,0.000
OT,H7315,hauteur,1,0,0.000
OT,H7326,pauvreté,1,0,0.000
OT,H735,chemin,1,0,0.000
OT,H7391,tendresse,1,0,0.000
OT,H7396,chars de guerre,1,0,0.000
OT,H7407,orgueil,1,0,0.000
OT,H7419,hauteur,1,0,0.000
OT,H7424,dromadaire,1,0,0.000
OT,H7427,élévation,1,0,0.000
OT,H7435,Ramathite,1,0,0.000
OT,H7438,chant de délivrance,1,0,0.000
OT,H7462,maison de rassemblement des bergers,1,0,0.000
OT,H7510,faiblesse,1,0,0.000
OT,H7516,boue,1,0,0.000
OT,H7539,pourriture,1,0,0.000
OT,H754,prolongement,1,0,0.000
OT,H7544,vin aromatisé,1,0,0.000
OT,H755,genou,1,0,0.000
OT,H7577,chaîne,1,0,0.000
OT,H7578,tremblement,1,0,0.000
OT,H7587,Shaulites,1,0,0.000
OT,H7608,parenté,1,0,0.000
OT,H7612,désolation,1,0,0.000
OT,H7616,débris,1,0,0.000
OT,H7627,Schébat,1,0,0.000
OT,H7632,étincelle,1,0,0.000
OT,H7642,limace,1,0,0.000
OT,H7691,erreur,1,0,0.000
OT,H7762,ail,1,0,0.000
OT,H7772,Schoa,1,0,0.000
OT,H7813,nage,1,0,0.000
OT,H782,demande,1,0,0.000
OT,H7821,abattage,1,0,0.000
OT,H7863,élévation,1,0,0.000
OT,H7870,captivité,1,0,0.000
OT,H7873,poursuite,1,0,0.000
OT,H7900,tabernacle,1,0,0.000
OT,H7923,privations,1,0,0.000
OT,H7930,Sichemites,1,0,0.000
OT,H797,langue d'Ashdod,1,0,0.000
OT,H799,loi de feu,1,0,0.000
OT,H7995,chute,1,0,0.000
OT,H8003,cœur parfait,1,0,0.000
OT,H8063,manteau,1,0,0.000
OT,H81,poudre,1,0,0.000
OT,H8109,veille,1,0,0.000
OT,H8126,Shumathites,1,0,0.000
OT,H8136,myriades,1,0,0.000
OT,H8156,fente,1,0,0.000
OT,H8160,heure,1,0,0.000
OT,H8161,piétinement,1,0,0.000
OT,H8164,pluie fine,1,0,0.000
OT,H8218,lieu bas,1,0,0.000
OT,H8220,paresse,1,0,0.000
OT,H8238,petit matin,1,0,0.000
OT,H8258,creux,1,0,0.000
OT,H8290,Scharonite,1,0,0.000
OT,H832,Askalonite,1,0,0.000
OT,H8326,nombril,1,0,0.000
OT,H8331,chaîne,1,0,0.000
OT,H8358,ivresse,1,0,0.000
OT,H8360,boisson,1,0,0.000
OT,H837,bonheur,1,0,0.000
OT,H8375,désir ardent,1,0,0.000
OT,H8399,destruction,1,0,0.000
OT,H8452,manière,1,0,0.000
OT,H8466,campement,1,0,0.000
OT,H8502,perfection,1,0,0.000
OT,H8530,armurerie,1,0,0.000
OT,H8542,Tammuz,1,0,0.000
OT,H8554,Timnite,1,0,0.000
OT,H8557,fonte,1,0,0.000
OT,H8600,dispersion,1,0,0.000
OT,H8601,morceau cuit,1,0,0.000
OT,H8613,Topheth,1,0,0.000
OT,H8617,force de se tenir,1,0,0.000
OT,H8618,ceux qui s'élèvent contre,1,0,0.000
OT,H8628,celui qui s'engage,1,0,0.000
OT,H8645,cyprès,1,0,0.000
OT,H890,mauvaise herbe,1,0,0.000
OT,H909,isolé,1,0,0.000
OT,H915,morceau,1,0,0.000
OT,H923,marbre rouge,1,0,0.000
OT,H927,trouble,1,0,0.000
OT,H93,noix,1,0,0.000
OT,H930,Béhémoth,1,0,0.000
OT,H933,taches blanchâtres,1,0,0.000
OT,H939,mépris,1,0,0.000
OT,H95,pièce d'argent,1,0,0.000
OT,H950,désolation,1,0,0.000
OT,H965,éclair,1,0,0.000
OT,H978,Bacharoumi,1,0,0.000
OT,H992,noix,1,0,0.000
OT,H996,entre,1,0,0.000
OT,H5518,chaudron,34,1,0.029
OT,H7522,bienveillance,56,2,0.036
NT,G5561,région,27,1,0.037
NT,G3507,nuage,26,1,0.038
OT,H1290,genou,26,1,0.038
OT,H3708,irritation,25,1,0.040
OT,H8444,extrémités,25,1,0.040
OT,H6490,précepte,24,1,0.042
OT,H5703,éternité,46,2,0.043
OT,H6913,tombeau,67,3,0.045
OT,H5475,conciliabule,21,1,0.048
NT,G1435,don,19,1,0.053
OT,H1576,rétribution,19,1,0.053
OT,H7723,vanité,54,3,0.056
OT,H8643,cri de guerre,36,2,0.056
OT,H1926,beauté,30,2,0.067
OT,H7423,tromperie,15,1,0.067
NT,G3419,tombeau,42,3,0.071
OT,H4383,obstacle,14,1,0.071
OT,H4604,perfidie,27,2,0.074
OT,H4758,apparence,104,8,0.077
OT,H4692,retranchement,26,2,0.077
OT,H6343,frayeur,49,4,0.082
OT,H2796,artisan,36,3,0.083
NT,G189,renommée,24,2,0.083
NT,G2746,sujet de se glorifier,12,1,0.083
OT,H4740,coin,12,1,0.083
OT,H5439,alentour,337,29,0.086
OT,H2428,force,234,21,0.090
OT,H2087,arrogance,11,1,0.091
OT,H4033,séjour,11,1,0.091
OT,H4889,destruction,11,1,0.091
NT,G4127,plaie,21,2,0.095
OT,H1779,jugement,21,2,0.095
OT,H7622,captivité,41,4,0.098
OT,H7004,encens,60,6,0.100
OT,H1237,plaine,20,2,0.100
OT,H4634,rang,20,2,0.100
OT,H5251,perche,20,2,0.100
NT,G4755,préteur,10,1,0.100
OT,H1663,Gathien,10,1,0.100
OT,H4565,secret,10,1,0.100
OT,H7474,compagne,10,1,0.100
OT,H8300,survivant,29,3,0.103
OT,H2656,plaisir,38,4,0.105
OT,H5051,clarté,19,2,0.105
OT,H819,culpabilité,19,2,0.105
OT,H1061,premiers fruits,18,2,0.111
OT,H7015,lamentation,18,2,0.111
OT,H8088,bruit,18,2,0.111
NT,G4549,Saül,9,1,0.111
OT,H2966,bête déchirée,9,1,0.111
OT,H3948,enseignement,9,1,0.111
OT,H7902,couche,9,1,0.111
OT,H2256,lien,62,7,0.113
OT,H7379,procès,61,7,0.115
NT,G1033,nourriture,17,2,0.118
OT,H1002,palais,16,2,0.125
OT,H1942,méchanceté,16,2,0.125
OT,H2724,terre sèche,8,1,0.125
OT,H8666,retour,8,1,0.125
OT,H4805,rébellion,23,3,0.130
OT,H8389,apparence,15,2,0.133
OT,H4186,habitation,44,6,0.136
OT,H7834,nuées,21,3,0.143
NT,G4392,prétexte,7,1,0.143
OT,H1882,décret,7,1,0.143
OT,H1959,cri de guerre,7,1,0.143
OT,H2348,rivage,7,1,0.143
OT,H2386,pourceau,7,1,0.143
OT,H4823,foulé aux pieds,7,1,0.143
OT,H7267,agitation,7,1,0.143
OT,H5768,petit enfant,20,3,0.150
OT,H3689,confiance,13,2,0.154
OT,H5980,près de,32,5,0.156
OT,H650,torrent,19,3,0.158
OT,H7701,dévastation,25,4,0.160
OT,H6440,face,2127,342,0.161
NT,G3954,hardiesse,31,5,0.161
OT,H4791,hauteur,54,9,0.167
OT,H6040,affliction,36,6,0.167
NT,G318,nécessité,18,3,0.167
OT,H7385,vanité,12,2,0.167
NT,G2956,Cyrénéen,6,1,0.167
NT,G4693,grotte,6,1,0.167
OT,H1844,connaissance,6,1,0.167
OT,H2651,poignée,6,1,0.167
OT,H4933,butin,6,1,0.167
OT,H6181,nudité,6,1,0.167
OT,H737,vivres,6,1,0.167
OT,H7888,Schilonite,6,1,0.167
OT,H8229,multitude,6,1,0.167
OT,H4941,jugement,424,71,0.167
OT,H4853,fardeau,65,11,0.169
OT,H2706,statut,128,22,0.172
OT,H268,arrière,40,7,0.175
OT,H1847,connaissance,91,16,0.176
OT,H5275,chaussure,22,4,0.182
NT,G2745,sujet de gloire,11,2,0.182
NT,G2821,appel,11,2,0.182
NT,G4229,affaire,11,2,0.182
NT,G2094,année,49,9,0.184
OT,H5676,au-delà,92,17,0.185
NT,G156,cause,20,4,0.200
OT,H2270,compagnon,15,3,0.200
OT,H7054,blé sur pied,10,2,0.200
OT,H8205,hauteur,10,2,0.200
OT,H961,butin,10,2,0.200
NT,G1491,aspect,5,1,0.200
NT,G2583,règle,5,1,0.200
NT,G2999,service,5,1,0.200
NT,G3025,pressoir,5,1,0.200
NT,G3595,guide,5,1,0.200
OT,H2156,sarment,5,1,0.200
OT,H2197,fureur,5,1,0.200
OT,H2380,pacte,5,1,0.200
OT,H3384,archer,5,1,0.200
OT,H3505,Jéthrien,5,1,0.200
OT,H4301,trésor caché,5,1,0.200
OT,H4474,domination,5,1,0.200
OT,H4768,plus grande partie,5,1,0.200
OT,H5730,désir,5,1,0.200
OT,H6094,chagrin,5,1,0.200
OT,H7397,Réca,5,1,0.200
OT,H8029,troisième génération,5,1,0.200
OT,H886,Beérothien,5,1,0.200
OT,H4912,proverbe,39,8,0.205
OT,H7070,roseau,62,13,0.210
OT,H4209,dessein,19,4,0.211
OT,H6900,sépulture,14,3,0.214
OT,H7225,commencement,51,11,0.216
OT,H1167,maître,83,18,0.217
OT,H7941,boisson forte,23,5,0.217
NT,G2107,bon plaisir,9,2,0.222
NT,G5303,manque,9,2,0.222
OT,H2731,frayeur,9,2,0.222
OT,H3800,or fin,9,2,0.222
OT,H4079,dispute,9,2,0.222
OT,H4635,pile,9,2,0.222
OT,H7230,multitude,149,34,0.228
OT,H8435,générations,39,9,0.231
NT,G2819,lot,13,3,0.231
OT,H4270,manque,13,3,0.231
OT,H615,prisonnier,13,3,0.231
NT,G1322,enseignement,30,7,0.233
OT,H3366,honneur,17,4,0.235
OT,H5057,prince,44,11,0.250
OT,H5643,secret,36,9,0.250
OT,H6486,châtiment,32,8,0.250
OT,H8181,cheveux,28,7,0.250
OT,H4120,hâte,20,5,0.250
OT,H3791,écrit,16,4,0.250
OT,H4864,présent,16,4,0.250
OT,H6190,prépuce,16,4,0.250
OT,H7195,conjuration,16,4,0.250
OT,H7922,intelligence,16,4,0.250
OT,H8008,manteau,16,4,0.250
NT,G1012,conseil,12,3,0.250
NT,G1119,genou,12,3,0.250
NT,G3617,maître de maison,12,3,0.250
OT,H2771,Haran,12,3,0.250
OT,H7553,broderie,12,3,0.250
NT,G1753,efficacité,8,2,0.250
NT,G3622,administration,8,2,0.250
NT,G5034,promptement,8,2,0.250
OT,H1348,majesté,8,2,0.250
OT,H1627,cou,8,2,0.250
OT,H3148,avantage,8,2,0.250
OT,H4225,jointure,8,2,0.250
OT,H6482,plaie,8,2,0.250
OT,H7117,extrémité,8,2,0.250
OT,H7962,prospérité,8,2,0.250
OT,H8489,Thémanite,8,2,0.250
NT,G1349,châtiment,4,1,0.250
NT,G1917,complot,4,1,0.250
NT,G1984,visitation,4,1,0.250
NT,G202,auditeur,4,1,0.250
NT,G2981,parole,4,1,0.250
NT,G3317,minuit,4,1,0.250
NT,G3639,destruction,4,1,0.250
NT,G4009,fin,4,1,0.250
NT,G4676,mouchoir,4,1,0.250
NT,G4730,détresse,4,1,0.250
NT,G485,opposition,4,1,0.250
NT,G5009,chambre secrète,4,1,0.250
NT,G5079,artisan,4,1,0.250
NT,G909,lavage,4,1,0.250
OT,H1172,maîtresse,4,1,0.250
OT,H1747,silence,4,1,0.250
OT,H1824,silence,4,1,0.250
OT,H2172,chant,4,1,0.250
OT,H219,lumière,4,1,0.250
OT,H2393,force,4,1,0.250
OT,H2479,angoisse,4,1,0.250
OT,H289,Achiman,4,1,0.250
OT,H4132,perche,4,1,0.250
OT,H4374,vêtement,4,1,0.250
OT,H4574,délices,4,1,0.250
OT,H4770,étable,4,1,0.250
OT,H5299,contrée,4,1,0.250
OT,H5306,émeraude,4,1,0.250
OT,H5520,tabernacle,4,1,0.250
OT,H6304,rédemption,4,1,0.250
OT,H6320,antimoine,4,1,0.250
OT,H6521,village,4,1,0.250
OT,H6892,vomi,4,1,0.250
OT,H7210,vue,4,1,0.250
OT,H7298,abreuvoir,4,1,0.250
OT,H7675,siège,4,1,0.250
OT,H8178,tempête,4,1,0.250
OT,H8278,service,4,1,0.250
OT,H8447,rangée,4,1,0.250
OT,H1366,frontière,241,61,0.253
OT,H7453,ami,189,48,0.254
OT,H4820,fraude,39,10,0.256
OT,H7218,chef,600,155,0.258
OT,H1280,verrou,42,11,0.262
OT,H3409,côté,34,9,0.265
OT,H3568,Cusch,30,8,0.267
OT,H8573,offrande,30,8,0.267
OT,H1606,réprimande,15,4,0.267
OT,H6233,oppression,15,4,0.267
OT,H7814,rire,15,4,0.267
OT,H1952,richesse,26,7,0.269
OT,H585,gémissement,11,3,0.273
OT,H8585,fossé,11,3,0.273
OT,H2532,délices,18,5,0.278
OT,H319,fin,61,17,0.279
OT,H5145,diadème,25,7,0.280
OT,H2898,bonté,32,9,0.281
OT,H8047,désolation,39,11,0.282
OT,H4256,classe,42,12,0.286
NT,G1319,enseignement,21,6,0.286
NT,G4633,tente,21,6,0.286
NT,G2207,zélote,7,2,0.286
NT,G539,tromperie,7,2,0.286
OT,H1482,lionceau,7,2,0.286
OT,H1731,chaudron,7,2,0.286
OT,H2267,enchantement,7,2,0.286
OT,H2339,corde,7,2,0.286
OT,H2918,demeure,7,2,0.286
OT,H3204,Jéconias,7,2,0.286
OT,H4302,plantation,7,2,0.286
OT,H504,bœufs,7,2,0.286
OT,H5092,lamentation,7,2,0.286
OT,H5801,marchandise,7,2,0.286
OT,H6089,travail,7,2,0.286
OT,H7565,flamme,7,2,0.286
OT,H8314,séraphin,7,2,0.286
OT,H272,possession,66,19,0.288
OT,H3629,reins,31,9,0.290
OT,H5521,tabernacle,31,9,0.290
OT,H1097,sans,24,7,0.292
OT,H6754,images,17,5,0.294
OT,H3639,honte,30,9,0.300
OT,H3978,nourriture,30,9,0.300
NT,G203,incirconcision,20,6,0.300
OT,H4465,vente,10,3,0.300
OT,H4585,demeure,10,3,0.300
OT,H4916,entreprise,10,3,0.300
OT,H5895,ânon,10,3,0.300
OT,H7081,divination,10,3,0.300
OT,H8419,perversité,10,3,0.300
OT,H657,extrémités,43,13,0.302
NT,G4632,objet,23,7,0.304
OT,H1215,gain,23,7,0.304
OT,H4522,corvée,23,7,0.304
OT,H734,chemin,59,18,0.305
OT,H571,vérité,127,39,0.307
NT,G4383,visage,78,24,0.308
OT,H2940,goût,13,4,0.308
OT,H4005,élite,13,4,0.308
OT,H7722,ruine,13,4,0.308
OT,H929,bétail,190,59,0.311
OT,H5561,aromate,16,5,0.312
NT,G1162,supplication,19,6,0.316
OT,H3247,fondement,19,6,0.316
OT,H3974,luminaire,19,6,0.316
OT,H2740,fureur,41,13,0.317
OT,H7667,ruine,44,14,0.318
OT,H1823,forme,25,8,0.320
OT,H957,butin,25,8,0.320
OT,H1870,chemin,712,229,0.322
OT,H1369,puissance,62,20,0.323
OT,H4581,forteresse,37,12,0.324
OT,H6828,nord,153,50,0.327
NT,G1085,race,21,7,0.333
OT,H4039,rouleau,21,7,0.333
OT,H4526,rebord,18,6,0.333
OT,H6612,simple,18,6,0.333
OT,H1546,captivité,15,5,0.333
OT,H4242,prix,15,5,0.333
OT,H4736,acquisition,15,5,0.333
OT,H6205,ténèbres,15,5,0.333
OT,H6776,paire,15,5,0.333
NT,G4464,bâton,12,4,0.333
OT,H4172,terreur,12,4,0.333
OT,H6735,douleur,12,4,0.333
OT,H8454,sagesse,12,4,0.333
NT,G1137,coin,9,3,0.333
NT,G1557,vengeance,9,3,0.333
OT,H1681,mauvais propos,9,3,0.333
OT,H2230,orage,9,3,0.333
OT,H6076,hémorroïdes,9,3,0.333
NT,G2906,cri,6,2,0.333
NT,G3671,confession,6,2,0.333
NT,G3688,âne,6,2,0.333
NT,G4234,œuvre,6,2,0.333
NT,G922,fardeau,6,2,0.333
OT,H2158,cantique,6,2,0.333
OT,H4685,forteresse,6,2,0.333
OT,H4906,image,6,2,0.333
OT,H4991,don,6,2,0.333
OT,H5067,monceau,6,2,0.333
OT,H5543,Sallaï,6,2,0.333
OT,H5585,fente,6,2,0.333
OT,H7312,hauteur,6,2,0.333
OT,H7400,calomniateur,6,2,0.333
OT,H8545,échange,6,2,0.333
OT,H907,mensonge,6,2,0.333
NT,G1003,Booz,3,1,0.333
NT,G1078,génération,3,1,0.333
NT,G1253,discernement,3,1,0.333
NT,G1290,dispersion,3,1,0.333
NT,G1293,différence,3,1,0.333
NT,G1413,puissant,3,1,0.333
NT,G1505,sincérité,3,1,0.333
NT,G2171,prière,3,1,0.333
NT,G2285,étonnement,3,1,0.333
NT,G2447,rouille,3,1,0.333
NT,G2519,maître,3,1,0.333
NT,G2922,tribunal,3,1,0.333
NT,G2970,débauche,3,1,0.333
NT,G3085,rédemption,3,1,0.333
NT,G3149,sein,3,1,0.333
NT,G3405,rétribution,3,1,0.333
NT,G3492,marin,3,1,0.333
NT,G3547,docteur de la loi,3,1,0.333
NT,G3559,instruction,3,1,0.333
NT,G3722,grand matin,3,1,0.333
NT,G3799,apparence,3,1,0.333
NT,G4177,citoyen,3,1,0.333
NT,G4638,demeure,3,1,0.333
NT,G4663,ver,3,1,0.333
NT,G4772,parenté,3,1,0.333
NT,G5078,art,3,1,0.333
NT,G5201,cruche,3,1,0.333
NT,G712,dîner,3,1,0.333
NT,G803,certitude,3,1,0.333
NT,G92,iniquité,3,1,0.333
OT,H101,coupe,3,1,0.333
OT,H1304,escarboucle,3,1,0.333
OT,H1421,opprobre,3,1,0.333
OT,H1578,bienfait,3,1,0.333
OT,H1899,gémissement,3,1,0.333
OT,H2032,conception,3,1,0.333
OT,H2075,Zabulonite,3,1,0.333
OT,H2123,bêtes des champs,3,1,0.333
OT,H2152,ardeur,3,1,0.333
OT,H2288,fentes,3,1,0.333
OT,H2640,manque,3,1,0.333
OT,H2649,hâte,3,1,0.333
OT,H2687,gravier,3,1,0.333
OT,H2695,Hetsro,3,1,0.333
OT,H2758,labourage,3,1,0.333
OT,H2878,boucherie,3,1,0.333
OT,H3035,Jiddo,3,1,0.333
OT,H3277,chèvre sauvage,3,1,0.333
OT,H3520,bagages,3,1,0.333
OT,H3619,cage,3,1,0.333
OT,H369,néant,3,1,0.333
OT,H3718,double,3,1,0.333
OT,H3788,succès,3,1,0.333
OT,H3914,guirlande,3,1,0.333
OT,H3944,moquerie,3,1,0.333
OT,H4001,écrasement,3,1,0.333
OT,H4007,attente,3,1,0.333
OT,H4105,Mehétabeel,3,1,0.333
OT,H4126,entrée,3,1,0.333
OT,H4149,Moséra,3,1,0.333
OT,H4164,détresse,3,1,0.333
OT,H4180,possession,3,1,0.333
OT,H4377,marchandise,3,1,0.333
OT,H4395,prémices,3,1,0.333
OT,H4817,char,3,1,0.333
OT,H4842,composition,3,1,0.333
OT,H4844,amertume,3,1,0.333
OT,H4855,dette,3,1,0.333
OT,H5096,Nahalol,3,1,0.333
OT,H5150,consolation,3,1,0.333
OT,H5189,rameau,3,1,0.333
OT,H5350,gâteaux,3,1,0.333
OT,H5587,pensées,3,1,0.333
OT,H5706,proie,3,1,0.333
OT,H5752,Oded,3,1,0.333
OT,H5933,Alva,3,1,0.333
OT,H6093,souffrance,3,1,0.333
OT,H6107,Étsem,3,1,0.333
OT,H6108,puissance,3,1,0.333
OT,H6115,oppression,3,1,0.333
OT,H613,prison,3,1,0.333
OT,H624,seuil,3,1,0.333
OT,H6365,ruine,3,1,0.333
OT,H6397,Pelonite,3,1,0.333
OT,H6519,ville sans murailles,3,1,0.333
OT,H6579,noble,3,1,0.333
OT,H6843,parure,3,1,0.333
OT,H6986,contagion,3,1,0.333
OT,H7314,hauteur,3,1,0.333
OT,H7395,cavalier,3,1,0.333
OT,H7459,famine,3,1,0.333
OT,H7536,crachat,3,1,0.333
OT,H7589,mépris,3,1,0.333
OT,H7674,interruption,3,1,0.333
OT,H7771,cri,3,1,0.333
OT,H7862,présent,3,1,0.333
OT,H7966,rétribution,3,1,0.333
OT,H8168,creux de la main,3,1,0.333
OT,H8169,Schaalbim,3,1,0.333
OT,H8321,plant délicieux,3,1,0.333
OT,H8604,extravagance,3,1,0.333
OT,H8633,puissance,3,1,0.333
NT,G4592,signe,77,26,0.338
OT,H3627,ustensile,325,110,0.338
OT,H4676,monument,32,11,0.344
OT,H776,terre,2505,863,0.345
NT,G3408,salaire,29,10,0.345
NT,G2836,ventre,23,8,0.348
OT,H8403,modèle,20,7,0.350
OT,H8414,néant,20,7,0.350
OT,H7036,ignominie,17,6,0.353
OT,H2563,argile,31,11,0.355
OT,H4541,image taillée,28,10,0.357
OT,H2368,sceau,14,5,0.357
OT,H3425,héritage,14,5,0.357
OT,H990,ventre,72,26,0.361
OT,H5668,à cause de,44,16,0.364
OT,H1881,loi,22,8,0.364
OT,H182,cause,11,4,0.364
OT,H3326,couche,11,4,0.364
OT,H4569,passage,11,4,0.364
OT,H6631,postérité,11,4,0.364
OT,H4639,œuvre,235,86,0.366
OT,H905,seul,202,74,0.366
OT,H205,iniquité,79,29,0.367
OT,H8393,produit,43,16,0.372
OT,H5645,nuée,32,12,0.375
OT,H1935,majesté,24,9,0.375
OT,H5688,corde,24,9,0.375
OT,H6412,fuyard,24,9,0.375
NT,G1173,festin,16,6,0.375
OT,H5139,naziréen,16,6,0.375
OT,H5492,tempête,16,6,0.375
OT,H7607,chair,16,6,0.375
NT,G2244,âge,8,3,0.375
NT,G572,simplicité,8,3,0.375
NT,G861,incorruptibilité,8,3,0.375
OT,H2914,hémorroïdes,8,3,0.375
OT,H4022,meilleur fruit,8,3,0.375
OT,H4246,danse,8,3,0.375
OT,H5183,repos,8,3,0.375
OT,H6045,occupation,8,3,0.375
OT,H6598,mets du roi,8,3,0.375
OT,H5288,jeune,239,90,0.377
OT,H7451,mal,309,117,0.379
OT,H2351,dehors,164,63,0.384
OT,H8593,rasoir,13,5,0.385
OT,H402,nourriture,18,7,0.389
OT,H4608,montée,18,7,0.389
OT,H4731,bâton,18,7,0.389
OT,H6629,troupeau,274,107,0.391
OT,H4904,lit,46,18,0.391
OT,H3595,bassin,23,9,0.391
OT,H1065,pleurs,28,11,0.393
OT,H7440,joie,33,13,0.394
OT,H6588,transgression,93,37,0.398
OT,H5999,travail,55,22,0.400
OT,H3411,extrémité,30,12,0.400
NT,G5257,serviteur,20,8,0.400
OT,H8378,désir,20,8,0.400
OT,H1543,chapiteau,15,6,0.400
OT,H4009,confiance,15,6,0.400
OT,H4475,domination,15,6,0.400
OT,H6723,terre aride,15,6,0.400
NT,G4889,compagnon de service,10,4,0.400
NT,G783,salutation,10,4,0.400
OT,H1091,terreur,10,4,0.400
OT,H6388,ruisseau,10,4,0.400
OT,H6872,sac,10,4,0.400
OT,H7025,Kir-Haréseth,10,4,0.400
NT,G1529,entrée,5,2,0.400
NT,G181,désordre,5,2,0.400
NT,G2213,question,5,2,0.400
NT,G2237,plaisir,5,2,0.400
NT,G2399,homme du peuple,5,2,0.400
NT,G2949,vague,5,2,0.400
NT,G3852,commandement,5,2,0.400
NT,G4051,abondance,5,2,0.400
NT,G4288,empressement,5,2,0.400
NT,G5475,airain,5,2,0.400
OT,H100,jonc,5,2,0.400
OT,H1700,cause,5,2,0.400
OT,H2122,splendeur,5,2,0.400
OT,H2392,force,5,2,0.400
OT,H2394,force,5,2,0.400
OT,H266,Achochite,5,2,0.400
OT,H2948,palme,5,2,0.400
OT,H3419,verdure,5,2,0.400
OT,H3908,enchantement,5,2,0.400
OT,H4612,fonction,5,2,0.400
OT,H4615,profondeur,5,2,0.400
OT,H4794,course,5,2,0.400
OT,H4971,proportion,5,2,0.400
OT,H4976,don,5,2,0.400
OT,H5184,Nachath,5,2,0.400
OT,H5317,rayon de miel,5,2,0.400
OT,H5356,innocence,5,2,0.400
OT,H5599,produit du grain tombé,5,2,0.400
OT,H6195,ruse,5,2,0.400
OT,H6553,Pirathonite,5,2,0.400
OT,H6675,ordure,5,2,0.400
OT,H6706,rocher,5,2,0.400
OT,H6848,vipère,5,2,0.400
OT,H6893,cormoran,5,2,0.400
OT,H8324,ennemi,5,2,0.400
OT,H2945,petits enfants,42,17,0.405
OT,H4013,forteresse,37,15,0.405
OT,H4962,hommes,22,9,0.409
OT,H5347,femelle,22,9,0.409
OT,H4284,pensée,56,23,0.411
OT,H8597,gloire,51,21,0.412
OT,H3618,fiancée,34,14,0.412
OT,H5461,chef,17,7,0.412
OT,H7494,tremblement,17,7,0.412
OT,H5079,impureté,29,12,0.414
OT,H4159,prodiges,36,15,0.417
NT,G3563,intelligence,24,10,0.417
OT,H4410,royauté,24,10,0.417
OT,H4723,espérance,12,5,0.417
OT,H5399,crépuscule,12,5,0.417
OT,H6720,provisions,12,5,0.417
OT,H7219,poison,12,5,0.417
OT,H934,tache blanche,12,5,0.417
OT,H4438,royaume,91,38,0.418
OT,H7093,fin,67,28,0.418
OT,H400,nourriture,43,18,0.419
OT,H5331,toujours,43,18,0.419
OT,H7339,rue,43,18,0.419
OT,H8577,chacal,26,11,0.423
OT,H842,Astarté,40,17,0.425
OT,H8433,réprimande,28,12,0.429
OT,H1909,Hadadézer,21,9,0.429
OT,H3895,mâchoire,21,9,0.429
OT,H1375,coupe,14,6,0.429
OT,H4553,deuil,14,6,0.429
OT,H7879,plainte,14,6,0.429
NT,G1611,extase,7,3,0.429
NT,G2500,Joses,7,3,0.429
NT,G2945,autour,7,3,0.429
NT,G4747,élément,7,3,0.429
OT,H2131,chaîne,7,3,0.429
OT,H2356,trou,7,3,0.429
OT,H2530,bien-aimé,7,3,0.429
OT,H4525,prison,7,3,0.429
OT,H4828,ami,7,3,0.429
OT,H4924,graisse,7,3,0.429
OT,H5278,grâce,7,3,0.429
OT,H6287,diadème,7,3,0.429
OT,H7140,glace,7,3,0.429
OT,H7581,rugissement,7,3,0.429
OT,H8458,prudence,7,3,0.429
OT,H8621,Tekoïte,7,3,0.429
OT,H865,auparavant,7,3,0.429
OT,H5315,âme,757,326,0.431
OT,H5795,chèvre,74,32,0.432
OT,H7023,mur,74,32,0.432
OT,H1755,génération,168,73,0.435
OT,H3996,entrée,23,10,0.435
OT,H8462,commencement,23,10,0.435
OT,H6643,gazelle,32,14,0.438
OT,H4570,sentier,16,7,0.438
OT,H4832,guérison,16,7,0.438
OT,H4318,Michée,34,15,0.441
OT,H4399,ouvrage,167,74,0.443
OT,H7356,compassion,45,20,0.444
OT,H2932,impureté,36,16,0.444
OT,H8052,nouvelle,27,12,0.444
NT,G4714,sédition,9,4,0.444
OT,H3336,pensée,9,4,0.444
OT,H3564,fournaise,9,4,0.444
OT,H4181,possession,9,4,0.444
OT,H5835,parvis,9,4,0.444
OT,H6337,or fin,9,4,0.444
OT,H699,fenêtre,9,4,0.444
OT,H7128,combat,9,4,0.444
OT,H2617,bonté,251,112,0.446
OT,H3802,côté,67,30,0.448
NT,G2842,communion,20,9,0.450
NT,G684,perdition,20,9,0.450
OT,H2860,gendre,20,9,0.450
OT,H6957,cordeau,20,9,0.450
OT,H8267,mensonge,113,51,0.451
NT,G1249,serviteur,31,14,0.452
OT,H4138,naissance,22,10,0.455
NT,G2549,malice,11,5,0.455
OT,H4055,vêtement,11,5,0.455
OT,H4688,abîme,11,5,0.455
OT,H6116,assemblée solennelle,11,5,0.455
OT,H7606,reste,11,5,0.455
OT,H761,Syrien,11,5,0.455
OT,H4347,plaie,48,22,0.458
OT,H5949,action,24,11,0.458
NT,G1271,pensée,13,6,0.462
OT,H3211,enfant,13,6,0.462
OT,H4878,infidélité,13,6,0.462
OT,H6382,prodiges,13,6,0.462
OT,H935,entrée,13,6,0.462
OT,H6413,réchappés,28,13,0.464
NT,G1849,autorité,103,48,0.466
OT,H3406,Jerimoth,15,7,0.467
OT,H1530,monceau,34,16,0.471
NT,G4138,plénitude,17,8,0.471
OT,H3724,rançon,17,8,0.471
OT,H4583,demeure,17,8,0.471
OT,H4801,lointain,17,8,0.471
OT,H6718,gibier,17,8,0.471
NT,G4061,circoncision,36,17,0.472
OT,H758,Syrie,133,63,0.474
OT,H7872,vieillesse,19,9,0.474
OT,H801,sacrifice consumé par le feu,65,31,0.477
OT,H2143,mémoire,23,11,0.478
OT,H8537,intégrité,23,11,0.478
OT,H1100,méchant,27,13,0.481
OT,H4546,chemin,27,13,0.481
OT,H3577,mensonge,29,14,0.483
OT,H4325,eaux,582,281,0.483
OT,H423,malédiction,35,17,0.486
OT,H4932,second,35,17,0.486
OT,H5769,éternel,438,213,0.486
OT,H2677,moitié,123,60,0.488
OT,H4611,œuvres,43,21,0.488
OT,H7628,captivité,47,23,0.489
OT,H2233,postérité,229,113,0.493
OT,H6607,porte,164,81,0.494
NT,G26,amour,116,58,0.500
OT,H1473,captivité,42,21,0.500
OT,H8668,salut,34,17,0.500
NT,G5281,persévérance,32,16,0.500
NT,G2917,jugement,28,14,0.500
NT,G769,faiblesse,24,12,0.500
OT,H4437,royaume,22,11,0.500
OT,H5828,secours,22,11,0.500
NT,G1199,lien,20,10,0.500
NT,G2372,colère,18,9,0.500
NT,G3619,construction,18,9,0.500
OT,H5929,feuille,18,9,0.500
NT,G2129,bénédiction,16,8,0.500
NT,G4073,roc,16,8,0.500
OT,H4074,Mèdes,16,8,0.500
OT,H7613,tumeur,14,7,0.500
OT,H3906,oppression,12,6,0.500
OT,H4999,plaine,12,6,0.500
OT,H5333,garnison,12,6,0.500
OT,H6252,Astarté,12,6,0.500
OT,H8407,Tiglath-Piléser,12,6,0.500
NT,G3041,lac,10,5,0.500
NT,G3623,économe,10,5,0.500
NT,G4058,colombe,10,5,0.500
NT,G4106,égarement,10,5,0.500
OT,H1331,virginité,10,5,0.500
OT,H4679,forteresse,10,5,0.500
OT,H4708,Mitspé,10,5,0.500
OT,H919,réparation,10,5,0.500
NT,G4753,armée,8,4,0.500
NT,G4824,conseil,8,4,0.500
OT,H4122,Maher-Schalal-Chasch-Baz,8,4,0.500
OT,H5530,fou,8,4,0.500
OT,H7973,arme,8,4,0.500
NT,G152,honte,6,3,0.500
NT,G2015,apparition,6,3,0.500
NT,G2214,dispute,6,3,0.500
NT,G3009,service,6,3,0.500
NT,G3148,maladie,6,3,0.500
NT,G3540,pensée,6,3,0.500
NT,G4006,confiance,6,3,0.500
NT,G5262,exemple,6,3,0.500
OT,H1309,bonne nouvelle,6,3,0.500
OT,H1500,rapine,6,3,0.500
OT,H1674,inquiétude,6,3,0.500
OT,H2429,force,6,3,0.500
OT,H3599,sac,6,3,0.500
OT,H380,prunelle,6,3,0.500
OT,H3909,enchantement,6,3,0.500
OT,H4586,Mehunim,6,3,0.500
OT,H5246,léopard,6,3,0.500
OT,H5955,grappillage,6,3,0.500
OT,H5977,place,6,3,0.500
OT,H6400,morceau,6,3,0.500
OT,H6530,violent,6,3,0.500
OT,H6767,cymbale,6,3,0.500
OT,H724,guérison,6,3,0.500
OT,H7619,Schebuel,6,3,0.500
OT,H7860,officier,6,3,0.500
OT,H794,pied,6,3,0.500
OT,H8431,espérance,6,3,0.500
OT,H8598,pomme,6,3,0.500
NT,G1112,murmure,4,2,0.500
NT,G1390,don,4,2,0.500
NT,G1732,preuve,4,2,0.500
NT,G1915,pièce,4,2,0.500
NT,G2209,perte,4,2,0.500
NT,G2217,obscurité,4,2,0.500
NT,G2271,tranquillité,4,2,0.500
NT,G2322,guérison,4,2,0.500
NT,G2724,accusation,4,2,0.500
NT,G2845,lit,4,2,0.500
NT,G2963,domination,4,2,0.500
NT,G3800,salaire,4,2,0.500
NT,G4050,abondance,4,2,0.500
NT,G5292,soumission,4,2,0.500
NT,G5596,morceau trempé,4,2,0.500
OT,H1356,fosses,4,2,0.500
OT,H1372,partie chauve de devant,4,2,0.500
OT,H1488,toison,4,2,0.500
OT,H1550,anneau,4,2,0.500
OT,H1662,Gath-Hépher,4,2,0.500
OT,H2166,temps,4,2,0.500
OT,H2657,Hephtsiba,4,2,0.500
OT,H2775,soleil,4,2,0.500
OT,H2947,palme,4,2,0.500
OT,H3205,enfantement,4,2,0.500
OT,H4109,marche,4,2,0.500
OT,H4237,fenêtre,4,2,0.500
OT,H4429,Mélec,4,2,0.500
OT,H4662,dénombrement,4,2,0.500
OT,H4734,sculpture,4,2,0.500
OT,H4863,pétrin,4,2,0.500
OT,H491,veuvage,4,2,0.500
OT,H4974,chair,4,2,0.500
OT,H5133,plume,4,2,0.500
OT,H5194,plant,4,2,0.500
OT,H5215,champ nouveau,4,2,0.500
OT,H5732,temps,4,2,0.500
OT,H5842,plume,4,2,0.500
OT,H59,Abel-Beth-Maaca,4,2,0.500
OT,H5920,Très-Haut,4,2,0.500
OT,H5964,Alémeth,4,2,0.500
OT,H5975,place,4,2,0.500
OT,H6251,troupeau,4,2,0.500
OT,H6312,Pua,4,2,0.500
OT,H6594,lin,4,2,0.500
OT,H6961,cordeau,4,2,0.500
OT,H7182,attention,4,2,0.500
OT,H7258,gîte,4,2,0.500
OT,H7409,coursiers,4,2,0.500
OT,H7448,frein,4,2,0.500
OT,H7880,arbrisseau,4,2,0.500
OT,H7883,Schichor,4,2,0.500
OT,H8089,renommée,4,2,0.500
OT,H8247,amandier,4,2,0.500
OT,H8443,vigueur,4,2,0.500
OT,H8480,Thachath,4,2,0.500
OT,H8663,tumulte,4,2,0.500
OT,H928,terreur,4,2,0.500
NT,G1013,volonté,2,1,0.500
NT,G1052,Galate,2,1,0.500
NT,G127,pudeur,2,1,0.500
NT,G136,louange,2,1,0.500
NT,G1394,don,2,1,0.500
NT,G1650,démonstration,2,1,0.500
NT,G1755,opération,2,1,0.500
NT,G192,intempérance,2,1,0.500
NT,G1972,désir ardent,2,1,0.500
NT,G1999,rassemblement séditieux,2,1,0.500
NT,G2056,chevreau,2,1,0.500
NT,G2060,Hermès,2,1,0.500
NT,G2108,bienfait,2,1,0.500
NT,G212,orgueil,2,1,0.500
NT,G2124,crainte,2,1,0.500
NT,G2201,joug,2,1,0.500
NT,G221,Alexandrin,2,1,0.500
NT,G2275,amoindrissement,2,1,0.500
NT,G2365,petite fille,2,1,0.500
NT,G2536,Kaïnam,2,1,0.500
NT,G2538,nouveauté,2,1,0.500
NT,G2633,condamnation,2,1,0.500
NT,G2697,possession,2,1,0.500
NT,G2774,somme,2,1,0.500
NT,G2800,fraction,2,1,0.500
NT,G2835,quadrant,2,1,0.500
NT,G2994,Laodicéen,2,1,0.500
NT,G3043,lin,2,1,0.500
NT,G3048,collecte,2,1,0.500
NT,G3053,pensées,2,1,0.500
NT,G3446,apparence,2,1,0.500
NT,G3500,mort,2,1,0.500
NT,G3533,Nicopolis,2,1,0.500
NT,G3536,Ninivite,2,1,0.500
NT,G3542,pâturage,2,1,0.500
NT,G3578,logement,2,1,0.500
NT,G3582,cruche,2,1,0.500
NT,G3665,ressemblance,2,1,0.500
NT,G3782,dette,2,1,0.500
NT,G3783,offense,2,1,0.500
NT,G3808,enfant,2,1,0.500
NT,G3824,régénération,2,1,0.500
NT,G3894,révolte,2,1,0.500
NT,G3940,séjour,2,1,0.500
NT,G3948,dissentiment,2,1,0.500
NT,G3984,tentative,2,1,0.500
NT,G4018,voile,2,1,0.500
NT,G4188,boisson,2,1,0.500
NT,G4269,ancêtre,2,1,0.500
NT,G4307,providence,2,1,0.500
NT,G4329,attente,2,1,0.500
NT,G439,feu de braises,2,1,0.500
NT,G4431,chute,2,1,0.500
NT,G454,folie,2,1,0.500
NT,G463,patience,2,1,0.500
NT,G4696,tache,2,1,0.500
NT,G4726,gémissement,2,1,0.500
NT,G4752,combat,2,1,0.500
NT,G4898,compagnon de voyage,2,1,0.500
NT,G4914,coutume,2,1,0.500
NT,G4928,angoisse,2,1,0.500
NT,G4961,compagnon de combat,2,1,0.500
NT,G4963,complot,2,1,0.500
NT,G4976,figure,2,1,0.500
NT,G5018,de Tarse,2,1,0.500
NT,G5047,perfection,2,1,0.500
NT,G5197,violent,2,1,0.500
NT,G5268,âne,2,1,0.500
NT,G5296,modèle,2,1,0.500
NT,G5321,manifestation,2,1,0.500
NT,G5345,renommée,2,1,0.500
NT,G5353,son,2,1,0.500
NT,G5363,bienveillance,2,1,0.500
NT,G5371,Philémon,2,1,0.500
NT,G5374,Philippien,2,1,0.500
NT,G5402,Phœbé,2,1,0.500
NT,G5404,palmier,2,1,0.500
NT,G5415,Fortunatus,2,1,0.500
NT,G5437,fuite,2,1,0.500
NT,G5458,flambeau,2,1,0.500
NT,G5622,avantage,2,1,0.500
NT,G580,rejet,2,1,0.500
NT,G61,pêche,2,1,0.500
NT,G619,jouissance,2,1,0.500
NT,G646,apostasie,2,1,0.500
NT,G65,olivier sauvage,2,1,0.500
NT,G808,honte,2,1,0.500
NT,G841,contentement,2,1,0.500
NT,G860,jointures,2,1,0.500
NT,G883,Achaïcus,2,1,0.500
NT,G923,Barsabas,2,1,0.500
NT,G951,confirmation,2,1,0.500
NT,G996,secours,2,1,0.500
OT,H1105,destruction,2,1,0.500
OT,H1213,Batsluth,2,1,0.500
OT,H1233,brèche,2,1,0.500
OT,H1253,savon,2,1,0.500
OT,H1260,Béred,2,1,0.500
OT,H1268,Bérotha,2,1,0.500
OT,H1360,marais,2,1,0.500
OT,H1434,franges,2,1,0.500
OT,H145,manteau,2,1,0.500
OT,H1484,lionceau,2,1,0.500
OT,H1499,rapine,2,1,0.500
OT,H1526,Guilonite,2,1,0.500
OT,H1549,table,2,1,0.500
OT,H158,amours,2,1,0.500
OT,H1591,vol,2,1,0.500
OT,H1721,Dodanim,2,1,0.500
OT,H1741,douleur,2,1,0.500
OT,H1754,retranchement,2,1,0.500
OT,H1780,jugement,2,1,0.500
OT,H1860,opprobre,2,1,0.500
OT,H1901,gémissement,2,1,0.500
OT,H193,grands,2,1,0.500
OT,H1982,voyageur,2,1,0.500
OT,H1999,fracas,2,1,0.500
OT,H206,Aven,2,1,0.500
OT,H2106,coin,2,1,0.500
OT,H2252,Habaja,2,1,0.500
OT,H2312,ronce,2,1,0.500
OT,H2352,antre,2,1,0.500
OT,H2353,blanc,2,1,0.500
OT,H2415,rejeton,2,1,0.500
OT,H2551,miséricorde,2,1,0.500
OT,H2575,Hammath,2,1,0.500
OT,H2711,résolution,2,1,0.500
OT,H2712,Hukkok,2,1,0.500
OT,H2754,sac,2,1,0.500
OT,H2755,fiente de pigeon,2,1,0.500
OT,H2784,chaîne,2,1,0.500
OT,H2810,machines,2,1,0.500
OT,H2844,effroi,2,1,0.500
OT,H2870,Thabeel,2,1,0.500
OT,H2872,hauteurs,2,1,0.500
OT,H2892,splendeur,2,1,0.500
OT,H2942,ordre,2,1,0.500
OT,H2960,fardeau,2,1,0.500
OT,H2988,ruisseau,2,1,0.500
OT,H3,verdure,2,1,0.500
OT,H3183,Jahtseel,2,1,0.500
OT,H3194,Juta,2,1,0.500
OT,H3228,Benjamite,2,1,0.500
OT,H328,lentement,2,1,0.500
OT,H3349,obéissance,2,1,0.500
OT,H3373,crainte,2,1,0.500
OT,H3460,Jischmaeja,2,1,0.500
OT,H3466,Jeschana,2,1,0.500
OT,H3525,chaîne,2,1,0.500
OT,H3558,collier,2,1,0.500
OT,H3575,Cuth,2,1,0.500
OT,H3677,pleine lune,2,1,0.500
OT,H3690,soutien,2,1,0.500
OT,H3720,famine,2,1,0.500
OT,H3763,Keran,2,1,0.500
OT,H3792,écrit,2,1,0.500
OT,H3846,Libnites,2,1,0.500
OT,H3858,enchantement,2,1,0.500
OT,H3894,chair,2,1,0.500
OT,H4008,vœu,2,1,0.500
OT,H4035,grenier,2,1,0.500
OT,H4095,paroi escarpée,2,1,0.500
OT,H4129,parent,2,1,0.500
OT,H4143,fondement,2,1,0.500
OT,H4145,fondement,2,1,0.500
OT,H4163,origine,2,1,0.500
OT,H4165,fonte,2,1,0.500
OT,H4166,conduit,2,1,0.500
OT,H4188,Muschi,2,1,0.500
OT,H4214,van,2,1,0.500
OT,H4224,refuge,2,1,0.500
OT,H4226,poutres,2,1,0.500
OT,H4250,Machlites,2,1,0.500
OT,H4262,choses précieuses,2,1,0.500
OT,H4275,moitié,2,1,0.500
OT,H4322,Micaja,2,1,0.500
OT,H4373,estimation,2,1,0.500
OT,H4384,ruines,2,1,0.500
OT,H4388,mortier,2,1,0.500
OT,H4426,raillerie,2,1,0.500
OT,H4477,douceur,2,1,0.500
OT,H448,Éliatha,2,1,0.500
OT,H4504,offrande,2,1,0.500
OT,H4626,nudité,2,1,0.500
OT,H4642,oppression,2,1,0.500
OT,H4651,criblure,2,1,0.500
OT,H4666,voile,2,1,0.500
OT,H4675,poste,2,1,0.500
OT,H4690,colonne,2,1,0.500
OT,H4716,pourriture,2,1,0.500
OT,H4718,marteau,2,1,0.500
OT,H4802,poêle,2,1,0.500
OT,H482,colombe,2,1,0.500
OT,H4824,Méronothite,2,1,0.500
OT,H4859,dette,2,1,0.500
OT,H4862,désir,2,1,0.500
OT,H4876,ruines,2,1,0.500
OT,H4901,semence,2,1,0.500
OT,H4917,délivrance,2,1,0.500
OT,H4955,fournaise,2,1,0.500
OT,H4980,Matthana,2,1,0.500
OT,H4986,douceur,2,1,0.500
OT,H5100,mugissement,2,1,0.500
OT,H5171,Nachraï,2,1,0.500
OT,H5198,goutte,2,1,0.500
OT,H5199,Netopha,2,1,0.500
OT,H528,No-Amon,2,1,0.500
OT,H5285,épine,2,1,0.500
OT,H5349,berger,2,1,0.500
OT,H5458,or pur,2,1,0.500
OT,H548,alliance,2,1,0.500
OT,H549,Amana,2,1,0.500
OT,H5517,Sia,2,1,0.500
OT,H5594,deuil,2,1,0.500
OT,H5607,abondance,2,1,0.500
OT,H5622,manteau,2,1,0.500
OT,H5679,bateau,2,1,0.500
OT,H5690,chanteur agréable,2,1,0.500
OT,H5734,Adna,2,1,0.500
OT,H5757,Avviens,2,1,0.500
OT,H5761,Avviens,2,1,0.500
OT,H5794,forte,2,1,0.500
OT,H5841,gens de Gaza,2,1,0.500
OT,H5864,Ijjim,2,1,0.500
OT,H5868,avec violence,2,1,0.500
OT,H5914,ornement,2,1,0.500
OT,H5935,Alvan,2,1,0.500
OT,H6027,délices,2,1,0.500
OT,H6037,douceur,2,1,0.500
OT,H6047,Anamim,2,1,0.500
OT,H6055,Anania,2,1,0.500
OT,H6103,paresse,2,1,0.500
OT,H6139,Ékronien,2,1,0.500
OT,H6161,caution,2,1,0.500
OT,H6217,oppresseurs,2,1,0.500
OT,H6282,épaisse,2,1,0.500
OT,H6294,circonstance,2,1,0.500
OT,H6333,pressoir,2,1,0.500
OT,H6374,deux tranchants,2,1,0.500
OT,H6409,Paltiel,2,1,0.500
OT,H6464,Pau,2,1,0.500
OT,H6514,Perida,2,1,0.500
OT,H6520,chefs,2,1,0.500
OT,H6563,rapine,2,1,0.500
OT,H6575,détails,2,1,0.500
OT,H6596,gonds,2,1,0.500
OT,H6688,rayon de miel,2,1,0.500
OT,H6712,moquerie,2,1,0.500
OT,H6736,idoles,2,1,0.500
OT,H677,doigt,2,1,0.500
OT,H678,élite,2,1,0.500
OT,H6782,piège,2,1,0.500
OT,H6792,troupeaux,2,1,0.500
OT,H6856,ongle,2,1,0.500
OT,H6864,pierre aiguë,2,1,0.500
OT,H6907,lie,2,1,0.500
OT,H6918,saint,2,1,0.500
OT,H6942,sanctuaire,2,1,0.500
OT,H6952,assemblée,2,1,0.500
OT,H70,tour,2,1,0.500
OT,H7001,jointure,2,1,0.500
OT,H7037,chaudron,2,1,0.500
OT,H708,navette,2,1,0.500
OT,H7080,divination,2,1,0.500
OT,H7118,bout,2,1,0.500
OT,H7132,approche,2,1,0.500
OT,H7189,vérité,2,1,0.500
OT,H722,Arodites,2,1,0.500
OT,H7228,archer,2,1,0.500
OT,H7285,foule,2,1,0.500
OT,H7289,voile,2,1,0.500
OT,H7305,délivrance,2,1,0.500
OT,H7309,relâche,2,1,0.500
OT,H7310,abondance,2,1,0.500
OT,H7338,large,2,1,0.500
OT,H7384,Riphat,2,1,0.500
OT,H7388,salive,2,1,0.500
OT,H7447,ruine,2,1,0.500
OT,H7664,espérance,2,1,0.500
OT,H7724,Scheva,2,1,0.500
OT,H7769,cri,2,1,0.500
OT,H7830,lion,2,1,0.500
OT,H7885,rame,2,1,0.500
OT,H7897,vêtement,2,1,0.500
OT,H7916,mercenaire,2,1,0.500
OT,H7938,salaire,2,1,0.500
OT,H7983,puissance,2,1,0.500
OT,H7994,cormoran,2,1,0.500
OT,H8014,Schamlaï,2,1,0.500
OT,H805,Aschurim,2,1,0.500
OT,H8102,parole,2,1,0.500
OT,H814,présent,2,1,0.500
OT,H8145,second mois,2,1,0.500
OT,H8195,Schepho,2,1,0.500
OT,H8197,Schephuphan,2,1,0.500
OT,H8216,abaissement,2,1,0.500
OT,H8240,rebords,2,1,0.500
OT,H8250,boisson,2,1,0.500
OT,H8268,auge,2,1,0.500
OT,H8270,nombril,2,1,0.500
OT,H8288,courroie,2,1,0.500
OT,H8292,bêlement,2,1,0.500
OT,H8301,Sarid,2,1,0.500
OT,H8356,fondement,2,1,0.500
OT,H8357,cuisses,2,1,0.500
OT,H8377,girafe,2,1,0.500
OT,H8385,occasion,2,1,0.500
OT,H8442,dommage,2,1,0.500
OT,H849,sédition,2,1,0.500
OT,H8498,trésors,2,1,0.500
OT,H8506,mesure,2,1,0.500
OT,H8508,plan,2,1,0.500
OT,H8560,palmier,2,1,0.500
OT,H8586,enfant,2,1,0.500
OT,H8651,entrée,2,1,0.500
OT,H870,place,2,1,0.500
OT,H944,pâture,2,1,0.500
NT,G5590,âme,105,53,0.505
OT,H7097,extrémité,97,49,0.505
OT,H6098,conseil,89,45,0.506
OT,H4397,ange,213,108,0.507
OT,H5656,service,145,74,0.510
OT,H7716,agneau,47,24,0.511
OT,H5797,force,92,47,0.511
OT,H127,terre,225,115,0.511
OT,H4421,guerre,319,164,0.514
OT,H953,citerne,68,35,0.515
OT,H4557,nombre,134,69,0.515
OT,H6438,angle,29,15,0.517
OT,H7307,esprit,378,196,0.519
OT,H6341,piège,27,14,0.519
OT,H6285,côté,86,45,0.523
OT,H1697,parole,1455,765,0.526
OT,H5291,jeune fille,76,40,0.526
OT,H4405,parole,38,20,0.526
NT,G2937,création,19,10,0.526
OT,H1346,orgueil,19,10,0.526
OT,H4339,droiture,19,10,0.526
OT,H7455,méchanceté,19,10,0.526
OT,H6862,ennemis,72,38,0.528
OT,H197,portique,34,18,0.529
NT,G859,pardon,17,9,0.529
OT,H1363,hauteur,17,9,0.529
OT,H4979,don,17,9,0.529
OT,H530,fidélité,49,26,0.531
OT,H1880,cendre,15,8,0.533
OT,H3162,ensemble,15,8,0.533
OT,H7399,biens,28,15,0.536
OT,H3606,tout,39,21,0.538
NT,G5158,manière,13,7,0.538
OT,H1472,corps,13,7,0.538
OT,H6119,talon,13,7,0.538
NT,G2602,fondation,11,6,0.545
NT,G4698,entrailles,11,6,0.545
OT,H1447,mur,11,6,0.545
OT,H1448,parc,11,6,0.545
OT,H7757,bordure,11,6,0.545
OT,H1322,honte,31,17,0.548
OT,H4417,sel,29,16,0.552
OT,H2416,vie,267,148,0.554
NT,G165,siècle,128,71,0.555
NT,G2347,tribulation,45,25,0.556
OT,H7588,tumulte,18,10,0.556
NT,G899,profondeur,9,5,0.556
OT,H4385,écrit,9,5,0.556
OT,H1730,bien-aimé,61,34,0.557
OT,H3342,pressoir,16,9,0.562
OT,H3653,base,16,9,0.562
OT,H3733,béliers,16,9,0.562
OT,H3759,verger,16,9,0.562
OT,H4276,moitié,16,9,0.562
OT,H7991,officier,16,9,0.562
OT,H2534,colère,124,70,0.565
OT,H6924,orient,85,48,0.565
NT,G5550,temps,53,30,0.566
OT,H5088,vœu,60,34,0.567
OT,H6459,idole,30,17,0.567
OT,H970,jeune homme,44,25,0.568
OT,H4598,manteau,28,16,0.571
NT,G3115,patience,14,8,0.571
OT,H3004,sec,14,8,0.571
OT,H3940,flambeau,14,8,0.571
OT,H5058,instruments à cordes,14,8,0.571
OT,H5716,ornement,14,8,0.571
OT,H6016,gerbe,14,8,0.571
OT,H6468,salaire,14,8,0.571
NT,G1382,épreuve,7,4,0.571
NT,G1985,évêque,7,4,0.571
NT,G3417,mention,7,4,0.571
NT,G3461,myriade,7,4,0.571
NT,G543,désobéissance,7,4,0.571
NT,G5536,argent,7,4,0.571
NT,G874,occasion,7,4,0.571
OT,H1517,nerf,7,4,0.571
OT,H1803,pauvres,7,4,0.571
OT,H1979,marche,7,4,0.571
OT,H2250,meurtrissure,7,4,0.571
OT,H3933,moquerie,7,4,0.571
OT,H4617,réponse,7,4,0.571
OT,H6057,branche,7,4,0.571
NT,G3586,bois,19,11,0.579
OT,H2426,armée,19,11,0.579
OT,H6310,bouche,498,289,0.580
OT,H7068,jalousie,43,25,0.581
OT,H4060,mesure,55,32,0.582
NT,G2904,puissance,12,7,0.583
NT,G4077,source,12,7,0.583
OT,H202,force,12,7,0.583
OT,H3851,flamme,12,7,0.583
OT,H4103,trouble,12,7,0.583
OT,H5392,usure,12,7,0.583
OT,H6780,germe,12,7,0.583
OT,H817,sacrifice de culpabilité,46,27,0.587
OT,H2789,vase de terre,17,10,0.588
OT,H4929,garde,22,13,0.591
OT,H1347,orgueil,49,29,0.592
OT,H2346,muraille,133,79,0.594
OT,H8141,an,851,507,0.596
OT,H6086,bois,330,197,0.597
OT,H3444,salut,77,46,0.597
NT,G3625,monde,15,9,0.600
OT,H6154,trame,15,9,0.600
NT,G3495,jeune homme,10,6,0.600
NT,G38,sanctification,10,6,0.600
OT,H4444,Malki-Schua,10,6,0.600
OT,H6211,teigne,10,6,0.600
OT,H7075,biens,10,6,0.600
OT,H8544,image,10,6,0.600
OT,H910,solitaire,10,6,0.600
NT,G20,allégresse,5,3,0.600
NT,G2861,piscine,5,3,0.600
NT,G3011,ministre,5,3,0.600
NT,G3747,os,5,3,0.600
NT,G3848,transgresseur,5,3,0.600
NT,G5445,pâte,5,3,0.600
OT,H1010,Beth-Baal-Meon,5,3,0.600
OT,H11,abîme,5,3,0.600
OT,H1634,os,5,3,0.600
OT,H1965,temple,5,3,0.600
OT,H2028,carnage,5,3,0.600
OT,H2496,rocher,5,3,0.600
OT,H2503,Hélets,5,3,0.600
OT,H2825,ténèbres,5,3,0.600
OT,H3118,jour,5,3,0.600
OT,H342,inimitié,5,3,0.600
OT,H4174,descente,5,3,0.600
OT,H4406,parole,5,3,0.600
OT,H4445,Milcom,5,3,0.600
OT,H4705,petit,5,3,0.600
OT,H5007,outrage,5,3,0.600
OT,H5490,fin,5,3,0.600
OT,H5767,méchant,5,3,0.600
OT,H5862,Étham,5,3,0.600
OT,H611,malheur,5,3,0.600
OT,H6982,poutre,5,3,0.600
OT,H7538,carie,5,3,0.600
OT,H7541,tempe,5,3,0.600
OT,H8105,lie,5,3,0.600
OT,H8282,princesse,5,3,0.600
OT,H8463,maladie,5,3,0.600
OT,H8510,monceau de ruines,5,3,0.600
OT,H8583,Thoï,5,3,0.600
OT,H8588,délices,5,3,0.600
OT,H376,homme,2187,1317,0.602
OT,H2691,parvis,190,115,0.605
OT,H8641,offrande,76,46,0.605
OT,H2403,péché,299,181,0.605
OT,H6203,cou,33,20,0.606
NT,G602,révélation,18,11,0.611
OT,H7233,dix mille,18,11,0.611
OT,H5071,offrande volontaire,26,16,0.615
NT,G3814,servante,13,8,0.615
NT,G4516,Rome,13,8,0.615
OT,H2374,voyant,13,8,0.615
OT,H8193,lèvre,177,109,0.616
OT,H1892,vanité,73,45,0.616
NT,G3598,chemin,102,63,0.618
NT,G1248,ministère,34,21,0.618
NT,G3986,tentation,21,13,0.619
OT,H1300,éclair,21,13,0.619
NT,G3874,consolation,29,18,0.621
OT,H2483,maladie,24,15,0.625
OT,H5397,souffle,24,15,0.625
OT,H7699,sein,24,15,0.625
NT,G5179,modèle,16,10,0.625
OT,H7179,chaume,16,10,0.625
NT,G288,vigne,8,5,0.625
NT,G3521,jeûne,8,5,0.625
NT,G627,défense,8,5,0.625
OT,H359,Élath,8,5,0.625
OT,H4694,ville forte,8,5,0.625
OT,H6944,saint,467,292,0.625
OT,H8064,cieux,421,264,0.627
NT,G3313,partie,43,27,0.628
OT,H8077,désert,57,36,0.632
NT,G2873,travail,19,12,0.632
NT,G988,blasphème,19,12,0.632
OT,H7562,méchanceté,30,19,0.633
OT,H6763,côté,41,26,0.634
NT,G1035,nourriture,11,7,0.636
NT,G979,vie,11,7,0.636
OT,H2557,levain,11,7,0.636
OT,H354,cerf,11,7,0.636
OT,H4288,ruine,11,7,0.636
OT,H7467,Réuel,11,7,0.636
OT,H7752,fouet,11,7,0.636
NT,G93,injustice,25,16,0.640
OT,H3605,tout,5414,3466,0.640
OT,H7596,demande,14,9,0.643
OT,H1241,bœuf,183,118,0.645
OT,H6963,voix,506,327,0.646
OT,H5678,fureur,34,22,0.647
NT,G2205,zèle,17,11,0.647
OT,H4066,querelle,17,11,0.647
OT,H4349,demeure,17,11,0.647
NT,G1411,puissance,120,78,0.650
OT,H5944,chambre haute,20,13,0.650
OT,H7130,milieu,227,148,0.652
OT,H3569,Éthiopien,23,15,0.652
OT,H4334,plaine,23,15,0.652
OT,H4686,forteresse,23,15,0.652
OT,H5713,précepte,26,17,0.654
OT,H5833,secours,26,17,0.654
OT,H4150,assignation,223,146,0.655
OT,H4219,bassin,32,21,0.656
NT,G4143,barque,67,44,0.657
NT,G1939,convoitise,38,25,0.658
OT,H2764,interdit,38,25,0.658
OT,H7892,cantique,91,60,0.659
OT,H5715,témoignage,59,39,0.661
OT,H2723,ruine,42,28,0.667
OT,H8384,figuier,39,26,0.667
OT,H3123,colombe,33,22,0.667
OT,H7854,Satan,27,18,0.667
OT,H7926,épaule,21,14,0.667
OT,H1052,Beth-Schean,18,12,0.667
OT,H8032,auparavant,18,12,0.667
NT,G4625,scandale,15,10,0.667
OT,H5677,Héber,15,10,0.667
OT,H7564,méchanceté,15,10,0.667
NT,G833,cour,12,8,0.667
OT,H1459,milieu,12,8,0.667
OT,H4938,bâton,12,8,0.667
NT,G2054,querelle,9,6,0.667
NT,G4113,rue,9,6,0.667
OT,H1524,joie,9,6,0.667
OT,H2184,prostitution,9,6,0.667
OT,H3682,vêtement,9,6,0.667
NT,G2039,gain,6,4,0.667
NT,G2189,inimitié,6,4,0.667
NT,G2441,vêtement,6,4,0.667
NT,G3097,mages,6,4,0.667
NT,G3696,arme,6,4,0.667
NT,G3809,châtiment,6,4,0.667
NT,G5375,Philippes,6,4,0.667
NT,G5494,hiver,6,4,0.667
OT,H1120,Bamoth-Baal,6,4,0.667
OT,H2227,Zérachite,6,4,0.667
OT,H2704,Hatsar-Énan,6,4,0.667
OT,H3335,potier,6,4,0.667
OT,H3420,nielle,6,4,0.667
OT,H3511,douleur,6,4,0.667
OT,H3882,léviathan,6,4,0.667
OT,H4315,meilleur,6,4,0.667
OT,H4678,monument,6,4,0.667
OT,H469,Élitsaphan,6,4,0.667
OT,H4800,large,6,4,0.667
OT,H501,Éleasa,6,4,0.667
OT,H5257,prince,6,4,0.667
OT,H562,parole,6,4,0.667
OT,H6531,dureté,6,4,0.667
OT,H7249,chef des eunuques,6,4,0.667
OT,H7461,tremblement,6,4,0.667
OT,H7709,champ,6,4,0.667
OT,H7711,rouille,6,4,0.667
OT,H8013,Schelomith,6,4,0.667
OT,H8556,Thimnath-Sérach,6,4,0.667
OT,H913,étain,6,4,0.667
NT,G1370,division,3,2,0.667
NT,G161,captivité,3,2,0.667
NT,G1675,Helléniste,3,2,0.667
NT,G1778,commandement,3,2,0.667
NT,G2012,intendant,3,2,0.667
NT,G2299,déesse,3,2,0.667
NT,G2302,théâtre,3,2,0.667
NT,G2386,guérison,3,2,0.667
NT,G2471,égalité,3,2,0.667
NT,G2506,destruction,3,2,0.667
NT,G2515,siège,3,2,0.667
NT,G2747,Cenchrées,3,2,0.667
NT,G2912,Crétois,3,2,0.667
NT,G3016,petite pièce,3,2,0.667
NT,G3059,injure,3,2,0.667
NT,G3061,peste,3,2,0.667
NT,G3168,majesté,3,2,0.667
NT,G3682,Onésime,3,2,0.667
NT,G3806,passion,3,2,0.667
NT,G3807,pédagogue,3,2,0.667
NT,G42,sainteté,3,2,0.667
NT,G4244,collège des anciens,3,2,0.667
NT,G4246,vieillard,3,2,0.667
NT,G4273,traître,3,2,0.667
NT,G4297,progrès,3,2,0.667
NT,G4318,accès,3,2,0.667
NT,G4451,embrasement,3,2,0.667
NT,G4587,honnêteté,3,2,0.667
NT,G4967,boucherie,3,2,0.667
NT,G4997,modestie,3,2,0.667
NT,G5084,prison,3,2,0.667
NT,G5196,outrage,3,2,0.667
NT,G5280,avertissement,3,2,0.667
NT,G5510,neige,3,2,0.667
NT,G5575,faux témoin,3,2,0.667
NT,G5586,caillou,3,2,0.667
NT,G5601,Obed,3,2,0.667
NT,G689,Aram,3,2,0.667
NT,G724,rapine,3,2,0.667
NT,G728,arrhes,3,2,0.667
NT,G903,Balaam,3,2,0.667
NT,G931,tourment,3,2,0.667
OT,H1055,palais,3,2,0.667
OT,H1123,fils,3,2,0.667
OT,H1247,fils,3,2,0.667
OT,H1466,orgueil,3,2,0.667
OT,H1595,trésor,3,2,0.667
OT,H1599,Guinnethon,3,2,0.667
OT,H1694,défaut,3,2,0.667
OT,H1699,pâturage,3,2,0.667
OT,H1705,Dabrath,3,2,0.667
OT,H2130,Ziphiens,3,2,0.667
OT,H2140,Zaccaï,3,2,0.667
OT,H2177,provisions,3,2,0.667
OT,H2329,cercle,3,2,0.667
OT,H2489,malheureux,3,2,0.667
OT,H260,prairie,3,2,0.667
OT,H2646,chambre,3,2,0.667
OT,H2757,scie,3,2,0.667
OT,H2808,raison,3,2,0.667
OT,H3008,Jigueal,3,2,0.667
OT,H3168,Ézéchiel,3,2,0.667
OT,H3351,êtres,3,2,0.667
OT,H3359,Jekamja,3,2,0.667
OT,H338,chacals,3,2,0.667
OT,H3401,adversaire,3,2,0.667
OT,H3641,Calné,3,2,0.667
OT,H3712,branche,3,2,0.667
OT,H3758,cramoisi,3,2,0.667
OT,H3966,force,3,2,0.667
OT,H3982,ordre,3,2,0.667
OT,H3984,vase,3,2,0.667
OT,H4076,Mède,3,2,0.667
OT,H4195,abondance,3,2,0.667
OT,H4206,ceinture,3,2,0.667
OT,H43,Ebjasaph,3,2,0.667
OT,H4356,bergerie,3,2,0.667
OT,H4420,terre salée,3,2,0.667
OT,H4486,intelligence,3,2,0.667
OT,H4506,Manahath,3,2,0.667
OT,H4618,sillon,3,2,0.667
OT,H4683,querelle,3,2,0.667
OT,H4703,pas,3,2,0.667
OT,H4712,détresse,3,2,0.667
OT,H4766,accroissement,3,2,0.667
OT,H4788,misère,3,2,0.667
OT,H4839,jus,3,2,0.667
OT,H4866,enfantement,3,2,0.667
OT,H5016,prophétie,3,2,0.667
OT,H5209,postérité,3,2,0.667
OT,H5220,descendant,3,2,0.667
OT,H523,peuple,3,2,0.667
OT,H5304,Nephusim,3,2,0.667
OT,H5435,vin,3,2,0.667
OT,H5447,fardeau,3,2,0.667
OT,H5448,fardeau,3,2,0.667
OT,H5547,pardon,3,2,0.667
OT,H5554,Séla,3,2,0.667
OT,H5646,entablement,3,2,0.667
OT,H5726,Adullamite,3,2,0.667
OT,H5788,aveuglement,3,2,0.667
OT,H5847,chauve-souris,3,2,0.667
OT,H5879,Énaïm,3,2,0.667
OT,H6060,collier,3,2,0.667
OT,H6109,force,3,2,0.667
OT,H612,liens,3,2,0.667
OT,H625,récolte,3,2,0.667
OT,H6391,ruisseaux,3,2,0.667
OT,H642,éphod,3,2,0.667
OT,H6487,dépôt,3,2,0.667
OT,H6632,litière,3,2,0.667
OT,H6725,signe,3,2,0.667
OT,H6774,terre desséchée,3,2,0.667
OT,H679,aisselle,3,2,0.667
OT,H6807,marche,3,2,0.667
OT,H6815,Tsaannaïm,3,2,0.667
OT,H6825,Tsepho,3,2,0.667
OT,H7047,moquerie,3,2,0.667
OT,H7095,mesure,3,2,0.667
OT,H7099,extrémité,3,2,0.667
OT,H7293,orgueil,3,2,0.667
OT,H7332,dépérissement,3,2,0.667
OT,H7452,cri,3,2,0.667
OT,H7475,poursuite,3,2,0.667
OT,H7499,remède,3,2,0.667
OT,H7678,Schabbethaï,3,2,0.667
OT,H7697,délire,3,2,0.667
OT,H7881,méditation,3,2,0.667
OT,H7943,ivresse,3,2,0.667
OT,H815,tamaris,3,2,0.667
OT,H8186,chose horrible,3,2,0.667
OT,H8299,sarment,3,2,0.667
OT,H83,aile,3,2,0.667
OT,H8420,marque,3,2,0.667
OT,H8496,fraude,3,2,0.667
OT,H8580,cygne,3,2,0.667
OT,H8584,témoignage,3,2,0.667
OT,H8587,secret,3,2,0.667
OT,H8650,mât,3,2,0.667
OT,H889,puanteur,3,2,0.667
OT,H922,vide,3,2,0.667
OT,H986,confiance,3,2,0.667
OT,H1995,multitude,85,57,0.671
OT,H113,seigneur,329,221,0.672
OT,H3709,main,195,131,0.672
OT,H1320,chair,270,183,0.678
OT,H4539,rideau,25,17,0.680
OT,H6664,justice,119,81,0.681
OT,H2964,proie,22,15,0.682
OT,H4496,repos,22,15,0.682
OT,H7050,toile,22,15,0.682
NT,G2455,Judas,38,26,0.684
OT,H4945,échanson,19,13,0.684
OT,H6556,brèche,19,13,0.684
OT,H7785,épaule,19,13,0.684
NT,G5117,lieu,92,63,0.685
OT,H6869,détresse,73,50,0.685
OT,H5608,secrétaire,54,37,0.685
NT,G4215,fleuve,16,11,0.688
OT,H1954,Osée,16,11,0.688
OT,H8416,louange,58,40,0.690
OT,H2154,crime,29,20,0.690
OT,H3117,jour,2304,1590,0.690
OT,H3603,talent,68,47,0.691
OT,H7965,paix,237,164,0.692
NT,G391,conduite,13,9,0.692
OT,H1433,grandeur,13,9,0.692
OT,H2981,produit,13,9,0.692
OT,H5039,infamie,13,9,0.692
OT,H7098,extrémité,36,25,0.694
OT,H7161,corne,76,53,0.697
OT,H6106,os,126,88,0.698
OT,H7019,été,20,14,0.700
NT,G5564,champ,10,7,0.700
NT,G629,rédemption,10,7,0.700
OT,H1367,limite,10,7,0.700
OT,H3266,Jeusch,10,7,0.700
OT,H4745,sort,10,7,0.700
OT,H4830,troupeau,10,7,0.700
OT,H5402,armes,10,7,0.700
OT,H653,ténèbres,10,7,0.700
OT,H3581,force,127,89,0.701
OT,H565,parole,37,26,0.703
OT,H5116,demeure,34,24,0.706
OT,H367,terreur,17,12,0.706
OT,H8135,haine,17,12,0.706
NT,G3952,avènement,24,17,0.708
OT,H6456,idole,24,17,0.708
OT,H5035,luth,38,27,0.711
NT,G5056,fin,42,30,0.714
NT,G4578,tremblement de terre,14,10,0.714
OT,H1250,blé,14,10,0.714
OT,H3015,douleur,14,10,0.714
OT,H4490,portion,14,10,0.714
OT,H5697,génisse,14,10,0.714
NT,G1589,élection,7,5,0.714
NT,G2052,esprit de dispute,7,5,0.714
NT,G3402,imitateur,7,5,0.714
NT,G4189,méchanceté,7,5,0.714
NT,G4826,Siméon,7,5,0.714
NT,G5272,hypocrisie,7,5,0.714
OT,H1460,dos,7,5,0.714
OT,H2290,ceinture,7,5,0.714
OT,H2427,douleur,7,5,0.714
OT,H2455,profane,7,5,0.714
OT,H2779,hiver,7,5,0.714
OT,H2793,forêt,7,5,0.714
OT,H3919,Laïs,7,5,0.714
OT,H4156,conseil,7,5,0.714
OT,H4285,ténèbres,7,5,0.714
OT,H4521,portion,7,5,0.714
OT,H7253,côté,7,5,0.714
OT,H8649,tromperie,7,5,0.714
OT,H5869,œil,897,642,0.716
OT,H2506,part,67,48,0.716
NT,G4128,multitude,32,23,0.719
OT,H3715,lionceau,32,23,0.719
OT,H3972,rien,32,23,0.719
OT,H2513,champ,25,18,0.720
OT,H7497,Rephaïm,25,18,0.720
OT,H4294,tribu,252,182,0.722
NT,G4171,guerre,18,13,0.722
OT,H2441,palais,18,13,0.722
NT,G1108,connaissance,29,21,0.724
OT,H3899,pain,298,216,0.725
OT,H4592,peu,80,58,0.725
OT,H753,longueur,95,69,0.726
OT,H3971,défaut,22,16,0.727
OT,H7281,instant,22,16,0.727
OT,H121,Adam,11,8,0.727
OT,H1534,roue,11,8,0.727
OT,H3049,esprit,11,8,0.727
OT,H6616,cordon,11,8,0.727
OT,H8068,ronce,11,8,0.727
OT,H8263,abomination,11,8,0.727
NT,G4487,parole,70,51,0.729
OT,H6256,temps,295,215,0.729
OT,H6467,œuvre,37,27,0.730
OT,H5591,tempête,26,19,0.731
OT,H4725,lieu,401,294,0.733
OT,H2671,flèche,45,33,0.733
NT,G1121,lettre,15,11,0.733
NT,G5218,obéissance,15,11,0.733
OT,H4394,consécration,15,11,0.733
OT,H6731,fleur,15,11,0.733
OT,H8318,reptile,15,11,0.733
OT,H8574,four,15,11,0.733
NT,G1860,promesse,53,39,0.736
OT,H2436,sein,38,28,0.737
OT,H7641,épi,19,14,0.737
OT,H6160,plaine,61,45,0.738
OT,H3671,aile,111,82,0.739
OT,H5766,iniquité,54,40,0.741
OT,H5360,vengeance,27,20,0.741
NT,G2440,vêtement,62,46,0.742
OT,H3499,reste,102,76,0.745
OT,H3027,main,1627,1215,0.747
OT,H5612,livre,188,141,0.750
OT,H2555,violence,60,45,0.750
NT,G2920,jugement,48,36,0.750
NT,G68,champ,36,27,0.750
OT,H3468,salut,36,27,0.750
OT,H8415,abîme,36,27,0.750
OT,H5592,seuil,32,24,0.750
OT,H7416,grenade,32,24,0.750
NT,G694,argent,20,15,0.750
NT,G5160,nourriture,16,12,0.750
OT,H4885,joie,16,12,0.750
OT,H6218,dixième,16,12,0.750
OT,H8201,jugements,16,12,0.750
NT,G3042,famine,12,9,0.750
OT,H3713,coupe,12,9,0.750
OT,H4550,marche,12,9,0.750
OT,H6363,premier-né,12,9,0.750
OT,H7633,captifs,12,9,0.750
NT,G1742,vêtement,8,6,0.750
NT,G4978,division,8,6,0.750
OT,H1022,Bethléhémite,8,6,0.750
OT,H1393,Gabaonites,8,6,0.750
OT,H1808,rameau,8,6,0.750
OT,H3087,Jotsadak,8,6,0.750
OT,H4409,Malluc,8,6,0.750
OT,H4498,refuge,8,6,0.750
OT,H4658,chute,8,6,0.750
OT,H7647,abondance,8,6,0.750
NT,G1,Alpha,4,3,0.750
NT,G1466,tempérance,4,3,0.750
NT,G1761,pensée,4,3,0.750
NT,G19,bonté,4,3,0.750
NT,G2083,compagnon,4,3,0.750
NT,G2356,religion,4,3,0.750
NT,G2438,courroie,4,3,0.750
NT,G2938,créature,4,3,0.750
NT,G3001,légume,4,3,0.750
NT,G3163,querelle,4,3,0.750
NT,G3411,mercenaire,4,3,0.750
NT,G3430,adultère,4,3,0.750
NT,G3458,meule,4,3,0.750
NT,G3534,victoire,4,3,0.750
NT,G364,mémoire,4,3,0.750
NT,G3701,vision,4,3,0.750
NT,G4088,amertume,4,3,0.750
NT,G4114,largeur,4,3,0.750
NT,G4734,Stéphanas,4,3,0.750
NT,G5014,humiliation,4,3,0.750
NT,G5022,taureau,4,3,0.750
NT,G5418,haie,4,3,0.750
NT,G5427,affection,4,3,0.750
NT,G5435,Phrygie,4,3,0.750
NT,G5598,Oméga,4,3,0.750
NT,G5604,douleur,4,3,0.750
NT,G6,Abel,4,3,0.750
NT,G651,apostolat,4,3,0.750
NT,G747,Prince,4,3,0.750
NT,G877,folie,4,3,0.750
OT,H1155,raisin vert,4,3,0.750
OT,H1207,marais,4,3,0.750
OT,H1400,homme,4,3,0.750
OT,H1415,rive,4,3,0.750
OT,H1430,gerbe,4,3,0.750
OT,H1498,rapine,4,3,0.750
OT,H1610,seul,4,3,0.750
OT,H1654,Guéschem,4,3,0.750
OT,H1717,sein,4,3,0.750
OT,H1896,Hégaï,4,3,0.750
OT,H2454,sagesse,4,3,0.750
OT,H2753,Hori,4,3,0.750
OT,H3075,Jozabad,4,3,0.750
OT,H3227,Benjamite,4,3,0.750
OT,H3610,espèces différentes,4,3,0.750
OT,H3685,Orion,4,3,0.750
OT,H3866,Ludim,4,3,0.750
OT,H4030,présents,4,3,0.750
OT,H4213,peu,4,3,0.750
OT,H4520,Manassite,4,3,0.750
OT,H4909,salaire,4,3,0.750
OT,H5009,gémissement,4,3,0.750
OT,H5290,jeunesse,4,3,0.750
OT,H5292,Naara,4,3,0.750
OT,H5322,épervier,4,3,0.750
OT,H5342,rejeton,4,3,0.750
OT,H5434,Séba,4,3,0.750
OT,H5667,gage,4,3,0.750
OT,H5672,épaisseur,4,3,0.750
OT,H603,gémissement,4,3,0.750
OT,H6433,bouche,4,3,0.750
OT,H6695,détresse,4,3,0.750
OT,H7008,fumée,4,3,0.750
OT,H7062,poignée,4,3,0.750
OT,H7146,partie chauve,4,3,0.750
OT,H7463,ami,4,3,0.750
OT,H7875,chaux,4,3,0.750
OT,H8099,Siméonites,4,3,0.750
OT,H8562,toilette,4,3,0.750
OT,H955,honte,4,3,0.750
OT,H7626,tribu,190,143,0.753
OT,H3206,enfant,90,68,0.756
NT,G758,chef,37,28,0.757
OT,H7110,colère,29,22,0.759
OT,H639,colère,216,164,0.759
OT,H1330,vierge,50,38,0.760
NT,G1785,commandement,71,54,0.761
OT,H6967,hauteur,46,35,0.761
NT,G1074,génération,42,32,0.762
OT,H983,sécurité,42,32,0.762
OT,H6471,fois,118,90,0.763
OT,H2315,chambre,38,29,0.763
OT,H160,amour,34,26,0.765
OT,H5359,vengeance,17,13,0.765
OT,H241,oreille,188,144,0.766
OT,H5158,torrent,141,108,0.766
NT,G5438,prison,47,36,0.766
OT,H2905,rangée,26,20,0.769
OT,H7605,reste,26,20,0.769
NT,G3862,tradition,13,10,0.769
OT,H2715,grands,13,10,0.769
OT,H3775,agneau,13,10,0.769
OT,H4829,pâturage,13,10,0.769
OT,H7064,nid,13,10,0.769
OT,H4908,tabernacle,139,107,0.770
NT,G4690,postérité,44,34,0.773
OT,H7568,filet,22,17,0.773
NT,G3686,nom,229,177,0.773
OT,H1121,fils,4942,3820,0.773
OT,H8071,vêtement,31,24,0.774
OT,H1964,temple,80,62,0.775
OT,H8432,milieu,420,326,0.776
OT,H8057,joie,94,73,0.777
OT,H4687,commandement,184,143,0.777
OT,H4467,royaume,117,91,0.778
OT,H3104,jubilé,27,21,0.778
NT,G4166,berger,18,14,0.778
OT,H4726,source,18,14,0.778
NT,G1106,avis,9,7,0.778
NT,G139,secte,9,7,0.778
NT,G2985,lampe,9,7,0.778
NT,G5356,corruption,9,7,0.778
NT,G5480,marque,9,7,0.778
NT,G766,dissolution,9,7,0.778
OT,H1404,maîtresse,9,7,0.778
OT,H1650,Gueschur,9,7,0.778
OT,H2069,Zebadia,9,7,0.778
OT,H3096,Jahats,9,7,0.778
OT,H4468,royaume,9,7,0.778
OT,H4627,marchandise,9,7,0.778
OT,H6062,Anakim,9,7,0.778
OT,H8191,délices,9,7,0.778
OT,H98,étang,9,7,0.778
OT,H6951,assemblée,123,96,0.780
OT,H3830,vêtement,32,25,0.781
OT,H1471,nations,567,443,0.781
NT,G2540,temps,87,68,0.782
OT,H8127,dent,55,43,0.782
OT,H226,signe,79,62,0.785
NT,G1763,année,14,11,0.786
NT,G5449,nature,14,11,0.786
OT,H1877,herbe,14,11,0.786
OT,H3476,droiture,14,11,0.786
OT,H8453,étranger,14,11,0.786
OT,H7611,reste,66,52,0.788
OT,H1416,troupe,33,26,0.788
OT,H6187,estimation,33,26,0.788
OT,H7227,chef,33,26,0.788
NT,G2776,tête,76,60,0.789
OT,H8394,intelligence,43,34,0.791
OT,H8438,cramoisi,43,34,0.791
OT,H352,bélier,196,155,0.791
OT,H4682,pains sans levain,53,42,0.792
OT,H5771,iniquité,232,184,0.793
OT,H8615,espérance,34,27,0.794
OT,H2781,opprobre,73,58,0.795
OT,H1060,premier-né,118,94,0.797
NT,G1401,serviteur,125,100,0.800
OT,H2377,vision,35,28,0.800
NT,G1922,connaissance,20,16,0.800
NT,G2359,cheveu,15,12,0.800
NT,G3027,brigand,15,12,0.800
NT,G3480,de Nazareth,15,12,0.800
NT,G5103,Tite,15,12,0.800
OT,H2893,purification,15,12,0.800
OT,H7237,Rabba,15,12,0.800
NT,G1203,maître,10,8,0.800
NT,G1345,ordonnance,10,8,0.800
NT,G395,orient,10,8,0.800
NT,G4124,cupidité,10,8,0.800
NT,G5408,meurtre,10,8,0.800
NT,G5544,bonté,10,8,0.800
OT,H1558,à cause de,10,8,0.800
OT,H4673,poste,10,8,0.800
OT,H4749,or battu,10,8,0.800
OT,H6418,district,10,8,0.800
OT,H6439,Penuel,10,8,0.800
OT,H6549,Pharaon Néco,10,8,0.800
OT,H7158,Kirjath-Sépher,10,8,0.800
NT,G1049,tronc,5,4,0.800
NT,G1116,Gomorrhe,5,4,0.800
NT,G231,pêcheur,5,4,0.800
NT,G2394,Jason,5,4,0.800
NT,G2421,Isaï,5,4,0.800
NT,G2482,Italie,5,4,0.800
NT,G2899,bord,5,4,0.800
NT,G3310,part,5,4,0.800
NT,G3454,fable,5,4,0.800
NT,G3503,jeunesse,5,4,0.800
NT,G3608,linges,5,4,0.800
NT,G3628,miséricorde,5,4,0.800
NT,G3680,opprobre,5,4,0.800
NT,G372,repos,5,4,0.800
NT,G3803,piège,5,4,0.800
NT,G3834,ruse,5,4,0.800
NT,G3875,consolateur,5,4,0.800
NT,G3942,parabole,5,4,0.800
NT,G4252,Priscille,5,4,0.800
NT,G4430,cadavre,5,4,0.800
NT,G476,adversaire,5,4,0.800
NT,G5156,tremblement,5,4,0.800
NT,G5287,substance,5,4,0.800
NT,G5411,tribut,5,4,0.800
NT,G703,vertu,5,4,0.800
NT,G942,buisson,5,4,0.800
OT,H1231,Bukki,5,4,0.800
OT,H1660,pressoir,5,4,0.800
OT,H1690,masse de figues,5,4,0.800
OT,H1789,Dischan,5,4,0.800
OT,H1839,Danites,5,4,0.800
OT,H1927,ornement,5,4,0.800
OT,H2407,Hattusch,5,4,0.800
OT,H2843,Huschatite,5,4,0.800
OT,H4162,Motsa,5,4,0.800
OT,H4227,poêle,5,4,0.800
OT,H4531,épreuve,5,4,0.800
OT,H529,fidèle,5,4,0.800
OT,H6446,couleurs,5,4,0.800
OT,H6689,Tsuph,5,4,0.800
OT,H673,Éphratien,5,4,0.800
OT,H7134,hache,5,4,0.800
OT,H7135,froid,5,4,0.800
OT,H7413,haut lieu,5,4,0.800
OT,H8106,Schémer,5,4,0.800
OT,H8485,Théma,5,4,0.800
OT,H8538,intégrité,5,4,0.800
OT,H7704,champ,334,268,0.802
OT,H7133,offrande,82,66,0.805
OT,H5387,prince,134,108,0.806
NT,G4202,impudicité,26,21,0.808
OT,H2708,loi,105,85,0.810
NT,G1320,maître,58,47,0.810
OT,H4578,entrailles,32,26,0.812
OT,H425,Éla,16,13,0.812
OT,H4307,prison,16,13,0.812
NT,G5092,honneur,43,35,0.814
OT,H5707,témoin,70,57,0.814
NT,G3056,parole,330,269,0.815
OT,H8492,moût,38,31,0.816
OT,H998,intelligence,38,31,0.816
OT,H3820,cœur,596,487,0.817
OT,H6666,justice,159,130,0.818
OT,H216,lumière,121,99,0.818
OT,H8328,racine,33,27,0.818
OT,H8342,joie,22,18,0.818
NT,G1868,louange,11,9,0.818
OT,H2336,épine,11,9,0.818
OT,H2504,reins,11,9,0.818
OT,H4363,Micmasch,11,9,0.818
OT,H5550,terrasse,11,9,0.818
OT,H6194,tas,11,9,0.818
OT,H632,engagement,11,9,0.818
OT,H6936,sommet de la tête,11,9,0.818
OT,H8034,nom,864,707,0.818
OT,H7341,largeur,101,83,0.822
OT,H8441,abomination,118,97,0.822
NT,G5456,voix,141,116,0.823
NT,G4491,racine,17,14,0.824
OT,H2420,énigme,17,14,0.824
OT,H4217,orient,74,61,0.824
OT,H6921,orient,69,57,0.826
OT,H4960,festin,46,38,0.826
NT,G1504,image,23,19,0.826
NT,G3900,offense,23,19,0.826
OT,H8486,midi,23,19,0.826
OT,H1116,haut lieu,104,86,0.827
OT,H2399,péché,35,29,0.829
NT,G1484,nation,164,136,0.829
NT,G5401,crainte,47,39,0.830
OT,H5553,rocher,59,49,0.831
NT,G2098,évangile,77,64,0.831
OT,H3220,mer,396,330,0.833
OT,H3407,tapis,54,45,0.833
OT,H7105,moisson,54,45,0.833
OT,H582,homme,42,35,0.833
OT,H7621,serment,30,25,0.833
NT,G3341,repentance,24,20,0.833
NT,G3816,serviteur,24,20,0.833
OT,H3003,Jabès,24,20,0.833
OT,H7684,involontairement,18,15,0.833
NT,G1485,coutume,12,10,0.833
NT,G968,tribunal,12,10,0.833
OT,H130,Édomite,12,10,0.833
OT,H1538,tête,12,10,0.833
OT,H155,manteau,12,10,0.833
OT,H5997,prochain,12,10,0.833
OT,H6355,Pachath-Moab,12,10,0.833
NT,G123,rivage,6,5,0.833
NT,G206,extrémité,6,5,0.833
NT,G2218,joug,6,5,0.833
NT,G2671,malédiction,6,5,0.833
NT,G2859,sein,6,5,0.833
NT,G2993,Laodicée,6,5,0.833
NT,G331,anathème,6,5,0.833
NT,G4081,boue,6,5,0.833
NT,G4616,linceul,6,5,0.833
NT,G5190,Tychique,6,5,0.833
NT,G5258,sommeil,6,5,0.833
NT,G73,combat,6,5,0.833
NT,G763,impiété,6,5,0.833
OT,H1551,Galilée,6,5,0.833
OT,H1905,Hagarénien,6,5,0.833
OT,H217,feu,6,5,0.833
OT,H2535,soleil,6,5,0.833
OT,H2752,Horiens,6,5,0.833
OT,H295,Ahiézer,6,5,0.833
OT,H3066,judaïque,6,5,0.833
OT,H32,Abichaïl,6,5,0.833
OT,H3418,herbe,6,5,0.833
OT,H3585,mensonge,6,5,0.833
OT,H4093,intelligence,6,5,0.833
OT,H4234,danse,6,5,0.833
OT,H4457,mouchettes,6,5,0.833
OT,H4494,repos,6,5,0.833
OT,H4809,Meriba,6,5,0.833
OT,H5138,potage,6,5,0.833
OT,H6620,aspic,6,5,0.833
OT,H6976,Hakkots,6,5,0.833
OT,H7039,grain rôti,6,5,0.833
OT,H7241,pluie,6,5,0.833
OT,H7482,tonnerre,6,5,0.833
OT,H7643,Sibma,6,5,0.833
OT,H851,Eschthemoa,6,5,0.833
OT,H8599,Tappuach,6,5,0.833
OT,H6083,poussière,110,92,0.836
OT,H6051,nuée,87,73,0.839
OT,H4264,camp,216,182,0.843
OT,H4503,offrande,211,178,0.844
OT,H7272,pied,251,212,0.845
OT,H2220,bras,91,77,0.846
OT,H4279,demain,52,44,0.846
OT,H4046,plaie,26,22,0.846
OT,H5410,sentier,26,22,0.846
OT,H2916,boue,13,11,0.846
OT,H8646,Térach,13,11,0.846
NT,G1242,alliance,33,28,0.848
OT,H457,idole,20,17,0.850
NT,G4521,sabbat,68,58,0.853
OT,H3563,coupe,34,29,0.853
OT,H1293,bénédiction,69,59,0.855
OT,H68,pierre,273,234,0.857
OT,H5488,mer Rouge,28,24,0.857
OT,H7939,salaire,28,24,0.857
NT,G4621,blé,14,12,0.857
NT,G910,Baptiste,14,12,0.857
OT,H1339,Bath-Schéba,14,12,0.857
OT,H1353,rachat,14,12,0.857
NT,G2003,ordre,7,6,0.857
NT,G2351,tumulte,7,6,0.857
NT,G2512,purification,7,6,0.857
NT,G2725,accusateur,7,6,0.857
NT,G2882,Corinthe,7,6,0.857
NT,G3558,midi,7,6,0.857
NT,G3690,vinaigre,7,6,0.857
NT,G4736,Étienne,7,6,0.857
NT,G4907,intelligence,7,6,0.857
NT,G5137,cou,7,6,0.857
NT,G5491,lèvre,7,6,0.857
NT,G5568,psaume,7,6,0.857
OT,H1146,bâtiment,7,6,0.857
OT,H1165,bétail,7,6,0.857
OT,H1614,soufre,7,6,0.857
OT,H1736,mandragore,7,6,0.857
OT,H1787,Dischon,7,6,0.857
OT,H185,désir,7,6,0.857
OT,H2239,empan,7,6,0.857
OT,H2341,Havila,7,6,0.857
OT,H3367,gloire,7,6,0.857
OT,H3672,Kinnéreth,7,6,0.857
OT,H4024,Migdol,7,6,0.857
OT,H5063,plaie,7,6,0.857
OT,H5959,jeune fille,7,6,0.857
OT,H6443,perles,7,6,0.857
OT,H6781,bracelet,7,6,0.857
OT,H682,Atsel,7,6,0.857
OT,H7776,renard,7,6,0.857
OT,H8289,Saron,7,6,0.857
OT,H8590,Thaanac,7,6,0.857
OT,H3519,gloire,200,172,0.860
OT,H3824,cœur,251,216,0.861
OT,H214,trésor,79,68,0.861
OT,H8398,monde,36,31,0.861
OT,H2975,fleuve,65,56,0.862
NT,G746,commencement,58,50,0.862
OT,H7381,odeur,58,50,0.862
OT,H7151,ville,29,25,0.862
NT,G2590,fruit,66,57,0.864
NT,G4149,richesse,22,19,0.864
NT,G5506,tribun,22,19,0.864
NT,G908,baptême,22,19,0.864
OT,H4289,brasier,22,19,0.864
OT,H8457,prostitution,22,19,0.864
OT,H5650,serviteur,803,694,0.864
OT,H3778,Chaldéens,82,71,0.866
OT,H2406,froment,30,26,0.867
NT,G458,iniquité,15,13,0.867
OT,H6595,morceau,15,13,0.867
OT,H804,Assyrie,151,131,0.868
OT,H4735,troupeaux,76,66,0.868
NT,G2226,être vivant,23,20,0.870
OT,H4744,convocation,23,20,0.870
OT,H7810,présent,23,20,0.870
OT,H8142,sommeil,23,20,0.870
NT,G435,homme,215,187,0.870
OT,H6172,nudité,54,47,0.870
OT,H5061,plaie,78,68,0.872
OT,H6002,Amalek,39,34,0.872
OT,H4194,mort,157,137,0.873
NT,G4750,bouche,79,69,0.873
OT,H5159,héritage,222,194,0.874
OT,H5045,midi,111,97,0.874
OT,H2822,ténèbres,80,70,0.875
OT,H2145,mâle,24,21,0.875
OT,H60,deuil,24,21,0.875
NT,G1198,prisonnier,16,14,0.875
NT,G2040,ouvrier,16,14,0.875
NT,G4653,ténèbres,16,14,0.875
OT,H1005,maison,16,14,0.875
OT,H1425,Gadites,16,14,0.875
OT,H4341,douleur,16,14,0.875
OT,H5816,Uziel,16,14,0.875
OT,H7992,tiers,16,14,0.875
NT,G3751,rein,8,7,0.875
OT,H1246,demande,8,7,0.875
OT,H1508,place vide,8,7,0.875
OT,H1865,liberté,8,7,0.875
OT,H2401,péché,8,7,0.875
OT,H2553,idoles,8,7,0.875
OT,H4032,épouvante,8,7,0.875
OT,H4403,vêtement,8,7,0.875
OT,H4455,butin,8,7,0.875
OT,H4602,Maacathien,8,7,0.875
OT,H4671,balle,8,7,0.875
OT,H7172,sol,8,7,0.875
OT,H7496,morts,8,7,0.875
OT,H7531,pavé,8,7,0.875
OT,H2719,épée,413,362,0.877
NT,G3624,maison,114,100,0.877
OT,H6571,cavalier,57,50,0.877
OT,H561,parole,49,43,0.878
OT,H6677,cou,41,36,0.878
NT,G4221,coupe,33,29,0.879
OT,H339,îles,33,29,0.879
OT,H6654,côté,33,29,0.879
NT,G3850,parabole,50,44,0.880
OT,H4609,degrés,50,44,0.880
OT,H5699,char,25,22,0.880
OT,H8467,supplication,25,22,0.880
OT,H8559,Tamar,25,22,0.880
NT,G1093,terre,252,222,0.881
OT,H5631,eunuque,42,37,0.881
OT,H7458,famine,101,89,0.881
NT,G4228,pied,93,82,0.882
OT,H8227,Schaphan,34,30,0.882
OT,H1145,Benjamite,17,15,0.882
OT,H1648,Guerschon,17,15,0.882
OT,H3273,Jeïel,17,15,0.882
OT,H6271,Athalie,17,15,0.882
OT,H6772,soif,17,15,0.882
OT,H7431,reptile,17,15,0.882
OT,H3871,table,43,38,0.884
OT,H6510,vache,26,23,0.885
OT,H6685,jeûne,26,23,0.885
OT,H8269,chef,421,373,0.886
OT,H3225,droite,141,125,0.887
NT,G5610,heure,108,96,0.889
NT,G4991,salut,45,40,0.889
OT,H4170,piège,27,24,0.889
OT,H3730,pomme,18,16,0.889
OT,H4324,Mical,18,16,0.889
OT,H7014,Caïn,18,16,0.889
OT,H8469,supplication,18,16,0.889
NT,G1081,fruit,9,8,0.889
NT,G2805,pleurs,9,8,0.889
NT,G5040,petit enfant,9,8,0.889
NT,G5355,envie,9,8,0.889
NT,G5579,mensonge,9,8,0.889
OT,H1673,Doëg,9,8,0.889
OT,H3103,Jobab,9,8,0.889
OT,H3500,Jéther,9,8,0.889
OT,H4432,Moloc,9,8,0.889
OT,H467,Éliphéleth,9,8,0.889
OT,H4865,monture,9,8,0.889
OT,H5509,scories,9,8,0.889
OT,H652,ténèbres,9,8,0.889
OT,H663,Aphek,9,8,0.889
OT,H7214,buffle,9,8,0.889
OT,H7668,blé,9,8,0.889
OT,H863,Ittaï,9,8,0.889
OT,H2459,graisse,92,82,0.891
OT,H7998,butin,74,66,0.892
OT,H4899,oint,37,33,0.892
OT,H875,puits,37,33,0.892
OT,H1397,homme,65,58,0.892
OT,H5712,assemblée,149,133,0.893
OT,H519,servante,56,50,0.893
OT,H6346,gouverneur,28,25,0.893
OT,H8251,abomination,28,25,0.893
OT,H6430,Philistins,290,259,0.893
OT,H1323,fille,590,527,0.893
OT,H4975,reins,47,42,0.894
OT,H899,vêtement,218,195,0.894
NT,G2250,jour,389,348,0.895
OT,H7198,arc,76,68,0.895
OT,H2132,olivier,38,34,0.895
NT,G1092,vigneron,19,17,0.895
OT,H3852,flamme,19,17,0.895
NT,G932,royaume,162,145,0.895
OT,H1486,sort,77,69,0.896
NT,G2378,sacrifice,29,26,0.897
OT,H1314,aromate,29,26,0.897
OT,H120,homme,552,495,0.897
OT,H6635,armée,487,437,0.897
NT,G2374,porte,39,35,0.897
NT,G2041,œuvre,176,158,0.898
OT,H4948,poids,49,44,0.898
OT,H7794,bœuf,79,71,0.899
NT,G1391,gloire,168,151,0.899
OT,H5857,Aï,40,36,0.900
NT,G5273,hypocrite,20,18,0.900
OT,H1265,cyprès,20,18,0.900
OT,H8219,plaine,20,18,0.900
NT,G167,impureté,10,9,0.900
NT,G2825,lit,10,9,0.900
NT,G2883,Corneille,10,9,0.900
NT,G3925,camp,10,9,0.900
NT,G4439,porte,10,9,0.900
NT,G4670,Sodome,10,9,0.900
OT,H1160,Beor,10,9,0.900
OT,H2139,Zaccur,10,9,0.900
OT,H2529,crème,10,9,0.900
OT,H3028,main,10,9,0.900
OT,H3395,Jerocham,10,9,0.900
OT,H3608,prison,10,9,0.900
OT,H564,Immer,10,9,0.900
OT,H5989,Ammihud,10,9,0.900
OT,H6354,fosse,10,9,0.900
OT,H6501,âne sauvage,10,9,0.900
OT,H672,Éphrata,10,9,0.900
OT,H7935,Schecania,10,9,0.900
NT,G1124,Écriture,51,46,0.902
NT,G5485,grâce,156,141,0.904
NT,G386,résurrection,42,38,0.905
OT,H3374,crainte,42,38,0.905
OT,H2682,herbe,21,19,0.905
OT,H6818,cri,21,19,0.905
NT,G4442,feu,74,67,0.905
NT,G1577,église,117,106,0.906
OT,H8081,huile,193,175,0.907
OT,H2320,mois,283,257,0.908
OT,H7393,char,120,109,0.908
NT,G4892,sanhédrin,22,20,0.909
OT,H5633,prince,22,20,0.909
OT,H6297,cadavre,22,20,0.909
OT,H6793,bouclier,22,20,0.909
NT,G1144,larme,11,10,0.909
NT,G2479,force,11,10,0.909
NT,G2768,corne,11,10,0.909
NT,G367,Ananias,11,10,0.909
NT,G5509,tunique,11,10,0.909
NT,G58,place publique,11,10,0.909
NT,G86,séjour des morts,11,10,0.909
NT,G882,Achaïe,11,10,0.909
OT,H2180,queue,11,10,0.909
OT,H2376,vision,11,10,0.909
OT,H2527,chaleur,11,10,0.909
OT,H4146,fondements,11,10,0.909
OT,H4147,liens,11,10,0.909
OT,H4759,vision,11,10,0.909
OT,H937,mépris,11,10,0.909
NT,G2962,Seigneur,747,681,0.912
OT,H2580,grâce,69,63,0.913
NT,G5505,mille,23,21,0.913
OT,H5850,couronne,23,21,0.913
OT,H6522,Phérézien,23,21,0.913
OT,H7845,fosse,23,21,0.913
NT,G4561,chair,151,138,0.914
NT,G2501,Joseph,35,32,0.914
OT,H5104,fleuve,119,109,0.916
NT,G3709,colère,36,33,0.917
NT,G2381,Thomas,12,11,0.917
NT,G2563,roseau,12,11,0.917
NT,G3554,maladie,12,11,0.917
NT,G3705,vision,12,11,0.917
NT,G4204,prostituée,12,11,0.917
NT,G4240,douceur,12,11,0.917
NT,G4454,ânon,12,11,0.917
NT,G570,incrédulité,12,11,0.917
NT,G67,Agrippa,12,11,0.917
OT,H2361,Huram,12,11,0.917
OT,H4023,Meguiddo,12,11,0.917
OT,H4133,joug,12,11,0.917
OT,H6003,Amalécite,12,11,0.917
OT,H7101,chef,12,11,0.917
OT,H8553,Thimna,12,11,0.917
NT,G5532,besoin,49,45,0.918
OT,H6738,ombre,49,45,0.918
NT,G4335,prière,37,34,0.919
OT,H1637,aire,37,34,0.919
OT,H7778,portier,37,34,0.919
OT,H3548,sacrificateur,750,690,0.920
OT,H123,Édom,100,92,0.920
OT,H200,folie,25,23,0.920
OT,H6227,fumée,25,23,0.920
NT,G444,homme,559,515,0.921
OT,H1817,porte,89,82,0.921
OT,H3956,langue,117,108,0.923
OT,H6697,rocher,78,72,0.923
OT,H7157,Kirjath-Jearim,39,36,0.923
NT,G5095,Timothée,26,24,0.923
OT,H2438,Hiram,26,24,0.923
NT,G3358,mesure,13,12,0.923
NT,G976,livre,13,12,0.923
OT,H211,Ophir,13,12,0.923
OT,H3391,mois,13,12,0.923
OT,H424,térébinthe,13,12,0.923
OT,H8203,Schephathia,13,12,0.923
NT,G32,ange,185,171,0.924
OT,H4714,Égypte,635,587,0.924
OT,H1715,blé,40,37,0.925
OT,H2077,sacrifice,162,150,0.926
OT,H3678,trône,135,125,0.926
NT,G1680,espérance,54,50,0.926
NT,G1672,Grec,27,25,0.926
OT,H6010,vallée,69,64,0.928
NT,G2968,village,28,26,0.929
OT,H8392,arche,28,26,0.929
NT,G1654,aumône,14,13,0.929
NT,G2495,Jonas,14,13,0.929
NT,G2817,héritage,14,13,0.929
NT,G3088,lampe,14,13,0.929
NT,G3933,vierge,14,13,0.929
OT,H1647,Guerschom,14,13,0.929
OT,H3516,foie,14,13,0.929
OT,H6806,pas,14,13,0.929
OT,H8476,peau de dauphin,14,13,0.929
NT,G740,pain,99,92,0.929
NT,G5547,Christ,569,529,0.930
NT,G4864,synagogue,57,53,0.930
OT,H5207,agréable odeur,43,40,0.930
OT,H4296,lit,29,27,0.931
NT,G3793,foule,175,163,0.931
OT,H1,père,1212,1129,0.932
OT,H2461,lait,44,41,0.932
OT,H3293,forêt,59,55,0.932
OT,H269,sœur,119,111,0.933
OT,H8121,soleil,134,125,0.933
OT,H1004,maison,2056,1918,0.933
NT,G1636,olivier,15,14,0.933
NT,G2150,piété,15,14,0.933
NT,G2169,action de grâces,15,14,0.933
NT,G2818,héritier,15,14,0.933
NT,G5132,table,15,14,0.933
NT,G5528,herbe,15,14,0.933
OT,H4813,Marie,15,14,0.933
OT,H5536,corbeille,15,14,0.933
OT,H5983,Ammon,106,99,0.934
OT,H1144,Benjamin,167,156,0.934
NT,G2342,bête,46,43,0.935
NT,G2541,César,31,29,0.935
NT,G417,vent,31,29,0.935
OT,H1406,toit,31,29,0.935
OT,H676,doigt,31,29,0.935
OT,H784,feu,378,354,0.937
OT,H441,chef,64,60,0.938
OT,H5262,libation,64,60,0.938
NT,G2246,soleil,32,30,0.938
NT,G2409,sacrificateur,32,30,0.938
NT,G975,livre,32,30,0.938
OT,H4643,dîme,32,30,0.938
NT,G1062,noces,16,15,0.938
NT,G1220,denier,16,15,0.938
NT,G3077,tristesse,16,15,0.938
NT,G3804,souffrance,16,15,0.938
OT,H6717,Tsiba,16,15,0.938
OT,H7417,Rimmon,16,15,0.938
OT,H7639,treillis,16,15,0.938
OT,H7585,séjour des morts,65,61,0.938
OT,H1698,peste,49,46,0.939
OT,H5941,Éli,33,31,0.939
NT,G1122,scribe,67,63,0.940
OT,H6529,fruit,119,112,0.941
NT,G2923,juge,17,16,0.941
NT,G5486,don,17,16,0.941
NT,G706,nombre,17,16,0.941
OT,H1295,étang,17,16,0.941
OT,H1590,voleur,17,16,0.941
OT,H288,Achimélec,17,16,0.941
OT,H476,Élischama,17,16,0.941
OT,H526,Amon,17,16,0.941
OT,H1818,sang,361,340,0.942
NT,G5457,lumière,70,66,0.943
OT,H1389,colline,71,67,0.944
OT,H5775,oiseau,71,67,0.944
NT,G2588,cœur,160,151,0.944
OT,H2001,Haman,54,51,0.944
NT,G2344,trésor,18,17,0.944
OT,H1387,Guéba,18,17,0.944
OT,H1513,charbon,18,17,0.944
OT,H2201,cri,18,17,0.944
OT,H3537,cruche,18,17,0.944
OT,H4495,Manoach,18,17,0.944
OT,H5984,Ammonite,18,17,0.944
OT,H6757,ombre de la mort,18,17,0.944
OT,H7084,Keïla,18,17,0.944
OT,H7206,Rubénites,18,17,0.944
OT,H3669,Cananéen,73,69,0.945
OT,H7676,sabbat,111,105,0.946
OT,H4720,sanctuaire,74,70,0.946
NT,G3775,oreille,37,35,0.946
OT,H3556,étoile,37,35,0.946
OT,H2451,sagesse,149,141,0.946
OT,H8123,Samson,38,36,0.947
NT,G773,Asie,19,18,0.947
OT,H1709,poisson,19,18,0.947
OT,H2206,barbe,19,18,0.947
OT,H26,Abigaïl,19,18,0.947
OT,H3308,beauté,19,18,0.947
OT,H3058,Jéhu,58,55,0.948
OT,H347,Job,58,55,0.948
NT,G1138,David,59,56,0.949
OT,H3064,Juif,79,75,0.949
NT,G5043,enfant,99,94,0.949
NT,G2288,mort,119,113,0.950
OT,H3083,Jonathan,80,76,0.950
NT,G2486,poisson,20,19,0.950
OT,H4268,refuge,20,19,0.950
OT,H7620,semaine,20,19,0.950
OT,H4124,Moab,181,172,0.950
OT,H5483,cheval,141,134,0.950
OT,H8451,loi,222,211,0.950
NT,G652,apôtre,81,77,0.951
OT,H251,frère,629,598,0.951
NT,G2424,Jésus,975,927,0.951
NT,G4102,foi,244,232,0.951
NT,G4263,brebis,41,39,0.951
OT,H2983,Jébusien,41,39,0.951
OT,H2282,fête,62,59,0.952
OT,H4043,bouclier,63,60,0.952
NT,G1543,centenier,21,20,0.952
OT,H2226,Zérach,21,20,0.952
OT,H802,femme,781,744,0.953
NT,G2307,volonté,64,61,0.953
OT,H1242,matin,214,204,0.953
NT,G3571,nuit,65,62,0.954
NT,G3735,montagne,65,62,0.954
NT,G2232,gouverneur,22,21,0.955
NT,G5057,publicain,22,21,0.955
OT,H665,cendre,22,21,0.955
NT,G1135,femme,221,211,0.955
OT,H410,Dieu,245,234,0.955
NT,G3109,Macédoine,23,22,0.957
OT,H3323,huile,23,22,0.957
OT,H4601,Maaca,23,22,0.957
OT,H6214,Asaël,23,22,0.957
OT,H7614,Séba,23,22,0.957
NT,G4074,Pierre,162,155,0.957
NT,G3972,Paul,164,157,0.957
NT,G4172,ville,164,157,0.957
OT,H3196,vin,141,135,0.957
OT,H3667,Canaan,94,90,0.957
OT,H5271,jeunesse,47,45,0.957
NT,G3614,maison,95,91,0.958
NT,G5207,fils,381,365,0.958
OT,H5216,lampe,48,46,0.958
NT,G792,étoile,24,23,0.958
OT,H3805,chapiteau,24,23,0.958
OT,H3923,Lakis,24,23,0.958
OT,H4350,base,24,23,0.958
OT,H6672,midi,24,23,0.958
OT,H7837,aurore,24,23,0.958
NT,G4151,esprit,385,369,0.958
OT,H4026,tour,49,47,0.959
OT,H2340,Hévien,25,24,0.960
NT,G3772,ciel,284,273,0.961
NT,G1186,arbre,26,25,0.962
OT,H138,Adonija,26,25,0.962
OT,H4888,onction,26,25,0.962
NT,G2491,Jean,133,128,0.962
NT,G3466,mystère,27,26,0.963
NT,G5503,veuve,27,26,0.963
NT,G225,vérité,110,106,0.964
OT,H1612,vigne,55,53,0.964
OT,H490,veuve,56,54,0.964
NT,G1656,miséricorde,28,27,0.964
NT,G4716,croix,28,27,0.964
OT,H8659,Tarsis,28,27,0.964
OT,H4054,banlieue,115,111,0.965
OT,H727,arche,202,195,0.965
OT,H3097,Joab,145,140,0.966
NT,G2364,fille,29,28,0.966
OT,H3442,Josué,29,28,0.966
OT,H3801,tunique,29,28,0.966
OT,H6260,bouc,29,28,0.966
NT,G935,roi,118,114,0.966
NT,G4396,prophète,149,144,0.966
NT,G5495,main,179,173,0.966
NT,G3037,pierre,60,58,0.967
NT,G2243,Élie,30,29,0.967
OT,H3316,Jephthé,30,29,0.967
OT,H54,Abiathar,30,29,0.967
OT,H7259,Rebecca,30,29,0.967
OT,H4940,famille,304,294,0.967
NT,G2362,trône,61,59,0.967
NT,G1343,justice,92,89,0.967
NT,G1515,paix,92,89,0.967
OT,H4283,lendemain,32,31,0.969
OT,H759,palais,32,31,0.969
OT,H6212,herbe,33,32,0.970
OT,H3915,nuit,235,228,0.970
NT,G2474,Israël,70,68,0.971
OT,H1835,Dan,70,68,0.971
OT,H3816,peuple,35,34,0.971
OT,H452,Élie,71,69,0.972
OT,H3532,agneau,107,104,0.972
NT,G4567,Satan,36,35,0.972
OT,H3157,Jizreel,36,35,0.972
OT,H7414,Rama,36,35,0.972
OT,H53,Absalom,111,108,0.973
OT,H6370,concubine,37,36,0.973
OT,H1270,fer,76,74,0.974
NT,G5376,Philippe,38,37,0.974
OT,H8283,Sara,38,37,0.974
NT,G3101,disciple,269,262,0.974
NT,G80,frère,346,337,0.974
OT,H5971,peuple,1870,1822,0.974
OT,H4847,Merari,39,38,0.974
NT,G3475,Moïse,80,78,0.975
OT,H6833,oiseau,40,39,0.975
OT,H5892,ville,1095,1068,0.975
OT,H1285,alliance,284,277,0.975
OT,H5416,Nathan,42,41,0.976
OT,H2022,montagne,547,534,0.976
NT,G3384,mère,85,83,0.976
NT,G2449,Judée,43,42,0.977
NT,G2264,Hérode,44,43,0.977
OT,H8096,Schimeï,44,43,0.977
OT,H6153,soir,134,131,0.978
NT,G3485,temple,46,45,0.978
NT,G2316,Dieu,1343,1314,0.978
NT,G3962,père,418,409,0.978
OT,H5178,airain,140,137,0.979
OT,H3881,Lévite,286,280,0.979
NT,G2992,peuple,143,140,0.979
OT,H3957,chambre,48,47,0.979
OT,H5785,peau,99,97,0.980
OT,H3701,argent,403,395,0.980
NT,G3788,œil,102,100,0.980
NT,G3813,enfant,51,50,0.980
OT,H7175,planche,51,50,0.980
OT,H4082,province,53,52,0.981
OT,H5560,fleur de farine,53,52,0.981
OT,H8040,gauche,53,52,0.981
OT,H3130,Joseph,213,209,0.981
OT,H8179,porte,375,368,0.981
OT,H4210,psaume,57,56,0.982
OT,H7586,Saül,406,399,0.983
OT,H8010,Salomon,293,288,0.983
NT,G2414,Jérusalem,59,58,0.983
NT,G5479,joie,59,58,0.983
OT,H4080,Madian,59,58,0.983
NT,G1140,démon,60,59,0.983
OT,H433,Dieu,60,59,0.983
OT,H1109,Balaam,61,60,0.984
OT,H1516,vallée,62,61,0.984
OT,H6667,Sédécias,63,62,0.984
OT,H8198,servante,63,62,0.984
OT,H1732,David,1075,1058,0.984
OT,H136,Seigneur,445,438,0.984
OT,H3878,Lévi,64,63,0.984
OT,H2396,Ézéchias,130,128,0.985
NT,G3551,loi,197,194,0.985
OT,H8050,Samuel,140,138,0.986
NT,G2411,temple,71,70,0.986
OT,H5930,holocauste,289,285,0.986
NT,G4983,corps,146,144,0.986
OT,H517,mère,220,217,0.986
OT,H4713,Égyptien,76,75,0.987
OT,H8605,prière,77,76,0.987
NT,G5204,eau,78,77,0.987
OT,H520,coudée,249,246,0.988
NT,G2419,Jérusalem,83,82,0.988
NT,G266,péché,174,172,0.989
OT,H85,Abraham,175,173,0.989
OT,H8255,sicle,88,87,0.989
OT,H3754,vigne,92,91,0.989
OT,H4872,Moïse,766,758,0.990
NT,G129,sang,99,98,0.990
NT,G5330,Pharisien,100,99,0.990
OT,H3379,Jéroboam,104,103,0.990
OT,H5030,prophète,317,314,0.991
OT,H3327,Isaac,108,107,0.991
OT,H3091,Josué,218,216,0.991
OT,H4428,roi,2526,2506,0.992
OT,H894,Babylone,262,260,0.992
OT,H6499,taureau,133,132,0.992
OT,H1568,Galaad,134,133,0.993
OT,H4057,désert,271,269,0.993
OT,H430,Dieu,2600,2581,0.993
NT,G2889,monde,187,186,0.995
OT,H6547,Pharaon,268,267,0.996
OT,H3478,Israël,2507,2498,0.996
OT,H175,Aaron,347,346,0.997
OT,H168,tente,348,347,0.997
OT,H3290,Jacob,349,348,0.997
OT,H4196,autel,403,402,0.998
OT,H3068,Éternel,6521,6506,0.998
OT,H3389,Jérusalem,643,642,0.998
OT,H3063,Juda,819,818,0.999
OT,H2091,or,389,389,1.000
OT,H3069,Éternel,306,306,1.000
OT,H3383,Jourdain,183,183,1.000
OT,H669,Éphraïm,180,180,1.000
OT,H6726,Sion,153,153,1.000
OT,H3414,Jérémie,147,147,1.000
OT,H4519,Manassé,146,146,1.000
OT,H1008,Béthel,144,144,1.000
NT,G2222,vie,134,134,1.000
OT,H8111,Samarie,109,109,1.000
OT,H6215,Ésaü,97,97,1.000
OT,H2543,âne,96,96,1.000
OT,H256,Achab,93,93,1.000
NT,G2281,mer,92,92,1.000
OT,H1616,étranger,92,92,1.000
OT,H3742,chérubin,91,91,1.000
OT,H567,Amoréen,87,87,1.000
OT,H3092,Josaphat,84,84,1.000
OT,H1035,Bethléhem,82,82,1.000
OT,H738,lion,81,81,1.000
OT,H1168,Baal,80,80,1.000
NT,G4613,Simon,75,75,1.000
NT,G11,Abraham,73,73,1.000
OT,H730,cèdre,73,73,1.000
OT,H1410,Gad,72,72,1.000
OT,H499,Éléazar,72,72,1.000
OT,H7205,Ruben,72,72,1.000
OT,H7782,trompette,72,72,1.000
OT,H2275,Hébron,71,71,1.000
OT,H3844,Liban,71,71,1.000
OT,H7979,table,71,71,1.000
OT,H40,Abimélec,67,67,1.000
NT,G1056,Galilée,63,63,1.000
OT,H74,Abner,63,63,1.000
OT,H7927,Sichem,63,63,1.000
OT,H87,Abram,61,61,1.000
OT,H1316,Basan,60,60,1.000
OT,H4782,Mardochée,60,60,1.000
OT,H5019,Nebucadnetsar,60,60,1.000
OT,H477,Élisée,58,58,1.000
OT,H609,Asa,58,58,1.000
OT,H3405,Jéricho,57,57,1.000
OT,H8163,bouc,56,56,1.000
NT,G4091,Pilate,55,55,1.000
OT,H3837,Laban,55,55,1.000
OT,H635,Esther,55,55,1.000
NT,G3137,Marie,54,54,1.000
OT,H1581,chameau,54,54,1.000
OT,H1706,miel,54,54,1.000
OT,H2977,Josias,53,53,1.000
OT,H6659,Tsadok,53,53,1.000
OT,H884,Beer-Schéba,53,53,1.000
NT,G4678,sagesse,51,51,1.000
OT,H3077,Jehojada,51,51,1.000
OT,H5321,Nephthali,51,51,1.000
NT,G1100,langue,50,50,1.000
OT,H1130,Ben-Hadad,50,50,1.000
OT,H2885,anneau,50,50,1.000
OT,H3050,Éternel,50,50,1.000
OT,H7346,Roboam,50,50,1.000
OT,H6453,Pâque,49,49,1.000
OT,H646,éphod,49,49,1.000
OT,H8504,bleu,49,49,1.000
OT,H1544,idole,48,48,1.000
OT,H2595,lance,48,48,1.000
OT,H2850,Héthien,48,48,1.000
OT,H3458,Ismaël,48,48,1.000
OT,H5838,Azaria,48,48,1.000
OT,H7706,Tout-Puissant,48,48,1.000
OT,H8242,sac,48,48,1.000
OT,H3101,Joas,47,47,1.000
OT,H7354,Rachel,47,47,1.000
OT,H5146,Noé,46,46,1.000
OT,H623,Asaph,46,46,1.000
OT,H1834,Damas,45,45,1.000
OT,H2074,Zabulon,45,45,1.000
OT,H3129,Jonathan,44,44,1.000
OT,H4818,char,44,44,1.000
OT,H8095,Siméon,44,44,1.000
OT,H1111,Balak,43,43,1.000
OT,H1390,Guibea,43,43,1.000
OT,H2148,Zacharie,43,43,1.000
OT,H3485,Issacar,43,43,1.000
OT,H836,Aser,43,43,1.000
NT,G2385,Jacques,42,42,1.000
OT,H1053,Beth-Schémesch,42,42,1.000
OT,H1141,Benaja,42,42,1.000
OT,H1588,jardin,42,42,1.000
OT,H3448,Isaï,42,42,1.000
OT,H3490,orphelin,42,42,1.000
OT,H3658,harpe,42,42,1.000
OT,H4501,chandelier,42,42,1.000
OT,H6865,Tyr,42,42,1.000
OT,H8144,cramoisi,42,42,1.000
OT,H1537,Guilgal,41,41,1.000
OT,H271,Achaz,41,41,1.000
OT,H8098,Schemaeja,41,41,1.000
OT,H374,épha,40,40,1.000
OT,H4631,caverne,40,40,1.000
OT,H558,Amatsia,40,40,1.000
OT,H5654,Obed-Édom,40,40,1.000
OT,H5923,joug,40,40,1.000
OT,H1439,Gédéon,39,39,1.000
OT,H223,Urie,39,39,1.000
OT,H3470,Ésaïe,39,39,1.000
OT,H5467,Sodome,39,39,1.000
OT,H5739,troupeau,39,39,1.000
OT,H8165,Séir,39,39,1.000
OT,H2809,Hesbon,38,38,1.000
OT,H4306,pluie,38,38,1.000
OT,H713,pourpre,38,38,1.000
NT,G3141,témoignage,37,37,1.000
OT,H1391,Gabaon,37,37,1.000
OT,H274,Achazia,37,37,1.000
OT,H3079,Jojakim,37,37,1.000
OT,H5511,Sihon,37,37,1.000
OT,H6239,richesse,37,37,1.000
OT,H7141,Koré,37,37,1.000
OT,H4709,Mitspa,36,36,1.000
OT,H5236,étranger,36,36,1.000
OT,H1653,pluie,35,35,1.000
OT,H212,roue,35,35,1.000
OT,H2574,Hamath,35,35,1.000
OT,H3612,Caleb,35,35,1.000
OT,H4436,reine,35,35,1.000
OT,H5514,Sinaï,35,35,1.000
OT,H5695,veau,35,35,1.000
OT,H6883,lèpre,35,35,1.000
NT,G3144,témoin,34,34,1.000
NT,G3196,membre,34,34,1.000
OT,H2518,Hilkija,34,34,1.000
OT,H3812,Léa,34,34,1.000
OT,H5680,Hébreu,34,34,1.000
OT,H8184,orge,34,34,1.000
OT,H860,ânesse,34,34,1.000
NT,G3631,vin,33,33,1.000
OT,H1661,Gath,33,33,1.000
OT,H3876,Lot,33,33,1.000
OT,H7045,malédiction,33,33,1.000
NT,G4655,ténèbres,32,32,1.000
NT,G4893,conscience,32,32,1.000
OT,H1436,Guedalia,32,32,1.000
OT,H1840,Daniel,32,32,1.000
OT,H2474,fenêtre,32,32,1.000
OT,H325,Assuérus,32,32,1.000
OT,H3611,chien,32,32,1.000
OT,H591,navire,32,32,1.000
OT,H6955,Kehath,32,32,1.000
OT,H7262,Rabschaké,32,32,1.000
OT,H7887,Silo,32,32,1.000
NT,G5443,tribu,31,31,1.000
OT,H2919,rosée,31,31,1.000
OT,H4327,espèce,31,31,1.000
OT,H5175,serpent,31,31,1.000
NT,G721,agneau,30,30,1.000
OT,H5126,Nun,30,30,1.000
OT,H5867,Élam,30,30,1.000
NT,G3162,épée,29,29,1.000
OT,H1259,grêle,29,29,1.000
OT,H2608,Hanania,29,29,1.000
OT,H2689,trompette,29,29,1.000
OT,H3088,Joram,29,29,1.000
NT,G921,Barnabas,28,28,1.000
OT,H1032,Beth-Horon,28,28,1.000
OT,H1201,Baescha,28,28,1.000
OT,H550,Amnon,28,28,1.000
OT,H6539,Perse,28,28,1.000
NT,G1859,fête,27,27,1.000
NT,G2384,Jacob,27,27,1.000
OT,H3727,propitiatoire,27,27,1.000
OT,H5818,Ozias,27,27,1.000
OT,H7967,Schallum,27,27,1.000
NT,G4757,soldat,26,26,1.000
OT,H1263,Baruc,26,26,1.000
OT,H3394,lune,26,26,1.000
OT,H5404,aigle,26,26,1.000
OT,H6870,Tseruja,26,26,1.000
OT,H1841,Daniel,25,25,1.000
OT,H2833,pectoral,25,25,1.000
OT,H29,Abija,25,25,1.000
OT,H4918,Meschullam,25,25,1.000
OT,H5028,Nebath,25,25,1.000
OT,H52,Abischaï,25,25,1.000
OT,H6372,Phinées,25,25,1.000
OT,H6532,voile,25,25,1.000
OT,H769,Arnon,25,25,1.000
NT,G125,Égypte,24,24,1.000
NT,G1992,lettre,24,24,1.000
NT,G4990,sauveur,24,24,1.000
NT,G79,sœur,24,24,1.000
OT,H1162,Boaz,24,24,1.000
OT,H281,Achija,24,24,1.000
OT,H3147,Jotham,24,24,1.000
OT,H3760,Carmel,24,24,1.000
OT,H4430,roi,24,24,1.000
OT,H697,sauterelle,24,24,1.000
NT,G2379,autel,23,23,1.000
OT,H1832,larmes,23,23,1.000
OT,H2344,sable,23,23,1.000
OT,H2371,Hazaël,23,23,1.000
OT,H4599,source,23,23,1.000
OT,H4641,Maaséja,23,23,1.000
OT,H906,lin,23,23,1.000
OT,H1969,hin,22,22,1.000
OT,H3110,Jochanan,22,22,1.000
OT,H3390,Jérusalem,22,22,1.000
OT,H348,Jézabel,22,22,1.000
OT,H378,Isch-Boscheth,22,22,1.000
OT,H4353,Makir,22,22,1.000
OT,H5022,Naboth,22,22,1.000
OT,H5037,Nabal,22,22,1.000
OT,H5747,Og,22,22,1.000
OT,H5830,Esdras,22,22,1.000
OT,H6138,Ékron,22,22,1.000
OT,H6721,Sidon,22,22,1.000
NT,G2268,Ésaïe,21,21,1.000
OT,H2216,Zorobabel,21,21,1.000
OT,H3828,encens,21,21,1.000
OT,H385,Ithamar,21,21,1.000
OT,H397,Akisch,21,21,1.000
OT,H446,Éliab,21,21,1.000
OT,H511,Elkana,21,21,1.000
OT,H5281,Naomi,21,21,1.000
OT,H5516,Sisera,21,21,1.000
OT,H5804,Gaza,21,21,1.000
OT,H7027,Kis,21,21,1.000
OT,H7433,Ramoth en Galaad,21,21,1.000
OT,H7800,Suse,21,21,1.000
NT,G2464,Isaac,20,20,1.000
NT,G3142,témoignage,20,20,1.000
OT,H296,Achikam,20,20,1.000
OT,H302,Achitophel,20,20,1.000
OT,H3038,Jeduthun,20,20,1.000
OT,H3059,Joachaz,20,20,1.000
OT,H3141,Joram,20,20,1.000
OT,H4733,refuge,20,20,1.000
OT,H5070,Nadab,20,20,1.000
OT,H5418,Nethania,20,20,1.000
OT,H5662,Abdias,20,20,1.000
OT,H6947,Kadès-Barnéa,20,20,1.000
OT,H7950,neige,20,20,1.000
OT,H8304,Seraja,20,20,1.000
NT,G1118,parent,19,19,1.000
NT,G4394,prophétie,19,19,1.000
OT,H3100,Joël,19,19,1.000
OT,H3124,Jonas,19,19,1.000
OT,H4201,poteau,19,19,1.000
OT,H4321,Michée,19,19,1.000
OT,H6017,Gomorrhe,19,19,1.000
OT,H6025,raisin,19,19,1.000
OT,H6578,Euphrate,19,19,1.000
NT,G3376,mois,18,18,1.000
NT,G4440,porte,18,18,1.000
NT,G4735,couronne,18,18,1.000
NT,G490,Antioche,18,18,1.000
OT,H2674,Hatsor,18,18,1.000
OT,H2696,Hetsron,18,18,1.000
OT,H2900,Tobija,18,18,1.000
OT,H3841,Libna,18,18,1.000
OT,H5152,Nachor,18,18,1.000
OT,H5523,Succoth,18,18,1.000
OT,H6018,Omri,18,18,1.000
OT,H6946,Kadès,18,18,1.000
OT,H8656,Thirtsa,18,18,1.000
NT,G2542,Césarée,17,17,1.000
OT,H1864,midi,17,17,1.000
OT,H1968,Héman,17,17,1.000
OT,H2722,Horeb,17,17,1.000
OT,H3060,Joas,17,17,1.000
OT,H4648,Mephiboscheth,17,17,1.000
OT,H475,Éliaschib,17,17,1.000
OT,H5141,anneau,17,17,1.000
OT,H5210,Ninive,17,17,1.000
OT,H5411,Néthiniens,17,17,1.000
OT,H6091,idole,17,17,1.000
OT,H6525,fleur,17,17,1.000
OT,H7086,plat,17,17,1.000
OT,H8035,Sem,17,17,1.000
OT,H8297,Saraï,17,17,1.000
OT,H8372,chambre,17,17,1.000
OT,H8401,paille,17,17,1.000
OT,H8596,tambourin,17,17,1.000
NT,G2462,cheval,16,16,1.000
NT,G2812,voleur,16,16,1.000
NT,G3566,époux,16,16,1.000
NT,G4808,figuier,16,16,1.000
NT,G4973,sceau,16,16,1.000
NT,G5059,prodige,16,16,1.000
OT,H1423,chevreau,16,16,1.000
OT,H1687,sanctuaire,16,16,1.000
OT,H2526,Cham,16,16,1.000
OT,H2585,Hénoc,16,16,1.000
OT,H3312,Jephunné,16,16,1.000
OT,H4125,Moabite,16,16,1.000
OT,H426,Dieu,16,16,1.000
OT,H4372,couverture,16,16,1.000
OT,H4441,Malkija,16,16,1.000
OT,H4983,Matthania,16,16,1.000
OT,H5018,Nebuzaradan,16,16,1.000
OT,H5283,Naaman,16,16,1.000
OT,H5369,Ner,16,16,1.000
OT,H568,Amaria,16,16,1.000
OT,H5731,Éden,16,16,1.000
OT,H6021,Amasa,16,16,1.000
OT,H6177,Aroër,16,16,1.000
OT,H6593,lin,16,16,1.000
OT,H6722,Sidonien,16,16,1.000
OT,H6785,laine,16,16,1.000
OT,H931,pouce,16,16,1.000
NT,G1154,Damas,15,15,1.000
NT,G2181,Éphèse,15,15,1.000
NT,G2446,Jourdain,15,15,1.000
NT,G2976,Lazare,15,15,1.000
NT,G5007,talent,15,15,1.000
OT,H1137,Bani,15,15,1.000
OT,H1507,Guézer,15,15,1.000
OT,H1657,Gosen,15,15,1.000
OT,H1710,poisson,15,15,1.000
OT,H2174,Zimri,15,15,1.000
OT,H2354,Hur,15,15,1.000
OT,H2811,Haschabia,15,15,1.000
OT,H285,Achithub,15,15,1.000
OT,H290,Achimaats,15,15,1.000
OT,H3171,Jehiel,15,15,1.000
OT,H3566,Cyrus,15,15,1.000
OT,H3976,balance,15,15,1.000
OT,H464,Éliphaz,15,15,1.000
OT,H572,sac,15,15,1.000
OT,H6068,Anathoth,15,15,1.000
OT,H6085,Éphron,15,15,1.000
OT,H6557,Pérets,15,15,1.000
OT,H6860,Tsiklag,15,15,1.000
OT,H7420,lance,15,15,1.000
OT,H7799,lis,15,15,1.000
OT,H8655,théraphim,15,15,1.000
NT,G1261,pensée,14,14,1.000
NT,G173,épine,14,14,1.000
NT,G3464,parfum,14,14,1.000
NT,G3789,serpent,14,14,1.000
NT,G4071,oiseau,14,14,1.000
NT,G4523,Sadducéen,14,14,1.000
OT,H1007,Beth-Aven,14,14,1.000
OT,H1106,Béla,14,14,1.000
OT,H1688,Debir,14,14,1.000
OT,H1714,bannière,14,14,1.000
OT,H232,ceinture,14,14,1.000
OT,H2365,Huschaï,14,14,1.000
OT,H2471,gâteau,14,14,1.000
OT,H2678,flèche,14,14,1.000
OT,H2845,Heth,14,14,1.000
OT,H3378,Jerubbaal,14,14,1.000
OT,H3550,sacerdoce,14,14,1.000
OT,H3833,lion,14,14,1.000
OT,H461,Éliézer,14,14,1.000
OT,H5417,Nethaneel,14,14,1.000
OT,H5424,teigne,14,14,1.000
OT,H5665,Abed-Nego,14,14,1.000
OT,H5798,Uzza,14,14,1.000
OT,H6019,Amram,14,14,1.000
OT,H6100,Étsjon-Guéber,14,14,1.000
OT,H6505,mulet,14,14,1.000
OT,H6583,Paschhur,14,14,1.000
OT,H7058,farine,14,14,1.000
OT,H7143,Karéach,14,14,1.000
OT,H8449,tourterelle,14,14,1.000
NT,G1404,dragon,13,13,1.000
NT,G2219,levain,13,13,1.000
NT,G2326,moisson,13,13,1.000
NT,G2586,fumée,13,13,1.000
NT,G3136,Marthe,13,13,1.000
NT,G406,André,13,13,1.000
NT,G4609,Silas,13,13,1.000
NT,G5347,Festus,13,13,1.000
NT,G5557,or,13,13,1.000
OT,H1301,Barak,13,13,1.000
OT,H1324,bath,13,13,1.000
OT,H1649,Guerschonite,13,13,1.000
OT,H1712,Dagon,13,13,1.000
OT,H2011,Hinnom,13,13,1.000
OT,H2053,crochet,13,13,1.000
OT,H2373,poitrine,13,13,1.000
OT,H2544,Hamor,13,13,1.000
OT,H2584,Anne,13,13,1.000
OT,H2768,Hermon,13,13,1.000
OT,H3270,Jaezer,13,13,1.000
OT,H3452,désert,13,13,1.000
OT,H3924,lacet,13,13,1.000
OT,H3999,déluge,13,13,1.000
OT,H4266,Mahanaïm,13,13,1.000
OT,H4317,Micaël,13,13,1.000
OT,H4478,manne,13,13,1.000
OT,H4696,front,13,13,1.000
OT,H4700,cymbales,13,13,1.000
OT,H4905,cantique,13,13,1.000
OT,H5015,Nebo,13,13,1.000
OT,H531,Amots,13,13,1.000
OT,H5409,morceau,13,13,1.000
OT,H5576,Sanchérib,13,13,1.000
OT,H5700,Églon,13,13,1.000
OT,H5992,Amminadab,13,13,1.000
OT,H6854,grenouille,13,13,1.000
OT,H7017,Kénien,13,13,1.000
OT,H7394,Récab,13,13,1.000
OT,H7822,ulcère,13,13,1.000
NT,G1027,tonnerre,12,12,1.000
NT,G1350,filet,12,12,1.000
NT,G2199,Zébédée,12,12,1.000
NT,G220,coq,12,12,1.000
NT,G2895,lit,12,12,1.000
NT,G3087,chandelier,12,12,1.000
NT,G3094,Magdala,12,12,1.000
NT,G3599,dent,12,12,1.000
NT,G4672,Salomon,12,12,1.000
NT,G5357,coupe,12,12,1.000
NT,G779,outre,12,12,1.000
NT,G897,Babylone,12,12,1.000
OT,H1187,Baal-Peor,12,12,1.000
OT,H1271,Barzillaï,12,12,1.000
OT,H1522,Guéhazi,12,12,1.000
OT,H1593,jardin,12,12,1.000
OT,H1677,ours,12,12,1.000
OT,H1904,Agar,12,12,1.000
OT,H1908,Hadad,12,12,1.000
OT,H2023,Hor,12,12,1.000
OT,H2042,montagne,12,12,1.000
OT,H2078,Zébach,12,12,1.000
OT,H2147,Zicri,12,12,1.000
OT,H2183,prostitution,12,12,1.000
OT,H2605,Hanan,12,12,1.000
OT,H30,Abihu,12,12,1.000
OT,H41,Abinadab,12,12,1.000
OT,H4249,Machli,12,12,1.000
OT,H4701,tiare,12,12,1.000
OT,H471,Éliakim,12,12,1.000
OT,H4753,myrrhe,12,12,1.000
OT,H5121,Najoth,12,12,1.000
OT,H5663,Ébed-Mélec,12,12,1.000
OT,H5872,En-Guédi,12,12,1.000
OT,H6034,Ana,12,12,1.000
OT,H6678,Tsoba,12,12,1.000
OT,H6759,Tsalmunna,12,12,1.000
OT,H6938,Kédar,12,12,1.000
OT,H6943,Kédesch,12,12,1.000
OT,H6975,épine,12,12,1.000
OT,H7327,Ruth,12,12,1.000
OT,H771,Ornan,12,12,1.000
OT,H783,Artaxerxès,12,12,1.000
OT,H831,Askalon,12,12,1.000
OT,H8558,palmier,12,12,1.000
NT,G1057,Galiléen,11,11,1.000
NT,G1431,don,11,11,1.000
NT,G1497,idole,11,11,1.000
NT,G1637,huile,11,11,1.000
NT,G1657,liberté,11,11,1.000
NT,G2197,Zacharie,11,11,1.000
NT,G2469,Iscariot,11,11,1.000
NT,G254,chaîne,11,11,1.000
NT,G2798,branche,11,11,1.000
NT,G4536,trompette,11,11,1.000
NT,G4540,Samarie,11,11,1.000
NT,G4605,Sidon,11,11,1.000
NT,G5184,Tyr,11,11,1.000
NT,G5578,faux prophète,11,11,1.000
NT,G912,Barabbas,11,11,1.000
NT,G963,Béthanie,11,11,1.000
OT,H1090,Bilha,11,11,1.000
OT,H1283,Beria,11,11,1.000
OT,H1296,Bérékia,11,11,1.000
OT,H1569,Galaadite,11,11,1.000
OT,H1719,Dedan,11,11,1.000
OT,H1769,Dibon,11,11,1.000
OT,H2268,Héber,11,11,1.000
OT,H2545,belle-mère,11,11,1.000
OT,H2586,Hanun,11,11,1.000
OT,H2607,Hanani,11,11,1.000
OT,H2748,magicien,11,11,1.000
OT,H2766,Harim,11,11,1.000
OT,H3048,Jedaeja,11,11,1.000
OT,H3076,Jochanan,11,11,1.000
OT,H3098,Joach,11,11,1.000
OT,H3120,Javan,11,11,1.000
OT,H3315,Japhet,11,11,1.000
OT,H3508,graisse,11,11,1.000
OT,H3843,brique,11,11,1.000
OT,H3929,Lémec,11,11,1.000
OT,H4435,Milca,11,11,1.000
OT,H453,Élihu,11,11,1.000
OT,H4763,chevet,11,11,1.000
OT,H48,Abiram,11,11,1.000
OT,H5601,saphir,11,11,1.000
OT,H5813,Uzzi,11,11,1.000
OT,H6290,Paran,11,11,1.000
OT,H6492,Pékach,11,11,1.000
OT,H6765,Tselophchad,11,11,1.000
OT,H6939,Cédron,11,11,1.000
OT,H7073,Kenaz,11,11,1.000
OT,H7153,Kirjath-Arba,11,11,1.000
OT,H7247,Ribla,11,11,1.000
OT,H728,Aravna,11,11,1.000
OT,H7526,retsin,11,11,1.000
OT,H7718,Onyx,11,11,1.000
OT,H7775,cri,11,11,1.000
OT,H8487,Théman,11,11,1.000
OT,H868,salaire,11,11,1.000
NT,G1375,persécution,10,10,1.000
NT,G2445,Joppé,10,10,1.000
NT,G3727,serment,10,10,1.000
NT,G3841,Tout-Puissant,10,10,1.000
NT,G4205,impudique,10,10,1.000
NT,G5010,ordre,10,10,1.000
NT,G5583,menteur,10,10,1.000
NT,G625,Apollos,10,10,1.000
OT,H107,lettre,10,10,1.000
OT,H1177,Baal-Hanan,10,10,1.000
OT,H1328,Bethuel,10,10,1.000
OT,H1463,Gog,10,10,1.000
OT,H1642,Guérar,10,10,1.000
OT,H1683,Débora,10,10,1.000
OT,H1867,Darius,10,10,1.000
OT,H1885,Dathan,10,10,1.000
OT,H2060,Vasthi,10,10,1.000
OT,H2128,Ziph,10,10,1.000
OT,H2213,bordure,10,10,1.000
OT,H231,Hysope,10,10,1.000
OT,H3078,Jojakin,10,10,1.000
OT,H3107,Jozabad,10,10,1.000
OT,H3504,avantage,10,10,1.000
OT,H357,Ajalon,10,10,1.000
OT,H3774,Kéréthiens,10,10,1.000
OT,H3794,Kittim,10,10,1.000
OT,H4407,Millo,10,10,1.000
OT,H447,Éliel,10,10,1.000
OT,H4471,Mamré,10,10,1.000
OT,H5154,airain,10,10,1.000
OT,H5177,Nachschon,10,10,1.000
OT,H5374,Nérija,10,10,1.000
OT,H5571,Sanballat,10,10,1.000
OT,H5744,Obed,10,10,1.000
OT,H6079,paupière,10,10,1.000
OT,H6147,Er,10,10,1.000
OT,H6158,corbeau,10,10,1.000
OT,H6163,Arabe,10,10,1.000
OT,H6210,lit,10,10,1.000
OT,H6790,Tsin,10,10,1.000
OT,H6820,Tsoar,10,10,1.000
OT,H6846,Sophonie,10,10,1.000
OT,H6881,Tsorea,10,10,1.000
OT,H6914,Kibroth-Hattaava,10,10,1.000
OT,H7165,agrafe,10,10,1.000
OT,H7340,Rehob,10,10,1.000
OT,H8018,Schélémia,10,10,1.000
OT,H8307,penchants,10,10,1.000
OT,H8396,Thabor,10,10,1.000
NT,G1064,ventre,9,9,1.000
NT,G12,abîme,9,9,1.000
NT,G1665,Élisabeth,9,9,1.000
NT,G2475,Israélite,9,9,1.000
NT,G2533,Caïphe,9,9,1.000
NT,G2663,repos,9,9,1.000
NT,G2794,péril,9,9,1.000
NT,G3023,lion,9,9,1.000
NT,G3135,perle,9,9,1.000
NT,G3198,Melchisédek,9,9,1.000
NT,G3414,mine,9,9,1.000
NT,G3520,île,9,9,1.000
NT,G4376,offrande,9,9,1.000
NT,G4541,Samaritain,9,9,1.000
NT,G4582,lune,9,9,1.000
NT,G5038,muraille,9,9,1.000
NT,G5286,marchepied,9,9,1.000
NT,G5344,Félix,9,9,1.000
NT,G5553,or,9,9,1.000
NT,G76,Adam,9,9,1.000
NT,G796,éclair,9,9,1.000
OT,H1196,Baana,9,9,1.000
OT,H1212,Betsaleel,9,9,1.000
OT,H1603,Gaal,9,9,1.000
OT,H1617,Guéra,9,9,1.000
OT,H164,Éhud,9,9,1.000
OT,H2292,Aggée,9,9,1.000
OT,H2384,vision,9,9,1.000
OT,H2660,Hépher,9,9,1.000
OT,H2767,Horma,9,9,1.000
OT,H2851,terreur,9,9,1.000
OT,H2971,Jaïr,9,9,1.000
OT,H3218,sauterelle,9,9,1.000
OT,H3257,pelle,9,9,1.000
OT,H3324,Jitsehar,9,9,1.000
OT,H3503,Jéthro,9,9,1.000
OT,H3645,Kemosch,9,9,1.000
OT,H3767,jambe,9,9,1.000
OT,H436,chêne,9,9,1.000
OT,H454,Éljoénaï,9,9,1.000
OT,H4719,Makkéda,9,9,1.000
OT,H4902,Méschec,9,9,1.000
OT,H5176,Nachasch,9,9,1.000
OT,H5371,Nergal-Scharetser,9,9,1.000
OT,H5429,mesure,9,9,1.000
OT,H5714,Iddo,9,9,1.000
OT,H5718,Adaja,9,9,1.000
OT,H5777,plomb,9,9,1.000
OT,H6061,Anak,9,9,1.000
OT,H6157,mouches,9,9,1.000
OT,H6673,précepte,9,9,1.000
OT,H73,ceinture,9,9,1.000
OT,H7597,Schealthiel,9,9,1.000
OT,H7644,Schebna,9,9,1.000
OT,H7732,Schobal,9,9,1.000
OT,H775,Arpacschad,9,9,1.000
OT,H7974,Schélach,9,9,1.000
OT,H811,grappe,9,9,1.000
OT,H8302,cuirasse,9,9,1.000
OT,H8359,chaîne,9,9,1.000
OT,H838,pas,9,9,1.000
OT,H8612,Topheth,9,9,1.000
OT,H883,Lachaï-roï,9,9,1.000
NT,G1016,bœuf,8,8,1.000
NT,G1147,doigt,8,8,1.000
NT,G1407,faucille,8,8,1.000
NT,G2135,eunuque,8,8,1.000
NT,G217,sel,8,8,1.000
NT,G2215,ivraie,8,8,1.000
NT,G2223,ceinture,8,8,1.000
NT,G2782,prédication,8,8,1.000
NT,G2791,Cilicie,8,8,1.000
NT,G2877,fille,8,8,1.000
NT,G3138,Marc,8,8,1.000
NT,G3359,front,8,8,1.000
NT,G34,troupeau,8,8,1.000
NT,G3565,épouse,8,8,1.000
NT,G3575,Noé,8,8,1.000
NT,G3968,patrie,8,8,1.000
NT,G4232,prétoire,8,8,1.000
NT,G4947,Syrie,8,8,1.000
NT,G536,prémices,8,8,1.000
OT,H1020,Beth-Jeschimoth,8,8,1.000
OT,H1047,Beth-Peor,8,8,1.000
OT,H1049,Beth-Tsur,8,8,1.000
OT,H1075,Bicri,8,8,1.000
OT,H1176,Baal-Zebub,8,8,1.000
OT,H1188,Baal-Peratsim,8,8,1.000
OT,H1224,Botsra,8,8,1.000
OT,H143,Adar,8,8,1.000
OT,H1533,Guilboa,8,8,1.000
OT,H154,Édréï,8,8,1.000
OT,H1667,Gath-Rimmon,8,8,1.000
OT,H173,Oholibama,8,8,1.000
OT,H1783,Dina,8,8,1.000
OT,H1893,Abel,8,8,1.000
OT,H2066,Zabad,8,8,1.000
OT,H209,Onan,8,8,1.000
OT,H221,Uri,8,8,1.000
OT,H2397,boucle,8,8,1.000
OT,H24,épis,8,8,1.000
OT,H2598,dédicace,8,8,1.000
OT,H2705,Hatsar-Schual,8,8,1.000
OT,H2805,ceinture,8,8,1.000
OT,H2838,tringle,8,8,1.000
OT,H2985,Jabin,8,8,1.000
OT,H3082,Jonadab,8,8,1.000
OT,H3189,Jachath,8,8,1.000
OT,H3199,Jakin,8,8,1.000
OT,H3284,autruche,8,8,1.000
OT,H3396,Jerachmeel,8,8,1.000
OT,H3459,Ismaélite,8,8,1.000
OT,H3529,Kebar,8,8,1.000
OT,H355,biche,8,8,1.000
OT,H3573,Cuschan-Rischeathaïm,8,8,1.000
OT,H3734,cor,8,8,1.000
OT,H3756,Carmi,8,8,1.000
OT,H387,Éthan,8,8,1.000
OT,H3870,Luz,8,8,1.000
OT,H3939,absinthe,8,8,1.000
OT,H4187,Muschi,8,8,1.000
OT,H437,chêne,8,8,1.000
OT,H4505,Menahem,8,8,1.000
OT,H4584,Maon,8,8,1.000
OT,H4670,seuil,8,8,1.000
OT,H4762,Maréscha,8,8,1.000
OT,H4993,Matthithia,8,8,1.000
OT,H5166,Néhémie,8,8,1.000
OT,H5462,or pur,8,8,1.000
OT,H5470,prison,8,8,1.000
OT,H5658,Abdon,8,8,1.000
OT,H5711,Ada,8,8,1.000
OT,H5725,Adullam,8,8,1.000
OT,H5780,Uts,8,8,1.000
OT,H5820,Azmaveth,8,8,1.000
OT,H5858,Ébal,8,8,1.000
OT,H5861,oiseau,8,8,1.000
OT,H5883,En-Roguel,8,8,1.000
OT,H6084,Ophra,8,8,1.000
OT,H6126,Akkub,8,8,1.000
OT,H6222,Asaja,8,8,1.000
OT,H6288,rameau,8,8,1.000
OT,H6301,Pedahtsur,8,8,1.000
OT,H6305,Pedaja,8,8,1.000
OT,H6449,Pisga,8,8,1.000
OT,H6636,Tseboïm,8,8,1.000
OT,H6649,Tsibeon,8,8,1.000
OT,H6934,Kadmiel,8,8,1.000
OT,H7156,Kirjathaïm,8,8,1.000
OT,H7193,écaille,8,8,1.000
OT,H7261,grands,8,8,1.000
OT,H7550,galette,8,8,1.000
OT,H7755,Soco,8,8,1.000
OT,H7767,Sunamite,8,8,1.000
OT,H7895,Schischak,8,8,1.000
OT,H7956,Schéla,8,8,1.000
OT,H8152,Schinear,8,8,1.000
OT,H8202,Schaphath,8,8,1.000
OT,H8274,Schérébia,8,8,1.000
OT,H8352,Seth,8,8,1.000
OT,H8422,Tubal,8,8,1.000
OT,H8471,Tachpanès,8,8,1.000
OT,H8519,murmure,8,8,1.000
OT,H8571,lobe,8,8,1.000
OT,H90,Agag,8,8,1.000
NT,G1030,grincement,7,7,1.000
NT,G109,air,7,7,1.000
NT,G1430,toit,7,7,1.000
NT,G1496,idolâtre,7,7,1.000
NT,G1988,maître,7,7,1.000
NT,G2303,soufre,7,7,1.000
NT,G2395,médecin,7,7,1.000
NT,G2410,Jéricho,7,7,1.000
NT,G2448,Juda,7,7,1.000
NT,G2848,grain,7,7,1.000
NT,G3428,adultère,7,7,1.000
NT,G3847,transgression,7,7,1.000
NT,G4501,épée,7,7,1.000
NT,G4622,Sion,7,7,1.000
NT,G4639,ombre,7,7,1.000
NT,G4686,cohorte,7,7,1.000
NT,G5012,humilité,7,7,1.000
NT,G5028,sépulcre,7,7,1.000
NT,G5370,baiser,7,7,1.000
NT,G5395,flamme,7,7,1.000
NT,G5406,meurtrier,7,7,1.000
NT,G5421,puits,7,7,1.000
NT,G5603,cantique,7,7,1.000
OT,H102,troupes,7,7,1.000
OT,H1131,Binnuï,7,7,1.000
OT,H1210,vendange,7,7,1.000
OT,H1315,Basmath,7,7,1.000
OT,H1446,Guedor,7,7,1.000
OT,H1492,toison,7,7,1.000
OT,H1622,Guirgasien,7,7,1.000
OT,H1756,Dor,7,7,1.000
OT,H1806,Delaja,7,7,1.000
OT,H2039,Haran,7,7,1.000
OT,H2061,loup,7,7,1.000
OT,H2153,Zilpa,7,7,1.000
OT,H224,Urim,7,7,1.000
OT,H293,Achinoam,7,7,1.000
OT,H2999,Jabbok,7,7,1.000
OT,H3122,Jonadab,7,7,1.000
OT,H3382,Jéred,7,7,1.000
OT,H3412,Jarmuth,7,7,1.000
OT,H3449,Jischija,7,7,1.000
OT,H356,Élon,7,7,1.000
OT,H3725,expiation,7,7,1.000
OT,H3826,cœur,7,7,1.000
OT,H3877,Lothan,7,7,1.000
OT,H3936,Laedan,7,7,1.000
OT,H3961,langue,7,7,1.000
OT,H406,laboureur,7,7,1.000
OT,H4111,Mahalaleel,7,7,1.000
OT,H4207,fourchette,7,7,1.000
OT,H4332,Mischaël,7,7,1.000
OT,H44,Abiézer,7,7,1.000
OT,H4543,magasins,7,7,1.000
OT,H4691,détresse,7,7,1.000
OT,H4812,Merajoth,7,7,1.000
OT,H494,Elnathan,7,7,1.000
OT,H5297,Noph,7,7,1.000
OT,H5531,folie,7,7,1.000
OT,H5617,Sepharvaïm,7,7,1.000
OT,H5825,Azéka,7,7,1.000
OT,H583,Énosch,7,7,1.000
OT,H590,navire,7,7,1.000
OT,H5907,Acbor,7,7,1.000
OT,H5986,Amos,7,7,1.000
OT,H6159,Oreb,7,7,1.000
OT,H6274,Othniel,7,7,1.000
OT,H6316,Puth,7,7,1.000
OT,H6367,Pi-Hahiroth,7,7,1.000
OT,H6389,Péleg,7,7,1.000
OT,H6432,Péléthiens,7,7,1.000
OT,H6472,clochette,7,7,1.000
OT,H6569,excréments,7,7,1.000
OT,H6701,Tsurischaddaï,7,7,1.000
OT,H6814,Tsoan,7,7,1.000
OT,H6834,Tsippor,7,7,1.000
OT,H6835,cruche,7,7,1.000
OT,H7389,pauvreté,7,7,1.000
OT,H7410,Ram,7,7,1.000
OT,H7415,ver,7,7,1.000
OT,H7469,poursuite,7,7,1.000
OT,H7645,Schebania,7,7,1.000
OT,H7826,lion,7,7,1.000
OT,H7898,ronces,7,7,1.000
OT,H7982,bouclier,7,7,1.000
OT,H8019,Schelomith,7,7,1.000
OT,H8048,Schamma,7,7,1.000
OT,H8185,cheveu,7,7,1.000
OT,H821,veille,7,7,1.000
OT,H8256,sycomore,7,7,1.000
OT,H847,Eschthaol,7,7,1.000
OT,H8620,Tekoa,7,7,1.000
OT,H8636,usure,7,7,1.000
OT,H8658,chrysolithe,7,7,1.000
NT,G1258,langue,6,6,1.000
NT,G1312,corruption,6,6,1.000
NT,G1385,poutre,6,6,1.000
NT,G207,Aquilas,6,6,1.000
NT,G223,Alexandre,6,6,1.000
NT,G2266,Hérodias,6,6,1.000
NT,G2368,parfum,6,6,1.000
NT,G2430,Icone,6,6,1.000
NT,G2574,chameau,6,6,1.000
NT,G2595,paille,6,6,1.000
NT,G2665,voile,6,6,1.000
NT,G2786,Céphas,6,6,1.000
NT,G2787,arche,6,6,1.000
NT,G2894,panier,6,6,1.000
NT,G3074,loup,6,6,1.000
NT,G3082,Lystre,6,6,1.000
NT,G3308,souci,6,6,1.000
NT,G3316,médiateur,6,6,1.000
NT,G3448,veau,6,6,1.000
NT,G3482,Nathanaël,6,6,1.000
NT,G3744,odeur,6,6,1.000
NT,G3904,préparation,6,6,1.000
NT,G3994,belle-mère,6,6,1.000
NT,G4446,fièvre,6,6,1.000
NT,G4712,stade,6,6,1.000
NT,G4930,fin,6,6,1.000
NT,G5174,Troas,6,6,1.000
NT,G5205,pluie,6,6,1.000
NT,G5311,hauteur,6,6,1.000
NT,G5360,amour fraternel,6,6,1.000
NT,G5444,feuille,6,6,1.000
NT,G596,grenier,6,6,1.000
NT,G929,tourment,6,6,1.000
NT,G946,abomination,6,6,1.000
NT,G954,Béelzébul,6,6,1.000
OT,H1000,œuf,6,6,1.000
OT,H1026,Beth-Araba,6,6,1.000
OT,H1031,Beth-Hogla,6,6,1.000
OT,H1043,Beth-Anath,6,6,1.000
OT,H1171,Baal-Gad,6,6,1.000
OT,H1186,Baal-Meon,6,6,1.000
OT,H1189,Baal-Tsephon,6,6,1.000
OT,H1358,fosse,6,6,1.000
OT,H137,Adoni-Bézek,6,6,1.000
OT,H1377,reine,6,6,1.000
OT,H1405,Guibbethon,6,6,1.000
OT,H1474,Golan,6,6,1.000
OT,H1521,Guihon,6,6,1.000
OT,H1555,Goliath,6,6,1.000
OT,H1586,Gomer,6,6,1.000
OT,H1651,Gueschurien,6,6,1.000
OT,H172,Oholiba,6,6,1.000
OT,H1722,or,6,6,1.000
OT,H1734,Dodo,6,6,1.000
OT,H1785,retranchement,6,6,1.000
OT,H1807,Delila,6,6,1.000
OT,H1828,fumier,6,6,1.000
OT,H1916,marchepied,6,6,1.000
OT,H1918,myrte,6,6,1.000
OT,H2002,collier,6,6,1.000
OT,H2062,Zeeb,6,6,1.000
OT,H2067,Zabdi,6,6,1.000
OT,H2083,Zebul,6,6,1.000
OT,H2209,vieillesse,6,6,1.000
OT,H2276,Hébronites,6,6,1.000
OT,H2334,bourgs de Jaïr,6,6,1.000
OT,H2445,sage,6,6,1.000
OT,H2485,flûte,6,6,1.000
OT,H2549,cinquième,6,6,1.000
OT,H2558,vinaigre,6,6,1.000
OT,H2624,cigogne,6,6,1.000
OT,H2698,Hatséroth,6,6,1.000
OT,H283,Achjo,6,6,1.000
OT,H3043,Jediaël,6,6,1.000
OT,H3166,Jachaziel,6,6,1.000
OT,H3226,Jamin,6,6,1.000
OT,H324,satrape,6,6,1.000
OT,H3278,Jaël,6,6,1.000
OT,H33,Abiézer,6,6,1.000
OT,H3355,Jokthan,6,6,1.000
OT,H345,Ajja,6,6,1.000
OT,H3553,casque,6,6,1.000
OT,H3562,Conania,6,6,1.000
OT,H362,Élim,6,6,1.000
OT,H3654,poux,6,6,1.000
OT,H3810,Lodebar,6,6,1.000
OT,H4245,maladie,6,6,1.000
OT,H4345,grille,6,6,1.000
OT,H4371,tribut,6,6,1.000
OT,H4375,Macpéla,6,6,1.000
OT,H4387,hymne,6,6,1.000
OT,H4514,verrou,6,6,1.000
OT,H458,Élimélec,6,6,1.000
OT,H460,Éliasaph,6,6,1.000
OT,H4689,détresse,6,6,1.000
OT,H4772,pieds,6,6,1.000
OT,H4807,Merib-Baal,6,6,1.000
OT,H4822,Merémoth,6,6,1.000
OT,H4968,Metuschélah,6,6,1.000
OT,H4997,outre,6,6,1.000
OT,H5011,Nob,6,6,1.000
OT,H5031,prophétesse,6,6,1.000
OT,H5450,travaux,6,6,1.000
OT,H5512,Sin,6,6,1.000
OT,H5572,buisson,6,6,1.000
OT,H5651,Ébed,6,6,1.000
OT,H5832,Azareel,6,6,1.000
OT,H5840,Azrikam,6,6,1.000
OT,H5873,En-Gannim,6,6,1.000
OT,H5874,En-Dor,6,6,1.000
OT,H5896,Ira,6,6,1.000
OT,H5909,souris,6,6,1.000
OT,H5912,Acan,6,6,1.000
OT,H5988,Ammiel,6,6,1.000
OT,H6137,scorpion,6,6,1.000
OT,H6144,Ar,6,6,1.000
OT,H6152,Arabie,6,6,1.000
OT,H62,Abel-Beth-Maaca,6,6,1.000
OT,H6319,Poti-Phéra,6,6,1.000
OT,H634,Ésar-Haddon,6,6,1.000
OT,H65,Abel-Mehola,6,6,1.000
OT,H6551,Pareosch,6,6,1.000
OT,H6842,bouc,6,6,1.000
OT,H6875,baume,6,6,1.000
OT,H7018,Kénan,6,6,1.000
OT,H7028,Kison,6,6,1.000
OT,H7162,corne,6,6,1.000
OT,H72,Ében-Ézer,6,6,1.000
OT,H740,Ariel,6,6,1.000
OT,H7552,Rékem,6,6,1.000
OT,H757,Arkien,6,6,1.000
OT,H772,terre,6,6,1.000
OT,H774,Arpad,6,6,1.000
OT,H7793,Schur,6,6,1.000
OT,H7985,domination,6,6,1.000
OT,H80,poussière,6,6,1.000
OT,H8060,Schammaï,6,6,1.000
OT,H8065,ciel,6,6,1.000
OT,H8092,Schimea,6,6,1.000
OT,H812,Eschcol,6,6,1.000
OT,H827,carquois,6,6,1.000
OT,H8439,Thola,6,6,1.000
OT,H8526,Talmaï,6,6,1.000
OT,H8555,Thimna,6,6,1.000
OT,H862,galerie,6,6,1.000
OT,H8664,Thischbite,6,6,1.000
OT,H893,Bébaï,6,6,1.000
OT,H902,Bigvaï,6,6,1.000
NT,G1050,Gaïus,5,5,1.000
NT,G1051,lait,5,5,1.000
NT,G1142,démon,5,5,1.000
NT,G1397,servitude,5,5,1.000
NT,G1424,occident,5,5,1.000
NT,G1713,marchand,5,5,1.000
NT,G1923,inscription,5,5,1.000
NT,G2,Aaron,5,5,1.000
NT,G2191,vipère,5,5,1.000
NT,G2332,Thessalonique,5,5,1.000
NT,G2382,cuirasse,5,5,1.000
NT,G256,Alphée,5,5,1.000
NT,G2759,aiguillon,5,5,1.000
NT,G2779,jardin,5,5,1.000
NT,G285,sable,5,5,1.000
NT,G2868,poussière,5,5,1.000
NT,G2914,Crète,5,5,1.000
NT,G2954,Chypre,5,5,1.000
NT,G2965,chien,5,5,1.000
NT,G3017,Lévi,5,5,1.000
NT,G3110,Macédonien,5,5,1.000
NT,G3156,Matthieu,5,5,1.000
NT,G3472,folie,5,5,1.000
NT,G3494,jeune homme,5,5,1.000
NT,G3530,Nicodème,5,5,1.000
NT,G3795,poisson,5,5,1.000
NT,G3828,Pamphylie,5,5,1.000
NT,G3997,deuil,5,5,1.000
NT,G4094,plat,5,5,1.000
NT,G4125,côté,5,5,1.000
NT,G4167,troupeau,5,5,1.000
NT,G4168,troupeau,5,5,1.000
NT,G4209,pourpre,5,5,1.000
NT,G4411,première place,5,5,1.000
NT,G4420,aile,5,5,1.000
NT,G4615,sénevé,5,5,1.000
NT,G4651,scorpion,5,5,1.000
NT,G4703,semence,5,5,1.000
NT,G4711,corbeille,5,5,1.000
NT,G4719,épi,5,5,1.000
NT,G4738,poitrine,5,5,1.000
NT,G500,antéchrist,5,5,1.000
NT,G5206,adoption,5,5,1.000
NT,G5328,Pharaon,5,5,1.000
NT,G5413,fardeau,5,5,1.000
NT,G5621,oreille,5,5,1.000
NT,G696,argent,5,5,1.000
NT,G708,Aristarque,5,5,1.000
NT,G735,Diane,5,5,1.000
OT,H1071,Béker,5,5,1.000
OT,H1085,Bildad,5,5,1.000
OT,H1173,Baala,5,5,1.000
OT,H1217,pâte,5,5,1.000
OT,H1221,Betser,5,5,1.000
OT,H1252,pureté,5,5,1.000
OT,H126,Adma,5,5,1.000
OT,H1441,Guideoni,5,5,1.000
OT,H1470,Gozan,5,5,1.000
OT,H1583,Gamliel,5,5,1.000
OT,H1587,Guemaria,5,5,1.000
OT,H1626,guéra,5,5,1.000
OT,H170,Ohola,5,5,1.000
OT,H171,Oholiab,5,5,1.000
OT,H2043,Harar,5,5,1.000
OT,H207,Ono,5,5,1.000
OT,H218,Ur,5,5,1.000
OT,H2182,Zanoach,5,5,1.000
OT,H2191,peu,5,5,1.000
OT,H2228,Zerachja,5,5,1.000
OT,H2259,pilote,5,5,1.000
OT,H2284,sauterelle,5,5,1.000
OT,H2294,Haggith,5,5,1.000
OT,H2452,sagesse,5,5,1.000
OT,H2457,rouille,5,5,1.000
OT,H2497,Hélon,5,5,1.000
OT,H2537,Hamuthal,5,5,1.000
OT,H2621,Hosa,5,5,1.000
OT,H2652,Hophni,5,5,1.000
OT,H27,Abidan,5,5,1.000
OT,H2815,Haschub,5,5,1.000
OT,H2828,Haschum,5,5,1.000
OT,H286,Achilud,5,5,1.000
OT,H2920,rosée,5,5,1.000
OT,H2929,Thalmon,5,5,1.000
OT,H299,Ahira,5,5,1.000
OT,H2994,belle-sœur,5,5,1.000
OT,H3111,Jojada,5,5,1.000
OT,H3114,Jojarib,5,5,1.000
OT,H3232,Jimna,5,5,1.000
OT,H3309,Japhia,5,5,1.000
OT,H333,Ather,5,5,1.000
OT,H3469,Jischeï,5,5,1.000
OT,H3540,Kedorlaomer,5,5,1.000
OT,H3668,Kenaana,5,5,1.000
OT,H3702,argent,5,5,1.000
OT,H3755,vigneron,5,5,1.000
OT,H3761,de Carmel,5,5,1.000
OT,H38,Abijam,5,5,1.000
OT,H3845,Libni,5,5,1.000
OT,H3849,log,5,5,1.000
OT,H3865,Lud,5,5,1.000
OT,H3993,embuscade,5,5,1.000
OT,H3994,malédiction,5,5,1.000
OT,H4099,Hammedatha,5,5,1.000
OT,H4158,Méphaath,5,5,1.000
OT,H4212,couteaux,5,5,1.000
OT,H4244,Machla,5,5,1.000
OT,H4311,Médeba,5,5,1.000
OT,H4348,brûlure,5,5,1.000
OT,H4370,caleçons,5,5,1.000
OT,H4446,reine,5,5,1.000
OT,H451,queue,5,5,1.000
OT,H4554,fourrage,5,5,1.000
OT,H468,Élitsur,5,5,1.000
OT,H4785,Mara,5,5,1.000
OT,H485,gerbe,5,5,1.000
OT,H4867,flot,5,5,1.000
OT,H49,Abischag,5,5,1.000
OT,H4937,appui,5,5,1.000
OT,H4996,No,5,5,1.000
OT,H50,Abischua,5,5,1.000
OT,H500,Élealé,5,5,1.000
OT,H5020,Nebucadnetsar,5,5,1.000
OT,H5032,Nebajoth,5,5,1.000
OT,H5233,richesses,5,5,1.000
OT,H5250,Nimschi,5,5,1.000
OT,H5279,Naama,5,5,1.000
OT,H5566,idole,5,5,1.000
OT,H5579,nageoires,5,5,1.000
OT,H5682,Abarim,5,5,1.000
OT,H5871,Aïn,5,5,1.000
OT,H5881,Énan,5,5,1.000
OT,H5891,Épha,5,5,1.000
OT,H5911,Acor,5,5,1.000
OT,H5915,Acsa,5,5,1.000
OT,H5918,Ocran,5,5,1.000
OT,H5934,jeunesse,5,5,1.000
OT,H5996,Ammischaddaï,5,5,1.000
OT,H6022,Amasaï,5,5,1.000
OT,H6071,moût,5,5,1.000
OT,H6077,colline,5,5,1.000
OT,H6082,faon,5,5,1.000
OT,H6155,saules,5,5,1.000
OT,H6166,Arad,5,5,1.000
OT,H617,Assir,5,5,1.000
OT,H6295,Paguiel,5,5,1.000
OT,H6396,Pallu,5,5,1.000
OT,H6410,Pelathia,5,5,1.000
OT,H6465,Peor,5,5,1.000
OT,H6624,Pathros,5,5,1.000
OT,H6686,Tsuar,5,5,1.000
OT,H6698,Tsur,5,5,1.000
OT,H6699,forme,5,5,1.000
OT,H6714,Tsochar,5,5,1.000
OT,H6788,cime,5,5,1.000
OT,H6797,turban,5,5,1.000
OT,H687,Étser,5,5,1.000
OT,H6876,Tyrien,5,5,1.000
OT,H7021,ricin,5,5,1.000
OT,H7024,Kir,5,5,1.000
OT,H709,Argob,5,5,1.000
OT,H7176,ville,5,5,1.000
OT,H7200,voyant,5,5,1.000
OT,H7343,Rahab,5,5,1.000
OT,H7345,Rechabia,5,5,1.000
OT,H7347,meule,5,5,1.000
OT,H7466,Rehu,5,5,1.000
OT,H7484,Raema,5,5,1.000
OT,H7486,Ramsès,5,5,1.000
OT,H7508,Rephidim,5,5,1.000
OT,H7509,Rephaja,5,5,1.000
OT,H7603,levain,5,5,1.000
OT,H762,araméen,5,5,1.000
OT,H7707,Schedéur,5,5,1.000
OT,H7715,Schadrac,5,5,1.000
OT,H7745,fosse,5,5,1.000
OT,H7851,Sittim,5,5,1.000
OT,H8017,Schelumiel,5,5,1.000
OT,H8051,Schammua,5,5,1.000
OT,H8059,relâche,5,5,1.000
OT,H8070,Schemiramoth,5,5,1.000
OT,H8087,Schéma,5,5,1.000
OT,H8110,Schimron,5,5,1.000
OT,H8222,barbe,5,5,1.000
OT,H8286,Serug,5,5,1.000
OT,H8348,Schéschan,5,5,1.000
OT,H8525,sillon,5,5,1.000
OT,H855,hoyau,5,5,1.000
OT,H8550,Thummim,5,5,1.000
OT,H8570,fruit,5,5,1.000
OT,H8572,sommeil,5,5,1.000
OT,H8575,consolation,5,5,1.000
OT,H8602,plâtre,5,5,1.000
OT,H8660,gouverneur,5,5,1.000
OT,H881,Beéroth,5,5,1.000
OT,H980,Bachurim,5,5,1.000
NT,G105,aigle,4,4,1.000
NT,G1053,Galatie,4,4,1.000
NT,G1069,voisin,4,4,1.000
NT,G116,Athènes,4,4,1.000
NT,G1201,prison,4,4,1.000
NT,G1218,peuple,4,4,1.000
NT,G1495,idolâtrie,4,4,1.000
NT,G1936,imposition,4,4,1.000
NT,G200,sauterelle,4,4,1.000
NT,G2047,désert,4,4,1.000
NT,G2062,reptile,4,4,1.000
NT,G2363,Thyatire,4,4,1.000
NT,G2377,portier,4,4,1.000
NT,G2393,jaspe,4,4,1.000
NT,G2420,sacerdoce,4,4,1.000
NT,G2571,voile,4,4,1.000
NT,G2575,fournaise,4,4,1.000
NT,G2580,Cana,4,4,1.000
NT,G2627,déluge,4,4,1.000
NT,G2643,réconciliation,4,4,1.000
NT,G265,péché,4,4,1.000
NT,G2778,tribut,4,4,1.000
NT,G2788,harpe,4,4,1.000
NT,G2814,sarment,4,4,1.000
NT,G286,agneau,4,4,1.000
NT,G2898,crâne,4,4,1.000
NT,G2952,petit chien,4,4,1.000
NT,G3003,légion,4,4,1.000
NT,G3014,lèpre,4,4,1.000
NT,G3051,oracle,4,4,1.000
NT,G3091,Lot,4,4,1.000
NT,G3192,miel,4,4,1.000
NT,G3350,déportation,4,4,1.000
NT,G3432,adultère,4,4,1.000
NT,G3706,vision,4,4,1.000
NT,G3728,serment,4,4,1.000
NT,G3759,malheur,4,4,1.000
NT,G3769,queue,4,4,1.000
NT,G3966,patriarche,4,4,1.000
NT,G4083,coudée,4,4,1.000
NT,G4123,cupide,4,4,1.000
NT,G4194,Ponce,4,4,1.000
NT,G4339,prosélyte,4,4,1.000
NT,G438,fleur,4,4,1.000
NT,G4382,acception de personnes,4,4,1.000
NT,G4405,matin,4,4,1.000
NT,G4410,premier siège,4,4,1.000
NT,G4444,tour,4,4,1.000
NT,G446,proconsul,4,4,1.000
NT,G45,ancre,4,4,1.000
NT,G452,Anne,4,4,1.000
NT,G4526,sac,4,4,1.000
NT,G4564,Sara,4,4,1.000
NT,G4610,Silvain,4,4,1.000
NT,G4614,Sinaï,4,4,1.000
NT,G4723,stérile,4,4,1.000
NT,G4745,portique,4,4,1.000
NT,G4765,passereau,4,4,1.000
NT,G4810,figue,4,4,1.000
NT,G4886,lien,4,4,1.000
NT,G5076,tétrarque,4,4,1.000
NT,G5131,bouc,4,4,1.000
NT,G52,ignorance,4,4,1.000
NT,G5253,chambre haute,4,4,1.000
NT,G529,rencontre,4,4,1.000
NT,G5464,grêle,4,4,1.000
NT,G547,menace,4,4,1.000
NT,G612,réponse,4,4,1.000
NT,G697,Aréopage,4,4,1.000
NT,G707,Arimathée,4,4,1.000
NT,G716,char,4,4,1.000
NT,G798,étoile,4,4,1.000
NT,G905,bourse,4,4,1.000
NT,G918,Barthélemy,4,4,1.000
NT,G938,reine,4,4,1.000
NT,G958,Benjamin,4,4,1.000
NT,G966,Bethsaïda,4,4,1.000
NT,G970,violence,4,4,1.000
OT,H1012,Beth-Bara,4,4,1.000
OT,H1016,Beth-Dagon,4,4,1.000
OT,H1021,Beth-Hakkérem,4,4,1.000
OT,H1024,Beth-Marcaboth,4,4,1.000
OT,H1030,Beth-Schémesch,4,4,1.000
OT,H1038,Beth-Maaca,4,4,1.000
OT,H1039,Beth-Nimra,4,4,1.000
OT,H1044,maison de réunion,4,4,1.000
OT,H1046,Beth-Paleth,4,4,1.000
OT,H1050,Beth-Rehob,4,4,1.000
OT,H1057,mûrier,4,4,1.000
OT,H1092,Bilhan,4,4,1.000
OT,H1142,Bené-Jaakan,4,4,1.000
OT,H1170,Baal-Berith,4,4,1.000
OT,H1179,Baal-Hermon,4,4,1.000
OT,H1248,fils,4,4,1.000
OT,H139,Adoni-Tsédek,4,4,1.000
OT,H1435,Guiddel,4,4,1.000
OT,H1476,Guni,4,4,1.000
OT,H1573,jonc,4,4,1.000
OT,H1594,jardin,4,4,1.000
OT,H1608,Gaasch,4,4,1.000
OT,H1621,cou,4,4,1.000
OT,H1630,Garizim,4,4,1.000
OT,H1631,hache,4,4,1.000
OT,H1682,abeille,4,4,1.000
OT,H1746,Duma,4,4,1.000
OT,H1749,cire,4,4,1.000
OT,H1845,Déuel,4,4,1.000
OT,H1868,Darius,4,4,1.000
OT,H1871,darique,4,4,1.000
OT,H1913,Hadoram,4,4,1.000
OT,H1938,Hodavia,4,4,1.000
OT,H1940,Hodija,4,4,1.000
OT,H1947,folie,4,4,1.000
OT,H198,Ulam,4,4,1.000
OT,H2047,Hathac,4,4,1.000
OT,H208,Onam,4,4,1.000
OT,H2138,mâle,4,4,1.000
OT,H2165,temps,4,4,1.000
OT,H2208,vieillesse,4,4,1.000
OT,H2218,Zéred,4,4,1.000
OT,H222,Uriel,4,4,1.000
OT,H2238,Zéresch,4,4,1.000
OT,H2240,Zatthu,4,4,1.000
OT,H2258,gage,4,4,1.000
OT,H2279,assemblage,4,4,1.000
OT,H2295,Hogla,4,4,1.000
OT,H2333,bourg,4,4,1.000
OT,H2366,Huschim,4,4,1.000
OT,H2367,Huscham,4,4,1.000
OT,H2524,beau-père,4,4,1.000
OT,H2570,ventre,4,4,1.000
OT,H2573,outre,4,4,1.000
OT,H2582,Hénadad,4,4,1.000
OT,H2601,Hanameel,4,4,1.000
OT,H2606,Hananeel,4,4,1.000
OT,H2688,Hatsatson-Thamar,4,4,1.000
OT,H2735,Hor-Guidgad,4,4,1.000
OT,H2773,Choronaïm,4,4,1.000
OT,H2799,graver,4,4,1.000
OT,H2897,Tob,4,4,1.000
OT,H2935,corbeille,4,4,1.000
OT,H2970,Jaazania,4,4,1.000
OT,H3065,Jehudi,4,4,1.000
OT,H3099,Joachaz,4,4,1.000
OT,H3113,Jojakim,4,4,1.000
OT,H3136,Jotsadak,4,4,1.000
OT,H3229,Jimla,4,4,1.000
OT,H323,satrape,4,4,1.000
OT,H3243,nourrice,4,4,1.000
OT,H3258,Jaebets,4,4,1.000
OT,H3281,Jaelam,4,4,1.000
OT,H3305,Japho,4,4,1.000
OT,H3317,Jiphthach-El,4,4,1.000
OT,H3325,Jitseharites,4,4,1.000
OT,H3370,Jokschan,4,4,1.000
OT,H3437,Jaschub,4,4,1.000
OT,H3440,Jischvi,4,4,1.000
OT,H3446,Isaac,4,4,1.000
OT,H3492,Jatthir,4,4,1.000
OT,H3536,fournaise,4,4,1.000
OT,H3626,Col-Hozé,4,4,1.000
OT,H3628,prison,4,4,1.000
OT,H3643,Kimham,4,4,1.000
OT,H3716,Kephira,4,4,1.000
OT,H3748,divorce,4,4,1.000
OT,H3850,Lod,4,4,1.000
OT,H3879,Lévite,4,4,1.000
OT,H392,Aczib,4,4,1.000
OT,H3979,couteau,4,4,1.000
OT,H4021,bonnet,4,4,1.000
OT,H4031,Magog,4,4,1.000
OT,H4050,scie,4,4,1.000
OT,H4084,Madianite,4,4,1.000
OT,H4115,prison,4,4,1.000
OT,H4137,Molada,4,4,1.000
OT,H42,Abinoam,4,4,1.000
OT,H4211,serpe,4,4,1.000
OT,H4236,vision,4,4,1.000
OT,H4248,Machlon,4,4,1.000
OT,H4314,Mézahab,4,4,1.000
OT,H4320,Michée,4,4,1.000
OT,H4326,Mijamin,4,4,1.000
OT,H4404,four à briques,4,4,1.000
OT,H4442,Melchisédek,4,4,1.000
OT,H445,Elchanan,4,4,1.000
OT,H4462,Memucan,4,4,1.000
OT,H450,Éliada,4,4,1.000
OT,H4500,ensouple,4,4,1.000
OT,H4518,coupe,4,4,1.000
OT,H4532,Massa,4,4,1.000
OT,H4548,clou,4,4,1.000
OT,H4656,idole,4,4,1.000
OT,H4693,Égypte,4,4,1.000
OT,H4732,Mikloth,4,4,1.000
OT,H4884,mesure,4,4,1.000
OT,H4920,Meschélémia,4,4,1.000
OT,H4927,Mischma,4,4,1.000
OT,H4956,Misrephoth-Maïm,4,4,1.000
OT,H4964,mors,4,4,1.000
OT,H5248,Nimrod,4,4,1.000
OT,H5270,Noa,4,4,1.000
OT,H5298,Népheg,4,4,1.000
OT,H5353,Nekoda,4,4,1.000
OT,H5444,Sibbecaï,4,4,1.000
OT,H5466,chemise,4,4,1.000
OT,H5548,Salca,4,4,1.000
OT,H5649,serviteur,4,4,1.000
OT,H5720,Adin,4,4,1.000
OT,H5742,lentille,4,4,1.000
OT,H5748,chalumeau,4,4,1.000
OT,H5799,azazel,4,4,1.000
OT,H5803,Azgad,4,4,1.000
OT,H5806,Azuba,4,4,1.000
OT,H5829,Ézer,4,4,1.000
OT,H5852,Atharoth,4,4,1.000
OT,H5853,Atharoth-Addar,4,4,1.000
OT,H5856,monceau,4,4,1.000
OT,H5863,Ijjé-Abarim,4,4,1.000
OT,H5885,En-Schémesch,4,4,1.000
OT,H594,niveau,4,4,1.000
OT,H5963,Almon-Diblathaïm,4,4,1.000
OT,H5985,Ammonite,4,4,1.000
OT,H5995,gerbe,4,4,1.000
OT,H6005,Emmanuel,4,4,1.000
OT,H6038,humilité,4,4,1.000
OT,H6042,Unni,4,4,1.000
OT,H6081,Épher,4,4,1.000
OT,H6182,pâte,4,4,1.000
OT,H6228,Aschan,4,4,1.000
OT,H6262,Attaï,4,4,1.000
OT,H6302,rachat,4,4,1.000
OT,H6322,Pul,4,4,1.000
OT,H6347,gouverneur,4,4,1.000
OT,H6357,topaze,4,4,1.000
OT,H6380,Pokéreth-Hatsebaïm,4,4,1.000
OT,H6454,Paséach,4,4,1.000
OT,H6540,Perse,4,4,1.000
OT,H6560,Pérets-Uzza,4,4,1.000
OT,H6572,copie,4,4,1.000
OT,H6611,Pethachja,4,4,1.000
OT,H6682,cri,4,4,1.000
OT,H6691,Tsophar,4,4,1.000
OT,H6716,navire,4,4,1.000
OT,H6752,ombre,4,4,1.000
OT,H6777,voile,4,4,1.000
OT,H6778,raisins secs,4,4,1.000
OT,H6877,tour,4,4,1.000
OT,H6926,orient,4,4,1.000
OT,H6932,Kedémoth,4,4,1.000
OT,H6989,Ketura,4,4,1.000
OT,H7074,Kenizien,4,4,1.000
OT,H7152,Kerijoth,4,4,1.000
OT,H7154,Kirjath-Baal,4,4,1.000
OT,H7184,coupe,4,4,1.000
OT,H7211,Reaja,4,4,1.000
OT,H7216,Ramoth,4,4,1.000
OT,H7248,chef des mages,4,4,1.000
OT,H7256,quatrième génération,4,4,1.000
OT,H733,Arach,4,4,1.000
OT,H7344,Rehoboth,4,4,1.000
OT,H7348,Rehum,4,4,1.000
OT,H7353,brebis,4,4,1.000
OT,H7428,Rimmon-Pérets,4,4,1.000
OT,H746,Arjoc,4,4,1.000
OT,H7532,Ritspa,4,4,1.000
OT,H7687,Segub,4,4,1.000
OT,H7727,Schobab,4,4,1.000
OT,H7784,rue,4,4,1.000
OT,H7792,mur,4,4,1.000
OT,H780,Ararat,4,4,1.000
OT,H7803,Schutélach,4,4,1.000
OT,H7958,cailles,4,4,1.000
OT,H8007,Salma,4,4,1.000
OT,H8069,Schamir,4,4,1.000
OT,H8072,Samla,4,4,1.000
OT,H809,gâteau de raisins,4,4,1.000
OT,H8113,Schimri,4,4,1.000
OT,H8114,Schemaria,4,4,1.000
OT,H8124,Schimschaï,4,4,1.000
OT,H8148,raillerie,4,4,1.000
OT,H8149,Senir,4,4,1.000
OT,H8272,Scharetser,4,4,1.000
OT,H8275,sceptre,4,4,1.000
OT,H8380,jumeaux,4,4,1.000
OT,H84,aile,4,4,1.000
OT,H8423,Tubal-Caïn,4,4,1.000
OT,H8425,Togarma,4,4,1.000
OT,H8450,bœuf,4,4,1.000
OT,H8495,bouc,4,4,1.000
OT,H8521,Thel-Harscha,4,4,1.000
OT,H8528,Thel-Mélach,4,4,1.000
OT,H864,Étham,4,4,1.000
OT,H877,citerne,4,4,1.000
OT,H88,Oboth,4,4,1.000
OT,H895,Babylone,4,4,1.000
NT,G1023,bras,3,3,1.000
NT,G1038,corroyeur,3,3,1.000
NT,G1055,calme,3,3,1.000
NT,G1058,Gallion,3,3,1.000
NT,G110,immortalité,3,3,1.000
NT,G1115,Golgotha,3,3,1.000
NT,G1117,cargaison,3,3,1.000
NT,G1132,nudité,3,3,1.000
NT,G1179,Décapole,3,3,1.000
NT,G1191,Derbe,3,3,1.000
NT,G1200,geôlier,3,3,1.000
NT,G1214,Démas,3,3,1.000
NT,G1216,Démétrius,3,3,1.000
NT,G1238,diadème,3,3,1.000
NT,G1243,diversité,3,3,1.000
NT,G1324,Didyme,3,3,1.000
NT,G1348,juge,3,3,1.000
NT,G1399,servante,3,3,1.000
NT,G1406,drachme,3,3,1.000
NT,G1408,course,3,3,1.000
NT,G1662,Éliakim,3,3,1.000
NT,G1668,ulcère,3,3,1.000
NT,G1802,Énoch,3,3,1.000
NT,G1841,départ,3,3,1.000
NT,G1889,Épaphras,3,3,1.000
NT,G2037,Éraste,3,3,1.000
NT,G2050,désolation,3,3,1.000
NT,G2073,soir,3,3,1.000
NT,G2074,Esrom,3,3,1.000
NT,G2099,évangéliste,3,3,1.000
NT,G2194,Zabulon,3,3,1.000
NT,G2216,Zorobabel,3,3,1.000
NT,G2265,Hérodiens,3,3,1.000
NT,G2269,Ésaü,3,3,1.000
NT,G2279,bruit,3,3,1.000
NT,G2330,été,3,3,1.000
NT,G2392,guérison,3,3,1.000
NT,G2408,Jérémie,3,3,1.000
NT,G2459,Justus,3,3,1.000
NT,G2487,trace,3,3,1.000
NT,G2535,Caïn,3,3,1.000
NT,G258,renard,3,3,1.000
NT,G2631,condamnation,3,3,1.000
NT,G2646,chambre d’hôtes,3,3,1.000
NT,G2760,centenier,3,3,1.000
NT,G2763,potier,3,3,1.000
NT,G2771,gain,3,3,1.000
NT,G2783,prédicateur,3,3,1.000
NT,G2804,Claude,3,3,1.000
NT,G284,Aminadab,3,3,1.000
NT,G2892,garde,3,3,1.000
NT,G2911,pente escarpée,3,3,1.000
NT,G3018,Lévi,3,3,1.000
NT,G3019,Lévite,3,3,1.000
NT,G3040,port,3,3,1.000
NT,G3065,Luc,3,3,1.000
NT,G3069,Lydde,3,3,1.000
NT,G3079,Lysias,3,3,1.000
NT,G3119,maladie,3,3,1.000
NT,G3128,Manassé,3,3,1.000
NT,G3153,vanité,3,3,1.000
NT,G3172,majesté,3,3,1.000
NT,G320,lecture,3,3,1.000
NT,G3321,milieu du ciel,3,3,1.000
NT,G3331,changement,3,3,1.000
NT,G3372,longueur,3,3,1.000
NT,G3399,Milet,3,3,1.000
NT,G3426,boisseau,3,3,1.000
NT,G3444,forme,3,3,1.000
NT,G3449,peine,3,3,1.000
NT,G3476,Naasson,3,3,1.000
NT,G3508,Nephthali,3,3,1.000
NT,G3646,holocauste,3,3,1.000
NT,G3732,oiseau,3,3,1.000
NT,G3833,armes,3,3,1.000
NT,G3857,paradis,3,3,1.000
NT,G3876,désobéissance,3,3,1.000
NT,G3965,famille,3,3,1.000
NT,G3976,fers,3,3,1.000
NT,G4005,Pentecôte,3,3,1.000
NT,G4109,tables,3,3,1.000
NT,G4192,douleur,3,3,1.000
NT,G4403,poupe,3,3,1.000
NT,G4432,pauvreté,3,3,1.000
NT,G4457,endurcissement,3,3,1.000
NT,G4476,aiguille,3,3,1.000
NT,G4511,perte de sang,3,3,1.000
NT,G4528,Salathiel,3,3,1.000
NT,G4533,Salmon,3,3,1.000
NT,G4545,Samuel,3,3,1.000
NT,G4554,Sardes,3,3,1.000
NT,G4611,Siloé,3,3,1.000
NT,G4627,chaloupe,3,3,1.000
NT,G4628,jambe,3,3,1.000
NT,G4699,éponge,3,3,1.000
NT,G4718,raisin,3,3,1.000
NT,G4721,toit,3,3,1.000
NT,G5,Abba,3,3,1.000
NT,G5019,Tarse,3,3,1.000
NT,G5085,Tibériade,3,3,1.000
NT,G5147,sentier,3,3,1.000
NT,G5329,Pharès,3,3,1.000
NT,G5338,lumière,3,3,1.000
NT,G5384,ami,3,3,1.000
NT,G5403,Phénicie,3,3,1.000
NT,G5545,onction,3,3,1.000
NT,G5546,Chrétien,3,3,1.000
NT,G5589,miette,3,3,1.000
NT,G5592,froid,3,3,1.000
NT,G647,divorce,3,3,1.000
NT,G7,Abia,3,3,1.000
NT,G755,ordonnateur du repas,3,3,1.000
NT,G810,débauche,3,3,1.000
NT,G959,Bérénice,3,3,1.000
NT,G967,Bethphagé,3,3,1.000
NT,G999,fosse,3,3,1.000
OT,H1078,Bel,3,3,1.000
OT,H1083,Bilga,3,3,1.000
OT,H1094,haillons,3,3,1.000
OT,H1098,fourrage,3,3,1.000
OT,H1138,Bunni,3,3,1.000
OT,H1191,Baalath,3,3,1.000
OT,H1195,Baana,3,3,1.000
OT,H1209,Betsaï,3,3,1.000
OT,H1228,vase,3,3,1.000
OT,H1229,Bakbukia,3,3,1.000
OT,H124,sardoine,3,3,1.000
OT,H1279,mets,3,3,1.000
OT,H1294,Beraca,3,3,1.000
OT,H1335,morceau,3,3,1.000
OT,H140,Adonikam,3,3,1.000
OT,H1458,dos,3,3,1.000
OT,H1462,sauterelle,3,3,1.000
OT,H1501,sauterelle,3,3,1.000
OT,H1503,tronc,3,3,1.000
OT,H152,Adrammélec,3,3,1.000
OT,H1559,Galal,3,3,1.000
OT,H1609,Gaetham,3,3,1.000
OT,H1618,gale,3,3,1.000
OT,H1619,Gareb,3,3,1.000
OT,H163,Ahava,3,3,1.000
OT,H1665,guitthith,3,3,1.000
OT,H1733,tante,3,3,1.000
OT,H181,tison,3,3,1.000
OT,H187,Uzal,3,3,1.000
OT,H1886,Dothan,3,3,1.000
OT,H1943,malheur,3,3,1.000
OT,H1955,Hosée,3,3,1.000
OT,H1983,droit de passage,3,3,1.000
OT,H201,Omar,3,3,1.000
OT,H2012,Héna,3,3,1.000
OT,H204,On,3,3,1.000
OT,H2155,Zimma,3,3,1.000
OT,H2176,louanges,3,3,1.000
OT,H2181,prostituée,3,3,1.000
OT,H22,Abiel,3,3,1.000
OT,H2203,poix,3,3,1.000
OT,H2249,Chabor,3,3,1.000
OT,H2291,Haggi,3,3,1.000
OT,H2307,Hadid,3,3,1.000
OT,H2385,éclair,3,3,1.000
OT,H2443,hameçon,3,3,1.000
OT,H2444,Hakila,3,3,1.000
OT,H2473,Holon,3,3,1.000
OT,H2477,Chalach,3,3,1.000
OT,H250,Ezrachite,3,3,1.000
OT,H2538,Hamul,3,3,1.000
OT,H254,brasier,3,3,1.000
OT,H2564,bitume,3,3,1.000
OT,H2597,dédicace,3,3,1.000
OT,H2635,argile,3,3,1.000
OT,H2650,Huppim,3,3,1.000
OT,H2669,maison écartée,3,3,1.000
OT,H2738,ronces,3,3,1.000
OT,H2772,Horonite,3,3,1.000
OT,H2800,Haroscheth,3,3,1.000
OT,H2830,airain poli,3,3,1.000
OT,H294,Ahisamac,3,3,1.000
OT,H2984,Jibhar,3,3,1.000
OT,H2991,Jibleam,3,3,1.000
OT,H3037,Jaddua,3,3,1.000
OT,H3086,Joaddan,3,3,1.000
OT,H3095,diamant,3,3,1.000
OT,H3156,Jizrachja,3,3,1.000
OT,H3193,Jothbatha,3,3,1.000
OT,H3195,Jethur,3,3,1.000
OT,H3203,Jecolia,3,3,1.000
OT,H3207,jeune fille,3,3,1.000
OT,H3208,jeunesse,3,3,1.000
OT,H3239,Janoach,3,3,1.000
OT,H3244,chouette,3,3,1.000
OT,H3310,Japhleth,3,3,1.000
OT,H3337,Jetser,3,3,1.000
OT,H3353,oiseleur,3,3,1.000
OT,H3362,Jokneam,3,3,1.000
OT,H3402,Jarib,3,3,1.000
OT,H3404,Jerija,3,3,1.000
OT,H3430,Jischbi-Benob,3,3,1.000
OT,H3434,Jaschobeam,3,3,1.000
OT,H3471,jaspe,3,3,1.000
OT,H3482,Israélite,3,3,1.000
OT,H3506,Jithran,3,3,1.000
OT,H3598,Pléiades,3,3,1.000
OT,H3630,Kiljon,3,3,1.000
OT,H3646,cumin,3,3,1.000
OT,H365,biche,3,3,1.000
OT,H3663,Kenania,3,3,1.000
OT,H368,Émim,3,3,1.000
OT,H3691,Kisleu,3,3,1.000
OT,H3698,épeautre,3,3,1.000
OT,H3726,Kephar-Ammonaï,3,3,1.000
OT,H3731,Caphtor,3,3,1.000
OT,H3732,Caphtorim,3,3,1.000
OT,H3746,Kéréthiens,3,3,1.000
OT,H3751,Carkemisch,3,3,1.000
OT,H3773,poutre,3,3,1.000
OT,H3779,Chaldéen,3,3,1.000
OT,H3804,couronne,3,3,1.000
OT,H3825,cœur,3,3,1.000
OT,H384,Ithiel,3,3,1.000
OT,H3842,lune,3,3,1.000
OT,H3872,Luchith,3,3,1.000
OT,H3896,Léchi,3,3,1.000
OT,H3904,concubine,3,3,1.000
OT,H3918,lion,3,3,1.000
OT,H4002,source,3,3,1.000
OT,H4017,Mibsam,3,3,1.000
OT,H407,Acschaph,3,3,1.000
OT,H4083,province,3,3,1.000
OT,H4119,dot,3,3,1.000
OT,H417,grêle,3,3,1.000
OT,H4175,pluie,3,3,1.000
OT,H4176,Moré,3,3,1.000
OT,H4177,rasoir,3,3,1.000
OT,H4199,Mizza,3,3,1.000
OT,H4205,plaie,3,3,1.000
OT,H4287,Machath,3,3,1.000
OT,H4365,filet,3,3,1.000
OT,H4439,Malkiel,3,3,1.000
OT,H4533,voile,3,3,1.000
OT,H4556,dartre,3,3,1.000
OT,H4654,ruine,3,3,1.000
OT,H4659,œuvre,3,3,1.000
OT,H4717,marteau,3,3,1.000
OT,H473,Élischa,3,3,1.000
OT,H4764,Mérab,3,3,1.000
OT,H4898,Meschézabeel,3,3,1.000
OT,H4947,linteau,3,3,1.000
OT,H4973,mâchoire,3,3,1.000
OT,H4977,Matthan,3,3,1.000
OT,H4982,Matthnaï,3,3,1.000
OT,H5025,Nobach,3,3,1.000
OT,H508,Elpaal,3,3,1.000
OT,H5094,lumière,3,3,1.000
OT,H5161,Néchélamite,3,3,1.000
OT,H5224,Néco,3,3,1.000
OT,H5238,choses de prix,3,3,1.000
OT,H5294,Nearia,3,3,1.000
OT,H5303,géant,3,3,1.000
OT,H5305,Naphisch,3,3,1.000
OT,H5309,avorton,3,3,1.000
OT,H5373,nard,3,3,1.000
OT,H5393,chambre,3,3,1.000
OT,H5481,cornemuse,3,3,1.000
OT,H5499,haillons,3,3,1.000
OT,H5570,Senaa,3,3,1.000
OT,H5575,aveuglement,3,3,1.000
OT,H5609,livre,3,3,1.000
OT,H5659,servitude,3,3,1.000
OT,H5660,Abdi,3,3,1.000
OT,H5717,Adiel,3,3,1.000
OT,H5729,Éden,3,3,1.000
OT,H5740,Éder,3,3,1.000
OT,H5754,ruine,3,3,1.000
OT,H5762,Avith,3,3,1.000
OT,H5809,Azzur,3,3,1.000
OT,H5812,Azazia,3,3,1.000
OT,H5837,Azriel,3,3,1.000
OT,H5854,Athroth-Beth-Joab,3,3,1.000
OT,H5859,Ijjon,3,3,1.000
OT,H5870,œil,3,3,1.000
OT,H606,homme,3,3,1.000
OT,H6063,Aner,3,3,1.000
OT,H6111,Atsmon,3,3,1.000
OT,H6142,Ikkesch,3,3,1.000
OT,H6162,gage,3,3,1.000
OT,H621,Asnath,3,3,1.000
OT,H6253,Astarté,3,3,1.000
OT,H6309,graisse,3,3,1.000
OT,H6360,marteau,3,3,1.000
OT,H6369,Picol,3,3,1.000
OT,H6378,fiole,3,3,1.000
OT,H6411,Pelaja,3,3,1.000
OT,H6414,juges,3,3,1.000
OT,H6444,Peninna,3,3,1.000
OT,H6494,Pekachia,3,3,1.000
OT,H6497,coloquinte,3,3,1.000
OT,H6503,faubourg,3,3,1.000
OT,H6506,mule,3,3,1.000
OT,H6517,pot,3,3,1.000
OT,H660,vipère,3,3,1.000
OT,H6648,couleur,3,3,1.000
OT,H6727,Tsicha,3,3,1.000
OT,H6741,Tsilla,3,3,1.000
OT,H6747,plat,3,3,1.000
OT,H6748,rôti,3,3,1.000
OT,H6756,Tsalmon,3,3,1.000
OT,H6809,voile,3,3,1.000
OT,H6855,Séphora,3,3,1.000
OT,H6880,frelon,3,3,1.000
OT,H6886,Sarepta,3,3,1.000
OT,H6891,Tsarthan,3,3,1.000
OT,H69,pierre,3,3,1.000
OT,H6909,Kabtseel,3,3,1.000
OT,H692,Areéli,3,3,1.000
OT,H6981,Koré,3,3,1.000
OT,H7042,Kelitha,3,3,1.000
OT,H7055,Kemuel,3,3,1.000
OT,H7076,cinnamome,3,3,1.000
OT,H7090,hérisson,3,3,1.000
OT,H7100,nielle,3,3,1.000
OT,H712,coffre,3,3,1.000
OT,H7192,kesita,3,3,1.000
OT,H723,crèche,3,3,1.000
OT,H7271,pied,3,3,1.000
OT,H741,autel,3,3,1.000
OT,H7464,compagne,3,3,1.000
OT,H7476,pensée,3,3,1.000
OT,H7635,sentier,3,3,1.000
OT,H7659,sept fois,3,3,1.000
OT,H7708,Siddim,3,3,1.000
OT,H7720,croissant,3,3,1.000
OT,H7766,Sunem,3,3,1.000
OT,H7868,ancien,3,3,1.000
OT,H788,Aschbel,3,3,1.000
OT,H7882,fosse,3,3,1.000
OT,H7924,intelligence,3,3,1.000
OT,H7928,Sichem,3,3,1.000
OT,H7948,montant,3,3,1.000
OT,H7957,flamme,3,3,1.000
OT,H8061,Schemida,3,3,1.000
OT,H813,Aschkenaz,3,3,1.000
OT,H8189,Schaaraïm,3,3,1.000
OT,H8206,Schuppim,3,3,1.000
OT,H8294,Sérach,3,3,1.000
OT,H8344,Schéschaï,3,3,1.000
OT,H8402,Thibni,3,3,1.000
OT,H8405,Thébets,3,3,1.000
OT,H844,Asriel,3,3,1.000
OT,H8472,Thachpenès,3,3,1.000
OT,H8540,prodiges,3,3,1.000
OT,H8568,chacal,3,3,1.000
OT,H861,fournaise,3,3,1.000
OT,H8653,étourdissement,3,3,1.000
OT,H8669,désir,3,3,1.000
OT,H885,Beéroth-Bené Jaakan,3,3,1.000
OT,H938,Buz,3,3,1.000
OT,H966,Bézek,3,3,1.000
OT,H979,jeunesse,3,3,1.000
NT,G10,Abiud,2,2,1.000
NT,G1005,nord,2,2,1.000
NT,G1010,conseiller,2,2,1.000
NT,G1015,colline,2,2,1.000
NT,G1017,prix,2,2,1.000
NT,G1028,pluie,2,2,1.000
NT,G1043,Gabriel,2,2,1.000
NT,G1059,Gamaliel,2,2,1.000
NT,G1068,Gethsémané,2,2,1.000
NT,G107,Azor,2,2,1.000
NT,G1076,généalogie,2,2,1.000
NT,G1077,anniversaire,2,2,1.000
NT,G1082,Génésareth,2,2,1.000
NT,G1083,naissance,2,2,1.000
NT,G1101,bourse,2,2,1.000
NT,G1202,prisonnier,2,2,1.000
NT,G128,Éthiopien,2,2,1.000
NT,G13,Agabus,2,2,1.000
NT,G132,Énée,2,2,1.000
NT,G1323,les deux drachmes,2,2,1.000
NT,G1333,deux ans,2,2,1.000
NT,G1347,justification,2,2,1.000
NT,G1383,épreuve,2,2,1.000
NT,G1393,Dorcas,2,2,1.000
NT,G1403,festin,2,2,1.000
NT,G1434,don,2,2,1.000
NT,G1478,Ézéchias,2,2,1.000
NT,G1648,Éléazar,2,2,1.000
NT,G1664,Éliud,2,2,1.000
NT,G1674,Grecque,2,2,1.000
NT,G1703,moqueur,2,2,1.000
NT,G1775,unité,2,2,1.000
NT,G1791,honte,2,2,1.000
NT,G1862,promesse,2,2,1.000
NT,G1885,province,2,2,1.000
NT,G1891,Épaphrodite,2,2,1.000
NT,G1932,bonté,2,2,1.000
NT,G2024,assistance,2,2,1.000
NT,G2053,laine,2,2,1.000
NT,G2058,interprétation,2,2,1.000
NT,G2072,miroir,2,2,1.000
NT,G213,fanfaron,2,2,1.000
NT,G2166,Euphrate,2,2,1.000
NT,G2167,joie,2,2,1.000
NT,G2183,classe,2,2,1.000
NT,G2203,Jupiter,2,2,1.000
NT,G2238,menthe,2,2,1.000
NT,G224,farine,2,2,1.000
NT,G2247,clou,2,2,1.000
NT,G2280,Thaddée,2,2,1.000
NT,G2321,Théophile,2,2,1.000
NT,G2327,moissonneur,2,2,1.000
NT,G2376,fenêtre,2,2,1.000
NT,G2383,Jaïrus,2,2,1.000
NT,G2405,sacerdoce,2,2,1.000
NT,G2406,sacerdoce,2,2,1.000
NT,G2423,Jéchonias,2,2,1.000
NT,G2434,victime expiatoire,2,2,1.000
NT,G2435,propitiatoire,2,2,1.000
NT,G2454,judaïsme,2,2,1.000
NT,G2457,Julius,2,2,1.000
NT,G2460,cavalier,2,2,1.000
NT,G2463,arc-en-ciel,2,2,1.000
NT,G2485,petit poisson,2,2,1.000
NT,G2488,Joatham,2,2,1.000
NT,G2489,Jeanne,2,2,1.000
NT,G2496,Joram,2,2,1.000
NT,G2498,Josaphat,2,2,1.000
NT,G2502,Josias,2,2,1.000
NT,G2587,Cappadoce,2,2,1.000
NT,G2636,médisance,2,2,1.000
NT,G2682,nid,2,2,1.000
NT,G2732,habitation,2,2,1.000
NT,G2738,chaleur,2,2,1.000
NT,G2765,cruche,2,2,1.000
NT,G28,Agar,2,2,1.000
NT,G2823,four,2,2,1.000
NT,G2829,vol,2,2,1.000
NT,G2830,flot,2,2,1.000
NT,G2851,châtiment,2,2,1.000
NT,G2874,fumier,2,2,1.000
NT,G2907,viande,2,2,1.000
NT,G2921,Crispus,2,2,1.000
NT,G293,filet,2,2,1.000
NT,G2930,cristal,2,2,1.000
NT,G2942,pilote,2,2,1.000
NT,G2959,Kyria,2,2,1.000
NT,G30,vase,2,2,1.000
NT,G300,Amon,2,2,1.000
NT,G3030,encens,2,2,1.000
NT,G3031,encensoir,2,2,1.000
NT,G304,degrés,2,2,1.000
NT,G3046,livre,2,2,1.000
NT,G3066,Lucius,2,2,1.000
NT,G3067,baptême,2,2,1.000
NT,G3070,Lydie,2,2,1.000
NT,G3083,rançon,2,2,1.000
NT,G3157,Matthan,2,2,1.000
NT,G3159,Matthias,2,2,1.000
NT,G3161,Mattathias,2,2,1.000
NT,G3180,ruse,2,2,1.000
NT,G3183,ivrogne,2,2,1.000
NT,G3197,Melchi,2,2,1.000
NT,G3314,midi,2,2,1.000
NT,G3318,Mésopotamie,2,2,1.000
NT,G3323,Messie,2,2,1.000
NT,G3413,Michel,2,2,1.000
NT,G342,renouvellement,2,2,1.000
NT,G3438,demeure,2,2,1.000
NT,G3465,Mysie,2,2,1.000
NT,G3487,nard,2,2,1.000
NT,G3531,Nicolaïte,2,2,1.000
NT,G3597,voyage,2,2,1.000
NT,G3604,Ozias,2,2,1.000
NT,G3607,nappe,2,2,1.000
NT,G3683,Onésiphore,2,2,1.000
NT,G3712,brasse,2,2,1.000
NT,G3730,mouvement,2,2,1.000
NT,G3733,poule,2,2,1.000
NT,G3742,sainteté,2,2,1.000
NT,G3872,dépôt,2,2,1.000
NT,G3953,plat,2,2,1.000
NT,G3974,Paphos,2,2,1.000
NT,G4010,Pergame,2,2,1.000
NT,G4030,casque,2,2,1.000
NT,G4079,gouvernail,2,2,1.000
NT,G4099,Pisidie,2,2,1.000
NT,G4131,violent,2,2,1.000
NT,G4161,ouvrage,2,2,1.000
NT,G4195,Pont,2,2,1.000
NT,G4196,Publius,2,2,1.000
NT,G4200,gain,2,2,1.000
NT,G4233,officier,2,2,1.000
NT,G4242,ambassade,2,2,1.000
NT,G4268,prescience,2,2,1.000
NT,G4398,prophétesse,2,2,1.000
NT,G4408,proue,2,2,1.000
NT,G4419,haut du temple,2,2,1.000
NT,G4425,van,2,2,1.000
NT,G4443,feu,2,2,1.000
NT,G4460,Rahab,2,2,1.000
NT,G4465,licteur,2,2,1.000
NT,G4470,pièce de drap,2,2,1.000
NT,G4473,aspersion,2,2,1.000
NT,G4497,Roboam,2,2,1.000
NT,G4504,Rufus,2,2,1.000
NT,G4524,Sadok,2,2,1.000
NT,G4532,Salem,2,2,1.000
NT,G4539,Salomé,2,2,1.000
NT,G4542,Samaritaine,2,2,1.000
NT,G4547,sandale,2,2,1.000
NT,G4568,mesure,2,2,1.000
NT,G4600,joue,2,2,1.000
NT,G4602,silence,2,2,1.000
NT,G4636,tente,2,2,1.000
NT,G4666,myrrhe,2,2,1.000
NT,G4681,Espagne,2,2,1.000
NT,G47,pureté,2,2,1.000
NT,G4756,armée,2,2,1.000
NT,G4849,groupe,2,2,1.000
NT,G4988,Sosthène,2,2,1.000
NT,G5000,Tabitha,2,2,1.000
NT,G5004,malheur,2,2,1.000
NT,G5045,charpentier,2,2,1.000
NT,G5050,perfection,2,2,1.000
NT,G5061,Tertulle,2,2,1.000
NT,G508,chambre haute,2,2,1.000
NT,G5110,intérêt,2,2,1.000
NT,G513,cognée,2,2,1.000
NT,G5146,chardon,2,2,1.000
NT,G5165,plat,2,2,1.000
NT,G5168,trou,2,2,1.000
NT,G5172,délices,2,2,1.000
NT,G5194,verre,2,2,1.000
NT,G5211,Hyménée,2,2,1.000
NT,G5215,hymne,2,2,1.000
NT,G5223,biens,2,2,1.000
NT,G5247,supériorité,2,2,1.000
NT,G5301,hysope,2,2,1.000
NT,G5313,hauteur,2,2,1.000
NT,G5314,mangeur,2,2,1.000
NT,G5326,fantôme,2,2,1.000
NT,G5359,Philadelphie,2,2,1.000
NT,G5381,hospitalité,2,2,1.000
NT,G5424,jugement,2,2,1.000
NT,G5469,mors,2,2,1.000
NT,G5474,French (fr) rendering: laiton fin,2,2,1.000
NT,G5477,Canaan,2,2,1.000
NT,G5488,Charran,2,2,1.000
NT,G5511,manteau,2,2,1.000
NT,G5518,mesure,2,2,1.000
NT,G5521,fiel,2,2,1.000
NT,G5522,poussière,2,2,1.000
NT,G5523,Chorazin,2,2,1.000
NT,G5533,débiteur,2,2,1.000
NT,G5540,usage,2,2,1.000
NT,G5569,faux frères,2,2,1.000
NT,G5577,faux témoignage,2,2,1.000
NT,G5580,faux Christ,2,2,1.000
NT,G5606,épaule,2,2,1.000
NT,G582,recensement,2,2,1.000
NT,G663,sévérité,2,2,1.000
NT,G688,Arabie,2,2,1.000
NT,G70,veille,2,2,1.000
NT,G733,infâme,2,2,1.000
NT,G743,archange,2,2,1.000
NT,G751,Archippe,2,2,1.000
NT,G760,Asa,2,2,1.000
NT,G768,Aser,2,2,1.000
NT,G787,sou,2,2,1.000
NT,G789,Assos,2,2,1.000
NT,G81,frères,2,2,1.000
NT,G822,vapeur,2,2,1.000
NT,G838,accroissement,2,2,1.000
NT,G856,lieux secrets,2,2,1.000
NT,G881,Achaz,2,2,1.000
NT,G885,Achim,2,2,1.000
NT,G892,balle,2,2,1.000
NT,G894,absinthe,2,2,1.000
NT,G960,Bérée,2,2,1.000
NT,G978,Bithynie,2,2,1.000
OT,H10,abîme,2,2,1.000
OT,H1003,château,2,2,1.000
OT,H1009,Beth-Arbel,2,2,1.000
OT,H1011,Beth-Bireï,2,2,1.000
OT,H1013,Beth-Gader,2,2,1.000
OT,H1014,Beth-Gamul,2,2,1.000
OT,H1015,Beth-Diblathaïm,2,2,1.000
OT,H1017,Béthel,2,2,1.000
OT,H1018,Beth-Haëtsel,2,2,1.000
OT,H1025,Beth-Émek,2,2,1.000
OT,H1027,Beth-Haram,2,2,1.000
OT,H1028,Beth-Haran,2,2,1.000
OT,H1029,Beth-Schitta,2,2,1.000
OT,H1033,Beth-Car,2,2,1.000
OT,H1034,Beth-Lebaoth,2,2,1.000
OT,H1036,Beth-Leaphra,2,2,1.000
OT,H1041,Beth-Azmaveth,2,2,1.000
OT,H1042,Beth-Anoth,2,2,1.000
OT,H1048,Beth-Patsets,2,2,1.000
OT,H105,bassins,2,2,1.000
OT,H1054,Beth-Tappuach,2,2,1.000
OT,H1058,larmes,2,2,1.000
OT,H106,poing,2,2,1.000
OT,H1066,Bokim,2,2,1.000
OT,H1074,Bocru,2,2,1.000
OT,H108,vapeur,2,2,1.000
OT,H1081,Baladan,2,2,1.000
OT,H1095,Beltschatsar,2,2,1.000
OT,H110,Adbeel,2,2,1.000
OT,H1114,Bilschan,2,2,1.000
OT,H112,Iddo,2,2,1.000
OT,H1126,Ben-Oni,2,2,1.000
OT,H1132,Ben-Zocheth,2,2,1.000
OT,H1134,Ben-Haïl,2,2,1.000
OT,H1135,Ben-Hanan,2,2,1.000
OT,H1139,Bené-Berak,2,2,1.000
OT,H1151,Ben-Ammi,2,2,1.000
OT,H1153,Bésaï,2,2,1.000
OT,H1161,terreurs,2,2,1.000
OT,H1174,Baal-Hamon,2,2,1.000
OT,H1175,Bealoth,2,2,1.000
OT,H1178,Baal-Hatsor,2,2,1.000
OT,H1184,Baalé-Juda,2,2,1.000
OT,H1190,Baal-Schalischa,2,2,1.000
OT,H1193,Baal-Thamar,2,2,1.000
OT,H1205,terreur,2,2,1.000
OT,H1218,Botskath,2,2,1.000
OT,H1220,or,2,2,1.000
OT,H1226,sécheresse,2,2,1.000
OT,H1227,Bakbuk,2,2,1.000
OT,H1232,Bukkija,2,2,1.000
OT,H1235,demi-sicle,2,2,1.000
OT,H1255,Berodac-Baladan,2,2,1.000
OT,H1269,Birzavith,2,2,1.000
OT,H1287,potasse,2,2,1.000
OT,H1292,Barakeel,2,2,1.000
OT,H1302,Barkos,2,2,1.000
OT,H1303,chardon,2,2,1.000
OT,H131,Adummim,2,2,1.000
OT,H1337,Bath-Rabbim,2,2,1.000
OT,H1340,Bath-Schua,2,2,1.000
OT,H1359,Gob,2,2,1.000
OT,H1370,force,2,2,1.000
OT,H1376,maître,2,2,1.000
OT,H1383,tressée,2,2,1.000
OT,H1386,montagne,2,2,1.000
OT,H1403,Gabriel,2,2,1.000
OT,H1407,coriandre,2,2,1.000
OT,H1409,bonheur,2,2,1.000
OT,H141,Adoniram,2,2,1.000
OT,H1412,Gudgoda,2,2,1.000
OT,H1424,Gadi,2,2,1.000
OT,H1437,Guiddalthi,2,2,1.000
OT,H1444,mur,2,2,1.000
OT,H1450,Guedéroth,2,2,1.000
OT,H146,Addar,2,2,1.000
OT,H1480,corps,2,2,1.000
OT,H1485,Gur-Baal,2,2,1.000
OT,H1487,croûte,2,2,1.000
OT,H1495,Gazez,2,2,1.000
OT,H150,darique,2,2,1.000
OT,H1502,Gazzam,2,2,1.000
OT,H151,Adoram,2,2,1.000
OT,H1510,décret,2,2,1.000
OT,H1511,Guirziens,2,2,1.000
OT,H1512,ventre,2,2,1.000
OT,H1515,Gachar,2,2,1.000
OT,H1525,joie,2,2,1.000
OT,H1527,Guinath,2,2,1.000
OT,H1542,Guilo,2,2,1.000
OT,H1554,Gallim,2,2,1.000
OT,H1567,Galed,2,2,1.000
OT,H1592,Guenubath,2,2,1.000
OT,H161,Ohad,2,2,1.000
OT,H1664,Guitthaïm,2,2,1.000
OT,H1666,Guéter,2,2,1.000
OT,H1726,fuite précipitée,2,2,1.000
OT,H1728,pêcheur,2,2,1.000
OT,H1744,huppe,2,2,1.000
OT,H1745,silence,2,2,1.000
OT,H1762,chute,2,2,1.000
OT,H1771,pêcheur,2,2,1.000
OT,H1772,vautour,2,2,1.000
OT,H1774,Di-Zahab,2,2,1.000
OT,H1775,Dimon,2,2,1.000
OT,H1805,seau,2,2,1.000
OT,H1812,gouttière,2,2,1.000
OT,H1838,Dinhaba,2,2,1.000
OT,H1842,Dan-Jaan,2,2,1.000
OT,H1850,Dophka,2,2,1.000
OT,H1853,Dikla,2,2,1.000
OT,H1859,génération,2,2,1.000
OT,H1861,aiguillon,2,2,1.000
OT,H1863,ronce,2,2,1.000
OT,H1866,hirondelle,2,2,1.000
OT,H1874,Darkon,2,2,1.000
OT,H189,Évi,2,2,1.000
OT,H1894,ébène,2,2,1.000
OT,H1907,conseiller,2,2,1.000
OT,H1910,Hadadrimmon,2,2,1.000
OT,H1912,Inde,2,2,1.000
OT,H192,Évil-Merodac,2,2,1.000
OT,H1941,Hodija,2,2,1.000
OT,H195,Ulaï,2,2,1.000
OT,H1956,Hothir,2,2,1.000
OT,H1985,Hillel,2,2,1.000
OT,H2016,contraire,2,2,1.000
OT,H2068,Zabdiel,2,2,1.000
OT,H2070,mouche,2,2,1.000
OT,H2079,Zabbaï,2,2,1.000
OT,H2080,Zebudda,2,2,1.000
OT,H2099,Ziv,2,2,1.000
OT,H210,Uphaz,2,2,1.000
OT,H2124,Ziza,2,2,1.000
OT,H2175,Zimran,2,2,1.000
OT,H2190,Zaavan,2,2,1.000
OT,H2221,semence,2,2,1.000
OT,H2231,approche,2,2,1.000
OT,H2235,légumes,2,2,1.000
OT,H2241,Zétham,2,2,1.000
OT,H2246,Hobab,2,2,1.000
OT,H2261,narcisse,2,2,1.000
OT,H2264,croiser,2,2,1.000
OT,H2265,Habacuc,2,2,1.000
OT,H2269,compagnon,2,2,1.000
OT,H2286,Hagaba,2,2,1.000
OT,H2301,Hadad,2,2,1.000
OT,H2304,joie,2,2,1.000
OT,H2313,Hiddékel,2,2,1.000
OT,H2332,Ève,2,2,1.000
OT,H2343,Hul,2,2,1.000
OT,H2362,Havran,2,2,1.000
OT,H2369,Hotham,2,2,1.000
OT,H2387,Hézir,2,2,1.000
OT,H2408,péché,2,2,1.000
OT,H2410,Hathitha,2,2,1.000
OT,H2411,Hatthil,2,2,1.000
OT,H2412,Hathipha,2,2,1.000
OT,H2417,vie,2,2,1.000
OT,H242,Uzzen-Schééra,2,2,1.000
OT,H243,Aznoth-Thabor,2,2,1.000
OT,H2431,Hélam,2,2,1.000
OT,H2437,Hira,2,2,1.000
OT,H244,Ozni,2,2,1.000
OT,H2446,Hacalia,2,2,1.000
OT,H2453,Hacmoni,2,2,1.000
OT,H2458,Hélea,2,2,1.000
OT,H246,chaînes,2,2,1.000
OT,H2468,Hulda,2,2,1.000
OT,H2469,Heldaï,2,2,1.000
OT,H248,bras,2,2,1.000
OT,H2488,dépouille,2,2,1.000
OT,H2507,Hélek,2,2,1.000
OT,H2510,montagne nue,2,2,1.000
OT,H2520,Helkath,2,2,1.000
OT,H2521,Helkath-Hatsurim,2,2,1.000
OT,H2540,Hammon,2,2,1.000
OT,H2565,mâchoire,2,2,1.000
OT,H2576,Hammoth-Dor,2,2,1.000
OT,H2577,Hamathien,2,2,1.000
OT,H2579,Hamath la grande,2,2,1.000
OT,H2592,Hanniel,2,2,1.000
OT,H2675,Hatsor-Hadattha,2,2,1.000
OT,H2679,Hatsi-Hammenuhoth,2,2,1.000
OT,H2680,Hatsi-Hammanachthi,2,2,1.000
OT,H2692,Hatsar-Addar,2,2,1.000
OT,H2693,Hatsar-Gadda,2,2,1.000
OT,H2694,Hatzer-Hatthicon,2,2,1.000
OT,H2697,Hetsronites,2,2,1.000
OT,H2700,Hatsarmaveth,2,2,1.000
OT,H2701,Hatsar-Susa,2,2,1.000
OT,H2702,Hatsar-Susim,2,2,1.000
OT,H2703,Hatsar-Énon,2,2,1.000
OT,H2709,Hakupha,2,2,1.000
OT,H2726,Harbona,2,2,1.000
OT,H2732,Harada,2,2,1.000
OT,H2733,de Harod,2,2,1.000
OT,H2741,de Haroph,2,2,1.000
OT,H2744,Harhur,2,2,1.000
OT,H2756,Hariph,2,2,1.000
OT,H277,Achi,2,2,1.000
OT,H2770,faucille,2,2,1.000
OT,H2777,poterie,2,2,1.000
OT,H279,Achiam,2,2,1.000
OT,H2797,Harscha,2,2,1.000
OT,H28,Abida,2,2,1.000
OT,H2813,Haschabnia,2,2,1.000
OT,H2817,Hasupha,2,2,1.000
OT,H2832,Haschmona,2,2,1.000
OT,H2855,Hethlon,2,2,1.000
OT,H2884,Thabbaoth,2,2,1.000
OT,H2899,Tob-Adonija,2,2,1.000
OT,H2906,montagne,2,2,1.000
OT,H2910,cœur,2,2,1.000
OT,H2924,agneau,2,2,1.000
OT,H2928,Thélem,2,2,1.000
OT,H2951,chef,2,2,1.000
OT,H2953,ongle,2,2,1.000
OT,H2978,entrée,2,2,1.000
OT,H2995,Jabneel,2,2,1.000
OT,H3011,Jogbeha,2,2,1.000
OT,H304,Achlaï,2,2,1.000
OT,H3042,Jedaja,2,2,1.000
OT,H3047,Jada,2,2,1.000
OT,H306,améthyste,2,2,1.000
OT,H3061,Juda,2,2,1.000
OT,H3080,Jehojarib,2,2,1.000
OT,H3085,Jehoadda,2,2,1.000
OT,H3090,Joschabeath,2,2,1.000
OT,H3094,Jehalléleel,2,2,1.000
OT,H3109,Jocha,2,2,1.000
OT,H3115,Jokébed,2,2,1.000
OT,H3135,Joasch,2,2,1.000
OT,H3142,Juschab-Hésed,2,2,1.000
OT,H3146,Josaphat,2,2,1.000
OT,H3149,Jeziel,2,2,1.000
OT,H3153,Jezania,2,2,1.000
OT,H3160,Hubba,2,2,1.000
OT,H3165,Jechdia,2,2,1.000
OT,H3172,Jehiéli,2,2,1.000
OT,H3177,Jahleel,2,2,1.000
OT,H3180,cerf,2,2,1.000
OT,H3217,gale,2,2,1.000
OT,H3223,Jemuel,2,2,1.000
OT,H3241,Janum,2,2,1.000
OT,H3260,Jéedo,2,2,1.000
OT,H3265,Jaïr,2,2,1.000
OT,H3269,Jaazija,2,2,1.000
OT,H3274,Jéusch,2,2,1.000
OT,H3279,Jaala,2,2,1.000
OT,H3283,autruche,2,2,1.000
OT,H3294,Jaera,2,2,1.000
OT,H3296,Jaaré-Oreguim,2,2,1.000
OT,H3299,Jaasaï,2,2,1.000
OT,H3300,Jaasiel,2,2,1.000
OT,H3329,ceux qui étaient sortis de ses entrailles,2,2,1.000
OT,H3350,embrasement,2,2,1.000
OT,H3356,Jakim,2,2,1.000
OT,H3360,Jekameam,2,2,1.000
OT,H3361,Jokmeam,2,2,1.000
OT,H3371,Joktheel,2,2,1.000
OT,H3376,Jireija,2,2,1.000
OT,H3377,Jareb,2,2,1.000
OT,H3388,Jeruscha,2,2,1.000
OT,H3392,Jérach,2,2,1.000
OT,H3397,Jerachmeélites,2,2,1.000
OT,H3398,Jarcha,2,2,1.000
OT,H3433,Jaschubi-Léchem,2,2,1.000
OT,H3435,Jischbak,2,2,1.000
OT,H3436,Joschbekascha,2,2,1.000
OT,H3438,Jischva,2,2,1.000
OT,H3481,Israélite,2,2,1.000
OT,H350,I-Kabod,2,2,1.000
OT,H3502,biens,2,2,1.000
OT,H3507,Jithream,2,2,1.000
OT,H3509,Jetheth,2,2,1.000
OT,H3521,Cabul,2,2,1.000
OT,H3523,peau de chèvre,2,2,1.000
OT,H3539,rubis,2,2,1.000
OT,H3549,sacrificateur,2,2,1.000
OT,H3555,brûlure,2,2,1.000
OT,H3561,gâteau,2,2,1.000
OT,H3565,Cor-Aschan,2,2,1.000
OT,H3567,Cyrus,2,2,1.000
OT,H3570,Cuschi,2,2,1.000
OT,H3571,Éthiopienne,2,2,1.000
OT,H3576,mensonge,2,2,1.000
OT,H3579,Cozbi,2,2,1.000
OT,H3596,fourbe,2,2,1.000
OT,H3622,Keluhu,2,2,1.000
OT,H3624,vieillesse,2,2,1.000
OT,H3625,Calach,2,2,1.000
OT,H3633,Calcol,2,2,1.000
OT,H364,chêne de Paran,2,2,1.000
OT,H3681,couverture,2,2,1.000
OT,H3695,Casluhim,2,2,1.000
OT,H3696,Kisloth-Thabor,2,2,1.000
OT,H37,Abithal,2,2,1.000
OT,H3703,Casiphia,2,2,1.000
OT,H3710,rocher,2,2,1.000
OT,H3723,village,2,2,1.000
OT,H3743,Kerub,2,2,1.000
OT,H3747,Kerith,2,2,1.000
OT,H3749,rebord,2,2,1.000
OT,H3762,de Carmel,2,2,1.000
OT,H3819,Lo-Ruchama,2,2,1.000
OT,H3838,Lebana,2,2,1.000
OT,H3839,peuplier,2,2,1.000
OT,H3853,Lehabim,2,2,1.000
OT,H3873,Hallochesch,2,2,1.000
OT,H39,Abimaël,2,2,1.000
OT,H3910,myrrhe,2,2,1.000
OT,H3927,Lemuel,2,2,1.000
OT,H3958,opale,2,2,1.000
OT,H3959,Léschem,2,2,1.000
OT,H4,fruit,2,2,1.000
OT,H4014,Mibtsar,2,2,1.000
OT,H4015,fuyard,2,2,1.000
OT,H4025,Magdiel,2,2,1.000
OT,H4027,Migdal-El,2,2,1.000
OT,H4028,Migdal-Gad,2,2,1.000
OT,H4029,Migdal-Éder,2,2,1.000
OT,H4038,faucille,2,2,1.000
OT,H4051,Migron,2,2,1.000
OT,H4064,maladie,2,2,1.000
OT,H4067,taille,2,2,1.000
OT,H4068,Madon,2,2,1.000
OT,H4071,bûcher,2,2,1.000
OT,H4089,Madmanna,2,2,1.000
OT,H4091,Medan,2,2,1.000
OT,H4097,mémoires,2,2,1.000
OT,H4112,coups,2,2,1.000
OT,H4144,fondement,2,2,1.000
OT,H4182,Moréschet-Gath,2,2,1.000
OT,H4183,Moréscheth,2,2,1.000
OT,H419,Eldad,2,2,1.000
OT,H4191,mort,2,2,1.000
OT,H4192,Meurs pour le fils,2,2,1.000
OT,H420,Eldaa,2,2,1.000
OT,H4202,vivres,2,2,1.000
OT,H4203,nourriture,2,2,1.000
OT,H4232,Mehujaël,2,2,1.000
OT,H4238,Machazioth,2,2,1.000
OT,H4240,Mehida,2,2,1.000
OT,H4253,tresse,2,2,1.000
OT,H4257,flûte,2,2,1.000
OT,H4258,Mahalath,2,2,1.000
OT,H4259,Mehola,2,2,1.000
OT,H4265,Machané-Dan,2,2,1.000
OT,H4271,Machséja,2,2,1.000
OT,H4290,effraction,2,2,1.000
OT,H4304,manteau,2,2,1.000
OT,H4308,Mathred,2,2,1.000
OT,H4312,Médad,2,2,1.000
OT,H4313,Mé-Jarkon,2,2,1.000
OT,H4319,Mica,2,2,1.000
OT,H4329,portique,2,2,1.000
OT,H4358,magnifiquement,2,2,1.000
OT,H4364,filet,2,2,1.000
OT,H4366,Micmethath,2,2,1.000
OT,H4378,connaissance,2,2,1.000
OT,H438,Allon,2,2,1.000
OT,H4412,cabane,2,2,1.000
OT,H4413,Mallothi,2,2,1.000
OT,H4418,lambeaux usés,2,2,1.000
OT,H442,Alusch,2,2,1.000
OT,H443,Elzabad,2,2,1.000
OT,H4453,intendant,2,2,1.000
OT,H4489,fois,2,2,1.000
OT,H4491,train,2,2,1.000
OT,H45,Abi-Albon,2,2,1.000
OT,H4511,Minnith,2,2,1.000
OT,H4545,tissu,2,2,1.000
OT,H455,Éliachba,2,2,1.000
OT,H4555,voile,2,2,1.000
OT,H4590,Maazia,2,2,1.000
OT,H4621,hache,2,2,1.000
OT,H463,Éliam,2,2,1.000
OT,H466,Éliphelé,2,2,1.000
OT,H4684,hennissement,2,2,1.000
OT,H4715,creuset,2,2,1.000
OT,H4721,assemblée,2,2,1.000
OT,H4722,Makhéloth,2,2,1.000
OT,H4730,encensoir,2,2,1.000
OT,H4737,Miknéja,2,2,1.000
OT,H474,Élischua,2,2,1.000
OT,H4757,Merodac-Baladan,2,2,1.000
OT,H4778,Méred,2,2,1.000
OT,H4792,Mérom,2,2,1.000
OT,H4810,Merib-Baal,2,2,1.000
OT,H4836,poinçon,2,2,1.000
OT,H4854,Massa,2,2,1.000
OT,H486,Almodad,2,2,1.000
OT,H4861,Mischeal,2,2,1.000
OT,H4880,rame,2,2,1.000
OT,H4881,haie,2,2,1.000
OT,H4897,soie,2,2,1.000
OT,H4919,Meschillémoth,2,2,1.000
OT,H4942,étables,2,2,1.000
OT,H4949,niveau,2,2,1.000
OT,H495,Ellasar,2,2,1.000
OT,H4957,Masréka,2,2,1.000
OT,H4965,rênes de leur capitale,2,2,1.000
OT,H4967,Metuschaël,2,2,1.000
OT,H4989,Mithka,2,2,1.000
OT,H4990,Mithredath,2,2,1.000
OT,H5004,adultère,2,2,1.000
OT,H5023,présent,2,2,1.000
OT,H5052,Noga,2,2,1.000
OT,H5081,noble,2,2,1.000
OT,H5099,rugissement,2,2,1.000
OT,H51,Abischur,2,2,1.000
OT,H5109,Nébaï,2,2,1.000
OT,H5129,Noadia,2,2,1.000
OT,H513,Eltholad,2,2,1.000
OT,H514,Eltheké,2,2,1.000
OT,H5160,Nahaliel,2,2,1.000
OT,H5165,consolation,2,2,1.000
OT,H5170,hennissement,2,2,1.000
OT,H5173,enchantement,2,2,1.000
OT,H5174,airain,2,2,1.000
OT,H5212,Nisan,2,2,1.000
OT,H5219,aromates,2,2,1.000
OT,H5235,malheur,2,2,1.000
OT,H5244,fourmi,2,2,1.000
OT,H5249,Nimrim,2,2,1.000
OT,H5296,étoupe,2,2,1.000
OT,H5318,Nephthoach,2,2,1.000
OT,H5320,Naphtuhim,2,2,1.000
OT,H5328,fleur,2,2,1.000
OT,H5332,sang,2,2,1.000
OT,H5335,Netsiach,2,2,1.000
OT,H534,cime,2,2,1.000
OT,H5366,creux,2,2,1.000
OT,H5384,tendon,2,2,1.000
OT,H5386,dette,2,2,1.000
OT,H5390,baiser,2,2,1.000
OT,H5406,lettre,2,2,1.000
OT,H5419,Nethan-Mélec,2,2,1.000
OT,H5427,nitre,2,2,1.000
OT,H5454,Sabta,2,2,1.000
OT,H5455,Sabteca,2,2,1.000
OT,H5465,ceps,2,2,1.000
OT,H5479,Sothaï,2,2,1.000
OT,H5482,Syène,2,2,1.000
OT,H5497,vêtement,2,2,1.000
OT,H5513,Sinien,2,2,1.000
OT,H5524,Succoth-Benoth,2,2,1.000
OT,H5540,Séled,2,2,1.000
OT,H5544,ronce,2,2,1.000
OT,H5555,Séla-Hammachlekoth,2,2,1.000
OT,H557,Amtsi,2,2,1.000
OT,H5581,Sismaï,2,2,1.000
OT,H5589,rameau,2,2,1.000
OT,H5597,tache,2,2,1.000
OT,H5602,coupe,2,2,1.000
OT,H5618,Sophéreth,2,2,1.000
OT,H5624,Séred,2,2,1.000
OT,H5630,cuirasse,2,2,1.000
OT,H5638,hiver,2,2,1.000
OT,H5653,Abda,2,2,1.000
OT,H5657,serviteurs,2,2,1.000
OT,H566,Imri,2,2,1.000
OT,H5664,Abed-Nego,2,2,1.000
OT,H5669,blé,2,2,1.000
OT,H5684,Abrona,2,2,1.000
OT,H569,Amraphel,2,2,1.000
OT,H5693,hirondelle,2,2,1.000
OT,H5694,anneau,2,2,1.000
OT,H5698,Égla,2,2,1.000
OT,H573,Amitthaï,2,2,1.000
OT,H5733,Adna,2,2,1.000
OT,H5741,Adriel,2,2,1.000
OT,H5778,Éphaï,2,2,1.000
OT,H5793,Uthaï,2,2,1.000
OT,H5817,Uziélites,2,2,1.000
OT,H5822,orfraie,2,2,1.000
OT,H5824,anneau,2,2,1.000
OT,H5855,Athroth-Schophan,2,2,1.000
OT,H5875,En-Hakkoré,2,2,1.000
OT,H5876,En-Hadda,2,2,1.000
OT,H5877,En-Hatsor,2,2,1.000
OT,H5878,source de Harod,2,2,1.000
OT,H5880,En-Mischpath,2,2,1.000
OT,H5882,En-Églaïm,2,2,1.000
OT,H5884,En-Rimmon,2,2,1.000
OT,H5887,En-Tappuach,2,2,1.000
OT,H5890,ténèbres,2,2,1.000
OT,H5897,Irad,2,2,1.000
OT,H5898,Ir-Hammélach,2,2,1.000
OT,H5902,Iram,2,2,1.000
OT,H5904,ville de Nachasch,2,2,1.000
OT,H5905,Ir-Schémesch,2,2,1.000
OT,H5906,Grande Ourse,2,2,1.000
OT,H5908,araignée,2,2,1.000
OT,H592,gémissements,2,2,1.000
OT,H5921,en haut,2,2,1.000
OT,H5958,jeune homme,2,2,1.000
OT,H5961,Alamoth,2,2,1.000
OT,H5987,Amok,2,2,1.000
OT,H601,héron,2,2,1.000
OT,H6020,Amramite,2,2,1.000
OT,H6024,Anab,2,2,1.000
OT,H6043,Anaja,2,2,1.000
OT,H6056,branche,2,2,1.000
OT,H6067,Anath,2,2,1.000
OT,H614,moisson,2,2,1.000
OT,H6143,fausseté,2,2,1.000
OT,H6145,ennemi,2,2,1.000
OT,H6146,ennemi,2,2,1.000
OT,H6176,misérable,2,2,1.000
OT,H6179,Éri,2,2,1.000
OT,H618,grenier,2,2,1.000
OT,H6196,platane,2,2,1.000
OT,H6204,Orpa,2,2,1.000
OT,H6208,Arkien,2,2,1.000
OT,H6255,Aschteroth-Karnaïm,2,2,1.000
OT,H6277,arrogance,2,2,1.000
OT,H6278,Ittha-Katsin,2,2,1.000
OT,H6281,Éther,2,2,1.000
OT,H63,Abel-Sittim,2,2,1.000
OT,H6303,Padon,2,2,1.000
OT,H6318,Potiphar,2,2,1.000
OT,H6321,fèves,2,2,1.000
OT,H6325,Punon,2,2,1.000
OT,H6344,cuisse,2,2,1.000
OT,H6364,Pi-Béseth,2,2,1.000
OT,H6368,cendre,2,2,1.000
OT,H6373,Pinon,2,2,1.000
OT,H6377,Pithon,2,2,1.000
OT,H64,Abel-Keramim,2,2,1.000
OT,H6404,Péleth,2,2,1.000
OT,H6406,Palthi,2,2,1.000
OT,H6425,balance,2,2,1.000
OT,H6431,Péleth,2,2,1.000
OT,H6450,Pas-Dammim,2,2,1.000
OT,H649,Appaïm,2,2,1.000
OT,H6495,délivrance,2,2,1.000
OT,H6518,chefs,2,2,1.000
OT,H6523,fer,2,2,1.000
OT,H6538,orfraie,2,2,1.000
OT,H654,Éphlal,2,2,1.000
OT,H6545,cheveux,2,2,1.000
OT,H6546,chefs,2,2,1.000
OT,H6548,Pharaon Hophra,2,2,1.000
OT,H6550,puce,2,2,1.000
OT,H658,Éphès-Dammim,2,2,1.000
OT,H66,Abel-Maïm,2,2,1.000
OT,H6604,Pethor,2,2,1.000
OT,H6627,excrément,2,2,1.000
OT,H6628,lotus,2,2,1.000
OT,H6645,Tsibja,2,2,1.000
OT,H6646,gazelle,2,2,1.000
OT,H6650,Tseboïm,2,2,1.000
OT,H6657,Tsedad,2,2,1.000
OT,H666,bandeau,2,2,1.000
OT,H6690,Tsophach,2,2,1.000
OT,H67,Abel-Mitsraïm,2,2,1.000
OT,H6742,gâteau,2,2,1.000
OT,H675,Etsbon,2,2,1.000
OT,H6758,Tsalmona,2,2,1.000
OT,H6762,Tséla,2,2,1.000
OT,H6768,Tsélek,2,2,1.000
OT,H6769,Tsilthaï,2,2,1.000
OT,H6783,perpétuité,2,2,1.000
OT,H6786,Tsemarien,2,2,1.000
OT,H6787,Tsemaraïm,2,2,1.000
OT,H6791,épines,2,2,1.000
OT,H6796,épine,2,2,1.000
OT,H683,Atsalia,2,2,1.000
OT,H684,Otsem,2,2,1.000
OT,H6847,Tsaphnath-Paenéach,2,2,1.000
OT,H6853,oiseau,2,2,1.000
OT,H6867,cicatrice,2,2,1.000
OT,H6868,Tseréda,2,2,1.000
OT,H6890,Tséreth-Haschachar,2,2,1.000
OT,H6916,casse,2,2,1.000
OT,H6920,fièvre,2,2,1.000
OT,H6929,Kedma,2,2,1.000
OT,H695,tanière,2,2,1.000
OT,H6954,Kehélatha,2,2,1.000
OT,H6959,casque,2,2,1.000
OT,H6964,Kolaja,2,2,1.000
OT,H6971,singe,2,2,1.000
OT,H6977,boucles,2,2,1.000
OT,H6980,toile,2,2,1.000
OT,H6995,petit doigt,2,2,1.000
OT,H7026,Kéros,2,2,1.000
OT,H7079,Kenath,2,2,1.000
OT,H7124,perdrix,2,2,1.000
OT,H714,Ard,2,2,1.000
OT,H7149,ville,2,2,1.000
OT,H7155,Kirjath-Hutsoth,2,2,1.000
OT,H7163,Kéren-Happuc,2,2,1.000
OT,H719,Arvad,2,2,1.000
OT,H7191,Kischjon,2,2,1.000
OT,H7196,ceinture,2,2,1.000
OT,H721,Arvadien,2,2,1.000
OT,H7215,corail,2,2,1.000
OT,H7217,tête,2,2,1.000
OT,H7242,collier,2,2,1.000
OT,H7254,Réba,2,2,1.000
OT,H7255,quart,2,2,1.000
OT,H7263,motte,2,2,1.000
OT,H7274,Roguelim,2,2,1.000
OT,H7278,Réguem-Mélec,2,2,1.000
OT,H7303,Rohega,2,2,1.000
OT,H7334,perdu,2,2,1.000
OT,H7351,solive,2,2,1.000
OT,H736,caravane,2,2,1.000
OT,H7360,cormoran,2,2,1.000
OT,H7366,bassin,2,2,1.000
OT,H7367,abreuvoir,2,2,1.000
OT,H7380,Ribaï,2,2,1.000
OT,H739,lions de Moab,2,2,1.000
OT,H7418,Ramoth du midi,2,2,1.000
OT,H7434,Ramath-Mitspé,2,2,1.000
OT,H7436,Ramathaïm-Tsophim,2,2,1.000
OT,H7437,Ramath-Léchi,2,2,1.000
OT,H7446,Rissa,2,2,1.000
OT,H7454,pensée,2,2,1.000
OT,H7470,volonté,2,2,1.000
OT,H7498,Rapha,2,2,1.000
OT,H7530,Retseph,2,2,1.000
OT,H7575,Rithma,2,2,1.000
OT,H76,ulcères,2,2,1.000
OT,H7618,agate,2,2,1.000
OT,H7630,Schobaï,2,2,1.000
OT,H765,Aran,2,2,1.000
OT,H768,lièvre,2,2,1.000
OT,H7694,reine,2,2,1.000
OT,H7700,idoles,2,2,1.000
OT,H7705,femmes en grand nombre,2,2,1.000
OT,H7731,Schobac,2,2,1.000
OT,H7740,Schavé,2,2,1.000
OT,H7744,Schuach,2,2,1.000
OT,H7749,Schuchamites,2,2,1.000
OT,H7759,Sulamithe,2,2,1.000
OT,H7763,Schomer,2,2,1.000
OT,H7764,Schuni,2,2,1.000
OT,H7770,Schua,2,2,1.000
OT,H7774,Schua,2,2,1.000
OT,H7777,Schual,2,2,1.000
OT,H7780,Schophach,2,2,1.000
OT,H78,Ibtsan,2,2,1.000
OT,H7823,ce qui croît de soi-même,2,2,1.000
OT,H7825,fosse,2,2,1.000
OT,H7828,mouette,2,2,1.000
OT,H7829,consomption,2,2,1.000
OT,H7831,Schachatsima,2,2,1.000
OT,H7861,Schithraï,2,2,1.000
OT,H787,fondement,2,2,1.000
OT,H7884,Schichor-Libnath,2,2,1.000
OT,H7886,Schilo,2,2,1.000
OT,H7890,urine,2,2,1.000
OT,H790,Eschban,2,2,1.000
OT,H792,Eschbaal,2,2,1.000
OT,H7940,Sacar,2,2,1.000
OT,H7975,Siloé,2,2,1.000
OT,H7977,Schilchi,2,2,1.000
OT,H8,détruit,2,2,1.000
OT,H8004,Salem,2,2,1.000
OT,H8006,Schillem,2,2,1.000
OT,H8022,Salmanasar,2,2,1.000
OT,H8026,Schéleph,2,2,1.000
OT,H803,fondement,2,2,1.000
OT,H8036,nom,2,2,1.000
OT,H8037,Schamma,2,2,1.000
OT,H8044,Schamgar,2,2,1.000
OT,H806,Aschchur,2,2,1.000
OT,H8078,épouvante,2,2,1.000
OT,H8093,Schimea,2,2,1.000
OT,H8097,Schimeï,2,2,1.000
OT,H8100,Schimeath,2,2,1.000
OT,H8112,Schimron-Meron,2,2,1.000
OT,H8143,ivoire,2,2,1.000
OT,H8166,chèvre,2,2,1.000
OT,H8170,Schaalbon,2,2,1.000
OT,H8174,Schaaph,2,2,1.000
OT,H8177,cheveu,2,2,1.000
OT,H8183,tempête,2,2,1.000
OT,H8187,Schearia,2,2,1.000
OT,H8196,jugement,2,2,1.000
OT,H8211,tas de cendres,2,2,1.000
OT,H822,treillis,2,2,1.000
OT,H8221,Schepham,2,2,1.000
OT,H823,Aschna,2,2,1.000
OT,H8234,Schapher,2,2,1.000
OT,H8237,tapis,2,2,1.000
OT,H825,astrologue,2,2,1.000
OT,H826,astrologue,2,2,1.000
OT,H8261,fenêtre,2,2,1.000
OT,H8273,mirage,2,2,1.000
OT,H8296,incision,2,2,1.000
OT,H8303,Sirion,2,2,1.000
OT,H8312,pensées,2,2,1.000
OT,H8332,bannissement,2,2,1.000
OT,H8335,service,2,2,1.000
OT,H8339,Scheschbatsar,2,2,1.000
OT,H8347,Schéschac,2,2,1.000
OT,H8349,Schaschak,2,2,1.000
OT,H8370,Schethar-Boznaï,2,2,1.000
OT,H8386,plaintes,2,2,1.000
OT,H8387,Thaanath-Silo,2,2,1.000
OT,H8391,cyprès,2,2,1.000
OT,H8397,confusion,2,2,1.000
OT,H8404,Tabeéra,2,2,1.000
OT,H8410,orme,2,2,1.000
OT,H8411,persévérance,2,2,1.000
OT,H8412,Thadmor,2,2,1.000
OT,H8413,Tideal,2,2,1.000
OT,H8436,Thilon,2,2,1.000
OT,H8445,Thokehath,2,2,1.000
OT,H846,mur,2,2,1.000
OT,H8464,hibou,2,2,1.000
OT,H8465,Thachan,2,2,1.000
OT,H8473,cotte de mailles,2,2,1.000
OT,H8478,en bas,2,2,1.000
OT,H8483,Thachthim-Hodschi,2,2,1.000
OT,H8490,colonne,2,2,1.000
OT,H8494,Tiras,2,2,1.000
OT,H850,Eschthon,2,2,1.000
OT,H8500,paon,2,2,1.000
OT,H8512,Thel-Abib,2,2,1.000
OT,H8515,Telassar,2,2,1.000
OT,H8546,ceux qui vont périr,2,2,1.000
OT,H8547,Thamach,2,2,1.000
OT,H8576,Thanhumeth,2,2,1.000
OT,H8594,otages,2,2,1.000
OT,H8595,tromperie,2,2,1.000
OT,H8607,Thiphsach,2,2,1.000
OT,H8616,Thikva,2,2,1.000
OT,H8632,puissance,2,2,1.000
OT,H8640,Tirhaka,2,2,1.000
OT,H8657,Théresch,2,2,1.000
OT,H8661,Tharthan,2,2,1.000
OT,H876,Beer,2,2,1.000
OT,H879,Beer-Élim,2,2,1.000
OT,H882,Beéri,2,2,1.000
OT,H904,Bigthan,2,2,1.000
OT,H911,Bedad,2,2,1.000
OT,H916,bdellium,2,2,1.000
OT,H917,Bedan,2,2,1.000
OT,H932,Bohan,2,2,1.000
OT,H971,tour,2,2,1.000
NT,G1000,jet,1,1,1.000
NT,G1007,Bosor,1,1,1.000
NT,G1008,herbe,1,1,1.000
NT,G1009,grappe,1,1,1.000
NT,G1029,piège,1,1,1.000
NT,G1037,abîme,1,1,1.000
NT,G1041,autel,1,1,1.000
NT,G1042,Gabbatha,1,1,1.000
NT,G1045,Gad,1,1,1.000
NT,G1047,trésor,1,1,1.000
NT,G1048,Gaza,1,1,1.000
NT,G1066,Gédéon,1,1,1.000
NT,G1071,rire,1,1,1.000
NT,G1079,naissance,1,1,1.000
NT,G108,Azot,1,1,1.000
NT,G1086,Gadaréniens,1,1,1.000
NT,G1091,champ,1,1,1.000
NT,G1094,vieillesse,1,1,1.000
NT,G1098,vin doux,1,1,1.000
NT,G1102,foulon,1,1,1.000
NT,G1114,imposteur,1,1,1.000
NT,G1129,exercice,1,1,1.000
NT,G1136,Gog,1,1,1.000
NT,G1146,anneau,1,1,1.000
NT,G1148,Dalmanutha,1,1,1.000
NT,G1149,Dalmatie,1,1,1.000
NT,G1152,Damaris,1,1,1.000
NT,G1156,dette,1,1,1.000
NT,G1157,créancier,1,1,1.000
NT,G1164,exemple,1,1,1.000
NT,G1167,timidité,1,1,1.000
NT,G1175,religion,1,1,1.000
NT,G1187,archer,1,1,1.000
NT,G119,combat,1,1,1.000
NT,G1192,peau,1,1,1.000
NT,G1217,architecte,1,1,1.000
NT,G1233,connaissance,1,1,1.000
NT,G1240,successeur,1,1,1.000
NT,G1267,division,1,1,1.000
NT,G1270,pensée,1,1,1.000
NT,G130,effusion de sang,1,1,1.000
NT,G1305,nourriture,1,1,1.000
NT,G1327,grand-route,1,1,1.000
NT,G1328,interprète,1,1,1.000
NT,G133,louange,1,1,1.000
NT,G1335,récit,1,1,1.000
NT,G1354,Denys,1,1,1.000
NT,G1357,réformation,1,1,1.000
NT,G1361,Diotrèphe,1,1,1.000
NT,G137,Énon,1,1,1.000
NT,G1373,soif,1,1,1.000
NT,G1376,persécuteur,1,1,1.000
NT,G1409,Drusille,1,1,1.000
NT,G1420,dysenterie,1,1,1.000
NT,G1429,douze tribus,1,1,1.000
NT,G144,intelligence,1,1,1.000
NT,G1443,Éber,1,1,1.000
NT,G145,jugement,1,1,1.000
NT,G1454,résurrection,1,1,1.000
NT,G1456,dédicace,1,1,1.000
NT,G1464,obstacle,1,1,1.000
NT,G1471,enceinte,1,1,1.000
NT,G1479,culte volontaire,1,1,1.000
NT,G1561,attente,1,1,1.000
NT,G157,accusation,1,1,1.000
NT,G1626,avorton,1,1,1.000
NT,G1638,Oliviers,1,1,1.000
NT,G1639,Élamite,1,1,1.000
NT,G164,captif,1,1,1.000
NT,G1644,légèreté,1,1,1.000
NT,G1660,venue,1,1,1.000
NT,G1663,Éliézer,1,1,1.000
NT,G1666,Élisée,1,1,1.000
NT,G1678,Elmadam,1,1,1.000
NT,G168,impureté,1,1,1.000
NT,G1681,Élymas,1,1,1.000
NT,G1694,Emmanuel,1,1,1.000
NT,G1701,moquerie,1,1,1.000
NT,G1708,tressés,1,1,1.000
NT,G1711,trafic,1,1,1.000
NT,G1712,trafic,1,1,1.000
NT,G1749,embuscade,1,1,1.000
NT,G1800,Énos,1,1,1.000
NT,G1815,résurrection,1,1,1.000
NT,G1838,usage,1,1,1.000
NT,G184,Hakeldama,1,1,1.000
NT,G1845,exorciste,1,1,1.000
NT,G1851,principal,1,1,1.000
NT,G1866,Épaïnète,1,1,1.000
NT,G188,encore,1,1,1.000
NT,G1898,introduction,1,1,1.000
NT,G1906,engagement,1,1,1.000
NT,G1938,lubrique,1,1,1.000
NT,G1942,voile,1,1,1.000
NT,G1946,Épicurien,1,1,1.000
NT,G1955,interprétation,1,1,1.000
NT,G1958,soin,1,1,1.000
NT,G1963,pensée,1,1,1.000
NT,G1979,vivres,1,1,1.000
NT,G1995,conversion,1,1,1.000
NT,G2009,châtiment,1,1,1.000
NT,G2011,permission,1,1,1.000
NT,G205,butin,1,1,1.000
NT,G2055,bouc,1,1,1.000
NT,G2057,Hermas,1,1,1.000
NT,G2061,Hermogène,1,1,1.000
NT,G2069,Esli,1,1,1.000
NT,G2091,zèle,1,1,1.000
NT,G2110,bienfaiteur,1,1,1.000
NT,G2140,bienfaisance,1,1,1.000
NT,G2143,beauté,1,1,1.000
NT,G2148,Euraquilon,1,1,1.000
NT,G2160,plaisanterie,1,1,1.000
NT,G2161,Eutychus,1,1,1.000
NT,G2187,Éphraïm,1,1,1.000
NT,G219,chant du coq,1,1,1.000
NT,G2196,Zara,1,1,1.000
NT,G2211,Zénas,1,1,1.000
NT,G2231,règne,1,1,1.000
NT,G2239,mœurs,1,1,1.000
NT,G2242,Héli,1,1,1.000
NT,G2256,demi-heure,1,1,1.000
NT,G2262,Er,1,1,1.000
NT,G2267,Hérodion,1,1,1.000
NT,G2283,Thamar,1,1,1.000
NT,G2291,Thara,1,1,1.000
NT,G2294,courage,1,1,1.000
NT,G2295,étonnement,1,1,1.000
NT,G2305,divinité,1,1,1.000
NT,G2308,volonté,1,1,1.000
NT,G2320,divinité,1,1,1.000
NT,G2324,serviteur,1,1,1.000
NT,G2329,chaleur,1,1,1.000
NT,G2333,Theudas,1,1,1.000
NT,G2335,spectacle,1,1,1.000
NT,G2336,fourreau,1,1,1.000
NT,G2339,piège,1,1,1.000
NT,G234,souillure,1,1,1.000
NT,G2355,lamentation,1,1,1.000
NT,G2366,tempête,1,1,1.000
NT,G2375,bouclier,1,1,1.000
NT,G2387,Jambrès,1,1,1.000
NT,G2388,Jannaï,1,1,1.000
NT,G2389,Jannès,1,1,1.000
NT,G2391,Jared,1,1,1.000
NT,G2397,aspect,1,1,1.000
NT,G24,indignation,1,1,1.000
NT,G2401,Idumée,1,1,1.000
NT,G2402,sueur,1,1,1.000
NT,G2404,Hiérapolis,1,1,1.000
NT,G2422,Jephthé,1,1,1.000
NT,G2428,supplication,1,1,1.000
NT,G2429,humidité,1,1,1.000
NT,G2437,Illyrie,1,1,1.000
NT,G2456,Julie,1,1,1.000
NT,G2458,Junias,1,1,1.000
NT,G2490,Joanan,1,1,1.000
NT,G2492,Job,1,1,1.000
NT,G2493,Joël,1,1,1.000
NT,G2494,Jonam,1,1,1.000
NT,G2497,Jorim,1,1,1.000
NT,G250,aloès,1,1,1.000
NT,G2503,iota,1,1,1.000
NT,G2514,pureté,1,1,1.000
NT,G2550,malignité,1,1,1.000
NT,G2552,souffrance,1,1,1.000
NT,G2561,souffrance,1,1,1.000
NT,G2562,chaume,1,1,1.000
NT,G2565,olivier franc,1,1,1.000
NT,G2582,Candace,1,1,1.000
NT,G2591,Carpus,1,1,1.000
NT,G2600,descente,1,1,1.000
NT,G2640,reste,1,1,1.000
NT,G2652,anathème,1,1,1.000
NT,G2659,assoupissement,1,1,1.000
NT,G2676,perfectionnement,1,1,1.000
NT,G2677,perfectionnement,1,1,1.000
NT,G2685,espion,1,1,1.000
NT,G2699,faux circoncis,1,1,1.000
NT,G2707,contempteur,1,1,1.000
NT,G271,améthyste,1,1,1.000
NT,G2748,Cédron,1,1,1.000
NT,G2752,signal,1,1,1.000
NT,G2754,vaine gloire,1,1,1.000
NT,G2769,carouge,1,1,1.000
NT,G2772,monnaie,1,1,1.000
NT,G2777,rouleau,1,1,1.000
NT,G2780,jardinier,1,1,1.000
NT,G2781,rayon de miel,1,1,1.000
NT,G2785,grand poisson,1,1,1.000
NT,G2796,mouvement,1,1,1.000
NT,G2797,Kis,1,1,1.000
NT,G2802,Clauda,1,1,1.000
NT,G2803,Claudia,1,1,1.000
NT,G2809,vol,1,1,1.000
NT,G2810,Cléopas,1,1,1.000
NT,G2815,Clément,1,1,1.000
NT,G2828,rangée,1,1,1.000
NT,G2832,Clopas,1,1,1.000
NT,G2834,Cnide,1,1,1.000
NT,G2838,sommeil,1,1,1.000
NT,G2846,chambellan,1,1,1.000
NT,G2862,colonie,1,1,1.000
NT,G2864,chevelure,1,1,1.000
NT,G2871,défaite,1,1,1.000
NT,G2876,corbeau,1,1,1.000
NT,G2878,trésor sacré,1,1,1.000
NT,G2879,Coré,1,1,1.000
NT,G2884,mesure,1,1,1.000
NT,G2888,princes de ce monde,1,1,1.000
NT,G289,vigneron,1,1,1.000
NT,G2890,Quartus,1,1,1.000
NT,G291,Amplias,1,1,1.000
NT,G2913,Crescens,1,1,1.000
NT,G2915,orge,1,1,1.000
NT,G2939,Créateur,1,1,1.000
NT,G2940,tromperie,1,1,1.000
NT,G295,Amphipolis,1,1,1.000
NT,G2950,cymbale,1,1,1.000
NT,G2951,cumin,1,1,1.000
NT,G2957,Cyrène,1,1,1.000
NT,G2958,Quirinius,1,1,1.000
NT,G2966,cadavre,1,1,1.000
NT,G2969,ville,1,1,1.000
NT,G2971,moucheron,1,1,1.000
NT,G2972,Cos,1,1,1.000
NT,G2973,Kosam,1,1,1.000
NT,G2984,Lamech,1,1,1.000
NT,G2987,éclat,1,1,1.000
NT,G2996,Lasée,1,1,1.000
NT,G3,Abaddon,1,1,1.000
NT,G3005,reste,1,1,1.000
NT,G301,Amos,1,1,1.000
NT,G3013,écaille,1,1,1.000
NT,G3024,oubli,1,1,1.000
NT,G3026,rêverie,1,1,1.000
NT,G3032,Affranchi,1,1,1.000
NT,G3033,Libye,1,1,1.000
NT,G3044,Linus,1,1,1.000
NT,G3047,sud-ouest,1,1,1.000
NT,G3057,lance,1,1,1.000
NT,G3071,Lycaonie,1,1,1.000
NT,G3073,Lycie,1,1,1.000
NT,G3078,Lysanias,1,1,1.000
NT,G3086,libérateur,1,1,1.000
NT,G309,recouvrement de la vue,1,1,1.000
NT,G3092,Maath,1,1,1.000
NT,G3093,Magadan,1,1,1.000
NT,G3095,actes de magie,1,1,1.000
NT,G3098,Magog,1,1,1.000
NT,G3099,Madian,1,1,1.000
NT,G3102,disciple,1,1,1.000
NT,G3103,Mathusala,1,1,1.000
NT,G3121,Maléléel,1,1,1.000
NT,G3124,Malchus,1,1,1.000
NT,G3127,Manahen,1,1,1.000
NT,G3139,marbre,1,1,1.000
NT,G3160,Mattatha,1,1,1.000
NT,G3174,grandeur,1,1,1.000
NT,G3190,Méléa,1,1,1.000
NT,G3194,Malte,1,1,1.000
NT,G3200,parchemin,1,1,1.000
NT,G334,offrande,1,1,1.000
NT,G335,importunité,1,1,1.000
NT,G3355,mesure,1,1,1.000
NT,G3370,Mède,1,1,1.000
NT,G3382,cuisse,1,1,1.000
NT,G3393,souillure,1,1,1.000
NT,G3395,mélange,1,1,1.000
NT,G3406,rémunérateur,1,1,1.000
NT,G3416,Mnason,1,1,1.000
NT,G3434,Moloch,1,1,1.000
NT,G3436,souillure,1,1,1.000
NT,G3459,meule,1,1,1.000
NT,G3460,Myra,1,1,1.000
NT,G3468,meurtrissure,1,1,1.000
NT,G3477,Naggaï,1,1,1.000
NT,G3481,Nathan,1,1,1.000
NT,G3484,Naïn,1,1,1.000
NT,G3486,Nahum,1,1,1.000
NT,G3488,Narcisse,1,1,1.000
NT,G3491,navire,1,1,1.000
NT,G3493,Nachor,1,1,1.000
NT,G3496,Néapolis,1,1,1.000
NT,G3497,Naaman,1,1,1.000
NT,G3510,reins,1,1,1.000
NT,G3517,Nérée,1,1,1.000
NT,G3518,Néri,1,1,1.000
NT,G3519,île,1,1,1.000
NT,G3526,Niger,1,1,1.000
NT,G3527,Nicanor,1,1,1.000
NT,G3529,victoire,1,1,1.000
NT,G3532,Nicolas,1,1,1.000
NT,G3535,Ninive,1,1,1.000
NT,G3537,bassin,1,1,1.000
NT,G3546,monnaie,1,1,1.000
NT,G3548,loi,1,1,1.000
NT,G3550,législateur,1,1,1.000
NT,G3553,maladie,1,1,1.000
NT,G3555,couvée,1,1,1.000
NT,G3556,poussin,1,1,1.000
NT,G3561,nouvelle lune,1,1,1.000
NT,G3564,Nymphas,1,1,1.000
NT,G3577,dos,1,1,1.000
NT,G359,départ,1,1,1.000
NT,G3591,fardeau,1,1,1.000
NT,G3612,prison,1,1,1.000
NT,G3644,exterminateur,1,1,1.000
NT,G3652,Olympe,1,1,1.000
NT,G3653,figue verte,1,1,1.000
NT,G3657,compagnies,1,1,1.000
NT,G3659,œil,1,1,1.000
NT,G3669,image,1,1,1.000
NT,G3678,ânon,1,1,1.000
NT,G3681,opprobre,1,1,1.000
NT,G3703,fruit,1,1,1.000
NT,G3715,désir,1,1,1.000
NT,G3731,violence,1,1,1.000
NT,G3750,odorat,1,1,1.000
NT,G3773,Urbain,1,1,1.000
NT,G3774,Urie,1,1,1.000
NT,G3790,sommet,1,1,1.000
NT,G3794,forteresse,1,1,1.000
NT,G3829,hôtellerie,1,1,1.000
NT,G3859,vaines discussions,1,1,1.000
NT,G3866,dépôt,1,1,1.000
NT,G3883,variation,1,1,1.000
NT,G3890,consolation,1,1,1.000
NT,G3892,transgression,1,1,1.000
NT,G3902,enseigne,1,1,1.000
NT,G3907,manière à frapper les regards,1,1,1.000
NT,G3913,démence,1,1,1.000
NT,G3917,léopard,1,1,1.000
NT,G3931,consolation,1,1,1.000
NT,G3932,virginité,1,1,1.000
NT,G3934,Parthe,1,1,1.000
NT,G3937,Parménas,1,1,1.000
NT,G3950,colère,1,1,1.000
NT,G3959,Patara,1,1,1.000
NT,G3963,Patmos,1,1,1.000
NT,G3964,parricide,1,1,1.000
NT,G3969,Patrobas,1,1,1.000
NT,G3988,influence,1,1,1.000
NT,G3995,beau-père,1,1,1.000
NT,G401,débordement,1,1,1.000
NT,G4025,ornements,1,1,1.000
NT,G4027,balayures,1,1,1.000
NT,G4042,passage,1,1,1.000
NT,G4067,rebut,1,1,1.000
NT,G4069,Perside,1,1,1.000
NT,G4076,rue,1,1,1.000
NT,G408,Andronicus,1,1,1.000
NT,G4086,discours séduisants,1,1,1.000
NT,G409,meurtrier,1,1,1.000
NT,G4096,graisse,1,1,1.000
NT,G41,sainteté,1,1,1.000
NT,G4107,errant,1,1,1.000
NT,G4117,tresse,1,1,1.000
NT,G4132,inondation,1,1,1.000
NT,G4140,satisfaction,1,1,1.000
NT,G4175,cité,1,1,1.000
NT,G4180,vaines paroles,1,1,1.000
NT,G4201,Porcius,1,1,1.000
NT,G4223,Pouzzoles,1,1,1.000
NT,G4227,Pudens,1,1,1.000
NT,G4230,affaire,1,1,1.000
NT,G4251,Prisca,1,1,1.000
NT,G4259,vestibule,1,1,1.000
NT,G43,bras,1,1,1.000
NT,G431,cousin,1,1,1.000
NT,G4315,veille du sabbat,1,1,1.000
NT,G432,aneth,1,1,1.000
NT,G4343,persévérance,1,1,1.000
NT,G4353,adorateur,1,1,1.000
NT,G4356,réintégration,1,1,1.000
NT,G4368,aide,1,1,1.000
NT,G4378,aspersion,1,1,1.000
NT,G4381,acception de personnes,1,1,1.000
NT,G44,hameçon,1,1,1.000
NT,G440,charbon,1,1,1.000
NT,G4402,Prochore,1,1,1.000
NT,G4414,chef,1,1,1.000
NT,G4418,talon,1,1,1.000
NT,G4424,Ptolémaïs,1,1,1.000
NT,G4435,soigneusement,1,1,1.000
NT,G4466,Ragau,1,1,1.000
NT,G4468,fraude,1,1,1.000
NT,G4471,Rama,1,1,1.000
NT,G4477,Rahab,1,1,1.000
NT,G4478,Rachel,1,1,1.000
NT,G4479,Rébecca,1,1,1.000
NT,G4480,char,1,1,1.000
NT,G4481,Remphan,1,1,1.000
NT,G4484,Reggio,1,1,1.000
NT,G4485,ruine,1,1,1.000
NT,G4488,Rhésa,1,1,1.000
NT,G4489,orateur,1,1,1.000
NT,G4498,Rhode,1,1,1.000
NT,G4499,Rhodes,1,1,1.000
NT,G4502,Ruben,1,1,1.000
NT,G4503,Ruth,1,1,1.000
NT,G4507,souillure,1,1,1.000
NT,G451,Anne,1,1,1.000
NT,G4512,ride,1,1,1.000
NT,G4520,repos,1,1,1.000
NT,G4522,filet,1,1,1.000
NT,G4527,Sala,1,1,1.000
NT,G4529,Salamine,1,1,1.000
NT,G4530,Salim,1,1,1.000
NT,G4534,Salmone,1,1,1.000
NT,G4535,flots,1,1,1.000
NT,G4538,trompette,1,1,1.000
NT,G4543,Samothrace,1,1,1.000
NT,G4544,Samos,1,1,1.000
NT,G4546,Samson,1,1,1.000
NT,G4548,planche,1,1,1.000
NT,G4551,Saphira,1,1,1.000
NT,G4552,saphir,1,1,1.000
NT,G4553,corbeille,1,1,1.000
NT,G4555,sardoine,1,1,1.000
NT,G4557,sardonyx,1,1,1.000
NT,G4558,Sarepta,1,1,1.000
NT,G4562,Seruch,1,1,1.000
NT,G4566,Satan,1,1,1.000
NT,G4580,Second,1,1,1.000
NT,G4581,Séleucie,1,1,1.000
NT,G4584,Sémeï,1,1,1.000
NT,G4588,Sergius,1,1,1.000
NT,G4589,Seth,1,1,1.000
NT,G4590,Sem,1,1,1.000
NT,G4604,fer,1,1,1.000
NT,G4612,mouchoir,1,1,1.000
NT,G4629,vêtement,1,1,1.000
NT,G4630,Scéva,1,1,1.000
NT,G4631,agrès,1,1,1.000
NT,G4634,Tabernacles,1,1,1.000
NT,G4635,fabricant de tentes,1,1,1.000
NT,G4643,dureté,1,1,1.000
NT,G4647,écharde,1,1,1.000
NT,G4649,but,1,1,1.000
NT,G4657,boue,1,1,1.000
NT,G4658,Scythe,1,1,1.000
NT,G4665,émeraude,1,1,1.000
NT,G4667,Smyrne,1,1,1.000
NT,G4673,cercueil,1,1,1.000
NT,G4677,Susanne,1,1,1.000
NT,G4688,garde,1,1,1.000
NT,G469,récompense,1,1,1.000
NT,G4694,écueil,1,1,1.000
NT,G4701,semence,1,1,1.000
NT,G4713,vase,1,1,1.000
NT,G4715,statère,1,1,1.000
NT,G4720,Stachys,1,1,1.000
NT,G4725,bandelettes,1,1,1.000
NT,G4733,fermeté,1,1,1.000
NT,G4740,fermeté,1,1,1.000
NT,G4742,marque,1,1,1.000
NT,G4743,instant,1,1,1.000
NT,G4746,branche,1,1,1.000
NT,G4751,estomac,1,1,1.000
NT,G4760,armée,1,1,1.000
NT,G4764,luxe,1,1,1.000
NT,G4774,condescendance,1,1,1.000
NT,G4795,hasard,1,1,1.000
NT,G4799,confusion,1,1,1.000
NT,G4804,disputeur,1,1,1.000
NT,G4807,sycomore,1,1,1.000
NT,G4809,sycomore,1,1,1.000
NT,G4825,conseiller,1,1,1.000
NT,G4831,compagnon imitateur,1,1,1.000
NT,G4847,concitoyen,1,1,1.000
NT,G4853,compatriote,1,1,1.000
NT,G4858,musique,1,1,1.000
NT,G487,rançon,1,1,1.000
NT,G4877,rencontre,1,1,1.000
NT,G49,purification,1,1,1.000
NT,G4923,compagnie,1,1,1.000
NT,G493,Antipas,1,1,1.000
NT,G4938,destruction,1,1,1.000
NT,G494,Antipatris,1,1,1.000
NT,G4941,Syntyche,1,1,1.000
NT,G4946,Syracuse,1,1,1.000
NT,G4948,Syrien,1,1,1.000
NT,G4953,signe,1,1,1.000
NT,G4965,Sychar,1,1,1.000
NT,G4968,victime,1,1,1.000
NT,G4974,cheville,1,1,1.000
NT,G4981,école,1,1,1.000
NT,G4986,Sopater,1,1,1.000
NT,G4989,Sosipater,1,1,1.000
NT,G4999,Tavernes,1,1,1.000
NT,G502,rien pour puiser,1,1,1.000
NT,G5027,sépulture,1,1,1.000
NT,G5051,consommateur,1,1,1.000
NT,G5054,mort,1,1,1.000
NT,G5060,Tertius,1,1,1.000
NT,G5069,quaternion,1,1,1.000
NT,G5086,Tibère,1,1,1.000
NT,G5090,Timée,1,1,1.000
NT,G5094,opulence,1,1,1.000
NT,G5096,Timon,1,1,1.000
NT,G5098,châtiment,1,1,1.000
NT,G51,péchés,1,1,1.000
NT,G5113,audacieux,1,1,1.000
NT,G5115,arc,1,1,1.000
NT,G5116,topaze,1,1,1.000
NT,G5134,plaie,1,1,1.000
NT,G5139,Trachonite,1,1,1.000
NT,G5148,trois années,1,1,1.000
NT,G5152,troisième étage,1,1,1.000
NT,G5157,variation,1,1,1.000
NT,G5162,nourrice,1,1,1.000
NT,G5163,voies,1,1,1.000
NT,G5167,tourterelle,1,1,1.000
NT,G5169,trou,1,1,1.000
NT,G5170,Tryphène,1,1,1.000
NT,G5173,Tryphose,1,1,1.000
NT,G5181,Tyrannus,1,1,1.000
NT,G5183,Tyrien,1,1,1.000
NT,G5208,forêt,1,1,1.000
NT,G5222,devant,1,1,1.000
NT,G5243,orgueil,1,1,1.000
NT,G5261,exemple,1,1,1.000
NT,G5283,soupçon,1,1,1.000
NT,G5300,truie,1,1,1.000
NT,G5317,Phalek,1,1,1.000
NT,G5322,lanterne,1,1,1.000
NT,G5323,Phanuel,1,1,1.000
NT,G5325,pompe,1,1,1.000
NT,G5327,vallée,1,1,1.000
NT,G5332,enchanteur,1,1,1.000
NT,G5333,enchanteur,1,1,1.000
NT,G5372,Philète,1,1,1.000
NT,G5373,amour,1,1,1.000
NT,G5378,Philologue,1,1,1.000
NT,G5385,philosophie,1,1,1.000
NT,G5386,philosophe,1,1,1.000
NT,G5393,Phlégon,1,1,1.000
NT,G54,pureté,1,1,1.000
NT,G5400,phénomène terrible,1,1,1.000
NT,G5405,Phénix,1,1,1.000
NT,G541,reflet,1,1,1.000
NT,G5410,Forum,1,1,1.000
NT,G5416,fouet,1,1,1.000
NT,G5423,séducteur,1,1,1.000
NT,G5434,broussailles,1,1,1.000
NT,G5436,Phygelle,1,1,1.000
NT,G5440,phylactère,1,1,1.000
NT,G5450,orgueil,1,1,1.000
NT,G5466,Chaldéen,1,1,1.000
NT,G5471,forgeron,1,1,1.000
NT,G5472,calcédoine,1,1,1.000
NT,G5482,tranchée,1,1,1.000
NT,G5489,papier,1,1,1.000
NT,G5490,abîme,1,1,1.000
NT,G5493,torrent,1,1,1.000
NT,G5498,acte,1,1,1.000
NT,G5502,chérubins,1,1,1.000
NT,G5508,Chios,1,1,1.000
NT,G5514,Chloé,1,1,1.000
NT,G5525,danse,1,1,1.000
NT,G5529,Chuza,1,1,1.000
NT,G555,dépouillement,1,1,1.000
NT,G5555,chrysolithe,1,1,1.000
NT,G5556,chrysoprase,1,1,1.000
NT,G5559,corps,1,1,1.000
NT,G5566,nord-ouest,1,1,1.000
NT,G557,néant,1,1,1.000
NT,G5570,faux apôtre,1,1,1.000
NT,G5572,faux docteur,1,1,1.000
NT,G558,affranchi,1,1,1.000
NT,G5582,mensonge,1,1,1.000
NT,G5587,calomnie,1,1,1.000
NT,G559,Apellès,1,1,1.000
NT,G5609,œuf,1,1,1.000
NT,G5617,Osée,1,1,1.000
NT,G585,démonstration,1,1,1.000
NT,G605,rétablissement,1,1,1.000
NT,G610,arrêt,1,1,1.000
NT,G623,Apollyon,1,1,1.000
NT,G624,Apollonie,1,1,1.000
NT,G644,ombre,1,1,1.000
NT,G671,abus,1,1,1.000
NT,G675,Appius,1,1,1.000
NT,G682,Apphia,1,1,1.000
NT,G685,malédiction,1,1,1.000
NT,G690,Arabe,1,1,1.000
NT,G695,orfèvre,1,1,1.000
NT,G698,Aréopagite,1,1,1.000
NT,G702,Arétas,1,1,1.000
NT,G704,agneau,1,1,1.000
NT,G711,Aristobule,1,1,1.000
NT,G715,ours,1,1,1.000
NT,G717,Harmaguédon,1,1,1.000
NT,G72,conduite,1,1,1.000
NT,G723,charrue,1,1,1.000
NT,G725,proie,1,1,1.000
NT,G734,Artémas,1,1,1.000
NT,G742,Arphaxad,1,1,1.000
NT,G745,Archélaüs,1,1,1.000
NT,G750,souverain pasteur,1,1,1.000
NT,G753,architecte,1,1,1.000
NT,G754,chef des publicains,1,1,1.000
NT,G771,faiblesse,1,1,1.000
NT,G775,Asiarque,1,1,1.000
NT,G78,Addi,1,1,1.000
NT,G785,aspic,1,1,1.000
NT,G799,Asyncrite,1,1,1.000
NT,G8,Abiathar,1,1,1.000
NT,G825,Attalie,1,1,1.000
NT,G828,Auguste,1,1,1.000
NT,G83,incertaines,1,1,1.000
NT,G836,flûte,1,1,1.000
NT,G845,témoin oculaire,1,1,1.000
NT,G857,mépris,1,1,1.000
NT,G858,simplicité,1,1,1.000
NT,G867,départ,1,1,1.000
NT,G887,obscurité,1,1,1.000
NT,G896,Baal,1,1,1.000
NT,G898,rang,1,1,1.000
NT,G9,Abilène,1,1,1.000
NT,G902,branche,1,1,1.000
NT,G913,Barak,1,1,1.000
NT,G914,Barachie,1,1,1.000
NT,G924,Bartimée,1,1,1.000
NT,G930,bourreaux,1,1,1.000
NT,G939,pied,1,1,1.000
NT,G943,mesure,1,1,1.000
NT,G944,grenouille,1,1,1.000
NT,G956,traits,1,1,1.000
NT,G962,Béthanie,1,1,1.000
NT,G964,Béthesda,1,1,1.000
NT,G969,béryl,1,1,1.000
NT,G973,violent,1,1,1.000
NT,G986,Blaste,1,1,1.000
NT,G99,Adriatique,1,1,1.000
NT,G993,Boanergès,1,1,1.000
NT,G995,cri,1,1,1.000
NT,G998,aide,1,1,1.000
OT,H1056,Baca,1,1,1.000
OT,H1059,larmes,1,1,1.000
OT,H1064,Becorath,1,1,1.000
OT,H1068,deuil,1,1,1.000
OT,H1070,dromadaire,1,1,1.000
OT,H1072,dromadaire,1,1,1.000
OT,H1076,Bakrites,1,1,1.000
OT,H1084,Bilgaï,1,1,1.000
OT,H1088,Bala,1,1,1.000
OT,H1108,Balite,1,1,1.000
OT,H111,Hadad,1,1,1.000
OT,H1112,Belschatsar,1,1,1.000
OT,H1113,Belschatsar,1,1,1.000
OT,H1117,hauts lieux,1,1,1.000
OT,H1118,Bimhal,1,1,1.000
OT,H1119,dans,1,1,1.000
OT,H1122,Ben,1,1,1.000
OT,H114,Addon,1,1,1.000
OT,H1140,bâtiment,1,1,1.000
OT,H1148,Beninu,1,1,1.000
OT,H115,Adoraïm,1,1,1.000
OT,H1152,Besodia,1,1,1.000
OT,H1164,malheur,1,1,1.000
OT,H118,Adalia,1,1,1.000
OT,H1180,mon maître,1,1,1.000
OT,H1182,Beéliada,1,1,1.000
OT,H1183,Bealia,1,1,1.000
OT,H1185,Baalis,1,1,1.000
OT,H1194,Beon,1,1,1.000
OT,H1199,Baara,1,1,1.000
OT,H1200,incendie,1,1,1.000
OT,H1202,Baaséja,1,1,1.000
OT,H1203,Beeschthra,1,1,1.000
OT,H1206,boue,1,1,1.000
OT,H1211,oignon,1,1,1.000
OT,H1219,forêt inaccessible,1,1,1.000
OT,H1223,bergerie,1,1,1.000
OT,H1225,forteresse,1,1,1.000
OT,H1230,Bakbakkar,1,1,1.000
OT,H1256,Beraja,1,1,1.000
OT,H1257,volaille,1,1,1.000
OT,H1264,riches,1,1,1.000
OT,H1266,cyprès,1,1,1.000
OT,H1267,nourriture,1,1,1.000
OT,H1275,Béri,1,1,1.000
OT,H128,Adama,1,1,1.000
OT,H1281,fuyards,1,1,1.000
OT,H1282,Bariach,1,1,1.000
OT,H1284,Beriites,1,1,1.000
OT,H1286,Berith,1,1,1.000
OT,H129,Adami,1,1,1.000
OT,H1298,Béra,1,1,1.000
OT,H1306,Birscha,1,1,1.000
OT,H1312,Bischlam,1,1,1.000
OT,H1313,aromate,1,1,1.000
OT,H1317,honte,1,1,1.000
OT,H1326,ruine,1,1,1.000
OT,H1327,vallons désolés,1,1,1.000
OT,H1329,Bethul,1,1,1.000
OT,H133,Admatha,1,1,1.000
OT,H1332,Bithja,1,1,1.000
OT,H1336,montagnes qui nous séparent,1,1,1.000
OT,H1338,Bithron,1,1,1.000
OT,H1344,orgueil,1,1,1.000
OT,H1345,Guéuel,1,1,1.000
OT,H135,Addan,1,1,1.000
OT,H1350,rachetés,1,1,1.000
OT,H1357,sauterelle,1,1,1.000
OT,H1371,chauve,1,1,1.000
OT,H1373,Gabbaï,1,1,1.000
OT,H1374,Guébim,1,1,1.000
OT,H1378,perle,1,1,1.000
OT,H1380,Guebal,1,1,1.000
OT,H1381,Guebal,1,1,1.000
OT,H1385,fromage,1,1,1.000
OT,H1388,Guibea,1,1,1.000
OT,H1392,floraison,1,1,1.000
OT,H1394,Guibeath,1,1,1.000
OT,H1395,Guibea,1,1,1.000
OT,H1398,Guéber,1,1,1.000
OT,H1399,homme,1,1,1.000
OT,H1402,Guibbar,1,1,1.000
OT,H1408,Gad,1,1,1.000
OT,H1417,incision,1,1,1.000
OT,H1418,sillon,1,1,1.000
OT,H1426,Gaddi,1,1,1.000
OT,H1427,Gaddiel,1,1,1.000
OT,H1428,rive,1,1,1.000
OT,H1429,chevreau,1,1,1.000
OT,H1440,Guideom,1,1,1.000
OT,H1445,Guéder,1,1,1.000
OT,H1449,Guedéra,1,1,1.000
OT,H1453,Guedérothaïm,1,1,1.000
OT,H1456,remède,1,1,1.000
OT,H1465,corps,1,1,1.000
OT,H1467,orgueil,1,1,1.000
OT,H1475,fosse,1,1,1.000
OT,H1477,Gunites,1,1,1.000
OT,H1483,Gur,1,1,1.000
OT,H1489,trésorier,1,1,1.000
OT,H1514,Gaham,1,1,1.000
OT,H1520,Guiach,1,1,1.000
OT,H1529,Guéschan,1,1,1.000
OT,H153,force,1,1,1.000
OT,H1532,barbier,1,1,1.000
OT,H1536,roue,1,1,1.000
OT,H1539,peau,1,1,1.000
OT,H1545,manteaux,1,1,1.000
OT,H1553,Gueliloth,1,1,1.000
OT,H1557,ordures,1,1,1.000
OT,H1562,Guilalaï,1,1,1.000
OT,H1574,coudée,1,1,1.000
OT,H1577,Gamul,1,1,1.000
OT,H1579,Guimzo,1,1,1.000
OT,H1582,Guemalli,1,1,1.000
OT,H159,amour,1,1,1.000
OT,H1597,trésor,1,1,1.000
OT,H16,aigle,1,1,1.000
OT,H1601,Goath,1,1,1.000
OT,H1611,aile,1,1,1.000
OT,H1613,bois de gopher,1,1,1.000
OT,H1615,chaux,1,1,1.000
OT,H1628,hôtellerie,1,1,1.000
OT,H1632,colère,1,1,1.000
OT,H1636,Garmien,1,1,1.000
OT,H1645,fruits,1,1,1.000
OT,H1646,exaction,1,1,1.000
OT,H1655,corps,1,1,1.000
OT,H1656,pluie,1,1,1.000
OT,H1658,Guischpa,1,1,1.000
OT,H1670,effroi,1,1,1.000
OT,H1676,milan,1,1,1.000
OT,H1678,ours,1,1,1.000
OT,H1679,vigueur,1,1,1.000
OT,H1686,fiente de pigeon,1,1,1.000
OT,H1689,Dibla,1,1,1.000
OT,H169,Ohel,1,1,1.000
OT,H1691,Diblaïm,1,1,1.000
OT,H1702,radeau,1,1,1.000
OT,H1703,parole,1,1,1.000
OT,H1704,Dibri,1,1,1.000
OT,H1707,bosse,1,1,1.000
OT,H1708,Dabbéscheth,1,1,1.000
OT,H1720,Dedan,1,1,1.000
OT,H1729,hameçon,1,1,1.000
OT,H1735,Dodava,1,1,1.000
OT,H1737,Dodaï,1,1,1.000
OT,H1761,concubine,1,1,1.000
OT,H1764,millet,1,1,1.000
OT,H177,Uel,1,1,1.000
OT,H1773,encre,1,1,1.000
OT,H1776,Dimona,1,1,1.000
OT,H1782,juge,1,1,1.000
OT,H179,Obil,1,1,1.000
OT,H1793,poussière,1,1,1.000
OT,H1798,bélier,1,1,1.000
OT,H1810,Dilean,1,1,1.000
OT,H1813,Dalphon,1,1,1.000
OT,H1816,inflammation,1,1,1.000
OT,H1822,ville détruite,1,1,1.000
OT,H1829,Dimna,1,1,1.000
OT,H1831,vendange,1,1,1.000
OT,H1833,Damas,1,1,1.000
OT,H1837,Danna,1,1,1.000
OT,H1852,étoffe légère,1,1,1.000
OT,H186,Uzaï,1,1,1.000
OT,H1862,Darda,1,1,1.000
OT,H1872,bras,1,1,1.000
OT,H1873,Dara,1,1,1.000
OT,H1903,droit,1,1,1.000
OT,H1914,Hiddaï,1,1,1.000
OT,H1919,Hadassa,1,1,1.000
OT,H1921,chemins montueux,1,1,1.000
OT,H1924,Hadar,1,1,1.000
OT,H1936,Hod,1,1,1.000
OT,H1937,Hodva,1,1,1.000
OT,H1939,Hodavia,1,1,1.000
OT,H1944,Hoham,1,1,1.000
OT,H1948,folie,1,1,1.000
OT,H1950,Homam,1,1,1.000
OT,H1953,Hoschama,1,1,1.000
OT,H1958,gémissement,1,1,1.000
OT,H1960,louange,1,1,1.000
OT,H1962,calamité,1,1,1.000
OT,H1966,Astre brillant,1,1,1.000
OT,H1967,Hémam,1,1,1.000
OT,H1971,aspect,1,1,1.000
OT,H1978,pieds,1,1,1.000
OT,H1987,Hélem,1,1,1.000
OT,H1989,marteau,1,1,1.000
OT,H1990,Ham,1,1,1.000
OT,H1991,leur,1,1,1.000
OT,H1998,son,1,1,1.000
OT,H20,melon,1,1,1.000
OT,H2003,bois sec,1,1,1.000
OT,H2017,perversité,1,1,1.000
OT,H2020,délivrance,1,1,1.000
OT,H2021,char,1,1,1.000
OT,H2024,Hara,1,1,1.000
OT,H2025,autel,1,1,1.000
OT,H203,On,1,1,1.000
OT,H2031,pensée,1,1,1.000
OT,H2033,Haror,1,1,1.000
OT,H2034,ruine,1,1,1.000
OT,H2036,Horam,1,1,1.000
OT,H2037,Harum,1,1,1.000
OT,H2038,forteresse,1,1,1.000
OT,H2044,Haschem,1,1,1.000
OT,H2049,moqueur,1,1,1.000
OT,H2051,Vedan,1,1,1.000
OT,H2052,Vaheb,1,1,1.000
OT,H2055,Vajezatha,1,1,1.000
OT,H2056,enfant,1,1,1.000
OT,H2057,Vania,1,1,1.000
OT,H2058,Vophsi,1,1,1.000
OT,H2059,Vaschni,1,1,1.000
OT,H2065,don,1,1,1.000
OT,H2071,Zabud,1,1,1.000
OT,H2072,Zabbud,1,1,1.000
OT,H2081,Zebina,1,1,1.000
OT,H2085,pépin,1,1,1.000
OT,H2093,Zaham,1,1,1.000
OT,H21,Abi,1,1,1.000
OT,H2100,flux,1,1,1.000
OT,H2104,Zuzim,1,1,1.000
OT,H2105,Zocheth,1,1,1.000
OT,H2117,Zara,1,1,1.000
OT,H2120,Zohéleth,1,1,1.000
OT,H2125,Zina,1,1,1.000
OT,H2126,Zina,1,1,1.000
OT,H2127,Zia,1,1,1.000
OT,H2133,Zéthan,1,1,1.000
OT,H2137,verre,1,1,1.000
OT,H2144,Zéker,1,1,1.000
OT,H2149,bassesse,1,1,1.000
OT,H2150,sarment,1,1,1.000
OT,H2157,Zamzummim,1,1,1.000
OT,H2160,Zemira,1,1,1.000
OT,H2173,meilleures productions,1,1,1.000
OT,H2188,sueur,1,1,1.000
OT,H220,étable,1,1,1.000
OT,H2202,Ziphron,1,1,1.000
OT,H2207,vieillesse,1,1,1.000
OT,H2214,dégoût,1,1,1.000
OT,H2222,pluie,1,1,1.000
OT,H2223,cheval,1,1,1.000
OT,H2225,rayons,1,1,1.000
OT,H2242,Zéthar,1,1,1.000
OT,H2243,sein,1,1,1.000
OT,H2260,mât,1,1,1.000
OT,H2262,Habazinia,1,1,1.000
OT,H2272,taches,1,1,1.000
OT,H2277,Hébrites,1,1,1.000
OT,H2278,compagne,1,1,1.000
OT,H2281,gâteaux cuits sur la plaque,1,1,1.000
OT,H2285,Hagab,1,1,1.000
OT,H2289,ceinture,1,1,1.000
OT,H229,Ezbaï,1,1,1.000
OT,H2293,Hagguija,1,1,1.000
OT,H23,Abiasaph,1,1,1.000
OT,H2303,pointes,1,1,1.000
OT,H2305,joie,1,1,1.000
OT,H2309,monde,1,1,1.000
OT,H2311,Hadlaï,1,1,1.000
OT,H2317,Hadrac,1,1,1.000
OT,H2321,Hodesch,1,1,1.000
OT,H2322,Hadascha,1,1,1.000
OT,H2326,débiteur,1,1,1.000
OT,H2327,Choba,1,1,1.000
OT,H2335,Hozaï,1,1,1.000
OT,H2349,Hupham,1,1,1.000
OT,H2350,Huphamites,1,1,1.000
OT,H2355,étoffes blanches,1,1,1.000
OT,H2359,Huri,1,1,1.000
OT,H2360,Huraï,1,1,1.000
OT,H2364,Huscha,1,1,1.000
OT,H237,Ézel,1,1,1.000
OT,H2375,Hazo,1,1,1.000
OT,H2381,Haziel,1,1,1.000
OT,H2382,Hazaja,1,1,1.000
OT,H2383,Hezjon,1,1,1.000
OT,H2391,force,1,1,1.000
OT,H2395,Hizki,1,1,1.000
OT,H2398,péché,1,1,1.000
OT,H240,instrument,1,1,1.000
OT,H2400,pécheur,1,1,1.000
OT,H2419,Hiel,1,1,1.000
OT,H2430,rempart,1,1,1.000
OT,H2432,Hilen,1,1,1.000
OT,H2433,beauté,1,1,1.000
OT,H245,Azania,1,1,1.000
OT,H2450,sage,1,1,1.000
OT,H2460,Héleb,1,1,1.000
OT,H2462,Helba,1,1,1.000
OT,H2463,Helbon,1,1,1.000
OT,H2464,galbanum,1,1,1.000
OT,H2466,Héled,1,1,1.000
OT,H2467,taupe,1,1,1.000
OT,H2475,délaissés,1,1,1.000
OT,H2476,vaincus,1,1,1.000
OT,H2478,Halhul,1,1,1.000
OT,H2482,Hali,1,1,1.000
OT,H2484,collier,1,1,1.000
OT,H2492,songe,1,1,1.000
OT,H2494,Hélem,1,1,1.000
OT,H2501,Héleph,1,1,1.000
OT,H2516,Hélekites,1,1,1.000
OT,H2517,Helkaï,1,1,1.000
OT,H2533,Hemdan,1,1,1.000
OT,H2536,Hammuel,1,1,1.000
OT,H2539,Hamulites,1,1,1.000
OT,H2541,opprimé,1,1,1.000
OT,H2542,contours,1,1,1.000
OT,H2546,limaçon,1,1,1.000
OT,H2547,Humta,1,1,1.000
OT,H2550,pitié,1,1,1.000
OT,H2566,Hamran,1,1,1.000
OT,H2569,cinquième,1,1,1.000
OT,H257,Achban,1,1,1.000
OT,H2588,cachot,1,1,1.000
OT,H2599,Hénokites,1,1,1.000
OT,H2602,grêle,1,1,1.000
OT,H2609,Hanès,1,1,1.000
OT,H261,Échud,1,1,1.000
OT,H2612,impiété,1,1,1.000
OT,H2613,impiété,1,1,1.000
OT,H2615,Hannathon,1,1,1.000
OT,H2619,Hasadia,1,1,1.000
OT,H2622,protection,1,1,1.000
OT,H264,fraternité,1,1,1.000
OT,H2641,Hasra,1,1,1.000
OT,H2642,manque,1,1,1.000
OT,H2647,Huppa,1,1,1.000
OT,H265,Achoach,1,1,1.000
OT,H2662,Héphrites,1,1,1.000
OT,H2663,Hapharaïm,1,1,1.000
OT,H2665,plan,1,1,1.000
OT,H2667,couvertures,1,1,1.000
OT,H267,Achumaï,1,1,1.000
OT,H2681,repaire,1,1,1.000
OT,H2683,bras,1,1,1.000
OT,H2716,excrément,1,1,1.000
OT,H2725,sécheresse,1,1,1.000
OT,H2728,hargol,1,1,1.000
OT,H273,Achzaï,1,1,1.000
OT,H2736,Harhaja,1,1,1.000
OT,H2737,rangées de perles,1,1,1.000
OT,H2739,Harumaph,1,1,1.000
OT,H2743,Haruts,1,1,1.000
OT,H2745,Harhas,1,1,1.000
OT,H275,Achuzzam,1,1,1.000
OT,H2751,blanc,1,1,1.000
OT,H276,Ahuzath,1,1,1.000
OT,H2762,treillis,1,1,1.000
OT,H2765,Horem,1,1,1.000
OT,H2769,Hermon,1,1,1.000
OT,H2774,Harnépher,1,1,1.000
OT,H2776,Hérès,1,1,1.000
OT,H278,Éhi,1,1,1.000
OT,H2780,Hareph,1,1,1.000
OT,H2785,pépin,1,1,1.000
OT,H2792,Héresch,1,1,1.000
OT,H2802,Héreth,1,1,1.000
OT,H2806,Haschbaddana,1,1,1.000
OT,H2807,Haschuba,1,1,1.000
OT,H2812,Haschabna,1,1,1.000
OT,H2816,ténèbres,1,1,1.000
OT,H282,Ahihud,1,1,1.000
OT,H2824,ténèbres,1,1,1.000
OT,H2829,Heschmon,1,1,1.000
OT,H2831,grands,1,1,1.000
OT,H2835,petit troupeau,1,1,1.000
OT,H2839,jante,1,1,1.000
OT,H284,Achichud,1,1,1.000
OT,H2840,moyeu,1,1,1.000
OT,H2841,amas,1,1,1.000
OT,H2847,terreur,1,1,1.000
OT,H2848,bandage,1,1,1.000
OT,H2849,terreur,1,1,1.000
OT,H2854,langes,1,1,1.000
OT,H2863,brigand,1,1,1.000
OT,H2866,angoisse,1,1,1.000
OT,H2867,Hathath,1,1,1.000
OT,H287,Achimoth,1,1,1.000
OT,H2871,turbans de couleurs variées,1,1,1.000
OT,H2875,Thébach,1,1,1.000
OT,H2879,cuisinière,1,1,1.000
OT,H2880,Thibchath,1,1,1.000
OT,H2882,Thebalia,1,1,1.000
OT,H2886,Thabrimmon,1,1,1.000
OT,H2887,Tébeth,1,1,1.000
OT,H2888,Tabbath,1,1,1.000
OT,H291,Achjan,1,1,1.000
OT,H2911,meule,1,1,1.000
OT,H2912,celles qui moulent,1,1,1.000
OT,H292,Achinadab,1,1,1.000
OT,H2922,agneau,1,1,1.000
OT,H2923,Thelaïm,1,1,1.000
OT,H2949,petits enfants,1,1,1.000
OT,H2955,Thaphath,1,1,1.000
OT,H297,Achiram,1,1,1.000
OT,H2972,Jaïr,1,1,1.000
OT,H2979,Jeathraï,1,1,1.000
OT,H2989,Jabal,1,1,1.000
OT,H2990,ulcère,1,1,1.000
OT,H2996,Jabné,1,1,1.000
OT,H2997,Jibneja,1,1,1.000
OT,H2998,Jibnija,1,1,1.000
OT,H300,Achischachar,1,1,1.000
OT,H3000,Bérékia,1,1,1.000
OT,H3005,Jibsam,1,1,1.000
OT,H301,Achischar,1,1,1.000
OT,H3010,champ,1,1,1.000
OT,H3012,Jigdalia,1,1,1.000
OT,H3017,Jagur,1,1,1.000
OT,H3020,Jogli,1,1,1.000
OT,H3024,fatigue,1,1,1.000
OT,H303,Achlal,1,1,1.000
OT,H3030,Jideala,1,1,1.000
OT,H3031,Jidbasch,1,1,1.000
OT,H3033,objet de mon amour,1,1,1.000
OT,H3036,Jadon,1,1,1.000
OT,H3040,Jedida,1,1,1.000
OT,H3041,Jedidja,1,1,1.000
OT,H3044,Jidlaph,1,1,1.000
OT,H3053,sort,1,1,1.000
OT,H3055,Jehud,1,1,1.000
OT,H3056,Jahdaï,1,1,1.000
OT,H3057,Juive,1,1,1.000
OT,H3067,Judith,1,1,1.000
OT,H307,Achmetha,1,1,1.000
OT,H308,Achasbaï,1,1,1.000
OT,H3081,Jucal,1,1,1.000
OT,H3084,Joseph,1,1,1.000
OT,H3089,Joschéba,1,1,1.000
OT,H31,Abihud,1,1,1.000
OT,H310,derrière,1,1,1.000
OT,H3102,Job,1,1,1.000
OT,H3105,courant,1,1,1.000
OT,H3106,Jubal,1,1,1.000
OT,H3108,Jozacar,1,1,1.000
OT,H3112,Jojakin,1,1,1.000
OT,H3116,Jucal,1,1,1.000
OT,H3119,jour,1,1,1.000
OT,H3125,Javan,1,1,1.000
OT,H313,Acher,1,1,1.000
OT,H3131,Josiphia,1,1,1.000
OT,H3132,Joéla,1,1,1.000
OT,H3133,Joëd,1,1,1.000
OT,H3134,Joézer,1,1,1.000
OT,H3137,Jokim,1,1,1.000
OT,H3140,Joraï,1,1,1.000
OT,H3143,Joschibia,1,1,1.000
OT,H3144,Joscha,1,1,1.000
OT,H3145,Joschavia,1,1,1.000
OT,H315,Achrach,1,1,1.000
OT,H3150,Jizzija,1,1,1.000
OT,H3151,Jaziz,1,1,1.000
OT,H3152,Jizlia,1,1,1.000
OT,H3154,sueur,1,1,1.000
OT,H3155,Jizrachite,1,1,1.000
OT,H316,Acharchel,1,1,1.000
OT,H3163,Jachdo,1,1,1.000
OT,H3164,Jachdiel,1,1,1.000
OT,H3167,Jachzia,1,1,1.000
OT,H3169,Ézéchias,1,1,1.000
OT,H3170,Jachzéra,1,1,1.000
OT,H3174,Jechija,1,1,1.000
OT,H3178,Jahleélites,1,1,1.000
OT,H3181,Jachmaï,1,1,1.000
OT,H3184,Jahtseélites,1,1,1.000
OT,H3185,Jahtsiel,1,1,1.000
OT,H3192,Jotba,1,1,1.000
OT,H320,suite,1,1,1.000
OT,H3210,Jalon,1,1,1.000
OT,H3214,hurlement,1,1,1.000
OT,H3219,gibecière,1,1,1.000
OT,H3221,mer,1,1,1.000
OT,H3224,Jemima,1,1,1.000
OT,H3230,Jamlec,1,1,1.000
OT,H3234,Jimna,1,1,1.000
OT,H3236,Jimra,1,1,1.000
OT,H3238,violence,1,1,1.000
OT,H3249,ceux qui se détournent,1,1,1.000
OT,H3250,celui qui dispute,1,1,1.000
OT,H3252,Jisca,1,1,1.000
OT,H3253,Jismakia,1,1,1.000
OT,H326,Achaschthari,1,1,1.000
OT,H3262,Jeuel,1,1,1.000
OT,H3263,Jeuts,1,1,1.000
OT,H3268,Jaaziel,1,1,1.000
OT,H3275,Jaecan,1,1,1.000
OT,H3280,biche,1,1,1.000
OT,H3285,Jaenaï,1,1,1.000
OT,H3288,vol,1,1,1.000
OT,H3291,Jaakoba,1,1,1.000
OT,H3292,Jaakan,1,1,1.000
OT,H3295,rayon de miel,1,1,1.000
OT,H3297,Jearim,1,1,1.000
OT,H3298,Jaaréschia,1,1,1.000
OT,H3301,Jiphdeja,1,1,1.000
OT,H3307,gens qui ne respirent que la violence,1,1,1.000
OT,H3311,Japhléthiens,1,1,1.000
OT,H3328,Tsochar,1,1,1.000
OT,H3338,membre,1,1,1.000
OT,H3339,Jitseri,1,1,1.000
OT,H3340,Jitsrites,1,1,1.000
OT,H3343,Jekabtseel,1,1,1.000
OT,H3344,foyer,1,1,1.000
OT,H3347,Jokdeam,1,1,1.000
OT,H3348,Jaké,1,1,1.000
OT,H3352,oiseleur,1,1,1.000
OT,H3354,Jekuthiel,1,1,1.000
OT,H3375,Jireon,1,1,1.000
OT,H3380,Jerubbéscheth,1,1,1.000
OT,H3385,Jeruel,1,1,1.000
OT,H3386,Jaroach,1,1,1.000
OT,H3393,mois,1,1,1.000
OT,H3400,Jeriel,1,1,1.000
OT,H3403,Jeribaï,1,1,1.000
OT,H3408,Jerioth,1,1,1.000
OT,H3410,cuisse,1,1,1.000
OT,H3413,Jerémaï,1,1,1.000
OT,H3416,Jirpeel,1,1,1.000
OT,H3421,Jorkeam,1,1,1.000
OT,H3427,siège,1,1,1.000
OT,H3428,Jeschébeab,1,1,1.000
OT,H3429,Joscheb-Basschébeth,1,1,1.000
OT,H3431,Jischbach,1,1,1.000
OT,H3432,Jaschubites,1,1,1.000
OT,H3439,Jeschochaja,1,1,1.000
OT,H3441,Jischvi,1,1,1.000
OT,H3443,Josué,1,1,1.000
OT,H3445,faim,1,1,1.000
OT,H3450,Jesimiel,1,1,1.000
OT,H3451,mort,1,1,1.000
OT,H3454,Jeschischaï,1,1,1.000
OT,H3457,Jischma,1,1,1.000
OT,H3461,Jischmeraï,1,1,1.000
OT,H3464,Jaschen,1,1,1.000
OT,H3465,vieille,1,1,1.000
OT,H3467,secours,1,1,1.000
OT,H3472,Jischpha,1,1,1.000
OT,H3473,Jischpan,1,1,1.000
OT,H3475,Jéscher,1,1,1.000
OT,H3479,Israël,1,1,1.000
OT,H3480,Jesareéla,1,1,1.000
OT,H3483,droiture,1,1,1.000
OT,H3494,Jithla,1,1,1.000
OT,H3495,Jithma,1,1,1.000
OT,H3496,Jathniel,1,1,1.000
OT,H3497,Ithnan,1,1,1.000
OT,H3498,reste,1,1,1.000
OT,H35,câpre,1,1,1.000
OT,H3501,Jithra,1,1,1.000
OT,H3517,marche difficile,1,1,1.000
OT,H3522,Cabbon,1,1,1.000
OT,H353,force,1,1,1.000
OT,H3531,crible,1,1,1.000
OT,H3534,marchepied,1,1,1.000
OT,H3545,remède,1,1,1.000
OT,H3551,fenêtre,1,1,1.000
OT,H3552,Cub,1,1,1.000
OT,H3560,Cun,1,1,1.000
OT,H3572,Éthiopie,1,1,1.000
OT,H3578,Cozéba,1,1,1.000
OT,H3580,Czib,1,1,1.000
OT,H3589,ruine,1,1,1.000
OT,H3590,étincelle,1,1,1.000
OT,H3592,Kidon,1,1,1.000
OT,H3597,marteau,1,1,1.000
OT,H36,Abithub,1,1,1.000
OT,H360,force,1,1,1.000
OT,H3600,foyer,1,1,1.000
OT,H3601,fuseau,1,1,1.000
OT,H3609,Kileab,1,1,1.000
OT,H3614,Caleb,1,1,1.000
OT,H3621,Kelubaï,1,1,1.000
OT,H3636,Kelal,1,1,1.000
OT,H3638,Kilmad,1,1,1.000
OT,H3640,opprobre,1,1,1.000
OT,H3656,Canné,1,1,1.000
OT,H3657,ce que ta droite a planté,1,1,1.000
OT,H3662,Kenani,1,1,1.000
OT,H3676,trône,1,1,1.000
OT,H3686,Kesil,1,1,1.000
OT,H3687,folie,1,1,1.000
OT,H3692,Kislon,1,1,1.000
OT,H3693,Kesalon,1,1,1.000
OT,H3694,Kesulloth,1,1,1.000
OT,H3714,bois,1,1,1.000
OT,H372,Jézer,1,1,1.000
OT,H3722,rachat,1,1,1.000
OT,H373,Jézerite,1,1,1.000
OT,H3737,manteau,1,1,1.000
OT,H3741,demeures,1,1,1.000
OT,H3744,héraut,1,1,1.000
OT,H3750,safran,1,1,1.000
OT,H3752,Carcas,1,1,1.000
OT,H3753,dromadaire,1,1,1.000
OT,H3757,Carmites,1,1,1.000
OT,H3768,tenture,1,1,1.000
OT,H3770,ventre,1,1,1.000
OT,H3771,Carschena,1,1,1.000
OT,H3777,Késed,1,1,1.000
OT,H3781,hache,1,1,1.000
OT,H3783,chute,1,1,1.000
OT,H3786,magicien,1,1,1.000
OT,H379,Ischhod,1,1,1.000
OT,H3796,mur,1,1,1.000
OT,H3797,mur,1,1,1.000
OT,H3798,Kithlisch,1,1,1.000
OT,H3814,doucement,1,1,1.000
OT,H3815,Laël,1,1,1.000
OT,H3817,Leummim,1,1,1.000
OT,H3818,Lo-Ammi,1,1,1.000
OT,H3821,cœur,1,1,1.000
OT,H3827,flamme,1,1,1.000
OT,H3829,Lebona,1,1,1.000
OT,H3831,vêtement,1,1,1.000
OT,H3840,ouvrage de saphir,1,1,1.000
OT,H3854,étude,1,1,1.000
OT,H3855,Lahad,1,1,1.000
OT,H3862,assemblée,1,1,1.000
OT,H3869,amandier,1,1,1.000
OT,H3889,Laïsch,1,1,1.000
OT,H3891,détours,1,1,1.000
OT,H3893,vigueur,1,1,1.000
OT,H390,Accad,1,1,1.000
OT,H3901,guerre,1,1,1.000
OT,H3902,Lachmi,1,1,1.000
OT,H3903,Lachmas,1,1,1.000
OT,H3911,caméléon,1,1,1.000
OT,H3912,Letuschim,1,1,1.000
OT,H3916,nuit,1,1,1.000
OT,H3917,spectre de la nuit,1,1,1.000
OT,H3921,embûche,1,1,1.000
OT,H3922,Léca,1,1,1.000
OT,H3930,gorge,1,1,1.000
OT,H3934,balbutiant,1,1,1.000
OT,H3935,Laeda,1,1,1.000
OT,H3941,Lappidoth,1,1,1.000
OT,H3942,devant,1,1,1.000
OT,H3946,Lakkum,1,1,1.000
OT,H3949,Likchi,1,1,1.000
OT,H395,cruelle,1,1,1.000
OT,H396,nourriture,1,1,1.000
OT,H3962,Léscha,1,1,1.000
OT,H3965,grenier,1,1,1.000
OT,H3970,désir,1,1,1.000
OT,H3973,objet de mépris et de dédain,1,1,1.000
OT,H3975,caverne,1,1,1.000
OT,H3977,balance,1,1,1.000
OT,H3981,force,1,1,1.000
OT,H3990,ténèbres,1,1,1.000
OT,H3991,ténèbres,1,1,1.000
OT,H3995,villes séparées,1,1,1.000
OT,H3997,bord,1,1,1.000
OT,H4004,élite,1,1,1.000
OT,H4006,Mibchar,1,1,1.000
OT,H401,Ucal,1,1,1.000
OT,H4012,Mebunnaï,1,1,1.000
OT,H4016,parties honteuses,1,1,1.000
OT,H4019,Magbisch,1,1,1.000
OT,H4036,Magor-Missabib,1,1,1.000
OT,H4037,hache,1,1,1.000
OT,H4041,regard avide,1,1,1.000
OT,H4044,endurcissement,1,1,1.000
OT,H4045,malédiction,1,1,1.000
OT,H4047,Magpiasch,1,1,1.000
OT,H405,poids,1,1,1.000
OT,H4052,retrait,1,1,1.000
OT,H4053,motte,1,1,1.000
OT,H4061,tribut,1,1,1.000
OT,H4062,oppression,1,1,1.000
OT,H4072,ruine,1,1,1.000
OT,H4073,perte,1,1,1.000
OT,H4075,Mède,1,1,1.000
OT,H4081,Middin,1,1,1.000
OT,H4085,mortier,1,1,1.000
OT,H4086,Madmen,1,1,1.000
OT,H4087,fumier,1,1,1.000
OT,H4088,Madména,1,1,1.000
OT,H4092,Madianite,1,1,1.000
OT,H4104,Mehuman,1,1,1.000
OT,H4108,libre accès,1,1,1.000
OT,H4110,renommée,1,1,1.000
OT,H4113,abîmes,1,1,1.000
OT,H4123,chimère,1,1,1.000
OT,H4130,parent,1,1,1.000
OT,H4139,circoncision,1,1,1.000
OT,H414,Éla,1,1,1.000
OT,H4140,Molid,1,1,1.000
OT,H4141,escalier tournant,1,1,1.000
OT,H4151,rangs,1,1,1.000
OT,H4152,ville désignée,1,1,1.000
OT,H4153,Moadia,1,1,1.000
OT,H4155,ténèbres,1,1,1.000
OT,H4157,fardeau,1,1,1.000
OT,H4160,oppression,1,1,1.000
OT,H4169,foyer,1,1,1.000
OT,H4189,cordages,1,1,1.000
OT,H4190,délivrances,1,1,1.000
OT,H4193,mort,1,1,1.000
OT,H4197,vin parfumé,1,1,1.000
OT,H4200,grenier,1,1,1.000
OT,H4204,pièges,1,1,1.000
OT,H4215,nord,1,1,1.000
OT,H4216,signes du zodiaque,1,1,1.000
OT,H422,serment,1,1,1.000
OT,H4228,ceinture,1,1,1.000
OT,H4230,compas,1,1,1.000
OT,H4233,Machavim,1,1,1.000
OT,H4235,Machol,1,1,1.000
OT,H4239,bélier,1,1,1.000
OT,H4243,Mechir,1,1,1.000
OT,H4247,caverne,1,1,1.000
OT,H4252,couteau,1,1,1.000
OT,H4255,classe,1,1,1.000
OT,H4260,crème,1,1,1.000
OT,H4269,frein,1,1,1.000
OT,H427,chêne,1,1,1.000
OT,H4273,plaie,1,1,1.000
OT,H4278,profondeurs,1,1,1.000
OT,H4282,soc,1,1,1.000
OT,H4292,balai,1,1,1.000
OT,H4293,massacre,1,1,1.000
OT,H4297,injustice,1,1,1.000
OT,H4298,étendue,1,1,1.000
OT,H4299,ouvrage,1,1,1.000
OT,H4300,barre,1,1,1.000
OT,H4309,Matri,1,1,1.000
OT,H4323,ruisseau,1,1,1.000
OT,H4328,fondement,1,1,1.000
OT,H4331,Méscha,1,1,1.000
OT,H4335,Méschac,1,1,1.000
OT,H4337,Méscha,1,1,1.000
OT,H4338,Méscha,1,1,1.000
OT,H434,vaine prédiction,1,1,1.000
OT,H4343,Macbéna,1,1,1.000
OT,H4344,Macbannaï,1,1,1.000
OT,H4346,couverture,1,1,1.000
OT,H435,Élul,1,1,1.000
OT,H4352,Maki,1,1,1.000
OT,H4357,or,1,1,1.000
OT,H4359,beauté parfaite,1,1,1.000
OT,H4362,trésor,1,1,1.000
OT,H4367,Macnadbaï,1,1,1.000
OT,H4368,Mecona,1,1,1.000
OT,H4369,lieu,1,1,1.000
OT,H4379,mine de sel,1,1,1.000
OT,H4380,instruments,1,1,1.000
OT,H4381,Micri,1,1,1.000
OT,H4382,Mekéra,1,1,1.000
OT,H4386,débris,1,1,1.000
OT,H4389,Macthesch,1,1,1.000
OT,H440,élonite,1,1,1.000
OT,H4400,ordre,1,1,1.000
OT,H4401,Malachie,1,1,1.000
OT,H4402,abondance,1,1,1.000
OT,H4408,herbes sauvages,1,1,1.000
OT,H4416,sel,1,1,1.000
OT,H4423,argile,1,1,1.000
OT,H4424,Melatia,1,1,1.000
OT,H4425,épi,1,1,1.000
OT,H4440,Malkiélite,1,1,1.000
OT,H4443,Malkiram,1,1,1.000
OT,H4447,Hammoléketh,1,1,1.000
OT,H4450,Milalaï,1,1,1.000
OT,H4451,aiguillon,1,1,1.000
OT,H4459,dent,1,1,1.000
OT,H4460,grenier,1,1,1.000
OT,H4470,amertume,1,1,1.000
OT,H4472,amertume,1,1,1.000
OT,H4476,lieu couvert de ronces,1,1,1.000
OT,H4480,de,1,1,1.000
OT,H4481,de,1,1,1.000
OT,H4482,instruments à cordes,1,1,1.000
OT,H4485,chanson,1,1,1.000
OT,H449,Élidad,1,1,1.000
OT,H4492,caverne,1,1,1.000
OT,H4493,hochement,1,1,1.000
OT,H4497,fils,1,1,1.000
OT,H4502,princes,1,1,1.000
OT,H4507,Meni,1,1,1.000
OT,H4508,Minni,1,1,1.000
OT,H4510,nombre,1,1,1.000
OT,H4512,prospérité,1,1,1.000
OT,H4515,verrous,1,1,1.000
OT,H4516,festins,1,1,1.000
OT,H4517,sistres,1,1,1.000
OT,H4527,fondement,1,1,1.000
OT,H4528,portique,1,1,1.000
OT,H4530,offrande,1,1,1.000
OT,H4536,trafic,1,1,1.000
OT,H4538,mélange,1,1,1.000
OT,H4540,couvert,1,1,1.000
OT,H4544,abondance,1,1,1.000
OT,H4547,chemin,1,1,1.000
OT,H4552,balustrades,1,1,1.000
OT,H4558,Mispar,1,1,1.000
OT,H4559,Mispéreth,1,1,1.000
OT,H456,Élihoreph,1,1,1.000
OT,H4561,instruction,1,1,1.000
OT,H4562,lien,1,1,1.000
OT,H4563,abri,1,1,1.000
OT,H4566,œuvre,1,1,1.000
OT,H4572,Maadaï,1,1,1.000
OT,H4573,Maadia,1,1,1.000
OT,H4575,liens,1,1,1.000
OT,H4579,entrailles,1,1,1.000
OT,H4582,Maoc,1,1,1.000
OT,H4587,Meonothaï,1,1,1.000
OT,H4588,obscurité,1,1,1.000
OT,H4589,nudité,1,1,1.000
OT,H4594,vêtement,1,1,1.000
OT,H4595,manteau,1,1,1.000
OT,H4596,monceau de ruines,1,1,1.000
OT,H4597,Maaï,1,1,1.000
OT,H4603,transgression,1,1,1.000
OT,H4619,Maats,1,1,1.000
OT,H462,Éliénaï,1,1,1.000
OT,H4620,douleur,1,1,1.000
OT,H4623,maître,1,1,1.000
OT,H4625,endroits tortueux,1,1,1.000
OT,H4629,Maaré-Guibea,1,1,1.000
OT,H4630,rangs,1,1,1.000
OT,H4632,Meara,1,1,1.000
OT,H4636,nus,1,1,1.000
OT,H4637,violence,1,1,1.000
OT,H4638,Maarath,1,1,1.000
OT,H4640,Maesaï,1,1,1.000
OT,H4644,Moph,1,1,1.000
OT,H4647,soufflet,1,1,1.000
OT,H4649,Muppim,1,1,1.000
OT,H465,Éliphal,1,1,1.000
OT,H4650,massue,1,1,1.000
OT,H4657,balancement,1,1,1.000
OT,H4661,marteau,1,1,1.000
OT,H4663,porte,1,1,1.000
OT,H4664,port,1,1,1.000
OT,H4665,nuque,1,1,1.000
OT,H4667,haut des cuisses,1,1,1.000
OT,H4674,retranchement,1,1,1.000
OT,H4677,Metsobaja,1,1,1.000
OT,H4681,Motsa,1,1,1.000
OT,H4695,querelle,1,1,1.000
OT,H4698,clochette,1,1,1.000
OT,H4699,lieu ombragé,1,1,1.000
OT,H470,Élika,1,1,1.000
OT,H4702,lit,1,1,1.000
OT,H4706,Mitsear,1,1,1.000
OT,H4710,trésors,1,1,1.000
OT,H472,Élischéba,1,1,1.000
OT,H4724,réservoir,1,1,1.000
OT,H4727,présent,1,1,1.000
OT,H4728,marchandise,1,1,1.000
OT,H4739,Makats,1,1,1.000
OT,H4746,charpente,1,1,1.000
OT,H4748,cheveux bouclés,1,1,1.000
OT,H4752,goutte,1,1,1.000
OT,H4755,Mara,1,1,1.000
OT,H4756,seigneur,1,1,1.000
OT,H4760,jabot,1,1,1.000
OT,H4761,diadème,1,1,1.000
OT,H4771,repos,1,1,1.000
OT,H4773,fronde,1,1,1.000
OT,H4774,repos,1,1,1.000
OT,H4777,rébellion,1,1,1.000
OT,H478,Élischaphath,1,1,1.000
OT,H4780,rebelle,1,1,1.000
OT,H4781,Merodac,1,1,1.000
OT,H4783,poursuivi,1,1,1.000
OT,H4786,amertume,1,1,1.000
OT,H4787,chagrin,1,1,1.000
OT,H4793,course,1,1,1.000
OT,H4795,toilette,1,1,1.000
OT,H4796,Maroth,1,1,1.000
OT,H4797,cris de joie,1,1,1.000
OT,H4798,deuil,1,1,1.000
OT,H4811,Meraja,1,1,1.000
OT,H4814,amertume,1,1,1.000
OT,H4819,marchandise,1,1,1.000
OT,H4821,Mirma,1,1,1.000
OT,H4825,Mérès,1,1,1.000
OT,H4826,Marsena,1,1,1.000
OT,H4827,faire le mal,1,1,1.000
OT,H4835,violence,1,1,1.000
OT,H4837,pavé,1,1,1.000
OT,H4840,aromates,1,1,1.000
OT,H4848,Merarites,1,1,1.000
OT,H4849,impie,1,1,1.000
OT,H4851,Masch,1,1,1.000
OT,H4852,Méscha,1,1,1.000
OT,H4856,égards,1,1,1.000
OT,H4857,abreuvoir,1,1,1.000
OT,H4868,chute,1,1,1.000
OT,H487,Allammélec,1,1,1.000
OT,H4874,créancier,1,1,1.000
OT,H4877,Meschobab,1,1,1.000
OT,H4882,pillage,1,1,1.000
OT,H4883,scie,1,1,1.000
OT,H4887,huile,1,1,1.000
OT,H489,veuvage,1,1,1.000
OT,H4891,aurore,1,1,1.000
OT,H4892,destruction,1,1,1.000
OT,H4913,Maschal,1,1,1.000
OT,H4921,Meschillémith,1,1,1.000
OT,H4922,Meschullémeth,1,1,1.000
OT,H4925,Mischmanna,1,1,1.000
OT,H4926,ouï-dire,1,1,1.000
OT,H493,Elnaam,1,1,1.000
OT,H4930,clou,1,1,1.000
OT,H4934,sentier,1,1,1.000
OT,H4935,frottée,1,1,1.000
OT,H4936,Mischeam,1,1,1.000
OT,H4939,sang versé,1,1,1.000
OT,H4944,butin,1,1,1.000
OT,H4946,poids,1,1,1.000
OT,H4950,eau limpide,1,1,1.000
OT,H4952,liqueur,1,1,1.000
OT,H4954,Mischraïens,1,1,1.000
OT,H4958,poêle,1,1,1.000
OT,H496,Élead,1,1,1.000
OT,H4963,paille,1,1,1.000
OT,H497,Éleada,1,1,1.000
OT,H498,Éluzaï,1,1,1.000
OT,H4981,Mithni,1,1,1.000
OT,H4987,douceur,1,1,1.000
OT,H4992,Matthattha,1,1,1.000
OT,H5,Abagtha,1,1,1.000
OT,H5005,adultère,1,1,1.000
OT,H5017,prophétie,1,1,1.000
OT,H5021,Nebuschazban,1,1,1.000
OT,H5026,Nibchaz,1,1,1.000
OT,H5033,source,1,1,1.000
OT,H5040,honte,1,1,1.000
OT,H5041,Neballath,1,1,1.000
OT,H5053,aurore,1,1,1.000
OT,H5054,clarté,1,1,1.000
OT,H507,Éleph,1,1,1.000
OT,H5072,Nedabia,1,1,1.000
OT,H5073,rangée,1,1,1.000
OT,H5076,agitations,1,1,1.000
OT,H5078,présent,1,1,1.000
OT,H5082,gloire,1,1,1.000
OT,H5083,dons,1,1,1.000
OT,H5084,fourreau,1,1,1.000
OT,H5097,buisson,1,1,1.000
OT,H5105,lumière,1,1,1.000
OT,H5112,vie errante,1,1,1.000
OT,H5113,Nod,1,1,1.000
OT,H5114,Nodab,1,1,1.000
OT,H5118,repos,1,1,1.000
OT,H5119,Nocha,1,1,1.000
OT,H5124,assoupissement,1,1,1.000
OT,H5130,crible,1,1,1.000
OT,H5131,colline,1,1,1.000
OT,H5143,dommage,1,1,1.000
OT,H5147,Nachbi,1,1,1.000
OT,H515,Elthekon,1,1,1.000
OT,H5151,Nahum,1,1,1.000
OT,H5156,narines,1,1,1.000
OT,H5163,Nacham,1,1,1.000
OT,H5167,Nachamani,1,1,1.000
OT,H5179,Nehuschtha,1,1,1.000
OT,H5180,Nehuschtan,1,1,1.000
OT,H5195,plante,1,1,1.000
OT,H5196,plantations,1,1,1.000
OT,H5204,complainte,1,1,1.000
OT,H5208,parfum,1,1,1.000
OT,H5213,étincelle,1,1,1.000
OT,H522,Amma,1,1,1.000
OT,H5225,Nacon,1,1,1.000
OT,H5227,en face,1,1,1.000
OT,H5231,ruse,1,1,1.000
OT,H5232,biens,1,1,1.000
OT,H5240,méprisable,1,1,1.000
OT,H5245,léopard,1,1,1.000
OT,H5247,Nimra,1,1,1.000
OT,H5261,libation,1,1,1.000
OT,H5269,Néa,1,1,1.000
OT,H527,multitude,1,1,1.000
OT,H5272,Neïel,1,1,1.000
OT,H5277,Naam,1,1,1.000
OT,H5280,Naamanite,1,1,1.000
OT,H5282,agrément,1,1,1.000
OT,H5289,jeune,1,1,1.000
OT,H5293,Naaraï,1,1,1.000
OT,H5295,Naaran,1,1,1.000
OT,H5300,Nephischsim,1,1,1.000
OT,H5302,Nophach,1,1,1.000
OT,H5311,inondation,1,1,1.000
OT,H5316,contrée,1,1,1.000
OT,H532,Ami,1,1,1.000
OT,H5325,poignée,1,1,1.000
OT,H5334,Netsib,1,1,1.000
OT,H5339,fleur,1,1,1.000
OT,H5341,caverne,1,1,1.000
OT,H5345,flûte,1,1,1.000
OT,H5346,Nékeb,1,1,1.000
OT,H5351,points,1,1,1.000
OT,H5364,corde,1,1,1.000
OT,H5370,Nergal,1,1,1.000
OT,H538,Amam,1,1,1.000
OT,H5388,oubli,1,1,1.000
OT,H5389,femmes,1,1,1.000
OT,H5403,aigle,1,1,1.000
OT,H5430,chaussure,1,1,1.000
OT,H5433,Sabéens,1,1,1.000
OT,H5436,Sabéens,1,1,1.000
OT,H5441,taillis,1,1,1.000
OT,H545,tutelle,1,1,1.000
OT,H5451,Sibboleth,1,1,1.000
OT,H5453,Sibraïm,1,1,1.000
OT,H5468,confusion,1,1,1.000
OT,H5469,coupe arrondie,1,1,1.000
OT,H547,linteau,1,1,1.000
OT,H5471,So,1,1,1.000
OT,H5474,cage,1,1,1.000
OT,H5476,Sodi,1,1,1.000
OT,H5477,Suach,1,1,1.000
OT,H5478,balayure,1,1,1.000
OT,H5485,Susi,1,1,1.000
OT,H5489,Suph,1,1,1.000
OT,H5495,Sur,1,1,1.000
OT,H5501,objet de mépris,1,1,1.000
OT,H5507,bouclier,1,1,1.000
OT,H5510,Sivan,1,1,1.000
OT,H5515,Sinim,1,1,1.000
OT,H5519,foule,1,1,1.000
OT,H5522,tente,1,1,1.000
OT,H5525,Sukkiens,1,1,1.000
OT,H5526,défense,1,1,1.000
OT,H5527,Secaca,1,1,1.000
OT,H5529,folie,1,1,1.000
OT,H5538,Silla,1,1,1.000
OT,H5551,échelle,1,1,1.000
OT,H5552,ceps,1,1,1.000
OT,H5556,sauterelle,1,1,1.000
OT,H556,force,1,1,1.000
OT,H5565,Semaeja,1,1,1.000
OT,H5573,Séné,1,1,1.000
OT,H5577,rameau,1,1,1.000
OT,H5578,Sansanna,1,1,1.000
OT,H5580,teigne,1,1,1.000
OT,H5593,Saph,1,1,1.000
OT,H5598,Sippaï,1,1,1.000
OT,H5600,navire,1,1,1.000
OT,H5604,plafond,1,1,1.000
OT,H5610,dénombrement,1,1,1.000
OT,H5611,Sephar,1,1,1.000
OT,H5615,bornes,1,1,1.000
OT,H5616,Sepharvaïm,1,1,1.000
OT,H5621,ronce,1,1,1.000
OT,H5623,Sargon,1,1,1.000
OT,H5625,Sardites,1,1,1.000
OT,H5626,Sira,1,1,1.000
OT,H5629,surplus,1,1,1.000
OT,H563,agneau,1,1,1.000
OT,H5634,rameau,1,1,1.000
OT,H5636,ronce,1,1,1.000
OT,H5639,Sethur,1,1,1.000
OT,H5644,Sithri,1,1,1.000
OT,H5652,travaux,1,1,1.000
OT,H5655,Abdeel,1,1,1.000
OT,H5661,Abdiel,1,1,1.000
OT,H5671,dettes,1,1,1.000
OT,H5681,Ibri,1,1,1.000
OT,H5683,Ébron,1,1,1.000
OT,H5691,passion,1,1,1.000
OT,H5708,souillé,1,1,1.000
OT,H5721,Adina,1,1,1.000
OT,H5723,Adithaïm,1,1,1.000
OT,H5724,Adlaï,1,1,1.000
OT,H5735,Adada,1,1,1.000
OT,H5738,Éder,1,1,1.000
OT,H5745,Obal,1,1,1.000
OT,H5758,iniquité,1,1,1.000
OT,H5760,impie,1,1,1.000
OT,H5773,vertige,1,1,1.000
OT,H5776,oiseau,1,1,1.000
OT,H5784,balle,1,1,1.000
OT,H5802,Azbuk,1,1,1.000
OT,H5811,Azaz,1,1,1.000
OT,H5814,Ozias,1,1,1.000
OT,H5815,Aziel,1,1,1.000
OT,H5819,Aziza,1,1,1.000
OT,H5821,Azzan,1,1,1.000
OT,H5827,Ézer,1,1,1.000
OT,H5831,Esdras,1,1,1.000
OT,H5834,Esdras,1,1,1.000
OT,H5839,Azaria,1,1,1.000
OT,H5846,éternuement,1,1,1.000
OT,H5851,Athara,1,1,1.000
OT,H5866,Ilaï,1,1,1.000
OT,H588,Anacharath,1,1,1.000
OT,H5893,Ir,1,1,1.000
OT,H5900,Iru,1,1,1.000
OT,H5901,Iri,1,1,1.000
OT,H5917,Acar,1,1,1.000
OT,H5919,aspic,1,1,1.000
OT,H5925,Ulla,1,1,1.000
OT,H5928,holocauste,1,1,1.000
OT,H593,Aniam,1,1,1.000
OT,H5932,méchants,1,1,1.000
OT,H5936,sangsue,1,1,1.000
OT,H5940,pilon,1,1,1.000
OT,H5948,creuset,1,1,1.000
OT,H5950,œuvre,1,1,1.000
OT,H5960,Almon,1,1,1.000
OT,H5969,desséché,1,1,1.000
OT,H5979,abri,1,1,1.000
OT,H5990,Ammizadab,1,1,1.000
OT,H5991,Ammihur,1,1,1.000
OT,H6000,Amal,1,1,1.000
OT,H6001,travailleur,1,1,1.000
OT,H6007,Amasia,1,1,1.000
OT,H6008,Amead,1,1,1.000
OT,H6011,profondeur,1,1,1.000
OT,H6012,vallées,1,1,1.000
OT,H6015,laine,1,1,1.000
OT,H6023,Amaschsaï,1,1,1.000
OT,H6036,Anub,1,1,1.000
OT,H6044,Anim,1,1,1.000
OT,H6046,Anem,1,1,1.000
OT,H6048,Anammélec,1,1,1.000
OT,H6052,Anan,1,1,1.000
OT,H6053,nuée,1,1,1.000
OT,H6054,Anani,1,1,1.000
OT,H6070,Anthothija,1,1,1.000
OT,H6073,rameau,1,1,1.000
OT,H6074,feuillage,1,1,1.000
OT,H6078,Ophni,1,1,1.000
OT,H6096,échine,1,1,1.000
OT,H6097,arbres,1,1,1.000
OT,H610,vase,1,1,1.000
OT,H6104,paresse,1,1,1.000
OT,H6110,moyens de défense,1,1,1.000
OT,H6120,adversaire,1,1,1.000
OT,H6121,coteau,1,1,1.000
OT,H6122,ruse,1,1,1.000
OT,H6125,oppression,1,1,1.000
OT,H6130,Akan,1,1,1.000
OT,H6133,famille,1,1,1.000
OT,H6134,Éker,1,1,1.000
OT,H6169,nudité,1,1,1.000
OT,H6180,Érite,1,1,1.000
OT,H6183,ciel,1,1,1.000
OT,H619,Asna,1,1,1.000
OT,H6197,Éran,1,1,1.000
OT,H6198,Éranites,1,1,1.000
OT,H6199,misérable,1,1,1.000
OT,H6200,Aroër,1,1,1.000
OT,H6216,oppresseur,1,1,1.000
OT,H6220,Aschvath,1,1,1.000
OT,H6221,Asiel,1,1,1.000
OT,H6230,Ések,1,1,1.000
OT,H6232,Eschek,1,1,1.000
OT,H6234,angoisse,1,1,1.000
OT,H6247,ivoire,1,1,1.000
OT,H6250,desseins,1,1,1.000
OT,H6265,Athaja,1,1,1.000
OT,H6269,Athac,1,1,1.000
OT,H627,recueil,1,1,1.000
OT,H6270,Athlaï,1,1,1.000
OT,H6273,Othni,1,1,1.000
OT,H630,Aspatha,1,1,1.000
OT,H6300,Pedahel,1,1,1.000
OT,H6314,repos,1,1,1.000
OT,H6317,Puthiel,1,1,1.000
OT,H6324,Puvites,1,1,1.000
OT,H6326,Pua,1,1,1.000
OT,H6329,possède,1,1,1.000
OT,H633,décret,1,1,1.000
OT,H6330,remords,1,1,1.000
OT,H6334,Poratha,1,1,1.000
OT,H6336,Puthiens,1,1,1.000
OT,H6345,crainte,1,1,1.000
OT,H6349,impétueux,1,1,1.000
OT,H6350,témérité,1,1,1.000
OT,H6359,exempts,1,1,1.000
OT,H636,bois,1,1,1.000
OT,H6366,tranchant,1,1,1.000
OT,H6371,embonpoint,1,1,1.000
OT,H6375,chancellent,1,1,1.000
OT,H6376,Pischon,1,1,1.000
OT,H6384,Palluites,1,1,1.000
OT,H6387,moitié,1,1,1.000
OT,H6390,ruisseaux,1,1,1.000
OT,H6392,division,1,1,1.000
OT,H6393,fer,1,1,1.000
OT,H6394,Pildasch,1,1,1.000
OT,H6401,Pilcha,1,1,1.000
OT,H6402,service,1,1,1.000
OT,H6407,Péleth,1,1,1.000
OT,H6408,Pilthaï,1,1,1.000
OT,H641,Éphod,1,1,1.000
OT,H6415,justice,1,1,1.000
OT,H6417,justice,1,1,1.000
OT,H6420,Palal,1,1,1.000
OT,H6421,Pelalia,1,1,1.000
OT,H643,palais,1,1,1.000
OT,H6434,angle,1,1,1.000
OT,H6436,pâtisserie,1,1,1.000
OT,H6457,Pasac,1,1,1.000
OT,H6462,Pispa,1,1,1.000
OT,H6469,Peulthaï,1,1,1.000
OT,H647,Aphiach,1,1,1.000
OT,H6474,Paaraï,1,1,1.000
OT,H6479,bande,1,1,1.000
OT,H6483,Happitsets,1,1,1.000
OT,H6488,garde,1,1,1.000
OT,H6498,coloquinte,1,1,1.000
OT,H6502,Piream,1,1,1.000
OT,H6507,semence,1,1,1.000
OT,H6511,Para,1,1,1.000
OT,H6512,rats,1,1,1.000
OT,H6515,Paruach,1,1,1.000
OT,H6516,Parvaïm,1,1,1.000
OT,H6526,misérables,1,1,1.000
OT,H6528,grappe,1,1,1.000
OT,H6534,Parmaschtha,1,1,1.000
OT,H6535,Parnac,1,1,1.000
OT,H6537,divisé,1,1,1.000
OT,H6542,Perse,1,1,1.000
OT,H655,à propos,1,1,1.000
OT,H6552,Pirathon,1,1,1.000
OT,H6558,Péretsites,1,1,1.000
OT,H6559,Peratsim,1,1,1.000
OT,H6564,mets impurs,1,1,1.000
OT,H6570,Péresch,1,1,1.000
OT,H6577,Parschandatha,1,1,1.000
OT,H6580,crime,1,1,1.000
OT,H6587,pas,1,1,1.000
OT,H659,néant,1,1,1.000
OT,H6602,Pethuel,1,1,1.000
OT,H6608,révélation,1,1,1.000
OT,H6609,épée nue,1,1,1.000
OT,H6614,large manteau,1,1,1.000
OT,H6619,Pithom,1,1,1.000
OT,H6630,Tsaanan,1,1,1.000
OT,H6637,Hatsobéba,1,1,1.000
OT,H664,Aphéka,1,1,1.000
OT,H6644,Tsibja,1,1,1.000
OT,H6652,tas,1,1,1.000
OT,H6653,gerbes,1,1,1.000
OT,H6656,propos délibéré,1,1,1.000
OT,H6661,Tsiddim,1,1,1.000
OT,H6665,justice,1,1,1.000
OT,H6676,cou,1,1,1.000
OT,H668,litière,1,1,1.000
OT,H6683,abîme,1,1,1.000
OT,H6700,Tsuriel,1,1,1.000
OT,H6709,puanteur,1,1,1.000
OT,H671,Arpharsathac,1,1,1.000
OT,H6710,lieu aride,1,1,1.000
OT,H6719,chasseur,1,1,1.000
OT,H6729,fers,1,1,1.000
OT,H6730,Tsior,1,1,1.000
OT,H6732,Tsits,1,1,1.000
OT,H6733,fleur,1,1,1.000
OT,H674,trésor,1,1,1.000
OT,H6745,poêle,1,1,1.000
OT,H6746,plat,1,1,1.000
OT,H6753,Hatselelponi,1,1,1.000
OT,H6764,Tsalaph,1,1,1.000
OT,H6766,Tseltsach,1,1,1.000
OT,H6799,Tsenan,1,1,1.000
OT,H6802,balle,1,1,1.000
OT,H6803,vase,1,1,1.000
OT,H6811,Tsaïr,1,1,1.000
OT,H6816,chérubins,1,1,1.000
OT,H6824,pays où tu nages,1,1,1.000
OT,H6827,Tsephon,1,1,1.000
OT,H6829,Tsaphon,1,1,1.000
OT,H6831,Tsephonites,1,1,1.000
OT,H6836,espérance,1,1,1.000
OT,H6837,Tsiphjon,1,1,1.000
OT,H6840,biens,1,1,1.000
OT,H6841,bouc,1,1,1.000
OT,H6844,garde,1,1,1.000
OT,H6849,rejeton,1,1,1.000
OT,H6851,saule,1,1,1.000
OT,H6857,Tsephath,1,1,1.000
OT,H6858,chapiteau,1,1,1.000
OT,H6859,Tsephata,1,1,1.000
OT,H6861,épi,1,1,1.000
OT,H6863,Tser,1,1,1.000
OT,H6871,Tserua,1,1,1.000
OT,H6874,Tseri,1,1,1.000
OT,H6878,besoin,1,1,1.000
OT,H688,escarboucle,1,1,1.000
OT,H6885,orfèvre,1,1,1.000
OT,H6888,Tseréra,1,1,1.000
OT,H6889,Tséreth,1,1,1.000
OT,H689,chèvre sauvage,1,1,1.000
OT,H6894,kab,1,1,1.000
OT,H6897,ventre,1,1,1.000
OT,H6898,tente,1,1,1.000
OT,H6899,foule,1,1,1.000
OT,H690,Ara,1,1,1.000
OT,H6904,bélier,1,1,1.000
OT,H6905,devant,1,1,1.000
OT,H691,héros,1,1,1.000
OT,H6911,Kibtsaïm,1,1,1.000
OT,H693,embûche,1,1,1.000
OT,H6935,Kadmoniens,1,1,1.000
OT,H694,Arab,1,1,1.000
OT,H6940,obscurité,1,1,1.000
OT,H696,piège,1,1,1.000
OT,H6965,lever,1,1,1.000
OT,H698,artifice,1,1,1.000
OT,H6984,Kuschaja,1,1,1.000
OT,H6987,destruction,1,1,1.000
OT,H6988,encens,1,1,1.000
OT,H6997,Hakkathan,1,1,1.000
OT,H6999,parfums,1,1,1.000
OT,H700,Arubboth,1,1,1.000
OT,H7000,voûtées,1,1,1.000
OT,H7002,encens,1,1,1.000
OT,H7003,Kitron,1,1,1.000
OT,H7005,Katthath,1,1,1.000
OT,H7009,richesses,1,1,1.000
OT,H7010,décret,1,1,1.000
OT,H7013,lance,1,1,1.000
OT,H7016,Kina,1,1,1.000
OT,H7029,Kischi,1,1,1.000
OT,H7040,Kallaï,1,1,1.000
OT,H7041,Kélaja,1,1,1.000
OT,H7048,moquerie,1,1,1.000
OT,H7051,frondeur,1,1,1.000
OT,H7053,tridents,1,1,1.000
OT,H7056,Kamon,1,1,1.000
OT,H7063,ronce,1,1,1.000
OT,H7087,froid,1,1,1.000
OT,H71,Abana,1,1,1.000
OT,H710,pourpre,1,1,1.000
OT,H7102,casse,1,1,1.000
OT,H7103,Ketsia,1,1,1.000
OT,H7104,Ketsits,1,1,1.000
OT,H7115,angoisse,1,1,1.000
OT,H7120,froid,1,1,1.000
OT,H715,Ardon,1,1,1.000
OT,H716,ardite,1,1,1.000
OT,H7171,destructeur,1,1,1.000
OT,H7173,Karkaa,1,1,1.000
OT,H7174,Karkor,1,1,1.000
OT,H7177,Kartha,1,1,1.000
OT,H7178,Karthan,1,1,1.000
OT,H7180,concombre,1,1,1.000
OT,H7190,opiniâtreté,1,1,1.000
OT,H720,Arod,1,1,1.000
OT,H7201,milan,1,1,1.000
OT,H7204,Haroé,1,1,1.000
OT,H7208,Réuma,1,1,1.000
OT,H7209,miroir,1,1,1.000
OT,H7220,Rosch,1,1,1.000
OT,H7226,chevet,1,1,1.000
OT,H7245,Rabbith,1,1,1.000
OT,H725,Aruma,1,1,1.000
OT,H726,Syrien,1,1,1.000
OT,H7269,tremblement,1,1,1.000
OT,H7276,Réguem,1,1,1.000
OT,H7277,troupe,1,1,1.000
OT,H7288,Raddaï,1,1,1.000
OT,H7295,hautains,1,1,1.000
OT,H7296,orgueil,1,1,1.000
OT,H7308,esprit,1,1,1.000
OT,H731,lambris de cèdre,1,1,1.000
OT,H7316,Ruma,1,1,1.000
OT,H7318,louange,1,1,1.000
OT,H7319,louange,1,1,1.000
OT,H7331,Rezon,1,1,1.000
OT,H7333,prince,1,1,1.000
OT,H7355,miséricorde,1,1,1.000
OT,H7357,Racham,1,1,1.000
OT,H7359,miséricorde,1,1,1.000
OT,H7361,jeune fille,1,1,1.000
OT,H7371,pelle,1,1,1.000
OT,H7374,effroi,1,1,1.000
OT,H7377,vapeurs,1,1,1.000
OT,H7382,odeur,1,1,1.000
OT,H7398,char,1,1,1.000
OT,H7403,Racal,1,1,1.000
OT,H7406,défilés étroits,1,1,1.000
OT,H742,Aridaï,1,1,1.000
OT,H7421,Syrien,1,1,1.000
OT,H7422,Ramia,1,1,1.000
OT,H743,Aridatha,1,1,1.000
OT,H7432,Rémeth,1,1,1.000
OT,H744,lion,1,1,1.000
OT,H7441,Rinna,1,1,1.000
OT,H7443,autruche,1,1,1.000
OT,H7449,Résen,1,1,1.000
OT,H745,Arié,1,1,1.000
OT,H747,Arizaï,1,1,1.000
OT,H7471,pâturage,1,1,1.000
OT,H7472,Réï,1,1,1.000
OT,H7478,étourdissement,1,1,1.000
OT,H7479,voile,1,1,1.000
OT,H7480,Reélaja,1,1,1.000
OT,H7483,crinière flottante,1,1,1.000
OT,H7485,Raamia,1,1,1.000
OT,H7500,santé,1,1,1.000
OT,H7501,Rephaël,1,1,1.000
OT,H7505,Raphu,1,1,1.000
OT,H7506,Réphach,1,1,1.000
OT,H7507,dossier,1,1,1.000
OT,H751,Érec,1,1,1.000
OT,H7513,radeau,1,1,1.000
OT,H7517,étable,1,1,1.000
OT,H7518,pièce,1,1,1.000
OT,H7525,Ritsja,1,1,1.000
OT,H7529,pierre chauffée,1,1,1.000
OT,H7542,Rakkon,1,1,1.000
OT,H7546,parfumeur,1,1,1.000
OT,H7547,aromates,1,1,1.000
OT,H7548,parfumeuse,1,1,1.000
OT,H7555,lame,1,1,1.000
OT,H7557,Rakkath,1,1,1.000
OT,H7558,autorisation,1,1,1.000
OT,H7566,Réscheph,1,1,1.000
OT,H7569,chaîne,1,1,1.000
OT,H7571,bouillon,1,1,1.000
OT,H7584,terreur,1,1,1.000
OT,H7591,ruine,1,1,1.000
OT,H7594,Scheal,1,1,1.000
OT,H7609,Schééra,1,1,1.000
OT,H7615,Sabéens,1,1,1.000
OT,H7629,Schobi,1,1,1.000
OT,H7634,Schocja,1,1,1.000
OT,H7636,filet,1,1,1.000
OT,H7638,treillis,1,1,1.000
OT,H764,Armoni,1,1,1.000
OT,H7640,jambe,1,1,1.000
OT,H7650,serment,1,1,1.000
OT,H7653,abondance,1,1,1.000
OT,H766,pin,1,1,1.000
OT,H7661,vertige,1,1,1.000
OT,H7665,estropiée,1,1,1.000
OT,H7669,Schéber,1,1,1.000
OT,H767,Oren,1,1,1.000
OT,H7671,Schebarim,1,1,1.000
OT,H7681,Schagué,1,1,1.000
OT,H7683,involontairement,1,1,1.000
OT,H77,Abets,1,1,1.000
OT,H770,Arnan,1,1,1.000
OT,H7703,ruine,1,1,1.000
OT,H7714,Schadrac,1,1,1.000
OT,H7717,témoin,1,1,1.000
OT,H7719,Schoham,1,1,1.000
OT,H7729,tranquillité,1,1,1.000
OT,H773,fond,1,1,1.000
OT,H7730,branches entrelacées,1,1,1.000
OT,H7733,Schobek,1,1,1.000
OT,H7746,Schucha,1,1,1.000
OT,H7748,Schucham,1,1,1.000
OT,H7750,conduite des pécheurs,1,1,1.000
OT,H7756,Sucathiens,1,1,1.000
OT,H7765,Schunites,1,1,1.000
OT,H777,Artsa,1,1,1.000
OT,H7773,cri,1,1,1.000
OT,H778,terre,1,1,1.000
OT,H7781,Schuphamite,1,1,1.000
OT,H7790,ennemi,1,1,1.000
OT,H7795,rangée,1,1,1.000
OT,H7796,Sorek,1,1,1.000
OT,H7798,Schavscha,1,1,1.000
OT,H7808,pensée,1,1,1.000
OT,H7815,noir,1,1,1.000
OT,H7816,fosse,1,1,1.000
OT,H7819,sacrifice,1,1,1.000
OT,H7827,ongle odorant,1,1,1.000
OT,H7839,jeunesse,1,1,1.000
OT,H7841,Schecharia,1,1,1.000
OT,H7842,Schacharaïm,1,1,1.000
OT,H7846,infidèles,1,1,1.000
OT,H7850,fouet,1,1,1.000
OT,H7855,accusation,1,1,1.000
OT,H7856,Sitna,1,1,1.000
OT,H7859,côté,1,1,1.000
OT,H7864,Scheja,1,1,1.000
OT,H7865,Sion,1,1,1.000
OT,H7866,Schion,1,1,1.000
OT,H7869,vieillesse,1,1,1.000
OT,H7871,séjour,1,1,1.000
OT,H7877,Schiza,1,1,1.000
OT,H7889,Simon,1,1,1.000
OT,H789,Aschbélites,1,1,1.000
OT,H7893,marbre,1,1,1.000
OT,H7894,Schischa,1,1,1.000
OT,H7899,épine,1,1,1.000
OT,H7905,dards,1,1,1.000
OT,H7906,Sécou,1,1,1.000
OT,H7907,intelligence,1,1,1.000
OT,H791,Aschbéa,1,1,1.000
OT,H7914,ce qui plaît à la vue,1,1,1.000
OT,H7915,couteau,1,1,1.000
OT,H7919,cantique,1,1,1.000
OT,H7929,épaule,1,1,1.000
OT,H793,torrent,1,1,1.000
OT,H7942,Schicron,1,1,1.000
OT,H7944,faute,1,1,1.000
OT,H7959,sécurité,1,1,1.000
OT,H7963,bonheur,1,1,1.000
OT,H7968,Schallum,1,1,1.000
OT,H7976,rameau,1,1,1.000
OT,H7978,Schilhim,1,1,1.000
OT,H7987,secret,1,1,1.000
OT,H7988,arrière-faix,1,1,1.000
OT,H7996,Schalléketh,1,1,1.000
OT,H800,feu,1,1,1.000
OT,H8005,vengeance,1,1,1.000
OT,H8009,Salmon,1,1,1.000
OT,H8011,rétribution,1,1,1.000
OT,H8012,Salmon,1,1,1.000
OT,H8015,Schelomi,1,1,1.000
OT,H8016,Schillémites,1,1,1.000
OT,H8020,Schalman,1,1,1.000
OT,H8021,présent,1,1,1.000
OT,H8023,Schiloni,1,1,1.000
OT,H8024,Schélanites,1,1,1.000
OT,H8028,Schélesch,1,1,1.000
OT,H8030,Schilscha,1,1,1.000
OT,H8031,Schalischa,1,1,1.000
OT,H8038,Schémeéber,1,1,1.000
OT,H8039,Schimea,1,1,1.000
OT,H8042,gauche,1,1,1.000
OT,H8043,Schimeam,1,1,1.000
OT,H8049,Schamehuth,1,1,1.000
OT,H8053,Schamir,1,1,1.000
OT,H8054,Schammoth,1,1,1.000
OT,H8062,Schemidaïtes,1,1,1.000
OT,H807,Aschima,1,1,1.000
OT,H8073,Schamlaï,1,1,1.000
OT,H8079,lézard,1,1,1.000
OT,H808,ruines,1,1,1.000
OT,H8090,Schema,1,1,1.000
OT,H8091,Schama,1,1,1.000
OT,H8094,Schemaa,1,1,1.000
OT,H810,testicule,1,1,1.000
OT,H8101,Schimeathiens,1,1,1.000
OT,H8103,opprobre,1,1,1.000
OT,H8108,garde,1,1,1.000
OT,H8115,Samarie,1,1,1.000
OT,H8116,Schimrith,1,1,1.000
OT,H8117,Schimronites,1,1,1.000
OT,H8118,Samaritains,1,1,1.000
OT,H8119,Schimrath,1,1,1.000
OT,H8125,Schamscheraï,1,1,1.000
OT,H8128,dent,1,1,1.000
OT,H8129,Schen,1,1,1.000
OT,H8134,Schineab,1,1,1.000
OT,H8137,Schénatsar,1,1,1.000
OT,H8139,sommeil,1,1,1.000
OT,H8153,sommeil,1,1,1.000
OT,H8167,Seïra,1,1,1.000
OT,H8171,Schaalim,1,1,1.000
OT,H8180,centuple,1,1,1.000
OT,H8188,Seorim,1,1,1.000
OT,H8190,Schaaschgaz,1,1,1.000
OT,H8194,fromage,1,1,1.000
OT,H820,abondance,1,1,1.000
OT,H8204,Schiphtan,1,1,1.000
OT,H8207,vipère,1,1,1.000
OT,H8208,Schaphir,1,1,1.000
OT,H8212,urètre,1,1,1.000
OT,H8223,Schapham,1,1,1.000
OT,H8224,Siphmoth,1,1,1.000
OT,H8225,Schepham,1,1,1.000
OT,H8228,abondance,1,1,1.000
OT,H8230,Schipheï,1,1,1.000
OT,H8233,belles paroles,1,1,1.000
OT,H8235,sérénité,1,1,1.000
OT,H8236,Schiphra,1,1,1.000
OT,H824,Eschean,1,1,1.000
OT,H8241,instant,1,1,1.000
OT,H8249,boisson,1,1,1.000
OT,H8253,repos,1,1,1.000
OT,H8260,ouverture,1,1,1.000
OT,H8279,crayon,1,1,1.000
OT,H828,Aschpenaz,1,1,1.000
OT,H8284,murailles,1,1,1.000
OT,H8285,bracelets,1,1,1.000
OT,H8287,Scharuchen,1,1,1.000
OT,H8298,Scharaï,1,1,1.000
OT,H8306,muscles,1,1,1.000
OT,H8309,champ,1,1,1.000
OT,H8315,Saraph,1,1,1.000
OT,H8325,Scharar,1,1,1.000
OT,H8329,Schéresch,1,1,1.000
OT,H8340,Scheschbatsar,1,1,1.000
OT,H8343,Schaschaï,1,1,1.000
OT,H8351,Seth,1,1,1.000
OT,H8363,plant,1,1,1.000
OT,H8364,Schutalchites,1,1,1.000
OT,H8369,Schéthar,1,1,1.000
OT,H8379,cime,1,1,1.000
OT,H8381,malédiction,1,1,1.000
OT,H8383,efforts,1,1,1.000
OT,H839,buis,1,1,1.000
OT,H8390,Thaeréa,1,1,1.000
OT,H8395,ruine,1,1,1.000
OT,H840,Asareel,1,1,1.000
OT,H8400,tache,1,1,1.000
OT,H8408,bienfait,1,1,1.000
OT,H8409,coup,1,1,1.000
OT,H841,Aschareéla,1,1,1.000
OT,H8417,folie,1,1,1.000
OT,H8418,chœurs,1,1,1.000
OT,H843,Asérite,1,1,1.000
OT,H8430,Thoach,1,1,1.000
OT,H8434,Tholad,1,1,1.000
OT,H8437,oppresseurs,1,1,1.000
OT,H8440,Tholaïtes,1,1,1.000
OT,H8448,manière,1,1,1.000
OT,H845,Asriélites,1,1,1.000
OT,H8455,dards,1,1,1.000
OT,H8459,Thohu,1,1,1.000
OT,H8461,Tachkemonite,1,1,1.000
OT,H8468,Thechinna,1,1,1.000
OT,H8470,Thachanites,1,1,1.000
OT,H8475,Thachréa,1,1,1.000
OT,H8477,Tahasch,1,1,1.000
OT,H848,Eschthaoliens,1,1,1.000
OT,H8482,bas,1,1,1.000
OT,H8488,Thémeni,1,1,1.000
OT,H8491,Thitsite,1,1,1.000
OT,H8493,Thirja,1,1,1.000
OT,H8499,trône,1,1,1.000
OT,H8501,oppresseur,1,1,1.000
OT,H8507,Thoken,1,1,1.000
OT,H8509,manteau,1,1,1.000
OT,H8514,terre aride,1,1,1.000
OT,H8516,vêtement,1,1,1.000
OT,H8517,neige,1,1,1.000
OT,H8520,Thélach,1,1,1.000
OT,H8522,carquois,1,1,1.000
OT,H8527,disciple,1,1,1.000
OT,H8534,boucles,1,1,1.000
OT,H856,Ethbaal,1,1,1.000
OT,H8564,poteaux,1,1,1.000
OT,H8565,crocodile,1,1,1.000
OT,H8589,humiliation,1,1,1.000
OT,H8592,puissance,1,1,1.000
OT,H8603,Tophel,1,1,1.000
OT,H8606,présomption,1,1,1.000
OT,H8611,objet de mépris,1,1,1.000
OT,H8619,trompette,1,1,1.000
OT,H8629,son,1,1,1.000
OT,H8634,Thareala,1,1,1.000
OT,H8635,rejetons,1,1,1.000
OT,H8642,portion,1,1,1.000
OT,H8644,remède,1,1,1.000
OT,H8647,Tirchana,1,1,1.000
OT,H8654,Thireathiens,1,1,1.000
OT,H866,salaire,1,1,1.000
OT,H8662,Tharthak,1,1,1.000
OT,H8665,tunique brodée,1,1,1.000
OT,H8667,dépôt,1,1,1.000
OT,H867,Éthni,1,1,1.000
OT,H8670,présent,1,1,1.000
OT,H869,Éthnan,1,1,1.000
OT,H871,Atharim,1,1,1.000
OT,H872,entrée,1,1,1.000
OT,H878,Beéra,1,1,1.000
OT,H880,Beéra,1,1,1.000
OT,H89,Agué,1,1,1.000
OT,H892,prunelle,1,1,1.000
OT,H897,proie,1,1,1.000
OT,H900,infidèles,1,1,1.000
OT,H903,Bigtha,1,1,1.000
OT,H912,Bédia,1,1,1.000
OT,H920,Bidkar,1,1,1.000
OT,H924,hâte,1,1,1.000
OT,H94,Agur,1,1,1.000
OT,H941,Buzi,1,1,1.000
OT,H942,Bavvaï,1,1,1.000
OT,H945,Bul,1,1,1.000
OT,H946,Buna,1,1,1.000
OT,H949,Botsets,1,1,1.000
OT,H951,berger,1,1,1.000
OT,H96,goutte,1,1,1.000
OT,H963,mépris,1,1,1.000
OT,H964,Bizjothja,1,1,1.000
OT,H968,Biztha,1,1,1.000
OT,H969,forteresse,1,1,1.000
OT,H97,Églaïm,1,1,1.000
OT,H972,élu,1,1,1.000
OT,H975,tour,1,1,1.000
OT,H976,pierre éprouvée,1,1,1.000
OT,H984,Béthach,1,1,1.000
OT,H985,confiance,1,1,1.000
OT,H987,sécurité,1,1,1.000
OT,H991,Béthen,1,1,1.000
OT,H993,Bethonim,1,1,1.000
