testament,strongs,default_rendering,occurrences,riv_contains_default,agreement
OT,H5712,congregazione,149,0,0.000
OT,H8002,sacrificio di pace,87,0,0.000
OT,H801,sacrificio,65,0,0.000
OT,H4791,altezza,54,0,0.000
OT,H8504,azzurro,49,0,0.000
OT,H5038,carcassa,48,0,0.000
OT,H7628,prigionia,47,0,0.000
OT,H817,sacrificio per la colpa,46,0,0.000
OT,H5331,perpetuità,43,0,0.000
OT,H4631,grotta,40,0,0.000
OT,H842,Asera,40,0,0.000
OT,H1767,sufficienza,39,0,0.000
OT,H4393,pienezza,38,0,0.000
OT,H3715,giovane leone,32,0,0.000
OT,H5980,accanto,32,0,0.000
OT,H6486,visita,32,0,0.000
OT,H8251,abominio,28,0,0.000
OT,H361,portico,27,0,0.000
OT,H7701,distruzione,25,0,0.000
OT,H8467,supplica,25,0,0.000
NT,G2226,essere vivente,23,0,0.000
OT,H6522,Perizzita,23,0,0.000
OT,H7810,tangente,23,0,0.000
OT,H8462,inizio,23,0,0.000
OT,H4138,paese natio,22,0,0.000
OT,H7433,Ramot di Galaad,21,0,0.000
OT,H4120,velocità,20,0,0.000
OT,H4634,schieramento,20,0,0.000
NT,G1092,contadino,19,0,0.000
OT,H1576,ricompensa,19,0,0.000
OT,H2532,desiderio,18,0,0.000
OT,H8032,tempo passato,18,0,0.000
OT,H8469,supplica,18,0,0.000
OT,H178,spirito familiare,17,0,0.000
OT,H2420,indovinello,17,0,0.000
OT,H4801,lontananza,17,0,0.000
NT,G2584,Cafarnao,16,0,0.000
OT,H3342,torchio,16,0,0.000
OT,H4372,copertura,16,0,0.000
OT,H6218,strumento a dieci corde,16,0,0.000
OT,H7639,reticolo,16,0,0.000
NT,G1636,olivo,15,0,0.000
OT,H4394,pietre per l'efod e il pettorale,15,0,0.000
OT,H4736,acquisto,15,0,0.000
OT,H5536,cesto,15,0,0.000
OT,H6154,ordito,15,0,0.000
OT,H6860,Ziclag,15,0,0.000
OT,H6956,Cheatita,15,0,0.000
OT,H7420,giavellotto,15,0,0.000
OT,H8655,terafim,15,0,0.000
NT,G3088,lucerna,14,0,0.000
NT,G3464,olio profumato,14,0,0.000
NT,G5519,maiale,14,0,0.000
OT,H1339,Betsabea,14,0,0.000
OT,H1714,stendardo,14,0,0.000
OT,H4383,pietra d'inciampo,14,0,0.000
NT,G1404,drago,13,0,0.000
NT,G2326,messe,13,0,0.000
OT,H4270,mancanza,13,0,0.000
OT,H4878,apostasia,13,0,0.000
OT,H6382,meraviglia,13,0,0.000
OT,H7017,Chenita,13,0,0.000
OT,H7822,foruncolo,13,0,0.000
OT,H8316,bruciamento,13,0,0.000
NT,G1067,inferno,12,0,0.000
NT,G3617,padrone di casa,12,0,0.000
NT,G4204,prostituta,12,0,0.000
OT,H2714,ricerca,12,0,0.000
OT,H2742,trebbiatrice,12,0,0.000
OT,H8454,saggezza,12,0,0.000
OT,H4763,capo del letto,11,0,0.000
OT,H632,vincolo,11,0,0.000
OT,H6603,incisione,11,0,0.000
OT,H6631,prole,11,0,0.000
NT,G3925,fortezza,10,0,0.000
OT,H1663,Gatteo,10,0,0.000
OT,H4916,invio,10,0,0.000
OT,H7158,Cariath-Sanna,10,0,0.000
OT,H7165,uncino,10,0,0.000
OT,H8307,ostinazione,10,0,0.000
OT,H919,fessura,10,0,0.000
NT,G1137,angolo,9,0,0.000
NT,G2801,frammento,9,0,0.000
NT,G4749,veste,9,0,0.000
NT,G5040,piccolino,9,0,0.000
OT,H2966,preda sbranata,9,0,0.000
OT,H3257,pala,9,0,0.000
OT,H3324,Izhar,9,0,0.000
OT,H4079,contesa,9,0,0.000
OT,H4340,corda,9,0,0.000
OT,H7902,rapporto carnale,9,0,0.000
OT,H8359,ordito,9,0,0.000
NT,G1025,infante,8,0,0.000
NT,G5034,velocità,8,0,0.000
OT,H1022,Betlemmita,8,0,0.000
OT,H3148,eccedenza,8,0,0.000
OT,H3199,Iachin,8,0,0.000
OT,H4022,frutto delizioso,8,0,0.000
OT,H4241,sostentamento,8,0,0.000
OT,H4303,vivanda squisita,8,0,0.000
OT,H4411,alloggio,8,0,0.000
OT,H4456,pioggia tardiva,8,0,0.000
OT,H4671,loppa,8,0,0.000
OT,H5957,eternità,8,0,0.000
NT,G1030,stridore,7,0,0.000
NT,G2848,grano,7,0,0.000
NT,G543,disobbedienza,7,0,0.000
OT,H1460,corpo,7,0,0.000
OT,H1517,tendine,7,0,0.000
OT,H1979,cammino,7,0,0.000
OT,H2113,tremore,7,0,0.000
OT,H234,memoriale,7,0,0.000
OT,H3449,Ishia,7,0,0.000
OT,H406,contadino,7,0,0.000
OT,H4823,calpestio,7,0,0.000
OT,H5278,piacevolezza,7,0,0.000
OT,H5801,merce,7,0,0.000
OT,H5959,vergine,7,0,0.000
OT,H6472,campanello,7,0,0.000
OT,H6569,sterco,7,0,0.000
OT,H7147,contrarietà,7,0,0.000
OT,H7267,tremore,7,0,0.000
OT,H8333,catena,7,0,0.000
OT,H8621,Tecoi,7,0,0.000
NT,G3308,ansia,6,0,0.000
NT,G3667,somiglianza,6,0,0.000
NT,G3744,fragranza,6,0,0.000
NT,G4082,bisaccia,6,0,0.000
NT,G4234,azione,6,0,0.000
NT,G5360,amore fraterno,6,0,0.000
NT,G946,abominio,6,0,0.000
OT,H1674,ansia,6,0,0.000
OT,H1785,fortezza,6,0,0.000
OT,H2227,Zarchita,6,0,0.000
OT,H2445,saggio,6,0,0.000
OT,H2531,desiderabile,6,0,0.000
OT,H3127,germoglio,6,0,0.000
OT,H3882,leviatano,6,0,0.000
OT,H4387,Michtam,6,0,0.000
OT,H4457,mollesse,6,0,0.000
OT,H4800,luogo spazioso,6,0,0.000
OT,H4968,Matusalemme,6,0,0.000
OT,H5450,lavori forzati,6,0,0.000
OT,H5572,cespuglio,6,0,0.000
OT,H6927,antichità,6,0,0.000
OT,H7039,grano abbrustolito,6,0,0.000
OT,H724,salute,6,0,0.000
OT,H737,vitto,6,0,0.000
OT,H7400,calunniatore,6,0,0.000
OT,H7711,arsione,6,0,0.000
OT,H7860,sorvegliante,6,0,0.000
OT,H796,Ashdodei,6,0,0.000
OT,H827,faretra,6,0,0.000
OT,H8556,Timnat-Serach,6,0,0.000
OT,H8598,mela,6,0,0.000
OT,H907,menzogna,6,0,0.000
NT,G1049,tesoreria,5,0,0.000
NT,G20,esultanza,5,0,0.000
NT,G2399,persona ignorante,5,0,0.000
NT,G2759,pungiglione,5,0,0.000
NT,G285,sabbia,5,0,0.000
NT,G2861,piscina,5,0,0.000
NT,G3025,torchio,5,0,0.000
NT,G3608,bende di lino,5,0,0.000
NT,G4047,possessione,5,0,0.000
NT,G4411,posto d'onore,5,0,0.000
NT,G4430,cadavere,5,0,0.000
NT,G4615,senape,5,0,0.000
NT,G5445,impasto,5,0,0.000
NT,G5475,bronzo,5,0,0.000
NT,G942,rovo,5,0,0.000
OT,H1010,Bet-Baal-Meon,5,0,0.000
OT,H1252,purezza,5,0,0.000
OT,H1660,torchio,5,0,0.000
OT,H1690,massa di fichi secchi,5,0,0.000
OT,H1843,conoscenza,5,0,0.000
OT,H1927,maestà,5,0,0.000
OT,H2027,strage,5,0,0.000
OT,H2028,strage,5,0,0.000
OT,H2496,selce,5,0,0.000
OT,H266,Acochita,5,0,0.000
OT,H2843,Ushatita,5,0,0.000
OT,H3215,ululato,5,0,0.000
OT,H329,spina,5,0,0.000
OT,H3384,insegnante,5,0,0.000
OT,H3675,compagno,5,0,0.000
OT,H3908,incantesimo,5,0,0.000
OT,H4212,forbici,5,0,0.000
OT,H4348,ustione,5,0,0.000
OT,H4612,posizione,5,0,0.000
OT,H4768,moltitudine,5,0,0.000
OT,H5007,bestemmia,5,0,0.000
OT,H529,testimone fedele,5,0,0.000
OT,H5599,crescita spontanea,5,0,0.000
OT,H6446,veste variopinta,5,0,0.000
OT,H6675,immondizia,5,0,0.000
OT,H6689,Zofai,5,0,0.000
OT,H6706,luogo elevato,5,0,0.000
OT,H6826,rivestimento,5,0,0.000
OT,H7024,Chir,5,0,0.000
OT,H7538,marciume,5,0,0.000
OT,H7747,Shuhita,5,0,0.000
OT,H886,Beerotita,5,0,0.000
NT,G1349,punizione,4,0,0.000
NT,G1466,autocontrollo,4,0,0.000
NT,G1915,pezza,4,0,0.000
NT,G1917,congiura,4,0,0.000
NT,G1984,ufficio di vescovo,4,0,0.000
NT,G22,non sposato,4,0,0.000
NT,G2438,cinturino,4,0,0.000
NT,G2963,signoria,4,0,0.000
NT,G3001,ortaggio,4,0,0.000
NT,G4505,vicolo,4,0,0.000
NT,G4791,compartecipe,4,0,0.000
NT,G5009,camera segreta,4,0,0.000
NT,G5253,camera superiore,4,0,0.000
NT,G5596,bocconcino,4,0,0.000
NT,G909,lavaggio,4,0,0.000
OT,H1030,Bet-semesita,4,0,0.000
OT,H1057,albero di baca,4,0,0.000
OT,H1372,calvizie,4,0,0.000
OT,H1488,vello,4,0,0.000
OT,H1561,stereo,4,0,0.000
OT,H1824,silenzio,4,0,0.000
OT,H2279,congiunzione,4,0,0.000
OT,H2393,forza,4,0,0.000
OT,H2570,quinto,4,0,0.000
OT,H2688,Hazezon-Tamar,4,0,0.000
OT,H2799,intaglio,4,0,0.000
OT,H2837,desiderio,4,0,0.000
OT,H2935,cesta,4,0,0.000
OT,H3205,parto,4,0,0.000
OT,H3227,destra,4,0,0.000
OT,H3258,Iabez,4,0,0.000
OT,H3514,pesantezza,4,0,0.000
OT,H3610,miscuglio,4,0,0.000
OT,H4030,dono prezioso,4,0,0.000
OT,H4374,copertura,4,0,0.000
OT,H4656,idolo,4,0,0.000
OT,H4693,fortezza,4,0,0.000
OT,H4734,intaglio,4,0,0.000
OT,H4928,guardia,4,0,0.000
OT,H4974,salute,4,0,0.000
OT,H5215,maggese,4,0,0.000
OT,H5342,germoglio,4,0,0.000
OT,H5442,boscaglia,4,0,0.000
OT,H5466,leno fine,4,0,0.000
OT,H5504,mercanzia,4,0,0.000
OT,H5755,Ava,4,0,0.000
OT,H5939,tenebre,4,0,0.000
OT,H594,filo a piombo,4,0,0.000
OT,H5975,posizione,4,0,0.000
OT,H6182,impasto,4,0,0.000
OT,H6302,redento,4,0,0.000
OT,H6521,abitante delle campagne,4,0,0.000
OT,H6621,improvviso,4,0,0.000
OT,H6777,chioma,4,0,0.000
OT,H6978,misurato,4,0,0.000
OT,H7062,manciata,4,0,0.000
OT,H7146,calvizie,4,0,0.000
OT,H7182,attenzione,4,0,0.000
OT,H7239,diecimila,4,0,0.000
OT,H7248,Rab-mag,4,0,0.000
OT,H7258,giaciglio,4,0,0.000
OT,H7445,canto di gioia,4,0,0.000
OT,H7675,soggiorno,4,0,0.000
OT,H7802,Shushan-Eduth,4,0,0.000
OT,H7843,distruzione,4,0,0.000
OT,H7903,giacimento,4,0,0.000
OT,H8424,tristezza,4,0,0.000
OT,H8513,fatica,4,0,0.000
OT,H8622,fine dell'anno,4,0,0.000
NT,G1038,conciatore,3,0,0.000
NT,G1055,calma,3,0,0.000
NT,G1290,diaspora,3,0,0.000
NT,G1406,dracma,3,0,0.000
NT,G161,cattività,3,0,0.000
NT,G2175,fragranza,3,0,0.000
NT,G2506,distruzione,3,0,0.000
NT,G2646,stanza degli ospiti,3,0,0.000
NT,G2742,calura,3,0,0.000
NT,G2824,regione,3,0,0.000
NT,G2855,cambiavalute,3,0,0.000
NT,G2911,dirupo,3,0,0.000
NT,G2978,tempesta,3,0,0.000
NT,G3321,mezzo del cielo,3,0,0.000
NT,G3422,memoriale,3,0,0.000
NT,G3426,mogio,3,0,0.000
NT,G3492,marinaio,3,0,0.000
NT,G3547,maestro della legge,3,0,0.000
NT,G3559,ammonimento,3,0,0.000
NT,G3786,profitto,3,0,0.000
NT,G3799,aspetto,3,0,0.000
NT,G3833,armatura completa,3,0,0.000
NT,G3876,disobbedienza,3,0,0.000
NT,G4244,collegio degli anziani,3,0,0.000
NT,G4451,incendio,3,0,0.000
NT,G4457,indurimento,3,0,0.000
NT,G4772,parentela,3,0,0.000
NT,G4803,disputa,3,0,0.000
NT,G5058,banco delle imposte,3,0,0.000
NT,G5196,insulto,3,0,0.000
NT,G5201,brocca,3,0,0.000
NT,G5441,guardiano,3,0,0.000
OT,H1094,stracci vecchi,3,0,0.000
OT,H1279,vivanda,3,0,0.000
OT,H1458,schiena,3,0,0.000
OT,H1462,cavalletta,3,0,0.000
OT,H1501,bruco divoratore,3,0,0.000
OT,H1578,ricompensa,3,0,0.000
OT,H1827,silenzio,3,0,0.000
OT,H1943,rovina,3,0,0.000
OT,H2123,bestia selvatica,3,0,0.000
OT,H2176,canto,3,0,0.000
OT,H2288,fenditura,3,0,0.000
OT,H2329,cerchio,3,0,0.000
OT,H2695,Hezro,3,0,0.000
OT,H3138,prima pioggia,3,0,0.000
OT,H3277,capra selvatica,3,0,0.000
OT,H3401,avversario,3,0,0.000
OT,H3646,cumino,3,0,0.000
OT,H3649,sacerdote idolatra,3,0,0.000
OT,H3726,Chefarhaamonai,3,0,0.000
OT,H3746,Cheretei,3,0,0.000
OT,H3758,cremisi,3,0,0.000
OT,H3982,comandamento,3,0,0.000
OT,H4002,fontana,3,0,0.000
OT,H4126,venuta,3,0,0.000
OT,H4173,trebbiatore,3,0,0.000
OT,H418,legno di algum,3,0,0.000
OT,H4274,pietra tagliata,3,0,0.000
OT,H4330,spremitura,3,0,0.000
OT,H4377,merce,3,0,0.000
OT,H4395,pienezza,3,0,0.000
OT,H4556,scabbia,3,0,0.000
OT,H484,legno di almug,3,0,0.000
OT,H4842,unguento,3,0,0.000
OT,H4894,stendimento,3,0,0.000
OT,H4973,dente molare,3,0,0.000
OT,H5108,frutto,3,0,0.000
OT,H5209,discendenza,3,0,0.000
OT,H5350,pane ammuffito,3,0,0.000
OT,H5373,spigonardo,3,0,0.000
OT,H5448,peso,3,0,0.000
OT,H5499,cencio,3,0,0.000
OT,H5505,mercanzia,3,0,0.000
OT,H5563,grappolo acerbo,3,0,0.000
OT,H5659,servitù,3,0,0.000
OT,H5754,rovina,3,0,0.000
OT,H6060,collana,3,0,0.000
OT,H6107,Asem,3,0,0.000
OT,H6497,pomo,3,0,0.000
OT,H6503,Parbar,3,0,0.000
OT,H6632,carro coperto,3,0,0.000
OT,H6761,zoppicamento,3,0,0.000
OT,H6774,siccità,3,0,0.000
OT,H7076,cannella,3,0,0.000
OT,H7083,calamaio,3,0,0.000
OT,H712,scrigno,3,0,0.000
OT,H7192,pezzo d'argento,3,0,0.000
OT,H7293,Racab,3,0,0.000
OT,H7459,carestia,3,0,0.000
OT,H7674,cessazione,3,0,0.000
OT,H7720,ornamento lunare,3,0,0.000
OT,H7908,privazione dei figli,3,0,0.000
OT,H7924,intelligenza,3,0,0.000
OT,H7964,dono,3,0,0.000
OT,H8157,fessura,3,0,0.000
OT,H8168,cavo della mano,3,0,0.000
OT,H8321,vite scelta,3,0,0.000
OT,H8540,meraviglia,3,0,0.000
OT,H8563,amaritudine,3,0,0.000
OT,H8604,follia,3,0,0.000
OT,H885,Beerot dei figli di Iaacan,3,0,0.000
OT,H889,puzza,3,0,0.000
NT,G1015,collina,2,0,0.000
NT,G115,annullamento,2,0,0.000
NT,G127,rispetto,2,0,0.000
NT,G1296,ordinanza,2,0,0.000
NT,G1393,Dorcas,2,0,0.000
NT,G1545,esito,2,0,0.000
NT,G1650,prova,2,0,0.000
NT,G1997,radunamento,2,0,0.000
NT,G1999,insurrezione,2,0,0.000
NT,G2024,approvvigionamento,2,0,0.000
NT,G213,spaccone,2,0,0.000
NT,G2167,gioia,2,0,0.000
NT,G2365,figliolina,2,0,0.000
NT,G2415,abitante di Gerusalemme,2,0,0.000
NT,G2485,pesciolino,2,0,0.000
NT,G2692,rovina,2,0,0.000
NT,G2697,possesso,2,0,0.000
NT,G2800,rottura,2,0,0.000
NT,G2826,lettino,2,0,0.000
NT,G293,rete da getto,2,0,0.000
NT,G2942,timoniere,2,0,0.000
NT,G3012,asciugamano,2,0,0.000
NT,G3388,utero,2,0,0.000
NT,G3615,membro della famiglia,2,0,0.000
NT,G3787,servilismo,2,0,0.000
NT,G3810,istruttore,2,0,0.000
NT,G3984,prova,2,0,0.000
NT,G3989,profondità,2,0,0.000
NT,G4173,magistrato cittadino,2,0,0.000
NT,G4197,viaggio,2,0,0.000
NT,G4242,ambasceria,2,0,0.000
NT,G4307,provvidenza,2,0,0.000
NT,G4329,attesa,2,0,0.000
NT,G4465,littore,2,0,0.000
NT,G4470,straccio,2,0,0.000
NT,G454,follia,2,0,0.000
NT,G465,cambio,2,0,0.000
NT,G468,ricompensa,2,0,0.000
NT,G5016,turbamento,2,0,0.000
NT,G508,sala superiore,2,0,0.000
NT,G5102,titolo,2,0,0.000
NT,G513,ascia,2,0,0.000
NT,G5146,tribolo,2,0,0.000
NT,G5363,amore per gli uomini,2,0,0.000
NT,G5424,mente,2,0,0.000
NT,G5428,prudenza,2,0,0.000
NT,G5462,luce,2,0,0.000
NT,G5469,briglia,2,0,0.000
NT,G5474,rame terso,2,0,0.000
NT,G5511,mantello,2,0,0.000
NT,G582,registrazione,2,0,0.000
NT,G594,accoglienza,2,0,0.000
NT,G595,rimozione,2,0,0.000
NT,G603,attesa ansiosa,2,0,0.000
NT,G61,pesca,2,0,0.000
NT,G619,godimento,2,0,0.000
NT,G65,olivo selvatico,2,0,0.000
NT,G838,crescita,2,0,0.000
NT,G841,autosufficienza,2,0,0.000
NT,G996,aiuto,2,0,0.000
OT,H1017,Betelita,2,0,0.000
OT,H1048,Bet-Passez,2,0,0.000
OT,H1063,primizia,2,0,0.000
OT,H1133,Ben-Hur,2,0,0.000
OT,H1175,Bealot,2,0,0.000
OT,H1184,Baalè di Giuda,2,0,0.000
OT,H1213,Bazlut,2,0,0.000
OT,H1232,Bucchia,2,0,0.000
OT,H1370,potenza,2,0,0.000
OT,H1376,signore,2,0,0.000
OT,H1383,estremità,2,0,0.000
OT,H1409,truppa,2,0,0.000
OT,H1484,cucciolo,2,0,0.000
OT,H150,dramma,2,0,0.000
OT,H1506,parte,2,0,0.000
OT,H1511,Ghezrita,2,0,0.000
OT,H1643,grano pestato,2,0,0.000
OT,H1781,giudice,2,0,0.000
OT,H1812,stillicidio,2,0,0.000
OT,H1863,cardo,2,0,0.000
OT,H1883,erba tenera,2,0,0.000
OT,H193,vigore,2,0,0.000
OT,H1982,viandante,2,0,0.000
OT,H1999,fragore,2,0,0.000
OT,H2106,angolo,2,0,0.000
OT,H2231,flusso,2,0,0.000
OT,H2264,abbraccio,2,0,0.000
OT,H2379,visione,2,0,0.000
OT,H2481,gioiello,2,0,0.000
OT,H2510,Halak,2,0,0.000
OT,H2551,pietà,2,0,0.000
OT,H2680,metà dei Manaetiti,2,0,0.000
OT,H2684,grembo,2,0,0.000
OT,H2694,Asor-Hatticon,2,0,0.000
OT,H2733,Harodita,2,0,0.000
OT,H2741,Carufita,2,0,0.000
OT,H2747,stilo,2,0,0.000
OT,H2754,borsellino,2,0,0.000
OT,H2755,stereo di colombi,2,0,0.000
OT,H2872,ombelico,2,0,0.000
OT,H3071,L'Eterno è la mia bandiera,2,0,0.000
OT,H3160,Ieubbà,2,0,0.000
OT,H3165,Ieddeia,2,0,0.000
OT,H3260,Iddo,2,0,0.000
OT,H3265,Iair,2,0,0.000
OT,H3279,Iaala,2,0,0.000
OT,H3294,Iara,2,0,0.000
OT,H3299,Iaasu,2,0,0.000
OT,H3329,usciti,2,0,0.000
OT,H3349,ubbidienza,2,0,0.000
OT,H3356,Iachim,2,0,0.000
OT,H3361,Iocmeam,2,0,0.000
OT,H3371,Iocteel,2,0,0.000
OT,H3376,Irijah,2,0,0.000
OT,H3392,Ierach,2,0,0.000
OT,H3424,possedimento,2,0,0.000
OT,H3460,Ismaia,2,0,0.000
OT,H3502,abbondanza,2,0,0.000
OT,H3555,ustione,2,0,0.000
OT,H3571,Etiope,2,0,0.000
OT,H3576,menzogna,2,0,0.000
OT,H3622,Cheluhai,2,0,0.000
OT,H3624,vecchiaia,2,0,0.000
OT,H3631,consumzione,2,0,0.000
OT,H3674,compagno,2,0,0.000
OT,H3681,copertura,2,0,0.000
OT,H3720,carestia,2,0,0.000
OT,H3743,Cherubino,2,0,0.000
OT,H3792,scrittura,2,0,0.000
OT,H3858,incantesimo,2,0,0.000
OT,H3880,ornamento,2,0,0.000
OT,H3951,spigolatura,2,0,0.000
OT,H3955,umidità,2,0,0.000
OT,H3980,combustibile,2,0,0.000
OT,H3983,parola,2,0,0.000
OT,H4027,Migdal-El,2,0,0.000
OT,H4034,paura,2,0,0.000
OT,H4112,colpo,2,0,0.000
OT,H4168,focolare,2,0,0.000
OT,H4191,morte,2,0,0.000
OT,H4192,Muthlabben,2,0,0.000
OT,H4203,cibo,2,0,0.000
OT,H4214,vaglio,2,0,0.000
OT,H4251,malattia,2,0,0.000
OT,H4257,Mahalat,2,0,0.000
OT,H4259,Mecolatita,2,0,0.000
OT,H4262,cosa piacevole,2,0,0.000
OT,H4265,Accampamento di Dan,2,0,0.000
OT,H4358,pompa,2,0,0.000
OT,H4384,pietra d'inciampo,2,0,0.000
OT,H4418,stracci marci,2,0,0.000
OT,H4469,vino mescolato,2,0,0.000
OT,H4489,tempo,2,0,0.000
OT,H4491,guida,2,0,0.000
OT,H4545,ordito,2,0,0.000
OT,H4551,pietra da cava,2,0,0.000
OT,H4555,velo,2,0,0.000
OT,H4580,torta,2,0,0.000
OT,H4669,apertura,2,0,0.000
OT,H4707,torre di guardia,2,0,0.000
OT,H4769,tana,2,0,0.000
OT,H4824,Meronotita,2,0,0.000
OT,H4862,desiderio,2,0,0.000
OT,H4876,desolazione,2,0,0.000
OT,H4893,deturpamento,2,0,0.000
OT,H4895,odio,2,0,0.000
OT,H4951,governo,2,0,0.000
OT,H4955,bruciamento,2,0,0.000
OT,H4965,Metheg-Amma,2,0,0.000
OT,H4967,Metusael,2,0,0.000
OT,H5109,Nobai,2,0,0.000
OT,H5170,narici,2,0,0.000
OT,H5173,incantesimo,2,0,0.000
OT,H5174,bronzo,2,0,0.000
OT,H5349,pastore di pecore,2,0,0.000
OT,H5363,scuotimento,2,0,0.000
OT,H5366,fenditura,2,0,0.000
OT,H5491,fine,2,0,0.000
OT,H5597,crosta,2,0,0.000
OT,H5607,sufficienza,2,0,0.000
OT,H5673,servizio,2,0,0.000
OT,H5694,orecchino,2,0,0.000
OT,H5704,fino a,2,0,0.000
OT,H5759,bambino,2,0,0.000
OT,H5764,lattante,2,0,0.000
OT,H5824,sigillo,2,0,0.000
OT,H5855,Atrot-Shofan,2,0,0.000
OT,H5864,Iim,2,0,0.000
OT,H5878,fonte di Harod,2,0,0.000
OT,H5890,oscurità,2,0,0.000
OT,H5914,ornamento tintinnante,2,0,0.000
OT,H5958,giovane,2,0,0.000
OT,H5961,Alamot,2,0,0.000
OT,H6066,punizione,2,0,0.000
OT,H6112,Eznita,2,0,0.000
OT,H6139,Ecronita,2,0,0.000
OT,H6161,pegno,2,0,0.000
OT,H6277,arroganza,2,0,0.000
OT,H6289,nerore,2,0,0.000
OT,H6294,occasione,2,0,0.000
OT,H6333,torchio,2,0,0.000
OT,H6518,villaggio,2,0,0.000
OT,H6520,villaggio,2,0,0.000
OT,H6546,vendetta,2,0,0.000
OT,H6599,decreto,2,0,0.000
OT,H6610,apertura,2,0,0.000
OT,H6660,agguato,2,0,0.000
OT,H6742,focaccia,2,0,0.000
OT,H6783,perpetuità,2,0,0.000
OT,H6786,Zemarita,2,0,0.000
OT,H6832,stereo bovino,2,0,0.000
OT,H685,bracciale,2,0,0.000
OT,H6907,feccia,2,0,0.000
OT,H6929,Chedema,2,0,0.000
OT,H6952,assemblea,2,0,0.000
OT,H6977,ciocca,2,0,0.000
OT,H6980,ragnatela,2,0,0.000
OT,H7118,parte,2,0,0.000
OT,H7132,avvicinamento,2,0,0.000
OT,H7163,Cheren-Appuc,2,0,0.000
OT,H7166,caviglia,2,0,0.000
OT,H7196,acconciatura,2,0,0.000
OT,H7305,spazio,2,0,0.000
OT,H7310,abbondanza,2,0,0.000
OT,H7334,magrezza,2,0,0.000
OT,H7338,larghezza,2,0,0.000
OT,H7383,grano pestato,2,0,0.000
OT,H739,leoni di Moab,2,0,0.000
OT,H7418,Ramot del sud,2,0,0.000
OT,H7545,unguento,2,0,0.000
OT,H7572,catena,2,0,0.000
OT,H760,Aram-Tsoba,2,0,0.000
OT,H7610,Shear-Iasub,2,0,0.000
OT,H7670,rovina,2,0,0.000
OT,H7823,crescita spontanea,2,0,0.000
OT,H7886,Silo,2,0,0.000
OT,H7916,salariato,2,0,0.000
OT,H7975,Siloam,2,0,0.000
OT,H8078,stupore,2,0,0.000
OT,H8107,veglia,2,0,0.000
OT,H8162,misto di lana e lino,2,0,0.000
OT,H8166,capretta,2,0,0.000
OT,H8211,luogo del ceneraio,2,0,0.000
OT,H829,pezzo di carne,2,0,0.000
OT,H8292,fischio,2,0,0.000
OT,H8350,vermiglione,2,0,0.000
OT,H8382,gemello,2,0,0.000
OT,H8386,lutto,2,0,0.000
OT,H8391,bosso,2,0,0.000
OT,H8411,continuità,2,0,0.000
OT,H8506,misura,2,0,0.000
OT,H8541,stupore,2,0,0.000
OT,H8651,porta,2,0,0.000
OT,H891,uva selvatica,2,0,0.000
NT,G100,abbondanza,1,0,0.000
NT,G1002,dardo,1,0,0.000
NT,G1022,lentezza,1,0,0.000
NT,G1086,Gergeseno,1,0,0.000
NT,G1087,senato,1,0,0.000
NT,G1098,vino nuovo,1,0,0.000
NT,G1102,lavandaio,1,0,0.000
NT,G1105,caligine,1,0,0.000
NT,G1109,conoscitore,1,0,0.000
NT,G1133,donnetta,1,0,0.000
NT,G1160,costo,1,0,0.000
NT,G1167,paura,1,0,0.000
NT,G1292,spazio,1,0,0.000
NT,G130,effusione di sangue,1,0,0.000
NT,G1305,cibo,1,0,0.000
NT,G1327,strada maestra,1,0,0.000
NT,G135,enigma,1,0,0.000
NT,G1420,dissenterìa,1,0,0.000
NT,G1426,cattiva reputazione,1,0,0.000
NT,G1456,dedica,1,0,0.000
NT,G1475,terreno,1,0,0.000
NT,G1477,fondamento,1,0,0.000
NT,G1481,etnarca,1,0,0.000
NT,G1493,tempio degli idoli,1,0,0.000
NT,G151,turpitudine,1,0,0.000
NT,G1546,getto a mare,1,0,0.000
NT,G16,beneficenza,1,0,0.000
NT,G1604,compiimento,1,0,0.000
NT,G1649,rimprovero,1,0,0.000
NT,G168,impurità,1,0,0.000
NT,G1701,derisione,1,0,0.000
NT,G1711,commercio,1,0,0.000
NT,G1730,dimostrazione,1,0,0.000
NT,G1739,costruzione,1,0,0.000
NT,G1745,vestizione,1,0,0.000
NT,G1747,agguato,1,0,0.000
NT,G1749,agguato,1,0,0.000
NT,G1838,pratica,1,0,0.000
NT,G1851,principalità,1,0,0.000
NT,G1882,correzione,1,0,0.000
NT,G1938,bramoso,1,0,0.000
NT,G1942,manto,1,0,0.000
NT,G195,esattezza,1,0,0.000
NT,G1953,dimenticanza,1,0,0.000
NT,G1955,interpretazione,1,0,0.000
NT,G1979,vettovaglie,1,0,0.000
NT,G2009,punizione,1,0,0.000
NT,G201,luogo d'udienza,1,0,0.000
NT,G2031,parola,1,0,0.000
NT,G205,bottino,1,0,0.000
NT,G2055,capretto,1,0,0.000
NT,G2142,ricchezza,1,0,0.000
NT,G2157,decenza,1,0,0.000
NT,G2162,buona reputazione,1,0,0.000
NT,G2179,efesino,1,0,0.000
NT,G219,canto del gallo,1,0,0.000
NT,G2242,Eli,1,0,0.000
NT,G2256,mezz'ora,1,0,0.000
NT,G2294,coraggio,1,0,0.000
NT,G2295,meraviglia,1,0,0.000
NT,G2320,divinità,1,0,0.000
NT,G2329,calore,1,0,0.000
NT,G2339,trappola,1,0,0.000
NT,G234,contaminazione,1,0,0.000
NT,G2388,Gianna,1,0,0.000
NT,G2389,Gianne,1,0,0.000
NT,G2391,Iared,1,0,0.000
NT,G24,indignazione,1,0,0.000
NT,G2426,sufficienza,1,0,0.000
NT,G2428,supplica,1,0,0.000
NT,G2429,umidità,1,0,0.000
NT,G2432,allegria,1,0,0.000
NT,G244,impicione,1,0,0.000
NT,G2490,Ioannas,1,0,0.000
NT,G251,sale,1,0,0.000
NT,G2514,purificazione,1,0,0.000
NT,G2562,stoppia,1,0,0.000
NT,G2565,olivo buono,1,0,0.000
NT,G259,cattura,1,0,0.000
NT,G2591,Carpus,1,0,0.000
NT,G2600,discesa,1,0,0.000
NT,G2640,resto,1,0,0.000
NT,G2652,anatema,1,0,0.000
NT,G2688,comportamento,1,0,0.000
NT,G2735,azione meritoria,1,0,0.000
NT,G2740,bruciamento,1,0,0.000
NT,G2750,bende funerarie,1,0,0.000
NT,G2772,denaro,1,0,0.000
NT,G2773,cambiavalute,1,0,0.000
NT,G2780,giardiniere,1,0,0.000
NT,G2781,favo,1,0,0.000
NT,G2785,balena,1,0,0.000
NT,G2796,movimento,1,0,0.000
NT,G2828,compagnia,1,0,0.000
NT,G2850,adulazione,1,0,0.000
NT,G2858,Colossese,1,0,0.000
NT,G2870,lamento,1,0,0.000
NT,G2878,Corban,1,0,0.000
NT,G2888,dominatore del mondo,1,0,0.000
NT,G289,vignaiolo,1,0,0.000
NT,G2897,crapula,1,0,0.000
NT,G2913,Crescenzio,1,0,0.000
NT,G2935,possessore,1,0,0.000
NT,G2946,rotolamento,1,0,0.000
NT,G2951,cumino,1,0,0.000
NT,G2957,Cirene,1,0,0.000
NT,G2969,villaggio,1,0,0.000
NT,G2984,Lamech,1,0,0.000
NT,G2987,luminosità,1,0,0.000
NT,G3002,Lebbèo,1,0,0.000
NT,G3005,resto,1,0,0.000
NT,G3024,dimenticanza,1,0,0.000
NT,G3026,fandonia,1,0,0.000
NT,G3028,ricezione,1,0,0.000
NT,G3080,liberazione,1,0,0.000
NT,G309,recupero della vista,1,0,0.000
NT,G3095,magia,1,0,0.000
NT,G311,ritardo,1,0,0.000
NT,G3130,follia,1,0,0.000
NT,G3150,vaniloquio,1,0,0.000
NT,G3174,grandezza,1,0,0.000
NT,G323,dimostrazione,1,0,0.000
NT,G3320,muro di mezzo,1,0,0.000
NT,G3336,presa,1,0,0.000
NT,G3352,partecipazione,1,0,0.000
NT,G3374,pelliccia di pecora,1,0,0.000
NT,G3389,matricida,1,0,0.000
NT,G3390,città principale,1,0,0.000
NT,G3394,contaminazione,1,0,0.000
NT,G3395,miscela,1,0,0.000
NT,G3406,remuneratore,1,0,0.000
NT,G3410,casa presa in affitto,1,0,0.000
NT,G3420,memoria,1,0,0.000
NT,G3437,rimprovero,1,0,0.000
NT,G3490,armatore,1,0,0.000
NT,G3502,pulcino,1,0,0.000
NT,G3509,nuvola,1,0,0.000
NT,G3511,custode del tempio,1,0,0.000
NT,G3519,isola,1,0,0.000
NT,G3535,Ninive,1,0,0.000
NT,G3537,catino,1,0,0.000
NT,G3555,covata,1,0,0.000
NT,G3574,giorno e notte,1,0,0.000
NT,G359,partenza,1,0,0.000
NT,G3647,perfetta integrità,1,0,0.000
NT,G3653,fico tardivo,1,0,0.000
NT,G3658,folla,1,0,0.000
NT,G3681,obbrobrio,1,0,0.000
NT,G3750,olfatto,1,0,0.000
NT,G3790,sopracciglio,1,0,0.000
NT,G3823,lotta,1,0,0.000
NT,G3829,locanda,1,0,0.000
NT,G3831,assemblea generale,1,0,0.000
NT,G3889,conforto,1,0,0.000
NT,G3907,osservazione,1,0,0.000
NT,G3915,svernamento,1,0,0.000
NT,G3929,remissione,1,0,0.000
NT,G3950,ira,1,0,0.000
NT,G3964,parricida,1,0,0.000
NT,G403,rinvigorimento,1,0,0.000
NT,G405,tratta di schiavi,1,0,0.000
NT,G4086,parole persuasive,1,0,0.000
NT,G409,omicida,1,0,0.000
NT,G4093,tavoletta per scrivere,1,0,0.000
NT,G4096,grassesza,1,0,0.000
NT,G4117,intreccio di capelli,1,0,0.000
NT,G4140,sazietà,1,0,0.000
NT,G4162,azione,1,0,0.000
NT,G4180,molto parlare,1,0,0.000
NT,G4211,venditrice di porpora,1,0,0.000
NT,G4224,banchetto,1,0,0.000
NT,G4230,affare,1,0,0.000
NT,G4247,anziana,1,0,0.000
NT,G4344,cuscino,1,0,0.000
NT,G4368,protettrice,1,0,0.000
NT,G4371,pesce,1,0,0.000
NT,G4378,aspersione,1,0,0.000
NT,G4381,che non ha riguardo alla qualità delle persone,1,0,0.000
NT,G440,carbone ardente,1,0,0.000
NT,G4418,tallone,1,0,0.000
NT,G4427,sputo,1,0,0.000
NT,G4435,pugno,1,0,0.000
NT,G4436,spirito di divinazione,1,0,0.000
NT,G4467,mala azione,1,0,0.000
NT,G4468,malizia,1,0,0.000
NT,G4485,rovina,1,0,0.000
NT,G4493,batter d'occhio,1,0,0.000
NT,G4538,trombettiere,1,0,0.000
NT,G4548,asse,1,0,0.000
NT,G4555,sardio,1,0,0.000
NT,G457,apertura,1,0,0.000
NT,G4577,catena,1,0,0.000
NT,G4607,sicario,1,0,0.000
NT,G4608,bevanda inebriante,1,0,0.000
NT,G4620,razione di cibo,1,0,0.000
NT,G4629,vestito,1,0,0.000
NT,G4631,attrezzatura,1,0,0.000
NT,G4634,festa delle Capanne,1,0,0.000
NT,G4635,fabbricante di tende,1,0,0.000
NT,G4643,durezza,1,0,0.000
NT,G4649,bersaglio,1,0,0.000
NT,G4661,bottino,1,0,0.000
NT,G4715,stater,1,0,0.000
NT,G4740,stabilità,1,0,0.000
NT,G4743,momento,1,0,0.000
NT,G4759,capo della guardia,1,0,0.000
NT,G4807,moro,1,0,0.000
NT,G4850,presbitero,1,0,0.000
NT,G4890,confluenza,1,0,0.000
NT,G491,Antiocheno,1,0,0.000
NT,G4915,coetaneo,1,0,0.000
NT,G4923,compagnia,1,0,0.000
NT,G4945,cospirazione,1,0,0.000
NT,G4950,sabbie mobili,1,0,0.000
NT,G4968,vittima sacrificale,1,0,0.000
NT,G4995,autocontrollo,1,0,0.000
NT,G502,secchio,1,0,0.000
NT,G5039,prova infallibile,1,0,0.000
NT,G5042,parto,1,0,0.000
NT,G5051,completore,1,0,0.000
NT,G5069,quadernione,1,0,0.000
NT,G5098,punizione,1,0,0.000
NT,G5109,muro,1,0,0.000
NT,G5133,cambiavalute,1,0,0.000
NT,G5134,ferita,1,0,0.000
NT,G5148,triennio,1,0,0.000
NT,G5175,Trogyllium,1,0,0.000
NT,G5222,incontro,1,0,0.000
NT,G5276,tino,1,0,0.000
NT,G5283,supposizione,1,0,0.000
NT,G5289,ritirarsi,1,0,0.000
NT,G5300,scrofa,1,0,0.000
NT,G5334,notizia,1,0,0.000
NT,G535,completamento,1,0,0.000
NT,G5365,avarizia,1,0,0.000
NT,G54,purezza,1,0,0.000
NT,G5416,frusta,1,0,0.000
NT,G5451,piantagione,1,0,0.000
NT,G5473,vaso di bronzo,1,0,0.000
NT,G5497,guida per mano,1,0,0.000
NT,G5498,atto scritto,1,0,0.000
NT,G5542,adulazione,1,0,0.000
NT,G5559,pelle,1,0,0.000
NT,G5572,falso maestro,1,0,0.000
NT,G558,liberto,1,0,0.000
NT,G5587,sussurro,1,0,0.000
NT,G5588,pettegolo,1,0,0.000
NT,G640,angoscia,1,0,0.000
NT,G666,assenza,1,0,0.000
NT,G695,orafo,1,0,0.000
NT,G699,compiacenza,1,0,0.000
NT,G72,condotta di vita,1,0,0.000
NT,G753,capomastro,1,0,0.000
NT,G771,infermità,1,0,0.000
NT,G774,asiatico,1,0,0.000
NT,G775,magistrato dell'Asia,1,0,0.000
NT,G776,astinenza,1,0,0.000
NT,G854,sparizione,1,0,0.000
NT,G857,austerità,1,0,0.000
NT,G876,schiuma,1,0,0.000
NT,G90,incorruttibilità,1,0,0.000
NT,G943,misura,1,0,0.000
NT,G962,Betabara,1,0,0.000
NT,G981,modo di vita,1,0,0.000
NT,G99,Adria,1,0,0.000
NT,G990,vista,1,0,0.000
OT,H1001,palazzo,1,0,0.000
OT,H1006,Baith,1,0,0.000
OT,H1056,valle del pianto,1,0,0.000
OT,H1059,pianto,1,0,0.000
OT,H1073,primizia,1,0,0.000
OT,H1088,Bala,1,0,0.000
OT,H1117,Bama,1,0,0.000
OT,H1119,per,1,0,0.000
OT,H1140,edificio,1,0,0.000
OT,H1154,uva acerba,1,0,0.000
OT,H1164,tomba,1,0,0.000
OT,H12,distruzione,1,0,0.000
OT,H1223,Bozra,1,0,0.000
OT,H1243,ricerca,1,0,0.000
OT,H1244,punizione,1,0,0.000
OT,H1249,puro,1,0,0.000
OT,H1266,abete,1,0,0.000
OT,H1276,Beriti,1,0,0.000
OT,H1281,fuggitivi,1,0,0.000
OT,H1307,Berotita,1,0,0.000
OT,H1326,desolazione,1,0,0.000
OT,H1336,Beter,1,0,0.000
OT,H1350,redentore,1,0,0.000
OT,H1352,contaminazione,1,0,0.000
OT,H1371,calvizie frontale,1,0,0.000
OT,H1385,formaggio,1,0,0.000
OT,H1392,baccello,1,0,0.000
OT,H1422,vituperio,1,0,0.000
OT,H1428,riva,1,0,0.000
OT,H1452,Ghederathita,1,0,0.000
OT,H1456,medicina,1,0,0.000
OT,H1467,orgoglio,1,0,0.000
OT,H1493,Gizonita,1,0,0.000
OT,H153,forza,1,0,0.000
OT,H1557,stereo,1,0,0.000
OT,H1575,Gammadim,1,0,0.000
OT,H1597,tesoreria,1,0,0.000
OT,H1615,gesso,1,0,0.000
OT,H1620,bacca,1,0,0.000
OT,H1628,dimora,1,0,0.000
OT,H1632,iracondo,1,0,0.000
OT,H1646,esazione,1,0,0.000
OT,H1670,dolore,1,0,0.000
OT,H1671,tristezza,1,0,0.000
OT,H1679,forza,1,0,0.000
OT,H1748,silenzio,1,0,0.000
OT,H1793,distruzione,1,0,0.000
OT,H1822,distruzione,1,0,0.000
OT,H1825,somiglianza,1,0,0.000
OT,H1831,liquore,1,0,0.000
OT,H1848,calunnia,1,0,0.000
OT,H1890,offerta,1,0,0.000
OT,H1903,direttamente,1,0,0.000
OT,H1948,follia,1,0,0.000
OT,H1960,lode,1,0,0.000
OT,H1966,Lucifero,1,0,0.000
OT,H1978,passo,1,0,0.000
OT,H1990,Cam,1,0,0.000
OT,H1998,fragore,1,0,0.000
OT,H2003,fusione,1,0,0.000
OT,H2014,interruzione,1,0,0.000
OT,H2018,rovina,1,0,0.000
OT,H2033,Arorita,1,0,0.000
OT,H2035,distruzione,1,0,0.000
OT,H2036,Horam,1,0,0.000
OT,H2041,distruzione,1,0,0.000
OT,H2046,fusione,1,0,0.000
OT,H2100,flusso,1,0,0.000
OT,H2137,cristallo,1,0,0.000
OT,H2144,Zacher,1,0,0.000
OT,H2159,ramo,1,0,0.000
OT,H2173,frutto migliore,1,0,0.000
OT,H2207,vecchiaia,1,0,0.000
OT,H2223,levriero,1,0,0.000
OT,H2234,seme,1,0,0.000
OT,H2243,seno,1,0,0.000
OT,H2253,nascondimento,1,0,0.000
OT,H2260,albero maestro,1,0,0.000
OT,H2335,Veggente,1,0,0.000
OT,H2349,Ufam,1,0,0.000
OT,H2355,rete,1,0,0.000
OT,H2405,intaglio,1,0,0.000
OT,H2424,vita,1,0,0.000
OT,H2430,baluardo,1,0,0.000
OT,H2448,rossezza,1,0,0.000
OT,H2450,saggio,1,0,0.000
OT,H2495,albume,1,0,0.000
OT,H2515,divisione,1,0,0.000
OT,H2528,furore,1,0,0.000
OT,H2569,quinta parte,1,0,0.000
OT,H2588,cella,1,0,0.000
OT,H2590,imbalsamazione,1,0,0.000
OT,H2593,servitore fidato,1,0,0.000
OT,H2594,favore,1,0,0.000
OT,H2602,brina,1,0,0.000
OT,H2612,ipocrisia,1,0,0.000
OT,H262,dichiarazione,1,0,0.000
OT,H2642,mancanza,1,0,0.000
OT,H2668,libertà,1,0,0.000
OT,H2716,sterco,1,0,0.000
OT,H2725,siccità,1,0,0.000
OT,H2751,cestino bianco,1,0,0.000
OT,H2769,Ermoniti,1,0,0.000
OT,H2776,Cherez,1,0,0.000
OT,H2785,chicco,1,0,0.000
OT,H2831,principe,1,0,0.000
OT,H2839,cerchione,1,0,0.000
OT,H2840,raggio,1,0,0.000
OT,H2848,fasciatura,1,0,0.000
OT,H2849,terrore,1,0,0.000
OT,H2863,preda,1,0,0.000
OT,H2866,terrore,1,0,0.000
OT,H2879,cuciniera,1,0,0.000
OT,H2880,Tibcat,1,0,0.000
OT,H2912,macina,1,0,0.000
OT,H2913,macinatura,1,0,0.000
OT,H2925,cattività,1,0,0.000
OT,H2939,banchetto,1,0,0.000
OT,H2972,Iairita,1,0,0.000
OT,H298,Achiramita,1,0,0.000
OT,H2998,Ibnija,1,0,0.000
OT,H3000,Ieberechia,1,0,0.000
OT,H3017,Iagur,1,0,0.000
OT,H3022,frutto del suo lavoro,1,0,0.000
OT,H3024,stanchezza,1,0,0.000
OT,H3033,amato,1,0,0.000
OT,H3039,amato,1,0,0.000
OT,H3044,Ildaf,1,0,0.000
OT,H3056,Iehdai,1,0,0.000
OT,H3067,Giuditta,1,0,0.000
OT,H3081,Ieucal,1,0,0.000
OT,H310,dietro,1,0,0.000
OT,H3105,ruscello,1,0,0.000
OT,H3125,Greci,1,0,0.000
OT,H313,Acher,1,0,0.000
OT,H3137,Jokim,1,0,0.000
OT,H3145,Giosavia,1,0,0.000
OT,H3154,sudore,1,0,0.000
OT,H3164,Iadiel,1,0,0.000
OT,H3167,Iacazia,1,0,0.000
OT,H3170,Iazera,1,0,0.000
OT,H3178,Iahleelita,1,0,0.000
OT,H3181,Iacmai,1,0,0.000
OT,H3184,Iahzeeliti,1,0,0.000
OT,H3188,genealogia,1,0,0.000
OT,H3200,Iachiniti,1,0,0.000
OT,H3214,ululato,1,0,0.000
OT,H3219,bisaccia,1,0,0.000
OT,H3221,mare,1,0,0.000
OT,H3222,mulo,1,0,0.000
OT,H3224,Iemima,1,0,0.000
OT,H3234,Imna,1,0,0.000
OT,H3236,Imra,1,0,0.000
OT,H3238,oppressore,1,0,0.000
OT,H3248,fondamento,1,0,0.000
OT,H3249,apostata,1,0,0.000
OT,H3295,favo di miele,1,0,0.000
OT,H330,lino fino,1,0,0.000
OT,H3307,calunniatore,1,0,0.000
OT,H3311,Iafletita,1,0,0.000
OT,H3333,colata,1,0,0.000
OT,H3354,Iecutiel,1,0,0.000
OT,H3368,pietra preziosa,1,0,0.000
OT,H3375,Ireon,1,0,0.000
OT,H3400,Ieriael,1,0,0.000
OT,H3408,Ieriòt,1,0,0.000
OT,H3451,desolazione,1,0,0.000
OT,H3454,Iesiscai,1,0,0.000
OT,H3475,Ieser,1,0,0.000
OT,H3495,Itma,1,0,0.000
OT,H35,desiderio,1,0,0.000
OT,H3501,Ietra,1,0,0.000
OT,H3517,pesantezza,1,0,0.000
OT,H3531,crivello,1,0,0.000
OT,H3534,sgabello,1,0,0.000
OT,H3572,Cusan,1,0,0.000
OT,H3580,Chezib,1,0,0.000
OT,H3589,distruzione,1,0,0.000
OT,H3592,Chidon,1,0,0.000
OT,H3594,Chium,1,0,0.000
OT,H3609,Chileab,1,0,0.000
OT,H3614,Calebita,1,0,0.000
OT,H3615,fine,1,0,0.000
OT,H3623,fidanzamento,1,0,0.000
OT,H3636,Chelal,1,0,0.000
OT,H3638,Chilmad,1,0,0.000
OT,H3657,vigna,1,0,0.000
OT,H3662,Chenani,1,0,0.000
OT,H3686,Chesil,1,0,0.000
OT,H3692,Chislon,1,0,0.000
OT,H3693,Chezalon,1,0,0.000
OT,H3694,Chesullot,1,0,0.000
OT,H3737,berretto,1,0,0.000
OT,H3738,scavo,1,0,0.000
OT,H3740,banchetto,1,0,0.000
OT,H3741,ovile,1,0,0.000
OT,H3750,zafferano,1,0,0.000
OT,H3753,corsiero,1,0,0.000
OT,H3776,agnella,1,0,0.000
OT,H3777,Chesed,1,0,0.000
OT,H3781,scure,1,0,0.000
OT,H3786,stregone,1,0,0.000
OT,H3793,marchio,1,0,0.000
OT,H3797,muro,1,0,0.000
OT,H3798,Chetlis,1,0,0.000
OT,H3854,studio,1,0,0.000
OT,H3911,lucertola,1,0,0.000
OT,H395,crudeltà,1,0,0.000
OT,H3963,mezzo omer,1,0,0.000
OT,H3965,magazzino,1,0,0.000
OT,H3970,desiderio,1,0,0.000
OT,H3975,tana,1,0,0.000
OT,H3981,forza,1,0,0.000
OT,H3989,cose cotte al forno,1,0,0.000
OT,H3995,città messe a parte,1,0,0.000
OT,H3997,ingresso,1,0,0.000
OT,H4003,vuoto,1,0,0.000
OT,H4011,struttura,1,0,0.000
OT,H4041,impeto,1,0,0.000
OT,H4062,città d'oro,1,0,0.000
OT,H4065,causa di esilio,1,0,0.000
OT,H4073,rovina,1,0,0.000
OT,H4085,mortario,1,0,0.000
OT,H4094,pugnalata,1,0,0.000
OT,H4096,orma del piede,1,0,0.000
OT,H4110,lode,1,0,0.000
OT,H4130,parentela,1,0,0.000
OT,H4151,tempo stabilito,1,0,0.000
OT,H4152,città di rifugio,1,0,0.000
OT,H4155,oscurità,1,0,0.000
OT,H4157,afflizione,1,0,0.000
OT,H4160,estorsore,1,0,0.000
OT,H4169,focolare,1,0,0.000
OT,H4190,salvezza,1,0,0.000
OT,H4208,pianeta,1,0,0.000
OT,H4247,cava,1,0,0.000
OT,H4263,oggetto di compassione,1,0,0.000
OT,H4267,strozzamento,1,0,0.000
OT,H4273,colpo,1,0,0.000
OT,H4280,latrina,1,0,0.000
OT,H4286,scortecciamento,1,0,0.000
OT,H4298,stendimento,1,0,0.000
OT,H4300,barra,1,0,0.000
OT,H4357,oro puro,1,0,0.000
OT,H4359,perfezione,1,0,0.000
OT,H4361,viveri,1,0,0.000
OT,H4380,dimora,1,0,0.000
OT,H4382,Mechereatita,1,0,0.000
OT,H4386,frantumazione,1,0,0.000
OT,H4389,Macetes,1,0,0.000
OT,H4400,messaggio,1,0,0.000
OT,H4434,trappola,1,0,0.000
OT,H4447,Molechet,1,0,0.000
OT,H4459,zanna,1,0,0.000
OT,H4461,misura,1,0,0.000
OT,H4466,vendita,1,0,0.000
OT,H4473,unto,1,0,0.000
OT,H4480,da,1,0,0.000
OT,H4481,da,1,0,0.000
OT,H4482,strumento a corde,1,0,0.000
OT,H4493,scuotimento,1,0,0.000
OT,H4502,corona,1,0,0.000
OT,H4512,perfezione,1,0,0.000
OT,H4515,calzare,1,0,0.000
OT,H4516,leccornia,1,0,0.000
OT,H4517,sonaglio,1,0,0.000
OT,H4530,tributo,1,0,0.000
OT,H4534,siepe spinosa,1,0,0.000
OT,H4536,commercio,1,0,0.000
OT,H4540,copertura,1,0,0.000
OT,H4544,scarsità,1,0,0.000
OT,H4562,legame,1,0,0.000
OT,H4564,nascondimento,1,0,0.000
OT,H4566,opera,1,0,0.000
OT,H4568,argilla,1,0,0.000
OT,H4576,zappa,1,0,0.000
OT,H4594,veste,1,0,0.000
OT,H4595,mantello,1,0,0.000
OT,H4607,elevazione,1,0,0.000
OT,H4613,piedistallo,1,0,0.000
OT,H4614,peso,1,0,0.000
OT,H4622,ostacolo,1,0,0.000
OT,H4623,dominio,1,0,0.000
OT,H4625,luogo tortuoso,1,0,0.000
OT,H4629,prateria,1,0,0.000
OT,H4630,esercito,1,0,0.000
OT,H4636,nudità,1,0,0.000
OT,H4637,terrore,1,0,0.000
OT,H4646,spirazione,1,0,0.000
OT,H4650,mazza,1,0,0.000
OT,H4652,opera meravigliosa,1,0,0.000
OT,H4653,divisione,1,0,0.000
OT,H4655,rifugio,1,0,0.000
OT,H4663,porta della rassegna,1,0,0.000
OT,H4674,torre d'assedio,1,0,0.000
OT,H4695,contesa,1,0,0.000
OT,H4697,schinieri,1,0,0.000
OT,H4698,campanello,1,0,0.000
OT,H4699,profondità,1,0,0.000
OT,H4739,Macaz,1,0,0.000
OT,H4750,campo di cetrioli,1,0,0.000
OT,H4752,goccia,1,0,0.000
OT,H4761,principato,1,0,0.000
OT,H4774,ristoro,1,0,0.000
OT,H4776,ribellione,1,0,0.000
OT,H4780,ribellione,1,0,0.000
OT,H4783,persecuzione,1,0,0.000
OT,H4793,corsa,1,0,0.000
OT,H4795,purificazione,1,0,0.000
OT,H4797,banchetto,1,0,0.000
OT,H4814,amarezza,1,0,0.000
OT,H4816,fiacchezza,1,0,0.000
OT,H4819,mercatanzia,1,0,0.000
OT,H4833,fango,1,0,0.000
OT,H4840,profumo,1,0,0.000
OT,H4858,carico,1,0,0.000
OT,H4860,inganno,1,0,0.000
OT,H4868,sabato,1,0,0.000
OT,H4882,preda,1,0,0.000
OT,H4935,lavaggio,1,0,0.000
OT,H4943,amministratore,1,0,0.000
OT,H4944,scorribanda,1,0,0.000
OT,H4950,acqua torbida,1,0,0.000
OT,H4958,padella,1,0,0.000
OT,H4981,Mitnita,1,0,0.000
OT,H5,Abagta,1,0,0.000
OT,H5017,profezia,1,0,0.000
OT,H5053,alba,1,0,0.000
OT,H5054,splendore,1,0,0.000
OT,H5073,fila,1,0,0.000
OT,H5082,anima,1,0,0.000
OT,H5089,lamento,1,0,0.000
OT,H5112,vagabondaggio,1,0,0.000
OT,H5117,riposo,1,0,0.000
OT,H5124,sonnolenza,1,0,0.000
OT,H5131,posizione,1,0,0.000
OT,H5155,Nehiloth,1,0,0.000
OT,H5187,portatori,1,0,0.000
OT,H5204,lamento,1,0,0.000
OT,H5213,scintilla,1,0,0.000
OT,H5232,beni,1,0,0.000
OT,H5240,spregevole,1,0,0.000
OT,H5252,causa,1,0,0.000
OT,H527,folla,1,0,0.000
OT,H5282,piante piacevoli,1,0,0.000
OT,H5289,giovane,1,0,0.000
OT,H5311,dispersione,1,0,0.000
OT,H5341,custode,1,0,0.000
OT,H5351,borchiette,1,0,0.000
OT,H5364,strappo,1,0,0.000
OT,H5388,oblio,1,0,0.000
OT,H5389,donna,1,0,0.000
OT,H5433,ubriacone,1,0,0.000
OT,H5438,causa,1,0,0.000
OT,H544,verità,1,0,0.000
OT,H5441,boscaglia,1,0,0.000
OT,H5464,pioggia scrosciante,1,0,0.000
OT,H5469,coppa,1,0,0.000
OT,H5489,Mar Rosso,1,0,0.000
OT,H5508,marmo nero,1,0,0.000
OT,H5522,tabernacolo,1,0,0.000
OT,H5529,follia,1,0,0.000
OT,H555,forza,1,0,0.000
OT,H5556,locusta calva,1,0,0.000
OT,H5578,Sansanna,1,0,0.000
OT,H5604,soffitto,1,0,0.000
OT,H5610,numero,1,0,0.000
OT,H5616,Sefarvita,1,0,0.000
OT,H5621,rovo,1,0,0.000
OT,H5626,Sira,1,0,0.000
OT,H5629,eccedenza,1,0,0.000
OT,H5652,lavoro,1,0,0.000
OT,H5691,amore sfrenato,1,0,0.000
OT,H5722,Adino,1,0,0.000
OT,H5735,Adada,1,0,0.000
OT,H5772,dovere coniugale,1,0,0.000
OT,H5845,mammella,1,0,0.000
OT,H5865,eternità,1,0,0.000
OT,H5919,vipera,1,0,0.000
OT,H5936,sanguisuga,1,0,0.000
OT,H5951,giubilo,1,0,0.000
OT,H5969,svenimento,1,0,0.000
OT,H5979,posizione,1,0,0.000
OT,H6012,profondità,1,0,0.000
OT,H6023,Amashai,1,0,0.000
OT,H604,faina,1,0,0.000
OT,H6065,confisca,1,0,0.000
OT,H6096,spina dorsale,1,0,0.000
OT,H610,vaso,1,0,0.000
OT,H6104,ozio,1,0,0.000
OT,H6110,fortezza,1,0,0.000
OT,H6114,magistrato,1,0,0.000
OT,H6120,calcagno,1,0,0.000
OT,H6130,Acan,1,0,0.000
OT,H6133,stirpe,1,0,0.000
OT,H6171,asino selvatico,1,0,0.000
OT,H6199,povero,1,0,0.000
OT,H6200,Aroerita,1,0,0.000
OT,H6230,Esech,1,0,0.000
OT,H6250,pensiero,1,0,0.000
OT,H6254,Asteratita,1,0,0.000
OT,H626,radunata,1,0,0.000
OT,H6265,Ataià,1,0,0.000
OT,H627,raccolta,1,0,0.000
OT,H6283,abbondanza,1,0,0.000
OT,H6291,fico acerbo,1,0,0.000
OT,H6334,Porata,1,0,0.000
OT,H6336,Puite,1,0,0.000
OT,H6345,paura,1,0,0.000
OT,H6349,impeto,1,0,0.000
OT,H636,legno,1,0,0.000
OT,H6375,tremore,1,0,0.000
OT,H6390,fiume,1,0,0.000
OT,H6393,torcia,1,0,0.000
OT,H6407,Paltita,1,0,0.000
OT,H6415,giudizio,1,0,0.000
OT,H6417,giudizio,1,0,0.000
OT,H6436,Pannag,1,0,0.000
OT,H6477,lima,1,0,0.000
OT,H6498,zucca,1,0,0.000
OT,H6512,talpa,1,0,0.000
OT,H6515,Paruach,1,0,0.000
OT,H6526,giovinezza,1,0,0.000
OT,H6528,acino,1,0,0.000
OT,H6564,brodo,1,0,0.000
OT,H6574,feccia,1,0,0.000
OT,H6580,estremità,1,0,0.000
OT,H6592,interpretazione,1,0,0.000
OT,H6608,apertura,1,0,0.000
OT,H6615,stoltezza,1,0,0.000
OT,H6630,Zaanan,1,0,0.000
OT,H6637,Zobeba,1,0,0.000
OT,H6644,Zibia,1,0,0.000
OT,H6656,vero,1,0,0.000
OT,H6661,Ziddim,1,0,0.000
OT,H6700,Zuriel,1,0,0.000
OT,H6708,luogo elevato,1,0,0.000
OT,H6709,puzza,1,0,0.000
OT,H671,Afarechei,1,0,0.000
OT,H6730,Zior,1,0,0.000
OT,H6732,Tsiz,1,0,0.000
OT,H6773,sete,1,0,0.000
OT,H6802,lancio,1,0,0.000
OT,H6812,giovinezza,1,0,0.000
OT,H6816,immagine,1,0,0.000
OT,H6836,attesa,1,0,0.000
OT,H6851,salice,1,0,0.000
OT,H6878,bisogno,1,0,0.000
OT,H6885,orafo,1,0,0.000
OT,H6894,cabo,1,0,0.000
OT,H6896,ventriglio,1,0,0.000
OT,H6904,guerra,1,0,0.000
OT,H6910,mucchio,1,0,0.000
OT,H6911,Cibzaim,1,0,0.000
OT,H6928,tempo passato,1,0,0.000
OT,H693,agguato,1,0,0.000
OT,H6948,prostituta,1,0,0.000
OT,H696,agguato,1,0,0.000
OT,H6965,alzamento,1,0,0.000
OT,H6970,Coa,1,0,0.000
OT,H698,bottino,1,0,0.000
OT,H6984,Cusciaia,1,0,0.000
OT,H6993,strage,1,0,0.000
OT,H6997,Accatan,1,0,0.000
OT,H7002,incenso,1,0,0.000
OT,H7005,Cattat,1,0,0.000
OT,H701,Arbite,1,0,0.000
OT,H7012,levarsi,1,0,0.000
OT,H7016,China,1,0,0.000
OT,H7029,Chishi,1,0,0.000
OT,H7041,Cheilaia,1,0,0.000
OT,H7056,Camone,1,0,0.000
OT,H7085,tatuaggio,1,0,0.000
OT,H7087,raggelamento,1,0,0.000
OT,H7089,distruzione,1,0,0.000
OT,H7091,gufo,1,0,0.000
OT,H7103,Chezia,1,0,0.000
OT,H7104,Cheziz,1,0,0.000
OT,H7111,scorza,1,0,0.000
OT,H7150,predicazione,1,0,0.000
OT,H7173,Carca,1,0,0.000
OT,H7174,Carcor,1,0,0.000
OT,H7180,cetriolo,1,0,0.000
OT,H7190,ostinazione,1,0,0.000
OT,H7199,arciere,1,0,0.000
OT,H7203,visione,1,0,0.000
OT,H7207,vista,1,0,0.000
OT,H7212,veduta,1,0,0.000
OT,H7221,principio,1,0,0.000
OT,H7226,capezzale,1,0,0.000
OT,H7266,ira,1,0,0.000
OT,H7318,lode,1,0,0.000
OT,H7326,povertà,1,0,0.000
OT,H7374,tremore,1,0,0.000
OT,H7382,odore,1,0,0.000
OT,H7391,tenerezza,1,0,0.000
OT,H7406,luogo scosceso,1,0,0.000
OT,H7407,orgoglio,1,0,0.000
OT,H7419,altezza,1,0,0.000
OT,H7424,dromedario,1,0,0.000
OT,H7427,esaltazione,1,0,0.000
OT,H7435,Ramathita,1,0,0.000
OT,H7471,pascolo,1,0,0.000
OT,H7510,debolezza,1,0,0.000
OT,H7539,marciume,1,0,0.000
OT,H7542,Raccon,1,0,0.000
OT,H7557,Raccat,1,0,0.000
OT,H7558,permesso,1,0,0.000
OT,H7577,catena,1,0,0.000
OT,H7578,tremore,1,0,0.000
OT,H7584,desolazione,1,0,0.000
OT,H7632,scintilla,1,0,0.000
OT,H7636,reticella,1,0,0.000
OT,H7638,reticella,1,0,0.000
OT,H7653,sazietà,1,0,0.000
OT,H77,Abez,1,0,0.000
OT,H7729,ritorno,1,0,0.000
OT,H7750,deviazione,1,0,0.000
OT,H7756,Suchatita,1,0,0.000
OT,H777,Arza,1,0,0.000
OT,H7772,Shoa,1,0,0.000
OT,H7790,nemico,1,0,0.000
OT,H7819,macellazione,1,0,0.000
OT,H7821,macellazione,1,0,0.000
OT,H7846,apostata,1,0,0.000
OT,H7859,fianco,1,0,0.000
OT,H7869,vecchiaia,1,0,0.000
OT,H7870,cattività,1,0,0.000
OT,H7871,dimora,1,0,0.000
OT,H7873,inseguimento,1,0,0.000
OT,H7905,spine,1,0,0.000
OT,H7914,immagine,1,0,0.000
OT,H7923,perdita dei figli,1,0,0.000
OT,H793,torrente,1,0,0.000
OT,H799,legge di fuoco,1,0,0.000
OT,H7996,Sallechet,1,0,0.000
OT,H8003,cuore perfetto,1,0,0.000
OT,H8005,ricompensa,1,0,0.000
OT,H8011,ricompensa,1,0,0.000
OT,H8043,Shimeam,1,0,0.000
OT,H8079,ragno,1,0,0.000
OT,H81,polvere,1,0,0.000
OT,H8103,vergogna,1,0,0.000
OT,H8109,veglia,1,0,0.000
OT,H8126,Scumatita,1,0,0.000
OT,H8156,fessura,1,0,0.000
OT,H8160,ora,1,0,0.000
OT,H8161,scalpitìo,1,0,0.000
OT,H820,luogo desolato,1,0,0.000
OT,H8212,membro,1,0,0.000
OT,H8218,luogo basso,1,0,0.000
OT,H8228,abbondanza,1,0,0.000
OT,H8233,bellezza,1,0,0.000
OT,H8241,impeto,1,0,0.000
OT,H8258,incavatura,1,0,0.000
OT,H832,Ascalonita,1,0,0.000
OT,H8326,ombelico,1,0,0.000
OT,H8329,Seres,1,0,0.000
OT,H8331,catena,1,0,0.000
OT,H8351,Set,1,0,0.000
OT,H8358,ubriachezza,1,0,0.000
OT,H8364,Sutalchita,1,0,0.000
OT,H837,felicità,1,0,0.000
OT,H8383,menzogna,1,0,0.000
OT,H839,Assurita,1,0,0.000
OT,H8395,distruzione,1,0,0.000
OT,H8400,difetto,1,0,0.000
OT,H8408,beneficio,1,0,0.000
OT,H8417,follia,1,0,0.000
OT,H843,Asherita,1,0,0.000
OT,H8437,oppressore,1,0,0.000
OT,H8448,condizione,1,0,0.000
OT,H8455,dardo,1,0,0.000
OT,H8466,accampamento,1,0,0.000
OT,H8482,parte inferiore,1,0,0.000
OT,H8491,Tizita,1,0,0.000
OT,H8501,inganno,1,0,0.000
OT,H8502,perfezione,1,0,0.000
OT,H8514,gran siccità,1,0,0.000
OT,H8516,vestito,1,0,0.000
OT,H8522,faretra,1,0,0.000
OT,H8534,riccioli,1,0,0.000
OT,H8554,Timnite,1,0,0.000
OT,H8557,dissolvimento,1,0,0.000
OT,H8589,afflizione,1,0,0.000
OT,H8600,dispersione,1,0,0.000
OT,H8601,torta,1,0,0.000
OT,H8606,terrore,1,0,0.000
OT,H8611,bersaglio,1,0,0.000
OT,H8617,potere di resistere,1,0,0.000
OT,H8618,avversario,1,0,0.000
OT,H8628,garante,1,0,0.000
OT,H8629,suono,1,0,0.000
OT,H8642,oblazione,1,0,0.000
OT,H8644,medicina,1,0,0.000
OT,H8645,cipresso,1,0,0.000
OT,H866,ricompensa,1,0,0.000
OT,H8665,tessuto,1,0,0.000
OT,H8670,dono,1,0,0.000
OT,H890,loglio,1,0,0.000
OT,H897,bottino,1,0,0.000
OT,H909,isolamento,1,0,0.000
OT,H923,marmo rosso,1,0,0.000
OT,H930,Behemoth,1,0,0.000
OT,H933,macchia bianca,1,0,0.000
OT,H939,disprezzo,1,0,0.000
OT,H95,pezzo d'argento,1,0,0.000
OT,H950,vuotaggine,1,0,0.000
OT,H965,lampo,1,0,0.000
OT,H968,Bizta,1,0,0.000
OT,H97,Eglaim,1,0,0.000
OT,H987,sicurezza,1,0,0.000
OT,H5002,oracolo,376,6,0.016
OT,H3050,Signore,50,1,0.020
OT,H4148,disciplina,50,1,0.020
OT,H5668,per causa mia,44,1,0.023
OT,H5207,odore soave,43,1,0.023
OT,H8394,intendimento,43,1,0.023
OT,H2077,sacrificio,162,4,0.025
OT,H5769,eternità,438,11,0.025
OT,H4931,custodia,78,2,0.026
OT,H2132,olivo,38,1,0.026
OT,H2656,desiderio,38,1,0.026
NT,G1248,ministero,34,1,0.029
OT,H8267,falsità,113,4,0.035
NT,G5561,regione,27,1,0.037
OT,H7175,tavola,51,2,0.039
OT,H8444,uscita,25,1,0.040
NT,G5532,necessità,49,2,0.041
OT,H2146,memoriale,24,1,0.042
OT,H4960,banchetto,46,2,0.043
OT,H5703,eternità,46,2,0.043
NT,G3900,fallo,23,1,0.043
NT,G4892,consiglio,22,1,0.045
OT,H8457,fornicazione,22,1,0.045
NT,G3735,montagna,65,3,0.046
OT,H983,sicurezza,42,2,0.048
OT,H5475,consiglio segreto,21,1,0.048
NT,G5257,servitore,20,1,0.050
OT,H758,Aram,133,7,0.053
NT,G1162,supplica,19,1,0.053
OT,H650,canale,19,1,0.053
OT,H2796,artigiano,36,2,0.056
OT,H1864,sud,17,1,0.059
OT,H5141,orecchino,17,1,0.059
OT,H6718,cacciagione,17,1,0.059
OT,H7549,firmamento,17,1,0.059
OT,H4264,accampamento,216,13,0.060
OT,H272,possessione,66,4,0.061
OT,H6643,gloria,32,2,0.062
NT,G1198,prigioniero,16,1,0.062
NT,G4973,sigillo,16,1,0.062
OT,H4441,Malchia,16,1,0.062
OT,H7195,cospirazione,16,1,0.062
OT,H7004,incenso,60,4,0.067
NT,G3408,salario,29,2,0.069
OT,H5488,Giunco,28,2,0.071
OT,H3004,terra asciutta,14,1,0.071
OT,H3940,torcia,14,1,0.071
OT,H6118,ricompensa,14,1,0.071
OT,H2580,favore,69,5,0.072
OT,H268,dietro,40,3,0.075
OT,H1354,dorso,13,1,0.077
OT,H1420,maestà,13,1,0.077
OT,H2940,giudizio,13,1,0.077
OT,H6496,soprintendente,13,1,0.077
OT,H899,vestito,218,18,0.083
NT,G4710,diligenza,12,1,0.083
NT,G833,cortile,12,1,0.083
NT,G5479,gioia,59,5,0.085
OT,H2708,statuto,105,9,0.086
OT,H5676,lato,92,8,0.087
NT,G5505,migliaio,23,2,0.087
OT,H4599,fontana,23,2,0.087
OT,H7941,bevanda forte,23,2,0.087
OT,H1496,pietra squadrata,11,1,0.091
OT,H5550,terrapieno,11,1,0.091
OT,H6116,assemblea solenne,11,1,0.091
OT,H6936,cima del capo,11,1,0.091
OT,H7144,calvizie,11,1,0.091
NT,G1085,stirpe,21,2,0.095
OT,H6541,zoccolo,21,2,0.095
OT,H5944,camera superiore,20,2,0.100
OT,H8414,vuoto,20,2,0.100
NT,G2844,compagno,10,1,0.100
OT,H6501,asino selvatico,10,1,0.100
OT,H7054,grano in piedi,10,1,0.100
OT,H910,solitudine,10,1,0.100
OT,H2233,seme,229,23,0.100
OT,H402,cibo,18,2,0.111
NT,G1064,utero,9,1,0.111
NT,G1106,parere,9,1,0.111
NT,G2107,benevolenza,9,1,0.111
OT,H1681,calunnia,9,1,0.111
OT,H3682,vestito,9,1,0.111
OT,H3948,dottrina,9,1,0.111
OT,H4181,eredità,9,1,0.111
OT,H1473,esilio,42,5,0.119
OT,H1823,somiglianza,25,3,0.120
OT,H3708,ira,25,3,0.120
NT,G189,udito,24,3,0.125
OT,H1942,calamità,16,2,0.125
OT,H2721,arsura,16,2,0.125
OT,H4864,dono,16,2,0.125
OT,H1865,libertà,8,1,0.125
OT,H2397,uncino,8,1,0.125
OT,H3734,cor,8,1,0.125
OT,H7117,parte,8,1,0.125
OT,H7962,prosperità,8,1,0.125
OT,H2344,sabbia,23,3,0.130
OT,H4805,ribellione,23,3,0.130
OT,H3162,insieme,15,2,0.133
OT,H6595,boccone,15,2,0.133
NT,G4690,seme,44,6,0.136
OT,H8643,giubilo,36,5,0.139
OT,H3425,eredità,14,2,0.143
OT,H6900,sepoltura,14,2,0.143
NT,G2003,comando,7,1,0.143
NT,G3417,menzione,7,1,0.143
NT,G5028,tomba,7,1,0.143
NT,G819,disonore,7,1,0.143
OT,H1146,edificio,7,1,0.143
OT,H2530,oggetto prezioso,7,1,0.143
OT,H3367,onore,7,1,0.143
OT,H4302,piantagione,7,1,0.143
OT,H7898,spine,7,1,0.143
OT,H830,letamaio,7,1,0.143
OT,H8649,inganno,7,1,0.143
OT,H4161,uscita,27,4,0.148
NT,G156,causa,20,3,0.150
OT,H990,ventre,72,11,0.153
OT,H4261,cosa preziosa,13,2,0.154
NT,G746,inizio,58,9,0.155
OT,H4578,ventre,32,5,0.156
OT,H1167,padrone,83,13,0.157
OT,H2256,corda,62,10,0.161
OT,H6951,assemblea,123,20,0.163
OT,H7723,vanità,54,9,0.167
NT,G3419,tomba,42,7,0.167
OT,H5397,respiro,24,4,0.167
NT,G206,punta,6,1,0.167
NT,G3009,ministero,6,1,0.167
OT,H1067,primogenita,6,1,0.167
OT,H2189,terrore,6,1,0.167
OT,H3785,stregoneria,6,1,0.167
OT,H4685,fortezza,6,1,0.167
OT,H4933,bottino,6,1,0.167
OT,H5585,ramo,6,1,0.167
OT,H5955,racimoli,6,1,0.167
OT,H6181,nudità,6,1,0.167
OT,H6728,animale del deserto,6,1,0.167
OT,H7654,sazietà,6,1,0.167
OT,H8229,moltitudine,6,1,0.167
OT,H8545,ricompensa,6,1,0.167
OT,H7585,soggiorno dei morti,65,11,0.169
OT,H4522,tributo,23,4,0.174
OT,H7230,moltitudine,149,27,0.181
OT,H2087,superbia,11,2,0.182
OT,H3830,vestito,32,6,0.188
OT,H1002,palazzo,16,3,0.188
OT,H7922,intelligenza,16,3,0.188
OT,H1779,giudizio,21,4,0.190
OT,H2351,strada,164,32,0.195
OT,H7522,favore,56,11,0.196
OT,H7379,lite,61,12,0.197
OT,H3639,vergogna,30,6,0.200
OT,H1237,pianura,20,4,0.200
NT,G2169,ringraziamento,15,3,0.200
OT,H8318,rettile,15,3,0.200
NT,G1345,ordinanza,10,2,0.200
NT,G5544,bontà,10,2,0.200
OT,H6211,tignola,10,2,0.200
OT,H6872,sacchetto,10,2,0.200
OT,H961,bottino,10,2,0.200
NT,G1378,decreto,5,1,0.200
NT,G1491,forma,5,1,0.200
NT,G3852,incarico,5,1,0.200
OT,H3419,verdura,5,1,0.200
OT,H4174,discesa,5,1,0.200
OT,H4301,tesoro nascosto,5,1,0.200
OT,H6195,astuzia,5,1,0.200
OT,H6788,cima,5,1,0.200
OT,H6797,diadema,5,1,0.200
OT,H7413,altura,5,1,0.200
OT,H8029,terza generazione,5,1,0.200
OT,H8503,fine,5,1,0.200
OT,H8510,mucchio di rovine,5,1,0.200
OT,H4941,giudizio,424,85,0.200
OT,H7667,rovina,44,9,0.205
OT,H5688,corda,24,5,0.208
OT,H5058,canzone,14,3,0.214
OT,H3627,vaso,325,72,0.222
OT,H4635,fila,9,2,0.222
OT,H4186,dimora,44,10,0.227
OT,H1847,conoscenza,91,21,0.231
OT,H6510,giovenca,26,6,0.231
NT,G5158,modo,13,3,0.231
OT,H3270,Jaezer,13,3,0.231
OT,H3411,estremità,30,7,0.233
OT,H5288,giovane,239,56,0.234
OT,H3366,onore,17,4,0.235
OT,H8596,tamburello,17,4,0.235
NT,G2776,testa,76,18,0.237
OT,H713,porpora,38,9,0.237
OT,H4539,tenda,25,6,0.240
OT,H5608,scriba,54,13,0.241
OT,H8300,superstite,29,7,0.241
NT,G2440,vestito,62,15,0.242
OT,H2706,statuto,128,31,0.242
NT,G5281,pazienza,32,8,0.250
OT,H4541,immagine fusa,28,7,0.250
NT,G1199,legame,20,5,0.250
OT,H8403,modello,20,5,0.250
NT,G2040,lavoratore,16,4,0.250
OT,H8008,mantello,16,4,0.250
NT,G1388,inganno,12,3,0.250
NT,G2904,potenza,12,3,0.250
NT,G4286,proposito,12,3,0.250
OT,H4103,tumulto,12,3,0.250
OT,H4550,viaggio,12,3,0.250
OT,H6735,dolore,12,3,0.250
OT,H7553,ricamo,12,3,0.250
NT,G1742,vestito,8,2,0.250
NT,G2066,vestito,8,2,0.250
NT,G5236,eccesso,8,2,0.250
OT,H1348,maestà,8,2,0.250
OT,H24,spiga,8,2,0.250
OT,H2724,terra asciutta,8,2,0.250
OT,H4225,giuntura,8,2,0.250
OT,H4403,vestito,8,2,0.250
OT,H5627,ribellione,8,2,0.250
OT,H7261,signore,8,2,0.250
OT,H7531,pavimento,8,2,0.250
OT,H8666,risposta,8,2,0.250
NT,G2083,compagno,4,1,0.250
NT,G2209,perdita,4,1,0.250
NT,G2271,silenzio,4,1,0.250
NT,G2845,letto,4,1,0.250
NT,G2933,possesso,4,1,0.250
NT,G2981,parlare,4,1,0.250
NT,G3800,paga,4,1,0.250
NT,G4009,fine,4,1,0.250
NT,G4382,riguardo a persone,4,1,0.250
NT,G4676,fazzoletto,4,1,0.250
NT,G4730,angoscia,4,1,0.250
NT,G485,opposizione,4,1,0.250
NT,G4886,legame,4,1,0.250
NT,G5427,sentimento,4,1,0.250
NT,G5464,grandine,4,1,0.250
NT,G747,duce,4,1,0.250
NT,G877,stoltezza,4,1,0.250
OT,H1172,padrona,4,1,0.250
OT,H1415,riva,4,1,0.250
OT,H1631,ascia,4,1,0.250
OT,H1747,silenzio,4,1,0.250
OT,H1902,meditazione,4,1,0.250
OT,H2172,melodia,4,1,0.250
OT,H219,luce,4,1,0.250
OT,H2479,dolore,4,1,0.250
OT,H2519,lusinghe,4,1,0.250
OT,H3305,Giaffa,4,1,0.250
OT,H4524,giro,4,1,0.250
OT,H4846,fiele,4,1,0.250
OT,H491,vedovanza,4,1,0.250
OT,H5290,giovinezza,4,1,0.250
OT,H5306,Smeraldo,4,1,0.250
OT,H5520,tabernacolo,4,1,0.250
OT,H5920,Altissimo,4,1,0.250
OT,H6090,dolore,4,1,0.250
OT,H6170,aiuola,4,1,0.250
OT,H6292,cosa aborrita,4,1,0.250
OT,H6320,antimonio,4,1,0.250
OT,H7168,strappo,4,1,0.250
OT,H7210,aspetto,4,1,0.250
OT,H7574,ginepro,4,1,0.250
OT,H7875,calce,4,1,0.250
OT,H7880,arbusto,4,1,0.250
OT,H8178,tempesta,4,1,0.250
OT,H8495,becco,4,1,0.250
OT,H8663,fragore,4,1,0.250
OT,H9,cosa perduta,4,1,0.250
OT,H92,giogo,4,1,0.250
OT,H1389,collina,71,18,0.254
NT,G3813,bambino,51,13,0.255
OT,H3206,bambino,90,23,0.256
OT,H8393,prodotto,43,11,0.256
OT,H8435,generazione,39,10,0.256
NT,G3793,folla,175,45,0.257
NT,G1249,servitore,31,8,0.258
OT,H1730,zio,61,16,0.262
OT,H7872,vecchiaia,19,5,0.263
OT,H3409,fianco,34,9,0.265
OT,H5518,pentola,34,9,0.265
OT,H6205,caligine,15,4,0.267
OT,H7423,frode,15,4,0.267
OT,H7605,resto,26,7,0.269
NT,G1144,lacrima,11,3,0.273
NT,G2821,chiamata,11,3,0.273
NT,G4698,viscere,11,3,0.273
OT,H1448,recinto,11,3,0.273
OT,H182,motivo,11,3,0.273
OT,H8585,fosso,11,3,0.273
OT,H1369,potenza,62,17,0.274
OT,H400,cibo,43,12,0.279
OT,H657,estremità,43,12,0.279
OT,H2898,bontà,32,9,0.281
OT,H2723,deserto,42,12,0.286
OT,H3374,timore,42,12,0.286
OT,H8433,correzione,28,8,0.286
NT,G1319,insegnamento,21,6,0.286
NT,G4633,tenda,21,6,0.286
OT,H3617,distruzione,21,6,0.286
NT,G1261,ragionamento,14,4,0.286
OT,H4490,porzione,14,4,0.286
OT,H7596,richiesta,14,4,0.286
NT,G2052,contesa,7,2,0.286
NT,G2207,zelota,7,2,0.286
NT,G2500,Giuseppe,7,2,0.286
NT,G3418,tomba,7,2,0.286
NT,G3558,mezzogiorno,7,2,0.286
OT,H185,desiderio,7,2,0.286
OT,H2267,incantesimo,7,2,0.286
OT,H4207,forchetta,7,2,0.286
OT,H4521,porzione,7,2,0.286
OT,H4808,contesa,7,2,0.286
OT,H4924,grasso,7,2,0.286
OT,H504,bue,7,2,0.286
OT,H6089,fatica,7,2,0.286
OT,H6287,turbante,7,2,0.286
OT,H7253,quarto,7,2,0.286
OT,H7565,fiamma,7,2,0.286
OT,H821,veglia,7,2,0.286
OT,H8314,serafino,7,2,0.286
OT,H6869,angoscia,73,21,0.288
NT,G1401,servo,125,36,0.288
OT,H3629,reni,31,9,0.290
OT,H4503,offerta,211,62,0.294
OT,H7225,principio,51,15,0.294
OT,H1530,onda,34,10,0.294
OT,H1363,altezza,17,5,0.294
OT,H7105,raccolto,54,16,0.296
OT,H3802,spalla,67,20,0.299
NT,G694,argento,20,6,0.300
OT,H5251,vessillo,20,6,0.300
NT,G3623,amministratore,10,3,0.300
NT,G5564,campo,10,3,0.300
OT,H2529,burro,10,3,0.300
OT,H4465,vendita,10,3,0.300
OT,H6388,ruscello,10,3,0.300
OT,H653,oscurità,10,3,0.300
OT,H7075,beni,10,3,0.300
OT,H8419,perversità,10,3,0.300
OT,H2781,vituperio,73,22,0.301
OT,H6203,cervice,33,10,0.303
NT,G2836,ventre,23,7,0.304
OT,H3996,ingresso,23,7,0.304
OT,H4005,scelto,13,4,0.308
OT,H424,quercia,13,4,0.308
OT,H6119,calcagno,13,4,0.308
OT,H7722,rovina,13,4,0.308
OT,H5079,impurità,29,9,0.310
NT,G2098,vangelo,77,24,0.312
OT,H4219,coppa,32,10,0.312
OT,H5561,aroma,16,5,0.312
OT,H6190,prepuzio,16,5,0.312
OT,H3974,luminare,19,6,0.316
OT,H4209,disegno,19,6,0.316
OT,H4339,rettitudine,19,6,0.316
OT,H7611,resto,66,21,0.318
OT,H5145,diadema,25,8,0.320
OT,H905,solo,202,65,0.322
OT,H8071,vestito,31,10,0.323
OT,H4060,misura,55,18,0.327
OT,H5643,segreto,36,12,0.333
OT,H8052,notizia,27,9,0.333
OT,H1097,senza,24,8,0.333
OT,H3895,guancia,21,7,0.333
NT,G318,necessità,18,6,0.333
OT,H4526,cornice,18,6,0.333
OT,H8088,fama,18,6,0.333
OT,H7814,scherno,15,5,0.333
NT,G1485,usanza,12,4,0.333
NT,G3087,lampada,12,4,0.333
OT,H4172,terrore,12,4,0.333
OT,H6720,viveri,12,4,0.333
OT,H6943,Kedes,12,4,0.333
OT,H7219,veleno,12,4,0.333
NT,G5303,bisogno,9,3,0.333
OT,H2230,piena,9,3,0.333
OT,H2731,terrore,9,3,0.333
OT,H3336,disegno,9,3,0.333
OT,H3564,fornace,9,3,0.333
OT,H4385,scritto,9,3,0.333
NT,G2039,profitto,6,2,0.333
NT,G4693,grotta,6,2,0.333
NT,G5311,altezza,6,2,0.333
NT,G73,lotta,6,2,0.333
OT,H2158,canto,6,2,0.333
OT,H2429,esercito,6,2,0.333
OT,H2651,manata,6,2,0.333
OT,H3599,borsa,6,2,0.333
OT,H3909,arti occulte,6,2,0.333
OT,H4114,sovvertimento,6,2,0.333
OT,H4991,dono,6,2,0.333
OT,H6137,scorpione,6,2,0.333
OT,H7312,alterigia,6,2,0.333
OT,H7858,inondazione,6,2,0.333
OT,H7888,Scilonita,6,2,0.333
NT,G1078,generazione,3,1,0.333
NT,G1253,discernimento,3,1,0.333
NT,G1370,divisione,3,1,0.333
NT,G1399,serva,3,1,0.333
NT,G1413,potente,3,1,0.333
NT,G155,richiesta,3,1,0.333
NT,G1662,Eliakim,3,1,0.333
NT,G1778,comandamento,3,1,0.333
NT,G1841,morte,3,1,0.333
NT,G2012,amministratore,3,1,0.333
NT,G2171,preghiera,3,1,0.333
NT,G2285,stupore,3,1,0.333
NT,G2302,spettacolo,3,1,0.333
NT,G2447,ruggine,3,1,0.333
NT,G2519,maestro,3,1,0.333
NT,G2922,tribunale,3,1,0.333
NT,G3061,peste,3,1,0.333
NT,G3331,mutamento,3,1,0.333
NT,G3405,ricompensa,3,1,0.333
NT,G3682,Onesimo,3,1,0.333
NT,G3722,mattino,3,1,0.333
NT,G4144,navigazione,3,1,0.333
NT,G4177,cittadino,3,1,0.333
NT,G4587,gravità,3,1,0.333
NT,G4638,dimora,3,1,0.333
NT,G4641,durezza di cuore,3,1,0.333
NT,G4967,macello,3,1,0.333
NT,G5280,ricordo,3,1,0.333
NT,G5331,stregoneria,3,1,0.333
NT,G5338,luce,3,1,0.333
NT,G5586,voto,3,1,0.333
NT,G5589,briciola,3,1,0.333
NT,G712,pranzo,3,1,0.333
NT,G92,ingiustizia,3,1,0.333
OT,H101,coppa,3,1,0.333
OT,H1098,foraggio,3,1,0.333
OT,H1209,Bezai,3,1,0.333
OT,H124,rubino,3,1,0.333
OT,H1247,figlio,3,1,0.333
OT,H1294,Beraca,3,1,0.333
OT,H1304,carbonchio,3,1,0.333
OT,H1466,orgoglio,3,1,0.333
OT,H1618,scabbia,3,1,0.333
OT,H1694,saldatura,3,1,0.333
OT,H18,mangiatoia,3,1,0.333
OT,H1899,rombo,3,1,0.333
OT,H2032,concepimento,3,1,0.333
OT,H2152,arsura,3,1,0.333
OT,H2177,sorta,3,1,0.333
OT,H2181,prostituta,3,1,0.333
OT,H2291,Haggi,3,1,0.333
OT,H2597,dedicazione,3,1,0.333
OT,H2640,mancanza,3,1,0.333
OT,H2646,camera nuziale,3,1,0.333
OT,H2738,ortica,3,1,0.333
OT,H2791,artigiano,3,1,0.333
OT,H2808,ragione,3,1,0.333
OT,H2830,rame terso,3,1,0.333
OT,H2984,Ibhar,3,1,0.333
OT,H3035,Iddo,3,1,0.333
OT,H3095,diamante,3,1,0.333
OT,H3156,Izrahia,3,1,0.333
OT,H3351,essere vivente,3,1,0.333
OT,H344,avvoltoio,3,1,0.333
OT,H3520,bagaglio,3,1,0.333
OT,H3530,tratto di strada,3,1,0.333
OT,H3619,gabbia,3,1,0.333
OT,H3691,Chisleu,3,1,0.333
OT,H3712,ramo,3,1,0.333
OT,H3773,trave,3,1,0.333
OT,H3788,successo,3,1,0.333
OT,H3872,Luhit,3,1,0.333
OT,H4001,calpestamento,3,1,0.333
OT,H4164,angoscia,3,1,0.333
OT,H4180,possessione,3,1,0.333
OT,H4195,profitto,3,1,0.333
OT,H4486,conoscenza,3,1,0.333
OT,H4683,contesa,3,1,0.333
OT,H4712,angoscia,3,1,0.333
OT,H4817,carro,3,1,0.333
OT,H4866,parto,3,1,0.333
OT,H4875,desolazione,3,1,0.333
OT,H4915,dominio,3,1,0.333
OT,H5150,consolazione,3,1,0.333
OT,H523,nazione,3,1,0.333
OT,H5238,cose preziose,3,1,0.333
OT,H5575,cecità,3,1,0.333
OT,H5587,pensiero,3,1,0.333
OT,H6093,dolore,3,1,0.333
OT,H612,legame,3,1,0.333
OT,H6365,sciagura,3,1,0.333
OT,H6397,Pelonita,3,1,0.333
OT,H6519,villaggio,3,1,0.333
OT,H6725,segnale,3,1,0.333
OT,H6748,arrosto,3,1,0.333
OT,H679,ascella,3,1,0.333
OT,H6843,corona,3,1,0.333
OT,H6882,Tsorathita,3,1,0.333
OT,H6986,sterminio,3,1,0.333
OT,H7090,riccio,3,1,0.333
OT,H7095,misura,3,1,0.333
OT,H723,stalla,3,1,0.333
OT,H7294,Rahab,3,1,0.333
OT,H7314,altezza,3,1,0.333
OT,H7395,cavaliere,3,1,0.333
OT,H7452,clamore,3,1,0.333
OT,H7475,vanità,3,1,0.333
OT,H7499,medicamento,3,1,0.333
OT,H7536,sputo,3,1,0.333
OT,H7771,ricco,3,1,0.333
OT,H7966,ricompensa,3,1,0.333
OT,H8186,cosa orribile,3,1,0.333
OT,H8633,potenza,3,1,0.333
OT,H8650,albero,3,1,0.333
OT,H922,vuoto,3,1,0.333
NT,G1484,nazione,164,55,0.335
NT,G1849,autorità,103,35,0.340
OT,H2428,esercito,234,80,0.342
OT,H5999,fatica,55,19,0.345
OT,H6343,terrore,49,17,0.347
OT,H1215,guadagno,23,8,0.348
OT,H4869,rifugio,17,6,0.353
OT,H5461,governatore,17,6,0.353
OT,H7494,terremoto,17,6,0.353
NT,G2347,tribolazione,45,16,0.356
NT,G2917,giudizio,28,10,0.357
OT,H6468,ricompensa,14,5,0.357
OT,H957,bottino,25,9,0.360
OT,H776,terra,2505,906,0.362
OT,H7227,capo,33,12,0.364
OT,H1881,decreto,22,8,0.364
OT,H7281,istante,22,8,0.364
NT,G2745,vanto,11,4,0.364
NT,G5578,falso profeta,11,4,0.364
OT,H2336,spina,11,4,0.364
OT,H3326,letto,11,4,0.364
OT,H4033,pellegrinaggio,11,4,0.364
OT,H4889,distruzione,11,4,0.364
OT,H7606,resto,11,4,0.364
OT,H7757,orlo,11,4,0.364
OT,H937,disprezzo,11,4,0.364
OT,H3978,cibo,30,11,0.367
NT,G1435,dono,19,7,0.368
OT,H1346,superbia,19,7,0.368
OT,H4853,oracolo,65,24,0.369
OT,H6697,roccia,78,29,0.372
OT,H3499,resto,102,38,0.373
OT,H4758,aspetto,104,39,0.375
OT,H2876,capo delle guardie,32,12,0.375
OT,H6672,mezzogiorno,24,9,0.375
OT,H3733,montone,16,6,0.375
OT,H3791,scritto,16,6,0.375
OT,H4832,guarigione,16,6,0.375
OT,H5492,tempesta,16,6,0.375
NT,G3751,lombi,8,3,0.375
NT,G4978,divisione,8,3,0.375
NT,G861,incorruttibilità,8,3,0.375
OT,H359,Eloth,8,3,0.375
OT,H5459,tesoro,8,3,0.375
OT,H7973,dardo,8,3,0.375
OT,H7458,carestia,101,38,0.376
NT,G758,principe,37,14,0.378
OT,H7834,nuvola,21,8,0.381
OT,H4912,proverbio,39,15,0.385
OT,H1952,ricchezza,26,10,0.385
OT,H4829,pascolo,13,5,0.385
OT,H8593,rasoio,13,5,0.385
OT,H1322,vergogna,31,12,0.387
OT,H2563,argilla,31,12,0.387
OT,H4731,bastone,18,7,0.389
OT,H3569,Etiope,23,9,0.391
OT,H4334,pianura,23,9,0.391
OT,H1065,pianto,28,11,0.393
OT,H7399,beni,28,11,0.393
OT,H1416,banda,33,13,0.394
OT,H929,bestiame,190,75,0.395
OT,H423,maledizione,35,14,0.400
OT,H1926,maestà,30,12,0.400
NT,G203,incirconcisione,20,8,0.400
OT,H6957,corda,20,8,0.400
OT,H8378,desiderio,20,8,0.400
OT,H1543,capitello,15,6,0.400
OT,H2270,compagno,15,6,0.400
OT,H6776,paio,15,6,0.400
NT,G3041,lago,10,4,0.400
OT,H1558,motivo,10,4,0.400
OT,H3504,profitto,10,4,0.400
OT,H4565,nascondiglio,10,4,0.400
OT,H4585,tana,10,4,0.400
NT,G1397,servitù,5,2,0.400
NT,G1424,occidente,5,2,0.400
NT,G181,sommossa,5,2,0.400
NT,G2382,corazza,5,2,0.400
NT,G2583,campo,5,2,0.400
NT,G5413,carico,5,2,0.400
OT,H1700,ordine,5,2,0.400
OT,H2122,splendore,5,2,0.400
OT,H2380,visione,5,2,0.400
OT,H2392,forza,5,2,0.400
OT,H2394,forza,5,2,0.400
OT,H2825,oscurità,5,2,0.400
OT,H4531,prova,5,2,0.400
OT,H4615,profondità,5,2,0.400
OT,H4937,sostegno,5,2,0.400
OT,H4971,composizione,5,2,0.400
OT,H5356,innocenza,5,2,0.400
OT,H5449,portatore di pesi,5,2,0.400
OT,H5490,fine,5,2,0.400
OT,H5730,delizia,5,2,0.400
OT,H6077,Ofel,5,2,0.400
OT,H6155,salice,5,2,0.400
OT,H667,pulcino,5,2,0.400
OT,H6714,Tsohar,5,2,0.400
OT,H6876,Tirio,5,2,0.400
OT,H7486,Ramses,5,2,0.400
OT,H571,verità,127,51,0.402
OT,H7453,prossimo,189,76,0.402
OT,H1100,scellerato,27,11,0.407
OT,H4962,uomini,22,9,0.409
OT,H319,fine,61,25,0.410
OT,H8597,gloria,51,21,0.412
OT,H8668,salvezza,34,14,0.412
OT,H2154,scelleratezza,29,12,0.414
OT,H4347,piaga,48,20,0.417
NT,G3816,servo,24,10,0.417
NT,G769,debolezza,24,10,0.417
OT,H3906,oppressione,12,5,0.417
OT,H4723,speranza,12,5,0.417
OT,H5399,crepuscolo,12,5,0.417
OT,H7385,invano,12,5,0.417
OT,H8553,Timna,12,5,0.417
OT,H6086,albero,330,138,0.418
OT,H6285,lato,86,36,0.419
OT,H3247,fondamento,19,8,0.421
NT,G5401,timore,47,20,0.426
OT,H953,cisterna,68,29,0.426
OT,H1347,orgoglio,49,21,0.429
OT,H1300,lampo,21,9,0.429
OT,H1375,coppa,14,6,0.429
OT,H6016,omer,14,6,0.429
OT,H7613,tumore,14,6,0.429
OT,H8453,forestiero,14,6,0.429
NT,G1430,tetto,7,3,0.429
NT,G1611,estasi,7,3,0.429
NT,G3461,miriade,7,3,0.429
NT,G4392,pretesto,7,3,0.429
NT,G5536,ricchezza,7,3,0.429
OT,H1731,caldaia,7,3,0.429
OT,H2131,catena,7,3,0.429
OT,H2250,contusione,7,3,0.429
OT,H2356,buco,7,3,0.429
OT,H2918,accampamento,7,3,0.429
OT,H3122,Gionadab,7,3,0.429
OT,H4285,tenebre,7,3,0.429
OT,H4543,approvvigionamento,7,3,0.429
OT,H4923,desolazione,7,3,0.429
OT,H6835,orciuolo,7,3,0.429
OT,H7581,ruggito,7,3,0.429
OT,H8639,sonno profondo,7,3,0.429
OT,H865,passato,7,3,0.429
OT,H4013,fortezza,37,16,0.432
OT,H1755,generazione,168,73,0.435
OT,H6921,oriente,69,30,0.435
NT,G4632,vaso,23,10,0.435
OT,H4283,indomani,32,14,0.438
OT,H5645,nuvola,32,14,0.438
OT,H3759,frutteto,16,7,0.438
OT,H6944,santo,467,205,0.439
OT,H3618,sposa,34,15,0.441
OT,H6612,semplice,18,8,0.444
OT,H7015,lamento,18,8,0.444
OT,H7588,tumulto,18,8,0.444
NT,G1081,frutto,9,4,0.444
NT,G1557,vendetta,9,4,0.444
NT,G4714,dissenso,9,4,0.444
NT,G766,lascivia,9,4,0.444
NT,G899,profondità,9,4,0.444
OT,H1524,gioia,9,4,0.444
OT,H3218,bruco,9,4,0.444
OT,H5835,cortile,9,4,0.444
OT,H652,oscurità,9,4,0.444
OT,H699,finestra,9,4,0.444
OT,H5795,capra,74,33,0.446
OT,H6924,oriente,85,38,0.447
OT,H6440,volto,2127,951,0.447
OT,H2860,genero,20,9,0.450
OT,H4256,divisione,42,19,0.452
OT,H802,donna,781,354,0.453
OT,H1447,muro,11,5,0.455
OT,H2527,calore,11,5,0.455
OT,H4055,veste,11,5,0.455
OT,H6616,cordone,11,5,0.455
OT,H761,Siro,11,5,0.455
OT,H7752,frusta,11,5,0.455
OT,H7699,seno,24,11,0.458
NT,G165,secolo,128,59,0.461
OT,H8577,sciacallo,26,12,0.462
OT,H1472,cadavere,13,6,0.462
OT,H935,ingresso,13,6,0.462
NT,G749,sommo sacerdote,123,57,0.463
OT,H3406,Jerimoth,15,7,0.467
OT,H4242,prezzo,15,7,0.467
OT,H4475,dominio,15,7,0.467
OT,H7564,empietà,15,7,0.467
OT,H5315,anima,757,354,0.468
OT,H7036,ignominia,17,8,0.471
OT,H5707,testimone,70,33,0.471
OT,H2677,metà,123,58,0.472
OT,H1612,vite,55,26,0.473
OT,H2945,bambino,42,20,0.476
OT,H4557,numero,134,64,0.478
OT,H3458,Ismaele,48,23,0.479
OT,H6438,angolo,29,14,0.483
OT,H1241,bue,183,89,0.486
OT,H5439,intorno,337,165,0.490
OT,H7023,muro,74,37,0.500
OT,H4284,pensiero,56,28,0.500
OT,H4609,gradino,50,25,0.500
OT,H5592,soglia,32,16,0.500
OT,H7262,Rabshaké,32,16,0.500
OT,H7562,empietà,30,15,0.500
OT,H4598,manto,28,14,0.500
OT,H6413,scampato,28,14,0.500
NT,G1992,lettera,24,12,0.500
OT,H1935,maestà,24,12,0.500
OT,H6412,fuggiasco,24,12,0.500
OT,H6456,idolo,24,12,0.500
OT,H4929,guardia,22,11,0.500
OT,H5662,Obadia,20,10,0.500
NT,G3619,edificazione,18,9,0.500
OT,H4608,salita,18,9,0.500
NT,G5179,modello,16,8,0.500
OT,H4074,Media,16,8,0.500
OT,H4276,metà,16,8,0.500
OT,H5139,Nazireo,16,8,0.500
OT,H7607,carne,16,8,0.500
NT,G3115,pazienza,14,7,0.500
OT,H3476,rettitudine,14,7,0.500
NT,G2746,vanto,12,6,0.500
NT,G4464,bastone,12,6,0.500
OT,H1538,testa,12,6,0.500
OT,H2101,flusso,12,6,0.500
OT,H5392,usura,12,6,0.500
OT,H6252,Astarte,12,6,0.500
OT,H6780,germoglio,12,6,0.500
OT,H8407,Tiglath-Pileser,12,6,0.500
NT,G395,oriente,10,5,0.500
NT,G4106,errore,10,5,0.500
NT,G4755,capitano,10,5,0.500
OT,H1091,terrore,10,5,0.500
OT,H1331,verginità,10,5,0.500
OT,H357,Aialon,10,5,0.500
OT,H4679,fortezza,10,5,0.500
OT,H5895,puledro,10,5,0.500
OT,H8544,immagine,10,5,0.500
NT,G288,vite,8,4,0.500
NT,G3622,amministrazione,8,4,0.500
NT,G4753,esercito,8,4,0.500
NT,G572,semplicità,8,4,0.500
OT,H1020,Beth-Iescimoth,8,4,0.500
OT,H1246,richiesta,8,4,0.500
OT,H3082,Gionadab,8,4,0.500
OT,H4032,terrore,8,4,0.500
OT,H4122,Maher-Shalal-Hash-Baz,8,4,0.500
OT,H4602,Maacatita,8,4,0.500
OT,H4658,caduta,8,4,0.500
OT,H4806,vitello grasso,8,4,0.500
OT,H5183,riposo,8,4,0.500
OT,H5780,Uz,8,4,0.500
OT,H8322,scherno,8,4,0.500
NT,G123,riva,6,3,0.500
NT,G1258,lingua,6,3,0.500
NT,G152,vergogna,6,3,0.500
NT,G2331,Tessalonicese,6,3,0.500
NT,G2906,grido,6,3,0.500
NT,G3540,pensiero,6,3,0.500
NT,G3671,confessione,6,3,0.500
NT,G4006,fiducia,6,3,0.500
NT,G4163,facitore,6,3,0.500
OT,H1500,rapina,6,3,0.500
OT,H1844,conoscenza,6,3,0.500
OT,H1918,mirto,6,3,0.500
OT,H3355,Joktan,6,3,0.500
OT,H380,pupilla,6,3,0.500
OT,H4245,malattia,6,3,0.500
OT,H4586,Maoniti,6,3,0.500
OT,H4906,immagine,6,3,0.500
OT,H5543,Sallu,6,3,0.500
OT,H6530,violento,6,3,0.500
OT,H6767,cembalo,6,3,0.500
OT,H7241,acquazzone,6,3,0.500
OT,H7461,tremore,6,3,0.500
OT,H7468,compagna,6,3,0.500
OT,H7619,Scebuel,6,3,0.500
OT,H7643,Sibmah,6,3,0.500
NT,G1732,prova,4,2,0.500
NT,G2322,guarigione,4,2,0.500
NT,G2724,accusa,4,2,0.500
NT,G2788,cetra,4,2,0.500
NT,G2934,bestia,4,2,0.500
NT,G3126,mammona,4,2,0.500
NT,G3430,adulterio,4,2,0.500
NT,G3639,distruzione,4,2,0.500
NT,G3706,vista,4,2,0.500
NT,G3759,guai,4,2,0.500
NT,G3966,patriarca,4,2,0.500
NT,G4050,abbondanza,4,2,0.500
NT,G4088,amarezza,4,2,0.500
NT,G4136,certezza,4,2,0.500
NT,G5014,umiliazione,4,2,0.500
NT,G5079,artigiano,4,2,0.500
NT,G529,incontro,4,2,0.500
NT,G5292,sottomissione,4,2,0.500
NT,G5604,dolore,4,2,0.500
OT,H1021,Bethkerem,4,2,0.500
OT,H1024,Beth-Marcaboth,4,2,0.500
OT,H1046,Beth-Palet,4,2,0.500
OT,H1356,fossa,4,2,0.500
OT,H1430,covone,4,2,0.500
OT,H1550,anello,4,2,0.500
OT,H1630,Gherizim,4,2,0.500
OT,H2166,tempo,4,2,0.500
OT,H2333,villaggio,4,2,0.500
OT,H2657,Heftsiba,4,2,0.500
OT,H2775,sole,4,2,0.500
OT,H2982,Gebus,4,2,0.500
OT,H3075,Jehozabad,4,2,0.500
OT,H3325,Jtsehariti,4,2,0.500
OT,H3492,Iattir,4,2,0.500
OT,H3748,divorzio,4,2,0.500
OT,H4109,cammino,4,2,0.500
OT,H4115,prigione,4,2,0.500
OT,H4213,poco,4,2,0.500
OT,H4429,Melec,4,2,0.500
OT,H4520,Manasse,4,2,0.500
OT,H4574,delizia,4,2,0.500
OT,H4662,censimento,4,2,0.500
OT,H4770,stalla,4,2,0.500
OT,H4956,Misrefot-Maim,4,2,0.500
OT,H4964,briglia,4,2,0.500
OT,H5194,pianta,4,2,0.500
OT,H5299,regione,4,2,0.500
OT,H5732,tempo,4,2,0.500
OT,H5748,flauto,4,2,0.500
OT,H5842,penna,4,2,0.500
OT,H5853,Atharoth-Addar,4,2,0.500
OT,H5856,rovina,4,2,0.500
OT,H5995,covone,4,2,0.500
OT,H6304,redenzione,4,2,0.500
OT,H6312,Puah,4,2,0.500
OT,H6427,terrore,4,2,0.500
OT,H6594,lino,4,2,0.500
OT,H7298,abbeveratoio,4,2,0.500
OT,H7409,corsiero,4,2,0.500
OT,H7448,freno,4,2,0.500
OT,H7803,Shuthelah,4,2,0.500
OT,H7883,Scihor,4,2,0.500
OT,H8069,Samir,4,2,0.500
OT,H8148,proverbio,4,2,0.500
OT,H8443,vigore,4,2,0.500
OT,H8447,volta,4,2,0.500
OT,H877,cisterna,4,2,0.500
OT,H928,terrore,4,2,0.500
OT,H955,vergogna,4,2,0.500
NT,G1013,proposito,2,1,0.500
NT,G1040,bisso,2,1,0.500
NT,G1052,Galata,2,1,0.500
NT,G1082,Gennesaret,2,1,0.500
NT,G1158,Daniele,2,1,0.500
NT,G1394,dono,2,1,0.500
NT,G1462,accusa,2,1,0.500
NT,G1674,greca,2,1,0.500
NT,G1755,operazione,2,1,0.500
NT,G1783,intercessione,2,1,0.500
NT,G192,incontinenza,2,1,0.500
NT,G1932,mitezza,2,1,0.500
NT,G2056,capretto,2,1,0.500
NT,G2060,Erme,2,1,0.500
NT,G212,millanteria,2,1,0.500
NT,G2120,opportunità,2,1,0.500
NT,G2133,benevolenza,2,1,0.500
NT,G221,Alessandrino,2,1,0.500
NT,G2275,diminuzione,2,1,0.500
NT,G2589,conoscitore dei cuori,2,1,0.500
NT,G2633,condanna,2,1,0.500
NT,G2732,dimora,2,1,0.500
NT,G2738,calore,2,1,0.500
NT,G2757,ciance,2,1,0.500
NT,G2774,somma,2,1,0.500
NT,G2829,furto,2,1,0.500
NT,G2830,flutto,2,1,0.500
NT,G2835,quattrino,2,1,0.500
NT,G2851,punizione,2,1,0.500
NT,G2874,concime,2,1,0.500
NT,G3043,lino,2,1,0.500
NT,G3180,astuzia,2,1,0.500
NT,G3183,ubriacone,2,1,0.500
NT,G3314,mezzogiorno,2,1,0.500
NT,G336,uccisione,2,1,0.500
NT,G3446,forma,2,1,0.500
NT,G3500,morte,2,1,0.500
NT,G3533,Nicopoli,2,1,0.500
NT,G3542,pastura,2,1,0.500
NT,G3582,orciuolo,2,1,0.500
NT,G3597,viaggio,2,1,0.500
NT,G3602,lamento,2,1,0.500
NT,G3613,dimora,2,1,0.500
NT,G3665,somiglianza,2,1,0.500
NT,G3692,apertura,2,1,0.500
NT,G3730,moto,2,1,0.500
NT,G3776,beni,2,1,0.500
NT,G3782,debito,2,1,0.500
NT,G3808,ragazzo,2,1,0.500
NT,G3824,rigenerazione,2,1,0.500
NT,G3894,provocazione,2,1,0.500
NT,G3940,dimora,2,1,0.500
NT,G3948,contesa,2,1,0.500
NT,G4018,copertura,2,1,0.500
NT,G4131,violento,2,1,0.500
NT,G4157,soffio,2,1,0.500
NT,G4269,antenato,2,1,0.500
NT,G439,brace,2,1,0.500
NT,G4473,aspersione,2,1,0.500
NT,G4574,oggetto di culto,2,1,0.500
NT,G463,pazienza,2,1,0.500
NT,G489,contraccambio,2,1,0.500
NT,G4898,compagno di viaggio,2,1,0.500
NT,G4961,commilitone,2,1,0.500
NT,G4963,assembramento,2,1,0.500
NT,G4976,figura,2,1,0.500
NT,G4979,cordicella,2,1,0.500
NT,G5017,tumulto,2,1,0.500
NT,G5018,di Tarso,2,1,0.500
NT,G5047,perfezione,2,1,0.500
NT,G5050,perfezione,2,1,0.500
NT,G5172,delizia,2,1,0.500
NT,G5197,insolente,2,1,0.500
NT,G5247,eccellenza,2,1,0.500
NT,G5296,modello,2,1,0.500
NT,G5304,bisogno,2,1,0.500
NT,G5353,suono,2,1,0.500
NT,G5371,Filemone,2,1,0.500
NT,G5374,Filippese,2,1,0.500
NT,G5381,ospitalità,2,1,0.500
NT,G5402,Febe,2,1,0.500
NT,G5415,Fortunato,2,1,0.500
NT,G5437,fuga,2,1,0.500
NT,G5521,fiele,2,1,0.500
NT,G56,ignoranza,2,1,0.500
NT,G5622,vantaggio,2,1,0.500
NT,G580,perdita,2,1,0.500
NT,G646,apostasia,2,1,0.500
NT,G808,vergogna,2,1,0.500
NT,G822,vapore,2,1,0.500
NT,G834,flautista,2,1,0.500
NT,G883,Acaico,2,1,0.500
OT,H1105,distruzione,2,1,0.500
OT,H1233,breccia,2,1,0.500
OT,H1253,potassa,2,1,0.500
OT,H1268,Berothai,2,1,0.500
OT,H1287,sapone,2,1,0.500
OT,H1302,Barkos,2,1,0.500
OT,H1360,palude,2,1,0.500
OT,H1365,alterigia,2,1,0.500
OT,H1382,Ghibliti,2,1,0.500
OT,H1434,frange,2,1,0.500
OT,H1437,Ghiddalti,2,1,0.500
OT,H145,veste,2,1,0.500
OT,H1469,piccione,2,1,0.500
OT,H1499,rapina,2,1,0.500
OT,H1510,decreto,2,1,0.500
OT,H1525,gioia,2,1,0.500
OT,H1526,Ghilonita,2,1,0.500
OT,H1549,tavoletta,2,1,0.500
OT,H158,amore,2,1,0.500
OT,H1591,furto,2,1,0.500
OT,H1664,Ghitthaim,2,1,0.500
OT,H1666,Gheter,2,1,0.500
OT,H1721,Dodanim,2,1,0.500
OT,H1741,infermità,2,1,0.500
OT,H1754,cerchio,2,1,0.500
OT,H1780,giudizio,2,1,0.500
OT,H1853,Diklah,2,1,0.500
OT,H1860,orrore,2,1,0.500
OT,H1861,pungolo,2,1,0.500
OT,H1901,sospiro,2,1,0.500
OT,H192,Evilmerodac,2,1,0.500
OT,H1974,lode,2,1,0.500
OT,H2079,Zabbai,2,1,0.500
OT,H2096,splendore,2,1,0.500
OT,H2221,semenza,2,1,0.500
OT,H2301,Hadad,2,1,0.500
OT,H2304,gioia,2,1,0.500
OT,H2352,buco,2,1,0.500
OT,H2387,Hezir,2,1,0.500
OT,H2415,ramo,2,1,0.500
OT,H2453,Hacmoni,2,1,0.500
OT,H246,catena,2,1,0.500
OT,H2577,Hamattei,2,1,0.500
OT,H2711,decreto,2,1,0.500
OT,H2712,Hukkok,2,1,0.500
OT,H2784,legame,2,1,0.500
OT,H279,Ahiam,2,1,0.500
OT,H2810,macchina,2,1,0.500
OT,H2844,spavento,2,1,0.500
OT,H2870,Tabeel,2,1,0.500
OT,H2892,splendore,2,1,0.500
OT,H2910,interiora,2,1,0.500
OT,H2942,ordine,2,1,0.500
OT,H2951,generale,2,1,0.500
OT,H2988,ruscello,2,1,0.500
OT,H3006,terra asciutta,2,1,0.500
OT,H3011,Iogbeha,2,1,0.500
OT,H3094,Jehallelel,2,1,0.500
OT,H3115,Iokebed,2,1,0.500
OT,H3177,Jahleel,2,1,0.500
OT,H3183,Iahtseel,2,1,0.500
OT,H3194,Iutta,2,1,0.500
OT,H3217,scabbia,2,1,0.500
OT,H3223,Iemuel,2,1,0.500
OT,H3228,Beniaminita,2,1,0.500
OT,H328,incantatore,2,1,0.500
OT,H3300,Jaasiel,2,1,0.500
OT,H3373,timore,2,1,0.500
OT,H3377,re difensore,2,1,0.500
OT,H3397,Jerahmeeliti,2,1,0.500
OT,H3438,Ishva,2,1,0.500
OT,H3466,Jeshana,2,1,0.500
OT,H3481,Israelita,2,1,0.500
OT,H3509,Ietheth,2,1,0.500
OT,H3521,Cabul,2,1,0.500
OT,H3575,Cuth,2,1,0.500
OT,H3596,malvagio,2,1,0.500
OT,H3677,plenilunio,2,1,0.500
OT,H3690,fiducia,2,1,0.500
OT,H3808,nulla,2,1,0.500
OT,H3894,carne,2,1,0.500
OT,H3998,perplessità,2,1,0.500
OT,H4025,Magdiel,2,1,0.500
OT,H4035,granaio,2,1,0.500
OT,H4071,rogo,2,1,0.500
OT,H4129,parente,2,1,0.500
OT,H4143,fondamento,2,1,0.500
OT,H4145,fondamento,2,1,0.500
OT,H4163,origine,2,1,0.500
OT,H4166,tubo,2,1,0.500
OT,H4188,Muscita,2,1,0.500
OT,H4220,grasso,2,1,0.500
OT,H4224,rifugio,2,1,0.500
OT,H4226,commettitura,2,1,0.500
OT,H4271,Mahseia,2,1,0.500
OT,H4275,metà,2,1,0.500
OT,H4304,mantello,2,1,0.500
OT,H4322,Micaia,2,1,0.500
OT,H4373,stima,2,1,0.500
OT,H438,Allon,2,1,0.500
OT,H4388,mortaio,2,1,0.500
OT,H4426,allegoria,2,1,0.500
OT,H4463,morte,2,1,0.500
OT,H4477,dolcezza,2,1,0.500
OT,H448,Eliathak,2,1,0.500
OT,H4499,fuga,2,1,0.500
OT,H4504,offerta,2,1,0.500
OT,H4621,ascia,2,1,0.500
OT,H4626,nudità,2,1,0.500
OT,H4642,estorsione,2,1,0.500
OT,H4651,parte floscia,2,1,0.500
OT,H4666,spiegamento,2,1,0.500
OT,H4675,guarnigione,2,1,0.500
OT,H4690,colonna,2,1,0.500
OT,H4715,crogiuolo,2,1,0.500
OT,H4716,marciume,2,1,0.500
OT,H4718,martello,2,1,0.500
OT,H4721,assemblea,2,1,0.500
OT,H4747,sala fresca,2,1,0.500
OT,H482,colomba,2,1,0.500
OT,H4841,vaso da profumi,2,1,0.500
OT,H4859,debito,2,1,0.500
OT,H4861,Mishal,2,1,0.500
OT,H4901,seme,2,1,0.500
OT,H4917,congedo,2,1,0.500
OT,H4919,Mescillemoth,2,1,0.500
OT,H4942,ovile,2,1,0.500
OT,H4949,piombino,2,1,0.500
OT,H4980,Matthana,2,1,0.500
OT,H5100,fremito,2,1,0.500
OT,H5188,pendente,2,1,0.500
OT,H5198,resina,2,1,0.500
OT,H5285,spina,2,1,0.500
OT,H534,ramo,2,1,0.500
OT,H5458,involucro,2,1,0.500
OT,H548,patto,2,1,0.500
OT,H549,Amana,2,1,0.500
OT,H5517,Sia,2,1,0.500
OT,H5558,perversità,2,1,0.500
OT,H5574,Hassenua,2,1,0.500
OT,H5618,Soferet,2,1,0.500
OT,H5669,grano,2,1,0.500
OT,H5679,pianura,2,1,0.500
OT,H5757,Avvei,2,1,0.500
OT,H5761,Avvim,2,1,0.500
OT,H5794,forza,2,1,0.500
OT,H5868,impetuoso,2,1,0.500
OT,H5902,Iram,2,1,0.500
OT,H5921,sopra,2,1,0.500
OT,H5935,Alvan,2,1,0.500
OT,H6027,delizia,2,1,0.500
OT,H6037,clemenza,2,1,0.500
OT,H6043,Anaia,2,1,0.500
OT,H6143,perversità,2,1,0.500
OT,H6145,nemico,2,1,0.500
OT,H6282,supplicante,2,1,0.500
OT,H6373,Pinon,2,1,0.500
OT,H6374,dente,2,1,0.500
OT,H6464,Pau,2,1,0.500
OT,H6489,Pekod,2,1,0.500
OT,H6514,Perida,2,1,0.500
OT,H6563,bivio,2,1,0.500
OT,H6575,somma,2,1,0.500
OT,H6596,vergogna,2,1,0.500
OT,H6655,contro,2,1,0.500
OT,H6688,favo di miele,2,1,0.500
OT,H6712,riso,2,1,0.500
OT,H6724,luogo arido,2,1,0.500
OT,H6736,idolo,2,1,0.500
OT,H678,eletto,2,1,0.500
OT,H6782,laccio,2,1,0.500
OT,H6792,pecora,2,1,0.500
OT,H6794,canale,2,1,0.500
OT,H6856,unghia,2,1,0.500
OT,H6918,santo,2,1,0.500
OT,H6942,santuario,2,1,0.500
OT,H695,agguato,2,1,0.500
OT,H70,ruota,2,1,0.500
OT,H7001,giuntura,2,1,0.500
OT,H708,spola,2,1,0.500
OT,H7189,verità,2,1,0.500
OT,H722,Arodi,2,1,0.500
OT,H7285,folla,2,1,0.500
OT,H7289,velo,2,1,0.500
OT,H7309,respiro,2,1,0.500
OT,H7360,avvoltoio,2,1,0.500
OT,H7388,saliva,2,1,0.500
OT,H7447,gocce,2,1,0.500
OT,H7470,volontà,2,1,0.500
OT,H7524,massacro,2,1,0.500
OT,H7692,Shiggaion,2,1,0.500
OT,H7724,Sceva,2,1,0.500
OT,H7740,Shaveh,2,1,0.500
OT,H7769,ricchezza,2,1,0.500
OT,H7885,remo,2,1,0.500
OT,H7897,vestito,2,1,0.500
OT,H7938,ricompensa,2,1,0.500
OT,H7983,potere,2,1,0.500
OT,H8,rovina,2,1,0.500
OT,H8014,Samlai,2,1,0.500
OT,H805,Ashurita,2,1,0.500
OT,H814,dono,2,1,0.500
OT,H8145,secondo,2,1,0.500
OT,H8197,Scefufan,2,1,0.500
OT,H8216,abbassamento,2,1,0.500
OT,H822,inferriata,2,1,0.500
OT,H8240,uncino,2,1,0.500
OT,H8250,bevanda,2,1,0.500
OT,H8270,ombelico,2,1,0.500
OT,H8288,laccio,2,1,0.500
OT,H8303,Sirion,2,1,0.500
OT,H8356,fondamento,2,1,0.500
OT,H8385,occasione,2,1,0.500
OT,H8397,mostruosità,2,1,0.500
OT,H8404,Tabeera,2,1,0.500
OT,H8442,disordine,2,1,0.500
OT,H8478,sotto,2,1,0.500
OT,H8498,tesoro,2,1,0.500
OT,H8508,perfezione,2,1,0.500
OT,H8547,Thamah,2,1,0.500
OT,H8560,palma,2,1,0.500
OT,H8569,disgrazia,2,1,0.500
OT,H8576,Tanhumet,2,1,0.500
OT,H8586,bambino,2,1,0.500
OT,H8607,Tifsa,2,1,0.500
OT,H870,luogo,2,1,0.500
OT,H904,Bightan,2,1,0.500
OT,H944,pastura,2,1,0.500
OT,H6098,consiglio,89,45,0.506
OT,H4421,guerra,319,162,0.508
OT,H8548,continuo,104,53,0.510
OT,H6763,lato,41,21,0.512
NT,G5590,anima,105,54,0.514
OT,H7070,canna,62,32,0.516
OT,H7451,male,309,160,0.518
OT,H4170,laccio,27,14,0.519
OT,H4399,lavoro,167,87,0.521
OT,H8486,mezzogiorno,23,12,0.522
OT,H5057,principe,44,23,0.523
OT,H1366,confine,241,126,0.523
OT,H4397,angelo,213,112,0.526
NT,G2937,creazione,19,10,0.526
OT,H819,colpa,19,10,0.526
OT,H7892,canto,91,48,0.527
OT,H127,terra,225,119,0.529
OT,H197,portico,34,18,0.529
NT,G4138,pienezza,17,9,0.529
OT,H1295,stagno,17,9,0.529
OT,H4066,contesa,17,9,0.529
OT,H4583,dimora,17,9,0.529
OT,H4676,statua,32,17,0.531
OT,H8426,lode,32,17,0.531
OT,H4639,opera,235,125,0.532
NT,G1121,lettera,15,8,0.533
OT,H1880,cenere,15,8,0.533
OT,H2416,vita,267,143,0.536
OT,H4820,frode,39,21,0.538
OT,H5833,aiuto,26,14,0.538
OT,H3211,nato in casa,13,7,0.538
OT,H3689,fianco,13,7,0.538
OT,H5039,infamia,13,7,0.538
OT,H376,uomo,2187,1183,0.541
NT,G2920,giudizio,48,26,0.542
OT,H4410,regno,24,13,0.542
OT,H5949,azione,24,13,0.542
OT,H6654,lato,33,18,0.545
OT,H4289,turibolo,22,12,0.545
NT,G1035,cibo,11,6,0.545
NT,G2469,Iscariot,11,6,0.545
OT,H2504,fianchi,11,6,0.545
OT,H2557,lievito,11,6,0.545
OT,H4688,abisso,11,6,0.545
OT,H585,gemito,11,6,0.545
OT,H868,salario,11,6,0.545
OT,H1280,sbarra,42,23,0.548
OT,H1697,parola,1455,797,0.548
NT,G3954,franchezza,31,17,0.548
OT,H4592,poco,80,44,0.550
OT,H7307,spirito,378,208,0.550
OT,H4417,sale,29,16,0.552
OT,H2764,interdetto,38,21,0.553
OT,H1995,moltitudine,85,47,0.553
NT,G2372,ira,18,10,0.556
OT,H5929,foglia,18,10,0.556
OT,H3096,Jahats,9,5,0.556
OT,H3103,Jobab,9,5,0.556
OT,H4627,mercanzia,9,5,0.556
OT,H5176,Nahash,9,5,0.556
OT,H7128,battaglia,9,5,0.556
OT,H8191,diletto,9,5,0.556
OT,H98,stagno,9,5,0.556
OT,H7097,estremità,97,54,0.557
OT,H734,via,59,33,0.559
OT,H7130,mezzo,227,127,0.559
OT,H1954,Hosea,16,9,0.562
OT,H3653,base,16,9,0.562
OT,H7991,capitano,16,9,0.562
OT,H5656,servizio,145,82,0.566
OT,H6588,trasgressione,93,53,0.570
NT,G3986,tentazione,21,12,0.571
OT,H1909,Hadadezer,21,12,0.571
OT,H4628,occidente,14,8,0.571
OT,H7879,lamento,14,8,0.571
NT,G1382,prova,7,4,0.571
NT,G2945,intorno,7,4,0.571
NT,G3781,debitore,7,4,0.571
OT,H1165,bestiame,7,4,0.571
OT,H2427,dolore,7,4,0.571
OT,H2999,Iabbok,7,4,0.571
OT,H3877,Lothan,7,4,0.571
OT,H3933,scherno,7,4,0.571
OT,H4525,prigione,7,4,0.571
OT,H4617,risposta,7,4,0.571
OT,H4828,amico,7,4,0.571
OT,H7140,ghiaccio,7,4,0.571
OT,H7389,povertà,7,4,0.571
OT,H8048,Shamma,7,4,0.571
OT,H8289,Saron,7,4,0.571
OT,H8458,direzione,7,4,0.571
OT,H8658,crisolito,7,4,0.571
OT,H7218,capo,600,344,0.573
OT,H1715,grano,40,23,0.575
OT,H7440,grido,33,19,0.576
OT,H5291,fanciulla,76,44,0.579
OT,H8077,desolazione,57,33,0.579
NT,G988,bestemmia,19,11,0.579
OT,H2426,esercito,19,11,0.579
OT,H7455,malvagità,19,11,0.579
OT,H6629,pecora,274,159,0.580
NT,G5207,figlio,381,222,0.583
OT,H4159,prodigio,36,21,0.583
OT,H3003,Jabes,24,14,0.583
OT,H343,calamità,24,14,0.583
NT,G3042,carestia,12,7,0.583
NT,G4240,mansuetudine,12,7,0.583
OT,H202,forza,12,7,0.583
OT,H2874,macello,12,7,0.583
OT,H3851,fiamma,12,7,0.583
OT,H4999,pascolo,12,7,0.583
OT,H7633,prigioniero,12,7,0.583
OT,H4682,azzimo,53,31,0.585
OT,H3577,menzogna,29,17,0.586
OT,H3801,tunica,29,17,0.586
OT,H5116,dimora,34,20,0.588
NT,G2205,zelo,17,10,0.588
OT,H2534,furore,124,73,0.589
OT,H6002,Amalek,39,23,0.590
OT,H6310,bocca,498,294,0.590
OT,H3971,difetto,22,13,0.591
OT,H5275,calzare,22,13,0.591
OT,H7979,tavola,71,42,0.592
OT,H5553,roccia,59,35,0.593
OT,H1242,mattina,214,127,0.593
OT,H4581,fortezza,37,22,0.595
OT,H7141,Kore,37,22,0.595
OT,H205,iniquità,79,47,0.595
OT,H7093,fine,67,40,0.597
NT,G1135,donna,221,132,0.597
NT,G4625,scandalo,15,9,0.600
OT,H4009,fiducia,15,9,0.600
OT,H6233,oppressione,15,9,0.600
NT,G1203,padrone,10,6,0.600
NT,G4124,cupidigia,10,6,0.600
OT,H1367,confine,10,6,0.600
OT,H3266,Jeush,10,6,0.600
OT,H4673,guarnigione,10,6,0.600
OT,H4749,lavorato al martello,10,6,0.600
OT,H7025,Kir-Heres,10,6,0.600
OT,H7081,divinazione,10,6,0.600
NT,G1142,demone,5,3,0.600
NT,G1529,venuta,5,3,0.600
NT,G2237,piacere,5,3,0.600
NT,G3310,parte,5,3,0.600
NT,G3628,misericordia,5,3,0.600
NT,G372,riposo,5,3,0.600
NT,G4051,abbondanza,5,3,0.600
NT,G425,requie,5,3,0.600
NT,G5287,sostanza,5,3,0.600
OT,H11,abisso,5,3,0.600
OT,H1231,Bukki,5,3,0.600
OT,H1634,osso,5,3,0.600
OT,H1965,tempio,5,3,0.600
OT,H2073,dimora,5,3,0.600
OT,H2156,tralcio,5,3,0.600
OT,H2197,ira,5,3,0.600
OT,H2465,vita,5,3,0.600
OT,H2633,tesoro,5,3,0.600
OT,H2815,Hasshub,5,3,0.600
OT,H2948,palmo,5,3,0.600
OT,H3118,giorno,5,3,0.600
OT,H3309,Jafia,5,3,0.600
OT,H3469,Isci,5,3,0.600
OT,H3755,vignaiuolo,5,3,0.600
OT,H3761,Carmelita,5,3,0.600
OT,H4406,parola,5,3,0.600
OT,H4445,Milcom,5,3,0.600
OT,H4474,dominio,5,3,0.600
OT,H4794,corsa,5,3,0.600
OT,H4867,onda,5,3,0.600
OT,H4976,dono,5,3,0.600
OT,H5317,favo,5,3,0.600
OT,H5934,giovinezza,5,3,0.600
OT,H6069,Anatoth,5,3,0.600
OT,H6082,cerbiatto,5,3,0.600
OT,H6094,dolore,5,3,0.600
OT,H611,disgrazia,5,3,0.600
OT,H6623,interpretazione,5,3,0.600
OT,H6624,Pathros,5,3,0.600
OT,H673,Efrateo,5,3,0.600
OT,H7541,tempia,5,3,0.600
OT,H8105,feccia,5,3,0.600
OT,H8282,principessa,5,3,0.600
OT,H8463,malattia,5,3,0.600
OT,H855,vomere,5,3,0.600
OT,H8570,frutto,5,3,0.600
OT,H8572,sonno,5,3,0.600
OT,H8583,Toi,5,3,0.600
OT,H1870,via,712,430,0.604
OT,H7939,salario,28,17,0.607
OT,H2143,memoria,23,14,0.609
OT,H5766,iniquità,54,33,0.611
NT,G4061,circoncisione,36,22,0.611
OT,H2932,impurità,36,22,0.611
OT,H4726,fonte,18,11,0.611
OT,H7233,diecimila,18,11,0.611
NT,G4383,volto,78,48,0.615
OT,H4692,assedio,26,16,0.615
OT,H7358,seno,26,16,0.615
NT,G1271,mente,13,8,0.615
NT,G3814,serva,13,8,0.615
NT,G4516,Roma,13,8,0.615
OT,H1649,Ghersonita,13,8,0.615
OT,H3775,agnello,13,8,0.615
OT,H615,prigioniero,13,8,0.615
OT,H8193,labbro,177,109,0.616
OT,H7356,compassione,45,28,0.622
OT,H5158,torrente,141,88,0.624
NT,G1411,potenza,120,75,0.625
NT,G4128,moltitudine,32,20,0.625
OT,H7837,alba,24,15,0.625
NT,G1173,cena,16,10,0.625
NT,G3077,tristezza,16,10,0.625
NT,G5160,cibo,16,10,0.625
OT,H2585,Enoc,16,10,0.625
OT,H3018,fatica,16,10,0.625
OT,H4885,gioia,16,10,0.625
OT,H5816,Uzziel,16,10,0.625
NT,G1753,potenza,8,5,0.625
NT,G3521,digiuno,8,5,0.625
OT,H1627,gola,8,5,0.625
OT,H4246,danza,8,5,0.625
OT,H4455,preda,8,5,0.625
OT,H6045,occupazione,8,5,0.625
OT,H6482,ferita,8,5,0.625
OT,H6598,vivanda,8,5,0.625
OT,H7145,Korahita,8,5,0.625
OT,H7193,scaglia,8,5,0.625
OT,H7767,Sunamita,8,5,0.625
OT,H8519,mormorazione,8,5,0.625
OT,H2617,benignità,251,157,0.625
OT,H8441,abominazione,118,74,0.627
OT,H4932,secondo,35,22,0.629
OT,H7854,Satana,27,17,0.630
OT,H8492,vino,38,24,0.632
OT,H998,intelligenza,38,24,0.632
NT,G2873,fatica,19,12,0.632
OT,H241,orecchio,188,119,0.633
OT,H2406,grano,30,19,0.633
OT,H6459,immagine scolpita,30,19,0.633
OT,H4217,oriente,74,47,0.635
OT,H7050,cortina,22,14,0.636
NT,G2549,malizia,11,7,0.636
NT,G4229,cosa,11,7,0.636
OT,H3049,indovino,11,7,0.636
OT,H4288,rovina,11,7,0.636
OT,H4435,Milca,11,7,0.636
OT,H4569,guado,11,7,0.636
OT,H5200,Netofa,11,7,0.636
OT,H7704,campo,334,213,0.638
OT,H3581,forza,127,81,0.638
NT,G93,ingiustizia,25,16,0.640
OT,H2513,campo,25,16,0.640
OT,H7497,Refaim,25,16,0.640
OT,H6607,ingresso,164,105,0.640
NT,G4143,barca,67,43,0.642
OT,H3015,dolore,14,9,0.643
OT,H4553,lamento,14,9,0.643
OT,H2671,freccia,45,29,0.644
OT,H226,segno,79,51,0.646
NT,G1033,cibo,17,11,0.647
NT,G859,remissione,17,11,0.647
OT,H2789,vaso di terra,17,11,0.647
OT,H367,terrore,17,11,0.647
OT,H3724,riscatto,17,11,0.647
OT,H5045,mezzogiorno,111,72,0.649
OT,H7998,bottino,74,48,0.649
NT,G2842,comunione,20,13,0.650
OT,H5768,bambino,20,13,0.650
NT,G3313,parte,43,28,0.651
OT,H7068,gelosia,43,28,0.651
OT,H5797,forza,92,60,0.652
OT,H4046,piaga,26,17,0.654
OT,H5071,offerta volontaria,26,17,0.654
OT,H5591,tempesta,26,17,0.654
OT,H4150,tenda di convegno,223,146,0.655
NT,G26,amore,116,76,0.655
OT,H7110,ira,29,19,0.655
OT,H4405,parola,38,25,0.658
NT,G4613,Simone,75,50,0.667
OT,H8047,desolazione,39,26,0.667
OT,H3157,Izreel,36,24,0.667
OT,H7098,estremità,36,24,0.667
NT,G3563,mente,24,16,0.667
OT,H2226,Zerach,21,14,0.667
OT,H1052,Beth-Scean,18,12,0.667
OT,H7684,errore,18,12,0.667
OT,H1606,minaccia,15,10,0.667
OT,H8389,aspetto,15,10,0.667
NT,G1012,consiglio,12,8,0.667
OT,H130,Idumeo,12,8,0.667
OT,H1459,mezzo,12,8,0.667
OT,H2042,monte,12,8,0.667
OT,H2487,muta,12,8,0.667
OT,H2771,Charan,12,8,0.667
OT,H4938,bastone,12,8,0.667
OT,H5333,guarnigione,12,8,0.667
NT,G139,setta,9,6,0.667
NT,G796,lampo,9,6,0.667
OT,H2971,Jair,9,6,0.667
OT,H3591,lancia,9,6,0.667
OT,H4432,Moloc,9,6,0.667
OT,H6076,emorroidi,9,6,0.667
NT,G2214,questione,6,4,0.667
NT,G2441,veste,6,4,0.667
NT,G3696,arma,6,4,0.667
NT,G3809,disciplina,6,4,0.667
NT,G4348,intoppo,6,4,0.667
NT,G4616,lino,6,4,0.667
NT,G5262,esempio,6,4,0.667
NT,G5375,Filippi,6,4,0.667
NT,G5494,inverno,6,4,0.667
NT,G763,empietà,6,4,0.667
OT,H1026,Beth-Araba,6,4,0.667
OT,H1186,Baal-Meon,6,4,0.667
OT,H1651,Ghesuriti,6,4,0.667
OT,H1905,Hagareno,6,4,0.667
OT,H2334,Havvoth-Iair,6,4,0.667
OT,H2704,Hatsar-Enan,6,4,0.667
OT,H3335,vasaio,6,4,0.667
OT,H4093,intelligenza,6,4,0.667
OT,H4315,meglio,6,4,0.667
OT,H4610,Salita di Akrabbim,6,4,0.667
OT,H4678,monumento,6,4,0.667
OT,H4689,distretta,6,4,0.667
OT,H469,Elitsafan,6,4,0.667
OT,H4809,Meriba,6,4,0.667
OT,H501,Elasa,6,4,0.667
OT,H5067,mucchio,6,4,0.667
OT,H5257,principe,6,4,0.667
OT,H562,parola,6,4,0.667
OT,H5832,Azareel,6,4,0.667
OT,H5874,En-Dor,6,4,0.667
OT,H5977,posto,6,4,0.667
OT,H634,Esarhaddon,6,4,0.667
OT,H65,Abel-Mehola,6,4,0.667
OT,H6976,Hakkots,6,4,0.667
OT,H7249,capo degli eunuchi,6,4,0.667
OT,H7709,campo,6,4,0.667
OT,H8013,Scelomith,6,4,0.667
OT,H8439,Tola,6,4,0.667
OT,H913,stagno,6,4,0.667
NT,G1003,Booz,3,2,0.667
NT,G1117,mercanzia,3,2,0.667
NT,G1243,diversità,3,2,0.667
NT,G1408,corso,3,2,0.667
NT,G1675,Ellenista,3,2,0.667
NT,G1802,Enoc,3,2,0.667
NT,G2216,Zorobabel,3,2,0.667
NT,G2299,dea,3,2,0.667
NT,G2392,guarigione,3,2,0.667
NT,G2459,Giusto,3,2,0.667
NT,G2471,uguaglianza,3,2,0.667
NT,G2515,sedia,3,2,0.667
NT,G2747,Cencrea,3,2,0.667
NT,G2783,banditore,3,2,0.667
NT,G2912,Cretese,3,2,0.667
NT,G2953,Cipriota,3,2,0.667
NT,G2970,gozzoviglia,3,2,0.667
NT,G3040,porto,3,2,0.667
NT,G3059,oltraggio,3,2,0.667
NT,G3065,Luca,3,2,0.667
NT,G3085,redenzione,3,2,0.667
NT,G3108,beatitudine,3,2,0.667
NT,G3149,seno,3,2,0.667
NT,G3153,vanità,3,2,0.667
NT,G3168,maestà,3,2,0.667
NT,G3175,grandi,3,2,0.667
NT,G3178,ubriachezza,3,2,0.667
NT,G3806,passione,3,2,0.667
NT,G3965,famiglia,3,2,0.667
NT,G42,santità,3,2,0.667
NT,G4213,bevanda,3,2,0.667
NT,G4318,accesso,3,2,0.667
NT,G4475,schiaffo,3,2,0.667
NT,G4533,Salmon,3,2,0.667
NT,G4597,tignola,3,2,0.667
NT,G4997,modestia,3,2,0.667
NT,G5078,arte,3,2,0.667
NT,G5084,prigione,3,2,0.667
NT,G5510,neve,3,2,0.667
NT,G5575,falso testimone,3,2,0.667
NT,G5601,Obed,3,2,0.667
NT,G689,Aram,3,2,0.667
NT,G724,rapina,3,2,0.667
NT,G728,caparra,3,2,0.667
NT,G803,sicurezza,3,2,0.667
NT,G931,tormento,3,2,0.667
OT,H1083,Bilga,3,2,0.667
OT,H1123,figlio,3,2,0.667
OT,H1228,brocca,3,2,0.667
OT,H1335,parte,3,2,0.667
OT,H1421,oltraggio,3,2,0.667
OT,H1503,tronco,3,2,0.667
OT,H1595,tesoro,3,2,0.667
OT,H1599,Ghinnethon,3,2,0.667
OT,H1699,pascolo,3,2,0.667
OT,H1705,Dabrath,3,2,0.667
OT,H1733,zia,3,2,0.667
OT,H187,Uzal,3,2,0.667
OT,H1886,Dotan,3,2,0.667
OT,H1955,Hosaia,3,2,0.667
OT,H2130,Zifei,3,2,0.667
OT,H260,giuncaia,3,2,0.667
OT,H2676,mezzanotte,3,2,0.667
OT,H2687,ghiaia,3,2,0.667
OT,H2757,erpice,3,2,0.667
OT,H2758,aratura,3,2,0.667
OT,H2878,macello,3,2,0.667
OT,H3008,Igal,3,2,0.667
OT,H3037,Joiada,3,2,0.667
OT,H3193,Jotbathah,3,2,0.667
OT,H3195,Jetur,3,2,0.667
OT,H3207,fanciulla,3,2,0.667
OT,H3208,giovinezza,3,2,0.667
OT,H3239,Ianoah,3,2,0.667
OT,H3244,gufo,3,2,0.667
OT,H3337,Jetser,3,2,0.667
OT,H338,sciacallo,3,2,0.667
OT,H3404,Jerija,3,2,0.667
OT,H3506,Jthran,3,2,0.667
OT,H3641,Calne,3,2,0.667
OT,H368,Emim,3,2,0.667
OT,H3698,farro,3,2,0.667
OT,H3718,doppio,3,2,0.667
OT,H3732,Caftorim,3,2,0.667
OT,H3825,cuore,3,2,0.667
OT,H384,Itiel,3,2,0.667
OT,H3944,schernitore,3,2,0.667
OT,H3966,forza,3,2,0.667
OT,H3984,vaso,3,2,0.667
OT,H4007,speranza,3,2,0.667
OT,H407,Acsaf,3,2,0.667
OT,H4076,Medo,3,2,0.667
OT,H4090,discordia,3,2,0.667
OT,H4119,dote,3,2,0.667
OT,H4121,Maharai,3,2,0.667
OT,H4149,Moseroth,3,2,0.667
OT,H4206,cintura,3,2,0.667
OT,H4351,origine,3,2,0.667
OT,H4396,castone,3,2,0.667
OT,H4420,terra salata,3,2,0.667
OT,H4618,solco,3,2,0.667
OT,H4703,passo,3,2,0.667
OT,H4766,incremento,3,2,0.667
OT,H4788,afflizione,3,2,0.667
OT,H4839,brodo,3,2,0.667
OT,H4844,erbe amare,3,2,0.667
OT,H4855,debito,3,2,0.667
OT,H5096,Nahalal,3,2,0.667
OT,H5189,tralcio,3,2,0.667
OT,H5220,nipote,3,2,0.667
OT,H5304,Nefusim,3,2,0.667
OT,H5305,Nafish,3,2,0.667
OT,H5393,camera,3,2,0.667
OT,H5435,vino,3,2,0.667
OT,H5447,peso,3,2,0.667
OT,H5547,perdono,3,2,0.667
OT,H5570,Senaa,3,2,0.667
OT,H5646,tettoia,3,2,0.667
OT,H5706,preda,3,2,0.667
OT,H5726,Adullamita,3,2,0.667
OT,H5740,Eder,3,2,0.667
OT,H5788,cecità,3,2,0.667
OT,H5807,potenza,3,2,0.667
OT,H5812,Azazia,3,2,0.667
OT,H5879,Enaim,3,2,0.667
OT,H6108,potenza,3,2,0.667
OT,H6109,forza,3,2,0.667
OT,H6115,oppressione,3,2,0.667
OT,H613,ceppo,3,2,0.667
OT,H625,raccolta,3,2,0.667
OT,H6352,carbone,3,2,0.667
OT,H6360,martello,3,2,0.667
OT,H6378,ampolla,3,2,0.667
OT,H6391,rivo,3,2,0.667
OT,H642,efod,3,2,0.667
OT,H6487,deposito,3,2,0.667
OT,H6508,giardino,3,2,0.667
OT,H6807,passo,3,2,0.667
OT,H6815,Tsaannaim,3,2,0.667
OT,H6891,Tsarthan,3,2,0.667
OT,H6909,Kabtseel,3,2,0.667
OT,H7099,estremità,3,2,0.667
OT,H7332,consunzione,3,2,0.667
OT,H7476,pensiero,3,2,0.667
OT,H7659,sette volte,3,2,0.667
OT,H7678,Shabbethai,3,2,0.667
OT,H7697,delirio,3,2,0.667
OT,H7766,Sunem,3,2,0.667
OT,H7862,dono,3,2,0.667
OT,H7881,meditazione,3,2,0.667
OT,H7928,Sichem,3,2,0.667
OT,H7943,ebbrezza,3,2,0.667
OT,H7957,fiamma,3,2,0.667
OT,H815,tamerice,3,2,0.667
OT,H8169,Shaalbim,3,2,0.667
OT,H8299,tralcio,3,2,0.667
OT,H83,ala,3,2,0.667
OT,H8420,segno,3,2,0.667
OT,H8496,frode,3,2,0.667
OT,H8580,cigno,3,2,0.667
OT,H8584,testimonianza,3,2,0.667
OT,H8587,segreto,3,2,0.667
OT,H8653,stordimento,3,2,0.667
OT,H986,fiducia,3,2,0.667
OT,H5869,occhio,897,600,0.669
OT,H3820,cuore,596,400,0.671
OT,H4611,azione,43,29,0.674
OT,H6963,voce,506,342,0.676
OT,H3117,giorno,2304,1558,0.676
OT,H5521,capanna,31,21,0.677
OT,H8181,pelo,28,19,0.679
OT,H7716,pecora,47,32,0.681
OT,H4496,riposo,22,15,0.682
OT,H6721,Sidon,22,15,0.682
OT,H3709,mano,195,133,0.682
NT,G1140,demone,60,41,0.683
OT,H8269,capo,421,288,0.684
OT,H4945,coppiere,19,13,0.684
OT,H5051,splendore,19,13,0.684
OT,H7641,spiga,19,13,0.684
OT,H7785,coscia,19,13,0.684
OT,H3972,nulla,32,22,0.688
NT,G2129,benedizione,16,11,0.688
OT,H4570,sentiero,16,11,0.688
OT,H2608,Hanania,29,20,0.690
OT,H3603,talento,68,47,0.691
NT,G2819,sorte,13,9,0.692
OT,H1433,grandezza,13,9,0.692
OT,H530,fedeltà,49,34,0.694
OT,H4686,fortezza,23,16,0.696
OT,H8537,integrità,23,16,0.696
OT,H5612,libro,188,131,0.697
OT,H3220,mare,396,276,0.697
OT,H3123,colomba,33,23,0.697
OT,H6828,settentrione,153,107,0.699
NT,G1322,dottrina,30,21,0.700
OT,H3568,Etiopia,30,21,0.700
NT,G684,perdizione,20,14,0.700
NT,G5408,omicidio,10,7,0.700
OT,H4745,sorte,10,7,0.700
OT,H4830,gregge,10,7,0.700
OT,H5989,Ammihud,10,7,0.700
OT,H5650,servo,803,563,0.701
OT,H3027,mano,1627,1142,0.702
OT,H5271,giovinezza,47,33,0.702
OT,H3671,ala,111,78,0.703
NT,G4335,preghiera,37,26,0.703
OT,H4604,infedeltà,27,19,0.704
OT,H6160,pianura,61,43,0.705
OT,H5678,ira,34,24,0.706
OT,H4349,luogo,17,12,0.706
OT,H6754,immagine,17,12,0.706
OT,H6772,sete,17,12,0.706
OT,H2483,malattia,24,17,0.708
OT,H3489,piuolo,24,17,0.708
OT,H3760,Carmel,24,17,0.708
OT,H1406,tetto,31,22,0.710
NT,G1939,concupiscenza,38,27,0.711
OT,H2315,camera,38,27,0.711
OT,H5035,saltèro,38,27,0.711
OT,H639,ira,216,154,0.713
OT,H4294,tribù,252,180,0.714
NT,G4592,segno,77,55,0.714
NT,G4127,piaga,21,15,0.714
OT,H2216,Zorobabele,21,15,0.714
NT,G1654,elemosina,14,10,0.714
NT,G2495,Giona,14,10,0.714
NT,G4621,grano,14,10,0.714
OT,H1062,primogenitura,14,10,0.714
OT,H1250,grano,14,10,0.714
OT,H5697,giovenca,14,10,0.714
OT,H5716,ornamento,14,10,0.714
NT,G1589,elezione,7,5,0.714
NT,G1985,vescovo,7,5,0.714
NT,G4826,Simeone,7,5,0.714
NT,G4907,intelligenza,7,5,0.714
NT,G5272,ipocrisia,7,5,0.714
NT,G539,inganno,7,5,0.714
OT,H1482,leoncello,7,5,0.714
OT,H1803,povero,7,5,0.714
OT,H2290,cintura,7,5,0.714
OT,H2339,filo,7,5,0.714
OT,H2348,costa,7,5,0.714
OT,H2455,profano,7,5,0.714
OT,H2779,inverno,7,5,0.714
OT,H3919,Lais,7,5,0.714
OT,H4156,consiglio,7,5,0.714
OT,H5531,follia,7,5,0.714
OT,H5692,focaccia,7,5,0.714
OT,H6814,Tsoan,7,5,0.714
OT,H7776,volpe,7,5,0.714
OT,H3606,tutto,39,28,0.718
OT,H7157,Kiriath-Jearim,39,28,0.718
OT,H8432,mezzo,420,302,0.719
NT,G4171,guerra,18,13,0.722
OT,H2441,palato,18,13,0.722
OT,H7161,corno,76,55,0.724
OT,H3701,argento,403,292,0.725
OT,H7965,pace,237,172,0.726
OT,H1892,vanità,73,53,0.726
OT,H8127,dente,55,40,0.727
OT,H5347,femmina,22,16,0.727
NT,G2479,forza,11,8,0.727
NT,G3725,confine,11,8,0.727
NT,G979,vita,11,8,0.727
OT,H121,Adamo,11,8,0.727
OT,H1534,ruota,11,8,0.727
OT,H354,cervo,11,8,0.727
OT,H6194,mucchio,11,8,0.727
OT,H8068,rovo,11,8,0.727
OT,H8263,abominio,11,8,0.727
NT,G4487,parola,70,51,0.729
OT,H6467,opera,37,27,0.730
OT,H7272,piede,251,184,0.733
NT,G4991,salvezza,45,33,0.733
NT,G5132,tavola,15,11,0.733
OT,H1546,cattività,15,11,0.733
OT,H6068,Anatoth,15,11,0.733
OT,H6731,fiore,15,11,0.733
OT,H8574,forno,15,11,0.733
OT,H8057,gioia,94,69,0.734
NT,G2962,Signore,747,549,0.735
OT,H160,amore,34,25,0.735
NT,G3586,legno,19,14,0.737
OT,H3852,fiamma,19,14,0.737
NT,G5056,fine,42,31,0.738
OT,H4904,letto,46,34,0.739
OT,H7381,odore,58,43,0.741
OT,H2691,cortile,190,141,0.742
OT,H6256,tempo,295,219,0.742
NT,G2588,cuore,160,119,0.744
NT,G5438,prigione,47,35,0.745
NT,G3598,via,102,76,0.745
OT,H6471,volta,118,88,0.746
OT,H1616,straniero,92,69,0.750
NT,G3341,ravvedimento,24,18,0.750
NT,G4215,fiume,16,12,0.750
OT,H2526,Cam,16,12,0.750
OT,H425,Ela,16,12,0.750
OT,H8201,giudizio,16,12,0.750
NT,G3554,malattia,12,9,0.750
OT,H155,mantello,12,9,0.750
OT,H2183,prostituzione,12,9,0.750
OT,H3713,coppa,12,9,0.750
OT,H5997,prossimo,12,9,0.750
OT,H7101,capo,12,9,0.750
NT,G2877,fanciulla,8,6,0.750
NT,G4232,pretorio,8,6,0.750
NT,G627,difesa,8,6,0.750
OT,H1049,Beth-Tsur,8,6,0.750
OT,H2705,Hatsar-Shual,8,6,0.750
OT,H3535,agnella,8,6,0.750
OT,H4409,Malluc,8,6,0.750
OT,H4498,rifugio,8,6,0.750
OT,H4694,città fortificata,8,6,0.750
OT,H5861,uccello rapace,8,6,0.750
OT,H5883,En-Roghel,8,6,0.750
OT,H6332,Purim,8,6,0.750
OT,H7172,pavimento,8,6,0.750
OT,H7496,morto,8,6,0.750
OT,H8489,Teman,8,6,0.750
NT,G1,Alfa,4,3,0.750
NT,G1112,mormorio,4,3,0.750
NT,G1761,pensiero,4,3,0.750
NT,G19,bontà,4,3,0.750
NT,G1936,imposizione,4,3,0.750
NT,G202,uditore,4,3,0.750
NT,G2217,tenebre,4,3,0.750
NT,G2356,religione,4,3,0.750
NT,G2938,creatura,4,3,0.750
NT,G3051,oracolo,4,3,0.750
NT,G3163,contesa,4,3,0.750
NT,G3411,mercenario,4,3,0.750
NT,G3534,vittoria,4,3,0.750
NT,G364,memoria,4,3,0.750
NT,G4114,larghezza,4,3,0.750
NT,G4194,Ponzio,4,3,0.750
NT,G4339,proselito,4,3,0.750
NT,G438,fiore,4,3,0.750
NT,G4734,Stefana,4,3,0.750
NT,G5022,toro,4,3,0.750
NT,G5418,siepe,4,3,0.750
NT,G5435,Frigia,4,3,0.750
NT,G5598,Omega,4,3,0.750
NT,G651,apostolato,4,3,0.750
NT,G918,Bartolomeo,4,3,0.750
NT,G974,libretto,4,3,0.750
OT,H1155,agresto,4,3,0.750
OT,H1207,palude,4,3,0.750
OT,H1498,rapina,4,3,0.750
OT,H1573,giunco,4,3,0.750
OT,H1610,solo,4,3,0.750
OT,H1654,Ghescem,4,3,0.750
OT,H1717,seno,4,3,0.750
OT,H1913,Hadoram,4,3,0.750
OT,H1940,Hodia,4,3,0.750
OT,H2165,tempo,4,3,0.750
OT,H2208,vecchiaia,4,3,0.750
OT,H2454,sapienza,4,3,0.750
OT,H2573,otre,4,3,0.750
OT,H2753,Hori,4,3,0.750
OT,H2947,palmo,4,3,0.750
OT,H3440,Ishvi,4,3,0.750
OT,H3484,Ieshurun,4,3,0.750
OT,H3685,Orione,4,3,0.750
OT,H3866,Ludim,4,3,0.750
OT,H392,Aczib,4,3,0.750
OT,H4132,stanga,4,3,0.750
OT,H4316,Mica,4,3,0.750
OT,H4320,Micaia,4,3,0.750
OT,H4326,Mijamin,4,3,0.750
OT,H4419,marinaio,4,3,0.750
OT,H445,Elhanan,4,3,0.750
OT,H4500,asta,4,3,0.750
OT,H4532,Massa,4,3,0.750
OT,H4732,Mikloth,4,3,0.750
OT,H4909,salario,4,3,0.750
OT,H5009,gemito,4,3,0.750
OT,H5133,piuma,4,3,0.750
OT,H5292,Naara,4,3,0.750
OT,H5322,sparviero,4,3,0.750
OT,H5672,spessore,4,3,0.750
OT,H59,Abel,4,3,0.750
OT,H5964,Alemeth,4,3,0.750
OT,H603,gemito,4,3,0.750
OT,H616,prigioniero,4,3,0.750
OT,H6228,Ashan,4,3,0.750
OT,H6251,parto,4,3,0.750
OT,H6611,Pethahia,4,3,0.750
OT,H6682,grido,4,3,0.750
OT,H6695,angoscia,4,3,0.750
OT,H6734,nappa,4,3,0.750
OT,H6778,uva secca,4,3,0.750
OT,H6877,torre,4,3,0.750
OT,H6892,vomito,4,3,0.750
OT,H7008,fumo,4,3,0.750
OT,H7152,Kerioth,4,3,0.750
OT,H733,Arah,4,3,0.750
OT,H7404,commercio,4,3,0.750
OT,H7463,amico,4,3,0.750
OT,H7713,fila,4,3,0.750
OT,H7791,muro,4,3,0.750
OT,H809,schiacciata,4,3,0.750
OT,H8099,Simeonita,4,3,0.750
OT,H8562,cosmetico,4,3,0.750
NT,G3056,parola,330,249,0.755
NT,G5550,tempo,53,40,0.755
OT,H7778,portinaio,37,28,0.757
OT,H6187,stima,33,25,0.758
OT,H7626,tribù,190,144,0.758
NT,G3874,consolazione,29,22,0.759
OT,H3088,Jehoram,29,22,0.759
OT,H6260,capro,29,22,0.759
OT,H582,uomo,42,32,0.762
OT,H2436,seno,38,29,0.763
OT,H6862,nemico,72,55,0.764
OT,H4979,dono,17,13,0.765
OT,H3899,pane,298,228,0.765
OT,H4975,fianchi,47,36,0.766
OT,H3444,salvezza,77,59,0.766
OT,H3824,cuore,251,193,0.769
OT,H4438,regno,91,70,0.769
OT,H1397,uomo,65,50,0.769
NT,G2374,porta,39,30,0.769
NT,G3862,tradizione,13,10,0.769
OT,H211,Ofir,13,10,0.769
OT,H2715,notabile,13,10,0.769
OT,H2916,fango,13,10,0.769
OT,H2981,prodotto,13,10,0.769
OT,H7064,nido,13,10,0.769
OT,H2195,indignazione,22,17,0.773
OT,H6793,scudo,22,17,0.773
OT,H6913,sepolcro,67,52,0.776
OT,H3104,giubileo,27,21,0.778
OT,H6341,laccio,27,21,0.778
NT,G602,rivelazione,18,14,0.778
OT,H3537,brocca,18,14,0.778
OT,H8656,Tirtsa,18,14,0.778
NT,G2054,contesa,9,7,0.778
NT,G2985,lampada,9,7,0.778
NT,G5356,corruzione,9,7,0.778
NT,G5480,marchio,9,7,0.778
NT,G5579,menzogna,9,7,0.778
OT,H1404,padrona,9,7,0.778
OT,H1650,Gheshur,9,7,0.778
OT,H2767,Horma,9,7,0.778
OT,H3500,Jether,9,7,0.778
OT,H467,Elifelet,9,7,0.778
OT,H5509,scoria,9,7,0.778
OT,H6062,Anakim,9,7,0.778
OT,H1330,vergine,50,39,0.780
OT,H2983,Gebusei,41,32,0.780
NT,G5117,luogo,92,72,0.783
OT,H6967,altezza,46,36,0.783
OT,H1832,lacrime,23,18,0.783
OT,H3595,conca,23,18,0.783
OT,H2555,violenza,60,47,0.783
OT,H2451,sapienza,149,117,0.785
OT,H352,montone,196,154,0.786
NT,G5449,natura,14,11,0.786
OT,H1353,riscatto,14,11,0.786
OT,H3833,leone,14,11,0.786
OT,H5417,Nethaneel,14,11,0.786
OT,H8438,scarlatto,43,34,0.791
OT,H2506,parte,67,53,0.791
OT,H4908,tabernacolo,139,110,0.791
NT,G3952,venuta,24,19,0.792
OT,H60,lutto,24,19,0.792
OT,H8416,lode,58,46,0.793
OT,H1259,grandine,29,23,0.793
OT,H3563,coppa,34,27,0.794
OT,H5739,gregge,39,31,0.795
OT,H3129,Gionathan,44,35,0.795
OT,H1320,carne,270,215,0.796
OT,H3293,foresta,59,47,0.797
OT,H1316,Basan,60,48,0.800
OT,H2399,peccato,35,28,0.800
OT,H200,follia,25,20,0.800
OT,H29,Abija,25,20,0.800
OT,H8219,pianura,20,16,0.800
NT,G458,iniquità,15,12,0.800
OT,H2893,purificazione,15,12,0.800
OT,H6723,deserto,15,12,0.800
OT,H7237,Rabba,15,12,0.800
NT,G167,impurità,10,8,0.800
NT,G2825,letto,10,8,0.800
NT,G3495,giovane,10,8,0.800
NT,G38,santificazione,10,8,0.800
NT,G4889,conservo,10,8,0.800
NT,G783,saluto,10,8,0.800
OT,H3608,prigione,10,8,0.800
OT,H5402,arma,10,8,0.800
OT,H6354,fossa,10,8,0.800
OT,H6418,distretto,10,8,0.800
OT,H6439,Penuel,10,8,0.800
OT,H763,Mesopotamia,10,8,0.800
NT,G1116,Gomorra,5,4,0.800
NT,G2421,Iesse,5,4,0.800
NT,G2482,Italia,5,4,0.800
NT,G2899,lembo,5,4,0.800
NT,G2999,culto,5,4,0.800
NT,G3011,ministro,5,4,0.800
NT,G3017,Levi,5,4,0.800
NT,G3494,giovane,5,4,0.800
NT,G3503,giovinezza,5,4,0.800
NT,G3680,vituperio,5,4,0.800
NT,G3747,osso,5,4,0.800
NT,G3803,laccio,5,4,0.800
NT,G3875,Consolatore,5,4,0.800
NT,G3942,similitudine,5,4,0.800
NT,G4125,costato,5,4,0.800
NT,G4167,gregge,5,4,0.800
NT,G4252,Priscilla,5,4,0.800
NT,G4288,prontezza,5,4,0.800
NT,G4703,seme,5,4,0.800
NT,G4711,paniere,5,4,0.800
NT,G4738,petto,5,4,0.800
NT,G5156,tremore,5,4,0.800
NT,G5206,adozione,5,4,0.800
OT,H100,giunco,5,4,0.800
OT,H1217,pasta,5,4,0.800
OT,H1552,regione,5,4,0.800
OT,H1789,Dishan,5,4,0.800
OT,H2043,Harar,5,4,0.800
OT,H2191,poco,5,4,0.800
OT,H2259,pilota,5,4,0.800
OT,H2284,locusta,5,4,0.800
OT,H2407,Hattush,5,4,0.800
OT,H3159,Izreelita,5,4,0.800
OT,H3232,Imna,5,4,0.800
OT,H342,inimicizia,5,4,0.800
OT,H3505,Ira,5,4,0.800
OT,H3702,argento,5,4,0.800
OT,H3865,Lud,5,4,0.800
OT,H3993,imboscata,5,4,0.800
OT,H4227,gratella,5,4,0.800
OT,H4244,Mahlah,5,4,0.800
OT,H4705,piccolo,5,4,0.800
OT,H5675,oltre il fiume,5,4,0.800
OT,H5767,perverso,5,4,0.800
OT,H5862,Etam,5,4,0.800
OT,H5911,Acor,5,4,0.800
OT,H6071,mosto,5,4,0.800
OT,H617,Assir,5,4,0.800
OT,H6553,Pirathon,5,4,0.800
OT,H6848,basilisco,5,4,0.800
OT,H6982,trave,5,4,0.800
OT,H7397,Recabiti,5,4,0.800
OT,H7698,parto,5,4,0.800
OT,H7745,fossa,5,4,0.800
OT,H8106,Scemer,5,4,0.800
OT,H8324,nemico,5,4,0.800
NT,G1785,comandamento,71,57,0.803
OT,H4725,luogo,401,322,0.803
NT,G2540,tempo,87,70,0.805
NT,G68,campo,36,29,0.806
OT,H3468,salvezza,36,29,0.806
OT,H68,pietra,273,220,0.806
OT,H6664,giustizia,119,96,0.807
OT,H5410,sentiero,26,21,0.808
OT,H2022,monte,547,442,0.808
OT,H6635,esercito,487,394,0.809
OT,H7927,Sichem,63,51,0.810
OT,H3658,cetra,42,34,0.810
OT,H7926,spalla,21,17,0.810
OT,H7794,bue,79,64,0.810
OT,H753,lunghezza,95,77,0.811
OT,H1964,tempio,80,65,0.812
OT,H4307,prigione,16,13,0.812
OT,H4080,Madian,59,48,0.814
NT,G5092,onore,43,35,0.814
OT,H8641,offerta,76,62,0.816
OT,H6106,osso,126,103,0.817
OT,H113,signore,329,269,0.818
OT,H6083,polvere,110,90,0.818
OT,H2964,preda,22,18,0.818
OT,H5828,aiuto,22,18,0.818
NT,G2602,fondazione,11,9,0.818
NT,G4605,Sidone,11,9,0.818
NT,G5509,tunica,11,9,0.818
OT,H1283,Beria,11,9,0.818
OT,H3508,rete del fegato,11,9,0.818
OT,H7153,Kiriath-Arba,11,9,0.818
NT,G2968,villaggio,28,23,0.821
OT,H4194,morte,157,129,0.822
NT,G4750,bocca,79,65,0.823
OT,H214,tesoro,79,65,0.823
OT,H8615,speranza,34,28,0.824
OT,H249,nativo,17,14,0.824
OT,H5359,vendetta,17,14,0.824
OT,H8401,paglia,17,14,0.824
OT,H8034,nome,864,712,0.824
OT,H4687,comandamento,184,152,0.826
NT,G1504,immagine,23,19,0.826
OT,H4744,convocazione,23,19,0.826
OT,H8142,sonno,23,19,0.826
OT,H216,luce,121,100,0.826
NT,G1320,maestro,58,48,0.828
OT,H8121,sole,134,111,0.828
NT,G435,uomo,215,179,0.833
OT,H6172,nudità,54,45,0.833
OT,H8242,sacco,48,40,0.833
OT,H7621,giuramento,30,25,0.833
OT,H8573,offerta agitata,30,25,0.833
OT,H281,Ahija,24,20,0.833
OT,H1061,primizia,18,15,0.833
OT,H1387,Gheba,18,15,0.833
OT,H5984,Ammonita,18,15,0.833
OT,H6757,ombra di morte,18,15,0.833
NT,G4077,fonte,12,10,0.833
NT,G570,incredulità,12,10,0.833
NT,G968,tribunale,12,10,0.833
OT,H5872,En-Ghedi,12,10,0.833
OT,H6975,spina,12,10,0.833
NT,G2218,giogo,6,5,0.833
NT,G2671,maledizione,6,5,0.833
NT,G2956,Cireneo,6,5,0.833
NT,G2993,Laodicea,6,5,0.833
NT,G331,anatema,6,5,0.833
NT,G3688,asino,6,5,0.833
NT,G4081,fango,6,5,0.833
NT,G4142,barca,6,5,0.833
NT,G4446,febbre,6,5,0.833
NT,G5190,Tichico,6,5,0.833
NT,G922,peso,6,5,0.833
OT,H1309,notizia,6,5,0.833
OT,H1405,Ghibbethon,6,5,0.833
OT,H172,Oholiba,6,5,0.833
OT,H217,fuoco,6,5,0.833
OT,H2209,vecchiaia,6,5,0.833
OT,H2535,sole,6,5,0.833
OT,H2624,cicogna,6,5,0.833
OT,H2752,Horei,6,5,0.833
OT,H3066,lingua giudaica,6,5,0.833
OT,H3226,Jamin,6,5,0.833
OT,H3420,ruggine,6,5,0.833
OT,H345,Aiah,6,5,0.833
OT,H3511,dolore,6,5,0.833
OT,H3585,menzogna,6,5,0.833
OT,H4494,riposo,6,5,0.833
OT,H4822,Meremoth,6,5,0.833
OT,H5138,minestra,6,5,0.833
OT,H5840,Azrikam,6,5,0.833
OT,H6400,pezzo,6,5,0.833
OT,H6842,capro,6,5,0.833
OT,H7028,Kison,6,5,0.833
OT,H7482,tuono,6,5,0.833
OT,H757,Arkita,6,5,0.833
OT,H851,Eshtemoa,6,5,0.833
OT,H893,Bebai,6,5,0.833
OT,H3605,tutto,5414,4537,0.838
OT,H804,Assiria,151,127,0.841
OT,H3100,Joel,19,16,0.842
OT,H6556,breccia,19,16,0.842
OT,H5159,eredità,222,187,0.842
NT,G5610,ora,108,91,0.843
OT,H784,fuoco,378,319,0.844
OT,H4279,domani,52,44,0.846
OT,H5713,testimonianza,26,22,0.846
NT,G391,condotta,13,11,0.846
OT,H3391,mese,13,11,0.846
OT,H5992,Amminadab,13,11,0.846
OT,H8646,Terah,13,11,0.846
OT,H5715,testimonianza,59,50,0.847
OT,H457,idolo,20,17,0.850
OT,H7019,estate,20,17,0.850
NT,G5456,voce,141,120,0.851
OT,H3407,telo,54,46,0.852
OT,H4546,strada,27,23,0.852
OT,H8227,Shafan,34,29,0.853
OT,H7622,cattività,41,35,0.854
OT,H5216,lampada,48,41,0.854
NT,G1093,terra,252,216,0.857
OT,H8198,serva,63,54,0.857
NT,G1074,generazione,42,36,0.857
NT,G386,risurrezione,42,36,0.857
OT,H6818,grido,21,18,0.857
NT,G3933,vergine,14,12,0.857
OT,H1877,erba,14,12,0.857
OT,H232,cintura,14,12,0.857
NT,G2512,purificazione,7,6,0.857
NT,G2882,Corinto,7,6,0.857
NT,G3402,imitatore,7,6,0.857
NT,G3428,adultera,7,6,0.857
NT,G3690,aceto,7,6,0.857
NT,G3847,trasgressione,7,6,0.857
NT,G4189,malvagità,7,6,0.857
NT,G5395,fiamma,7,6,0.857
NT,G5406,omicida,7,6,0.857
NT,G5491,labbro,7,6,0.857
NT,G5603,cantico,7,6,0.857
OT,H102,schiera,7,6,0.857
OT,H1131,Binnui,7,6,0.857
OT,H1315,Basmath,7,6,0.857
OT,H1736,mandragola,7,6,0.857
OT,H1882,legge,7,6,0.857
OT,H2239,spanna,7,6,0.857
OT,H2341,Havila,7,6,0.857
OT,H2386,porco,7,6,0.857
OT,H2793,foresta,7,6,0.857
OT,H293,Ahinoam,7,6,0.857
OT,H3382,Jared,7,6,0.857
OT,H3412,Iarmuth,7,6,0.857
OT,H356,Elon,7,6,0.857
OT,H3672,Kinnereth,7,6,0.857
OT,H3936,Laedan,7,6,0.857
OT,H4024,Migdol,7,6,0.857
OT,H44,Abiezer,7,6,0.857
OT,H5063,piaga,7,6,0.857
OT,H590,flotta,7,6,0.857
OT,H6057,ramo,7,6,0.857
OT,H6274,Othniel,7,6,0.857
OT,H6316,Put,7,6,0.857
OT,H6367,Pi-Hahiroth,7,6,0.857
OT,H6443,perla,7,6,0.857
OT,H6781,braccialetto,7,6,0.857
OT,H682,Atsel,7,6,0.857
OT,H7415,verme,7,6,0.857
OT,H7469,vanità,7,6,0.857
OT,H7645,Scebania,7,6,0.857
OT,H7826,leone,7,6,0.857
OT,H7982,scudo,7,6,0.857
OT,H8019,Scelomith,7,6,0.857
OT,H8185,capello,7,6,0.857
OT,H8620,Tekoa,7,6,0.857
OT,H8636,usura,7,6,0.857
OT,H5061,piaga,78,67,0.859
OT,H123,Edom,100,86,0.860
OT,H7341,larghezza,101,87,0.861
NT,G1108,conoscenza,29,25,0.862
OT,H4296,letto,29,25,0.862
OT,H1168,Baal,80,69,0.863
NT,G2232,governatore,22,19,0.864
NT,G5506,capo militare,22,19,0.864
OT,H6297,cadavere,22,19,0.864
OT,H8342,gioia,22,19,0.864
NT,G3686,nome,229,198,0.865
OT,H875,pozzo,37,32,0.865
OT,H1817,porta,89,77,0.865
OT,H1116,alto luogo,104,90,0.865
NT,G2359,capello,15,13,0.867
NT,G3027,ladrone,15,13,0.867
NT,G3625,mondo,15,13,0.867
NT,G5103,Tito,15,13,0.867
OT,H6085,Efron,15,13,0.867
NT,G4521,sabato,68,59,0.868
OT,H120,uomo,552,479,0.868
NT,G1860,promessa,53,46,0.868
OT,H884,Beer-Sceba,53,46,0.868
OT,H4735,bestiame,76,66,0.868
OT,H1293,benedizione,69,60,0.870
OT,H5850,corona,23,20,0.870
NT,G5485,grazia,156,136,0.872
OT,H1285,patto,284,248,0.873
OT,H2822,tenebre,80,70,0.875
OT,H8163,capro,56,49,0.875
OT,H374,efa,40,35,0.875
OT,H7416,melagrana,32,28,0.875
NT,G4990,salvatore,24,21,0.875
NT,G3804,sofferenza,16,14,0.875
NT,G4073,roccia,16,14,0.875
NT,G4653,tenebre,16,14,0.875
NT,G5059,prodigio,16,14,0.875
OT,H1005,casa,16,14,0.875
OT,H1425,Gadita,16,14,0.875
OT,H7179,stoppia,16,14,0.875
OT,H7992,terzo,16,14,0.875
NT,G2782,predicazione,8,7,0.875
NT,G3968,patria,8,7,0.875
OT,H1393,Gabaonita,8,7,0.875
OT,H1508,spazio vuoto,8,7,0.875
OT,H1808,ramo,8,7,0.875
OT,H2553,idolo,8,7,0.875
OT,H2805,cintura,8,7,0.875
OT,H2985,Iabin,8,7,0.875
OT,H3459,Ismaelita,8,7,0.875
OT,H387,Ethan,8,7,0.875
OT,H437,quercia,8,7,0.875
OT,H4584,Maon,8,7,0.875
OT,H5166,Nehemia,8,7,0.875
OT,H5820,Azmaveth,8,7,0.875
OT,H6429,Filistia,8,7,0.875
OT,H6649,Tsibeon,8,7,0.875
OT,H7156,Kiriathaim,8,7,0.875
OT,H7647,abbondanza,8,7,0.875
OT,H7648,sazietà,8,7,0.875
OT,H7956,Scela,8,7,0.875
OT,H8202,Shafat,8,7,0.875
OT,H948,bisso,8,7,0.875
NT,G4221,calice,33,29,0.879
OT,H8328,radice,33,29,0.879
OT,H5387,principe,134,118,0.881
OT,H5631,eunuco,42,37,0.881
OT,H4318,Mica,34,30,0.882
NT,G706,numero,17,15,0.882
OT,H1648,Gherson,17,15,0.882
OT,H5210,Ninive,17,15,0.882
OT,H526,Amon,17,15,0.882
OT,H6525,fiore,17,15,0.882
OT,H7431,rettile,17,15,0.882
OT,H8135,odio,17,15,0.882
OT,H8372,camera,17,15,0.882
OT,H7339,piazza,43,38,0.884
OT,H138,Adonija,26,23,0.885
OT,H2905,ordine,26,23,0.885
OT,H8096,Scimei,44,39,0.886
OT,H5983,Ammon,106,94,0.887
OT,H4467,regno,117,104,0.889
OT,H6040,afflizione,36,32,0.889
OT,H8398,mondo,36,32,0.889
OT,H5360,vendetta,27,24,0.889
NT,G4440,porta,18,16,0.889
OT,H1513,carbone,18,16,0.889
OT,H2201,grido,18,16,0.889
OT,H3730,pomo,18,16,0.889
OT,H4324,Mical,18,16,0.889
OT,H5523,Succoth,18,16,0.889
OT,H7014,Caino,18,16,0.889
NT,G2805,pianto,9,8,0.889
NT,G3023,leone,9,8,0.889
NT,G3198,Melchisedec,9,8,0.889
NT,G4549,Saulo,9,8,0.889
NT,G5286,sgabello,9,8,0.889
NT,G5355,invidia,9,8,0.889
OT,H1196,Baana,9,8,0.889
OT,H1212,Betsaleel,9,8,0.889
OT,H1673,Doeg,9,8,0.889
OT,H2069,Zebadia,9,8,0.889
OT,H2184,prostituzione,9,8,0.889
OT,H436,quercia,9,8,0.889
OT,H454,Elioenai,9,8,0.889
OT,H4865,castone,9,8,0.889
OT,H4902,Mescec,9,8,0.889
OT,H663,Afek,9,8,0.889
OT,H7597,Scealtiel,9,8,0.889
OT,H7668,grano,9,8,0.889
OT,H775,Arpacshad,9,8,0.889
OT,H7974,Scelah,9,8,0.889
OT,H838,passo,9,8,0.889
OT,H8612,Tofet,9,8,0.889
OT,H863,Ittai,9,8,0.889
OT,H1323,figlia,590,525,0.890
OT,H3519,gloria,200,178,0.890
OT,H2220,braccio,91,81,0.890
OT,H7133,offerta,82,73,0.890
NT,G2342,bestia,46,41,0.891
OT,H4899,unto,37,33,0.892
NT,G4228,piede,93,83,0.892
OT,H519,serva,56,50,0.893
OT,H6346,governatore,28,25,0.893
OT,H3225,destra,141,126,0.894
NT,G4561,carne,151,135,0.894
NT,G773,Asia,19,17,0.895
OT,H4201,stipite,19,17,0.895
OT,H4321,Micaiah,19,17,0.895
OT,H6153,sera,134,120,0.896
OT,H3957,camera,48,43,0.896
OT,H1121,figlio,4942,4430,0.896
NT,G2378,sacrificio,29,26,0.897
OT,H3915,notte,235,211,0.898
OT,H4948,peso,49,44,0.898
OT,H561,parola,49,44,0.898
NT,G444,uomo,559,502,0.898
NT,G740,pane,99,89,0.899
NT,G3850,parabola,50,45,0.900
OT,H6833,uccello,40,36,0.900
NT,G1922,conoscenza,20,18,0.900
NT,G3142,testimonianza,20,18,0.900
NT,G5273,ipocrita,20,18,0.900
OT,H7620,settimana,20,18,0.900
NT,G2883,Cornelio,10,9,0.900
NT,G3727,giuramento,10,9,0.900
NT,G4058,colomba,10,9,0.900
NT,G4670,Sodoma,10,9,0.900
NT,G5010,ordine,10,9,0.900
NT,G5583,bugiardo,10,9,0.900
NT,G629,redenzione,10,9,0.900
OT,H1885,Dathan,10,9,0.900
OT,H2139,Zaccur,10,9,0.900
OT,H3028,mano,10,9,0.900
OT,H3774,Kerethei,10,9,0.900
OT,H5177,Nahshon,10,9,0.900
OT,H672,Efrata,10,9,0.900
OT,H6755,statua,10,9,0.900
OT,H6846,Sofonia,10,9,0.900
OT,H6881,Tsorea,10,9,0.900
OT,H7474,amica,10,9,0.900
OT,H8018,Scelemia,10,9,0.900
OT,H8205,altura,10,9,0.900
OT,H5771,iniquità,232,209,0.901
OT,H2459,grasso,92,83,0.902
OT,H271,Achaz,41,37,0.902
OT,H6677,collo,41,37,0.902
OT,H7782,tromba,72,65,0.903
NT,G2541,Cesare,31,28,0.903
OT,H5175,serpente,31,28,0.903
NT,G3624,casa,114,103,0.904
OT,H6667,Sedekia,63,57,0.905
NT,G1543,centurione,21,19,0.905
OT,H2682,erba,21,19,0.905
OT,H7027,Kis,21,19,0.905
OT,H7800,Susa,21,19,0.905
OT,H3956,lingua,117,106,0.906
NT,G2307,volontà,64,58,0.906
OT,H2472,sogno,64,58,0.906
NT,G2246,sole,32,29,0.906
NT,G975,libro,32,29,0.906
OT,H3611,cane,32,29,0.906
OT,H759,palazzo,32,29,0.906
OT,H7887,Sciloh,32,29,0.906
OT,H2320,mese,283,257,0.908
OT,H1486,sorte,77,70,0.909
OT,H8605,preghiera,77,70,0.909
OT,H970,giovane,44,40,0.909
NT,G3631,vino,33,30,0.909
NT,G908,battesimo,22,20,0.909
NT,G1657,libertà,11,10,0.909
NT,G2768,corno,11,10,0.909
NT,G4540,Samaria,11,10,0.909
NT,G86,Ades,11,10,0.909
NT,G882,Acaia,11,10,0.909
OT,H1296,Berekia,11,10,0.909
OT,H1569,Galaadita,11,10,0.909
OT,H2180,coda,11,10,0.909
OT,H2376,visione,11,10,0.909
OT,H3048,Jedaia,11,10,0.909
OT,H3098,Joah,11,10,0.909
OT,H3120,Javan,11,10,0.909
OT,H4146,fondamento,11,10,0.909
OT,H4147,legame,11,10,0.909
OT,H4363,Micmas,11,10,0.909
OT,H4759,visione,11,10,0.909
OT,H7467,Reuel,11,10,0.909
OT,H8487,Teman,11,10,0.909
OT,H7676,sabato,111,101,0.910
OT,H8081,olio,193,176,0.912
OT,H6666,giustizia,159,145,0.912
NT,G2281,mare,92,84,0.913
OT,H6214,Asael,23,21,0.913
OT,H7614,Sceba,23,21,0.913
NT,G2501,Giuseppe,35,32,0.914
NT,G1577,chiesa,117,107,0.915
OT,H5775,uccello,71,65,0.915
NT,G3709,ira,36,33,0.917
OT,H8415,abisso,36,33,0.917
OT,H3923,Lakis,24,22,0.917
NT,G1119,ginocchio,12,11,0.917
NT,G2381,Toma,12,11,0.917
NT,G3705,visione,12,11,0.917
NT,G67,Agrippa,12,11,0.917
OT,H2078,Zebah,12,11,0.917
OT,H4023,Meghiddo,12,11,0.917
OT,H41,Abinadab,12,11,0.917
OT,H4133,giogo,12,11,0.917
OT,H4701,mitra,12,11,0.917
OT,H4740,angolo,12,11,0.917
OT,H6003,Amalekita,12,11,0.917
OT,H6034,Ana,12,11,0.917
OT,H6363,primogenito,12,11,0.917
OT,H6938,Kedar,12,11,0.917
NT,G4442,fuoco,74,68,0.919
OT,H1004,casa,2056,1890,0.919
OT,H567,Amorei,87,80,0.920
OT,H1,padre,1212,1115,0.920
OT,H6227,fumo,25,23,0.920
NT,G2041,opera,176,162,0.920
NT,G5495,mano,179,165,0.922
NT,G5547,Cristo,569,525,0.923
NT,G3571,notte,65,60,0.923
NT,G5095,Timoteo,26,24,0.923
OT,H2438,Hiram,26,24,0.923
OT,H4888,unzione,26,24,0.923
OT,H5404,aquila,26,24,0.923
OT,H6685,digiuno,26,24,0.923
NT,G3358,misura,13,12,0.923
NT,G976,libro,13,12,0.923
OT,H2374,veggente,13,12,0.923
OT,H2544,Hemor,13,12,0.923
OT,H5015,Nebo,13,12,0.923
OT,H7394,Recab,13,12,0.923
OT,H7393,carro,120,111,0.925
OT,H5857,Ai,40,37,0.925
OT,H1471,nazione,567,525,0.926
NT,G1680,speranza,54,50,0.926
NT,G1672,greco,27,25,0.926
NT,G2250,giorno,389,361,0.928
OT,H4124,Moab,181,168,0.928
NT,G5457,luce,70,65,0.929
OT,H6539,Persia,28,26,0.929
OT,H8392,arca,28,26,0.929
NT,G3789,serpente,14,13,0.929
NT,G4578,terremoto,14,13,0.929
NT,G910,Battista,14,13,0.929
OT,H1647,Ghershom,14,13,0.929
OT,H2471,focaccia,14,13,0.929
OT,H2678,freccia,14,13,0.929
OT,H3378,Ierubbaal,14,13,0.929
OT,H3516,fegato,14,13,0.929
OT,H8476,delfino,14,13,0.929
OT,H5971,popolo,1870,1737,0.929
NT,G4864,sinagoga,57,53,0.930
OT,H6571,cavaliere,57,53,0.930
OT,H4714,Egitto,635,591,0.931
OT,H6051,nuvola,87,81,0.931
NT,G3162,spada,29,27,0.931
OT,H1314,aroma,29,27,0.931
OT,H2461,latte,44,41,0.932
OT,H4818,carro,44,41,0.932
OT,H4720,santuario,74,69,0.932
NT,G4151,spirito,385,359,0.932
OT,H269,sorella,119,111,0.933
OT,H6529,frutto,119,111,0.933
NT,G2150,pietà,15,14,0.933
NT,G3480,Nazareno,15,14,0.933
NT,G5218,ubbidienza,15,14,0.933
NT,G5528,erba,15,14,0.933
OT,H1507,Ghezer,15,14,0.933
OT,H290,Ahimaats,15,14,0.933
OT,H3976,bilancia,15,14,0.933
OT,H4813,Maria,15,14,0.933
OT,H7198,arco,76,71,0.934
OT,H8179,porta,375,351,0.936
OT,H3196,vino,141,132,0.936
OT,H4043,scudo,63,59,0.937
OT,H441,capo,64,60,0.938
OT,H5262,libazione,64,60,0.938
OT,H591,nave,32,30,0.938
NT,G1220,denaro,16,15,0.938
NT,G2310,fondamento,16,15,0.938
OT,H1687,santuario,16,15,0.938
OT,H3312,Gefunne,16,15,0.938
OT,H4125,Moabita,16,15,0.938
OT,H4341,dolore,16,15,0.938
OT,H5369,Ner,16,15,0.938
OT,H6722,Sidonio,16,15,0.938
OT,H2975,fiume,65,61,0.938
OT,H6453,Pasqua,49,46,0.939
OT,H6738,ombra,49,46,0.939
NT,G5043,figlio,99,93,0.939
NT,G1242,patto,33,31,0.939
OT,H1661,Gath,33,31,0.939
OT,H7045,maledizione,33,31,0.939
OT,H6499,giovenco,133,125,0.940
NT,G1122,scriba,67,63,0.940
OT,H3881,Levita,286,269,0.941
OT,H3678,trono,135,127,0.941
OT,H4940,famiglia,304,286,0.941
OT,H2518,Hilkia,34,32,0.941
NT,G2542,Cesarea,17,16,0.941
NT,G4491,radice,17,16,0.941
NT,G4569,Saulo,17,16,0.941
NT,G5486,dono,17,16,0.941
OT,H288,Ahimelec,17,16,0.941
OT,H3273,Jeiel,17,16,0.941
OT,H5411,Nethinei,17,16,0.941
OT,H6271,Athalia,17,16,0.941
OT,H251,fratello,629,593,0.943
OT,H1653,pioggia,35,33,0.943
OT,H3612,Caleb,35,33,0.943
OT,H5695,vitello,35,33,0.943
OT,H2001,Haman,54,51,0.944
OT,H7414,Rama,36,34,0.944
OT,H2674,Hatsor,18,17,0.944
OT,H6946,Kades,18,17,0.944
OT,H7084,Keila,18,17,0.944
OT,H7206,Rubeniti,18,17,0.944
NT,G1515,pace,92,87,0.946
NT,G3775,orecchio,37,35,0.946
OT,H3079,Joiakim,37,35,0.946
OT,H3556,stella,37,35,0.946
OT,H1144,Beniamino,167,158,0.946
NT,G1391,gloria,168,159,0.946
OT,H3667,Canaan,94,89,0.947
OT,H410,Dio,245,232,0.947
OT,H8123,Sansone,38,36,0.947
NT,G1118,genitore,19,18,0.947
OT,H1709,pesce,19,18,0.947
OT,H2206,barba,19,18,0.947
OT,H26,Abigail,19,18,0.947
OT,H4054,contado,115,109,0.948
OT,H347,Giobbe,58,55,0.948
OT,H5104,fiume,119,113,0.950
OT,H3083,Gionathan,80,76,0.950
NT,G3037,pietra,60,57,0.950
OT,H5088,voto,60,57,0.950
OT,H3059,Joachaz,20,19,0.950
OT,H4268,rifugio,20,19,0.950
OT,H5070,Nadab,20,19,0.950
OT,H8304,Seraia,20,19,0.950
OT,H5483,cavallo,141,134,0.950
NT,G652,apostolo,81,77,0.951
OT,H738,leone,81,77,0.951
OT,H2740,ira,41,39,0.951
OT,H2282,festa,62,59,0.952
OT,H1053,Beth-Scemesh,42,40,0.952
OT,H1588,giardino,42,40,0.952
OT,H5416,Nathan,42,40,0.952
OT,H4039,rotolo,21,20,0.952
OT,H6307,Paddan-Aram,21,20,0.952
OT,H3878,Levi,64,61,0.953
OT,H3871,tavola,43,41,0.953
NT,G2424,Gesù,975,930,0.954
NT,G3772,cielo,284,271,0.954
NT,G225,verità,110,105,0.955
NT,G2590,frutto,66,63,0.955
NT,G4149,ricchezza,22,21,0.955
NT,G5057,pubblicano,22,21,0.955
OT,H3110,Johanan,22,21,0.955
OT,H5633,principe,22,21,0.955
OT,H5830,Esdra,22,21,0.955
OT,H6138,Ekron,22,21,0.955
OT,H8451,legge,222,212,0.955
OT,H835,beato,45,43,0.956
OT,H1818,sangue,361,345,0.956
NT,G3109,Macedonia,23,22,0.957
OT,H3323,olio,23,22,0.957
OT,H4601,Maaca,23,22,0.957
OT,H7845,fossa,23,22,0.957
NT,G2288,morte,119,114,0.958
OT,H5838,Azaria,48,46,0.958
OT,H1162,Boaz,24,23,0.958
OT,H2145,maschio,24,23,0.958
OT,H3805,capitello,24,23,0.958
OT,H6490,precetto,24,23,0.958
OT,H697,locusta,24,23,0.958
OT,H1698,peste,49,47,0.959
OT,H4026,torre,49,47,0.959
NT,G129,sangue,99,95,0.960
OT,H2340,Hivveo,25,24,0.960
OT,H4918,Meshullam,25,24,0.960
OT,H5699,carro,25,24,0.960
OT,H769,Arnon,25,24,0.960
OT,H8559,Tamar,25,24,0.960
OT,H4713,Egiziano,76,73,0.961
NT,G1186,albero,26,25,0.962
NT,G4202,fornicazione,26,25,0.962
OT,H1290,ginocchio,26,25,0.962
NT,G32,angelo,185,178,0.962
OT,H4325,acqua,582,560,0.962
OT,H8040,sinistra,53,51,0.962
OT,H2346,muro,133,128,0.962
NT,G4074,Pietro,162,156,0.963
NT,G1859,festa,27,26,0.963
NT,G2384,Giacobbe,27,26,0.963
NT,G3466,mistero,27,26,0.963
NT,G5503,vedova,27,26,0.963
NT,G4102,fede,244,235,0.963
OT,H3092,Giosafat,84,81,0.964
OT,H490,vedova,56,54,0.964
NT,G1656,misericordia,28,27,0.964
NT,G4716,croce,28,27,0.964
OT,H8659,Tarsis,28,27,0.964
NT,G3384,madre,85,82,0.965
OT,H727,arca,202,195,0.965
OT,H168,tenda,348,336,0.966
NT,G266,peccato,174,168,0.966
OT,H3058,Jehu,58,56,0.966
NT,G2364,figlia,29,28,0.966
OT,H3442,Jeshua,29,28,0.966
OT,H7151,città,29,28,0.966
OT,H8010,Salomone,293,283,0.966
OT,H1060,primogenito,118,114,0.966
NT,G4396,profeta,149,144,0.966
NT,G2243,Elia,30,29,0.967
OT,H3316,Jefte,30,29,0.967
OT,H5126,Nun,30,29,0.967
OT,H54,Abiathar,30,29,0.967
OT,H5867,Elam,30,29,0.967
NT,G1343,giustizia,92,89,0.967
OT,H1516,valle,62,60,0.968
OT,H676,dito,31,30,0.968
NT,G2409,sacerdote,32,31,0.969
NT,G4655,tenebre,32,31,0.969
NT,G4893,coscienza,32,31,0.969
OT,H1840,Daniele,32,31,0.969
OT,H325,Assuero,32,31,0.969
OT,H4643,decima,32,31,0.969
OT,H6955,Kehath,32,31,0.969
OT,H5785,pelle,99,96,0.970
OT,H339,isola,33,32,0.970
OT,H3876,Lot,33,32,0.970
OT,H5941,Eli,33,32,0.970
OT,H6212,erba,33,32,0.970
NT,G2491,Giovanni,133,129,0.970
NT,G3101,discepolo,269,261,0.970
NT,G3144,testimone,34,33,0.971
OT,H3812,Lea,34,33,0.971
OT,H2719,spada,413,401,0.971
OT,H6010,valle,69,67,0.971
NT,G80,fratello,346,336,0.971
NT,G2474,Israele,70,68,0.971
OT,H3816,popolo,35,34,0.971
OT,H452,Elia,71,69,0.972
NT,G4567,Satana,36,35,0.972
OT,H3669,Cananeo,73,71,0.973
OT,H1391,Gabaon,37,36,0.973
OT,H1637,aia,37,36,0.973
OT,H274,Achazia,37,36,0.973
OT,H565,parola,37,36,0.973
OT,H6239,ricchezza,37,36,0.973
OT,H6370,concubina,37,36,0.973
OT,H5982,colonna,112,109,0.973
OT,H2403,peccato,299,291,0.973
NT,G2455,Giuda,38,37,0.974
NT,G5376,Filippo,38,37,0.974
OT,H8283,Sara,38,37,0.974
OT,H5467,Sodoma,39,38,0.974
NT,G935,re,118,115,0.975
OT,H3064,Giudeo,79,77,0.975
OT,H558,Amatsia,40,39,0.975
OT,H136,Signore,445,434,0.975
NT,G932,regno,162,158,0.975
NT,G4263,pecora,41,40,0.976
OT,H1141,Benaia,42,41,0.976
OT,H4501,candelabro,42,41,0.976
NT,G2449,Giudea,43,42,0.977
OT,H1390,Ghibea,43,42,0.977
OT,H3485,Issacar,43,42,0.977
NT,G2316,Dio,1343,1312,0.977
OT,H3091,Giosuè,218,213,0.977
NT,G2264,Erode,44,43,0.977
OT,H8095,Simeone,44,43,0.977
NT,G3485,tempio,46,45,0.978
NT,G3962,padre,418,409,0.978
OT,H5178,rame,140,137,0.979
NT,G3614,casa,95,93,0.979
OT,H1544,idolo,48,47,0.979
OT,H2595,lancia,48,47,0.979
OT,H7706,Onnipotente,48,47,0.979
OT,H5930,olocausto,289,283,0.979
OT,H3097,Joab,145,142,0.979
NT,G1100,lingua,50,49,0.980
OT,H2885,anello,50,49,0.980
OT,H7346,Roboamo,50,49,0.980
NT,G1124,Scrittura,51,50,0.980
NT,G4678,sapienza,51,50,0.980
OT,H3478,Israele,2507,2460,0.981
NT,G3972,Paolo,164,161,0.982
NT,G4172,città,164,161,0.982
OT,H3837,Labano,55,54,0.982
OT,H53,Absalom,111,109,0.982
OT,H134,base,57,56,0.982
OT,H477,Eliseo,58,57,0.983
OT,H85,Abrahamo,175,172,0.983
NT,G1138,Davide,59,58,0.983
NT,G2414,Gerusalemme,59,58,0.983
OT,H5019,Nebucadnetsar,60,59,0.983
OT,H8064,cielo,421,414,0.983
NT,G2362,trono,61,60,0.984
OT,H1109,Balaam,61,60,0.984
NT,G1056,Galilea,63,62,0.984
OT,H1732,Davide,1075,1058,0.984
OT,H5030,profeta,317,312,0.984
OT,H894,Babilonia,262,258,0.985
NT,G3551,legge,197,194,0.985
OT,H4428,re,2526,2488,0.985
OT,H40,Abimelec,67,66,0.985
OT,H7586,Saul,406,400,0.985
OT,H8050,Samuele,140,138,0.986
OT,H2275,Hebron,71,70,0.986
NT,G2992,popolo,143,141,0.986
OT,H499,Eleazar,72,71,0.986
NT,G4983,corpo,146,144,0.986
NT,G5204,acqua,78,77,0.987
NT,G2419,Gerusalemme,83,82,0.988
OT,H3548,sacerdote,750,741,0.988
OT,H4057,deserto,271,268,0.989
OT,H3754,vigna,92,91,0.989
NT,G2889,mondo,187,185,0.989
OT,H6215,Esaù,97,96,0.990
NT,G5330,fariseo,100,99,0.990
NT,G3788,occhio,102,101,0.990
OT,H8141,anno,851,843,0.991
OT,H3130,Giuseppe,213,211,0.991
OT,H3532,agnello,107,106,0.991
OT,H517,madre,220,218,0.991
OT,H3063,Giuda,819,812,0.991
OT,H5892,città,1095,1086,0.992
OT,H520,cubito,249,247,0.992
OT,H4872,Mosè,766,760,0.992
OT,H2396,Ezechia,130,129,0.992
NT,G2222,vita,134,133,0.993
OT,H6430,Filisteo,290,288,0.993
OT,H4519,Manasse,146,145,0.993
OT,H6726,Sion,153,152,0.993
OT,H430,Dio,2600,2584,0.994
OT,H4196,altare,403,401,0.995
OT,H3069,Eterno,306,305,0.997
OT,H3068,Eterno,6521,6500,0.997
OT,H175,Aaronne,347,346,0.997
OT,H3290,Giacobbe,349,348,0.997
OT,H2091,oro,389,388,0.997
OT,H3389,Gerusalemme,643,642,0.998
OT,H6547,Faraone,268,268,1.000
OT,H3383,Giordano,183,183,1.000
OT,H669,Efraim,180,180,1.000
OT,H3414,Geremia,147,147,1.000
OT,H1008,Bethel,144,144,1.000
OT,H1568,Galaad,134,134,1.000
OT,H8111,Samaria,109,109,1.000
OT,H3327,Isacco,108,108,1.000
OT,H3379,Geroboamo,104,104,1.000
OT,H2543,asino,96,96,1.000
OT,H256,Achab,93,93,1.000
OT,H3742,cherubino,91,91,1.000
OT,H8255,siclo,88,88,1.000
OT,H1035,Bethlehem,82,82,1.000
OT,H3778,Caldeo,82,82,1.000
NT,G3475,Mosè,80,80,1.000
OT,H1270,ferro,76,76,1.000
NT,G11,Abramo,73,73,1.000
OT,H730,cedro,73,73,1.000
OT,H1410,Gad,72,72,1.000
OT,H7205,Ruben,72,72,1.000
NT,G2411,tempio,71,71,1.000
OT,H3844,Libano,71,71,1.000
OT,H1835,Dan,70,70,1.000
OT,H74,Abner,63,63,1.000
OT,H87,Abramo,61,61,1.000
OT,H433,Dio,60,60,1.000
OT,H4782,Mardocheo,60,60,1.000
OT,H609,Asa,58,58,1.000
OT,H3405,Gerico,57,57,1.000
OT,H4210,salmo,57,57,1.000
NT,G4091,Pilato,55,55,1.000
OT,H635,Ester,55,55,1.000
NT,G3137,Maria,54,54,1.000
OT,H1581,cammello,54,54,1.000
OT,H1706,miele,54,54,1.000
OT,H2977,Giosia,53,53,1.000
OT,H4082,provincia,53,53,1.000
OT,H5560,fior di farina,53,53,1.000
OT,H6659,Tsadok,53,53,1.000
OT,H3077,Jehoiada,51,51,1.000
OT,H5321,Neftali,51,51,1.000
OT,H1130,Ben-Hadad,50,50,1.000
NT,G2094,anno,49,49,1.000
OT,H646,efod,49,49,1.000
OT,H2850,Hitteo,48,48,1.000
OT,H3101,Joas,47,47,1.000
OT,H7354,Rachele,47,47,1.000
OT,H5146,Noè,46,46,1.000
OT,H623,Asaf,46,46,1.000
OT,H1834,Damasco,45,45,1.000
OT,H2074,Zabulon,45,45,1.000
OT,H1111,Balak,43,43,1.000
OT,H2148,Zaccaria,43,43,1.000
OT,H836,Ascer,43,43,1.000
NT,G2385,Giacomo,42,42,1.000
OT,H3448,Isai,42,42,1.000
OT,H3490,orfano,42,42,1.000
OT,H6865,Tiro,42,42,1.000
OT,H8144,scarlatto,42,42,1.000
OT,H1537,Ghilgal,41,41,1.000
OT,H8098,Scemaia,41,41,1.000
OT,H5654,Obed-Edom,40,40,1.000
OT,H5923,giogo,40,40,1.000
OT,H1439,Gedeone,39,39,1.000
OT,H223,Uria,39,39,1.000
OT,H3470,Isaia,39,39,1.000
OT,H4847,Merari,39,39,1.000
OT,H8165,Seir,39,39,1.000
OT,H8384,fico,39,39,1.000
OT,H2809,Heshbon,38,38,1.000
OT,H4306,pioggia,38,38,1.000
NT,G3141,testimonianza,37,37,1.000
OT,H5511,Sihon,37,37,1.000
OT,H4709,Mitspa,36,36,1.000
OT,H5236,straniero,36,36,1.000
OT,H212,ruota,35,35,1.000
OT,H2377,visione,35,35,1.000
OT,H2574,Hamath,35,35,1.000
OT,H4436,regina,35,35,1.000
OT,H5514,Sinai,35,35,1.000
OT,H6883,lebbra,35,35,1.000
NT,G3196,membro,34,34,1.000
OT,H5680,Ebreo,34,34,1.000
OT,H8184,orzo,34,34,1.000
OT,H860,asina,34,34,1.000
OT,H6241,decimo,33,33,1.000
OT,H1436,Ghedalia,32,32,1.000
OT,H2474,finestra,32,32,1.000
NT,G417,vento,31,31,1.000
NT,G5443,tribù,31,31,1.000
OT,H2919,rugiada,31,31,1.000
OT,H4327,specie,31,31,1.000
NT,G721,agnello,30,30,1.000
OT,H7259,Rebecca,30,30,1.000
OT,H2689,tromba,29,29,1.000
NT,G921,Barnaba,28,28,1.000
OT,H1032,Beth-Horon,28,28,1.000
OT,H1201,Baasa,28,28,1.000
OT,H550,Amnon,28,28,1.000
OT,H7848,acacia,28,28,1.000
OT,H3727,propiziatorio,27,27,1.000
OT,H5818,Uzzia,27,27,1.000
OT,H7967,Shallum,27,27,1.000
NT,G3507,nuvola,26,26,1.000
NT,G4757,soldato,26,26,1.000
OT,H1263,Baruc,26,26,1.000
OT,H3394,luna,26,26,1.000
OT,H6870,Tseruia,26,26,1.000
OT,H1841,Daniele,25,25,1.000
OT,H2833,pettorale,25,25,1.000
OT,H5028,Nebat,25,25,1.000
OT,H52,Abishai,25,25,1.000
OT,H6372,Fineas,25,25,1.000
OT,H6532,velo,25,25,1.000
NT,G125,Egitto,24,24,1.000
NT,G79,sorella,24,24,1.000
NT,G792,stella,24,24,1.000
OT,H3147,Jotham,24,24,1.000
OT,H4350,base,24,24,1.000
OT,H4430,re,24,24,1.000
NT,G2379,altare,23,23,1.000
NT,G290,vigna,23,23,1.000
OT,H2371,Hazael,23,23,1.000
OT,H4641,Maaseia,23,23,1.000
OT,H906,lino,23,23,1.000
OT,H1969,hin,22,22,1.000
OT,H3390,Gerusalemme,22,22,1.000
OT,H348,Izebel,22,22,1.000
OT,H378,Jsh-Bosheth,22,22,1.000
OT,H4353,Makir,22,22,1.000
OT,H4437,regno,22,22,1.000
OT,H5022,Naboth,22,22,1.000
OT,H5037,Nabal,22,22,1.000
OT,H5747,Og,22,22,1.000
OT,H665,cenere,22,22,1.000
OT,H7568,rete,22,22,1.000
NT,G2268,Isaia,21,21,1.000
OT,H3828,incenso,21,21,1.000
OT,H385,Ithamar,21,21,1.000
OT,H397,Akis,21,21,1.000
OT,H446,Eliab,21,21,1.000
OT,H511,Elkana,21,21,1.000
OT,H5281,Naomi,21,21,1.000
OT,H5516,Sisera,21,21,1.000
OT,H5804,Gaza,21,21,1.000
OT,H6591,interpretazione,21,21,1.000
NT,G2464,Isacco,20,20,1.000
NT,G2486,pesce,20,20,1.000
OT,H1265,cipresso,20,20,1.000
OT,H296,Ahikam,20,20,1.000
OT,H302,Ahitofel,20,20,1.000
OT,H3038,Jeduthun,20,20,1.000
OT,H3141,Joram,20,20,1.000
OT,H4733,rifugio,20,20,1.000
OT,H5418,Nethania,20,20,1.000
OT,H6947,Kades-Barnea,20,20,1.000
OT,H7950,neve,20,20,1.000
OT,H8561,palma,20,20,1.000
NT,G4394,profezia,19,19,1.000
OT,H3124,Giona,19,19,1.000
OT,H3308,bellezza,19,19,1.000
OT,H6017,Gomorra,19,19,1.000
OT,H6025,uva,19,19,1.000
OT,H6578,Eufrate,19,19,1.000
NT,G2344,tesoro,18,18,1.000
NT,G3376,mese,18,18,1.000
NT,G4166,pastore,18,18,1.000
NT,G4735,corona,18,18,1.000
NT,G490,Antiochia,18,18,1.000
OT,H2696,Hetsron,18,18,1.000
OT,H2900,Tobia,18,18,1.000
OT,H3841,Libna,18,18,1.000
OT,H4495,Manoah,18,18,1.000
OT,H5152,Nahor,18,18,1.000
OT,H6018,Omri,18,18,1.000
NT,G2923,giudice,17,17,1.000
OT,H1145,Beniaminita,17,17,1.000
OT,H1590,ladro,17,17,1.000
OT,H1968,Heman,17,17,1.000
OT,H2722,Horeb,17,17,1.000
OT,H3060,Joas,17,17,1.000
OT,H4648,Mefibosheth,17,17,1.000
OT,H475,Eliascib,17,17,1.000
OT,H476,Elishama,17,17,1.000
OT,H6091,idolo,17,17,1.000
OT,H7086,piatto,17,17,1.000
OT,H795,Asdod,17,17,1.000
OT,H8035,Sem,17,17,1.000
OT,H8297,Sarai,17,17,1.000
NT,G1062,nozze,16,16,1.000
NT,G2462,cavallo,16,16,1.000
NT,G2812,ladro,16,16,1.000
NT,G3566,sposo,16,16,1.000
NT,G4808,fico,16,16,1.000
OT,H1423,capretto,16,16,1.000
OT,H426,Dio,16,16,1.000
OT,H4983,Mattania,16,16,1.000
OT,H5018,Nebuzaradan,16,16,1.000
OT,H5283,Naaman,16,16,1.000
OT,H568,Amaria,16,16,1.000
OT,H5731,Eden,16,16,1.000
OT,H6021,Amasa,16,16,1.000
OT,H6177,Aroer,16,16,1.000
OT,H6593,lino,16,16,1.000
OT,H6717,Tsiba,16,16,1.000
OT,H6785,lana,16,16,1.000
OT,H7417,Rimmon,16,16,1.000
OT,H931,pollice,16,16,1.000
NT,G1154,Damasco,15,15,1.000
NT,G2181,Efeso,15,15,1.000
NT,G2446,Giordano,15,15,1.000
NT,G2818,erede,15,15,1.000
NT,G2976,Lazzaro,15,15,1.000
NT,G5007,talento,15,15,1.000
OT,H1137,Bani,15,15,1.000
OT,H1657,Goscen,15,15,1.000
OT,H1710,pesce,15,15,1.000
OT,H2174,Zimri,15,15,1.000
OT,H2354,Hur,15,15,1.000
OT,H2811,Hashabia,15,15,1.000
OT,H285,Ahitub,15,15,1.000
OT,H3171,Jehiel,15,15,1.000
OT,H3566,Ciro,15,15,1.000
OT,H464,Elifaz,15,15,1.000
OT,H5677,Eber,15,15,1.000
OT,H572,sacco,15,15,1.000
OT,H6557,Perets,15,15,1.000
OT,H7799,giglio,15,15,1.000
NT,G173,spina,14,14,1.000
NT,G1763,anno,14,14,1.000
NT,G2817,eredità,14,14,1.000
NT,G4071,uccello,14,14,1.000
NT,G4523,Sadduceo,14,14,1.000
OT,H1007,Beth-Aven,14,14,1.000
OT,H1106,Bela,14,14,1.000
OT,H1688,Debir,14,14,1.000
OT,H2365,Hushai,14,14,1.000
OT,H2368,sigillo,14,14,1.000
OT,H2845,Heth,14,14,1.000
OT,H3550,sacerdozio,14,14,1.000
OT,H461,Eliezer,14,14,1.000
OT,H5424,tigna,14,14,1.000
OT,H5665,Abed-nego,14,14,1.000
OT,H5798,Uzza,14,14,1.000
OT,H6019,Amram,14,14,1.000
OT,H6100,Etsion-Gheber,14,14,1.000
OT,H6505,mulo,14,14,1.000
OT,H6583,Pashur,14,14,1.000
OT,H6806,passo,14,14,1.000
OT,H7058,farina,14,14,1.000
OT,H7143,Kareah,14,14,1.000
OT,H8449,tortora,14,14,1.000
NT,G2219,lievito,13,13,1.000
NT,G2586,fumo,13,13,1.000
NT,G3136,Marta,13,13,1.000
NT,G406,Andrea,13,13,1.000
NT,G4609,Sila,13,13,1.000
NT,G5347,Festo,13,13,1.000
NT,G5557,oro,13,13,1.000
OT,H1301,Barak,13,13,1.000
OT,H1324,bato,13,13,1.000
OT,H1712,Dagon,13,13,1.000
OT,H2011,Hinnom,13,13,1.000
OT,H2053,chiodo,13,13,1.000
OT,H2373,petto,13,13,1.000
OT,H2584,Anna,13,13,1.000
OT,H2768,Hermon,13,13,1.000
OT,H3452,deserto,13,13,1.000
OT,H3924,nastro,13,13,1.000
OT,H3999,diluvio,13,13,1.000
OT,H4266,Mahanaim,13,13,1.000
OT,H4317,Micael,13,13,1.000
OT,H4478,manna,13,13,1.000
OT,H4696,fronte,13,13,1.000
OT,H4700,cembali,13,13,1.000
OT,H4905,cantico,13,13,1.000
OT,H531,Amots,13,13,1.000
OT,H5409,pezzo,13,13,1.000
OT,H5576,Sennacherib,13,13,1.000
OT,H5700,Eglon,13,13,1.000
OT,H6854,rana,13,13,1.000
OT,H7425,Remalia,13,13,1.000
OT,H8203,Scefatia,13,13,1.000
NT,G1027,tuono,12,12,1.000
NT,G1350,rete,12,12,1.000
NT,G2199,Zebedeo,12,12,1.000
NT,G220,gallo,12,12,1.000
NT,G2563,canna,12,12,1.000
NT,G2895,lettuccio,12,12,1.000
NT,G3094,Maddalena,12,12,1.000
NT,G3599,dente,12,12,1.000
NT,G4454,puledro,12,12,1.000
NT,G4672,Salomone,12,12,1.000
NT,G5357,coppa,12,12,1.000
NT,G779,otre,12,12,1.000
NT,G897,Babilonia,12,12,1.000
OT,H1187,Baal-Peor,12,12,1.000
OT,H1271,Barzillai,12,12,1.000
OT,H1522,Ghehazi,12,12,1.000
OT,H1593,giardino,12,12,1.000
OT,H1677,orso,12,12,1.000
OT,H1904,Agar,12,12,1.000
OT,H1908,Hadad,12,12,1.000
OT,H2023,Hor,12,12,1.000
OT,H2147,Zicri,12,12,1.000
OT,H2361,Huram,12,12,1.000
OT,H2605,Hanan,12,12,1.000
OT,H30,Abihu,12,12,1.000
OT,H4249,Mahli,12,12,1.000
OT,H471,Eliakim,12,12,1.000
OT,H4753,mirra,12,12,1.000
OT,H5121,Naioth,12,12,1.000
OT,H5663,Ebed-melec,12,12,1.000
OT,H6355,Pahath-Moab,12,12,1.000
OT,H6678,Tsoba,12,12,1.000
OT,H6759,Tsalmunna,12,12,1.000
OT,H7327,Ruth,12,12,1.000
OT,H771,Ornan,12,12,1.000
OT,H783,Artaserse,12,12,1.000
OT,H831,Askalon,12,12,1.000
OT,H8558,palma,12,12,1.000
OT,H934,macchia,12,12,1.000
NT,G1057,Galileo,11,11,1.000
NT,G1431,dono,11,11,1.000
NT,G1497,idolo,11,11,1.000
NT,G1637,olio,11,11,1.000
NT,G1868,lode,11,11,1.000
NT,G2197,Zaccaria,11,11,1.000
NT,G254,catena,11,11,1.000
NT,G2798,ramo,11,11,1.000
NT,G367,Anania,11,11,1.000
NT,G4536,tromba,11,11,1.000
NT,G5184,Tiro,11,11,1.000
NT,G58,piazza,11,11,1.000
NT,G912,Barabba,11,11,1.000
NT,G963,Betania,11,11,1.000
OT,H1090,Bilha,11,11,1.000
OT,H1625,ruminazione,11,11,1.000
OT,H1719,Dedan,11,11,1.000
OT,H1769,Dibon,11,11,1.000
OT,H2268,Heber,11,11,1.000
OT,H2545,suocera,11,11,1.000
OT,H2586,Hanun,11,11,1.000
OT,H2607,Hanani,11,11,1.000
OT,H2748,mago,11,11,1.000
OT,H2766,Harim,11,11,1.000
OT,H3076,Johanan,11,11,1.000
OT,H3315,Jafet,11,11,1.000
OT,H3843,mattone,11,11,1.000
OT,H3929,Lamec,11,11,1.000
OT,H453,Elihu,11,11,1.000
OT,H48,Abiram,11,11,1.000
OT,H5601,zaffiro,11,11,1.000
OT,H5813,Uzzi,11,11,1.000
OT,H6290,Paran,11,11,1.000
OT,H6492,Pekah,11,11,1.000
OT,H6765,Tselofehad,11,11,1.000
OT,H6939,Kidron,11,11,1.000
OT,H7073,Kenaz,11,11,1.000
OT,H7247,Ribla,11,11,1.000
OT,H728,Arauna,11,11,1.000
OT,H7526,Retsin,11,11,1.000
OT,H7677,riposo,11,11,1.000
OT,H7718,onice,11,11,1.000
OT,H7775,grido,11,11,1.000
NT,G1375,persecuzione,10,10,1.000
NT,G2445,Ioppe,10,10,1.000
NT,G3841,Onnipotente,10,10,1.000
NT,G4205,fornicatore,10,10,1.000
NT,G4439,porta,10,10,1.000
NT,G5266,calzare,10,10,1.000
NT,G625,Apollo,10,10,1.000
OT,H107,lettera,10,10,1.000
OT,H1160,Beor,10,10,1.000
OT,H1177,Baal-Hanan,10,10,1.000
OT,H1328,Bethuel,10,10,1.000
OT,H1463,Gog,10,10,1.000
OT,H1642,Gherar,10,10,1.000
OT,H1683,Debora,10,10,1.000
OT,H1867,Dario,10,10,1.000
OT,H2060,Vashti,10,10,1.000
OT,H2128,Zif,10,10,1.000
OT,H2213,ghirlanda,10,10,1.000
OT,H231,issopo,10,10,1.000
OT,H3078,Joiakin,10,10,1.000
OT,H3107,Jozabad,10,10,1.000
OT,H3395,Jeroham,10,10,1.000
OT,H3794,Kittim,10,10,1.000
OT,H4407,Millo,10,10,1.000
OT,H4444,Malkishua,10,10,1.000
OT,H447,Eliel,10,10,1.000
OT,H4471,Mamre,10,10,1.000
OT,H4708,Mitspa,10,10,1.000
OT,H5154,rame,10,10,1.000
OT,H5374,Neria,10,10,1.000
OT,H5571,Samballat,10,10,1.000
OT,H564,Immer,10,10,1.000
OT,H5744,Obed,10,10,1.000
OT,H6079,palpebra,10,10,1.000
OT,H6147,Er,10,10,1.000
OT,H6158,corvo,10,10,1.000
OT,H6163,Arabo,10,10,1.000
OT,H6210,letto,10,10,1.000
OT,H6549,Faraone Neco,10,10,1.000
OT,H6790,Tsin,10,10,1.000
OT,H6820,Tsoar,10,10,1.000
OT,H6914,Kibroth-Hattaava,10,10,1.000
OT,H7340,Rehob,10,10,1.000
OT,H7935,Scecania,10,10,1.000
OT,H8396,Tabor,10,10,1.000
NT,G12,abisso,9,9,1.000
NT,G1665,Elisabetta,9,9,1.000
NT,G2475,Israelita,9,9,1.000
NT,G2533,Caiàfa,9,9,1.000
NT,G2663,riposo,9,9,1.000
NT,G2794,pericolo,9,9,1.000
NT,G3135,perla,9,9,1.000
NT,G3414,mina,9,9,1.000
NT,G3520,isola,9,9,1.000
NT,G4113,piazza,9,9,1.000
NT,G4376,offerta,9,9,1.000
NT,G4541,Samaritano,9,9,1.000
NT,G4582,luna,9,9,1.000
NT,G5038,muro,9,9,1.000
NT,G5344,Felice,9,9,1.000
NT,G5553,oro,9,9,1.000
NT,G752,capo della sinagoga,9,9,1.000
NT,G76,Adamo,9,9,1.000
OT,H1603,Gaal,9,9,1.000
OT,H1617,Ghera,9,9,1.000
OT,H164,Ehud,9,9,1.000
OT,H2292,Aggeo,9,9,1.000
OT,H2384,visione,9,9,1.000
OT,H2660,Hefer,9,9,1.000
OT,H2851,terrore,9,9,1.000
OT,H3503,Jethro,9,9,1.000
OT,H3645,Kemosh,9,9,1.000
OT,H3767,gamba,9,9,1.000
OT,H3800,oro,9,9,1.000
OT,H4468,regno,9,9,1.000
OT,H4719,Makkeda,9,9,1.000
OT,H5371,Nergal-saretser,9,9,1.000
OT,H5429,misura,9,9,1.000
OT,H5714,Iddo,9,9,1.000
OT,H5718,Adaia,9,9,1.000
OT,H5777,piombo,9,9,1.000
OT,H6061,Anak,9,9,1.000
OT,H6157,mosche,9,9,1.000
OT,H6337,oro,9,9,1.000
OT,H6673,precetto,9,9,1.000
OT,H7214,bufalo,9,9,1.000
OT,H73,cintura,9,9,1.000
OT,H7644,Scebna,9,9,1.000
OT,H7732,Shobal,9,9,1.000
OT,H811,grappolo,9,9,1.000
OT,H8302,corazza,9,9,1.000
OT,H883,Lachai-Roi,9,9,1.000
NT,G1016,bue,8,8,1.000
NT,G1147,dito,8,8,1.000
NT,G1407,falce,8,8,1.000
NT,G2135,eunuco,8,8,1.000
NT,G217,sale,8,8,1.000
NT,G2215,zizzania,8,8,1.000
NT,G2223,cintura,8,8,1.000
NT,G2244,statura,8,8,1.000
NT,G2791,Cilicia,8,8,1.000
NT,G3138,Marco,8,8,1.000
NT,G3359,fronte,8,8,1.000
NT,G34,branco,8,8,1.000
NT,G3565,sposa,8,8,1.000
NT,G3575,Noè,8,8,1.000
NT,G4824,consiglio,8,8,1.000
NT,G4947,Siria,8,8,1.000
NT,G536,primizia,8,8,1.000
NT,G965,Betleem,8,8,1.000
OT,H1047,Beth-Peor,8,8,1.000
OT,H1075,Bicri,8,8,1.000
OT,H1176,Baal-Zebub,8,8,1.000
OT,H1188,Baal-Peratsim,8,8,1.000
OT,H1224,Botsra,8,8,1.000
OT,H143,Adar,8,8,1.000
OT,H1533,Ghilboa,8,8,1.000
OT,H154,Edrei,8,8,1.000
OT,H1667,Gath-Rimmon,8,8,1.000
OT,H173,Oholibama,8,8,1.000
OT,H1783,Dina,8,8,1.000
OT,H1893,Abele,8,8,1.000
OT,H2066,Zabad,8,8,1.000
OT,H209,Onan,8,8,1.000
OT,H221,Uri,8,8,1.000
OT,H2401,peccato,8,8,1.000
OT,H2598,dedicazione,8,8,1.000
OT,H2838,asta,8,8,1.000
OT,H2914,emorroidi,8,8,1.000
OT,H3087,Jehotsadak,8,8,1.000
OT,H3158,Izreel,8,8,1.000
OT,H3189,Jahath,8,8,1.000
OT,H3284,struzzo,8,8,1.000
OT,H3396,Jerahmeel,8,8,1.000
OT,H3529,Kebar,8,8,1.000
OT,H355,cerva,8,8,1.000
OT,H3573,Cushan-Rishathaim,8,8,1.000
OT,H3756,Carmi,8,8,1.000
OT,H3870,Luz,8,8,1.000
OT,H3939,assenzio,8,8,1.000
OT,H4187,Musci,8,8,1.000
OT,H4505,Menahem,8,8,1.000
OT,H4670,soglia,8,8,1.000
OT,H4762,Maresha,8,8,1.000
OT,H4993,Mattithia,8,8,1.000
OT,H5462,oro,8,8,1.000
OT,H5470,prigione,8,8,1.000
OT,H5530,stolto,8,8,1.000
OT,H5658,Abdon,8,8,1.000
OT,H5711,Ada,8,8,1.000
OT,H5725,Adullam,8,8,1.000
OT,H5858,Ebal,8,8,1.000
OT,H6084,Ofra,8,8,1.000
OT,H6126,Akkub,8,8,1.000
OT,H6222,Asaia,8,8,1.000
OT,H6288,ramo,8,8,1.000
OT,H6301,Pedahtsur,8,8,1.000
OT,H6305,Pedaia,8,8,1.000
OT,H6449,Pisga,8,8,1.000
OT,H6636,Tseboim,8,8,1.000
OT,H6934,Kadmiel,8,8,1.000
OT,H7550,focaccia,8,8,1.000
OT,H7755,Soco,8,8,1.000
OT,H7895,Scishak,8,8,1.000
OT,H8152,Scinear,8,8,1.000
OT,H8274,Scerebia,8,8,1.000
OT,H8352,Seth,8,8,1.000
OT,H8422,Tubal,8,8,1.000
OT,H8471,Tahpanes,8,8,1.000
OT,H8571,estremità,8,8,1.000
OT,H90,Agag,8,8,1.000
NT,G109,aria,7,7,1.000
NT,G1496,idolatra,7,7,1.000
NT,G1988,maestro,7,7,1.000
NT,G2303,zolfo,7,7,1.000
NT,G2351,tumulto,7,7,1.000
NT,G2395,medico,7,7,1.000
NT,G2410,Gerico,7,7,1.000
NT,G2448,Giuda,7,7,1.000
NT,G2725,accusatore,7,7,1.000
NT,G4501,spada,7,7,1.000
NT,G4622,Sion,7,7,1.000
NT,G4639,ombra,7,7,1.000
NT,G4686,coorte,7,7,1.000
NT,G4736,Stefano,7,7,1.000
NT,G4747,elemento,7,7,1.000
NT,G5012,umiltà,7,7,1.000
NT,G5137,collo,7,7,1.000
NT,G5370,bacio,7,7,1.000
NT,G5421,pozzo,7,7,1.000
NT,G5568,salmo,7,7,1.000
NT,G874,occasione,7,7,1.000
OT,H1210,vendemmia,7,7,1.000
OT,H1446,Ghedor,7,7,1.000
OT,H1492,vello,7,7,1.000
OT,H1614,zolfo,7,7,1.000
OT,H1622,Ghirgasei,7,7,1.000
OT,H1756,Dor,7,7,1.000
OT,H1787,Dishon,7,7,1.000
OT,H1806,Delaia,7,7,1.000
OT,H1959,grido,7,7,1.000
OT,H2039,Haran,7,7,1.000
OT,H2061,lupo,7,7,1.000
OT,H2153,Zilpa,7,7,1.000
OT,H224,Urim,7,7,1.000
OT,H3204,Jeconia,7,7,1.000
OT,H3725,espiazione,7,7,1.000
OT,H3826,cuore,7,7,1.000
OT,H3961,lingua,7,7,1.000
OT,H4111,Mahalaleel,7,7,1.000
OT,H4332,Mishael,7,7,1.000
OT,H4691,angoscia,7,7,1.000
OT,H4812,Meraioth,7,7,1.000
OT,H494,Elnathan,7,7,1.000
OT,H5092,lamento,7,7,1.000
OT,H5297,Nof,7,7,1.000
OT,H5617,Sefarvaim,7,7,1.000
OT,H5825,Azeka,7,7,1.000
OT,H583,Enosh,7,7,1.000
OT,H5907,Acbor,7,7,1.000
OT,H5986,Amos,7,7,1.000
OT,H6159,Oreb,7,7,1.000
OT,H6389,Peleg,7,7,1.000
OT,H6432,Pelethei,7,7,1.000
OT,H6701,Tsurishaddai,7,7,1.000
OT,H6834,Tsippor,7,7,1.000
OT,H6953,Ecclesiaste,7,7,1.000
OT,H7410,Ram,7,7,1.000
OT,H8256,sicomoro,7,7,1.000
OT,H8336,lino fino,7,7,1.000
OT,H847,Eshtaol,7,7,1.000
OT,H8590,Taanac,7,7,1.000
NT,G1312,corruzione,6,6,1.000
NT,G1385,trave,6,6,1.000
NT,G2015,apparizione,6,6,1.000
NT,G207,Aquila,6,6,1.000
NT,G2189,inimicizia,6,6,1.000
NT,G223,Alessandro,6,6,1.000
NT,G2266,Erodiada,6,6,1.000
NT,G2368,profumo,6,6,1.000
NT,G2430,Iconio,6,6,1.000
NT,G2574,cammello,6,6,1.000
NT,G2595,bruscolo,6,6,1.000
NT,G2665,cortina,6,6,1.000
NT,G2786,Cefa,6,6,1.000
NT,G2787,arca,6,6,1.000
NT,G2807,chiave,6,6,1.000
NT,G2859,seno,6,6,1.000
NT,G2894,cesto,6,6,1.000
NT,G3074,lupo,6,6,1.000
NT,G3082,Listra,6,6,1.000
NT,G3097,mago,6,6,1.000
NT,G3148,flagello,6,6,1.000
NT,G3316,mediatore,6,6,1.000
NT,G3448,vitello,6,6,1.000
NT,G3482,Natanaele,6,6,1.000
NT,G3677,sogno,6,6,1.000
NT,G3904,preparazione,6,6,1.000
NT,G3994,suocera,6,6,1.000
NT,G4712,stadio,6,6,1.000
NT,G4930,fine,6,6,1.000
NT,G5174,Troas,6,6,1.000
NT,G5205,pioggia,6,6,1.000
NT,G5258,sonno,6,6,1.000
NT,G5444,foglia,6,6,1.000
NT,G596,granaio,6,6,1.000
NT,G929,tormento,6,6,1.000
NT,G954,Beelzebub,6,6,1.000
OT,H1000,uovo,6,6,1.000
OT,H1031,Beth-Hogla,6,6,1.000
OT,H1043,Beth-Anath,6,6,1.000
OT,H1120,Bamoth,6,6,1.000
OT,H1171,Baal-Gad,6,6,1.000
OT,H1189,Baal-Tsefon,6,6,1.000
OT,H1358,fossa,6,6,1.000
OT,H137,Adoni-Bezek,6,6,1.000
OT,H1377,regina,6,6,1.000
OT,H1474,Golan,6,6,1.000
OT,H1521,Ghihon,6,6,1.000
OT,H1551,Galilea,6,6,1.000
OT,H1555,Goliath,6,6,1.000
OT,H1586,Gomer,6,6,1.000
OT,H1722,oro,6,6,1.000
OT,H1734,Dodo,6,6,1.000
OT,H1807,Delila,6,6,1.000
OT,H1828,letame,6,6,1.000
OT,H1916,sgabello,6,6,1.000
OT,H2002,collana,6,6,1.000
OT,H2062,Zeeb,6,6,1.000
OT,H2067,Zabdi,6,6,1.000
OT,H2083,Zebul,6,6,1.000
OT,H2276,Hebronita,6,6,1.000
OT,H2485,flauto,6,6,1.000
OT,H2549,quinto,6,6,1.000
OT,H2558,aceto,6,6,1.000
OT,H2625,bruco,6,6,1.000
OT,H2698,Hatseroth,6,6,1.000
OT,H2750,ira,6,6,1.000
OT,H283,Ahio,6,6,1.000
OT,H295,Ahiezer,6,6,1.000
OT,H3043,Jediael,6,6,1.000
OT,H3166,Jahaziel,6,6,1.000
OT,H32,Abihail,6,6,1.000
OT,H324,satrapo,6,6,1.000
OT,H3278,Jael,6,6,1.000
OT,H33,Abiezerita,6,6,1.000
OT,H3418,erba,6,6,1.000
OT,H3553,elmo,6,6,1.000
OT,H3562,Conania,6,6,1.000
OT,H362,Elim,6,6,1.000
OT,H3654,zanzara,6,6,1.000
OT,H3810,Lodebar,6,6,1.000
OT,H4234,danza,6,6,1.000
OT,H4345,gratella,6,6,1.000
OT,H4371,tributo,6,6,1.000
OT,H4375,Macpela,6,6,1.000
OT,H4514,serratura,6,6,1.000
OT,H458,Elimelec,6,6,1.000
OT,H460,Eliasaf,6,6,1.000
OT,H4772,piede,6,6,1.000
OT,H4807,Merib-Baal,6,6,1.000
OT,H4997,otre,6,6,1.000
OT,H5011,Nob,6,6,1.000
OT,H5031,profetessa,6,6,1.000
OT,H5246,leopardo,6,6,1.000
OT,H5512,Sin,6,6,1.000
OT,H5651,Ebed,6,6,1.000
OT,H5873,En-Gannim,6,6,1.000
OT,H5896,Ira,6,6,1.000
OT,H5909,topo,6,6,1.000
OT,H5912,Acan,6,6,1.000
OT,H5988,Ammiel,6,6,1.000
OT,H6144,Ar,6,6,1.000
OT,H6152,Arabia,6,6,1.000
OT,H62,Abel-Beth-Maaca,6,6,1.000
OT,H6319,Potifera,6,6,1.000
OT,H6531,asprezza,6,6,1.000
OT,H6551,Parosh,6,6,1.000
OT,H6620,aspide,6,6,1.000
OT,H6875,balsamo,6,6,1.000
OT,H7018,Kenan,6,6,1.000
OT,H7162,corno,6,6,1.000
OT,H72,Eben-Ezer,6,6,1.000
OT,H740,Ariel,6,6,1.000
OT,H7552,Rekem,6,6,1.000
OT,H772,terra,6,6,1.000
OT,H774,Arpad,6,6,1.000
OT,H7793,Shur,6,6,1.000
OT,H794,pendici,6,6,1.000
OT,H7985,dominio,6,6,1.000
OT,H80,polvere,6,6,1.000
OT,H8060,Shammai,6,6,1.000
OT,H8065,cielo,6,6,1.000
OT,H8092,Scimea,6,6,1.000
OT,H812,Eshcol,6,6,1.000
OT,H8431,speranza,6,6,1.000
OT,H8526,Talmai,6,6,1.000
OT,H8555,Timna,6,6,1.000
OT,H8599,Tappuah,6,6,1.000
OT,H862,galleria,6,6,1.000
OT,H8664,Tishbita,6,6,1.000
OT,H902,Bigvai,6,6,1.000
NT,G1050,Gaio,5,5,1.000
NT,G1051,latte,5,5,1.000
NT,G1713,mercante,5,5,1.000
NT,G1923,iscrizione,5,5,1.000
NT,G2,Aronne,5,5,1.000
NT,G2191,vipera,5,5,1.000
NT,G2213,questione,5,5,1.000
NT,G231,pescatore,5,5,1.000
NT,G2332,Tessalonica,5,5,1.000
NT,G2394,Giasone,5,5,1.000
NT,G256,Alfeo,5,5,1.000
NT,G2779,orto,5,5,1.000
NT,G2868,polvere,5,5,1.000
NT,G2914,Creta,5,5,1.000
NT,G2949,onda,5,5,1.000
NT,G2954,Cipro,5,5,1.000
NT,G2965,cane,5,5,1.000
NT,G3110,Macedone,5,5,1.000
NT,G3156,Matteo,5,5,1.000
NT,G3454,favola,5,5,1.000
NT,G3472,pazzia,5,5,1.000
NT,G3530,Nicodemo,5,5,1.000
NT,G3595,guida,5,5,1.000
NT,G3795,pesce,5,5,1.000
NT,G3828,Panfilia,5,5,1.000
NT,G3834,astuzia,5,5,1.000
NT,G3848,trasgressore,5,5,1.000
NT,G3997,cordoglio,5,5,1.000
NT,G4094,piatto,5,5,1.000
NT,G4168,gregge,5,5,1.000
NT,G4209,porpora,5,5,1.000
NT,G4420,ala,5,5,1.000
NT,G4651,scorpione,5,5,1.000
NT,G4719,spiga,5,5,1.000
NT,G476,avversario,5,5,1.000
NT,G500,anticristo,5,5,1.000
NT,G5328,Faraone,5,5,1.000
NT,G5411,tributo,5,5,1.000
NT,G5621,orecchio,5,5,1.000
NT,G696,argento,5,5,1.000
NT,G703,virtù,5,5,1.000
NT,G708,Aristarco,5,5,1.000
NT,G735,Diana,5,5,1.000
OT,H1071,Beker,5,5,1.000
OT,H1085,Bildad,5,5,1.000
OT,H1173,Baala,5,5,1.000
OT,H1221,Betser,5,5,1.000
OT,H126,Adma,5,5,1.000
OT,H1441,Ghideoni,5,5,1.000
OT,H1470,Gozan,5,5,1.000
OT,H1583,Gamaliel,5,5,1.000
OT,H1587,Ghemaria,5,5,1.000
OT,H1626,ghera,5,5,1.000
OT,H170,Ohola,5,5,1.000
OT,H171,Oholiab,5,5,1.000
OT,H1839,Daniti,5,5,1.000
OT,H207,Ono,5,5,1.000
OT,H218,Ur,5,5,1.000
OT,H2182,Zanoah,5,5,1.000
OT,H2228,Zerahia,5,5,1.000
OT,H2294,Hagghith,5,5,1.000
OT,H2452,sapienza,5,5,1.000
OT,H2457,verderame,5,5,1.000
OT,H2497,Helon,5,5,1.000
OT,H2503,Helets,5,5,1.000
OT,H2537,Hamutal,5,5,1.000
OT,H2621,Hosa,5,5,1.000
OT,H2652,Hofni,5,5,1.000
OT,H27,Abidan,5,5,1.000
OT,H2828,Hashum,5,5,1.000
OT,H286,Ahilud,5,5,1.000
OT,H2920,rugiada,5,5,1.000
OT,H2929,Talmon,5,5,1.000
OT,H299,Ahira,5,5,1.000
OT,H2994,cognata,5,5,1.000
OT,H3111,Joiada,5,5,1.000
OT,H3114,Joiarib,5,5,1.000
OT,H333,Ater,5,5,1.000
OT,H3540,Kedorlaomer,5,5,1.000
OT,H3668,Kenaana,5,5,1.000
OT,H38,Abijam,5,5,1.000
OT,H3845,Libni,5,5,1.000
OT,H3849,log,5,5,1.000
OT,H3994,maledizione,5,5,1.000
OT,H4099,Hammedatha,5,5,1.000
OT,H4158,Mefaath,5,5,1.000
OT,H4162,Motsa,5,5,1.000
OT,H4311,Medeba,5,5,1.000
OT,H4370,brache,5,5,1.000
OT,H4446,regina,5,5,1.000
OT,H4488,mina,5,5,1.000
OT,H451,coda,5,5,1.000
OT,H4554,foraggio,5,5,1.000
OT,H468,Elitsur,5,5,1.000
OT,H4785,Mara,5,5,1.000
OT,H485,covone,5,5,1.000
OT,H49,Abishag,5,5,1.000
OT,H4996,No,5,5,1.000
OT,H50,Abishua,5,5,1.000
OT,H500,Elealeh,5,5,1.000
OT,H5020,Nebucadnetsar,5,5,1.000
OT,H5032,Nebaioth,5,5,1.000
OT,H5184,Nahath,5,5,1.000
OT,H5233,ricchezza,5,5,1.000
OT,H5250,Nimsci,5,5,1.000
OT,H5279,Naama,5,5,1.000
OT,H5566,idolo,5,5,1.000
OT,H5579,pinna,5,5,1.000
OT,H5682,Abarim,5,5,1.000
OT,H5871,Ain,5,5,1.000
OT,H5881,Enan,5,5,1.000
OT,H5891,Efa,5,5,1.000
OT,H5915,Acsa,5,5,1.000
OT,H5918,Ocran,5,5,1.000
OT,H5996,Ammishaddai,5,5,1.000
OT,H6022,Amasai,5,5,1.000
OT,H6166,Arad,5,5,1.000
OT,H6295,Paghiel,5,5,1.000
OT,H6396,Pallu,5,5,1.000
OT,H6410,Pelatia,5,5,1.000
OT,H6465,Peor,5,5,1.000
OT,H6686,Tsuar,5,5,1.000
OT,H6698,Tsur,5,5,1.000
OT,H6699,forma,5,5,1.000
OT,H687,Etser,5,5,1.000
OT,H6893,pellicano,5,5,1.000
OT,H7021,ricino,5,5,1.000
OT,H709,Argob,5,5,1.000
OT,H7134,scure,5,5,1.000
OT,H7135,freddo,5,5,1.000
OT,H7176,città,5,5,1.000
OT,H7200,veggente,5,5,1.000
OT,H7343,Rahab,5,5,1.000
OT,H7345,Rehabia,5,5,1.000
OT,H7347,macina,5,5,1.000
OT,H7466,Reu,5,5,1.000
OT,H7484,Raama,5,5,1.000
OT,H7508,Refidim,5,5,1.000
OT,H7509,Refaia,5,5,1.000
OT,H7603,lievito,5,5,1.000
OT,H762,aramaico,5,5,1.000
OT,H7707,Scedeur,5,5,1.000
OT,H7715,Shadrac,5,5,1.000
OT,H7851,Sittim,5,5,1.000
OT,H8017,Scelumiel,5,5,1.000
OT,H8051,Shammua,5,5,1.000
OT,H8059,remissione,5,5,1.000
OT,H8070,Scemiramoth,5,5,1.000
OT,H8087,Scema,5,5,1.000
OT,H8110,Scimron,5,5,1.000
OT,H8222,barba,5,5,1.000
OT,H8286,Serug,5,5,1.000
OT,H8348,Sceshan,5,5,1.000
OT,H8485,Tema,5,5,1.000
OT,H8525,solco,5,5,1.000
OT,H8538,integrità,5,5,1.000
OT,H8550,Thummim,5,5,1.000
OT,H8575,consolazione,5,5,1.000
OT,H8588,delizia,5,5,1.000
OT,H8602,malta,5,5,1.000
OT,H8660,governatore,5,5,1.000
OT,H881,Beeroth,5,5,1.000
OT,H91,Agaghita,5,5,1.000
OT,H980,Bahurim,5,5,1.000
NT,G105,aquila,4,4,1.000
NT,G1053,Galazia,4,4,1.000
NT,G1069,vicino,4,4,1.000
NT,G116,Atene,4,4,1.000
NT,G1201,prigione,4,4,1.000
NT,G1218,popolo,4,4,1.000
NT,G1390,dono,4,4,1.000
NT,G1495,idolatria,4,4,1.000
NT,G200,locusta,4,4,1.000
NT,G2047,deserto,4,4,1.000
NT,G2062,rettile,4,4,1.000
NT,G211,alabastro,4,4,1.000
NT,G2363,Tiatira,4,4,1.000
NT,G2377,portinaio,4,4,1.000
NT,G2393,diaspro,4,4,1.000
NT,G2420,sacerdozio,4,4,1.000
NT,G2571,velo,4,4,1.000
NT,G2575,fornace,4,4,1.000
NT,G2580,Cana,4,4,1.000
NT,G2627,diluvio,4,4,1.000
NT,G2643,riconciliazione,4,4,1.000
NT,G265,peccato,4,4,1.000
NT,G2778,tributo,4,4,1.000
NT,G2814,tralcio,4,4,1.000
NT,G286,agnello,4,4,1.000
NT,G2898,teschio,4,4,1.000
NT,G2952,cagnolino,4,4,1.000
NT,G3003,legione,4,4,1.000
NT,G3014,lebbra,4,4,1.000
NT,G3091,Lot,4,4,1.000
NT,G3192,miele,4,4,1.000
NT,G3317,mezzanotte,4,4,1.000
NT,G3350,deportazione,4,4,1.000
NT,G3432,adultero,4,4,1.000
NT,G3458,macina,4,4,1.000
NT,G3610,domestico,4,4,1.000
NT,G3701,visione,4,4,1.000
NT,G3728,giuramento,4,4,1.000
NT,G3769,coda,4,4,1.000
NT,G4083,cubito,4,4,1.000
NT,G4123,avaro,4,4,1.000
NT,G4405,mattina,4,4,1.000
NT,G4410,primo seggio,4,4,1.000
NT,G4444,torre,4,4,1.000
NT,G446,proconsole,4,4,1.000
NT,G45,àncora,4,4,1.000
NT,G452,Anna,4,4,1.000
NT,G4526,cilicio,4,4,1.000
NT,G4564,Sara,4,4,1.000
NT,G4610,Silvano,4,4,1.000
NT,G4614,Sinai,4,4,1.000
NT,G4723,sterile,4,4,1.000
NT,G4745,portico,4,4,1.000
NT,G4765,passero,4,4,1.000
NT,G4769,colonna,4,4,1.000
NT,G4810,fico,4,4,1.000
NT,G5076,tetrarca,4,4,1.000
NT,G5131,becco,4,4,1.000
NT,G52,ignoranza,4,4,1.000
NT,G5336,mangiatoia,4,4,1.000
NT,G547,minaccia,4,4,1.000
NT,G6,Abele,4,4,1.000
NT,G612,risposta,4,4,1.000
NT,G697,Areopàgo,4,4,1.000
NT,G707,Arimatea,4,4,1.000
NT,G716,carro,4,4,1.000
NT,G759,aroma,4,4,1.000
NT,G798,stella,4,4,1.000
NT,G905,borsa,4,4,1.000
NT,G938,regina,4,4,1.000
NT,G958,Beniamino,4,4,1.000
NT,G966,Betsaida,4,4,1.000
NT,G970,violenza,4,4,1.000
OT,H1012,Beth-Barah,4,4,1.000
OT,H1016,Beth-Dagon,4,4,1.000
OT,H1038,Beth-Maaca,4,4,1.000
OT,H1039,Beth-Nimra,4,4,1.000
OT,H1044,casa di ritrovo,4,4,1.000
OT,H1050,Beth-Rehob,4,4,1.000
OT,H1092,Bilhan,4,4,1.000
OT,H1142,Bene-Jaakan,4,4,1.000
OT,H1170,Baal-Berith,4,4,1.000
OT,H1179,Baal-Hermon,4,4,1.000
OT,H1248,figlio,4,4,1.000
OT,H139,Adoni-Tsedek,4,4,1.000
OT,H1400,uomo,4,4,1.000
OT,H1435,Ghiddel,4,4,1.000
OT,H1476,Guni,4,4,1.000
OT,H1594,giardino,4,4,1.000
OT,H1608,Gaash,4,4,1.000
OT,H1621,collo,4,4,1.000
OT,H1662,Gath-Hefer,4,4,1.000
OT,H1682,ape,4,4,1.000
OT,H174,aloe,4,4,1.000
OT,H1746,Duma,4,4,1.000
OT,H1749,cera,4,4,1.000
OT,H1845,Deuel,4,4,1.000
OT,H1868,Dario,4,4,1.000
OT,H1871,darica,4,4,1.000
OT,H1896,Hegai,4,4,1.000
OT,H1938,Hodavia,4,4,1.000
OT,H1947,follia,4,4,1.000
OT,H198,Ulam,4,4,1.000
OT,H1996,Hamon-Gog,4,4,1.000
OT,H2047,Hathac,4,4,1.000
OT,H208,Onam,4,4,1.000
OT,H2138,maschio,4,4,1.000
OT,H2218,Zered,4,4,1.000
OT,H222,Uriel,4,4,1.000
OT,H2238,Zeresh,4,4,1.000
OT,H2240,Zattu,4,4,1.000
OT,H2258,pegno,4,4,1.000
OT,H2295,Hoglah,4,4,1.000
OT,H2366,Huscim,4,4,1.000
OT,H2367,Husham,4,4,1.000
OT,H2524,suocero,4,4,1.000
OT,H2582,Henadad,4,4,1.000
OT,H2601,Hanameel,4,4,1.000
OT,H2606,Hananeel,4,4,1.000
OT,H2735,Hor-Ghidgad,4,4,1.000
OT,H2773,Horonaim,4,4,1.000
OT,H289,Ahiman,4,4,1.000
OT,H2897,Tob,4,4,1.000
OT,H2970,Jaazania,4,4,1.000
OT,H3065,Jehudi,4,4,1.000
OT,H3099,Joachaz,4,4,1.000
OT,H3113,Joiakim,4,4,1.000
OT,H3136,Jotsadak,4,4,1.000
OT,H3229,Imla,4,4,1.000
OT,H323,satrapo,4,4,1.000
OT,H3243,balia,4,4,1.000
OT,H3281,Ialam,4,4,1.000
OT,H3317,Iftah-El,4,4,1.000
OT,H3370,Jokshan,4,4,1.000
OT,H3437,Jashub,4,4,1.000
OT,H3446,Isacco,4,4,1.000
OT,H3536,fornace,4,4,1.000
OT,H3626,Col-Hozeh,4,4,1.000
OT,H3628,prigione,4,4,1.000
OT,H3643,Kimham,4,4,1.000
OT,H3716,Kefira,4,4,1.000
OT,H3850,Lod,4,4,1.000
OT,H3864,Libi,4,4,1.000
OT,H3879,Levita,4,4,1.000
OT,H3979,coltello,4,4,1.000
OT,H4021,tiara,4,4,1.000
OT,H4031,Magog,4,4,1.000
OT,H4050,sega,4,4,1.000
OT,H4084,Madianita,4,4,1.000
OT,H4137,Molada,4,4,1.000
OT,H42,Abinoam,4,4,1.000
OT,H4211,roncola,4,4,1.000
OT,H4236,visione,4,4,1.000
OT,H4237,finestra,4,4,1.000
OT,H4248,Mahlon,4,4,1.000
OT,H4314,Mezahab,4,4,1.000
OT,H4404,fornace da mattoni,4,4,1.000
OT,H4442,Melchisedec,4,4,1.000
OT,H4462,Memucan,4,4,1.000
OT,H450,Eliada,4,4,1.000
OT,H4518,coppa,4,4,1.000
OT,H4548,chiodo,4,4,1.000
OT,H4863,madia,4,4,1.000
OT,H4884,misura,4,4,1.000
OT,H4920,Mescelemia,4,4,1.000
OT,H4927,Mishma,4,4,1.000
OT,H5248,Nimrod,4,4,1.000
OT,H5270,Noah,4,4,1.000
OT,H5284,Naama,4,4,1.000
OT,H5298,Nefeg,4,4,1.000
OT,H5353,Nekoda,4,4,1.000
OT,H5434,Seba,4,4,1.000
OT,H5444,Sibbecai,4,4,1.000
OT,H5548,Salca,4,4,1.000
OT,H5649,servo,4,4,1.000
OT,H5667,pegno,4,4,1.000
OT,H5720,Adin,4,4,1.000
OT,H5742,lenticchia,4,4,1.000
OT,H5799,Azazel,4,4,1.000
OT,H5803,Azgad,4,4,1.000
OT,H5806,Azuba,4,4,1.000
OT,H5829,Ezer,4,4,1.000
OT,H5852,Ataroth,4,4,1.000
OT,H5863,Ije-Abarim,4,4,1.000
OT,H5885,En-Scemesh,4,4,1.000
OT,H5963,Almon-Diblathaim,4,4,1.000
OT,H5972,popolo,4,4,1.000
OT,H5985,Ammonita,4,4,1.000
OT,H6005,Emmanuele,4,4,1.000
OT,H6038,umiltà,4,4,1.000
OT,H6042,Unni,4,4,1.000
OT,H6081,Efer,4,4,1.000
OT,H6262,Attai,4,4,1.000
OT,H6322,Pul,4,4,1.000
OT,H6347,governatore,4,4,1.000
OT,H6357,topazio,4,4,1.000
OT,H6380,Pokereth-Hatsebaim,4,4,1.000
OT,H6433,bocca,4,4,1.000
OT,H6454,Paseah,4,4,1.000
OT,H6540,Persiani,4,4,1.000
OT,H6560,Perets-Uzza,4,4,1.000
OT,H6572,copia,4,4,1.000
OT,H6691,Tsofar,4,4,1.000
OT,H6716,nave,4,4,1.000
OT,H6752,ombra,4,4,1.000
OT,H6926,oriente,4,4,1.000
OT,H6932,Kedemoth,4,4,1.000
OT,H6961,corda,4,4,1.000
OT,H6989,Ketura,4,4,1.000
OT,H7074,Kenizeo,4,4,1.000
OT,H7154,Kiriath-Baal,4,4,1.000
OT,H7184,coppa,4,4,1.000
OT,H7211,Reaia,4,4,1.000
OT,H7216,Ramoth,4,4,1.000
OT,H7238,grandezza,4,4,1.000
OT,H7256,quarta generazione,4,4,1.000
OT,H7320,Romamti-Ezer,4,4,1.000
OT,H7344,Rehoboth,4,4,1.000
OT,H7348,Rehum,4,4,1.000
OT,H7353,pecora,4,4,1.000
OT,H7428,Rimmon-Perets,4,4,1.000
OT,H746,Arioc,4,4,1.000
OT,H7532,Ritspa,4,4,1.000
OT,H7687,Segub,4,4,1.000
OT,H7727,Shobab,4,4,1.000
OT,H7784,strada,4,4,1.000
OT,H7792,muro,4,4,1.000
OT,H780,Ararat,4,4,1.000
OT,H7958,quaglie,4,4,1.000
OT,H8007,Salma,4,4,1.000
OT,H8072,Samla,4,4,1.000
OT,H8089,fama,4,4,1.000
OT,H8113,Scimri,4,4,1.000
OT,H8114,Scemaria,4,4,1.000
OT,H8124,Scimshai,4,4,1.000
OT,H8149,Senir,4,4,1.000
OT,H8247,mandorlo,4,4,1.000
OT,H8272,Saretser,4,4,1.000
OT,H8275,scettro,4,4,1.000
OT,H8278,paramento,4,4,1.000
OT,H8380,gemelli,4,4,1.000
OT,H84,ala,4,4,1.000
OT,H8423,Tubal-cain,4,4,1.000
OT,H8425,Togarma,4,4,1.000
OT,H8450,bue,4,4,1.000
OT,H8480,Tahath,4,4,1.000
OT,H8521,Tel-Harsha,4,4,1.000
OT,H8528,Tel-Melah,4,4,1.000
OT,H864,Etham,4,4,1.000
OT,H88,Oboth,4,4,1.000
OT,H895,Babilonia,4,4,1.000
NT,G1023,braccio,3,3,1.000
NT,G1058,Gallione,3,3,1.000
NT,G110,immortalità,3,3,1.000
NT,G1115,Golgota,3,3,1.000
NT,G1132,nudità,3,3,1.000
NT,G1179,Decapoli,3,3,1.000
NT,G1191,Derba,3,3,1.000
NT,G1200,carceriere,3,3,1.000
NT,G1214,Dema,3,3,1.000
NT,G1216,Demetrio,3,3,1.000
NT,G1238,diadema,3,3,1.000
NT,G1293,distinzione,3,3,1.000
NT,G1324,Didimo,3,3,1.000
NT,G1348,giudice,3,3,1.000
NT,G1446,ebraico,3,3,1.000
NT,G1505,sincerità,3,3,1.000
NT,G1668,ulcera,3,3,1.000
NT,G1889,Epafra,3,3,1.000
NT,G2037,Erasto,3,3,1.000
NT,G2050,desolazione,3,3,1.000
NT,G2073,sera,3,3,1.000
NT,G2074,Esrom,3,3,1.000
NT,G2099,evangelista,3,3,1.000
NT,G2194,Zabulon,3,3,1.000
NT,G2195,Zaccheo,3,3,1.000
NT,G2265,Erodiani,3,3,1.000
NT,G2269,Esaù,3,3,1.000
NT,G2279,suono,3,3,1.000
NT,G2330,estate,3,3,1.000
NT,G2386,guarigione,3,3,1.000
NT,G2408,Geremia,3,3,1.000
NT,G2487,orma,3,3,1.000
NT,G2535,Caino,3,3,1.000
NT,G258,volpe,3,3,1.000
NT,G2631,condanna,3,3,1.000
NT,G2760,centurione,3,3,1.000
NT,G2763,vasaio,3,3,1.000
NT,G2771,guadagno,3,3,1.000
NT,G2804,Claudio,3,3,1.000
NT,G284,Aminadab,3,3,1.000
NT,G2892,guardia,3,3,1.000
NT,G3016,spicciolo,3,3,1.000
NT,G3018,Levi,3,3,1.000
NT,G3019,Levita,3,3,1.000
NT,G3069,Lidda,3,3,1.000
NT,G3079,Lisia,3,3,1.000
NT,G3119,malattia,3,3,1.000
NT,G3128,Manasse,3,3,1.000
NT,G3172,maestà,3,3,1.000
NT,G320,lettura,3,3,1.000
NT,G3372,lunghezza,3,3,1.000
NT,G3399,Mileto,3,3,1.000
NT,G3444,forma,3,3,1.000
NT,G3449,fatica,3,3,1.000
NT,G3476,Naasson,3,3,1.000
NT,G3508,Neftali,3,3,1.000
NT,G3567,amici dello sposo,3,3,1.000
NT,G3646,olocausto,3,3,1.000
NT,G3732,uccello,3,3,1.000
NT,G3807,pedagogo,3,3,1.000
NT,G3857,paradiso,3,3,1.000
NT,G3976,ceppo,3,3,1.000
NT,G4005,Pentecoste,3,3,1.000
NT,G4011,Perga,3,3,1.000
NT,G4109,tavola,3,3,1.000
NT,G4192,dolore,3,3,1.000
NT,G4246,vecchio,3,3,1.000
NT,G4273,traditore,3,3,1.000
NT,G4297,progresso,3,3,1.000
NT,G4403,poppa,3,3,1.000
NT,G4432,povertà,3,3,1.000
NT,G4476,ago,3,3,1.000
NT,G4511,flusso,3,3,1.000
NT,G4528,Salatiel,3,3,1.000
NT,G4545,Samuele,3,3,1.000
NT,G4554,Sardi,3,3,1.000
NT,G4611,Siloe,3,3,1.000
NT,G4627,scialuppa,3,3,1.000
NT,G4628,gamba,3,3,1.000
NT,G4663,verme,3,3,1.000
NT,G4699,spugna,3,3,1.000
NT,G4700,cenere,3,3,1.000
NT,G4718,uva,3,3,1.000
NT,G4721,tetto,3,3,1.000
NT,G5,Abba,3,3,1.000
NT,G5019,Tarso,3,3,1.000
NT,G5085,Tiberiade,3,3,1.000
NT,G5147,sentiero,3,3,1.000
NT,G5161,Trofimo,3,3,1.000
NT,G5329,Fares,3,3,1.000
NT,G5384,amico,3,3,1.000
NT,G5403,Fenicia,3,3,1.000
NT,G5545,unzione,3,3,1.000
NT,G5546,Cristiano,3,3,1.000
NT,G5592,freddo,3,3,1.000
NT,G647,divorzio,3,3,1.000
NT,G7,Abia,3,3,1.000
NT,G755,maestro di tavola,3,3,1.000
NT,G810,dissolutezza,3,3,1.000
NT,G903,Balaam,3,3,1.000
NT,G959,Berenice,3,3,1.000
NT,G967,Betfage,3,3,1.000
NT,G999,fossa,3,3,1.000
OT,H1055,palazzo,3,3,1.000
OT,H1078,Bel,3,3,1.000
OT,H1138,Bunni,3,3,1.000
OT,H1191,Baalath,3,3,1.000
OT,H1195,Baana,3,3,1.000
OT,H1229,Bakbukia,3,3,1.000
OT,H1308,Besor,3,3,1.000
OT,H140,Adonikam,3,3,1.000
OT,H152,Adrammelec,3,3,1.000
OT,H1559,Galal,3,3,1.000
OT,H1609,Gatam,3,3,1.000
OT,H1619,Gareb,3,3,1.000
OT,H163,Ahava,3,3,1.000
OT,H1665,Ghittea,3,3,1.000
OT,H180,fiume,3,3,1.000
OT,H181,tizzone,3,3,1.000
OT,H1983,tributo,3,3,1.000
OT,H201,Omar,3,3,1.000
OT,H2012,Hena,3,3,1.000
OT,H204,On,3,3,1.000
OT,H2075,Zabulonita,3,3,1.000
OT,H2140,Zaccai,3,3,1.000
OT,H2155,Zimma,3,3,1.000
OT,H22,Abiel,3,3,1.000
OT,H2203,pece,3,3,1.000
OT,H2249,Habor,3,3,1.000
OT,H2307,Hadid,3,3,1.000
OT,H2385,lampo,3,3,1.000
OT,H2443,amo,3,3,1.000
OT,H2444,Hakila,3,3,1.000
OT,H2473,Holon,3,3,1.000
OT,H2477,Halah,3,3,1.000
OT,H2489,meschino,3,3,1.000
OT,H250,Ezrahita,3,3,1.000
OT,H2538,Hamul,3,3,1.000
OT,H254,braciere,3,3,1.000
OT,H2564,bitume,3,3,1.000
OT,H2635,argilla,3,3,1.000
OT,H2649,fretta,3,3,1.000
OT,H2650,Huppim,3,3,1.000
OT,H2669,infermeria,3,3,1.000
OT,H2772,Horonita,3,3,1.000
OT,H2800,Harosceth,3,3,1.000
OT,H2903,frontale,3,3,1.000
OT,H294,Ahisamac,3,3,1.000
OT,H2991,Ibleam,3,3,1.000
OT,H3086,Jehoaddan,3,3,1.000
OT,H3168,Ezechiele,3,3,1.000
OT,H3203,Jecolia,3,3,1.000
OT,H3310,Jaflet,3,3,1.000
OT,H3353,uccellatore,3,3,1.000
OT,H3359,Jekamia,3,3,1.000
OT,H3362,Iokneam,3,3,1.000
OT,H3402,Jarib,3,3,1.000
OT,H3430,Ishbi-Benob,3,3,1.000
OT,H3434,Jashobeam,3,3,1.000
OT,H3471,diaspro,3,3,1.000
OT,H3482,Israelita,3,3,1.000
OT,H358,Elon di Beth-Hanan,3,3,1.000
OT,H3598,Pleiadi,3,3,1.000
OT,H3630,Kilion,3,3,1.000
OT,H365,cerva,3,3,1.000
OT,H3659,Conia,3,3,1.000
OT,H3663,Kenania,3,3,1.000
OT,H369,nulla,3,3,1.000
OT,H3731,Caftor,3,3,1.000
OT,H3751,Carkemish,3,3,1.000
OT,H3779,Caldeo,3,3,1.000
OT,H3804,corona,3,3,1.000
OT,H3834,frittella,3,3,1.000
OT,H3842,luna,3,3,1.000
OT,H3896,Lehi,3,3,1.000
OT,H3904,concubina,3,3,1.000
OT,H3914,ghirlanda,3,3,1.000
OT,H3918,leone,3,3,1.000
OT,H4017,Mibsam,3,3,1.000
OT,H4083,provincia,3,3,1.000
OT,H4105,Mehetabeel,3,3,1.000
OT,H417,grandine,3,3,1.000
OT,H4175,pioggia,3,3,1.000
OT,H4176,Moreh,3,3,1.000
OT,H4177,rasoio,3,3,1.000
OT,H4199,Mizza,3,3,1.000
OT,H4205,piaga,3,3,1.000
OT,H4287,Mahath,3,3,1.000
OT,H43,Ebiasaf,3,3,1.000
OT,H4356,ovile,3,3,1.000
OT,H4365,rete,3,3,1.000
OT,H4439,Malkiel,3,3,1.000
OT,H4506,Manahath,3,3,1.000
OT,H4509,Miniamin,3,3,1.000
OT,H4533,velo,3,3,1.000
OT,H4654,rovina,3,3,1.000
OT,H4659,opera,3,3,1.000
OT,H4717,martello,3,3,1.000
OT,H473,Elisha,3,3,1.000
OT,H4764,Merab,3,3,1.000
OT,H4898,Mescezabeel,3,3,1.000
OT,H4947,architrave,3,3,1.000
OT,H4977,Mattan,3,3,1.000
OT,H4982,Mattenai,3,3,1.000
OT,H5016,profezia,3,3,1.000
OT,H5025,Nobah,3,3,1.000
OT,H508,Elpaal,3,3,1.000
OT,H5094,luce,3,3,1.000
OT,H5161,Nehelamita,3,3,1.000
OT,H5224,Neco,3,3,1.000
OT,H5241,Nemuel,3,3,1.000
OT,H5294,Nearia,3,3,1.000
OT,H5303,gigante,3,3,1.000
OT,H5309,aborto,3,3,1.000
OT,H5357,fessura,3,3,1.000
OT,H5481,zampogna,3,3,1.000
OT,H5554,Sela,3,3,1.000
OT,H5609,libro,3,3,1.000
OT,H5660,Abdi,3,3,1.000
OT,H5717,Adiel,3,3,1.000
OT,H5729,Eden,3,3,1.000
OT,H5752,Oded,3,3,1.000
OT,H5762,Avith,3,3,1.000
OT,H5809,Azzur,3,3,1.000
OT,H5837,Azriel,3,3,1.000
OT,H5847,pipistrello,3,3,1.000
OT,H5854,Atroth-Beth-Joab,3,3,1.000
OT,H5859,Ijon,3,3,1.000
OT,H5870,occhio,3,3,1.000
OT,H5933,Alva,3,3,1.000
OT,H606,uomo,3,3,1.000
OT,H6063,Aner,3,3,1.000
OT,H6111,Atsmon,3,3,1.000
OT,H6142,Ikkesh,3,3,1.000
OT,H6162,pegno,3,3,1.000
OT,H621,Asenath,3,3,1.000
OT,H624,magazzino,3,3,1.000
OT,H6253,Astarte,3,3,1.000
OT,H6306,riscatto,3,3,1.000
OT,H6309,grasso,3,3,1.000
OT,H6369,Picol,3,3,1.000
OT,H6411,Pelaia,3,3,1.000
OT,H6414,giudice,3,3,1.000
OT,H6444,Peninna,3,3,1.000
OT,H6494,Pekachia,3,3,1.000
OT,H6506,mulo,3,3,1.000
OT,H6517,pentola,3,3,1.000
OT,H6579,nobile,3,3,1.000
OT,H660,vipera,3,3,1.000
OT,H6648,veste variopinta,3,3,1.000
OT,H6727,Tsiha,3,3,1.000
OT,H6741,Zilla,3,3,1.000
OT,H6747,piatto,3,3,1.000
OT,H6756,Tsalmon,3,3,1.000
OT,H6809,velo,3,3,1.000
OT,H6825,Tsefo,3,3,1.000
OT,H6855,Sefora,3,3,1.000
OT,H6880,calabrone,3,3,1.000
OT,H6886,Sarepta,3,3,1.000
OT,H69,pietra,3,3,1.000
OT,H692,Areli,3,3,1.000
OT,H6981,Kore,3,3,1.000
OT,H7042,Kelita,3,3,1.000
OT,H7047,scherno,3,3,1.000
OT,H7055,Kemuel,3,3,1.000
OT,H7071,Kana,3,3,1.000
OT,H7100,aneto,3,3,1.000
OT,H7271,piede,3,3,1.000
OT,H741,altare,3,3,1.000
OT,H7464,compagna,3,3,1.000
OT,H7589,sprezzo,3,3,1.000
OT,H7635,sentiero,3,3,1.000
OT,H7708,Siddim,3,3,1.000
OT,H7868,anziano,3,3,1.000
OT,H788,Ashbel,3,3,1.000
OT,H7882,fossa,3,3,1.000
OT,H7948,sostegno,3,3,1.000
OT,H8061,Scemida,3,3,1.000
OT,H813,Ashkenaz,3,3,1.000
OT,H8140,anno,3,3,1.000
OT,H8189,Shaaraim,3,3,1.000
OT,H8206,Shuppim,3,3,1.000
OT,H8294,Serah,3,3,1.000
OT,H8344,Sceshai,3,3,1.000
OT,H8402,Tibni,3,3,1.000
OT,H8405,Thebets,3,3,1.000
OT,H844,Asriel,3,3,1.000
OT,H8472,Tahpenes,3,3,1.000
OT,H8568,sciacallo,3,3,1.000
OT,H861,fornace,3,3,1.000
OT,H8669,desiderio,3,3,1.000
OT,H938,Buz,3,3,1.000
OT,H966,Bezek,3,3,1.000
OT,H979,giovinezza,3,3,1.000
NT,G10,Abiud,2,2,1.000
NT,G1005,settentrione,2,2,1.000
NT,G1010,consigliere,2,2,1.000
NT,G1017,premio,2,2,1.000
NT,G1028,pioggia,2,2,1.000
NT,G1043,Gabriele,2,2,1.000
NT,G1059,Gamaliele,2,2,1.000
NT,G1068,Getsemani,2,2,1.000
NT,G107,Azor,2,2,1.000
NT,G1076,genealogia,2,2,1.000
NT,G1077,natalizio,2,2,1.000
NT,G1083,nascita,2,2,1.000
NT,G1101,borsa,2,2,1.000
NT,G1202,prigioniero,2,2,1.000
NT,G128,Etiope,2,2,1.000
NT,G13,Agabo,2,2,1.000
NT,G132,Enea,2,2,1.000
NT,G1323,didramma,2,2,1.000
NT,G1333,due anni,2,2,1.000
NT,G1347,giustificazione,2,2,1.000
NT,G136,lode,2,2,1.000
NT,G1383,prova,2,2,1.000
NT,G1403,convito,2,2,1.000
NT,G1434,dono,2,2,1.000
NT,G1478,Ezechia,2,2,1.000
NT,G1648,Eleazaro,2,2,1.000
NT,G1664,Eliud,2,2,1.000
NT,G1703,schernitore,2,2,1.000
NT,G1771,pensiero,2,2,1.000
NT,G1775,unità,2,2,1.000
NT,G1780,sepoltura,2,2,1.000
NT,G1791,vergogna,2,2,1.000
NT,G1862,promessa,2,2,1.000
NT,G1885,provincia,2,2,1.000
NT,G1891,Epafròdito,2,2,1.000
NT,G1972,bramosia,2,2,1.000
NT,G2053,lana,2,2,1.000
NT,G2058,interpretazione,2,2,1.000
NT,G2072,specchio,2,2,1.000
NT,G2096,Eva,2,2,1.000
NT,G2108,beneficio,2,2,1.000
NT,G2124,timore,2,2,1.000
NT,G2166,Eufrate,2,2,1.000
NT,G2183,muta,2,2,1.000
NT,G2201,giogo,2,2,1.000
NT,G2203,Giove,2,2,1.000
NT,G2238,menta,2,2,1.000
NT,G224,farina,2,2,1.000
NT,G2247,chiodo,2,2,1.000
NT,G2280,Taddeo,2,2,1.000
NT,G2321,Teofilo,2,2,1.000
NT,G2327,mietitore,2,2,1.000
NT,G2376,finestra,2,2,1.000
NT,G2383,Iairo,2,2,1.000
NT,G2405,sacerdozio,2,2,1.000
NT,G2406,sacerdozio,2,2,1.000
NT,G2423,Ieconia,2,2,1.000
NT,G2434,propiziazione,2,2,1.000
NT,G2435,propiziatorio,2,2,1.000
NT,G2454,giudaismo,2,2,1.000
NT,G2457,Giulio,2,2,1.000
NT,G2460,cavaliere,2,2,1.000
NT,G2463,arcobaleno,2,2,1.000
NT,G2488,Ioatam,2,2,1.000
NT,G2489,Giovanna,2,2,1.000
NT,G2496,Ioram,2,2,1.000
NT,G2498,Giosafat,2,2,1.000
NT,G2502,Giosia,2,2,1.000
NT,G2536,Cainam,2,2,1.000
NT,G2538,novità,2,2,1.000
NT,G257,aia,2,2,1.000
NT,G2581,Cananeo,2,2,1.000
NT,G2587,Cappadocia,2,2,1.000
NT,G2636,maldicenza,2,2,1.000
NT,G2682,nido,2,2,1.000
NT,G2762,apice,2,2,1.000
NT,G2765,brocca,2,2,1.000
NT,G2790,arpista,2,2,1.000
NT,G28,Agar,2,2,1.000
NT,G2823,forno,2,2,1.000
NT,G2907,carne,2,2,1.000
NT,G2918,giglio,2,2,1.000
NT,G2921,Crispo,2,2,1.000
NT,G2930,cristallo,2,2,1.000
NT,G2959,Signora,2,2,1.000
NT,G2994,Laodicea,2,2,1.000
NT,G30,vaso,2,2,1.000
NT,G300,Amon,2,2,1.000
NT,G3030,incenso,2,2,1.000
NT,G3031,turibolo,2,2,1.000
NT,G304,gradinata,2,2,1.000
NT,G3046,libbra,2,2,1.000
NT,G3048,colletta,2,2,1.000
NT,G3053,pensiero,2,2,1.000
NT,G3066,Lucio,2,2,1.000
NT,G3067,lavacro,2,2,1.000
NT,G3070,Lidia,2,2,1.000
NT,G3083,riscatto,2,2,1.000
NT,G3157,Mattan,2,2,1.000
NT,G3158,Matthat,2,2,1.000
NT,G3159,Mattia,2,2,1.000
NT,G3161,Mattatia,2,2,1.000
NT,G3197,Melchi,2,2,1.000
NT,G3311,divisione,2,2,1.000
NT,G3318,Mesopotamia,2,2,1.000
NT,G3323,Messia,2,2,1.000
NT,G3413,Michele,2,2,1.000
NT,G342,rinnovamento,2,2,1.000
NT,G3438,dimora,2,2,1.000
NT,G3465,Misia,2,2,1.000
NT,G3487,nardo,2,2,1.000
NT,G3531,nicolaita,2,2,1.000
NT,G3536,Niniviti,2,2,1.000
NT,G3578,alloggio,2,2,1.000
NT,G3601,dolore,2,2,1.000
NT,G3604,Uzzia,2,2,1.000
NT,G3607,lenzuolo,2,2,1.000
NT,G3630,beone,2,2,1.000
NT,G3683,Onesiforo,2,2,1.000
NT,G3712,braccio,2,2,1.000
NT,G3733,gallina,2,2,1.000
NT,G3742,santità,2,2,1.000
NT,G3783,debito,2,2,1.000
NT,G3872,deposito,2,2,1.000
NT,G3953,piatto,2,2,1.000
NT,G3974,Pafo,2,2,1.000
NT,G4010,Pergamo,2,2,1.000
NT,G4030,elmo,2,2,1.000
NT,G4079,timone,2,2,1.000
NT,G4099,Pisidia,2,2,1.000
NT,G4161,opera,2,2,1.000
NT,G4174,cittadinanza,2,2,1.000
NT,G4188,bevanda,2,2,1.000
NT,G4195,Ponto,2,2,1.000
NT,G4196,Publio,2,2,1.000
NT,G4200,guadagno,2,2,1.000
NT,G4233,esecutore giudiziario,2,2,1.000
NT,G4237,gruppo,2,2,1.000
NT,G4268,prescienza,2,2,1.000
NT,G4398,profetessa,2,2,1.000
NT,G4408,prua,2,2,1.000
NT,G4419,Pinnacolo,2,2,1.000
NT,G4425,ventilabro,2,2,1.000
NT,G4431,caduta,2,2,1.000
NT,G4443,fuoco,2,2,1.000
NT,G4460,Raab,2,2,1.000
NT,G4497,Roboamo,2,2,1.000
NT,G4504,Rufo,2,2,1.000
NT,G4524,Sadoc,2,2,1.000
NT,G4532,Salem,2,2,1.000
NT,G4539,Salome,2,2,1.000
NT,G4542,Samaritana,2,2,1.000
NT,G4547,sandalo,2,2,1.000
NT,G4568,staio,2,2,1.000
NT,G4600,guancia,2,2,1.000
NT,G4602,silenzio,2,2,1.000
NT,G4636,tenda,2,2,1.000
NT,G4666,mirra,2,2,1.000
NT,G4681,Ispagna,2,2,1.000
NT,G4696,macchia,2,2,1.000
NT,G47,castità,2,2,1.000
NT,G4726,sospiro,2,2,1.000
NT,G4752,guerra,2,2,1.000
NT,G4756,esercito,2,2,1.000
NT,G4849,brigata,2,2,1.000
NT,G4914,usanza,2,2,1.000
NT,G4928,angoscia,2,2,1.000
NT,G4988,Sostene,2,2,1.000
NT,G5000,Tabita,2,2,1.000
NT,G5004,calamità,2,2,1.000
NT,G5045,falegname,2,2,1.000
NT,G5061,Tertullo,2,2,1.000
NT,G5110,interesse,2,2,1.000
NT,G5165,piatto,2,2,1.000
NT,G5168,cruna,2,2,1.000
NT,G5194,vetro,2,2,1.000
NT,G5211,Imeneo,2,2,1.000
NT,G5215,inno,2,2,1.000
NT,G5223,beni,2,2,1.000
NT,G5268,asino,2,2,1.000
NT,G5301,issopo,2,2,1.000
NT,G5313,altezza,2,2,1.000
NT,G5314,mangiatore,2,2,1.000
NT,G5321,manifestazione,2,2,1.000
NT,G5326,fantasma,2,2,1.000
NT,G5345,fama,2,2,1.000
NT,G5359,Filadelfia,2,2,1.000
NT,G5404,palma,2,2,1.000
NT,G5454,tana,2,2,1.000
NT,G5458,luminare,2,2,1.000
NT,G5477,Canaan,2,2,1.000
NT,G5488,Carran,2,2,1.000
NT,G5518,chènice,2,2,1.000
NT,G5522,polvere,2,2,1.000
NT,G5523,Corazin,2,2,1.000
NT,G5533,debitore,2,2,1.000
NT,G5540,uso,2,2,1.000
NT,G5569,falsi fratelli,2,2,1.000
NT,G5577,falsa testimonianza,2,2,1.000
NT,G5580,falso Cristo,2,2,1.000
NT,G5606,spalla,2,2,1.000
NT,G663,severità,2,2,1.000
NT,G688,Arabia,2,2,1.000
NT,G70,veglia,2,2,1.000
NT,G733,sodomita,2,2,1.000
NT,G743,arcangelo,2,2,1.000
NT,G751,Archippo,2,2,1.000
NT,G760,Asa,2,2,1.000
NT,G768,Aser,2,2,1.000
NT,G787,soldo,2,2,1.000
NT,G789,Asso,2,2,1.000
NT,G81,fratellanza,2,2,1.000
NT,G856,latrina,2,2,1.000
NT,G860,giuntura,2,2,1.000
NT,G881,Achaz,2,2,1.000
NT,G885,Achim,2,2,1.000
NT,G892,paglia,2,2,1.000
NT,G894,assenzio,2,2,1.000
NT,G923,Barsabba,2,2,1.000
NT,G951,conferma,2,2,1.000
NT,G960,Berea,2,2,1.000
NT,G978,Bitinia,2,2,1.000
OT,H10,abisso,2,2,1.000
OT,H1003,castello,2,2,1.000
OT,H1009,Beth-arbel,2,2,1.000
OT,H1011,Beth-Biri,2,2,1.000
OT,H1013,Beth-Gader,2,2,1.000
OT,H1014,Beth-Gamul,2,2,1.000
OT,H1015,Beth-Diblathaim,2,2,1.000
OT,H1018,Bet-Haetsel,2,2,1.000
OT,H1023,Beth-Merhak,2,2,1.000
OT,H1025,Beth-Emek,2,2,1.000
OT,H1027,Beth-Haram,2,2,1.000
OT,H1028,Beth-Haran,2,2,1.000
OT,H1029,Beth-Scittah,2,2,1.000
OT,H1033,Beth-Car,2,2,1.000
OT,H1034,Beth-Lebaoth,2,2,1.000
OT,H1036,Beth-Leafra,2,2,1.000
OT,H1041,Beth-Azmaveth,2,2,1.000
OT,H1042,Beth-Anoth,2,2,1.000
OT,H105,bacino,2,2,1.000
OT,H1051,Beth-Rafa,2,2,1.000
OT,H1054,Beth-Tappuah,2,2,1.000
OT,H1058,pianto,2,2,1.000
OT,H106,pugno,2,2,1.000
OT,H1066,Bokim,2,2,1.000
OT,H1074,Bocru,2,2,1.000
OT,H108,vapore,2,2,1.000
OT,H1081,Baladan,2,2,1.000
OT,H1095,Beltsatsar,2,2,1.000
OT,H110,Adbeel,2,2,1.000
OT,H1114,Bilshan,2,2,1.000
OT,H112,Iddo,2,2,1.000
OT,H1125,Ben-Abinadab,2,2,1.000
OT,H1126,Ben-Oni,2,2,1.000
OT,H1127,Ben-Gheber,2,2,1.000
OT,H1128,Ben-Deker,2,2,1.000
OT,H1132,Ben-Zoeth,2,2,1.000
OT,H1134,Ben-Hail,2,2,1.000
OT,H1135,Benhanan,2,2,1.000
OT,H1136,Ben-Hesed,2,2,1.000
OT,H1139,Bene-Berak,2,2,1.000
OT,H1143,campione,2,2,1.000
OT,H1150,Binea,2,2,1.000
OT,H1151,Ben-Ammi,2,2,1.000
OT,H1153,Besai,2,2,1.000
OT,H1161,terrore,2,2,1.000
OT,H1174,Baal-Hamon,2,2,1.000
OT,H1178,Baal-Hatsor,2,2,1.000
OT,H1190,Baal-Shalisha,2,2,1.000
OT,H1192,Baalath-Beer,2,2,1.000
OT,H1193,Baal-Thamar,2,2,1.000
OT,H1205,terrore,2,2,1.000
OT,H1218,Botskath,2,2,1.000
OT,H1220,oro,2,2,1.000
OT,H1226,siccità,2,2,1.000
OT,H1227,Bakbuk,2,2,1.000
OT,H1235,mezzo siclo,2,2,1.000
OT,H1255,Berodac-Baladan,2,2,1.000
OT,H1260,Bered,2,2,1.000
OT,H1269,Birzavith,2,2,1.000
OT,H1292,Barakeel,2,2,1.000
OT,H1303,tribolo,2,2,1.000
OT,H131,Adummim,2,2,1.000
OT,H1337,Bath-Rabbim,2,2,1.000
OT,H1340,Bath-Shua,2,2,1.000
OT,H1359,Gob,2,2,1.000
OT,H1386,cima,2,2,1.000
OT,H1403,Gabriele,2,2,1.000
OT,H1407,coriandolo,2,2,1.000
OT,H141,Adoniram,2,2,1.000
OT,H1412,Gudgoda,2,2,1.000
OT,H1424,Gadi,2,2,1.000
OT,H1444,muro,2,2,1.000
OT,H1450,Ghederoth,2,2,1.000
OT,H146,Addar,2,2,1.000
OT,H1480,cadavere,2,2,1.000
OT,H1485,Gur-Baal,2,2,1.000
OT,H1487,crosta,2,2,1.000
OT,H1495,Gazez,2,2,1.000
OT,H1502,Gazzam,2,2,1.000
OT,H151,Adoram,2,2,1.000
OT,H1512,ventre,2,2,1.000
OT,H1515,Gahar,2,2,1.000
OT,H1527,Ghinath,2,2,1.000
OT,H1542,Ghilo,2,2,1.000
OT,H1554,Gallim,2,2,1.000
OT,H1567,Galed,2,2,1.000
OT,H1592,Ghenubath,2,2,1.000
OT,H161,Ohad,2,2,1.000
OT,H1726,galoppo,2,2,1.000
OT,H1728,pescatore,2,2,1.000
OT,H1744,upupa,2,2,1.000
OT,H1745,silenzio,2,2,1.000
OT,H1762,caduta,2,2,1.000
OT,H1771,pescatore,2,2,1.000
OT,H1772,avvoltoio,2,2,1.000
OT,H1774,Di-Zahab,2,2,1.000
OT,H1775,Dimon,2,2,1.000
OT,H1805,secchio,2,2,1.000
OT,H1838,Dinhaba,2,2,1.000
OT,H1842,Dan-Jaan,2,2,1.000
OT,H1850,Dofka,2,2,1.000
OT,H1859,generazione,2,2,1.000
OT,H1866,rondine,2,2,1.000
OT,H1874,Darkon,2,2,1.000
OT,H189,Evi,2,2,1.000
OT,H1894,ebano,2,2,1.000
OT,H1907,consigliere,2,2,1.000
OT,H1910,Hadadrimmon,2,2,1.000
OT,H1912,India,2,2,1.000
OT,H1941,Hodia,2,2,1.000
OT,H195,Ulai,2,2,1.000
OT,H1956,Hothir,2,2,1.000
OT,H1985,Hillel,2,2,1.000
OT,H2016,contrario,2,2,1.000
OT,H206,Aven,2,2,1.000
OT,H2068,Zabdiel,2,2,1.000
OT,H2070,mosca,2,2,1.000
OT,H2080,Zebudda,2,2,1.000
OT,H2099,Ziv,2,2,1.000
OT,H210,Ufaz,2,2,1.000
OT,H2124,Ziza,2,2,1.000
OT,H2175,Zimran,2,2,1.000
OT,H2190,Zaavan,2,2,1.000
OT,H2235,legumi,2,2,1.000
OT,H2241,Zetham,2,2,1.000
OT,H2246,Hobab,2,2,1.000
OT,H2252,Habaia,2,2,1.000
OT,H2261,rosa,2,2,1.000
OT,H2265,Habacuc,2,2,1.000
OT,H2269,compagno,2,2,1.000
OT,H2286,Hagaba,2,2,1.000
OT,H2312,spina,2,2,1.000
OT,H2313,Hiddekel,2,2,1.000
OT,H2332,Eva,2,2,1.000
OT,H2343,Hul,2,2,1.000
OT,H2353,bianco,2,2,1.000
OT,H2362,Hauran,2,2,1.000
OT,H2369,Hotham,2,2,1.000
OT,H2408,peccato,2,2,1.000
OT,H2410,Hatita,2,2,1.000
OT,H2411,Hattil,2,2,1.000
OT,H2412,Hatifa,2,2,1.000
OT,H2417,vita,2,2,1.000
OT,H242,Uzzen-Sceera,2,2,1.000
OT,H243,Aznoth-Tabor,2,2,1.000
OT,H2431,Helam,2,2,1.000
OT,H2437,Hira,2,2,1.000
OT,H244,Ozni,2,2,1.000
OT,H2446,Hacalia,2,2,1.000
OT,H2458,Helea,2,2,1.000
OT,H2468,Hulda,2,2,1.000
OT,H2469,Heldai,2,2,1.000
OT,H248,braccio,2,2,1.000
OT,H2488,spoglia,2,2,1.000
OT,H2493,sogno,2,2,1.000
OT,H2507,Helek,2,2,1.000
OT,H2520,Helkath,2,2,1.000
OT,H2521,Helkath-Hatsurim,2,2,1.000
OT,H2540,Hammon,2,2,1.000
OT,H2565,mucchio,2,2,1.000
OT,H2575,Hammath,2,2,1.000
OT,H2576,Hammoth-Dor,2,2,1.000
OT,H2578,Hamath-Tsoba,2,2,1.000
OT,H2579,Hamath la grande,2,2,1.000
OT,H2592,Hanniel,2,2,1.000
OT,H2639,miseria,2,2,1.000
OT,H2675,Hatsor-Hadatta,2,2,1.000
OT,H2679,metà di Menuhoth,2,2,1.000
OT,H2692,Hatsar-Addar,2,2,1.000
OT,H2693,Hatsar-Gadda,2,2,1.000
OT,H2697,Hetsron,2,2,1.000
OT,H2700,Hatsarmaveth,2,2,1.000
OT,H2701,Hatsar-Susa,2,2,1.000
OT,H2702,Hatsar-Susim,2,2,1.000
OT,H2703,Hatsar-Enon,2,2,1.000
OT,H2709,Hakufa,2,2,1.000
OT,H2726,Harbona,2,2,1.000
OT,H2732,Harada,2,2,1.000
OT,H2744,Harhur,2,2,1.000
OT,H2756,Harif,2,2,1.000
OT,H277,Ahi,2,2,1.000
OT,H2770,falce,2,2,1.000
OT,H2777,porta dei Vasai,2,2,1.000
OT,H2797,Harsha,2,2,1.000
OT,H28,Abida,2,2,1.000
OT,H2813,Hashabneia,2,2,1.000
OT,H2817,Hasufa,2,2,1.000
OT,H2832,Hashmona,2,2,1.000
OT,H2842,stoppia,2,2,1.000
OT,H2855,Hethlon,2,2,1.000
OT,H2884,Tabbaoth,2,2,1.000
OT,H2899,Tob-Adonia,2,2,1.000
OT,H2906,monte,2,2,1.000
OT,H2924,agnello,2,2,1.000
OT,H2928,Telem,2,2,1.000
OT,H2953,unghia,2,2,1.000
OT,H2960,peso,2,2,1.000
OT,H2978,ingresso,2,2,1.000
OT,H2993,cognato,2,2,1.000
OT,H2995,Iabneel,2,2,1.000
OT,H3,verde,2,2,1.000
OT,H304,Ahlai,2,2,1.000
OT,H3042,Jedaia,2,2,1.000
OT,H3047,Jada,2,2,1.000
OT,H306,ametista,2,2,1.000
OT,H3061,Giuda,2,2,1.000
OT,H3080,Jehoiarib,2,2,1.000
OT,H3085,Jehoadda,2,2,1.000
OT,H3090,Jehoshabet,2,2,1.000
OT,H3109,Joha,2,2,1.000
OT,H3121,pantano,2,2,1.000
OT,H3135,Joash,2,2,1.000
OT,H3142,Jushab-Hesed,2,2,1.000
OT,H3146,Joshafat,2,2,1.000
OT,H3149,Jeziel,2,2,1.000
OT,H3153,Jezania,2,2,1.000
OT,H3172,Jehieli,2,2,1.000
OT,H3180,daino,2,2,1.000
OT,H3241,Ianum,2,2,1.000
OT,H3269,Jaazia,2,2,1.000
OT,H3274,Ieush,2,2,1.000
OT,H3283,struzzo,2,2,1.000
OT,H3296,Jaare-Oreghim,2,2,1.000
OT,H3314,splendore,2,2,1.000
OT,H3350,incendio,2,2,1.000
OT,H3360,Jekameam,2,2,1.000
OT,H3388,Gerusalemme,2,2,1.000
OT,H3398,Jarha,2,2,1.000
OT,H3433,Jashubi-Lehem,2,2,1.000
OT,H3435,Jishbak,2,2,1.000
OT,H3436,Joshbekasha,2,2,1.000
OT,H350,Icabod,2,2,1.000
OT,H3507,Ithream,2,2,1.000
OT,H3523,cappuccio,2,2,1.000
OT,H3525,ceppo,2,2,1.000
OT,H3539,rubino,2,2,1.000
OT,H3549,sacerdote,2,2,1.000
OT,H3558,braccialetto,2,2,1.000
OT,H3561,focaccia,2,2,1.000
OT,H3565,Cor-Ashan,2,2,1.000
OT,H3567,Ciro,2,2,1.000
OT,H3570,Cusci,2,2,1.000
OT,H3579,Cozbi,2,2,1.000
OT,H3613,Caleb-Efratha,2,2,1.000
OT,H3620,Kelub,2,2,1.000
OT,H3625,Calah,2,2,1.000
OT,H3633,Calcol,2,2,1.000
OT,H364,El-Paran,2,2,1.000
OT,H3695,Casluhim,2,2,1.000
OT,H3696,Kisloth-Tabor,2,2,1.000
OT,H37,Abital,2,2,1.000
OT,H3703,Casifia,2,2,1.000
OT,H3704,cuscino,2,2,1.000
OT,H3710,roccia,2,2,1.000
OT,H3723,villaggio,2,2,1.000
OT,H3747,Kerith,2,2,1.000
OT,H3749,cornice,2,2,1.000
OT,H3762,Carmelita,2,2,1.000
OT,H3763,Keran,2,2,1.000
OT,H3819,Lo-ruhama,2,2,1.000
OT,H3838,Lebana,2,2,1.000
OT,H3839,pioppo,2,2,1.000
OT,H3846,Libnita,2,2,1.000
OT,H3853,Lehabim,2,2,1.000
OT,H3873,Hallohesh,2,2,1.000
OT,H39,Abimael,2,2,1.000
OT,H3910,mirra,2,2,1.000
OT,H3927,Lemuel,2,2,1.000
OT,H3954,guaima,2,2,1.000
OT,H3958,opale,2,2,1.000
OT,H3959,Lescem,2,2,1.000
OT,H4,frutto,2,2,1.000
OT,H4008,promessa,2,2,1.000
OT,H4014,Mibtsar,2,2,1.000
OT,H4015,fuggiasco,2,2,1.000
OT,H4028,Migdal-Gad,2,2,1.000
OT,H4029,Migdal-Eder,2,2,1.000
OT,H4038,falce,2,2,1.000
OT,H4051,Migron,2,2,1.000
OT,H4063,veste,2,2,1.000
OT,H4064,malattia,2,2,1.000
OT,H4067,statura,2,2,1.000
OT,H4068,Madon,2,2,1.000
OT,H4089,Madmanna,2,2,1.000
OT,H4091,Medan,2,2,1.000
OT,H4095,balza,2,2,1.000
OT,H4097,memorie,2,2,1.000
OT,H4144,fondamento,2,2,1.000
OT,H4165,fusione,2,2,1.000
OT,H4179,Moriah,2,2,1.000
OT,H4182,Moresheth-Gath,2,2,1.000
OT,H4183,Morashtita,2,2,1.000
OT,H419,Eldad,2,2,1.000
OT,H420,Eldaa,2,2,1.000
OT,H4202,viveri,2,2,1.000
OT,H4232,Mehujael,2,2,1.000
OT,H4238,Mahazioth,2,2,1.000
OT,H4240,Mehida,2,2,1.000
OT,H4250,Mahlita,2,2,1.000
OT,H4253,treccia,2,2,1.000
OT,H4254,abito,2,2,1.000
OT,H4258,Mahalath,2,2,1.000
OT,H4281,zappa,2,2,1.000
OT,H4290,scasso,2,2,1.000
OT,H4308,Matred,2,2,1.000
OT,H4312,Medad,2,2,1.000
OT,H4313,Me-Iarkon,2,2,1.000
OT,H4319,Mica,2,2,1.000
OT,H4329,portico,2,2,1.000
OT,H4364,rete,2,2,1.000
OT,H4366,Micmetath,2,2,1.000
OT,H4378,conoscente,2,2,1.000
OT,H439,Allon-Bacuth,2,2,1.000
OT,H4412,capanna,2,2,1.000
OT,H4413,Mallothi,2,2,1.000
OT,H442,Alush,2,2,1.000
OT,H443,Elzabad,2,2,1.000
OT,H4453,maggiordomo,2,2,1.000
OT,H4464,bastardo,2,2,1.000
OT,H45,Abi-Albon,2,2,1.000
OT,H4511,Minnith,2,2,1.000
OT,H455,Eliahba,2,2,1.000
OT,H4590,Maazia,2,2,1.000
OT,H463,Eliam,2,2,1.000
OT,H466,Elifalehu,2,2,1.000
OT,H4668,chiave,2,2,1.000
OT,H4684,nitrito,2,2,1.000
OT,H4722,Makheloth,2,2,1.000
OT,H4730,turibolo,2,2,1.000
OT,H4737,Mikneia,2,2,1.000
OT,H4738,divinazione,2,2,1.000
OT,H474,Elishua,2,2,1.000
OT,H4757,Merodac-Baladan,2,2,1.000
OT,H4765,tappeto,2,2,1.000
OT,H4778,Mered,2,2,1.000
OT,H4792,Merom,2,2,1.000
OT,H4802,padella,2,2,1.000
OT,H4810,Merib-Baal,2,2,1.000
OT,H4836,lesina,2,2,1.000
OT,H4854,Massa,2,2,1.000
OT,H486,Almodad,2,2,1.000
OT,H4880,remo,2,2,1.000
OT,H4881,siepe,2,2,1.000
OT,H4897,seta,2,2,1.000
OT,H495,Ellasar,2,2,1.000
OT,H4957,Masreka,2,2,1.000
OT,H4986,dolcezza,2,2,1.000
OT,H4989,Mithka,2,2,1.000
OT,H4990,Mithredath,2,2,1.000
OT,H5004,adulterio,2,2,1.000
OT,H5023,dono,2,2,1.000
OT,H5052,Noga,2,2,1.000
OT,H5081,nobile,2,2,1.000
OT,H5099,ruggito,2,2,1.000
OT,H51,Abishur,2,2,1.000
OT,H5129,Noadia,2,2,1.000
OT,H513,Eltolad,2,2,1.000
OT,H514,Elteke,2,2,1.000
OT,H5160,Nahaliel,2,2,1.000
OT,H5165,conforto,2,2,1.000
OT,H5171,Naharai,2,2,1.000
OT,H5199,Netofa,2,2,1.000
OT,H5212,Nisan,2,2,1.000
OT,H5219,aroma,2,2,1.000
OT,H5235,sventura,2,2,1.000
OT,H5244,formica,2,2,1.000
OT,H5249,Nimrim,2,2,1.000
OT,H5268,Nisroc,2,2,1.000
OT,H528,Amon,2,2,1.000
OT,H5296,stoppa,2,2,1.000
OT,H5318,Neftoah,2,2,1.000
OT,H5320,Naftuhim,2,2,1.000
OT,H5328,fiore,2,2,1.000
OT,H5332,sangue,2,2,1.000
OT,H5335,Netsiah,2,2,1.000
OT,H5384,nervo,2,2,1.000
OT,H5386,debito,2,2,1.000
OT,H5390,bacio,2,2,1.000
OT,H5406,lettera,2,2,1.000
OT,H5419,Nethan-Melec,2,2,1.000
OT,H5427,nitro,2,2,1.000
OT,H5454,Sabta,2,2,1.000
OT,H5455,Sabteca,2,2,1.000
OT,H5465,ceppo,2,2,1.000
OT,H5479,Sotai,2,2,1.000
OT,H5482,Syene,2,2,1.000
OT,H5497,manto,2,2,1.000
OT,H5513,Sinei,2,2,1.000
OT,H5524,Succoth-Benoth,2,2,1.000
OT,H5540,Seled,2,2,1.000
OT,H5544,spina,2,2,1.000
OT,H5555,Sela-Hammahlekoth,2,2,1.000
OT,H5562,Samgar-nebu,2,2,1.000
OT,H557,Amtsi,2,2,1.000
OT,H5581,Sismai,2,2,1.000
OT,H5589,ramo,2,2,1.000
OT,H5594,cordoglio,2,2,1.000
OT,H5602,coppa,2,2,1.000
OT,H5622,tunica,2,2,1.000
OT,H5624,Sered,2,2,1.000
OT,H5630,corazza,2,2,1.000
OT,H5638,inverno,2,2,1.000
OT,H5653,Abda,2,2,1.000
OT,H5657,servitù,2,2,1.000
OT,H566,Imri,2,2,1.000
OT,H5664,Abed-nego,2,2,1.000
OT,H5684,Abrona,2,2,1.000
OT,H569,Amrafel,2,2,1.000
OT,H5690,amore,2,2,1.000
OT,H5693,rondine,2,2,1.000
OT,H5698,Egla,2,2,1.000
OT,H573,Amittai,2,2,1.000
OT,H5733,Adna,2,2,1.000
OT,H5734,Adna,2,2,1.000
OT,H5741,Adriel,2,2,1.000
OT,H5778,Efai,2,2,1.000
OT,H5793,Uthai,2,2,1.000
OT,H5817,Uzzielita,2,2,1.000
OT,H5822,ossifraga,2,2,1.000
OT,H5841,Gaza,2,2,1.000
OT,H5875,En-Hakkore,2,2,1.000
OT,H5876,En-Hadda,2,2,1.000
OT,H5877,En-Hatsor,2,2,1.000
OT,H5880,En-Mishpat,2,2,1.000
OT,H5882,En-eglaim,2,2,1.000
OT,H5884,En-Rimmon,2,2,1.000
OT,H5887,En-Tappuah,2,2,1.000
OT,H5897,Irad,2,2,1.000
OT,H5898,Ir-Hammelah,2,2,1.000
OT,H5904,Ir-Nahash,2,2,1.000
OT,H5905,Ir-Scemesh,2,2,1.000
OT,H5906,Orsa,2,2,1.000
OT,H5908,ragno,2,2,1.000
OT,H592,lamento,2,2,1.000
OT,H5987,Amok,2,2,1.000
OT,H601,airone,2,2,1.000
OT,H6020,Amramita,2,2,1.000
OT,H6024,Anab,2,2,1.000
OT,H6047,Anamim,2,2,1.000
OT,H6055,Anania,2,2,1.000
OT,H6056,ramo,2,2,1.000
OT,H6067,Anath,2,2,1.000
OT,H6103,pigrizia,2,2,1.000
OT,H614,raccolta,2,2,1.000
OT,H6146,nemico,2,2,1.000
OT,H6164,Arbath,2,2,1.000
OT,H6176,tamerice,2,2,1.000
OT,H6179,Eri,2,2,1.000
OT,H618,granaio,2,2,1.000
OT,H6196,platano,2,2,1.000
OT,H6204,Orpa,2,2,1.000
OT,H6208,Archeo,2,2,1.000
OT,H6217,oppressione,2,2,1.000
OT,H6255,Ashteroth-Karnaim,2,2,1.000
OT,H6278,Eth-Katsin,2,2,1.000
OT,H6281,Ether,2,2,1.000
OT,H63,Abel-Sittim,2,2,1.000
OT,H6303,Padon,2,2,1.000
OT,H6318,Potifar,2,2,1.000
OT,H6321,fave,2,2,1.000
OT,H6325,Punon,2,2,1.000
OT,H6344,coscia,2,2,1.000
OT,H6364,Pibeseth,2,2,1.000
OT,H6368,cenere,2,2,1.000
OT,H6377,Pithon,2,2,1.000
OT,H64,Abel-Keramim,2,2,1.000
OT,H6404,Pelet,2,2,1.000
OT,H6406,Palti,2,2,1.000
OT,H6409,Paltiel,2,2,1.000
OT,H6425,bilancia,2,2,1.000
OT,H6431,Peleth,2,2,1.000
OT,H6450,Pas-Dammin,2,2,1.000
OT,H649,Appaim,2,2,1.000
OT,H6495,apertura del carcere,2,2,1.000
OT,H6513,Purah,2,2,1.000
OT,H6523,ferro,2,2,1.000
OT,H6538,ossifraga,2,2,1.000
OT,H654,Efial,2,2,1.000
OT,H6545,capello,2,2,1.000
OT,H6548,Faraone Hofra,2,2,1.000
OT,H6550,pulce,2,2,1.000
OT,H658,Efes-Dammim,2,2,1.000
OT,H66,Abel-Maim,2,2,1.000
OT,H6604,Pethor,2,2,1.000
OT,H6625,Pathrusim,2,2,1.000
OT,H6627,escremento,2,2,1.000
OT,H6628,loto,2,2,1.000
OT,H6645,Tsibia,2,2,1.000
OT,H6646,gazzella,2,2,1.000
OT,H6650,Tseboim,2,2,1.000
OT,H6657,Tsedad,2,2,1.000
OT,H666,benda,2,2,1.000
OT,H6690,Tsofah,2,2,1.000
OT,H67,Abel-Mitsraim,2,2,1.000
OT,H675,Etsbon,2,2,1.000
OT,H6758,Tsalmona,2,2,1.000
OT,H6762,Tsela,2,2,1.000
OT,H6768,Tselek,2,2,1.000
OT,H6769,Tsilletai,2,2,1.000
OT,H677,dito,2,2,1.000
OT,H6787,Tsemaraim,2,2,1.000
OT,H6791,spine,2,2,1.000
OT,H6796,spina,2,2,1.000
OT,H683,Atsalia,2,2,1.000
OT,H684,Otsem,2,2,1.000
OT,H6847,Tsafnath-Paneach,2,2,1.000
OT,H6853,uccello,2,2,1.000
OT,H6864,selce,2,2,1.000
OT,H6867,cicatrice,2,2,1.000
OT,H6868,Tsereda,2,2,1.000
OT,H6890,Tsereth-Hashahar,2,2,1.000
OT,H6916,cassia,2,2,1.000
OT,H6920,febbre,2,2,1.000
OT,H6954,Kehelatha,2,2,1.000
OT,H6959,elmo,2,2,1.000
OT,H6964,Kolaia,2,2,1.000
OT,H6971,scimmia,2,2,1.000
OT,H6995,mignolo,2,2,1.000
OT,H7026,Keros,2,2,1.000
OT,H7037,caldaia,2,2,1.000
OT,H7057,ortica,2,2,1.000
OT,H7079,Kenath,2,2,1.000
OT,H7080,divinazione,2,2,1.000
OT,H7124,pernice,2,2,1.000
OT,H714,Ard,2,2,1.000
OT,H7149,città,2,2,1.000
OT,H7155,Kiriath-Hutsoth,2,2,1.000
OT,H719,Arvad,2,2,1.000
OT,H7191,Kiscion,2,2,1.000
OT,H721,Arvadei,2,2,1.000
OT,H7215,corallo,2,2,1.000
OT,H7217,capo,2,2,1.000
OT,H7228,arciere,2,2,1.000
OT,H7242,collana,2,2,1.000
OT,H7254,Reba,2,2,1.000
OT,H7255,quarto,2,2,1.000
OT,H7263,zolla,2,2,1.000
OT,H7274,Roghelim,2,2,1.000
OT,H7278,Reghem-melec,2,2,1.000
OT,H7299,aspetto,2,2,1.000
OT,H7303,Rohega,2,2,1.000
OT,H7351,trave,2,2,1.000
OT,H736,carovana,2,2,1.000
OT,H7366,bacino,2,2,1.000
OT,H7367,lavatoio,2,2,1.000
OT,H7380,Ribai,2,2,1.000
OT,H7384,Rifat,2,2,1.000
OT,H7434,Ramath-Mitspè,2,2,1.000
OT,H7436,Ramathaim-Tsofim,2,2,1.000
OT,H7437,Ramath-Lehi,2,2,1.000
OT,H7446,Rissa,2,2,1.000
OT,H7454,pensiero,2,2,1.000
OT,H7498,Rafa,2,2,1.000
OT,H7530,Retsef,2,2,1.000
OT,H7575,Rithma,2,2,1.000
OT,H76,pustola,2,2,1.000
OT,H7618,agata,2,2,1.000
OT,H7630,Shobai,2,2,1.000
OT,H765,Aran,2,2,1.000
OT,H7664,speranza,2,2,1.000
OT,H768,lepre,2,2,1.000
OT,H7694,regina,2,2,1.000
OT,H7700,demonio,2,2,1.000
OT,H7705,delizia,2,2,1.000
OT,H7731,Shobac,2,2,1.000
OT,H7744,Shuach,2,2,1.000
OT,H7749,Shuhamita,2,2,1.000
OT,H7754,ramo,2,2,1.000
OT,H7759,Sulamita,2,2,1.000
OT,H7763,Shomer,2,2,1.000
OT,H7764,Shuni,2,2,1.000
OT,H7770,Shua,2,2,1.000
OT,H7774,Shua,2,2,1.000
OT,H7777,Shual,2,2,1.000
OT,H7780,Shofac,2,2,1.000
OT,H78,Ibtsan,2,2,1.000
OT,H7825,fossa,2,2,1.000
OT,H7828,gabbiano,2,2,1.000
OT,H7829,consunzione,2,2,1.000
OT,H7830,superbo,2,2,1.000
OT,H7831,Shahatsim,2,2,1.000
OT,H7861,Scitrai,2,2,1.000
OT,H787,fondamento,2,2,1.000
OT,H7884,Scihor-Libnath,2,2,1.000
OT,H7890,orina,2,2,1.000
OT,H790,Eshban,2,2,1.000
OT,H792,Eshbaal,2,2,1.000
OT,H7940,Sacar,2,2,1.000
OT,H7977,Scilhi,2,2,1.000
OT,H7994,smergo,2,2,1.000
OT,H8004,Salem,2,2,1.000
OT,H8006,Scillem,2,2,1.000
OT,H8022,Shalmaneser,2,2,1.000
OT,H8026,Scelef,2,2,1.000
OT,H803,colonna,2,2,1.000
OT,H8036,nome,2,2,1.000
OT,H8037,Shamma,2,2,1.000
OT,H8044,Shamgar,2,2,1.000
OT,H806,Ashhur,2,2,1.000
OT,H8093,Shimea,2,2,1.000
OT,H8097,Scimeita,2,2,1.000
OT,H8100,Scimeath,2,2,1.000
OT,H8102,sussurro,2,2,1.000
OT,H8112,Scimron-Meron,2,2,1.000
OT,H8143,avorio,2,2,1.000
OT,H8170,Shaalbon,2,2,1.000
OT,H8174,Shaaf,2,2,1.000
OT,H8177,capello,2,2,1.000
OT,H8183,tempesta,2,2,1.000
OT,H8187,Scearia,2,2,1.000
OT,H8195,Scefo,2,2,1.000
OT,H8196,giudizio,2,2,1.000
OT,H8221,Scefam,2,2,1.000
OT,H823,Ashna,2,2,1.000
OT,H8234,Scefer,2,2,1.000
OT,H8237,padiglione reale,2,2,1.000
OT,H825,astrologo,2,2,1.000
OT,H826,astrologo,2,2,1.000
OT,H8261,finestra,2,2,1.000
OT,H8268,abbeveratoio,2,2,1.000
OT,H8273,miraggio,2,2,1.000
OT,H8296,incisione,2,2,1.000
OT,H8301,Sarid,2,2,1.000
OT,H8310,Sarsekim,2,2,1.000
OT,H8312,pensiero,2,2,1.000
OT,H8332,bando,2,2,1.000
OT,H8335,servizio,2,2,1.000
OT,H8339,Sceshbatsar,2,2,1.000
OT,H8347,Sceshac,2,2,1.000
OT,H8349,Shashak,2,2,1.000
OT,H8357,natiche,2,2,1.000
OT,H8370,Scethar-Boznai,2,2,1.000
OT,H8377,antilope,2,2,1.000
OT,H8387,Taanath-Scilo,2,2,1.000
OT,H8410,platano,2,2,1.000
OT,H8412,Tadmor,2,2,1.000
OT,H8413,Tideal,2,2,1.000
OT,H8436,Tilon,2,2,1.000
OT,H8445,Tokhath,2,2,1.000
OT,H846,muro,2,2,1.000
OT,H8464,sparviero,2,2,1.000
OT,H8465,Tahan,2,2,1.000
OT,H8473,corazza,2,2,1.000
OT,H8483,Tahtim-Hodshi,2,2,1.000
OT,H849,sedizione,2,2,1.000
OT,H8490,colonna,2,2,1.000
OT,H8494,Tiras,2,2,1.000
OT,H850,Eshton,2,2,1.000
OT,H8500,pavone,2,2,1.000
OT,H8512,Tel-abib,2,2,1.000
OT,H8515,Telassar,2,2,1.000
OT,H8546,morte,2,2,1.000
OT,H8594,ostaggio,2,2,1.000
OT,H8595,inganno,2,2,1.000
OT,H8616,Tikva,2,2,1.000
OT,H8632,forza,2,2,1.000
OT,H8640,Tirhaka,2,2,1.000
OT,H8657,Teresh,2,2,1.000
OT,H8661,Tartan,2,2,1.000
OT,H876,Beer,2,2,1.000
OT,H879,Beer-Elim,2,2,1.000
OT,H882,Beeri,2,2,1.000
OT,H911,Bedad,2,2,1.000
OT,H916,bdellio,2,2,1.000
OT,H917,Bedan,2,2,1.000
OT,H932,Bohan,2,2,1.000
OT,H940,Buzita,2,2,1.000
OT,H971,torre,2,2,1.000
NT,G1000,tiro,1,1,1.000
NT,G1004,fango,1,1,1.000
NT,G1007,Beor,1,1,1.000
NT,G1008,erba,1,1,1.000
NT,G1009,grappolo,1,1,1.000
NT,G1029,laccio,1,1,1.000
NT,G1037,abisso,1,1,1.000
NT,G1041,altare,1,1,1.000
NT,G1042,Gabbatà,1,1,1.000
NT,G1044,cancrena,1,1,1.000
NT,G1045,Gad,1,1,1.000
NT,G1047,tesoro,1,1,1.000
NT,G1048,Gaza,1,1,1.000
NT,G1066,Gedeone,1,1,1.000
NT,G1071,riso,1,1,1.000
NT,G1079,nascita,1,1,1.000
NT,G108,Azot,1,1,1.000
NT,G1088,vecchio,1,1,1.000
NT,G1091,campo,1,1,1.000
NT,G1094,vecchiaia,1,1,1.000
NT,G1113,mormoratore,1,1,1.000
NT,G1114,impostore,1,1,1.000
NT,G1129,esercizio,1,1,1.000
NT,G1136,Gog,1,1,1.000
NT,G1146,anello,1,1,1.000
NT,G1148,Dalmanuta,1,1,1.000
NT,G1149,Dalmazia,1,1,1.000
NT,G1151,giovenca,1,1,1.000
NT,G1152,Damaris,1,1,1.000
NT,G1156,debito,1,1,1.000
NT,G1157,creditore,1,1,1.000
NT,G1164,esempio,1,1,1.000
NT,G1175,religione,1,1,1.000
NT,G1187,lanciere,1,1,1.000
NT,G119,lotta,1,1,1.000
NT,G1192,pelle,1,1,1.000
NT,G1197,fascio,1,1,1.000
NT,G1217,costruttore,1,1,1.000
NT,G1233,giudizio,1,1,1.000
NT,G1240,successore,1,1,1.000
NT,G1267,divisione,1,1,1.000
NT,G1270,pensiero,1,1,1.000
NT,G1297,comandamento,1,1,1.000
NT,G1328,interprete,1,1,1.000
NT,G133,lode,1,1,1.000
NT,G1335,narrazione,1,1,1.000
NT,G1341,giusto giudizio,1,1,1.000
NT,G1354,Dionisio,1,1,1.000
NT,G1357,riforma,1,1,1.000
NT,G1359,Castore e Polluce,1,1,1.000
NT,G1361,Diotrefe,1,1,1.000
NT,G137,Enon,1,1,1.000
NT,G1373,sete,1,1,1.000
NT,G1376,persecutore,1,1,1.000
NT,G1395,donatore,1,1,1.000
NT,G1409,Drusilla,1,1,1.000
NT,G1429,dodici tribù,1,1,1.000
NT,G144,discernimento,1,1,1.000
NT,G1443,Eber,1,1,1.000
NT,G145,senso,1,1,1.000
NT,G1454,risurrezione,1,1,1.000
NT,G1464,ostacolo,1,1,1.000
NT,G1471,incinta,1,1,1.000
NT,G1479,culto volontario,1,1,1.000
NT,G148,parole disoneste,1,1,1.000
NT,G1561,attesa,1,1,1.000
NT,G157,accusa,1,1,1.000
NT,G1616,fervore,1,1,1.000
NT,G1626,aborto,1,1,1.000
NT,G1638,Uliveto,1,1,1.000
NT,G1639,Elamita,1,1,1.000
NT,G164,prigioniero,1,1,1.000
NT,G1644,leggerezza,1,1,1.000
NT,G1660,venuta,1,1,1.000
NT,G1663,Eliezer,1,1,1.000
NT,G1666,Eliseo,1,1,1.000
NT,G1671,Grecia,1,1,1.000
NT,G1678,Elmadam,1,1,1.000
NT,G1681,Elima,1,1,1.000
NT,G1694,Emmanuele,1,1,1.000
NT,G1695,Emmaus,1,1,1.000
NT,G1708,intrecciatura,1,1,1.000
NT,G1712,mercato,1,1,1.000
NT,G1798,sogno,1,1,1.000
NT,G1800,Enos,1,1,1.000
NT,G1815,risurrezione,1,1,1.000
NT,G1829,vomito,1,1,1.000
NT,G184,Acheldama,1,1,1.000
NT,G1845,esorcista,1,1,1.000
NT,G1866,Epeneto,1,1,1.000
NT,G188,tuttora,1,1,1.000
NT,G1886,dimora,1,1,1.000
NT,G1898,introduzione,1,1,1.000
NT,G1903,camiciotto,1,1,1.000
NT,G1906,richiesta,1,1,1.000
NT,G1946,Epicureo,1,1,1.000
NT,G1947,aiuto,1,1,1.000
NT,G1958,cura,1,1,1.000
NT,G1963,pensiero,1,1,1.000
NT,G1974,desiderio,1,1,1.000
NT,G1995,conversione,1,1,1.000
NT,G2011,commissione,1,1,1.000
NT,G2030,testimone oculare,1,1,1.000
NT,G2057,Erma,1,1,1.000
NT,G2061,Ermogene,1,1,1.000
NT,G2069,Esli,1,1,1.000
NT,G2091,prontezza,1,1,1.000
NT,G2103,Eubulo,1,1,1.000
NT,G2105,bel tempo,1,1,1.000
NT,G2110,benefattore,1,1,1.000
NT,G2118,rettitudine,1,1,1.000
NT,G2140,beneficenza,1,1,1.000
NT,G2143,bellezza,1,1,1.000
NT,G2148,Euraquilone,1,1,1.000
NT,G2160,buffoneria,1,1,1.000
NT,G2161,Eutico,1,1,1.000
NT,G2182,inventore,1,1,1.000
NT,G2187,Efraim,1,1,1.000
NT,G2196,Zara,1,1,1.000
NT,G2202,legame,1,1,1.000
NT,G2211,Zena,1,1,1.000
NT,G2231,impero,1,1,1.000
NT,G2239,costume,1,1,1.000
NT,G2262,Er,1,1,1.000
NT,G2267,Erodione,1,1,1.000
NT,G2283,Tamar,1,1,1.000
NT,G2291,Tara,1,1,1.000
NT,G2305,divinità,1,1,1.000
NT,G2308,volontà,1,1,1.000
NT,G2317,pietà,1,1,1.000
NT,G2324,servitore,1,1,1.000
NT,G2333,Teuda,1,1,1.000
NT,G2335,spettacolo,1,1,1.000
NT,G2336,fodero,1,1,1.000
NT,G2353,bestiame,1,1,1.000
NT,G2355,lamento,1,1,1.000
NT,G2361,goccia,1,1,1.000
NT,G2366,tempesta,1,1,1.000
NT,G2369,turibolo,1,1,1.000
NT,G2375,scudo,1,1,1.000
NT,G2387,Iambrè,1,1,1.000
NT,G2397,aspetto,1,1,1.000
NT,G2401,Idumea,1,1,1.000
NT,G2402,sudore,1,1,1.000
NT,G2403,Jezabel,1,1,1.000
NT,G2404,Jerapoli,1,1,1.000
NT,G2422,Jefte,1,1,1.000
NT,G2437,Illiria,1,1,1.000
NT,G2456,Giulia,1,1,1.000
NT,G2458,Giunio,1,1,1.000
NT,G2466,Issacar,1,1,1.000
NT,G2492,Giobbe,1,1,1.000
NT,G2493,Gioele,1,1,1.000
NT,G2494,Jonam,1,1,1.000
NT,G2497,Jorim,1,1,1.000
NT,G250,aloe,1,1,1.000
NT,G2503,iota,1,1,1.000
NT,G2550,malignità,1,1,1.000
NT,G2552,sofferenza,1,1,1.000
NT,G2561,afflizione,1,1,1.000
NT,G2582,Candace,1,1,1.000
NT,G2604,predicatore,1,1,1.000
NT,G2659,stordimento,1,1,1.000
NT,G2676,perfezionamento,1,1,1.000
NT,G2677,perfezionamento,1,1,1.000
NT,G2685,spia,1,1,1.000
NT,G2689,veste,1,1,1.000
NT,G2699,mutilazione,1,1,1.000
NT,G2707,sprezzatore,1,1,1.000
NT,G271,ametista,1,1,1.000
NT,G2726,mestizia,1,1,1.000
NT,G2731,dimora,1,1,1.000
NT,G2733,abitazione,1,1,1.000
NT,G2748,Chedron,1,1,1.000
NT,G2752,grido,1,1,1.000
NT,G2754,vanagloria,1,1,1.000
NT,G2766,tegola,1,1,1.000
NT,G2769,baccello,1,1,1.000
NT,G2777,rotolo,1,1,1.000
NT,G2792,cannella,1,1,1.000
NT,G2797,Chis,1,1,1.000
NT,G2802,Clauda,1,1,1.000
NT,G2803,Claudia,1,1,1.000
NT,G2809,furto,1,1,1.000
NT,G2810,Cleopa,1,1,1.000
NT,G2811,vanto,1,1,1.000
NT,G2815,Clemente,1,1,1.000
NT,G2832,Cleopa,1,1,1.000
NT,G2834,Gnido,1,1,1.000
NT,G2838,sonno,1,1,1.000
NT,G2846,ciambellano,1,1,1.000
NT,G2854,collirio,1,1,1.000
NT,G2862,colonia,1,1,1.000
NT,G2864,chioma,1,1,1.000
NT,G287,contraccambio,1,1,1.000
NT,G2871,sconfitta,1,1,1.000
NT,G2876,corvo,1,1,1.000
NT,G2879,Core,1,1,1.000
NT,G2884,coro,1,1,1.000
NT,G2890,Quarto,1,1,1.000
NT,G291,Ampliato,1,1,1.000
NT,G2915,orzo,1,1,1.000
NT,G2939,Creatore,1,1,1.000
NT,G2940,astuzia,1,1,1.000
NT,G2941,governo,1,1,1.000
NT,G295,Amfipoli,1,1,1.000
NT,G2950,cembalo,1,1,1.000
NT,G2958,Quirinio,1,1,1.000
NT,G296,strada,1,1,1.000
NT,G2966,cadavere,1,1,1.000
NT,G2971,moscerino,1,1,1.000
NT,G2972,Cos,1,1,1.000
NT,G2973,Cosam,1,1,1.000
NT,G2995,gola,1,1,1.000
NT,G2996,Lasea,1,1,1.000
NT,G3,Abaddon,1,1,1.000
NT,G301,Amos,1,1,1.000
NT,G3013,scaglia,1,1,1.000
NT,G3032,Liberti,1,1,1.000
NT,G3033,Libia,1,1,1.000
NT,G3044,Lino,1,1,1.000
NT,G3047,libeccio,1,1,1.000
NT,G3055,disputa di parole,1,1,1.000
NT,G3057,lancia,1,1,1.000
NT,G3071,Licaonia,1,1,1.000
NT,G3073,Licia,1,1,1.000
NT,G3078,Lisania,1,1,1.000
NT,G3086,liberatore,1,1,1.000
NT,G3090,Loide,1,1,1.000
NT,G3092,Maath,1,1,1.000
NT,G3093,Magadan,1,1,1.000
NT,G3098,Magog,1,1,1.000
NT,G3099,Madian,1,1,1.000
NT,G31,messaggio,1,1,1.000
NT,G3102,discepola,1,1,1.000
NT,G3103,Mathusala,1,1,1.000
NT,G3111,macello,1,1,1.000
NT,G3121,Maleleel,1,1,1.000
NT,G3124,Malco,1,1,1.000
NT,G3125,nonna,1,1,1.000
NT,G3127,Manaen,1,1,1.000
NT,G3139,marmo,1,1,1.000
NT,G3160,Mattatha,1,1,1.000
NT,G3181,confine,1,1,1.000
NT,G3190,Melea,1,1,1.000
NT,G3194,Malta,1,1,1.000
NT,G3200,pergamena,1,1,1.000
NT,G3312,spartitore,1,1,1.000
NT,G334,dono,1,1,1.000
NT,G335,importunità,1,1,1.000
NT,G3355,misura,1,1,1.000
NT,G3370,Medo,1,1,1.000
NT,G3382,coscia,1,1,1.000
NT,G3393,contaminazione,1,1,1.000
NT,G3400,miglio,1,1,1.000
NT,G3412,Mitilene,1,1,1.000
NT,G3416,Mnasone,1,1,1.000
NT,G3434,Moloc,1,1,1.000
NT,G3436,contaminazione,1,1,1.000
NT,G3452,midollo,1,1,1.000
NT,G3459,mulino,1,1,1.000
NT,G3460,Mira,1,1,1.000
NT,G3468,lividura,1,1,1.000
NT,G3470,macchia,1,1,1.000
NT,G3473,buffoneria,1,1,1.000
NT,G3477,Naggai,1,1,1.000
NT,G3481,Nathan,1,1,1.000
NT,G3484,Nain,1,1,1.000
NT,G3486,Naum,1,1,1.000
NT,G3488,Narcisso,1,1,1.000
NT,G3491,nave,1,1,1.000
NT,G3493,Nachor,1,1,1.000
NT,G3496,Neapoli,1,1,1.000
NT,G3497,Naaman,1,1,1.000
NT,G351,esame,1,1,1.000
NT,G3510,reni,1,1,1.000
NT,G3517,Nereo,1,1,1.000
NT,G3518,Neri,1,1,1.000
NT,G3526,Niger,1,1,1.000
NT,G3527,Nicanore,1,1,1.000
NT,G3529,vittoria,1,1,1.000
NT,G3532,Nicola,1,1,1.000
NT,G354,assunzione,1,1,1.000
NT,G3546,moneta,1,1,1.000
NT,G3548,legislazione,1,1,1.000
NT,G3550,legislatore,1,1,1.000
NT,G3553,malattia,1,1,1.000
NT,G3556,pulcino,1,1,1.000
NT,G356,proporzione,1,1,1.000
NT,G3561,novilunio,1,1,1.000
NT,G3564,Ninfa,1,1,1.000
NT,G3577,schiena,1,1,1.000
NT,G3591,peso,1,1,1.000
NT,G3612,cella,1,1,1.000
NT,G3632,ubriachezza,1,1,1.000
NT,G3644,distruttore,1,1,1.000
NT,G3652,Olimpia,1,1,1.000
NT,G3655,pioggia,1,1,1.000
NT,G3657,compagnia,1,1,1.000
NT,G3659,occhio,1,1,1.000
NT,G3669,somiglianza,1,1,1.000
NT,G3678,asinello,1,1,1.000
NT,G3703,frutta,1,1,1.000
NT,G3715,libidine,1,1,1.000
NT,G3731,impeto,1,1,1.000
NT,G3734,confine,1,1,1.000
NT,G3773,Urbano,1,1,1.000
NT,G3774,Uria,1,1,1.000
NT,G3794,fortezza,1,1,1.000
NT,G3821,vecchiezza,1,1,1.000
NT,G3830,oste,1,1,1.000
NT,G3835,astuto,1,1,1.000
NT,G3859,discussione,1,1,1.000
NT,G3866,deposito,1,1,1.000
NT,G3883,variabilità,1,1,1.000
NT,G3890,conforto,1,1,1.000
NT,G3892,prevaricazione,1,1,1.000
NT,G3902,insegna,1,1,1.000
NT,G3913,follia,1,1,1.000
NT,G3917,leopardo,1,1,1.000
NT,G3931,conforto,1,1,1.000
NT,G3932,verginità,1,1,1.000
NT,G3934,Parto,1,1,1.000
NT,G3937,Parmena,1,1,1.000
NT,G3938,passaggio,1,1,1.000
NT,G3959,Patara,1,1,1.000
NT,G3963,Patmo,1,1,1.000
NT,G3969,Patroba,1,1,1.000
NT,G3988,persuasione,1,1,1.000
NT,G3993,povero,1,1,1.000
NT,G3995,suocero,1,1,1.000
NT,G401,eccesso,1,1,1.000
NT,G4025,ornamento,1,1,1.000
NT,G4027,spazzatura,1,1,1.000
NT,G4042,luogo,1,1,1.000
NT,G4067,spazzatura,1,1,1.000
NT,G4069,Perside,1,1,1.000
NT,G4076,ruta,1,1,1.000
NT,G408,Andronico,1,1,1.000
NT,G41,santità,1,1,1.000
NT,G4107,vagabondo,1,1,1.000
NT,G4110,cosa formata,1,1,1.000
NT,G4132,piena,1,1,1.000
NT,G4175,cittadinanza,1,1,1.000
NT,G4201,Porcio,1,1,1.000
NT,G4223,Pozzuoli,1,1,1.000
NT,G4227,Pudente,1,1,1.000
NT,G4251,Prisca,1,1,1.000
NT,G4259,antiporto,1,1,1.000
NT,G4287,tempo prestabilito,1,1,1.000
NT,G4299,prevenzione,1,1,1.000
NT,G43,braccio,1,1,1.000
NT,G431,cugino,1,1,1.000
NT,G4315,vigilia del sabato,1,1,1.000
NT,G432,aneto,1,1,1.000
NT,G4343,perseveranza,1,1,1.000
NT,G4346,parzialità,1,1,1.000
NT,G4349,scandalo,1,1,1.000
NT,G4353,adoratore,1,1,1.000
NT,G4356,riammissione,1,1,1.000
NT,G44,amo,1,1,1.000
NT,G4402,Procoro,1,1,1.000
NT,G4414,capo,1,1,1.000
NT,G4415,primogenitura,1,1,1.000
NT,G4423,stupore,1,1,1.000
NT,G4424,Tolemaide,1,1,1.000
NT,G4466,Ragau,1,1,1.000
NT,G4471,Rama,1,1,1.000
NT,G4477,Rahab,1,1,1.000
NT,G4478,Rachele,1,1,1.000
NT,G4479,Rebecca,1,1,1.000
NT,G4480,carro,1,1,1.000
NT,G4481,Romfàn,1,1,1.000
NT,G4484,Reggio,1,1,1.000
NT,G4488,Rhesa,1,1,1.000
NT,G4489,oratore,1,1,1.000
NT,G4498,Roda,1,1,1.000
NT,G4499,Rodi,1,1,1.000
NT,G4502,Ruben,1,1,1.000
NT,G4503,Ruth,1,1,1.000
NT,G4507,lordura,1,1,1.000
NT,G4509,sozzura,1,1,1.000
NT,G451,Anna,1,1,1.000
NT,G4512,ruga,1,1,1.000
NT,G4520,riposo,1,1,1.000
NT,G4522,rete,1,1,1.000
NT,G4527,Sala,1,1,1.000
NT,G4529,Salamina,1,1,1.000
NT,G4530,Salim,1,1,1.000
NT,G4534,Salmone,1,1,1.000
NT,G4535,onda,1,1,1.000
NT,G4543,Samotracia,1,1,1.000
NT,G4544,Samo,1,1,1.000
NT,G4546,Sansone,1,1,1.000
NT,G4551,Saffira,1,1,1.000
NT,G4552,zaffiro,1,1,1.000
NT,G4553,cesta,1,1,1.000
NT,G4557,sardonico,1,1,1.000
NT,G4558,Sarepta,1,1,1.000
NT,G4562,Seruch,1,1,1.000
NT,G4566,Satana,1,1,1.000
NT,G4580,Secondo,1,1,1.000
NT,G4581,Seleucia,1,1,1.000
NT,G4584,Semein,1,1,1.000
NT,G4585,fior di farina,1,1,1.000
NT,G4588,Sergio,1,1,1.000
NT,G4589,Seth,1,1,1.000
NT,G4590,Sem,1,1,1.000
NT,G4604,ferro,1,1,1.000
NT,G4612,grembiule,1,1,1.000
NT,G4630,Sceva,1,1,1.000
NT,G4647,scheggia,1,1,1.000
NT,G4657,spazzatura,1,1,1.000
NT,G4658,Scita,1,1,1.000
NT,G4665,smeraldo,1,1,1.000
NT,G4667,Smirne,1,1,1.000
NT,G4668,Smirne,1,1,1.000
NT,G4673,bara,1,1,1.000
NT,G4677,Susanna,1,1,1.000
NT,G4688,guardia,1,1,1.000
NT,G469,ricompensa,1,1,1.000
NT,G4694,macchia,1,1,1.000
NT,G4701,seme,1,1,1.000
NT,G4713,vaso,1,1,1.000
NT,G4720,Stachi,1,1,1.000
NT,G4725,ghirlanda,1,1,1.000
NT,G4733,fermezza,1,1,1.000
NT,G4742,stimmate,1,1,1.000
NT,G4746,fronda,1,1,1.000
NT,G4751,stomaco,1,1,1.000
NT,G4760,esercito,1,1,1.000
NT,G4764,lussuria,1,1,1.000
NT,G477,opposizione,1,1,1.000
NT,G4774,concessione,1,1,1.000
NT,G4783,accordo,1,1,1.000
NT,G4795,caso,1,1,1.000
NT,G4799,confusione,1,1,1.000
NT,G4804,disputatore,1,1,1.000
NT,G4809,sicomoro,1,1,1.000
NT,G4825,consigliere,1,1,1.000
NT,G4827,condiscepolo,1,1,1.000
NT,G4831,compartecipe imitatore,1,1,1.000
NT,G484,assistenza,1,1,1.000
NT,G4847,concittadino,1,1,1.000
NT,G4853,connazionale,1,1,1.000
NT,G4857,armonia,1,1,1.000
NT,G4858,musica,1,1,1.000
NT,G487,riscatto,1,1,1.000
NT,G4877,incontro,1,1,1.000
NT,G49,purificazione,1,1,1.000
NT,G493,Antipa,1,1,1.000
NT,G4938,rovina,1,1,1.000
NT,G494,Antipatrìda,1,1,1.000
NT,G4941,Sintìche,1,1,1.000
NT,G4946,Siracusa,1,1,1.000
NT,G4948,Siro,1,1,1.000
NT,G4949,Sirofenicia,1,1,1.000
NT,G4953,segnale,1,1,1.000
NT,G4955,sedizioso,1,1,1.000
NT,G4965,Sichar,1,1,1.000
NT,G4974,caviglia,1,1,1.000
NT,G4981,scuola,1,1,1.000
NT,G4986,Sòpatro,1,1,1.000
NT,G4989,Sosipatro,1,1,1.000
NT,G4999,Taverne,1,1,1.000
NT,G5001,ordine,1,1,1.000
NT,G5027,sepoltura,1,1,1.000
NT,G5054,morte,1,1,1.000
NT,G5060,Terzio,1,1,1.000
NT,G5086,Tiberio,1,1,1.000
NT,G5090,Timeo,1,1,1.000
NT,G5094,magnificenza,1,1,1.000
NT,G5096,Timone,1,1,1.000
NT,G51,errore,1,1,1.000
NT,G5113,audace,1,1,1.000
NT,G5115,arco,1,1,1.000
NT,G5116,topazio,1,1,1.000
NT,G5139,Traconitide,1,1,1.000
NT,G5152,terzo piano,1,1,1.000
NT,G5157,rivolgimento,1,1,1.000
NT,G5162,nutrice,1,1,1.000
NT,G5163,sentiero,1,1,1.000
NT,G5164,ruota,1,1,1.000
NT,G5167,tortora,1,1,1.000
NT,G5169,cruna,1,1,1.000
NT,G5170,Trifena,1,1,1.000
NT,G5173,Trifosa,1,1,1.000
NT,G5181,Tiranno,1,1,1.000
NT,G5183,Tirio,1,1,1.000
NT,G5192,giacinto,1,1,1.000
NT,G5208,foresta,1,1,1.000
NT,G5243,superbia,1,1,1.000
NT,G5261,esempio,1,1,1.000
NT,G5317,Falek,1,1,1.000
NT,G5322,lanterna,1,1,1.000
NT,G5323,Fanuel,1,1,1.000
NT,G5325,pompa,1,1,1.000
NT,G5327,valle,1,1,1.000
NT,G5332,stregone,1,1,1.000
NT,G5333,stregone,1,1,1.000
NT,G5372,Fileto,1,1,1.000
NT,G5373,amicizia,1,1,1.000
NT,G5378,Filologo,1,1,1.000
NT,G5379,contesa,1,1,1.000
NT,G5385,filosofia,1,1,1.000
NT,G5386,filosofo,1,1,1.000
NT,G5393,Flegonte,1,1,1.000
NT,G5400,fenomeno spaventevole,1,1,1.000
NT,G5405,Fenice,1,1,1.000
NT,G541,splendore,1,1,1.000
NT,G5410,Foro,1,1,1.000
NT,G5414,carico,1,1,1.000
NT,G5423,seduttore di menti,1,1,1.000
NT,G5434,legna secca,1,1,1.000
NT,G5436,Figello,1,1,1.000
NT,G5440,filatterio,1,1,1.000
NT,G5450,superbia,1,1,1.000
NT,G5466,Caldeo,1,1,1.000
NT,G5471,ramaio,1,1,1.000
NT,G5472,calcedonio,1,1,1.000
NT,G5481,impronta,1,1,1.000
NT,G5482,trincea,1,1,1.000
NT,G5489,carta,1,1,1.000
NT,G5490,voragine,1,1,1.000
NT,G5493,torrente,1,1,1.000
NT,G5502,cherubino,1,1,1.000
NT,G5508,Chio,1,1,1.000
NT,G5514,Cloe,1,1,1.000
NT,G5525,danza,1,1,1.000
NT,G5527,viveri,1,1,1.000
NT,G5529,Cuza,1,1,1.000
NT,G5538,voce divina,1,1,1.000
NT,G555,spogliamento,1,1,1.000
NT,G5555,crisolito,1,1,1.000
NT,G5556,crisopazio,1,1,1.000
NT,G5566,maestro,1,1,1.000
NT,G557,nullità,1,1,1.000
NT,G5570,falso apostolo,1,1,1.000
NT,G5582,menzogna,1,1,1.000
NT,G559,Apelle,1,1,1.000
NT,G5609,uovo,1,1,1.000
NT,G5617,Osea,1,1,1.000
NT,G585,dimostrazione,1,1,1.000
NT,G605,restaurazione,1,1,1.000
NT,G610,sentenza,1,1,1.000
NT,G623,Apollion,1,1,1.000
NT,G624,Apollonia,1,1,1.000
NT,G644,ombra,1,1,1.000
NT,G671,uso,1,1,1.000
NT,G675,Appio,1,1,1.000
NT,G682,Apfia,1,1,1.000
NT,G685,maledizione,1,1,1.000
NT,G690,Arabo,1,1,1.000
NT,G698,Areopagita,1,1,1.000
NT,G702,Areta,1,1,1.000
NT,G704,agnello,1,1,1.000
NT,G711,Aristobulo,1,1,1.000
NT,G715,orso,1,1,1.000
NT,G717,Harmaghedon,1,1,1.000
NT,G719,giuntura,1,1,1.000
NT,G723,aratro,1,1,1.000
NT,G725,rapina,1,1,1.000
NT,G734,Artemas,1,1,1.000
NT,G736,artimone,1,1,1.000
NT,G74,agonia,1,1,1.000
NT,G742,Arfacsad,1,1,1.000
NT,G745,Archelao,1,1,1.000
NT,G750,sommo pastore,1,1,1.000
NT,G754,capo dei pubblicani,1,1,1.000
NT,G78,Addi,1,1,1.000
NT,G785,aspide,1,1,1.000
NT,G799,Asincrito,1,1,1.000
NT,G8,Abiatar,1,1,1.000
NT,G825,Attalia,1,1,1.000
NT,G827,alba,1,1,1.000
NT,G828,Augusto,1,1,1.000
NT,G83,incertezza,1,1,1.000
NT,G836,flauto,1,1,1.000
NT,G845,testimone oculare,1,1,1.000
NT,G858,semplicità,1,1,1.000
NT,G867,partenza,1,1,1.000
NT,G887,caligine,1,1,1.000
NT,G896,Baal,1,1,1.000
NT,G898,grado,1,1,1.000
NT,G9,Abilene,1,1,1.000
NT,G902,ramo,1,1,1.000
NT,G904,Balac,1,1,1.000
NT,G913,Barac,1,1,1.000
NT,G914,Barachia,1,1,1.000
NT,G919,Bar-Gesù,1,1,1.000
NT,G924,Bartimeo,1,1,1.000
NT,G930,aguzzino,1,1,1.000
NT,G939,piede,1,1,1.000
NT,G944,rana,1,1,1.000
NT,G956,dardo,1,1,1.000
NT,G964,Betesda,1,1,1.000
NT,G969,berillo,1,1,1.000
NT,G973,violento,1,1,1.000
NT,G986,Blasto,1,1,1.000
NT,G993,Boanerges,1,1,1.000
NT,G995,grido,1,1,1.000
NT,G998,aiuto,1,1,1.000
OT,H1064,Becorath,1,1,1.000
OT,H1068,lutto,1,1,1.000
OT,H1070,dromedario,1,1,1.000
OT,H1072,dromedario,1,1,1.000
OT,H1076,Bakrita,1,1,1.000
OT,H1084,Bilgai,1,1,1.000
OT,H1108,Belaite,1,1,1.000
OT,H111,Hadad,1,1,1.000
OT,H1112,Belsatsar,1,1,1.000
OT,H1113,Belsatsar,1,1,1.000
OT,H1118,Bimhal,1,1,1.000
OT,H1122,Ben,1,1,1.000
OT,H114,Addon,1,1,1.000
OT,H1148,Beninu,1,1,1.000
OT,H115,Adoraim,1,1,1.000
OT,H1152,Besodeia,1,1,1.000
OT,H118,Adalia,1,1,1.000
OT,H1180,Baal,1,1,1.000
OT,H1182,Beeliada,1,1,1.000
OT,H1183,Bealia,1,1,1.000
OT,H1185,Baalis,1,1,1.000
OT,H1194,Beon,1,1,1.000
OT,H1199,Baara,1,1,1.000
OT,H1200,fuoco,1,1,1.000
OT,H1202,Baaseia,1,1,1.000
OT,H1203,Beeshtra,1,1,1.000
OT,H1206,fango,1,1,1.000
OT,H1211,cipolla,1,1,1.000
OT,H1219,foresta impenetrabile,1,1,1.000
OT,H1225,fortezza,1,1,1.000
OT,H1230,Bakbakkar,1,1,1.000
OT,H1236,pianura,1,1,1.000
OT,H1256,Beraia,1,1,1.000
OT,H1257,pollame,1,1,1.000
OT,H1264,stoffe preziose,1,1,1.000
OT,H1267,cibo,1,1,1.000
OT,H1273,Barhum,1,1,1.000
OT,H1275,Beri,1,1,1.000
OT,H1278,cosa nuova,1,1,1.000
OT,H128,Adama,1,1,1.000
OT,H1282,Bariah,1,1,1.000
OT,H1284,Beriita,1,1,1.000
OT,H1286,Berith,1,1,1.000
OT,H129,Adami,1,1,1.000
OT,H1298,Bera,1,1,1.000
OT,H13,distruzione,1,1,1.000
OT,H1306,Birsha,1,1,1.000
OT,H1312,Bishlam,1,1,1.000
OT,H1313,aroma,1,1,1.000
OT,H1317,vergogna,1,1,1.000
OT,H1327,deserto,1,1,1.000
OT,H1329,Bethul,1,1,1.000
OT,H133,Admatha,1,1,1.000
OT,H1332,Bithia,1,1,1.000
OT,H1338,Bithron,1,1,1.000
OT,H1344,superbia,1,1,1.000
OT,H1345,Gheual,1,1,1.000
OT,H135,Addan,1,1,1.000
OT,H1357,locusta,1,1,1.000
OT,H1373,Gabbai,1,1,1.000
OT,H1374,Ghebim,1,1,1.000
OT,H1378,perla,1,1,1.000
OT,H1380,Ghebel,1,1,1.000
OT,H1381,Ghebal,1,1,1.000
OT,H1388,Ghibea,1,1,1.000
OT,H1394,Ghibeath,1,1,1.000
OT,H1395,Ghibea,1,1,1.000
OT,H1398,Gheber,1,1,1.000
OT,H1399,uomo,1,1,1.000
OT,H1402,Ghibbar,1,1,1.000
OT,H1408,Gad,1,1,1.000
OT,H1417,incisione,1,1,1.000
OT,H1418,zolla,1,1,1.000
OT,H1426,Gaddi,1,1,1.000
OT,H1427,Gaddiel,1,1,1.000
OT,H1429,capretta,1,1,1.000
OT,H1440,Ghideom,1,1,1.000
OT,H1445,Gheder,1,1,1.000
OT,H1449,Ghedera,1,1,1.000
OT,H1451,Gheder,1,1,1.000
OT,H1453,Ghederotaim,1,1,1.000
OT,H1465,corpo,1,1,1.000
OT,H1475,fossa,1,1,1.000
OT,H1477,Guni,1,1,1.000
OT,H1483,Gur,1,1,1.000
OT,H1489,tesoriere,1,1,1.000
OT,H1514,Gaam,1,1,1.000
OT,H1520,Ghiah,1,1,1.000
OT,H1529,Gheshan,1,1,1.000
OT,H1532,barbiere,1,1,1.000
OT,H1536,ruota,1,1,1.000
OT,H1539,pelle,1,1,1.000
OT,H1545,mantello,1,1,1.000
OT,H1553,Gheliloth,1,1,1.000
OT,H1562,Ghilalai,1,1,1.000
OT,H1564,massa informe,1,1,1.000
OT,H157,amore,1,1,1.000
OT,H1574,cubito,1,1,1.000
OT,H1577,Gamul,1,1,1.000
OT,H1579,Ghimzo,1,1,1.000
OT,H1582,Ghemalli,1,1,1.000
OT,H159,amore,1,1,1.000
OT,H16,aquila,1,1,1.000
OT,H1601,Goah,1,1,1.000
OT,H1604,disprezzo,1,1,1.000
OT,H1611,ala,1,1,1.000
OT,H1613,legno di gofer,1,1,1.000
OT,H1636,Garmeo,1,1,1.000
OT,H1645,frutto,1,1,1.000
OT,H1655,corpo,1,1,1.000
OT,H1656,pioggia,1,1,1.000
OT,H1658,Ghishpa,1,1,1.000
OT,H1676,nibbio,1,1,1.000
OT,H1678,orso,1,1,1.000
OT,H1686,sterco di colombo,1,1,1.000
OT,H1689,Dibla,1,1,1.000
OT,H169,Ohel,1,1,1.000
OT,H1691,Diblaim,1,1,1.000
OT,H1702,zattera,1,1,1.000
OT,H1703,parola,1,1,1.000
OT,H1704,Dibri,1,1,1.000
OT,H1707,gobba,1,1,1.000
OT,H1708,Dabbesceth,1,1,1.000
OT,H1720,Dedaniti,1,1,1.000
OT,H1729,amo da pesca,1,1,1.000
OT,H1735,Dodava,1,1,1.000
OT,H1737,Dodai,1,1,1.000
OT,H1761,concubina,1,1,1.000
OT,H1764,miglio,1,1,1.000
OT,H177,Uel,1,1,1.000
OT,H1773,inchiostro,1,1,1.000
OT,H1776,Dimona,1,1,1.000
OT,H1782,giudice,1,1,1.000
OT,H1786,trebbiatura,1,1,1.000
OT,H1788,camoscio,1,1,1.000
OT,H179,Obil,1,1,1.000
OT,H1795,eunuco,1,1,1.000
OT,H1796,fragore,1,1,1.000
OT,H1798,montone,1,1,1.000
OT,H1810,Dilean,1,1,1.000
OT,H1813,Dalfon,1,1,1.000
OT,H1816,infiammazione,1,1,1.000
OT,H1829,Dimna,1,1,1.000
OT,H1833,Damasco,1,1,1.000
OT,H1837,Danna,1,1,1.000
OT,H1852,cortina,1,1,1.000
OT,H1858,bianco,1,1,1.000
OT,H186,Uzai,1,1,1.000
OT,H1862,Darda,1,1,1.000
OT,H1872,braccio,1,1,1.000
OT,H1873,Dara,1,1,1.000
OT,H19,punta,1,1,1.000
OT,H1900,meditazione,1,1,1.000
OT,H1906,grida,1,1,1.000
OT,H1914,Hiddai,1,1,1.000
OT,H1919,Hadassa,1,1,1.000
OT,H1921,luogo scabro,1,1,1.000
OT,H1923,maestà,1,1,1.000
OT,H1924,Hadar,1,1,1.000
OT,H1925,gloria,1,1,1.000
OT,H1936,Hod,1,1,1.000
OT,H1937,Hodeva,1,1,1.000
OT,H1939,Hodavia,1,1,1.000
OT,H1944,Hoham,1,1,1.000
OT,H1950,Homam,1,1,1.000
OT,H1953,Hoshama,1,1,1.000
OT,H1958,guai,1,1,1.000
OT,H1962,calamità,1,1,1.000
OT,H1967,Hemam,1,1,1.000
OT,H1971,aspetto,1,1,1.000
OT,H1987,Helem,1,1,1.000
OT,H1989,martello,1,1,1.000
OT,H1991,violenza,1,1,1.000
OT,H1997,Hamonah,1,1,1.000
OT,H20,cocomero,1,1,1.000
OT,H2010,sgravio,1,1,1.000
OT,H2017,perversità,1,1,1.000
OT,H2020,liberazione,1,1,1.000
OT,H2021,carro,1,1,1.000
OT,H2024,Hara,1,1,1.000
OT,H2025,altare,1,1,1.000
OT,H203,On,1,1,1.000
OT,H2031,pensiero,1,1,1.000
OT,H2034,rovina,1,1,1.000
OT,H2037,Harum,1,1,1.000
OT,H2038,palazzo,1,1,1.000
OT,H2044,Hascem,1,1,1.000
OT,H2045,notizia,1,1,1.000
OT,H2049,schernitore,1,1,1.000
OT,H2051,Vedan,1,1,1.000
OT,H2052,Vaheb,1,1,1.000
OT,H2055,Vaizatha,1,1,1.000
OT,H2056,figlio,1,1,1.000
OT,H2057,Vania,1,1,1.000
OT,H2058,Vofsi,1,1,1.000
OT,H2059,Vashni,1,1,1.000
OT,H2065,dote,1,1,1.000
OT,H2071,Zabud,1,1,1.000
OT,H2072,Zabbud,1,1,1.000
OT,H2081,Zebina,1,1,1.000
OT,H2085,buccia,1,1,1.000
OT,H2093,Zaham,1,1,1.000
OT,H21,Abi,1,1,1.000
OT,H2104,Zuzei,1,1,1.000
OT,H2105,Zozeth,1,1,1.000
OT,H2117,Zaza,1,1,1.000
OT,H2120,Zohelet,1,1,1.000
OT,H2125,Zina,1,1,1.000
OT,H2126,Zina,1,1,1.000
OT,H2127,Zia,1,1,1.000
OT,H2129,Zifa,1,1,1.000
OT,H2133,Zethan,1,1,1.000
OT,H2149,bassezza,1,1,1.000
OT,H2150,tralcio,1,1,1.000
OT,H2157,Zamzummim,1,1,1.000
OT,H2160,Zemira,1,1,1.000
OT,H2162,disegno,1,1,1.000
OT,H2169,camoscio,1,1,1.000
OT,H2188,sudore,1,1,1.000
OT,H220,stalla,1,1,1.000
OT,H2202,Zifron,1,1,1.000
OT,H2214,nausea,1,1,1.000
OT,H2222,pioggia,1,1,1.000
OT,H2225,splendore,1,1,1.000
OT,H2242,Zethar,1,1,1.000
OT,H2257,danno,1,1,1.000
OT,H2262,Jaazania,1,1,1.000
OT,H2271,pescatore,1,1,1.000
OT,H2272,macchia,1,1,1.000
OT,H2274,compagnia,1,1,1.000
OT,H2277,Hebriti,1,1,1.000
OT,H2278,compagna,1,1,1.000
OT,H2281,gratella,1,1,1.000
OT,H2283,terrore,1,1,1.000
OT,H2285,Hagab,1,1,1.000
OT,H2289,cintura,1,1,1.000
OT,H229,Ezbai,1,1,1.000
OT,H2293,Hagghia,1,1,1.000
OT,H23,Abiasaf,1,1,1.000
OT,H2303,punta,1,1,1.000
OT,H2305,gioia,1,1,1.000
OT,H2309,mondo,1,1,1.000
OT,H2311,Hadlai,1,1,1.000
OT,H2317,Hadrac,1,1,1.000
OT,H2321,Hodesh,1,1,1.000
OT,H2322,Hadasha,1,1,1.000
OT,H2326,debitore,1,1,1.000
OT,H2327,Hobah,1,1,1.000
OT,H2337,macchia,1,1,1.000
OT,H2350,Shufamita,1,1,1.000
OT,H2359,Huri,1,1,1.000
OT,H2360,Hurai,1,1,1.000
OT,H2364,Husha,1,1,1.000
OT,H237,Ezel,1,1,1.000
OT,H2375,Hazo,1,1,1.000
OT,H2378,visione,1,1,1.000
OT,H2381,Haziel,1,1,1.000
OT,H2382,Hazaia,1,1,1.000
OT,H2383,Hezion,1,1,1.000
OT,H2391,forza,1,1,1.000
OT,H2395,Hizki,1,1,1.000
OT,H2398,peccato,1,1,1.000
OT,H240,pala,1,1,1.000
OT,H2400,peccatore,1,1,1.000
OT,H2419,Hiel,1,1,1.000
OT,H2423,bestia,1,1,1.000
OT,H2432,Hilen,1,1,1.000
OT,H2433,bellezza,1,1,1.000
OT,H2434,muro,1,1,1.000
OT,H245,Azania,1,1,1.000
OT,H2460,Heleb,1,1,1.000
OT,H2462,Helba,1,1,1.000
OT,H2463,Helbon,1,1,1.000
OT,H2464,galbano,1,1,1.000
OT,H2466,Heled,1,1,1.000
OT,H2467,talpa,1,1,1.000
OT,H2475,derelitto,1,1,1.000
OT,H2476,vinto,1,1,1.000
OT,H2478,Halhul,1,1,1.000
OT,H2482,Hali,1,1,1.000
OT,H2484,gioiello,1,1,1.000
OT,H2492,sogno,1,1,1.000
OT,H2494,Helem,1,1,1.000
OT,H2501,Helef,1,1,1.000
OT,H2516,Helekita,1,1,1.000
OT,H2517,Helkai,1,1,1.000
OT,H2533,Hemdan,1,1,1.000
OT,H2536,Hammuel,1,1,1.000
OT,H2539,Hamuliti,1,1,1.000
OT,H2541,oppresso,1,1,1.000
OT,H2542,contorno,1,1,1.000
OT,H2546,lumaca,1,1,1.000
OT,H2547,Humta,1,1,1.000
OT,H255,gufo,1,1,1.000
OT,H2550,compassione,1,1,1.000
OT,H2561,vino,1,1,1.000
OT,H2566,Hamran,1,1,1.000
OT,H257,Ahban,1,1,1.000
OT,H2581,Hen,1,1,1.000
OT,H2599,Hanochita,1,1,1.000
OT,H2609,Hanes,1,1,1.000
OT,H261,Ehud,1,1,1.000
OT,H2613,empietà,1,1,1.000
OT,H2615,Hannathon,1,1,1.000
OT,H2619,Hasadia,1,1,1.000
OT,H2622,ricetto,1,1,1.000
OT,H264,fratellanza,1,1,1.000
OT,H2641,Hasra,1,1,1.000
OT,H2647,Huppa,1,1,1.000
OT,H265,Ahoah,1,1,1.000
OT,H2662,Heferiti,1,1,1.000
OT,H2663,Hafaraim,1,1,1.000
OT,H2665,pensiero,1,1,1.000
OT,H2667,coperta,1,1,1.000
OT,H267,Ahumai,1,1,1.000
OT,H2681,chiuso,1,1,1.000
OT,H2683,braccia,1,1,1.000
OT,H2699,villaggi,1,1,1.000
OT,H2728,cavalletto,1,1,1.000
OT,H273,Ahzai,1,1,1.000
OT,H2736,Harhaia,1,1,1.000
OT,H2737,collana,1,1,1.000
OT,H2739,Harumaf,1,1,1.000
OT,H2743,Haruts,1,1,1.000
OT,H2745,Harhas,1,1,1.000
OT,H2746,arsura,1,1,1.000
OT,H275,Ahuzam,1,1,1.000
OT,H276,Ahuzath,1,1,1.000
OT,H2762,persiana,1,1,1.000
OT,H2765,Horem,1,1,1.000
OT,H2774,Harnefer,1,1,1.000
OT,H278,Ehi,1,1,1.000
OT,H2780,Haref,1,1,1.000
OT,H2788,luogo arido,1,1,1.000
OT,H2792,Heresh,1,1,1.000
OT,H2798,artigiano,1,1,1.000
OT,H2802,Hereth,1,1,1.000
OT,H2806,Hashbaddana,1,1,1.000
OT,H2807,Hashuba,1,1,1.000
OT,H2812,Hashabna,1,1,1.000
OT,H2816,tenebre,1,1,1.000
OT,H282,Ahihud,1,1,1.000
OT,H2824,oscurità,1,1,1.000
OT,H2829,Heshmon,1,1,1.000
OT,H2835,gregge,1,1,1.000
OT,H284,Ahihud,1,1,1.000
OT,H2841,raccolta,1,1,1.000
OT,H2847,terrore,1,1,1.000
OT,H2854,fascia,1,1,1.000
OT,H2858,sigillo,1,1,1.000
OT,H2861,sponsali,1,1,1.000
OT,H2867,Hathath,1,1,1.000
OT,H287,Ahimoth,1,1,1.000
OT,H2871,turbante,1,1,1.000
OT,H2875,Thebah,1,1,1.000
OT,H2882,Tebalia,1,1,1.000
OT,H2886,Tabrimmon,1,1,1.000
OT,H2887,Tebeth,1,1,1.000
OT,H2888,Tabbath,1,1,1.000
OT,H291,Ahian,1,1,1.000
OT,H2911,macina,1,1,1.000
OT,H2915,malta,1,1,1.000
OT,H292,Ahinadab,1,1,1.000
OT,H2922,agnello,1,1,1.000
OT,H2923,Telaim,1,1,1.000
OT,H2949,bambino,1,1,1.000
OT,H2955,Tafath,1,1,1.000
OT,H297,Ahiram,1,1,1.000
OT,H2979,Jeathrai,1,1,1.000
OT,H2989,Jabal,1,1,1.000
OT,H2990,ulcera,1,1,1.000
OT,H2996,Jabne,1,1,1.000
OT,H2997,Jbneia,1,1,1.000
OT,H300,Ahishahar,1,1,1.000
OT,H3005,Jbsam,1,1,1.000
OT,H301,Ahishar,1,1,1.000
OT,H3010,campo,1,1,1.000
OT,H3012,Igdalia,1,1,1.000
OT,H3020,Iogli,1,1,1.000
OT,H303,Ahlab,1,1,1.000
OT,H3030,Ideala,1,1,1.000
OT,H3031,Jdbash,1,1,1.000
OT,H3036,Jadon,1,1,1.000
OT,H3040,Jedida,1,1,1.000
OT,H3041,Iedidia,1,1,1.000
OT,H3053,peso,1,1,1.000
OT,H3055,Iehud,1,1,1.000
OT,H3057,Giudea,1,1,1.000
OT,H307,Ahmetha,1,1,1.000
OT,H308,Ahasbai,1,1,1.000
OT,H3084,Giuseppe,1,1,1.000
OT,H3089,Jehosceba,1,1,1.000
OT,H31,Abihud,1,1,1.000
OT,H3102,Iob,1,1,1.000
OT,H3106,Jubal,1,1,1.000
OT,H3108,Jozacar,1,1,1.000
OT,H3112,Joiakin,1,1,1.000
OT,H3116,Jucal,1,1,1.000
OT,H3119,giorno,1,1,1.000
OT,H3126,rampollo,1,1,1.000
OT,H3131,Josifia,1,1,1.000
OT,H3132,Joela,1,1,1.000
OT,H3133,Joed,1,1,1.000
OT,H3134,Joezer,1,1,1.000
OT,H3139,Jorah,1,1,1.000
OT,H3140,Jorai,1,1,1.000
OT,H3143,Joscibia,1,1,1.000
OT,H3144,Josha,1,1,1.000
OT,H315,Aharah,1,1,1.000
OT,H3150,Izzia,1,1,1.000
OT,H3151,Jaziz,1,1,1.000
OT,H3152,Jzlia,1,1,1.000
OT,H3155,Jzrahita,1,1,1.000
OT,H316,Aharhel,1,1,1.000
OT,H3163,Jahdo,1,1,1.000
OT,H3169,Ezechia,1,1,1.000
OT,H3174,Jehija,1,1,1.000
OT,H3185,Jahtsiel,1,1,1.000
OT,H3192,Jotba,1,1,1.000
OT,H320,ultimi giorni,1,1,1.000
OT,H3210,Jalon,1,1,1.000
OT,H3230,Jamlec,1,1,1.000
OT,H3242,ramoscello,1,1,1.000
OT,H3246,partenza,1,1,1.000
OT,H3250,censore,1,1,1.000
OT,H3252,Isca,1,1,1.000
OT,H3253,Ismakia,1,1,1.000
OT,H326,Ahashtari,1,1,1.000
OT,H3262,Jeuel,1,1,1.000
OT,H3263,Jeuts,1,1,1.000
OT,H3268,Jaaziel,1,1,1.000
OT,H3275,Jacan,1,1,1.000
OT,H3280,cerva,1,1,1.000
OT,H3285,Janai,1,1,1.000
OT,H3288,volo,1,1,1.000
OT,H3291,Jaakoba,1,1,1.000
OT,H3292,Jaakan,1,1,1.000
OT,H3297,Iearim,1,1,1.000
OT,H3298,Jaaresia,1,1,1.000
OT,H3301,Jfdeia,1,1,1.000
OT,H3328,Tsohar,1,1,1.000
OT,H3338,membro,1,1,1.000
OT,H3339,Jtseri,1,1,1.000
OT,H3340,Jetserita,1,1,1.000
OT,H3343,Jekabtseel,1,1,1.000
OT,H3344,focolare,1,1,1.000
OT,H3346,fuoco,1,1,1.000
OT,H3347,Iokdeam,1,1,1.000
OT,H3348,Jaké,1,1,1.000
OT,H3352,uccellatore,1,1,1.000
OT,H3380,Jerubbesheth,1,1,1.000
OT,H3385,Jeruel,1,1,1.000
OT,H3386,Jaroah,1,1,1.000
OT,H3387,verde,1,1,1.000
OT,H3393,mese,1,1,1.000
OT,H3403,Jeribai,1,1,1.000
OT,H3410,coscia,1,1,1.000
OT,H3413,Jeremai,1,1,1.000
OT,H3416,Irpeel,1,1,1.000
OT,H3421,Jorkeam,1,1,1.000
OT,H3427,seggio,1,1,1.000
OT,H3428,Jescebeab,1,1,1.000
OT,H3429,Josheb-Basshebeth,1,1,1.000
OT,H3431,Ishbah,1,1,1.000
OT,H3432,Jashubiti,1,1,1.000
OT,H3439,Jeshohaia,1,1,1.000
OT,H3441,Ishvi,1,1,1.000
OT,H3443,Jeshua,1,1,1.000
OT,H3445,inanizione,1,1,1.000
OT,H3450,Jesimiel,1,1,1.000
OT,H3457,Jshma,1,1,1.000
OT,H3461,Jshmerai,1,1,1.000
OT,H3464,Jashen,1,1,1.000
OT,H3465,vecchio,1,1,1.000
OT,H3467,soccorso,1,1,1.000
OT,H3472,Jishpa,1,1,1.000
OT,H3473,Jshpan,1,1,1.000
OT,H3479,Israele,1,1,1.000
OT,H3480,Jesarela,1,1,1.000
OT,H3483,rettitudine,1,1,1.000
OT,H3494,Itla,1,1,1.000
OT,H3496,Jathniel,1,1,1.000
OT,H3497,Itnan,1,1,1.000
OT,H3498,resto,1,1,1.000
OT,H3522,Cabbon,1,1,1.000
OT,H353,forza,1,1,1.000
OT,H3545,rimedio,1,1,1.000
OT,H3551,finestra,1,1,1.000
OT,H3552,Cub,1,1,1.000
OT,H3559,pronto,1,1,1.000
OT,H3560,Cun,1,1,1.000
OT,H3574,prosperità,1,1,1.000
OT,H3578,Cozeba,1,1,1.000
OT,H3590,scintilla,1,1,1.000
OT,H3593,pugna,1,1,1.000
OT,H3597,martello,1,1,1.000
OT,H36,Abitub,1,1,1.000
OT,H360,forza,1,1,1.000
OT,H3600,fornello,1,1,1.000
OT,H3601,fuso,1,1,1.000
OT,H3621,Kelubai,1,1,1.000
OT,H3640,vergogna,1,1,1.000
OT,H3650,eclissi,1,1,1.000
OT,H3656,Canné,1,1,1.000
OT,H3666,bagaglio,1,1,1.000
OT,H3676,trono,1,1,1.000
OT,H3684,stolto,1,1,1.000
OT,H3687,follia,1,1,1.000
OT,H3714,trave,1,1,1.000
OT,H372,Jezer,1,1,1.000
OT,H3722,riscatto,1,1,1.000
OT,H373,Jezerita,1,1,1.000
OT,H3744,araldo,1,1,1.000
OT,H3752,Carcas,1,1,1.000
OT,H3757,Carmi,1,1,1.000
OT,H3768,cotone,1,1,1.000
OT,H3770,ventre,1,1,1.000
OT,H3771,Carscena,1,1,1.000
OT,H3783,caduta,1,1,1.000
OT,H3789,scritto,1,1,1.000
OT,H379,Ishod,1,1,1.000
OT,H3796,muro,1,1,1.000
OT,H3814,piano,1,1,1.000
OT,H3815,Lael,1,1,1.000
OT,H3817,Leummim,1,1,1.000
OT,H3818,Lo-ammi,1,1,1.000
OT,H3821,cuore,1,1,1.000
OT,H3822,Lebaoth,1,1,1.000
OT,H3827,fiamma,1,1,1.000
OT,H3829,Lebna,1,1,1.000
OT,H3831,vestito,1,1,1.000
OT,H3840,pavimento,1,1,1.000
OT,H3855,Lahad,1,1,1.000
OT,H3862,adunanza,1,1,1.000
OT,H3869,mandorlo,1,1,1.000
OT,H3883,scala a chiocciola,1,1,1.000
OT,H3889,Lais,1,1,1.000
OT,H3891,perversità,1,1,1.000
OT,H3893,vigore,1,1,1.000
OT,H390,Accad,1,1,1.000
OT,H3901,guerra,1,1,1.000
OT,H3902,Lahmi,1,1,1.000
OT,H3903,Lahmas,1,1,1.000
OT,H3912,Letushim,1,1,1.000
OT,H3916,notte,1,1,1.000
OT,H3917,spettro notturno,1,1,1.000
OT,H3921,insidia,1,1,1.000
OT,H3922,Leca,1,1,1.000
OT,H3930,gola,1,1,1.000
OT,H3934,balbuziente,1,1,1.000
OT,H3935,Lada,1,1,1.000
OT,H3941,Lappidoth,1,1,1.000
OT,H3942,davanti,1,1,1.000
OT,H3946,Lakkun,1,1,1.000
OT,H3947,presa,1,1,1.000
OT,H3949,Likhi,1,1,1.000
OT,H396,cibo,1,1,1.000
OT,H3962,Lesha,1,1,1.000
OT,H3973,rifiuto,1,1,1.000
OT,H3977,bilancia,1,1,1.000
OT,H3990,tenebre,1,1,1.000
OT,H3991,tenebre,1,1,1.000
OT,H4004,città ragguardevole,1,1,1.000
OT,H4006,Mibhar,1,1,1.000
OT,H401,Ucal,1,1,1.000
OT,H4010,conforto,1,1,1.000
OT,H4012,Mebunnai,1,1,1.000
OT,H4016,vergogna,1,1,1.000
OT,H4018,fornello,1,1,1.000
OT,H4019,Magbish,1,1,1.000
OT,H4020,catenella,1,1,1.000
OT,H4036,Magor-Missabib,1,1,1.000
OT,H4037,scure,1,1,1.000
OT,H4044,induramento,1,1,1.000
OT,H4045,minaccia,1,1,1.000
OT,H4047,Magpiash,1,1,1.000
OT,H405,autorità,1,1,1.000
OT,H4052,sporgenza,1,1,1.000
OT,H4053,zolla,1,1,1.000
OT,H4061,tributo,1,1,1.000
OT,H4072,rovina,1,1,1.000
OT,H4075,Medo,1,1,1.000
OT,H4081,Middin,1,1,1.000
OT,H4086,Madmen,1,1,1.000
OT,H4087,letamaio,1,1,1.000
OT,H4088,Madmenah,1,1,1.000
OT,H4092,Madianita,1,1,1.000
OT,H4098,aia,1,1,1.000
OT,H4104,Mehuman,1,1,1.000
OT,H4108,accesso,1,1,1.000
OT,H4113,fossa profonda,1,1,1.000
OT,H4123,chimera,1,1,1.000
OT,H4139,circoncisione,1,1,1.000
OT,H414,Ela,1,1,1.000
OT,H4140,Molid,1,1,1.000
OT,H4141,scala,1,1,1.000
OT,H4153,Moadia,1,1,1.000
OT,H4189,catena,1,1,1.000
OT,H4193,morte,1,1,1.000
OT,H4197,vino,1,1,1.000
OT,H4200,granaio,1,1,1.000
OT,H4204,insidia,1,1,1.000
OT,H4215,aquilone,1,1,1.000
OT,H4216,Costellazioni,1,1,1.000
OT,H4218,seminato,1,1,1.000
OT,H422,giuramento,1,1,1.000
OT,H4221,midollo,1,1,1.000
OT,H4228,cintura,1,1,1.000
OT,H4230,compasso,1,1,1.000
OT,H4231,porto,1,1,1.000
OT,H4233,Mahavim,1,1,1.000
OT,H4235,Mahol,1,1,1.000
OT,H4239,ariete,1,1,1.000
OT,H4243,Mehir,1,1,1.000
OT,H4252,coltello,1,1,1.000
OT,H4255,classe,1,1,1.000
OT,H4260,burro,1,1,1.000
OT,H4269,freno,1,1,1.000
OT,H427,quercia,1,1,1.000
OT,H4278,profondità,1,1,1.000
OT,H4282,vomero,1,1,1.000
OT,H4292,scopa,1,1,1.000
OT,H4293,massacro,1,1,1.000
OT,H4297,prevaricazione,1,1,1.000
OT,H4299,filato,1,1,1.000
OT,H4309,Matri,1,1,1.000
OT,H4323,ruscello,1,1,1.000
OT,H4328,fondamento,1,1,1.000
OT,H4331,Mesha,1,1,1.000
OT,H4335,Meshac,1,1,1.000
OT,H4337,Mesha,1,1,1.000
OT,H4338,Mesha,1,1,1.000
OT,H434,vanità,1,1,1.000
OT,H4343,Macbena,1,1,1.000
OT,H4344,Macbannai,1,1,1.000
OT,H4346,coperta,1,1,1.000
OT,H435,Elul,1,1,1.000
OT,H4352,Machi,1,1,1.000
OT,H4354,Makirita,1,1,1.000
OT,H4360,oggetti di lusso,1,1,1.000
OT,H4362,tesoro,1,1,1.000
OT,H4367,Macnadbai,1,1,1.000
OT,H4368,Mecona,1,1,1.000
OT,H4369,luogo,1,1,1.000
OT,H4379,salina,1,1,1.000
OT,H4381,Micri,1,1,1.000
OT,H440,Elonita,1,1,1.000
OT,H4401,Malachia,1,1,1.000
OT,H4402,castone,1,1,1.000
OT,H4408,erba salsa,1,1,1.000
OT,H4416,sale,1,1,1.000
OT,H4423,argilla,1,1,1.000
OT,H4424,Melatia,1,1,1.000
OT,H4425,spiga,1,1,1.000
OT,H4440,Malkielita,1,1,1.000
OT,H4443,Malkiram,1,1,1.000
OT,H4450,Milalai,1,1,1.000
OT,H4451,pungolo,1,1,1.000
OT,H4458,vestimenta,1,1,1.000
OT,H4460,granaio,1,1,1.000
OT,H4470,amarezza,1,1,1.000
OT,H4472,amarezza,1,1,1.000
OT,H4476,dominio,1,1,1.000
OT,H4485,canzone,1,1,1.000
OT,H449,Elidad,1,1,1.000
OT,H4492,caverna,1,1,1.000
OT,H4497,figlio,1,1,1.000
OT,H4507,Meni,1,1,1.000
OT,H4508,Minni,1,1,1.000
OT,H4510,numero,1,1,1.000
OT,H4527,fondamento,1,1,1.000
OT,H4528,portico,1,1,1.000
OT,H4538,mistura,1,1,1.000
OT,H4547,strada maestra,1,1,1.000
OT,H4552,balaustrata,1,1,1.000
OT,H4558,Mispar,1,1,1.000
OT,H4559,Mispereth,1,1,1.000
OT,H456,Elihoref,1,1,1.000
OT,H4561,ammonimento,1,1,1.000
OT,H4563,rifugio,1,1,1.000
OT,H4572,Maadai,1,1,1.000
OT,H4573,Maadia,1,1,1.000
OT,H4575,legame,1,1,1.000
OT,H4579,viscere,1,1,1.000
OT,H4582,Maoc,1,1,1.000
OT,H4587,Meonothai,1,1,1.000
OT,H4588,oscurità,1,1,1.000
OT,H4589,nudità,1,1,1.000
OT,H4596,ammasso,1,1,1.000
OT,H4597,Maai,1,1,1.000
OT,H4603,infedeltà,1,1,1.000
OT,H4619,Maats,1,1,1.000
OT,H462,Elienai,1,1,1.000
OT,H4620,dolore,1,1,1.000
OT,H4624,parapetto,1,1,1.000
OT,H4632,Meara,1,1,1.000
OT,H4633,disegno,1,1,1.000
OT,H4638,Maarath,1,1,1.000
OT,H4640,Maesai,1,1,1.000
OT,H4644,Memfi,1,1,1.000
OT,H4645,bersaglio,1,1,1.000
OT,H4647,Mantice,1,1,1.000
OT,H4649,Muppim,1,1,1.000
OT,H465,Elifal,1,1,1.000
OT,H4657,equilibrio,1,1,1.000
OT,H4660,arma di distruzione,1,1,1.000
OT,H4661,martello,1,1,1.000
OT,H4664,porto,1,1,1.000
OT,H4665,nuca,1,1,1.000
OT,H4667,natiche,1,1,1.000
OT,H4677,Metsobaita,1,1,1.000
OT,H4681,Motsa,1,1,1.000
OT,H470,Elika,1,1,1.000
OT,H4702,letto,1,1,1.000
OT,H4706,Mitsar,1,1,1.000
OT,H4710,tesoro nascosto,1,1,1.000
OT,H472,Elisceba,1,1,1.000
OT,H4724,bacino,1,1,1.000
OT,H4727,accettazione,1,1,1.000
OT,H4728,merce,1,1,1.000
OT,H4729,altare,1,1,1.000
OT,H4741,scalpello,1,1,1.000
OT,H4746,soffitto,1,1,1.000
OT,H4748,ricciolo,1,1,1.000
OT,H4755,Mara,1,1,1.000
OT,H4756,signore,1,1,1.000
OT,H4760,gozzo,1,1,1.000
OT,H4767,capacità,1,1,1.000
OT,H4771,riposo,1,1,1.000
OT,H4773,mucchio,1,1,1.000
OT,H4777,ribellione,1,1,1.000
OT,H478,Elishafat,1,1,1.000
OT,H4781,Merodac,1,1,1.000
OT,H4786,amarezza,1,1,1.000
OT,H4787,amarezza,1,1,1.000
OT,H4789,Meroz,1,1,1.000
OT,H4796,Marot,1,1,1.000
OT,H4798,lutto,1,1,1.000
OT,H4811,Meraia,1,1,1.000
OT,H4821,Mirma,1,1,1.000
OT,H4825,Meres,1,1,1.000
OT,H4826,Marsena,1,1,1.000
OT,H4827,male,1,1,1.000
OT,H4831,Mareala,1,1,1.000
OT,H4835,violenza,1,1,1.000
OT,H4837,pavimento,1,1,1.000
OT,H4845,fiele,1,1,1.000
OT,H4848,Merari,1,1,1.000
OT,H4849,scellerata,1,1,1.000
OT,H4850,Merathaim,1,1,1.000
OT,H4851,Mash,1,1,1.000
OT,H4852,Mesha,1,1,1.000
OT,H4856,riguardo,1,1,1.000
OT,H4857,abbeveratoio,1,1,1.000
OT,H487,Allammelec,1,1,1.000
OT,H4870,errore,1,1,1.000
OT,H4874,creditore,1,1,1.000
OT,H4877,Meshobab,1,1,1.000
OT,H4879,errore,1,1,1.000
OT,H4883,sega,1,1,1.000
OT,H4887,olio,1,1,1.000
OT,H489,vedovanza,1,1,1.000
OT,H4890,scherno,1,1,1.000
OT,H4891,alba,1,1,1.000
OT,H4892,distruzione,1,1,1.000
OT,H4896,dominio,1,1,1.000
OT,H4913,Mashal,1,1,1.000
OT,H4921,Mescillemith,1,1,1.000
OT,H4922,Meshullemeth,1,1,1.000
OT,H4925,Mishmanna,1,1,1.000
OT,H4926,sentito dire,1,1,1.000
OT,H493,Elnaam,1,1,1.000
OT,H4930,chiodo,1,1,1.000
OT,H4934,sentiero,1,1,1.000
OT,H4936,Misham,1,1,1.000
OT,H4939,spargimento di sangue,1,1,1.000
OT,H4946,peso,1,1,1.000
OT,H4952,liquore,1,1,1.000
OT,H4954,Mishraei,1,1,1.000
OT,H496,Elead,1,1,1.000
OT,H4963,paglia,1,1,1.000
OT,H497,Eleada,1,1,1.000
OT,H4972,fatica,1,1,1.000
OT,H4978,dono,1,1,1.000
OT,H498,Eluzai,1,1,1.000
OT,H4987,dolcezza,1,1,1.000
OT,H4992,Mattatta,1,1,1.000
OT,H5005,adulterio,1,1,1.000
OT,H5021,Nebushazban,1,1,1.000
OT,H5026,Nibhaz,1,1,1.000
OT,H5033,sorgente,1,1,1.000
OT,H5040,vergogna,1,1,1.000
OT,H5041,Neballath,1,1,1.000
OT,H5044,Nibshan,1,1,1.000
OT,H507,Elef,1,1,1.000
OT,H5072,Nedabia,1,1,1.000
OT,H5076,agitazione,1,1,1.000
OT,H5078,dono,1,1,1.000
OT,H5083,dono,1,1,1.000
OT,H5084,fodero,1,1,1.000
OT,H5097,pascolo,1,1,1.000
OT,H5105,luce,1,1,1.000
OT,H5113,Nod,1,1,1.000
OT,H5114,Nodab,1,1,1.000
OT,H5118,riposo,1,1,1.000
OT,H5119,Nohah,1,1,1.000
OT,H512,Elkosh,1,1,1.000
OT,H5130,vaglio,1,1,1.000
OT,H5142,danno,1,1,1.000
OT,H5143,danno,1,1,1.000
OT,H5147,Nahbi,1,1,1.000
OT,H5149,Nehum,1,1,1.000
OT,H515,Eltekon,1,1,1.000
OT,H5151,Nahum,1,1,1.000
OT,H5156,narici,1,1,1.000
OT,H5163,Naham,1,1,1.000
OT,H5164,pentimento,1,1,1.000
OT,H5167,Nahamani,1,1,1.000
OT,H5179,Nehushta,1,1,1.000
OT,H5180,Nehushtan,1,1,1.000
OT,H5192,peso,1,1,1.000
OT,H5195,pianta,1,1,1.000
OT,H5196,Netaim,1,1,1.000
OT,H5205,conforto,1,1,1.000
OT,H5206,cosa impura,1,1,1.000
OT,H5208,profumo,1,1,1.000
OT,H522,Amma,1,1,1.000
OT,H5225,Nacon,1,1,1.000
OT,H5227,davanti,1,1,1.000
OT,H5231,inganno,1,1,1.000
OT,H5242,Nemuel,1,1,1.000
OT,H5245,leopardo,1,1,1.000
OT,H5247,Nimrah,1,1,1.000
OT,H525,artefice,1,1,1.000
OT,H5261,libazione,1,1,1.000
OT,H5269,Nea,1,1,1.000
OT,H5272,Neiel,1,1,1.000
OT,H5277,Naam,1,1,1.000
OT,H5280,Naamita,1,1,1.000
OT,H5293,Naarai,1,1,1.000
OT,H5295,Naaran,1,1,1.000
OT,H5300,Nefiscesim,1,1,1.000
OT,H5302,Nofah,1,1,1.000
OT,H5313,spesa,1,1,1.000
OT,H5316,regione,1,1,1.000
OT,H5319,lotta,1,1,1.000
OT,H532,Ami,1,1,1.000
OT,H5325,elsa,1,1,1.000
OT,H5334,Netsib,1,1,1.000
OT,H5339,fiore,1,1,1.000
OT,H5345,flauto,1,1,1.000
OT,H5346,Nekeb,1,1,1.000
OT,H5370,Nergal,1,1,1.000
OT,H538,Amam,1,1,1.000
OT,H5403,aquila,1,1,1.000
OT,H542,artefice,1,1,1.000
OT,H5430,calzatura,1,1,1.000
OT,H5436,Sabeo,1,1,1.000
OT,H545,tutela,1,1,1.000
OT,H5451,Sibboleth,1,1,1.000
OT,H5453,Sibraim,1,1,1.000
OT,H5468,caos,1,1,1.000
OT,H547,stipite,1,1,1.000
OT,H5471,So,1,1,1.000
OT,H5474,gabbia,1,1,1.000
OT,H5476,Sodi,1,1,1.000
OT,H5477,Suah,1,1,1.000
OT,H5478,spazzatura,1,1,1.000
OT,H5484,cavalla,1,1,1.000
OT,H5485,Susi,1,1,1.000
OT,H5495,Sur,1,1,1.000
OT,H5501,spazzatura,1,1,1.000
OT,H5506,commercio,1,1,1.000
OT,H5507,scudo,1,1,1.000
OT,H5510,Sivan,1,1,1.000
OT,H5515,Sinim,1,1,1.000
OT,H5519,folla,1,1,1.000
OT,H5525,Sukkei,1,1,1.000
OT,H5526,difesa,1,1,1.000
OT,H5527,Secacah,1,1,1.000
OT,H5538,Silla,1,1,1.000
OT,H5551,scala,1,1,1.000
OT,H5552,tralcio,1,1,1.000
OT,H556,forza,1,1,1.000
OT,H5565,Semachia,1,1,1.000
OT,H5573,Seneh,1,1,1.000
OT,H5577,ramo,1,1,1.000
OT,H5580,tignola,1,1,1.000
OT,H5593,Saf,1,1,1.000
OT,H5598,Sippai,1,1,1.000
OT,H5600,nave,1,1,1.000
OT,H5611,Sefar,1,1,1.000
OT,H5614,Sefarad,1,1,1.000
OT,H5615,numero,1,1,1.000
OT,H5623,Sargon,1,1,1.000
OT,H5625,Sardita,1,1,1.000
OT,H563,agnello,1,1,1.000
OT,H5634,ramo,1,1,1.000
OT,H5636,rovo,1,1,1.000
OT,H5639,Sethur,1,1,1.000
OT,H5644,Sitri,1,1,1.000
OT,H5655,Abdeel,1,1,1.000
OT,H5661,Abdiel,1,1,1.000
OT,H5671,pegno,1,1,1.000
OT,H5681,Ibri,1,1,1.000
OT,H5683,Ebron,1,1,1.000
OT,H5708,abito lordato,1,1,1.000
OT,H5721,Adina,1,1,1.000
OT,H5723,Aditaim,1,1,1.000
OT,H5724,Adlai,1,1,1.000
OT,H5738,Eder,1,1,1.000
OT,H5745,Obal,1,1,1.000
OT,H5758,iniquità,1,1,1.000
OT,H5760,empio,1,1,1.000
OT,H5773,vertigine,1,1,1.000
OT,H5776,uccello,1,1,1.000
OT,H5784,pula,1,1,1.000
OT,H5792,torto,1,1,1.000
OT,H5802,Azbuk,1,1,1.000
OT,H5811,Azaz,1,1,1.000
OT,H5814,Uzzia,1,1,1.000
OT,H5815,Aziel,1,1,1.000
OT,H5819,Aziza,1,1,1.000
OT,H5821,Azzan,1,1,1.000
OT,H5827,Ezer,1,1,1.000
OT,H5831,Esdra,1,1,1.000
OT,H5834,Esdra,1,1,1.000
OT,H5836,Ezri,1,1,1.000
OT,H5839,Azaria,1,1,1.000
OT,H5846,starnuto,1,1,1.000
OT,H5851,Atara,1,1,1.000
OT,H5866,Ilai,1,1,1.000
OT,H588,Anaharat,1,1,1.000
OT,H5893,Ir,1,1,1.000
OT,H5900,Iru,1,1,1.000
OT,H5901,Iri,1,1,1.000
OT,H5910,Acco,1,1,1.000
OT,H5917,Acan,1,1,1.000
OT,H5925,Ulla,1,1,1.000
OT,H5928,olocausto,1,1,1.000
OT,H593,Aniam,1,1,1.000
OT,H5932,iniquità,1,1,1.000
OT,H5940,pestello,1,1,1.000
OT,H5948,crogiuolo,1,1,1.000
OT,H5950,opera,1,1,1.000
OT,H5952,camera superiore,1,1,1.000
OT,H5960,Almon,1,1,1.000
OT,H5981,Ummah,1,1,1.000
OT,H5990,Ammizabad,1,1,1.000
OT,H5991,Ammihur,1,1,1.000
OT,H6000,Amal,1,1,1.000
OT,H6001,operaio,1,1,1.000
OT,H6007,Amasia,1,1,1.000
OT,H6008,Amad,1,1,1.000
OT,H6011,profondità,1,1,1.000
OT,H6015,lana,1,1,1.000
OT,H6036,Anub,1,1,1.000
OT,H6039,afflizione,1,1,1.000
OT,H6044,Anim,1,1,1.000
OT,H6046,Anem,1,1,1.000
OT,H6048,Adrammelec,1,1,1.000
OT,H6052,Anan,1,1,1.000
OT,H6053,nuvola,1,1,1.000
OT,H6054,Anani,1,1,1.000
OT,H6064,ammenda,1,1,1.000
OT,H6070,Anthotija,1,1,1.000
OT,H6073,fronda,1,1,1.000
OT,H6074,fogliame,1,1,1.000
OT,H6078,Ofni,1,1,1.000
OT,H6092,lavoro,1,1,1.000
OT,H6097,albero,1,1,1.000
OT,H6121,luogo erto,1,1,1.000
OT,H6122,astuzia,1,1,1.000
OT,H6125,oppressione,1,1,1.000
OT,H6134,Eker,1,1,1.000
OT,H6169,prateria,1,1,1.000
OT,H6173,danno,1,1,1.000
OT,H6178,burrone,1,1,1.000
OT,H6180,Erita,1,1,1.000
OT,H6183,cielo,1,1,1.000
OT,H619,Asna,1,1,1.000
OT,H6197,Eran,1,1,1.000
OT,H6198,Eranita,1,1,1.000
OT,H6216,oppressore,1,1,1.000
OT,H6220,Asvath,1,1,1.000
OT,H6221,Asiel,1,1,1.000
OT,H6232,Escek,1,1,1.000
OT,H6234,violenza,1,1,1.000
OT,H6247,avorio,1,1,1.000
OT,H6248,pensiero,1,1,1.000
OT,H6269,Athac,1,1,1.000
OT,H6270,Athlai,1,1,1.000
OT,H6273,Othni,1,1,1.000
OT,H628,accozzaglia,1,1,1.000
OT,H630,Aspatha,1,1,1.000
OT,H6300,Pedahel,1,1,1.000
OT,H6314,riposo,1,1,1.000
OT,H6317,Putiel,1,1,1.000
OT,H6324,Puvita,1,1,1.000
OT,H6326,Pua,1,1,1.000
OT,H6329,intelligenza,1,1,1.000
OT,H633,decreto,1,1,1.000
OT,H6330,rimorso,1,1,1.000
OT,H6350,temerità,1,1,1.000
OT,H6356,corrosione,1,1,1.000
OT,H6359,esente,1,1,1.000
OT,H6366,taglio,1,1,1.000
OT,H6371,grasso,1,1,1.000
OT,H6376,Pishon,1,1,1.000
OT,H6384,Palluita,1,1,1.000
OT,H6387,metà,1,1,1.000
OT,H6392,divisione,1,1,1.000
OT,H6394,Pildash,1,1,1.000
OT,H6401,Pilha,1,1,1.000
OT,H6402,servizio,1,1,1.000
OT,H6408,Piltai,1,1,1.000
OT,H641,Efod,1,1,1.000
OT,H6420,Palal,1,1,1.000
OT,H6421,Pelalia,1,1,1.000
OT,H643,palazzo,1,1,1.000
OT,H6434,angolo,1,1,1.000
OT,H6451,abbondanza,1,1,1.000
OT,H6457,Pasac,1,1,1.000
OT,H6462,Pispa,1,1,1.000
OT,H6469,Peullethai,1,1,1.000
OT,H647,Afiac,1,1,1.000
OT,H6474,Paarai,1,1,1.000
OT,H6479,scortecciatura,1,1,1.000
OT,H6483,Happitsets,1,1,1.000
OT,H6488,guardia,1,1,1.000
OT,H6502,Piram,1,1,1.000
OT,H6507,seme,1,1,1.000
OT,H6511,Para,1,1,1.000
OT,H6516,Parvaim,1,1,1.000
OT,H6534,Parmashta,1,1,1.000
OT,H6535,Parnac,1,1,1.000
OT,H6537,Ufarsin,1,1,1.000
OT,H6542,Persiano,1,1,1.000
OT,H655,tempo,1,1,1.000
OT,H6552,Pirathon,1,1,1.000
OT,H6554,Farpar,1,1,1.000
OT,H6558,Peretsita,1,1,1.000
OT,H6559,Peratsim,1,1,1.000
OT,H6570,Peresh,1,1,1.000
OT,H6577,Parshandatha,1,1,1.000
OT,H6587,passo,1,1,1.000
OT,H659,nulla,1,1,1.000
OT,H6602,Pethuel,1,1,1.000
OT,H6609,spada sguainata,1,1,1.000
OT,H6614,manto,1,1,1.000
OT,H6619,Pithom,1,1,1.000
OT,H664,Afeka,1,1,1.000
OT,H6652,mucchio,1,1,1.000
OT,H6653,manipolo,1,1,1.000
OT,H6665,giustizia,1,1,1.000
OT,H6676,collo,1,1,1.000
OT,H668,lettiga,1,1,1.000
OT,H6683,abisso,1,1,1.000
OT,H6707,terra arida,1,1,1.000
OT,H6710,luoghi aridi,1,1,1.000
OT,H6713,candido,1,1,1.000
OT,H6719,cacciatore,1,1,1.000
OT,H6729,ceppo,1,1,1.000
OT,H6733,fiore,1,1,1.000
OT,H674,tesoro,1,1,1.000
OT,H6745,pentola,1,1,1.000
OT,H6746,scodella,1,1,1.000
OT,H6753,Hatselelponi,1,1,1.000
OT,H6764,Tsalaf,1,1,1.000
OT,H6766,Tseltsah,1,1,1.000
OT,H6799,Tsenan,1,1,1.000
OT,H6803,vaso,1,1,1.000
OT,H6804,condotto,1,1,1.000
OT,H6811,Tsair,1,1,1.000
OT,H6824,nuoto,1,1,1.000
OT,H6827,Tsefon,1,1,1.000
OT,H6829,Tsafon,1,1,1.000
OT,H6831,Tsefonita,1,1,1.000
OT,H6837,Tsifion,1,1,1.000
OT,H6838,schiacciata,1,1,1.000
OT,H6840,tesoro,1,1,1.000
OT,H6841,capro,1,1,1.000
OT,H6844,guardia,1,1,1.000
OT,H6849,rampollo,1,1,1.000
OT,H6857,Tsefath,1,1,1.000
OT,H6858,capitello,1,1,1.000
OT,H6859,Tsefatha,1,1,1.000
OT,H6861,bisaccia,1,1,1.000
OT,H6863,Tser,1,1,1.000
OT,H6871,Tserua,1,1,1.000
OT,H6874,Tseri,1,1,1.000
OT,H688,carbonchio,1,1,1.000
OT,H6888,Tserera,1,1,1.000
OT,H6889,Tsereth,1,1,1.000
OT,H689,capriolo,1,1,1.000
OT,H6897,ventre,1,1,1.000
OT,H6898,tenda,1,1,1.000
OT,H6899,folla,1,1,1.000
OT,H690,Ara,1,1,1.000
OT,H6905,presenza,1,1,1.000
OT,H691,eroe,1,1,1.000
OT,H6917,antico,1,1,1.000
OT,H6935,Kadmonei,1,1,1.000
OT,H694,Arab,1,1,1.000
OT,H6940,nero,1,1,1.000
OT,H6987,distruzione,1,1,1.000
OT,H6988,incenso,1,1,1.000
OT,H6999,profumo,1,1,1.000
OT,H700,Arubboth,1,1,1.000
OT,H7000,angolo,1,1,1.000
OT,H7003,Kitron,1,1,1.000
OT,H7009,avversario,1,1,1.000
OT,H7010,decreto,1,1,1.000
OT,H7013,lancia,1,1,1.000
OT,H7022,ignominia,1,1,1.000
OT,H7032,voce,1,1,1.000
OT,H7040,Kallai,1,1,1.000
OT,H7048,scherno,1,1,1.000
OT,H7051,fromboliere,1,1,1.000
OT,H7053,tridente,1,1,1.000
OT,H7063,spina,1,1,1.000
OT,H7078,fine,1,1,1.000
OT,H71,Abanah,1,1,1.000
OT,H710,porpora,1,1,1.000
OT,H7102,cassia,1,1,1.000
OT,H7115,angoscia,1,1,1.000
OT,H7120,freddo,1,1,1.000
OT,H7137,accidente notturno,1,1,1.000
OT,H715,Ardon,1,1,1.000
OT,H716,Arditi,1,1,1.000
OT,H7171,tafano,1,1,1.000
OT,H7177,Karta,1,1,1.000
OT,H7178,Kartan,1,1,1.000
OT,H720,Arod,1,1,1.000
OT,H7201,avvoltoio,1,1,1.000
OT,H7204,Haroe,1,1,1.000
OT,H7208,Reumah,1,1,1.000
OT,H7209,specchio,1,1,1.000
OT,H7220,Rosh,1,1,1.000
OT,H7245,Rabbith,1,1,1.000
OT,H725,Aruma,1,1,1.000
OT,H726,Siro,1,1,1.000
OT,H7269,tremore,1,1,1.000
OT,H7276,Reghem,1,1,1.000
OT,H7277,schiera,1,1,1.000
OT,H7288,Raddai,1,1,1.000
OT,H7295,superbo,1,1,1.000
OT,H7296,orgoglio,1,1,1.000
OT,H7308,spirito,1,1,1.000
OT,H731,rivestimento di cedro,1,1,1.000
OT,H7315,alto,1,1,1.000
OT,H7316,Ruma,1,1,1.000
OT,H7319,lode,1,1,1.000
OT,H7331,Rezon,1,1,1.000
OT,H7333,principe,1,1,1.000
OT,H735,via,1,1,1.000
OT,H7355,compassione,1,1,1.000
OT,H7357,Raham,1,1,1.000
OT,H7359,misericordia,1,1,1.000
OT,H7361,fanciulla,1,1,1.000
OT,H7371,pala,1,1,1.000
OT,H7377,umidità,1,1,1.000
OT,H7396,cavalcatura,1,1,1.000
OT,H7398,carro,1,1,1.000
OT,H7403,Racal,1,1,1.000
OT,H742,Aridai,1,1,1.000
OT,H7421,Siro,1,1,1.000
OT,H7422,Ramia,1,1,1.000
OT,H743,Aridatha,1,1,1.000
OT,H7432,Remeth,1,1,1.000
OT,H7438,canto,1,1,1.000
OT,H744,leone,1,1,1.000
OT,H7441,Rinna,1,1,1.000
OT,H7443,struzzo,1,1,1.000
OT,H7449,Resen,1,1,1.000
OT,H745,Arech,1,1,1.000
OT,H7462,pastore,1,1,1.000
OT,H747,Arisai,1,1,1.000
OT,H7472,Rei,1,1,1.000
OT,H7478,stordimento,1,1,1.000
OT,H7479,velo,1,1,1.000
OT,H7480,Reelaia,1,1,1.000
OT,H7483,criniera,1,1,1.000
OT,H7485,Raamia,1,1,1.000
OT,H7500,salute,1,1,1.000
OT,H7501,Refael,1,1,1.000
OT,H7505,Rafu,1,1,1.000
OT,H7506,Refa,1,1,1.000
OT,H7507,spalliera,1,1,1.000
OT,H751,Erec,1,1,1.000
OT,H7513,zattera,1,1,1.000
OT,H7516,fango,1,1,1.000
OT,H7517,stalla,1,1,1.000
OT,H7518,verga,1,1,1.000
OT,H7525,Ritsia,1,1,1.000
OT,H7529,pietra calda,1,1,1.000
OT,H754,prolungamento,1,1,1.000
OT,H7544,vino aromatico,1,1,1.000
OT,H7546,profumiere,1,1,1.000
OT,H7547,profumo,1,1,1.000
OT,H7548,profumiera,1,1,1.000
OT,H755,ginocchio,1,1,1.000
OT,H7555,lamina,1,1,1.000
OT,H7566,Resef,1,1,1.000
OT,H7569,catena,1,1,1.000
OT,H7571,bollore,1,1,1.000
OT,H7587,Saulita,1,1,1.000
OT,H7591,rovina,1,1,1.000
OT,H7594,Sceal,1,1,1.000
OT,H7608,parente,1,1,1.000
OT,H7609,Sceera,1,1,1.000
OT,H7612,desolazione,1,1,1.000
OT,H7615,Sabeo,1,1,1.000
OT,H7616,frantumi,1,1,1.000
OT,H7627,Scebat,1,1,1.000
OT,H7629,Shobi,1,1,1.000
OT,H7634,Sokia,1,1,1.000
OT,H764,Armoni,1,1,1.000
OT,H7640,strascico,1,1,1.000
OT,H7642,lumaca,1,1,1.000
OT,H7650,giuramento,1,1,1.000
OT,H766,pino,1,1,1.000
OT,H7661,vertigine,1,1,1.000
OT,H7665,storpio,1,1,1.000
OT,H7669,Sceber,1,1,1.000
OT,H767,Oren,1,1,1.000
OT,H7671,Scebarim,1,1,1.000
OT,H7681,Shaghé,1,1,1.000
OT,H7683,errore,1,1,1.000
OT,H7691,errore,1,1,1.000
OT,H770,Arnan,1,1,1.000
OT,H7703,rovina,1,1,1.000
OT,H7714,Shadrac,1,1,1.000
OT,H7717,garante,1,1,1.000
OT,H7719,Shoham,1,1,1.000
OT,H773,fondo,1,1,1.000
OT,H7730,rami intrecciati,1,1,1.000
OT,H7733,Shobek,1,1,1.000
OT,H7746,Shuha,1,1,1.000
OT,H7748,Shuham,1,1,1.000
OT,H7762,aglio,1,1,1.000
OT,H7765,Shunita,1,1,1.000
OT,H7773,grido,1,1,1.000
OT,H778,terra,1,1,1.000
OT,H7781,Shufamita,1,1,1.000
OT,H7795,solco,1,1,1.000
OT,H7796,Sorek,1,1,1.000
OT,H7798,Shavsa,1,1,1.000
OT,H7808,pensiero,1,1,1.000
OT,H7813,nuoto,1,1,1.000
OT,H7815,nero,1,1,1.000
OT,H7816,fossa,1,1,1.000
OT,H782,richiesta,1,1,1.000
OT,H7827,conchiglia odorosa,1,1,1.000
OT,H7839,giovinezza,1,1,1.000
OT,H7841,Sceharia,1,1,1.000
OT,H7842,Shaharaim,1,1,1.000
OT,H7850,flagello,1,1,1.000
OT,H7855,accusa,1,1,1.000
OT,H7856,Sitna,1,1,1.000
OT,H7863,altezza,1,1,1.000
OT,H7864,Sceia,1,1,1.000
OT,H7865,Sion,1,1,1.000
OT,H7866,Scion,1,1,1.000
OT,H7877,Sciza,1,1,1.000
OT,H7889,Scimon,1,1,1.000
OT,H789,Ashbeliti,1,1,1.000
OT,H7893,marmo,1,1,1.000
OT,H7894,Scisa,1,1,1.000
OT,H7899,spina,1,1,1.000
OT,H7900,tenda,1,1,1.000
OT,H7906,Secu,1,1,1.000
OT,H7907,intelletto,1,1,1.000
OT,H791,Ashbea,1,1,1.000
OT,H7915,coltello,1,1,1.000
OT,H7919,inno,1,1,1.000
OT,H7929,spalla,1,1,1.000
OT,H7930,Sichem,1,1,1.000
OT,H7942,Escron,1,1,1.000
OT,H7944,temerità,1,1,1.000
OT,H7959,prosperità,1,1,1.000
OT,H7963,prosperità,1,1,1.000
OT,H7968,Shallum,1,1,1.000
OT,H797,asdodeo,1,1,1.000
OT,H7976,propaggine,1,1,1.000
OT,H7978,Scilhim,1,1,1.000
OT,H7987,segreto,1,1,1.000
OT,H7988,placenta,1,1,1.000
OT,H7995,ceppo,1,1,1.000
OT,H800,fuoco,1,1,1.000
OT,H8009,Salmon,1,1,1.000
OT,H8012,Salmon,1,1,1.000
OT,H8015,Scelomi,1,1,1.000
OT,H8016,Scillemiti,1,1,1.000
OT,H8020,Salman,1,1,1.000
OT,H8021,ricompensa,1,1,1.000
OT,H8023,Scilonita,1,1,1.000
OT,H8024,Scelah,1,1,1.000
OT,H8028,Scelesh,1,1,1.000
OT,H8030,Scilsha,1,1,1.000
OT,H8031,Shalisha,1,1,1.000
OT,H8038,Scemeber,1,1,1.000
OT,H8039,Scimea,1,1,1.000
OT,H8042,sinistra,1,1,1.000
OT,H8049,Shamehuth,1,1,1.000
OT,H8053,Shamir,1,1,1.000
OT,H8054,Shammoth,1,1,1.000
OT,H8062,Scemidaita,1,1,1.000
OT,H8063,coperta,1,1,1.000
OT,H807,Ascima,1,1,1.000
OT,H8073,Samlai,1,1,1.000
OT,H808,schiacciata,1,1,1.000
OT,H8090,Scema,1,1,1.000
OT,H8091,Shama,1,1,1.000
OT,H8094,Scemaa,1,1,1.000
OT,H810,testicolo,1,1,1.000
OT,H8101,Scimeathei,1,1,1.000
OT,H8108,guardia,1,1,1.000
OT,H8115,Samaria,1,1,1.000
OT,H8116,Scimrith,1,1,1.000
OT,H8117,Scimronita,1,1,1.000
OT,H8118,Samaritano,1,1,1.000
OT,H8119,Scimrath,1,1,1.000
OT,H8125,Shamscerai,1,1,1.000
OT,H8128,dente,1,1,1.000
OT,H8129,Scen,1,1,1.000
OT,H8134,Scinear,1,1,1.000
OT,H8136,miriadi,1,1,1.000
OT,H8137,Scenatsar,1,1,1.000
OT,H8139,sonno,1,1,1.000
OT,H8153,sonno,1,1,1.000
OT,H8164,pioggerella,1,1,1.000
OT,H8167,Seira,1,1,1.000
OT,H8171,Shaalim,1,1,1.000
OT,H8180,centuplo,1,1,1.000
OT,H8188,Seorim,1,1,1.000
OT,H8190,Shaashgaz,1,1,1.000
OT,H8194,formaggio,1,1,1.000
OT,H8204,Sciftan,1,1,1.000
OT,H8207,cerasta,1,1,1.000
OT,H8208,Shafir,1,1,1.000
OT,H8220,pigrizia,1,1,1.000
OT,H8223,Shafam,1,1,1.000
OT,H8224,Simoth,1,1,1.000
OT,H8225,Sefam,1,1,1.000
OT,H8230,Scifi,1,1,1.000
OT,H8235,sereno,1,1,1.000
OT,H8236,Scifra,1,1,1.000
OT,H8238,mattino,1,1,1.000
OT,H824,Escean,1,1,1.000
OT,H8249,bevanda,1,1,1.000
OT,H8253,quiete,1,1,1.000
OT,H8260,finestra,1,1,1.000
OT,H8279,matita,1,1,1.000
OT,H828,Ashpenaz,1,1,1.000
OT,H8284,mura,1,1,1.000
OT,H8285,braccialetto,1,1,1.000
OT,H8287,Sharuchen,1,1,1.000
OT,H8290,Sharon,1,1,1.000
OT,H8298,Sharai,1,1,1.000
OT,H8306,muscoli,1,1,1.000
OT,H8309,campo,1,1,1.000
OT,H8315,Saraf,1,1,1.000
OT,H8325,Sharar,1,1,1.000
OT,H8340,Sceshbatsar,1,1,1.000
OT,H8343,Shashai,1,1,1.000
OT,H8360,bere,1,1,1.000
OT,H8363,pianta,1,1,1.000
OT,H8369,Scethar,1,1,1.000
OT,H8375,brama,1,1,1.000
OT,H8379,cima,1,1,1.000
OT,H8381,maledizione,1,1,1.000
OT,H8390,Taarea,1,1,1.000
OT,H8399,distruzione,1,1,1.000
OT,H840,Asareel,1,1,1.000
OT,H8409,colpo,1,1,1.000
OT,H841,Asarela,1,1,1.000
OT,H8418,corteo,1,1,1.000
OT,H8430,Toah,1,1,1.000
OT,H8434,Tolad,1,1,1.000
OT,H8440,Tholaiti,1,1,1.000
OT,H845,Asrieliti,1,1,1.000
OT,H8452,legge,1,1,1.000
OT,H8459,Tohu,1,1,1.000
OT,H8461,Tahkemonita,1,1,1.000
OT,H8468,Tehinna,1,1,1.000
OT,H8470,Tahanita,1,1,1.000
OT,H8475,Taharea,1,1,1.000
OT,H8477,Tahash,1,1,1.000
OT,H848,Eshtaolita,1,1,1.000
OT,H8488,Themeni,1,1,1.000
OT,H8493,Thiria,1,1,1.000
OT,H8499,trono,1,1,1.000
OT,H8507,Token,1,1,1.000
OT,H8509,veste,1,1,1.000
OT,H8517,neve,1,1,1.000
OT,H8520,Telah,1,1,1.000
OT,H8527,discepolo,1,1,1.000
OT,H8530,armeria,1,1,1.000
OT,H8542,Tammuz,1,1,1.000
OT,H856,Baal,1,1,1.000
OT,H8564,pali indicatori,1,1,1.000
OT,H8565,coccodrillo,1,1,1.000
OT,H8592,potenza,1,1,1.000
OT,H8603,Tofel,1,1,1.000
OT,H8613,Tofet,1,1,1.000
OT,H8619,tromba,1,1,1.000
OT,H8634,Tareala,1,1,1.000
OT,H8635,razza,1,1,1.000
OT,H8647,Tirhana,1,1,1.000
OT,H8654,Tirathei,1,1,1.000
OT,H8662,Tartak,1,1,1.000
OT,H8667,deposito,1,1,1.000
OT,H867,Ethni,1,1,1.000
OT,H869,Ethnan,1,1,1.000
OT,H871,Atharim,1,1,1.000
OT,H872,ingresso,1,1,1.000
OT,H878,Beera,1,1,1.000
OT,H880,Beera,1,1,1.000
OT,H89,Aghé,1,1,1.000
OT,H892,pupilla,1,1,1.000
OT,H900,perfido,1,1,1.000
OT,H903,Bigtha,1,1,1.000
OT,H912,Bedia,1,1,1.000
OT,H915,pezzo,1,1,1.000
OT,H920,Bidkar,1,1,1.000
OT,H924,fretta,1,1,1.000
OT,H927,fretta,1,1,1.000
OT,H93,noce,1,1,1.000
OT,H94,Agur,1,1,1.000
OT,H941,Buzi,1,1,1.000
OT,H942,Bavvai,1,1,1.000
OT,H945,Bul,1,1,1.000
OT,H946,Buna,1,1,1.000
OT,H949,Botsets,1,1,1.000
OT,H951,mandriano,1,1,1.000
OT,H96,goccia,1,1,1.000
OT,H963,disprezzo,1,1,1.000
OT,H964,Biziotia,1,1,1.000
OT,H969,saggiatore,1,1,1.000
OT,H972,eletto,1,1,1.000
OT,H975,torre,1,1,1.000
OT,H976,pietra provata,1,1,1.000
OT,H978,Baharum,1,1,1.000
OT,H984,Betah,1,1,1.000
OT,H985,fiducia,1,1,1.000
OT,H991,Beten,1,1,1.000
OT,H992,pistacchio,1,1,1.000
OT,H993,Betonim,1,1,1.000
OT,H996,tra,1,1,1.000
