ref	tier	detail	missing	corroborated	ratio	draft	riv	en
1CH 10:12	YELLOW	Y-anchor	esercito		1.55	Tutti gli uomini valorosi si alzarono, presero il cadavere di Saul e i cadaveri dei suoi figli, li portarono a Iabes, seppellirono le loro ossa sotto la quercia a Iabes, e digiunarono sette giorni.	e tutti gli uomini valorosi si levarono, presero il cadavere di Saul e i cadaveri dei suoi figliuoli, e li portarono a Jabes; seppellirono le loro ossa sotto alla tamerice di Jabes, e digiunarono per sette giorni.	Then all the fighting men rose up and took the body of Saul and the bodies of his sons and brought them to Jabesh and buried their bones beneath the oak in Jabesh and fasted seven days.
1CH 10:4	YELLOW	Y-anchor	vaso|vaso		1.50	"Allora Saul disse al suo scudiero: ""Sfodera la tua spada e trafiggimi con essa, affinché questi incirconcisi non vengano e mi facciano oltraggio""; ma il suo scudiero non volle, perché temeva grandemente. Allora Saul prese la spada e vi si gettò sopra."	E Saul disse al suo scudiere: “Sfodera la spada e trafiggimi, affinché questi incirconcisi non vengano a trafiggermi ed a farmi oltraggio”. Ma lo scudiere non volle farlo, perch’era còlto da gran paura. Allora Saul prese la propria spada e vi si gettò sopra.	"Then Saul said to his armour-bearer, ""Draw your sword and thrust me through with it, lest these uncircumcised come and abuse me""; but his armour-bearer was very afraid and would not do it. So Saul took the sword and fell upon it."
1CH 11:22	YELLOW	Y-anchor	esercito		1.40	Benaia figlio di Ioiadà, figlio di un uomo valoroso, ricco di opere, da Kabtseel: egli colpì i due leoni di Moab, e scese e colpì il leone in mezzo alla cisterna nel giorno della neve.	Poi veniva Benaia, figliuolo di Jehoiada, figliuolo di un uomo da Kabtseel, valoroso, e celebre per le sue prodezze. Egli uccise i due grandi eroi di Moab. Discese anche in mezzo a una cisterna, dove uccise un leone, un giorno di neve.	Benaiah son of Jehoiada, son of a valiant man of might, mighty in deeds from Kabzeel, he struck down the two lionlike men of Moab, and he went down and struck the lion in the midst of the pit on the day of snow.
1CH 12:28	YELLOW	Y-anchor	esercito		1.78	Sadoc era un giovane forte e valoroso, e la casa di suo padre aveva ventidue capi.	e Tsadok, giovine forte e valoroso, e la sua casa patriarcale, che contava ventidue capi.	Zadok was a young man of great strength, and his father's house were twenty-two rulers.
1CH 12:30	YELLOW	Y-anchor	esercito		1.31	E dai figli di Efraim, ventottomila prodi guerrieri, uomini di nome, per la casa dei loro padri.	Dei figliuoli d’Efraim, ventimila ottocento: uomini forti e valorosi, gente di gran nome, divisi secondo le loro case patriarcali.	And from the sons of Ephraim, twenty-eight thousand valiant warriors, men of renown, by their fathers' houses.
1CH 12:36	YELLOW	Y-anchor	guerra		2.00	E da Aser, quelli che uscivano con l'esercito per ordinare la battaglia, quarantamila.	Di Ascer, atti a servire, e pronti a ordinarsi in battaglia, quarantamila.	And from Asher, those going out with the army to arrange the battle line, forty thousand.
1CH 14:15	YELLOW	Y-anchor	capo		1.83	E sarà che, quando udrai la voce del passo sulle cime degli alberi di baca, allora uscirai in guerra, perché Dio è uscito davanti al tuo volto per colpire l'accampamento dei Filistei.	E quando udrai un rumor di passi tra le vette dei gelsi, esci subito all’attacco, perché Dio marcerà alla tua testa per sconfiggere l’esercito dei Filistei”.	Then it shall be, when you hear the sound of the going in the tops of the mulberry trees, you shall go out to the war, for God has gone forth before you to strike the camp of the Philistines.
1CH 19:10	YELLOW	Y-anchor	volto|volto		1.69	Ioab vide che la guerra era contro di lui di fronte e di dietro, e scelse da tutto il fiore d'Israele e li schierò contro Aram.	Or come Joab vide che quelli eran pronti ad attaccarlo di fronte e alle spalle, scelse un corpo fra gli uomini migliori d’Israele, lo dispose in ordine di battaglia contro i Siri,	Joab saw that the battle was against him both in front and behind, so he chose from all the choice men of Israel and deployed them to face Aram.
1CH 20:1	YELLOW	Y-anchor	risposta		1.52	Avvenne al tempo del ritorno dell'anno, al tempo in cui i re escono, che Ioab condusse l'esercito delle truppe e devastò la terra dei figli di Ammon; venne e assediò Rabba, mentre Davide rimaneva a Gerusalemme. Ioab colpì Rabba e la distrusse.	Or avvenne che l’anno seguente nel tempo in cui i re sogliono andare alla guerra, Joab, alla testa di un poderoso esercito, andò a devastare il paese dei figliuoli di Ammon e ad assediare Rabba; ma Davide rimase a Gerusalemme. E Joab batté Rabba e la distrusse.	After the return of the year, at the time when kings go out, Joab led the army and destroyed the land of the Ammonites; he came and besieged Rabbah, while David remained in Jerusalem. Joab struck Rabbah and overthrew it.
1CH 23:3	YELLOW	Y-anchor	figlio		1.69	I Leviti furono contati dall'età di trent'anni in su, e il loro numero, per teste, come uomini, fu di trentottomila.	Fu fatto un censimento dei Leviti dall’età di trent’anni in su; e, contati testa per testa, uomo per uomo, il loro numero risultò di trentottomila.	The Levites were counted from the age of thirty years and upward, and their number by heads, as men, was thirty-eight thousand.
1CH 24:4	YELLOW	Y-anchor	padre|padre		1.91	I figli di Eleazar si trovarono essere molti, come capi degli uomini, rispetto ai figli di Itamar; e li divisero: per i figli di Eleazar, capi di case paterne, sedici; e per i figli di Itamar, secondo le loro case paterne, otto.	Tra i figliuoli di Eleazar si trovarono più capi di famiglie che tra i figliuoli d’Ithamar; e furon divisi così: per i figliuoli di Eleazar, sedici capi di famiglie patriarcali; per i figliuoli d’Ithamar, otto capi delle loro famiglie patriarcali.	The sons of Eleazar were found to be many in number among the leaders of the men, from the sons of Ithamar, and they divided them: for the sons of Eleazar, heads of fathers' houses, sixteen; and for the sons of Ithamar, according to their fathers' houses, eight.
1CH 26:30	YELLOW	Y-anchor	esercito		1.89	Degli Ebroniti, Casabia e i suoi fratelli, figli di valore, mille e settecento, sopra la visita d'Israele, dal lato del Giordano verso occidente, per tutto il lavoro dell'Eterno e per il servizio del re.	Fra gli Hebroniti, Hashabia e i suoi fratelli, uomini valorosi, in numero di millesettecento furono preposti alla sorveglianza d’Israele, di qua dal Giordano, a occidente, per tutti gli affari che concernevano l’Eterno, e per il servizio del re.	The Hebronites, Hashabiah and his kindred, mighty men, one thousand seven hundred, were appointed over the affairs of Israel beyond the Jordan westward, for all the work of the LORD and for the service of the king.
1CH 26:32	YELLOW	Y-anchor	esercito		1.68	E i suoi fratelli, figli di valore, duemilasettecento capi dei padri, il re Davide li costituì sopra i Rubeniti, i Gaditi e la metà della tribù dei Manassiti, per ogni parola di Dio e parola del re.	v’erano il capo Ieria e i suoi fratelli, uomini valorosi, in numero di duemila settecento capi di case patriarcali; e il re Davide affidò loro la sorveglianza dei Rubeniti, dei Gaditi, della mezza tribù di Manasse, per tutte le cose concernenti Dio e per tutti gli affari del re.	And his brothers, valiant men, two thousand seven hundred chief fathers, King David appointed over the Reubenites, the Gadites, and the half-tribe of Manasseh for every matter of God and the king's word.
1CH 26:7	YELLOW	Y-anchor	esercito		1.55	I figli di Semaia: Otni, Refael e Obed; Elzabad, loro fratello, figli di valore, Eliu e Semachia.	Figliuoli di Scemaia: Othni, Refael, Obed, Elzabad e i suoi fratelli, uomini valorosi, Elihu e Semachia.	The sons of Shemaiah: Othni, Rephael, and Obed; Elzabad their brother, and Elihu and Semachiah, mighty men.
1CH 26:9	YELLOW	Y-anchor	esercito		1.29	E a Meselemia, figli e fratelli, uomini valorosi, diciotto.	Mescelemia ebbe figliuoli e fratelli, uomini valenti, in numero di diciotto.	And to Meshelemiah [there were] sons and brothers, mighty men, eighteen.
1CH 29:5	YELLOW	Y-anchor	giorno		2.50	Per l'oro, per l'oro, e per l'argento, per l'argento, e per ogni lavoro per mano di artigiani; e chi si offre volontariamente oggi a riempire la sua mano per l'Eterno?	l’oro per ciò che dev’esser d’oro, l’argento per ciò che dev’esser d’argento, e per tutti i lavori da eseguirsi dagli artefici. Chi è disposto a fare oggi qualche offerta all’Eterno?”	For gold, for silver, and for every work by the hand of artificers; and who will dedicate his hand today to the LORD?
1CH 3:9	YELLOW	Y-anchor	solo		1.75	Tutti i figli di Davide, oltre ai figli delle concubine, e Tamar loro sorella.	Tutti questi furono i figliuoli di Davide, senza contare i figliuoli delle sue concubine. E Tamar era loro sorella.	All the sons of David, apart from the sons of the concubines and Tamar their sister.
1CH 4:7	YELLOW	Y-anchor	Zocar		1.60	I figli di Elea: Tseret, Tsohar e Etnan.	Questi sono i figliuoli di Naara. Figliuoli di Helea: Tsereth, Tsohar ed Ethnan.	The sons of Helah were Zereth, Izhar, and Ethnan.
1CH 8:40	YELLOW	Y-anchor	esercito		1.44	I figli di Ulam furono uomini valorosi, abili nell'arco, e ebbero molti figli e figli di figli, centocinquanta; tutti questi erano dei figli di Beniamino.	I figliuoli di Ulam furono uomini forti e valorosi, tiratori d’arco; ebbero molti figliuoli e nipoti: centocinquanta. Tutti questi furon discendenti di Beniamino.	The sons of Ulam were mighty men, archers, and had many sons and sons' sons, one hundred and fifty; all these were from the sons of Benjamin.
1CH 9:13	YELLOW	Y-anchor	esercito		1.71	E i loro fratelli, capi delle case dei loro padri, mille settecento sessanta, uomini valorosi per il lavoro del servizio della casa di Dio.	e i loro fratelli, capi delle rispettive case patriarcali: millesettecento sessanta, uomini valentissimi, occupati a compiere il servizio della casa di Dio.	And their brothers, heads of fathers' houses, one thousand seven hundred and sixty mighty men of valor, for the work of the service of the house of God.
1CH 9:20	YELLOW	Y-anchor	volto		1.89	Fineas figlio di Eleazar era principe su di loro in passato, e l'Eterno era con lui.	e Fineas, figliuolo di Eleazaro, era stato anticamente loro capo; e l’Eterno era con lui.	Phinehas son of Eleazar was their leader formerly, and the LORD was with him.
1KI 10:10	YELLOW	Y-anchor	moltitudine		1.48	E diede al re centoventi talenti d'oro, e aromi in grandissima abbondanza, e pietre preziose; non venne più tale abbondanza di aromi come quella che la regina di Sceba diede al re Salomone.	Poi ella donò al re centoventi talenti d’oro, grandissima quantità di aromi, e delle pietre preziose. Non furon mai più portati tanti aromi quanti ne diede la regina di Sceba al re Salomone.	And she gave the king one hundred and twenty talents of gold, and a very great abundance of spices, and precious stones; never again did such an abundance of spices come in great quantity as that which the queen of Sheba gave to king Solomon.
1KI 10:13	YELLOW	Y-anchor	solo		1.95	Il re Salomone diede alla regina di Sceba tutto il suo desiderio che aveva chiesto, oltre a ciò che le diede secondo la mano del re Salomone; poi ella si voltò e se ne andò alla sua terra, lei e i suoi servi.	Il re Salomone diede alla regina di Sceba tutto quel che essa bramò e chiese, oltre a quello ch’ei le donò con la sua munificenza sovrana. Poi ella si rimise in cammino, e coi suoi servi se ne tornò al suo paese.	And King Solomon gave to the queen of Sheba all her desire which she asked, besides what Solomon gave her according to the king's hand; and she turned and went to her land, she and her servants.
1KI 10:6	YELLOW	Y-anchor	verità		1.69	"Ella disse al re: ""Era vera la parola che ho udito nella mia terra riguardo alle tue parole e alla tua sapienza."""	E disse al re: “Quello che avevo sentito dire nel mio paese dei fatti tuoi e della tua sapienza era dunque vero.	"And she said to the king, ""The report that I heard in my land about your words and your wisdom was true."""
1KI 11:19	YELLOW	Y-anchor	donna|donna		1.67	Hadad trovò grande favore agli occhi del Faraone, e questi gli diede in moglie la sorella di sua moglie, la sorella di Tafni, la regina.	Hadad entrò talmente nelle grazie di Faraone, che questi gli diede per moglie la sorella della propria moglie, la sorella della regina Tahpenes.	Hadad found favour in the eyes of Pharaoh exceedingly, and he gave him a wife, the sister of Pharaoh's wife, the sister of Tahpenes the queen.
1KI 11:28	YELLOW	Y-anchor	esercito		1.50	L'uomo Geroboamo era un prode guerriero; e Salomone, vedendo il giovane che era attivo nel lavoro, lo costituì sopra tutto il peso della casa di Giuseppe.	Or Geroboamo era un uomo forte a valoroso; e Salomone, veduto come questo giovine lavorava, gli diede la sorveglianza di tutta la gente della casa di Giuseppe, comandata ai lavori.	And the man Jeroboam, a valiant man of strength, and Solomon saw the young man, that he was industrious in his work, and he appointed him to oversee all the burden of the house of Joseph.
1KI 12:10	YELLOW	Y-anchor	bambino		1.62	"I giovani che erano cresciuti con lui gli parlarono, dicendo: ""Così dirai a questo popolo che ti ha parlato, dicendo: 'Tuo padre ha reso pesante il nostro giogo, ma tu alleggeriscilo da noi'—così parlerai loro: 'Il mio mignolo è più grosso dei fianchi di mio padre.'"""	E i giovani ch’erano cresciuti con lui, gli parlarono così: “Ecco quel che dirai a questo popolo che s’è rivolto a te dicendo: Tuo padre ha reso pesante il nostro giogo, e tu ce lo allevia! Gli risponderai così: Il mio dito mignolo è più grosso del corpo di mio padre;	"The young men who had grown up with him spoke to him, saying, ""Thus you shall say to the people who have spoken to you, 'Your father made our yoke heavy; now you, lighten it from upon us'—thus you shall speak to them: 'My little finger is thicker than my father's loins.'"""
1KI 18:15	YELLOW	Y-anchor	giorno		1.83	"Elia disse: ""Com'è vero che l'Eterno degli eserciti vive, davanti al cui volto io sto, oggi mi mostrerò a lui."""	Ed Elia rispose: “Com’è vero che vive l’Eterno degli eserciti di cui son servo, oggi mi presenterò ad Achab”.	Elijah said, As the LORD of hosts lives, before whom I stand, today I will see him.
1KI 18:36	YELLOW	Y-anchor	giorno		1.88	"E avvenne che, mentre si offriva l'offerta, il profeta Elia si avvicinò e disse: ""O Eterno, Dio di Abramo, di Isacco e di Israele, oggi sia noto che tu sei Dio in Israele e che io sono tuo servo; per la tua parola ho fatto tutte queste cose."""	E sull’ora in cui si offriva l’oblazione, il profeta Elia si avvicinò e disse: “O Eterno, Dio d’Abrahamo, d’Isacco e d’Israele, fa’ che oggi si conosca che tu sei Dio in Israele, che io sono tuo servo, e che ho fatte tutte queste cose per ordine tuo.	When the gift was brought up, the prophet Elijah approached and said, the LORD God of Abraham, Isaac, and Israel, today let it be known that you are God in Israel and I am your servant; I have done all these deeds at your word.
1KI 18:42	YELLOW	Y-anchor	capo		1.80	Acab salì a mangiare e a bere; ed Elia salì sulla cima del Carmelo, si chinò a terra e pose il suo volto tra le sue ginocchia.	Ed Achab risalì per mangiare e bere; ma Elia salì in vetta al Carmel; e, gettatosi a terra, si mise la faccia tra le ginocchia,	Ahab went up to eat and to drink, and Elijah went up to the top of Carmel and bowed himself to the ground and put his face between his knees.
1KI 1:25	YELLOW	Y-anchor	giorno		2.04	"Poiché oggi è sceso e ha sacrificato un bue, un vitello grasso e pecore in moltitudine, e ha chiamato tutti i figli del re, i capi dell'esercito e Abiatar il sacerdote; ed ecco, essi mangiano e bevono davanti al suo volto, e hanno detto: ""Viva il re Adonìa!"""	Giacché oggi egli è sceso, ha immolato buoi, vitelli grassi, e pecore in gran numero, ed ha invitato tutti i figliuoli del re, i capi dell’esercito e il sacerdote Abiathar; ed ecco che mangiano e bevono davanti a lui, e dicono: Viva il re Adonija!	"When the day was descending, he sacrificed a bull and a fattened animal and sheep in abundance, and he summoned all the sons of the king and the commanders of the army and Abiathar the priest, and behold, they were eating and drinking before him, and they said, ""Long live King Adonijah!"""
1KI 1:48	YELLOW	Y-anchor	giorno		1.81	"E anche così disse il re: ""Benedetto sia l'Eterno, Dio d'Israele, che ha dato oggi uno che siede sul mio trono, e i miei occhi lo vedono."""	Benedetto sia l’Eterno, l’Iddio d’Israele, che m’ha dato oggi uno che segga sui mio trono, e m’ha permesso di vederlo coi miei propri occhi!”	And thus also said the king, Blessed be the LORD, God of Israel, who has given one to sit on the throne today while my eyes see it.
1KI 1:51	YELLOW	Y-anchor	giorno		1.50	"Fu riferito a Salomone, dicendo: ""Ecco, Adonìa teme il re Salomone; ed ecco, ha afferrato i corni dell'altare, dicendo: 'Mi giuri oggi il re Salomone che non farà morire il suo servo con la spada.'"""	E vennero a dire a Salomone: “Ecco, Adonija ha timore del re Salomone, ed ha impugnato i corni dell’altare, dicendo: Il re Salomone mi giuri oggi che non farà morir di spada il suo servo”.	"It was reported to Solomon, saying, ""Behold, Adonijah fears King Solomon, and indeed, he has seized the horns of the altar, saying, 'Let King Solomon swear to me today that he will not put his servant to death with the sword.'"""
1KI 20:13	YELLOW	Y-anchor	giorno		1.46	"Ed ecco, un profeta si avvicinò ad Acab, re d'Israele, e disse: ""Così dice l'Eterno: 'Hai visto tutta questa grande moltitudine? Ecco, io la do oggi nella tua mano, e saprai che io sono l'Eterno.'"""	Quand’ecco un profeta si accostò ad Achab, re d’Israele, e disse: “Così dice l’Eterno: Vedi tu questa gran moltitudine? Ecco, oggi io la darò in tuo potere, e tu saprai ch’io sono l’Eterno”.	And behold, a prophet approached Ahab king of Israel and said, Thus says the LORD, Have you seen all this great multitude? Behold, I will deliver it into your hand today, and you shall know that I am the LORD.
1KI 20:22	YELLOW	Y-anchor	risposta		1.57	"Il profeta si avvicinò al re d'Israele e gli disse: ""Va', fortificati, e sappi e vedi ciò che farai, perché al ritorno dell'anno il re di Aram salirà contro di te."""	Allora il profeta si avvicinò al re d’Israele, e gli disse: “Va’, rinforzati; considera bene quel che dovrai fare perché, di qui ad un anno, il re di Siria salirà contro di te”.	The prophet came near to the king of Israel and said to him, Go, strengthen yourself and know and see what you will do, for at the return of the year the king of Aram will come up against you.
1KI 20:26	YELLOW	Y-anchor	risposta		1.69	E avvenne al ritorno dell'anno, che Ben-Hadad passò in rassegna Aram, e salì ad Afek per la guerra contro Israele.	L’anno seguente Ben-Hadad fece la rassegna dei Siri, e salì verso Afek per combattere con Israele.	At the return of the year, Benhadad king of Aram marched against Aphek to fight against Israel.
1KI 21:13	YELLOW	Y-anchor	strada		1.80	"Vennero due uomini, figli di scellerati, e si sedettero di fronte a lui; e gli uomini scellerati testimoniarono contro Nabot davanti al popolo, dicendo: ""Nabot ha maledetto Dio e il re"". Poi lo condussero fuori dalla città, e lo lapidarono con pietre, ed egli morì."	i due scellerati, vennero a metterglisi a fronte; e questi scellerati deposero così contro di lui, dinanzi al popolo: “Naboth ha maledetto Iddio ed il re”. Per la qual cosa lo menarono fuori della città, lo lapidarono, sì ch’egli morì.	"Then came two men, sons of Belial, and sat opposite him; and the men of Belial brought false charges against Naboth before the people, saying, ""Naboth has cursed God and the king!"" So they took him out of the city, and stoned him with stones, and he died."
1KI 21:7	YELLOW	Y-anchor	donna		1.41	"Sua moglie Izebel gli disse: ""Tu ora eserciti il regno su Israele? Alzati, mangia del pane e il tuo cuore si rallegri; io ti darò la vigna di Nabot l'Izreelita."""	E Izebel, sua moglie, gli disse: “Sei tu, sì o no, che eserciti la sovranità sopra Israele? Alzati, prendi cibo, e sta’ di buon animo; la vigna di Naboth d’Izreel te la farò aver io”.	Then said Jezebel his wife to him, Do you now exercise kingship over Israel; arise, eat bread, and let your heart be merry: I will give you the vineyard of Naboth the Jezreelite.
1KI 21:8	YELLOW	Y-anchor	libro|libro|libro		1.76	Scrisse lettere in nome di Acab, le sigillò con il suo sigillo, e inviò le lettere agli anziani e ai notabili che erano nella sua città, che abitavano con Nabot.	E scrisse delle lettere a nome di Achab, le sigillò col sigillo di lui, e le mandò agli anziani ed ai notabili della città di Naboth che abitavano insieme con lui.	She wrote letters in the name of Ahab and sealed them with his seal, and sent them to the elders and the nobles who were in his city, the ones living with Naboth.
1KI 22:22	YELLOW	Y-anchor	volto		1.89	"E l'Eterno gli disse: ""Con che cosa?"" E disse: ""Uscirò e sarò uno spirito di falsità nella bocca di tutti i suoi profeti."" E disse: ""Tu lo sedurrai e anche riuscirai; esci e fa' così."""	L’Eterno gli disse: E come? Quegli rispose: Io uscirò, e sarò spirito di menzogna in bocca a tutti i suoi profeti. L’Eterno gli disse: Sì, riuscirai a sedurlo; esci, e fa’ così.	And the LORD said to him, How? And he said, I will go out and be a lying spirit in the mouth of all his prophets. And he said, You shall entice and also prevail; go out and do so.
1KI 22:39	YELLOW	Y-anchor	dente		1.65	Il resto delle parole di Acab e tutto ciò che fece, e la casa d'avorio che costruì, e tutte le città che edificò, non sono forse scritti nel libro delle parole dei giorni dei re d'Israele?	Or il resto delle azioni di Achab, tutto quello che fece, la casa d’avorio che costruì e tutte le città che edificò, tutto questo sta scritto nel libro delle Cronache dei re d’Israele.	And the rest of the acts of Ahab and all that he did and the ivory house that he built and all the cities that he built, are they not written in the book of the chronicles of the kings of Israel?
1KI 22:5	YELLOW	Y-anchor	giorno		1.27	"Giosafat disse al re d'Israele: ""Consulta, ti prego, oggi la parola dell'Eterno."""	E Giosafat disse al re d’Israele: “Ti prego, consulta oggi la parola dell’Eterno”.	"Jehoshaphat said to the king of Israel, ""Please inquire now of the word of the LORD."""
1KI 2:24	YELLOW	Y-anchor	giorno		1.80	Ora, come vive l'Eterno, che mi ha stabilito e mi ha fatto sedere sul trono di Davide mio padre, e che mi ha fatto una casa come aveva promesso, oggi Adonìa sarà messo a morte.	Ed ora, com’è vero che vive l’Eterno, il quale m’ha stabilito, m’ha fatto sedere sul trono di Davide mio padre, e m’ha fondato una casa come avea promesso, oggi Adonija sarà messo a morte!”	Now as surely as the LORD lives, who has established me on the throne of David my father and has made for me a house as he promised, today Adonijah shall be put to death.
1KI 3:12	YELLOW	Y-anchor	volto		2.06	Ecco, ho fatto secondo la tua parola; ecco, ti ho dato un cuore saggio e intelligente, tale che non c'è stato nessuno come te prima di te, e dopo di te non sorgerà nessuno come te.	ecco, io faccio secondo la tua parola; e ti do un cuor savio e intelligente, in guisa che nessuno è stato simile a te per lo innanzi, e nessuno sorgerà simile a te in appresso.	Behold I have done according to your word behold I have given to you a heart of wisdom and discernment such as you none has been before you and after you none will arise like you
1KI 4:23	YELLOW	Y-anchor	solo		1.57	Dieci buoi ingrassati, venti buoi da pascolo e cento pecore, oltre al cervo, alla gloria, al daino e al pollame d'allevamento.	in dieci bovi ingrassati, venti bovi di pastura e cento montoni, senza contare i cervi, le gazzelle, i daini e il pollame di stia.	Ten beeves of the herd, and twenty beeves of the pasture, and a hundred sheep, besides the hart and the roe and the fallow deer and fattened fowl.
1KI 5:16	YELLOW	Y-anchor	solo		1.47	Oltre ai capi degli ufficiali di Salomone, che erano sopra il lavoro, tremila trecento, che governavano il popolo che faceva il lavoro.	senza contare i capi, in numero di tremila trecento, preposti da Salomone ai lavori, e incaricati di dirigere gli operai.	Except the rulers who were over Solomon's work, three thousand and three hundred who ruled the people doing the work.
1KI 5:3	YELLOW	Y-anchor	mano		1.67	Tu conosci Davide mio padre, che non poté costruire una casa per il nome dell'Eterno, suo Dio, a causa del volto della guerra che lo circondò, finché l'Eterno non li ebbe posti sotto le piante dei suoi piedi.	“Tu sai che Davide, mio padre, non poté edificare una casa al nome dell’Eterno, del suo Dio, a motivo delle guerre nelle quali fu impegnato da tutte le parti, finché l’Eterno non gli ebbe posti i suoi nemici sotto la pianta de’ piedi.	You knew David my father, that he was not able to build a house for the name of the LORD his God because of the war which surrounded him, until the LORD had given them under the palms of his hands.
1KI 6:15	YELLOW	Y-anchor	lato|lato		1.90	E costruì i muri della casa dall'interno con assi di cedro, dal pavimento della casa fino ai muri del soffitto; rivestì di legno d'albero l'interno della casa, e coprì il pavimento della casa con assi di cipresso.	ne rivestì le pareti interne di tavole di cedro, dal pavimento sino alla travatura del tetto; rivestì così di legno l’interno, e coperse il pavimento della casa di tavole di cipresso.	He built the temple walls inside with cedar planks from the floor of the temple up to the ceiling walls; he paneled the temple with wood and overlaid the temple floor with fir planks.
1KI 6:29	YELLOW	Y-anchor	muro		2.21	E tutte le pareti della casa, tutto il giro, egli scolpì con incisioni di intagli di cherubini e di palme e di fiori aperti, dal volto interno fino al volto esterno.	E fece ornare tutte le pareti della casa, all’intorno, tanto all’interno quanto all’esterno, di sculture di cherubini, di palme e di fiori sbocciati.	And all the walls of the house were surrounded with carved figures of cherubs, palm trees, and blossoms, on the inner and outer parts.
1KI 6:6	YELLOW	Y-anchor	strada		1.74	Il letto inferiore era largo cinque cubiti, il letto di mezzo sei cubiti di larghezza, e il terzo sette cubiti di larghezza; poiché egli diede delle sporgenze alla casa intorno, all'esterno, per non far presa sui muri della casa.	Il piano inferiore era largo cinque cubiti; quello di mezzo sei cubiti, e il terzo sette cubiti; perch’egli avea fatto delle sporgenze tutt’intorno ai muri esterni della casa, affinché le travi non fossero incastrate nei muri della casa.	The lower chamber was five cubits wide, the middle chamber six cubits wide, and the upper chamber seven cubits wide; for he made narrowed rests around the house on the outside, so that they would not hold to the walls of the house.
1KI 7:16	YELLOW	Y-anchor	capo		1.58	E fece due capitelli, per metterli sulle cime delle colonne, fusi in rame; cinque cubiti era l'altezza del primo capitello, e cinque cubiti era l'altezza del secondo capitello.	E fuse due capitelli di rame, per metterli in cima alle colonne; l’uno avea cinque cubiti d’altezza, e l’altro cinque cubiti d’altezza.	And he made two chapiters to set upon the tops of the pillars, cast in brass; five cubits was the height of the one chapiter, and five cubits was the height of the second chapiter.
1KI 7:31	YELLOW	Y-anchor	metà		2.15	La sua bocca, dalla casa del capitello in su, era di un cubito; e la sua bocca era rotonda, opera di base, di un cubito e mezzo; e anche sulla sua bocca c'erano intagli, e le loro cornici erano quadrate, non rotonde.	Al coronamento della base, nell’interno, c’era un’apertura in cui s’adattava il bacino; essa avea un cubito d’altezza, era rotonda, della forma d’una base di colonna, e aveva un cubito e mezzo di diametro; anche lì v’erano delle sculture; i riquadri erano quadrati e non circolari.	Its mouth from the house of the chapiter and upward was one cubit, and the mouth of it round, work of a base, a cubit and a half; and also upon its mouth were carvings, and their borders square, not round.
1KI 9:11	YELLOW	Y-anchor	albero|albero		1.59	Iram, re di Tiro, aveva portato a Salomone legno di cedro e legno di cipresso e oro, secondo tutto il suo desiderio; allora il re Salomone diede a Iram venti città nella terra della Galilea.	siccome Hiram, re di Tiro, avea fornito a Salomone legname di cedro e di cipresso, e oro, a piacere di lui, il re Salomone diede a Hiram venti città nel paese di Galilea.	Hiram king of Tyre went up to help Solomon with cedar wood and pine wood and gold for all his desire; then King Solomon gave to Hiram twenty cities in the land of Galilee.
1KI 9:8	YELLOW	Y-anchor	tutto		1.53	"E questa casa sarà eccelsa; chiunque passerà vicino ad essa resterà attonito e fischierà, e diranno: ""Perché l'Eterno ha fatto così a questa terra e a questa casa?"""	E questa casa, per quanto sia così in alto, sarà desolata; e chiunque le passerà vicino rimarrà stupefatto e si metterà a fischiare; e si dirà: Perché l’Eterno ha egli trattato in tal guisa questo paese e questa casa? e si risponderà:	"And this temple shall be exalted; everyone passing by it shall be appalled and shall whistle, and they shall say, ""Why has the Lord done thus to this land and to this temple?"""
1SA 10:19	YELLOW	Y-anchor	giorno		2.08	"E voi oggi avete rigettato il vostro Dio, che è il salvatore per voi da tutti i vostri mali e dalle vostre angosce, e gli avete detto: ""Metti un re su di noi"". Ora dunque, presentatevi davanti al volto dell'Eterno, per le vostre tribù e per le vostre migliaia."	Ma oggi voi rigettate l’Iddio vostro che vi salvò da tutti i vostri mali e da tutte le vostre tribolazioni, e gli dite: Stabilisci su di noi un re! Or dunque presentatevi nel cospetto dell’Eterno per tribù e per migliaia”.	"But today you are rejecting your God, who delivers you from all your evils and your distresses, and you have said to him, ""Set a king over us!"" Now therefore, take your stand before the LORD by your tribes and your thousands."
1SA 10:2	YELLOW	Y-anchor	giorno		1.81	"Mentre oggi te ne vai da me, troverai due uomini presso la sepoltura di Rachele, nel confine di Beniamino, a Tseltsah; e ti diranno: ""Le asine che sei andato a cercare sono state trovate; ed ecco, tuo padre ha lasciato le parole delle asine ed è in ansia per voi, dicendo: Che farò per mio figlio?"""	Oggi, quando tu sarai partito da me, troverai due uomini presso al sepolcro di Rachele, ai confini di Beniamino, a Tseltsah, i quali ti diranno: Le asine delle quali andavi in cerca, sono trovate; ed ecco tuo padre non è più in pensiero per le asine, ma è in pena per voi, e va dicendo: Che farò io riguardo al mio figliuolo?	When you go today from me, you will meet two men by Rachel's burial at the border of Benjamin in Zelzah, and they will say to you, The donkeys that you went to seek have been found, and now your father has abandoned the matter of the donkeys and is anxious for you, saying, What shall I do for my son?
1SA 11:11	YELLOW	Y-anchor	indomani		1.44	Il giorno seguente, Saul dispose il popolo in tre capi, ed essi entrarono in mezzo all'accampamento alla veglia della mattina, e colpirono Ammon fino al calore del giorno; e i superstiti furono dispersi, e non rimasero due insieme.	Il giorno seguente, Saul divise il popolo in tre schiere, che penetrarono nel campo degli Ammoniti in su la vigilia del mattino, e li batterono fino alle ore calde del giorno. Quelli che scamparono furon dispersi in guisa che non ne rimasero due assieme.	And it came to pass on the morrow that Saul set the folk in three bands and they came into the midst of the camp in the morning watch and smote the Ammonites until the heat of the day and it came to pass that those who remained were scattered and there remained not two together.
1SA 12:17	YELLOW	Y-anchor	giorno		1.86	Non è forse oggi il raccolto del grano? Io chiamerò l'Eterno, ed egli darà voci di tuono e pioggia; e sappiate e vedete che grande è il male che avete fatto agli occhi dell'Eterno, chiedendo per voi un re.	Non siamo al tempo della mèsse del grano? Io invocherò l’Eterno, ed egli manderà tuoni e pioggia affinché sappiate e veggiate quanto è grande agli occhi dell’Eterno il male che avete fatto chiedendo per voi un re”.	Is not the harvest of wheat today? I will call to the LORD, and he will send thunder and rain; and know and see that your great evil which you have done in the eyes of the LORD is to ask for yourselves a king.
1SA 14:28	YELLOW	Y-anchor	giorno		1.56	"Un uomo del popolo rispose e disse: ""Tuo padre ha fatto giurare solennemente il popolo, dicendo: 'Maledetto l'uomo che mangerà pane oggi'"", e il popolo era sfinito."	Uno del popolo, rivolgendosi a lui, gli disse: “Tuo padre ha espressamente fatto fare al popolo questo giuramento: Maledetto l’uomo che toccherà oggi cibo; e il popolo è estenuato”.	"A certain man from the people answered and said, ""Your father made the people swear, saying, 'Cursed be the man who eats bread today,'"" and the people were faint."
1SA 14:30	YELLOW	Y-anchor	giorno		1.65	Anzi, se pure il popolo avesse oggi mangiato del bottino dei suoi nemici che ha trovato, poiché ora non sarebbe stata così grande la piaga tra i Filistei.	Ah, se il popolo avesse oggi mangiato a sua voglia del bottino che ha trovato presso i nemici! Non si sarebb’egli fatto una più grande strage de’ Filistei?”	Indeed, if only the people had eaten today from the spoil of their enemies which they found, for now the slaughter would not have been so great among the Philistines.
1SA 14:33	YELLOW	Y-anchor	giorno		1.71	"Riferirono a Saul, dicendo: ""Ecco, il popolo pecca contro l'Eterno mangiando con il sangue."" Ed egli disse: ""Avete agito con infedeltà; rotolate oggi a me una grande pietra."""	E questo fu riferito a Saul e gli fu detto: “Ecco, il popolo pecca contro l’Eterno, mangiando carne col sangue”. Ed egli disse: “Voi avete commesso un’infedeltà; rotolate subito qua presso di me una gran pietra”.	"They told Saul, saying, ""Behold, the people are sinning against the LORD by eating with the blood."" And he said, ""You have broken faith; roll to me today a great stone."""
1SA 14:38	YELLOW	Y-anchor	giorno		1.50	"Saul disse: ""Avvicinatevi qui, tutti gli angoli del popolo, e sappiate e vedete in che cosa sia stato questo peccato oggi."""	E Saul disse: “Accostatevi qua, voi tutti capi del popolo, riconoscete e vedete in che consista il peccato commesso quest’oggi!	"Saul said, ""Come here, all you chief men of the people, and know and see how this sin has arisen today."""
1SA 14:7	YELLOW	Y-anchor	vaso		1.62	"Il suo scudiero gli disse: ""Fa' tutto ciò che è nel tuo cuore; volgiti, eccomi con te, secondo il tuo cuore."""	Il suo scudiero gli rispose: “Fa, tutto quello che ti sta nel cuore; va’ pure; ecco, io son teco dove il cuor ti mena”.	"And his armour-bearer said to him, ""Do all that is in your heart; turn, behold, I am with you according to your heart."""
1SA 15:28	YELLOW	Y-anchor	giorno		1.86	"Samuele gli disse: ""L'Eterno ha strappato oggi da te il regno d'Israele, e lo ha dato al tuo prossimo, che è migliore di te."""	Allora Samuele gli disse: “L’Eterno strappa oggi d’addosso a te il regno d’Israele, e lo dà ad un altro, ch’è migliore di te.	"And Samuel said to him, ""The LORD has torn the kingdom of Israel from you this day and given it to your fellow who is better than you."""
1SA 15:8	YELLOW	Y-anchor	bocca		1.33	Catturò Agag, re di Amalek, vivo, e tutto il popolo lo sterminò a fil di spada.	E prese vivo Agag, re degli Amalekiti, e votò allo sterminio tutto il popolo, passandolo a fil di spada.	He took Agag king of Amalek alive, and all the people he utterly destroyed with the edge of the sword.
1SA 17:23	YELLOW	Y-anchor	uomo|esercito		1.78	Mentre egli parlava con loro, ecco salire il campione, Golia il Filisteo, di Gat, il cui nome era tale, dallo schieramento dei Filistei, e parlò secondo quelle parole, e Davide le udì.	Or mentr’egli parlava con loro, ecco avanzarsi di tra le file de’ Filistei quel campione, quel Filisteo di Gath, di nome Goliath, e ripetere le solite parole; e Davide le udì.	And he was speaking with them when, behold, the champion Goliath the Philistine from Gath, his name, came up from the army of the Philistines and spoke according to these words, and David heard him.
1SA 17:7	YELLOW	Y-anchor	albero		2.36	La freccia della sua lancia era come l'asta dei tessitori, e la fiamma della sua lancia pesava seicento sicli di ferro, e colui che portava lo scudo camminava davanti al suo volto.	L’asta della sua lancia era come un subbio di tessitore; la punta della lancia pesava seicento sicli di ferro, e colui che portava la sua targa lo precedeva.	His spear was like a weaver's beam, and the head of his spear weighed six hundred shekels of iron, and he who bore the shield went before him.
1SA 18:10	YELLOW	Y-anchor	indomani		2.11	Il giorno seguente, uno spirito malvagio da parte di Dio si abbatté su Saul, ed egli profetizzò in mezzo alla casa, mentre Davide suonava con la sua mano come negli altri giorni, e la lancia era nella mano di Saul.	Il giorno dopo, un cattivo spirito, suscitato da Dio, s’impossessò di Saul che era come fuori di sé in mezzo alla casa, mentre Davide sonava l’arpa, come solea fare tutti i giorni. Saul aveva in mano la sua lancia;	And it came to pass on the morrow that an evil spirit from God came mightily upon Saul, and he prophesied in the midst of the court, and David played with his hand as at other times, and the javelin was in Saul's hand.
1SA 18:17	YELLOW	Y-anchor	esercito		1.57	"Saul disse a Davide: ""Ecco, mia figlia maggiore, Merab, te la darò per donna; soltanto sii per me un figlio valoroso e combatti le guerre dell'Eterno."" Ma Saul pensava: ""La mia mano non sia contro di lui, ma sia contro di lui la mano dei Filistei."""	Saul disse a Davide: “Ecco Merab, la mia figliuola maggiore; io te la darò per moglie; solo siimi valente, e combatti le battaglie dell’Eterno”. Or Saul diceva tra sé: “Non sia la mia mano che lo colpisca, ma sia la mano de’ Filistei”.	"Saul said to David, ""Here is my daughter the elder, Merab; her I will give to you as wife, only be to me a valiant son and fight the wars of the LORD."" But Saul said, ""Let not my hand be against him, but let the hand of the Philistines be against him."""
1SA 18:19	YELLOW	Y-anchor	donna		1.69	E avvenne che al tempo di dare Merab, figlia di Saul, a Davide, ella fu data in moglie ad Adriel il Mecolatita.	Or avvenne che, quando Merab figliuola di Saul doveva esser data a Davide, fu invece sposata ad Adriel di Mehola.	After Merab the daughter of Saul was given to David, she was given to Adriel the Mecholathite as wife.
1SA 18:21	YELLOW	Y-anchor	giorno		1.74	"Saul disse: ""Gliela darò, e sarà per lui un laccio, e la mano dei Filistei sarà contro di lui."" Poi Saul disse a Davide: ""Oggi diventerai mio genero con duecento prepuzi dei Filistei."""	E Saul disse: “Gliela darò, perché sia per lui un’insidia ed egli cada sotto la mano de’ Filistei”. Saul dunque disse a Davide: “Oggi, per la seconda volta, tu puoi diventar mio genero”.	"Saul said, ""I will give her to him, and she will be a trap for him, and by her the hand of the Philistines will be against him."" Then Saul said to David, ""Today you shall be son-in-law to me with two hundred foreskins of the Philistines."""
1SA 18:30	YELLOW	Y-anchor	sufficienza		2.07	I capi dei Filistei uscirono, e avvenne che, ogni volta che uscivano, Davide riusciva più saggio di tutti i servi di Saul, e il suo nome divenne molto illustre.	Or i principi de’ Filistei uscivano a combattere; e ogni volta che uscivano, Davide riusciva meglio di tutti i servi di Saul, in guisa che il suo nome divenne molto famoso.	The captains of the Philistines went out, and it came to pass, as often as David went out, he was more prudent than all the servants of Saul, and his fame was greatly increased.
1SA 19:2	YELLOW	Y-anchor	mattina		1.60	"Giònata riferì a Davide, dicendo: ""Saul, mio padre, cerca di ucciderti; ora dunque, sta' in guardia domattina, e rimani nel luogo segreto e nasconditi."""	informò Davide della cosa e gli disse: “Saul, mio padre, cerca di farti morire; or dunque, ti prego, sta’ in guardia domattina, tienti in luogo segreto e nasconditi.	"Jonathan told David, saying, ""Saul my father seeks to kill you; now therefore, please be on guard in the morning, and sit in hiding and conceal yourself."""
1SA 1:20	YELLOW	Y-anchor	giorno		1.79	"E avvenne che alla fine dell'anno Anna concepì e partorì un figlio, e chiamò il suo nome Samuele, perché: ""Dall'Eterno l'ho chiesto""."	Nel corso dell’anno, Anna concepì e partorì un figliuolo, al quale pose nome Samuele, “perché”, disse, “l’ho chiesto all’Eterno”.	And it came to be at the end of days that Hannah conceived and bore a son, and she called his name Samuel, saying, For from the LORD I have asked him.
1SA 1:7	YELLOW	Y-anchor	sufficienza		1.92	E così faceva egli anno dopo anno, ogni volta che ella saliva alla casa dell'Eterno, così la provocava; ed ella piangeva e non mangiava.	Così avveniva ogni anno; ogni volta che Anna saliva alla casa dell’Eterno, Peninna la mortificava a quel modo; ond’ella piangeva e non mangiava più.	And thus he did year by year, whenever she went up to the house of the LORD, so he provoked her to bitterness, and she wept and would not eat.
1SA 20:41	YELLOW	Y-anchor	ira		2.26	Il giovane arrivò, e Davide si alzò dal lato del mezzogiorno, e cadde con la faccia a terra e si prostrò tre volte; e si baciarono l'uno l'altro, uomo con il suo prossimo, e piansero l'uno con l'altro, uomo con il suo prossimo, finché Davide crebbe nel pianto.	E come il ragazzo se ne fu andato, Davide si levò di dietro il mucchio di pietre, si gettò con la faccia a terra, e si prostrò tre volte; poi i due si baciarono l’un l’altro e piansero assieme; Davide soprattutto diè in pianto dirotto.	The lad came, and David rose from beside the south, and fell on his face to the ground and prostrated himself three times, and each man kissed his companion, and each man wept for his companion, until David made great.
1SA 21:6	YELLOW	Y-anchor	calore		1.81	Il sacerdote gli diede del pane santo, perché non c'era là pane se non il pane del volto, che era stato tolto dalla presenza dell'Eterno, per mettere pane caldo nel giorno in cui era stato rimosso.	Il sacerdote gli diè dunque del pane consacrato perché non v’era quivi altro pane tranne quello della presentazione, ch’era stato tolto d’innanzi all’Eterno, per mettervi invece del pan caldo nel momento in cui si toglieva l’altro.	The priest gave him holy food because there was no bread there except the bread of the Presence that had been removed from before the LORD, to set out hot bread on the day it was taken up.
1SA 22:15	YELLOW	Y-anchor	giorno		1.76	Oggi ho cominciato a consultare Dio per lui? Lungi da me! Non metta il re alcuna parola contro il suo servo, né contro tutta la casa di mio padre, perché il tuo servo non sapeva nulla di tutto questo, né piccola né grande parola.	Ho io forse cominciato oggi a consultare Iddio per lui? Lungi da me il pensiero di tradirti! Non imputi il re nulla di simile al suo servo o a tutta la famiglia di mio padre; perché il tuo servo non sa cosa alcuna, piccola o grande, di tutto questo”.	Is this the first time I have inquired of God for him? Far be it from me! Let not the king impute any matter to your servant throughout all the house of my father, for your servant knew nothing of this, neither small nor great.
1SA 22:19	YELLOW	Y-anchor	bocca|bocca		1.67	E colpì Nob, la città dei sacerdoti, con il filo della spada: da uomo a donna, da bambino a lattante, e bue, asino e pecora, con il filo della spada.	E Saul mise pure a fil di spada Nob, la città de’ sacerdoti, uomini, donne, fanciulli, bambini di latte, buoi, asini e pecore: tutto mise a fil di spada.	And Nob, the city of the priests, he struck with the edge of the sword, from man to woman, from infant to suckling, and ox, and donkey, and sheep, with the edge of the sword.
1SA 24:18	YELLOW	Y-anchor	giorno		1.60	Oggi hai dichiarato il bene che hai fatto con me, che l'Eterno mi aveva consegnato nella tua mano e non mi hai ucciso.	Tu hai mostrato oggi la bontà con la quale ti conduci verso di me; poiché l’Eterno m’avea dato nelle tue mani, e tu non m’hai ucciso.	You have shown today the good you did to me, that the LORD delivered me into your hand and you did not kill me.
1SA 25:10	YELLOW	Y-anchor	giorno		1.78	"Nabal rispose ai servi di Davide e disse: ""Chi è Davide e chi è il figlio di Iesse? Oggi vi sono molti servi che fuggono, ciascun uomo dal volto del suo signore."""	Ma Nabal rispose ai servi di Davide, dicendo: “Chi è Davide? E chi e il figliuolo d’Isai? Sono molti, oggi, i servi che scappano dai loro padroni;	"Nabal answered David's servants and said, ""Who is David and who is the son of Jesse? Today there are many servants fleeing each man from his master."""
1SA 25:18	YELLOW	Y-anchor	saltèro		1.67	Abigail si affrettò e prese duecento pani, due otri di vino, cinque pecore preparate, cinque misure di grano abbrustolito, cento grappoli di uva secca e duecento masse di fichi secchi, e li caricò sugli asini.	Allora Abigail prese in fretta duecento pani, due otri di vino, cinque montoni allestiti, cinque misure di grano arrostito, cento picce d’uva secca e duecento masse di fichi, e caricò ogni cosa su degli asini.	And Abigal hurried and took two hundred loaves of bread and two bottles of wine and five sheep and five measures of parched corn and a hundred bunches of raisins and two hundred cakes of figs and placed them upon the asses.
1SA 25:33	YELLOW	Y-anchor	giorno		2.15	Benedetto sia il tuo giudizio, e benedetta sei tu, che oggi mi hai impedito di venire a spargere sangue e di liberare la mia mano per me stesso.	E sia benedetto il tuo senno, e benedetta sii tu che m’hai oggi impedito di spargere del sangue e di farmi giustizia con le mie proprie mani!	And blessed be your advice and blessed are you, who today have kept me from entering into bloodguiltiness and preserved my hand from doing violence to me.
1SA 25:7	YELLOW	Y-anchor	giorno		1.62	E ora ho udito che hai dei tosatori; ora, i pastori che erano con noi non li abbiamo insultati, e nulla è stato loro rimproverato in tutto il tempo che sono stati al Carmelo.	Ho saputo che tu hai i tosatori; ora, i tuoi pastori sono stati con noi, e noi non abbiam fatto loro alcun oltraggio, e nulla è stato loro portato via per tutto il tempo che sono stati a Carmel.	Now I have heard that you have sheared those who were yours; the shepherds who were with us did not shame us, nor was there any fault found with them all the time they were at Carmel.
1SA 26:19	YELLOW	Y-anchor	giorno		1.69	"Ora ascolti pure il mio signore, il re, le parole del suo servo: se l'Eterno ti ha incitato contro di me, accetti un'offerta; ma se sono i figli degli uomini, maledetti siano essi davanti al volto dell'Eterno, perché mi hanno scacciato oggi dall'eredità dell'Eterno, dicendo: ""Va', servi altri dèi."""	Ora dunque, si degni il re, mio signore, d’ascoltare le parole dei suo servo. Se è l’Eterno quegli che t’incita contro di me, accetti egli un’oblazione! Ma se son gli uomini, siano essi maledetti dinanzi all’Eterno, poiché m’hanno oggi cacciato per separarmi dall’eredità dell’Eterno, dicendomi: Va’ a servir a degli dèi stranieri!	"Now please hear, my lord the king, the words of your servant: if the LORD has incited you against me, may He accept an offering; but if it is the sons of men, accursed be they before the LORD, for they have driven me out today from joining the inheritance of the LORD, saying, ""Go, serve other gods."""
1SA 26:23	YELLOW	Y-anchor	giorno		2.06	L'Eterno renderà a ciascun uomo la sua giustizia e la sua fedeltà, poiché l'Eterno ti aveva consegnato oggi nella mia mano, ma io non ho voluto stendere la mia mano contro l'unto dell'Eterno.	L’Eterno retribuirà ciascuno secondo la sua giustizia e la sua fedeltà; giacché l’Eterno t’avea dato oggi nelle mie mani, e io non ho voluto metter le mani addosso all’unto dell’Eterno.	And the LORD will return to the man his righteousness and his faithfulness, which the LORD gave you today into your hand, and I was not willing to stretch out my hand against the anointed of the LORD.
1SA 26:24	YELLOW	Y-anchor	giorno		1.93	Ecco, come la tua anima è stata grande oggi ai miei occhi, così sia grande la mia anima agli occhi dell'Eterno, ed egli mi liberi da ogni angoscia.	E come preziosa è stata oggi la tua vita agli occhi miei, così preziosa sarà la vita mia agli occhi dell’Eterno; ed egli mi libererà da ogni tribolazione”.	And behold, as your soul has grown today in my eyes, so may my soul grow in the eyes of the LORD, and may he deliver me from every trouble.
1SA 26:3	YELLOW	Y-anchor	volto		1.68	Saul si accampò sulla collina di Achila, che è di fronte al deserto, lungo la via; e Davide dimorava nel deserto, e vide che Saul era venuto dietro a lui nel deserto.	E Saul si accampò sulla collina di Hakila ch’è dirimpetto al deserto, presso la strada. E Davide, che stava nel deserto, avendo inteso che Saul veniva nel deserto per cercarlo,	Saul encamped at the hill of Hachilah, which is opposite the wilderness by the way, and David remained in the wilderness; and David saw that Saul had come after him into the wilderness.
1SA 26:8	YELLOW	Y-anchor	giorno		1.90	"Abisai disse a Davide: ""Oggi Dio ha chiuso il tuo nemico nella tua mano; ora lascia che lo colpisca con la lancia e lo conficchi in terra in una sola volta, e non lo farò una seconda volta."""	Allora Abishai disse a Davide: “Oggi Iddio t’ha messo il tuo nemico nelle mani; or lascia, ti prego, ch’io lo colpisca con la lancia e lo inchiodi in terra con un sol colpo; e non ci sarà bisogno d’un secondo”.	"Abishai said to David, ""God has delivered your enemy into your hand today; now let me strike him once with the javelin to the ground, and I will not do it a second time."""
1SA 27:10	YELLOW	Y-anchor	giorno		1.69	"Disse Akis: ""Non avete fatto un'incursione oggi?"" E Davide rispose: ""Contro il mezzogiorno di Giuda, contro il mezzogiorno degli Ieracmeeliti e contro il mezzogiorno dei Cheniti."""	Akis domandava: “Dove avete fatto la scorreria quest’oggi?” E Davide rispondeva: “Verso il mezzogiorno di Giuda, verso il mezzogiorno degli Jerahmeeliti e verso il mezzogiorno dei Kenei”.	Achish said, Do not act foolishly today; and David said, Against the south of Judah, and against the south of the Jerahmeelites, and against the south of the Kenite.
1SA 28:20	YELLOW	Y-anchor	pienezza		1.70	Saul si affrettò e cadde a terra per tutta la sua altezza, e temette grandemente per le parole di Samuele; inoltre non c'era forza in lui, perché non aveva mangiato pane tutto il giorno e tutta la notte.	Allora Saul cadde subitamente lungo disteso per terra, perché spaventato dalle parole di Samuele; ed era inoltre senza forza, giacché non avea preso cibo tutto quel giorno e tutta quella notte.	Saul quickly fell full length to the ground and was greatly afraid because of the words of Samuel, and there was no strength in him because he had eaten no bread all day and all night.
1SA 2:19	YELLOW	Y-anchor	giorno|giorno|uomo|giorno		1.38	Sua madre gli faceva un piccolo manto e glielo portava ogni anno, quando saliva con suo marito per offrire il sacrificio annuale.	Sua madre gli faceva ogni anno una piccola tonaca, e gliela portava quando saliva con suo marito ad offrire il sacrifizio annuale.	And a coat shall make for him his mother, and she shall bring it to him from day to day, when she comes up with her husband to offer the sacrifice of the days.
1SA 31:12	YELLOW	Y-anchor	esercito		1.64	Tutti gli uomini valorosi si alzarono e camminarono tutta la notte, e presero il cadavere di Saul e i cadaveri dei suoi figli dal muro di Bet-Sean, e vennero a Iabes, e li bruciarono là.	tutti gli uomini valorosi si levarono, camminarono tutta la notte, tolsero dalle mura di Beth-Shan il cadavere di Saul e i cadaveri dei suoi figliuoli, tornarono a Jabes, e quivi li bruciarono.	And every warrior rose up and went all the night and took the corpse of Saul and the corpses of his sons from the wall of Beth-shan and came to Jabesh and burned them there.
1SA 31:4	YELLOW	Y-anchor	vaso|vaso		1.54	"Saul disse al suo scudiero: ""Sfodera la tua spada e trafiggimi con essa, affinché questi incirconcisi non vengano, mi trafiggano e mi facciano oltraggio."" Ma il suo scudiero non volle, perché temeva grandemente. Allora Saul prese la spada e vi si gettò sopra."	Saul disse al suo scudiero: “Sfodera la spada, e trafiggimi, affinché questi incirconcisi non vengano a trafiggermi ed a farmi oltraggio”. Ma lo scudiero non volle farlo, perch’era còlto da gran paura. Allora Saul prese la propria spada e vi si gettò sopra.	"Saul said to his armour-bearer, ""Draw your sword and thrust me through with it, lest these uncircumcised come and thrust me through and abuse me."" But the armour-bearer was unwilling, for he feared greatly. So Saul took the sword and fell upon it."
1SA 31:5	YELLOW	Y-anchor	vaso		1.46	Il suo scudiero, vedendo che Saul era morto, si gettò anch'egli sulla sua spada e morì con lui.	Lo scudiero di Saul, vedendolo morto, si gettò anch’egli sulla propria spada, e morì con lui.	And the armour-bearer saw that Saul was dead, and he fell likewise upon his sword and died with him.
1SA 31:6	YELLOW	Y-anchor	vaso		2.00	Così morirono Saul, i suoi tre figli, il portatore delle sue armi, e anche tutti i suoi uomini, in quello stesso giorno, tutti insieme.	Così, in quel giorno, morirono insieme Saul, i suoi tre figliuoli, il suo scudiero e tutta la sua gente.	Saul died and his three sons and the bearer of his weapons and all his men on that day together.
1SA 3:11	YELLOW	Y-anchor	tutto		1.53	"L'Eterno disse a Samuele: ""Ecco, io faccio una parola in Israele, tale che a chiunque la udrà, entrambe le sue orecchie tinteranno."""	Allora l’Eterno disse a Samuele: “Ecco, io sto per fare in Israele una cosa tale che chi l’udrà ne avrà intronati ambedue gli orecchi.	And Jehovah said to Samuel, Behold, I am doing an act in Israel, such that whoever hears it, both his ears will tingle.
1SA 4:13	YELLOW	Y-anchor	mano		1.52	Egli giunse, ed ecco Eli sedeva sul trono lungo la via, osservando, perché il suo cuore tremava per l'arca di Dio; e l'uomo venne per annunciare nella città, e tutta la città gridò.	Al suo arrivo, ecco che Eli stava sull’orlo della strada, seduto sul suo seggio, aspettando ansiosamente, perché gli tremava il cuore per l’arca di Dio. E come quell’uomo entrò nella città portando la nuova, un grido si levò da tutta la città.	Then he came, and Eli was sitting upon the throne by the way, for his heart trembled for the ark of God; and the man came to tell in the city, and all the city cried out.
1SA 4:15	YELLOW	Y-anchor	figlio		1.40	Eli aveva novantotto anni, e i suoi occhi erano offuscati, e non poteva vedere.	Or Eli avea novantott’anni; la vista gli era venuta meno, sicché non potea vedere.	And Eli was ninety-eight years old, and his eyes were fixed so that he could not see.
1SA 4:16	YELLOW	Y-anchor	giorno|parola		1.56	"L'uomo disse a Eli: ""Io sono colui che è venuto dallo schieramento, e oggi sono fuggito dallo schieramento."" Ed Eli disse: ""Che cosa è accaduto, figlio mio?"""	Quell’uomo gli disse: “Son io che vengo dal campo di battaglia e che ne son fuggito oggi”. Ed Eli disse: “Com’è andata la cosa, figliuol mio?”	And the man said to Eli, I am the one who came from the army, and I escaped from the army today; and Eli said, What was the matter, my son?
1SA 4:3	YELLOW	Y-anchor	giorno		1.84	"Il popolo venne all'accampamento, e gli anziani d'Israele dissero: ""Perché l'Eterno ci ha colpiti oggi davanti ai Filistei? Prendiamo con noi da Silo l'arca del patto dell'Eterno, affinché venga in mezzo a noi e ci salvi dalla mano dei nostri nemici."""	Quando il popolo fu tornato nell’accampamento, gli anziani d’Israele dissero: “Perché l’Eterno ci ha egli oggi sconfitti davanti ai Filistei? Andiamo a prendere a Sciloh l’arca del patto dell’Eterno, e venga essa in mezzo a noi e ci salvi dalle mani de’ nostri nemici!”	The folk came into the camp and the elders of Israel said, Why has the LORD struck us today before the Philistines? Let us bring to ourselves from Shiloh the ark of the covenant of the LORD, that it may come among us and save us from the power of our enemies.
1SA 6:18	YELLOW	Y-anchor	fortezza|riscatto		1.79	E i topi d'oro, secondo il numero di tutte le città dei Filistei appartenenti ai cinque principi, dalla città fortificata fino al villaggio degli abitanti delle campagne, e fino ad Abel la grande, sulla quale posero l'arca dell'Eterno, fino a questo giorno, nel campo di Giosuè il Bet-Semesita.	E de’ topi d’oro ne offriron tanti quante erano le città dei Filistei appartenenti ai cinque principi, dalle città murate ai villaggi di campagna che si estendono fino alla gran pietra sulla quale fu posata l’arca dell’Eterno, e che sussiste anche al dì d’oggi nel campo di Giosuè, il Beth-scemita.	And five golden mice, according to the number of all the cities of the Philistines belonging to the five lords, from the fortified city to the unwalled village, as far as Abel the great, where they set down the ark of the LORD, to this day, in the field of Joshua the Bethshemite.
1SA 9:12	YELLOW	Y-anchor	giorno|giorno		1.76	"Ed esse risposero loro e dissero: ""Sì, eccolo davanti al tuo volto; affrettati ora, perché oggi è venuto in città, poiché il popolo ha oggi un sacrificio nell'alto luogo."""	Quelle risposer loro, dicendo: “Sì, c’è; è là dove sei diretto; ma va’ presto, giacché è venuto oggi in città, perché oggi il popolo fa un sacrifizio sull’alto luogo.	"They answered them and said, ""Yes, look, here it is before you—hurry now, for the day has come when the sacrifice of the day is for the people at the city's high place."""
1SA 9:19	YELLOW	Y-anchor	giorno		1.95	"Samuele rispose a Saul e disse: ""Io sono il veggente; sali davanti a me all'alto luogo, e mangerete con me oggi; e domani mattina ti lascerò andare, e tutto ciò che è nel tuo cuore te lo dichiarerò."""	E Samuele rispose a Saul: “Sono io il veggente. Sali davanti a me all’alto luogo, e mangerete oggi con me; poi domattina ti lascerò partire, e ti dirò tutto quello che hai nel cuore.	Samuel answered Saul and said, I am the seer; go up before me to the high place, and you shall eat with me today; and in the morning I will send you away, and all that is in your heart I will tell you.
1SA 9:27	YELLOW	Y-anchor	giorno		1.70	"Stavano scendendo all'estremità della città, e Samuele disse a Saul: ""Di' al giovane che passi davanti a noi"", e quello passò; ma tu fermati oggi, e ti farò udire la parola di Dio."	Quando furon discesi all’estremità della città, Samuele disse a Saul: “Di’ al servo che passi, e vada innanzi a noi (e il servo passò); ma tu adesso fermati, ed io ti farò udire la parola di Dio”.	"They are going to the edge of the city, and Samuel said to Saul, ""Tell the servant to go on ahead of us."" So he went on ahead, but you stand still for a while, and I will tell you the word of God."
1SA 9:9	YELLOW	Y-anchor	volto|giorno|volto		1.61	"Nei tempi passati in Israele, così diceva l'uomo quando andava a cercare Dio: ""Venite, andiamo dal veggente"", perché colui che oggi è chiamato profeta, anticamente era chiamato veggente."	(Anticamente, in Israele, quand’uno andava a consultare Iddio, diceva: “Venite, andiamo dal Veggente!” poiché colui che oggi si chiama Profeta, anticamente si chiamava Veggente).	"In earlier times in Israel, when someone went to inquire of God, they would say, ""Come, let us go to the seer,"" for the prophet of today was formerly called the seer."
2CH 10:10	YELLOW	Y-anchor	bambino		1.64	"I giovani che erano cresciuti con lui gli parlarono, dicendo: ""Così dirai al popolo che ti ha parlato, dicendo: 'Tuo padre ha reso pesante il nostro giogo, ma tu alleggeriscilo da noi' — così dirai loro: 'Il mio mignolo è più grosso dei fianchi di mio padre.'"""	E i giovani ch’eran cresciuti con lui gli parlarono così: “Ecco quel che dirai a questo popolo che s’è rivolto a te dicendo: Tuo padre ha reso pesante il nostro giogo, e tu ce lo allevia! Gli risponderai così: Il mio dito mignolo è più grosso del corpo di mio padre;	"The boys who had grown up with him spoke to him, saying, ""Thus you shall say to the people who spoke to you, saying, 'Your father made heavy our yoke; now you, lighten it from upon us'—thus you shall say to them, 'My little finger is thicker than my father's loins.'"""
2CH 10:6	YELLOW	Y-anchor	volto		1.57	"Il re Roboamo si consigliò con gli anziani che erano stati al servizio di Salomone suo padre mentre era ancora in vita, dicendo: ""Come consigliate di rispondere a questo popolo con una parola?"""	Il re Roboamo si consigliò coi vecchi ch’erano stati al servizio del re Salomone suo padre mentre era vivo, e disse: “Che mi consigliate voi di rispondere a questo popolo?”	"Then King Rehoboam consulted the elders who had attended his father Solomon during his lifetime, saying, ""How do you advise me to answer this people's word?"""
2CH 13:9	YELLOW	Y-anchor	tutto		1.81	Non avete forse scacciato i sacerdoti dell'Eterno, i figli di Aronne e i Leviti, e vi siete fatti sacerdoti come i popoli delle terre: chiunque venga a riempire la sua mano con un giovenco, figlio di bue, e sette montoni, diventa sacerdote di ciò che non è Dio.	Non avete voi cacciati i sacerdoti dell’Eterno, i figliuoli d’Aaronne ed i Leviti? e non vi siete voi fatti de’ sacerdoti al modo de’ popoli d’altri paesi? Chiunque è venuto con un giovenco e con sette montoni per esser consacrato, e diventato sacerdote di quelli che non sono dèi.	Have you not rejected the priests of the LORD, the sons of Aaron and the Levites, and made for yourselves priests like the peoples of the lands, anyone who comes to fill his hand with a young bull and seven rams, and becomes a priest to gods that are no gods?
2CH 17:14	YELLOW	Y-anchor	visita		1.87	E questi erano i loro registri secondo le case dei loro padri: per Giuda, capi di migliaia, Adna il capo, e con lui uomini valorosi dell'esercito, trecentomila.	Eccone il censimento secondo le loro case patriarcali. Di Giuda: capi di migliaia: Adna, il capo, con trecentomila uomini forti e valorosi;	And these are their accounts according to the houses of their fathers: for Judah, captains of thousands, Adnah the ruler, and with him mighty men of valor, three hundred thousand.
2CH 17:15	YELLOW	Y-anchor	mano		1.38	E al suo lato, Giovanan il capo, e con lui duecentottantamila.	dopo di lui, Johanan, il capo, con duecento ottantamila uomini;	And Jehohanan the captain was with him, and two hundred and eighty thousand.
2CH 17:16	YELLOW	Y-anchor	mano		1.92	E al suo fianco Amasia, figlio di Zicri, che si era offerto volontariamente all'Eterno, e con lui duecentomila uomini valorosi dell'esercito.	dopo questo, Amasia, figliuolo di Zicri, il quale s’era volontariamente consacrato all’Eterno, con duecentomila uomini forti e valorosi.	And over him was Amasiah son of Zichri, who volunteered to the LORD, and with him two hundred thousand mighty men of valour.
2CH 17:18	YELLOW	Y-anchor	mano		1.44	E al suo fianco Iozabàd, e con lui centottantamila pronti per l'esercito.	e, dopo di lui, Jozabad con centottantamila uomini pronti per la guerra.	and Jehozabad by his side, and with him one hundred and eighty thousand men of the army.
2CH 17:19	YELLOW	Y-anchor	solo		1.83	Questi erano coloro che servivano il re, oltre a quelli che il re aveva posto nelle città di fortezza in tutto Giuda.	Tutti questi erano al servizio del re, senza contare quelli ch’egli avea collocati nelle città fortificate, in tutto il paese di Giuda.	These were the ones who served the king besides what the king gave in the fortified cities throughout all Judah.
2CH 18:2	YELLOW	Y-anchor	fine		1.80	Dopo alcuni anni scese da Acab a Samaria; e Acab sacrificò per lui pecore e buoi in gran moltitudine, e per il popolo che era con lui; e lo persuase a salire contro Ramot di Galaad.	In capo a qualche anno, scese a Samaria da Achab; e Achab fece uccidere per lui e per la gente ch’era con lui un gran numero di pecore e di buoi, e lo indusse a salir seco contro Ramoth di Galaad.	After some years he went down to Ahab at Samaria, and Ahab sacrificed sheep and cattle in abundance for him and for the people who were with him, and he persuaded him to go up to Ramoth-gilead.
2CH 18:4	YELLOW	Y-anchor	giorno		1.27	"Giosafat disse al re d'Israele: ""Consulta, ti prego, oggi la parola dell'Eterno."""	E Giosafat disse al re d’Israele: “Ti prego, consulta oggi la parola dell’Eterno”.	"Jehoshaphat said to the king of Israel, ""Please consult today the word of the LORD."""
2CH 1:12	YELLOW	Y-anchor	volto		1.80	La sapienza e l'intelligenza ti sono date, e ricchezza e beni e gloria ti darò, come non vi fu per i re che furono prima di te, e dopo di te non vi sarà tale.	la saviezza e l’intelligenza ti sono concesse; e, oltre a questo, ti darò ricchezze, beni e gloria, come non n’ebbero mai re che t’han preceduto, e come non ne avrà mai alcuno dei tuoi successori”.	Wisdom and knowledge are given to you, and I will give you riches and wealth and honour such as has not been for the kings before you, and after you there will not be such.
2CH 20:25	YELLOW	Y-anchor	oracolo		1.88	Giosafat e il suo popolo vennero a prendere il loro bottino, e trovarono in essi una grande moltitudine, beni, cadaveri e vasi di oggetti preziosi; e ne fecero bottino per sé fino a non averne più da portare, e furono tre giorni a spogliare il bottino, perché era grande.	Allora Giosafat e la sua gente andarono a far bottino delle loro spoglie; e fra i cadaveri trovarono abbondanza di ricchezze, di vesti e di oggetti preziosi; e se ne appropriarono più che ne potessero portare; tre giorni misero a portar via il bottino, tant’era copioso.	Jehoshaphat and his folk came to strip the spoil and found among them abundance and riches and dead bodies and desirable vessels, and they stripped for themselves to the point of no burden, and they were three days taking the spoil because it was so great.
2CH 21:19	YELLOW	Y-anchor	ventre		1.86	E avvenne che, passando i giorni, al tempo della fine dei due anni, le sue viscere uscirono con la sua malattia, e morì in malattie gravi; e il suo popolo non gli fece un bruciamento come il bruciamento dei suoi padri.	E, con l’andar del tempo, verso la fine del secondo anno, gl’intestini gli venner fuori, in seguito alla malattia; e morì in mezzo ad atroci sofferenze; e il suo popolo non bruciò profumi in onore di lui, come avea fatto per i suoi padri.	And it came to pass, as time passed, that at the end of two years his bowels came out because of his sickness, and he died in grievous diseases, and his people did not make for him a burning as the burning of his fathers.
2CH 21:20	YELLOW	Y-anchor	figlio		1.67	Aveva trentadue anni quando cominciò a regnare, e regnò otto anni in Gerusalemme; e camminò senza desiderio, e lo seppellirono nella città di Davide, ma non nei sepolcri dei re.	Aveva trentadue anni quando cominciò a regnare, e regnò otto anni in Gerusalemme. Se ne andò senza esser rimpianto, e fu sepolto nella città di Davide, ma non nei sepolcri dei re.	He was thirty-two years old when he began to reign, and he reigned eight years in Jerusalem, and he walked without desire, and they buried him in the city of David, but not in the burying places of the kings.
2CH 21:5	YELLOW	Y-anchor	figlio		1.40	Ioram aveva trentadue anni quando cominciò a regnare, e regnò otto anni in Gerusalemme.	Jehoram avea trentadue anni quando cominciò a regnare, e regnò otto anni in Gerusalemme.	Jehoram was thirty-two years old when he became king, and he reigned eight years in Jerusalem.
2CH 23:19	YELLOW	Y-anchor	tutto		1.55	I portinai stavano alle porte della casa dell'Eterno, e nessun impuro poteva entrare per alcuna parola.	E collocò i portinai alle porte della casa dell’Eterno, affinché nessuno v’entrasse che fosse impuro per qualsivoglia ragione.	The doorkeepers stood at the gates of the house of the LORD, and no one unclean was allowed to enter for any matter.
2CH 24:1	YELLOW	Y-anchor	figlio		1.71	Ioas aveva sette anni quando cominciò a regnare, e regnò quarant'anni in Gerusalemme; e il nome di sua madre era Zibia, da Bersabea.	Joas avea sette anni quando cominciò a regnare, e regnò quarant’anni a Gerusalemme. Sua madre si chiamava Tsibia da Beer-Sceba.	Joash was seven years old when he began to reign, and he reigned forty years in Jerusalem, and his mother's name was Zibiah of Beer-shebah.
2CH 24:24	YELLOW	Y-anchor	moltitudine		1.73	Poiché con un piccolo numero di uomini venne l'esercito di Aram, e l'Eterno diede nelle loro mani un esercito molto numeroso, perché avevano abbandonato l'Eterno, il Dio dei loro padri; e fecero giudizi contro Ioas.	E benché l’esercito de’ Siri fosse venuto con piccolo numero d’uomini, pure l’Eterno die’ loro nelle mani un esercito grandissimo, perché quelli aveano abbandonato l’Eterno, l’Iddio dei loro padri. Così i Siri fecero giustizia di Joas.	Although few men came from Syria, the LORD delivered a great army into their hand because they had forsaken the LORD, the God of their fathers; and they executed judgments against Joash.
2CH 25:1	YELLOW	Y-anchor	figlio		1.60	Amasia aveva venticinque anni quando cominciò a regnare, e regnò ventinove anni in Gerusalemme; e il nome di sua madre era Ieoaddàn, da Gerusalemme.	Amatsia aveva venticinque anni quando cominciò a regnare, e regnò ventinove anni a Gerusalemme. Sua madre si chiamava Jehoaddan, da Gerusalemme.	Amaziah was twenty-five years old when he began to reign, and he reigned twenty-nine years in Jerusalem, and the name of his mother was Jehoaddan of Jerusalem.
2CH 25:18	YELLOW	Y-anchor	spina|spina		1.58	"Allora Ioas, re d'Israele, mandò ad Amasia, re di Giuda, a dire: ""Il cardo che è nel Libano mandò al cedro che è nel Libano, dicendo: 'Da' tua figlia a mio figlio per donna'. Ma la vita del campo che è nel Libano passò e calpestò il cardo."""	E Joas, re d’Israele, fece dire ad Amatsia, re di Giuda: “Lo spino del Libano mandò a dire al cedro del Libano: Da’ la tua figliuola per moglie al mio figliuolo. Ma le bestie selvagge del Libano passarono, e calpestarono lo spino.	Then Joash king of Israel sent to Amaziah king of Judah, saying, The bramble that is in Lebanon sent to the cedar that is in Lebanon, saying, Give your daughter to my son for a wife; but the wild beast that is in Lebanon passed by and trampled the bramble.
2CH 26:12	YELLOW	Y-anchor	tutto		1.56	Il numero totale dei capi dei padri, uomini valorosi dell'esercito, era duemila seicento.	Il numero totale dei capi delle case patriarcali, degli uomini forti e valorosi, era di duemila seicento.	All the number of the heads of fathers, mighty men of valor, two thousand six hundred.
2CH 26:3	YELLOW	Y-anchor	figlio		1.50	Uzzia aveva sedici anni quando cominciò a regnare, e regnò cinquantadue anni in Gerusalemme; e il nome di sua madre era Iecolia, da Gerusalemme.	Uzzia avea sedici anni quando cominciò a regnare, e regnò cinquantadue anni a Gerusalemme. Sua madre si chiamava Jecolia, ed era di Gerusalemme.	Uzziah was sixteen years old when he began to reign, and he reigned fifty-two years in Jerusalem, and the name of his mother was Jecholiah of Jerusalem.
2CH 27:8	YELLOW	Y-anchor	figlio		1.18	Aveva venticinque anni quando cominciò a regnare, e regnò sedici anni in Gerusalemme.	Avea venticinque anni quando cominciò a regnare, e regnò sedici anni a Gerusalemme.	He was twenty-five years old when he began to reign, and he reigned sixteen years in Jerusalem.
2CH 28:1	YELLOW	Y-anchor	figlio		1.71	Acaz aveva vent'anni quando cominciò a regnare, e regnò sedici anni in Gerusalemme; e non fece ciò che è retto agli occhi dell'Eterno, come Davide suo padre.	Achaz avea vent’anni quando cominciò a regnare, e regnò sedici anni a Gerusalemme. Egli non fece ciò ch’è giusto agli occhi dell’Eterno, come avea fatto Davide suo padre;	Ahaz was twenty years old when he began to reign, and he reigned sixteen years in Jerusalem, and he did not do what was right in the eyes of the LORD like David his father.
2CH 29:28	YELLOW	Y-anchor	assemblea		1.91	E tutto il popolo si prostrava, e il canto risuonava, e le trombe suonavano; tutto continuò finché l'olocausto fu completato.	E tutta la raunanza si prostrò, e i cantori cominciarono a cantare e le trombe a sonare; e tutto questo continuò sino alla fine dell’olocausto.	And all the assembly prostrating, and the singers singing, and the trumpets sounding, all until the completion of the burnt offering.
2CH 31:16	YELLOW	Y-anchor	solo		2.35	Oltre a essere registrati tra i maschi, dal figlio di tre anni in su, per tutti quelli che entrano nella casa dell'Eterno, secondo la parola di ogni giorno, per il loro servizio, nelle loro custodie, secondo le loro divisioni.	eccettuati i maschi ch’erano registrati nelle loro genealogie dall’età di tre anni in su, cioè tutti quelli che entravano giornalmente nella casa dell’Eterno per fare il loro servizio secondo le loro funzioni e secondo le loro classi.	apart from being enrolled among males from the age of three years and upward, for all who come to the house of the LORD, to perform duties day by day, according to their divisions in their courses.
2CH 31:17	YELLOW	Y-anchor	padre		2.33	E i sacerdoti secondo le loro case paterne, e i Levita dal figlio di vent'anni anni in su, secondo le loro custodie e secondo le loro divisioni.	(La registrazione dei sacerdoti si faceva secondo le loro case patriarcali, e quella dei Leviti dall’età di vent’anni in su, secondo le loro funzioni e secondo le loro classi.)	and the priests according to their ancestral houses and the Levites from twenty years of age and upward, by their divisions in their courses.
2CH 32:15	YELLOW	Y-anchor	tutto|tutto		1.53	Ora dunque, non vi inganni Ezechia e non vi seduca in questo modo, e non credetegli; poiché nessun dio di alcuna nazione o regno ha potuto liberare il suo popolo dalla mia mano e dalla mano dei miei padri; quanto meno i vostri dèi vi libereranno dalla mia mano.	Or dunque Ezechia non v’inganni e non vi seduca in questa maniera; non gli prestate fede! Poiché nessun dio d’alcuna nazione o d’alcun regno ha potuto liberare il suo popolo dalla mia mano o dalla mano de’ miei padri; quanto meno potrà l’Iddio vostro liberar voi dalla mia mano!”	Now therefore do not let Hezekiah deceive you or mislead you thus, and do not believe him, for no god of any nation or kingdom has been able to deliver his people from my hand or from the hand of my ancestors; how much less will your gods deliver you from my hand?
2CH 32:17	YELLOW	Y-anchor	libro		1.92	"Scrisse anche lettere per oltraggiare l'Eterno, Dio d'Israele, e per parlare contro di lui, dicendo: ""Come gli dèi delle nazioni delle terre non hanno liberato il loro popolo dalla mia mano, così il Dio di Ezechia non libererà il suo popolo dalla mia mano."""	Sennacherib scrisse pure delle lettere, insultando l’Eterno, l’Iddio d’Israele, e parlano contro di lui, in questi termini: “Come gli dèi delle nazioni degli altri paesi non han potuto liberare i loro popoli dalla mia mano, così neanche l’Iddio d’Ezechia potrà liberare dalla mia mano il popolo suo”.	"And he wrote letters to taunt the LORD God of Israel, and to speak against him, saying, ""Just as the gods of the nations of the lands have not delivered their people from my hand, so too the God of Hezekiah will not deliver his people from my hand."""
2CH 32:3	YELLOW	Y-anchor	occhio|strada		2.17	Egli prese consiglio con i suoi capi e i suoi prodi per chiudere le acque delle sorgenti che erano fuori della città, ed essi lo aiutarono.	deliberò coi suoi capi e con i suoi uomini valorosi di turar le sorgenti d’acqua ch’eran fuori della città; ed essi gli prestarono aiuto.	And he took counsel with his captains and his mighty men to stop the waters of the fountains which were outside the city, and they helped him.
2CH 32:5	YELLOW	Y-anchor	strada		1.76	Si fortificò e ricostruì tutto il muro che era stato abbattuto, e lo innalzò sulle torri, e un altro muro all'esterno, e fortificò il Millo della città di Davide, e fece dardi in moltitudine e scudi.	Ezechia prese animo, ricostruì tutte le mura dov’erano rotte, rialzò le torri, costruì l’altro muro di fuori, fortificò Millo nella città di Davide, e fece fare gran quantità d’armi e di scudi.	He strengthened himself and built up all the broken wall and raised it up to the towers, and another wall outside, and strengthened the Millo, the city of David, and made darts in abundance and shields.
2CH 33:21	YELLOW	Y-anchor	figlio		1.40	Amon aveva ventidue anni quando cominciò a regnare, e regnò due anni in Gerusalemme.	Amon avea ventidue anni quando cominciò a regnare, e regnò due anni a Gerusalemme.	Amon was twenty-two years old when he began to reign, and he reigned two years in Jerusalem.
2CH 34:1	YELLOW	Y-anchor	figlio		1.40	Giosia aveva otto anni quando cominciò a regnare, e regnò trentun anni in Gerusalemme.	Giosia aveva otto anni quando cominciò a regnare, e regnò trentun anni a Gerusalemme.	Josiah was eight years of age when he began to reign, and he reigned thirty-one years in Jerusalem.
2CH 35:21	YELLOW	Y-anchor	giorno		1.78	"Mandò messaggeri a lui, dicendo: ""Che ho io a che fare con te, re di Giuda? Non contro di te oggi, ma contro la casa della mia guerra; e Dio mi ha comandato di affrettarmi. Cessa di opporti a Dio, che è con me, affinché non ti distrugga."""	Ma Neco gl’inviò dei messi per dirgli: “Che v’è egli fra me e te, o re di Giuda? Io non salgo oggi contro di te, ma contro una casa con la quale sono in guerra; e Dio m’ha comandato di far presto; bada dunque di non opporti a Dio, il quale è meco, affinch’egli non ti distrugga”.	He sent ambassadors to him, saying, What have I to do with you, king of Judah? I am not against you today, but against the house of my war; and God has commanded me to hurry. Cease from opposing God, who is with me, so that he does not destroy you.
2CH 36:10	YELLOW	Y-anchor	risposta		1.74	E al ritorno dell'anno, il re Nabucodònosor mandò e lo portò a Babilonia con i vasi del desiderio della casa dell'Eterno, e fece regnare Sedecia suo fratello su Giuda e Gerusalemme.	L’anno seguente il re Nebucadnetsar mandò a prenderlo, lo fece menare a Babilonia con gli utensili preziosi della casa dell’Eterno, e fece re di Giuda e di Gerusalemme Sedekia, fratello di Joiakin.	And at the return of the year king Nebuchadnezzar sent and brought him to Babylon, with the vessels of the precious things of the house of the LORD, and he made his brother Zedekiah king over Judah and Jerusalem.
2CH 36:11	YELLOW	Y-anchor	figlio		1.27	Sedecia aveva ventun anni quando cominciò a regnare, e regnò undici anni in Gerusalemme.	Sedekia avea ventun anni quando cominciò a regnare, e regnò a Gerusalemme undici anni.	Zedekiah was twenty-one years old when he became king, and he reigned eleven years in Jerusalem.
2CH 36:5	YELLOW	Y-anchor	figlio		1.62	Ioiakìm aveva venticinque anni quando cominciò a regnare, e regnò undici anni in Gerusalemme; e fece ciò che è male agli occhi dell'Eterno, suo Dio.	Joiakim avea venticinque anni quando cominciò a regnare; regnò undici anni a Gerusalemme, e fece ciò ch’è male agli occhi dell’Eterno, il suo Dio.	Jehoiakim was twenty-five years old when he began to reign, and he reigned eleven years in Jerusalem, and he did evil in the sight of the LORD his God.
2CH 6:37	YELLOW	Y-anchor	cuore		2.06	"e se rientrano in sé nella terra dove sono stati condotti prigionieri, e si convertono e ti supplicano nella terra del loro prigioniero, dicendo: ""Abbiamo peccato, abbiamo agito perversamente e abbiamo agito empiamente"","	se, nel paese dove saranno schiavi, rientrano in se stessi, se tornano a te e ti rivolgono supplicazioni nel paese del loro servaggio, e dicono: Abbiam peccato, abbiamo operato iniquamente, siamo stati malvagi,	and they bethink themselves in the land where they were carried captive, and they return and make supplication to you in the land of their captivity, saying, We have sinned, we have done perversely, we have acted wickedly.
2CH 7:21	YELLOW	Y-anchor	tutto		1.61	"E questa casa, che era eccelsa, sarà una desolazione per chiunque vi passi accanto; e dirà: ""Perché l'Eterno ha fatto così a questa terra e a questa casa?"""	Chiunque passerà vicino a questa casa, già così eccelsa, stupirà e dirà: Perché l’Eterno ha egli trattato in tal guisa questo paese e questa casa?	"And this temple that was exalted, everyone passing by it will be appalled, and will say, ""Why has the LORD done thus to this land and to this temple?"""
2CH 8:18	YELLOW	Y-anchor	mano		1.52	Uram gli inviò per mezzo dei suoi servi navi e servi esperti del mare, ed essi andarono con i servi di Salomone a Ofir, e presero da là quattrocentocinquanta talenti d'oro, e li portarono al re Salomone.	E Huram, per mezzo della sua gente, gli mandò delle navi e degli uomini che conoscevano il mare; i quali andaron con la gente di Salomone ad Ofir, vi presero quattrocentocinquanta talenti d’oro, e li portarono al re Salomone.	Huram sent him by the hands of his servants ships and servants skilled with the sea, and they came with the servants of Solomon to Ophir, and they took from there four hundred and fifty talents of gold, and brought it to King Solomon.
2CH 9:10	YELLOW	Y-anchor	Uram		1.79	Anche i servi di Iram e i servi di Salomone, che avevano portato oro da Ofir, portarono alberi di legno di algum e pietre preziose.	(I servi di Huram e i servi di Salomone che portavano oro da Ofir, portavano anche del legno di sandalo e delle pietre preziose;	And also the servants of Hiram and the servants of Solomon who brought gold from Ophir brought algum trees and precious stones.
2CH 9:12	YELLOW	Y-anchor	solo		2.00	Il re Salomone diede alla regina di Sceba tutto il suo desiderio che aveva chiesto, oltre a ciò che ella aveva portato al re; poi ella si voltò e se ne andò nella sua terra, lei e i suoi servi.	Il re Salomone diede alla regina di Sceba tutto quello ch’essa bramò e chiese, oltre all’equivalente di quello ch’essa avea portato al re. Poi ella si rimise in cammino, e coi suoi servi se ne tornò al suo paese.	And King Solomon gave the queen of Sheba all her desires which she asked, besides what she had brought to the king; and she turned and went to her land, she and her servants.
2CH 9:18	YELLOW	Y-anchor	mano|mano		1.83	Il trono aveva sei gradini, e uno sgabello d'oro attaccato al trono, con braccioli da un lato e dall'altro sul luogo del seggio, e due leoni che stavano accanto ai braccioli.	Questo trono aveva sei gradini e una predella d’oro connessi col trono; v’erano dei bracci da un lato e dall’altro del seggio, due leoni stavano presso i bracci,	And six steps to the throne, and a golden footstool for the throne, with armrests on either side of the place of the seat, and two lions standing beside the armrests.
2KI 10:2	YELLOW	Y-anchor	libro|fortezza		2.43	Ora, quando questa lettera vi sarà giunta, e con voi vi siano i figli del vostro signore, e con voi vi siano i carri e i cavalli, e una città fortificata e le armi,	“Subito che avrete ricevuto questa lettera, giacché avete con voi i figliuoli del vostro signore e avete a vostra disposizione carri e cavalli, nonché una città fortificata e delle armi,	And now, when this bill comes to you, and with you the sons of your masters, and with you the chariot and the horses, and a fortified city and the weapons,
2KI 10:7	YELLOW	Y-anchor	libro		1.61	Quando la lettera giunse a loro, presero i figli del re e sgozzarono settanta uomini, e misero i loro capi nelle caldaie, e li inviarono a lui a Izreel.	E come questi ebbero ricevuta la lettera, presero i figliuoli del re, li scannarono tutti e settanta; poi misero le loro teste in ceste, e le mandarono a Jehu a Izreel.	When the letter came to them, they took the sons of the king and slaughtered seventy men, and they put their heads in the baskets and sent them to him at Jezreel.
2KI 11:21	YELLOW	Y-anchor	figlio		1.60	Ioas aveva sette anni quando cominciò a regnare.	Joas avea sette anni quando cominciò a regnare.	Jehoash was seven years old when he began to reign.
2KI 12:11	YELLOW	Y-anchor	albero		2.00	E diedero l'argento pesato nelle mani di quelli che facevano il lavoro, i sovrintendenti della casa dell'Eterno, e lo portarono fuori agli artigiani del legno e ai costruttori che lavoravano alla casa dell'Eterno.	Poi rimettevano il danaro così pesato nelle mani dei direttori preposti ai lavori della casa dell’Eterno, i quali ne pagavano i legnaiuoli e i costruttori che lavoravano alla casa dell’Eterno,	And they gave the consecrated money to the workers of the work of the house of the LORD, and they brought it out to the carpenters of the wood and to the masons doing the work of the house of the LORD.
2KI 12:13	YELLOW	Y-anchor	tutto		1.65	Soltanto, non si faranno per la casa dell'Eterno soglie d'argento, forbici, coppe, trombe, né alcun vaso d'oro o vaso d'argento, dal denaro che viene portato nella casa dell'Eterno.	Ma col danaro ch’era portato alla casa dell’Eterno non si fecero, per la casa dell’Eterno, né coppe d’argento, né smoccolatoi, né bacini, né trombe, né alcun altro utensile d’oro o d’argento;	Only silver and gold vessels, basins, snuffers, sprinkling bowls, and trumpets shall not be made for the temple of the LORD from the silver brought into the temple of the LORD.
2KI 14:2	YELLOW	Y-anchor	figlio		1.44	Aveva venticinque anni quando cominciò a regnare, e regnò ventinove anni in Gerusalemme; e il nome di sua madre era Ieoaddàn, da Gerusalemme.	Avea venticinque anni quando cominciò a regnare, e regnò ventinove anni a Gerusalemme. Sua madre si chiamava Jehoaddan, ed era di Gerusalemme.	He was twenty-five years old when he began to reign, and he reigned for twenty-nine years in Jerusalem, and the name of his mother was Jehoaddan of Jerusalem.
2KI 15:2	YELLOW	Y-anchor	figlio		1.53	Aveva sedici anni quando cominciò a regnare, e regnò cinquantadue anni in Gerusalemme; e il nome di sua madre era Iecolia, da Gerusalemme.	Avea sedici anni quando cominciò a regnare, e regnò cinquantadue anni a Gerusalemme. Sua madre si chiamava Jecolia, ed era di Gerusalemme.	He was sixteen years old when he began to reign, and he reigned fifty-two years in Jerusalem, and the name of his mother was Jecholiah of Jerusalem.
2KI 16:2	YELLOW	Y-anchor	figlio		1.72	Acaz aveva vent'anni quando cominciò a regnare, e regnò sedici anni in Gerusalemme; e non fece ciò che è retto agli occhi dell'Eterno, suo Dio, come Davide suo padre.	Achaz avea venti anni quando cominciò a regnare, e regnò sedici anni a Gerusalemme. Egli non fece ciò ch’è giusto agli occhi dell’Eterno, il suo Dio, come avea fatto Davide suo padre;	Ahaz was twenty years old when he began to reign, and he reigned sixteen years in Jerusalem; and he did not do what was right in the eyes of the LORD his God like David his father.
2KI 17:9	YELLOW	Y-anchor	fortezza		1.70	I figli d'Israele nascosero parole che non erano rette riguardo all'Eterno, il loro Dio, e si costruirono alti luoghi in tutte le loro città, dalla torre delle sentinelle fino alla città fortificata.	I figliuoli d’Israele aveano fatto, in segreto, contro l’Eterno, il loro Dio, delle cose non rette; s’erano costruiti degli alti luoghi in tutte le loro città, dalle torri de’ guardiani alle città fortificate;	The sons of Israel committed acts that were not right before the LORD their God, and they built for themselves high places in every one of their cities, from the tower of the watchmen to the fortified city.
2KI 18:33	YELLOW	Y-anchor	uomo		1.70	Hanno forse gli dèi delle nazioni liberato ciascuno la propria terra dalla mano del re d'Assiria?	Ha qualcuno degli dèi delle genti liberato il proprio paese dalle mani del re d’Assiria?	Has any of the gods of the nations ever delivered his land from the hand of the king of Assyria?
2KI 18:8	YELLOW	Y-anchor	fortezza		1.46	Egli colpì i Filistei fino a Gaza e ai suoi confini, dalla torre delle sentinelle fino alla città fortificata.	sconfisse i Filistei fino a Gaza, e ne devastò il territorio, dalle torri dei guardiani alle città fortificate.	He struck the Philistine as far as Gaza and its borders, from the tower of the watchmen to the fortified city.
2KI 19:22	YELLOW	Y-anchor	altezza		1.71	Chi hai insultato e bestemmiato, e contro chi hai alzato la voce e levato in alto i tuoi occhi? Contro il Santo d'Israele.	Chi hai tu insultato ed oltraggiato? Contro chi hai tu alzata la voce e levati in alto gli occhi tuoi? Contro il Santo d’Israele!	Whom have you defied and blasphemed, and against whom have you raised your voice and lifted your eyes in pride against the Holy One of Israel?
2KI 19:24	YELLOW	Y-anchor	mano|volta		1.91	Io ho scavato e bevuto acque straniere, e con la pianta dei miei piedi ho prosciugato tutti i fiumi delle fortezze.	Io ho scavato e ho bevuto delle acque straniere; con la pianta de’ miei piedi prosciugherò tutti i fiumi d’Egitto.	I have called and drunk foreign water and I dried up with the sole of my foot all the streams of Egypt.
2KI 20:12	YELLOW	Y-anchor	libro		1.44	In quel tempo Berodac-Baladan, figlio di Baladan, re di Babilonia, inviò lettere e un'offerta a Ezechia, perché aveva udito che Ezechia era stato malato.	In quel tempo, Berodac-Baladan, figliuolo di Baladan, re di Babilonia, mandò una lettera e un dono ad Ezechia, giacché avea sentito che Ezechia era stato infermo.	At that time Berodach-baladan son of Baladan king of Babylon sent letters and a gift to Hezekiah, for he had heard that Hezekiah had been sick.
2KI 21:1	YELLOW	Y-anchor	figlio		1.53	Manasse aveva dodici anni quando cominciò a regnare, e regnò cinquantacinque anni in Gerusalemme; e il nome di sua madre era Cefzi-Ba.	Manasse avea dodici anni quando cominciò a regnare, e regnò cinquantacinque anni a Gerusalemme. Sua madre si chiamava Heftsiba.	Manasseh was twelve years old when he began to reign, and he reigned fifty-five years in Jerusalem, and his mother's name was Hephzi-bah.
2KI 21:12	YELLOW	Y-anchor	tutto		1.72	Perciò, così dice l'Eterno, il Dio d'Israele: Ecco, io sto portando un male su Gerusalemme e su Giuda, tale che a chiunque lo udrà, entrambe le sue orecchie tinteranno.	così dice l’Eterno, l’Iddio d’Israele: Ecco, io faccio venire su Gerusalemme e su Giuda tali sciagure, che chiunque ne udrà parlare n’avrà intronate le orecchie.	Therefore, thus says the LORD, the God of Israel: Behold, I am bringing adversity upon Jerusalem and Judah, so that the hearing of both ears will tingle.
2KI 21:16	YELLOW	Y-anchor	solo		1.33	E anche sangue innocente Manasse versò in grandissima abbondanza, finché riempì Gerusalemme da bocca a bocca, oltre al suo peccato con cui fece peccare Giuda, facendo il male agli occhi dell'Eterno.	Manasse sparse inoltre moltissimo sangue innocente: tanto, da empirne Gerusalemme da un capo all’altro; senza contare i peccati che fece commettere a Giuda, facendo ciò ch’è male agli occhi dell’Eterno.	And also innocent blood did Manasseh shed very much, until he filled Jerusalem mouth to mouth, besides his sin whereby he caused Judah to sin, to do evil in the eyes of the LORD.
2KI 23:25	YELLOW	Y-anchor	volto		2.09	E non ci fu re prima di lui che si rivolgesse all'Eterno con tutto il suo cuore, con tutta la sua anima e con tutta la sua forza, secondo tutta la legge di Mosè; e dopo di lui non ne sorse alcuno simile a lui.	E prima di Giosia non c’è stato re che come lui si sia convertito all’Eterno con tutto il suo cuore, con tutta l’anima sua e con tutta la sua forza, seguendo in tutto la legge di Mosè; e, dopo di lui, non n’è sorto alcuno di simile.	And there was no king like him who turned to the LORD with all his heart and with all his soul and with all his might, according to all the law of Moses; and after him there arose no king like him.
2KI 23:5	YELLOW	Y-anchor	giro		2.18	Egli soppresse i sacerdoti idolatri che i re di Giuda avevano stabilito per bruciare incenso sugli alti luoghi nelle città di Giuda e nei dintorni di Gerusalemme, e anche coloro che bruciavano incenso a Baal, al sole, alla luna, ai pianeti e a tutto l'esercito del cielo.	E destituì i sacerdoti idolatri che i re di Giuda aveano istituito per offrir profumi negli alti luoghi nelle città di Giuda e nei dintorni di Gerusalemme, e quelli pure che offrivan profumi a Baal, al sole, alla luna, ai segni dello zodiaco, e a tutto l’esercito del cielo.	And he removed the Chemarims (idolatrous) priests whom the kings of Judah had appointed, who burned incense in the high places in the cities of Judah and in the places round about Jerusalem, and those who burned incense to Baal, to the sun and to the moon and to the planets and to all the host of heaven.
2KI 2:16	YELLOW	Y-anchor	esercito		1.72	"Gli dissero: ""Ecco, ora ci sono con i tuoi servi cinquanta uomini, figli di valore; lascia che vadano ora e cerchino il tuo signore, per timore che lo spirito dell'Eterno lo abbia sollevato e gettato su uno dei monti o in una delle valli."" Ma egli disse: ""Non mandate."""	e gli dissero: “Ecco qui tra i tuoi servi cinquanta uomini robusti: lascia che vadano in cerca del tuo signore, se mai lo spirito dell’Eterno l’avesse preso e gettato su qualche monte o in qualche valle”. Eliseo rispose: “Non li mandate”.	"They said to him, ""Behold now, there are fifty men, valiant ones, among your servants; let them please go and search for your master, lest the Spirit of the LORD has taken him and cast him on one of the mountains or into one of the valleys."" But he said, ""You shall not send."""
2KI 2:3	YELLOW	Y-anchor	giorno		1.58	"I figli dei profeti che erano a Betel uscirono incontro a Eliseo e gli dissero: ""Sai che oggi l'Eterno toglierà il tuo signore dal di sopra del tuo capo?"" Ed egli rispose: ""Anch'io lo so; tacete."""	I discepoli dei profeti ch’erano a Bethel andarono a trovare Eliseo, e gli dissero: “Sai tu che l’Eterno quest’oggi rapirà in alto il tuo signore?” Quegli rispose: “Sì, lo so; tacete!”	The sons of the prophets who were in Beth-el went out to Elisha, and said to him, Do you know that today the LORD will take away your master from over your head? And he said, Yes, I know; hold your peace.
2KI 2:5	YELLOW	Y-anchor	giorno		1.70	"I figli dei profeti che erano in Gerico si avvicinarono a Eliseo e gli dissero: ""Sai che oggi l'Eterno porterà via il tuo signore dal di sopra del tuo capo?"" Ed egli disse: ""Anch'io lo so; tacete."""	I discepoli dei profeti ch’erano a Gerico s’accostarono ad Eliseo, e gli dissero: “Sai tu che l’Eterno quest’oggi rapirà in alto il tuo signore?” Quegli rispose: “Sì, lo so; tacete!”	"And the sons of the prophets who were in Jericho drew near to Elisha and said to him, ""Do you know that today the LORD will take your master from over your head?"" And he said, ""Yes, I also know; be silent."""
2KI 4:2	YELLOW	Y-anchor	tutto		1.52	"Eliseo le disse: ""Che cosa posso fare per te? Dimmi, che cosa hai in casa?"" Ed ella rispose: ""La tua serva non ha nulla in casa, se non un vaso d'olio."""	Eliseo le disse: “Che debbo io fare per te? Dimmi; che hai tu in casa?” Ella rispose: “La tua serva non ha nulla in casa, tranne un vasetto d’olio”.	"Elisha said to her, ""What shall I do for you? Tell me, what do you have in the house?"" And she replied, ""There is nothing for your handmaid in the house except a pot of oil."""
2KI 4:23	YELLOW	Y-anchor	giorno		1.33	"""Perché vai da lui oggi? Non è né mese nuovo né sabato."" E lei disse: ""Pace."""	Il marito le chiese: “Perché vuoi andar da lui quest’oggi? Non è il novilunio, e non è sabato”. Ella rispose: “Lascia fare!”	And he said, Why do you go to him today? It is neither new moon nor sabbath. And she said, It is well.
2KI 4:3	YELLOW	Y-anchor	strada		1.29	"Ed egli disse: ""Va', chiediti dei vasi di fuori, da ogni tuo vicino, vasi vuoti; non farne pochi."""	Allora egli disse: “Va’ fuori, chiedi in prestito da tutti i tuoi vicini de’ vasi vuoti; e non ne chieder pochi.	And he said, Go, ask for yourself vessels from abroad, from every man his empty vessels; do not diminish.
2KI 5:12	YELLOW	Y-anchor	Amana		2.25	Non sono forse l'Abana e il Farpar, fiumi di Damasco, migliori di tutte le acque d'Israele? Non potrei lavarmi in essi ed essere purificato? Ed egli si voltò e se ne andò con furore.	I fiumi di Damasco, l’Abanah e il Farpar, non son essi migliori di tutte le acque d’Israele? Non posso io lavarmi in quelli ed esser mondato?” E, voltatosi, se n’andava infuriato.	Are not the flood of Abana and the river Pharpar of Damascus better than all the waters of Israel? Shall I not wash in them and be clean? But he turned away and went off in anger.
2KI 5:17	YELLOW	Y-anchor	oracolo		1.64	"Allora Naaman disse: ""Si preghi, sia dato al tuo servo un carico di un paio di muli di terra, perché il tuo servo non offrirà più olocausto né sacrificio ad altri dèi, ma solo all'Eterno."""	Allora Naaman disse: “Poiché non vuoi, permetti almeno che sia data al tuo servo tanta terra quanta ne portano due muli; giacché il tuo servo non offrirà più olocausti e sacrifizi ad altri dèi, ma solo all’Eterno.	And Naaman said, Let now a burden of two mules' earth be given to your servant, for your servant will no longer make burnt offering or sacrifice to other gods, but only to the LORD.
2KI 5:20	YELLOW	Y-anchor	nulla		1.56	"Allora Ghecazi, giovane di Eliseo, uomo di Dio, disse: ""Ecco, il mio signore ha risparmiato questo Naaman il Siro, non accettando dalla sua mano ciò che aveva portato; come vive l'Eterno, correrò dietro a lui e prenderò da lui qualche cosa."""	Ma Ghehazi, servo d’Eliseo, uomo di Dio, disse fra sé: “Ecco, il mio signore è stato troppo generoso con Naaman, con questo Siro, non accettando dalla sua mano quel ch’egli avea portato; com’è vero che l’Eterno vive, io gli voglio correr dietro, e voglio aver da lui qualcosa”.	"Gehazi, the servant of Elisha the man of God, said, ""Look, my lord has let this Syrian Naaman off lightly by not accepting from his hand what he brought; as the LORD lives, I will run after him and take something from him."""
2KI 6:28	YELLOW	Y-anchor	giorno		1.53	"Allora il re le disse: ""Che hai?"" E quella donna disse: ""Questa donna mi ha detto: 'Dà tuo figlio, e lo mangeremo oggi, e mio figlio lo mangeremo domani.'"""	Poi il re aggiunse: “Che hai?” Ella rispose: “Questa donna mi disse: Da’ qua il tuo figliuolo, che lo mangiamo oggi; domani mangeremo il mio.	"Then the king said to her, ""What is the matter with you?"" And the woman said, ""This woman said to me, 'Give me your son that we may eat him today, and my son we will eat tomorrow.'"""
2KI 6:31	YELLOW	Y-anchor	giorno		1.33	Così mi faccia Dio, e così aggiunga, se il capo di Eliseo figlio di Safat resterà su di lui oggi.	E il re disse: “Mi tratti Iddio con tutto il suo rigore, se oggi la testa di Eliseo, figliuolo di Shafat, rimane ancora sulle sue spalle!”	And he said, Thus may God do to me and thus may Joseph, if the head of Elisha son of Shaphat stands over him today.
2KI 7:2	YELLOW	Y-anchor	mano		1.65	"Il capitano sul cui braccio il re si appoggiava rispose all'uomo di Dio e disse: ""Ecco, se l'Eterno facesse finestre nel cielo, potrebbe accadere questa parola?"" Ed egli disse: ""Ecco, lo vedrai con i tuoi occhi, ma di là non mangerai."""	Ma il capitano sul cui braccio il re s’appoggiava, rispose all’uomo di Dio: “Ecco, anche se l’Eterno facesse delle finestre in cielo, potrebbe mai avvenire una cosa siffatta?” Eliseo rispose: “Ebbene, lo vedrai con gli occhi tuoi, ma non ne mangerai”.	"The captain who was the king's aide and leaned on his hand answered the man of God, saying, ""If the LORD should make windows in the heavens, could this word come to pass?"" And he said, ""You will see it with your own eyes, but you will not eat from there."""
2KI 7:6	YELLOW	Y-anchor	uomo|fratello		1.79	"Il Signore fece udire all'accampamento di Aram la voce di carri, la voce di cavalli, la voce di un grande esercito; e dissero l'uno all'altro: ""Ecco, il re d'Israele ha assunto contro di noi i re degli Hittei e i re d'Egitto per venire contro di noi."""	Il Signore avea fatto udire nel campo dei Siri un rumor di carri, un rumor di cavalli, un rumor di grande esercito, sì che i Siri avean detto fra di loro: “Ecco, il re d’Israele ha assoldato contro di noi i re degli Hittei e i re degli Egiziani, perché vengano ad assalirci”.	"The LORD made the army of Aram hear the sound of chariots, the sound of horses, the sound of a great host, and one man said to another, ""Look, the king of Israel has hired the kings of the Hittites and the kings of Egypt to come against us."""
2KI 7:9	YELLOW	Y-anchor	uomo|prossimo		1.56	"E si dissero l'uno all'altro: ""Non facciamo bene; questo giorno è un giorno di buona notizia, e noi tacciamo, e se aspettiamo fino alla luce della mattina, troveremo l'iniquità. Ora dunque andiamo, entriamo e annunciamo nella casa del re."""	Ma poi dissero fra di loro: “Noi non facciamo bene; questo è giorno di buone novelle, e noi ci tacciamo! Se aspettiamo finché si faccia giorno, sarem tenuti per colpevoli. Or dunque venite, andiamo ad informare la casa del re”.	And each man said to his companion, Not so will we do this day, for this day is a day of reward for tidings; and we are hiding, waiting until the light of morning, and we have found fault; now therefore come, let us go and report to the court of the king.
2KI 8:17	YELLOW	Y-anchor	figlio		1.30	Aveva trentadue anni quando cominciò a regnare, e regnò otto anni in Gerusalemme.	Avea trentadue anni quando cominciò a regnare, e regnò otto anni in Gerusalemme.	He was thirty-two years old when he began to reign, and he reigned eight years in Jerusalem.
2KI 9:15	YELLOW	Y-anchor	anima		1.61	"Il re Ioram era tornato a curarsi a Izreel dalle piaghe che i Siri gli avevano inflitte quando combatteva contro Azael, re di Aram. E Ieu disse: ""Se è il vostro desiderio, nessun fuggiasco esca dalla città per andare a portare la notizia a Izreel."""	ma il re Joram era tornato a Izreel per farsi curare delle ferite che avea ricevuto dai Siri, combattendo contro Hazael, re di Siria. E Jehu disse: “Se così vi piace, nessuno esca e fugga dalla città per andare a portar la nuova a Izreel”.	"Then Jehoram returned to recover in Jezreel from the wounds which the Syrians had inflicted on him when he fought against Hazael king of Aram, and Jehu said, ""If you desire life, let no fugitive escape from the city to go to Jezreel."""
2KI 9:21	YELLOW	Y-anchor	uomo		1.86	"Allora Ioram disse: ""Attacca il carro"", e attaccò il suo carro. Ioram, re d'Israele, e Achazia, re di Giuda, uscirono, ciascuno sul suo carro, e uscirono incontro a Ieu, e lo trovarono nel campo di Nabot l'Izreelita."	Allora Joram disse: “Allestite il carro!” E gli allestirono il carro. E Joram, re d’Israele, e Achazia, re di Giuda, uscirono ciascuno sul suo carro per andare incontro a Jehu, e lo trovarono nel campo di Naboth d’Izreel.	"Jehoram said, ""Hitch the chariot,"" and he hitched his chariot. Jehoram king of Israel and Ahaziah king of Judah went out, each in his chariot, and they went out to meet Jehu at the field of Naboth the Jezreelite."
2SA 10:2	YELLOW	Y-anchor	mano		1.65	"Davide disse: ""Farò benignità con Canun, figlio di Naas, come suo padre ha fatto benignità con me"". E Davide mandò a consolarlo per mezzo dei suoi servi riguardo a suo padre. E i servi di Davide giunsero nella terra dei figli di Ammon."	Davide disse: “Io voglio usare verso Hanun, figliuolo di Nahash, la benevolenza che suo padre usò verso di me”. E Davide mandò i suoi servi a consolarlo della perdita del padre. Ma quando i servi di Davide furon giunti nel paese dei figliuoli di Ammon,	David said, I will show favour to Hanun the son of Nahash, as his father showed me favour; so David sent his servants to comfort him concerning his father. David's servants came into the land of the Ammonites.
2SA 10:8	YELLOW	Y-anchor	guerra		1.87	I figli di Ammon uscirono e schierarono battaglia all'ingresso della porta, mentre Aram di Soba, Recob, l'uomo di Tob e Maaca erano da soli nel campo.	I figliuoli di Ammon uscirono e si disposero in ordine di battaglia all’ingresso della porta della città, mentre i Siri di Tsoba e di Rehob e la gente di Tob e di Maaca stavano a parte nella campagna.	The Ammonites marched out and drew up for battle at the entrance of the gate, while Aram of Zobah, Rehob, and Tob, and Maachah were by themselves in the field.
2SA 11:1	YELLOW	Y-anchor	risposta		1.50	Avvenne al volgere dell'anno, al tempo in cui i re escono, che Davide mandò Ioab e i suoi servi con lui e tutto Israele, e devastarono i figli di Ammon e assediarono Rabba, mentre Davide rimase a Gerusalemme.	Or avvenne che l’anno seguente, nel tempo in cui i re sogliono andare alla guerra, Davide mandò Joab con la sua gente e con tutto Israele a devastare il paese dei figliuoli di Ammon e ad assediare Rabba; ma Davide rimase a Gerusalemme.	At the turn of the year, when kings go out, David sent Joab and his servants with him and all Israel, and they destroyed the sons of Ammon and besieged Rabbah, while David remained in Jerusalem.
2SA 12:14	YELLOW	Y-anchor	estremità		1.40	Tuttavia, poiché con questa parola hai disprezzato gli avversari dell'Eterno, anche il figlio che ti è nato dovrà certamente morire.	Nondimeno, siccome facendo così tu hai data ai nemici dell’Eterno ampia occasione di bestemmiare, il figliuolo che t’è nato dovrà morire”. Nathan se ne tornò a casa sua.	Nevertheless, you have utterly rejected the enemies of the LORD by this word; also the son born to you shall surely die.
2SA 12:3	YELLOW	Y-anchor	tutto		1.88	E il povero non aveva nulla, se non una piccola agnella che aveva comprato; e la allevò, ed essa crebbe con lui e con i suoi figli insieme; dal suo boccone mangiava, dalla sua coppa beveva, e nel suo seno dormiva, e gli era come una figlia.	ma il povero non aveva nulla, fuorché una piccola agnellina ch’egli avea comprata e allevata; essa gli era cresciuta in casa insieme ai figliuoli, mangiando il pane di lui, bevendo alla sua coppa e dormendo sul suo seno; ed essa era per lui come una figliuola.	And the poor man had nothing at all except one little ewe lamb that he had bought, and it grew up with him and with his children; from his morsel it would eat, from his cup it would drink, in his bosom it would lie, and it was like a daughter to him.
2SA 13:19	YELLOW	Y-anchor	veste variopinta		1.88	Tamar prese della cenere e la pose sul suo capo, e strappò la tunica variopinta che aveva addosso; poi mise la mano sul suo capo e se ne andò camminando e gridando.	E Tamar si sparse della cenere sulla testa, si stracciò di dosso la tunica con le maniche, e mettendosi la mano sul capo, se n’andò gridando.	Tamar took ashes and put them on her head, tore the coat of divers colours that was on her, put her hand on her head, and went on her way, crying aloud.
2SA 14:22	YELLOW	Y-anchor	giorno		1.62	"Ioab cadde con la faccia a terra, si prostrò e benedisse il re; poi Ioab disse: ""Oggi il tuo servo sa che ho trovato favore ai tuoi occhi, mio signore il re, perché il re ha fatto la parola del suo servo."""	Joab si gettò con la faccia a terra, si prostrò, benedisse il re, e disse: “Oggi il tuo servo riconosce che ha trovato grazia agli occhi tuoi, o re, mio signore; poiché il re ha fatto quel che il suo servo gli ha chiesto”.	"Joab fell on his face to the ground and prostrated himself and blessed the king, and Joab said, ""This day your servant knows that I have found favour in your eyes, my lord the king, in that the king has carried out the word of his servant."""
2SA 14:25	YELLOW	Y-anchor	mano		1.94	Come Assalonne, non c'era uomo in tutto Israele tanto bello da essere lodato grandemente; dalla pianta del suo piede fino alla cima del suo capo non c'era in lui alcun difetto.	Or in tutto Israele non v’era uomo che fosse celebrato per la sua bellezza al pari di Absalom; dalle piante de’ piedi alla cima del capo non v’era in lui difetto alcuno.	Like Absalom, there was no man in all Israel so exceedingly praised for beauty; from the sole of his foot to the crown of his head there was no blemish in him.
2SA 14:28	YELLOW	Y-anchor	giorno		1.56	Assalonne dimorò a Gerusalemme due anni interi, e non vide il volto del re.	Absalom dimorò in Gerusalemme due anni, senza vedere la faccia del re.	Abishalom dwelt in Jerusalem two whole years and did not see the face of the king.
2SA 15:18	YELLOW	Y-anchor	mano		1.55	E tutti i suoi servi passavano al suo fianco, e tutti i Cheretei e tutti i Peletei, e tutti i Gattei, seicento uomini che erano venuti a piedi da Gat, passavano davanti al re.	Tutti i servi del re camminavano al suo fianco; e tutti i Kerethei, tutti i Pelethei e tutti i Ghittei, che in seicento eran venuti da Gath, al suo séguito, camminavano davanti al re.	And all his servants passed by his hand, and all the Cherethites and all the Pelethites, and all the Gittites, six hundred men who came after him from Gath, passing before the king.
2SA 15:20	YELLOW	Y-anchor	giorno		1.68	Ieri sei venuto, e oggi dovrei farti andare vagando con noi? Io vado dove vado; torna e riporta i tuoi fratelli con te, e l'Eterno usi con te benignità e verità.	Pur ieri tu arrivasti; e oggi ti farei io andar errando qua e là, con noi, mentre io stesso non so dove vado? Torna indietro, e riconduci teco i tuoi fratelli; e siano con te la misericordia e la fedeltà dell’Eterno!”	Yesterday you came, and today you are with us to go; while I go where I may go? Return, go back with your brothers, kindness and truth.
2SA 16:12	YELLOW	Y-anchor	occhio		1.83	Forse l'Eterno vedrà la mia iniquità, e l'Eterno mi renderà del bene in cambio della sua maledizione in questo giorno.	Forse l’Eterno avrà riguardo alla mia afflizione, e mi farà del bene in cambio delle maledizioni d’oggi”.	Perhaps the LORD will see that I am cursed this day, and the LORD will repay me with good for his cursing this day.
2SA 16:3	YELLOW	Y-anchor	giorno		1.64	"Il re disse: ""E dov'è il figlio del tuo signore?"" E Siba disse al re: ""Ecco, egli abita in Gerusalemme, perché ha detto: 'Oggi la casa d'Israele mi restituirà il regno di mio padre.'"""	Il re disse: “E dov’è il figliuolo del tuo signore?” Tsiba rispose al re: “Ecco, è rimasto a Gerusalemme, perché ha detto: Oggi la casa d’Israele mi renderà il regno di mio padre”.	"The king said, ""And where is your lord's son?"" Ziba said to the king, ""Behold, he is sitting in Jerusalem, for he said, 'Today the house of Israel will restore to me the kingdom of my father.'"""
2SA 17:18	YELLOW	Y-anchor	velocità		1.89	Un giovane li vide e lo riferì ad Assalonne; allora i due andarono in fretta e giunsero alla casa di un uomo a Bacurim, che aveva un pozzo nel suo cortile, e vi scesero.	Or un giovinetto li avea scorti, e ne aveva avvisato Absalom; ma i due partirono di corsa e giunsero a Bahurim a casa di un uomo che avea nella sua corte una cisterna.	A lad saw them and told Absalom; the two of them went quickly and came to the house of a certain man at Bahurim, who had a well in his courtyard, and they went down there.
2SA 17:21	YELLOW	Y-anchor	velocità		1.55	"Dopo che essi se ne furono andati, salirono dal pozzo, andarono e riferirono al re Davide, dicendo a Davide: ""Alzatevi e attraversate in fretta l'acqua, perché così ha consigliato Achitofel contro di voi."""	E come quelli se ne furono andati, i due usciron fuori dalla cisterna, e andarono ad informare il re Davide. Gli dissero: “Levatevi, e affrettatevi a passar l’acqua; perché ecco qual è il consiglio che Ahitofel ha dato a vostro danno”.	"After they had gone, they came up from the well and went and told King David, and said to David, ""Rise up and cross the water quickly, for thus has Ahithophel counseled against you."""
2SA 18:28	YELLOW	Y-anchor	ira		1.83	"Achimaats chiamò e disse al re: ""Pace"". Poi si prostrò davanti al re con la faccia a terra, e disse: ""Benedetto sia l'Eterno, il tuo Dio, che ha consegnato gli uomini che hanno alzato la loro mano contro il mio signore, il re""."	E Ahimaats gridò al re: “Pace!” E, prostratosi dinanzi al re con la faccia a terra, disse: “Benedetto sia l’Eterno, l’Iddio tuo, che ha dato in tuo potere gli uomini che aveano alzate le mani contro il re, mio signore!”	"Ahimaaz called and said to the king, ""May you fare well,"" and he bowed before the king with his face to the ground, and said, ""Blessed be the LORD your God, who has delivered the men who raised their hands against my lord the king."""
2SA 18:31	YELLOW	Y-anchor	giorno		2.31	"Ed ecco, l'Etiope arrivò, e l'Etiope disse: ""Il mio signore il re riceva buone notizie, perché oggi l'Eterno ti ha reso giustizia dalla mano di tutti coloro che si sono levati contro di te."""	Quand’ecco arrivare l’Etiopo, che disse: “Buone notizie per il re signore! L’Eterno t’ha reso oggi giustizia, liberandoti dalle mani di tutti quelli ch’erano insorti contro di te”.	"And behold, the Cushite came, and the Cushite said, ""Let my lord the king rejoice, for today the LORD has delivered you from the hand of all who rose against you."""
2SA 19:20	YELLOW	Y-anchor	giorno		1.76	Perché il tuo servo sa che io ho peccato, ed ecco, oggi sono venuto per primo da tutta la casa di Giuseppe, per scendere incontro al mio signore, il re.	Poiché il tuo servo riconosce che ha peccato; e per questo sono stato oggi il primo di tutta la casa di Giuseppe a scendere incontro al re mio signore”.	For your servant knows that I have sinned, and here I have come today, the first of all the house of Joseph, to go down to meet my lord the king.
2SA 19:22	YELLOW	Y-anchor	giorno|giorno|giorno		1.52	"Davide disse: ""Che ho io da fare con voi, figli di Tseruia, che oggi mi siate da Satana? Oggi un uomo deve essere messo a morte in Israele? Non so forse che oggi io sono re su Israele?"""	E Davide disse: “Che ho io da fare con voi, o figliuoli di Tseruia, che vi mostrate oggi miei avversari? Si farebb’egli morir oggi qualcuno in Israele? Non so io dunque che oggi divento re d’Israele?”	"David said, ""What have I to do with you, you sons of Zeruiah, that you should be an adversary to me today? Today an innocent man is being killed in Israel, for indeed I know that today I am king over Israel."""
2SA 19:35	YELLOW	Y-anchor	giorno		1.78	Io sono oggi un figlio di ottant'anni; posso forse distinguere tra il bene e il male? Il tuo servo può forse gustare ciò che mangio e ciò che bevo? Posso forse ancora udire la voce dei cantori e delle cantatrici? E perché il tuo servo dovrebbe essere ancora un oracolo per il mio signore, il re?	Io ho adesso ottant’anni: posso io ancora discernere ciò ch’è buono da ciò che è cattivo? Può il tuo servo gustare ancora ciò che mangia o ciò che beve? Posso io udire ancora la voce dei cantori e delle cantatrici? E perché dunque il tuo servo sarebb’egli d’aggravio al re mio signore?	I am eighty years old today; can I still discern between good and evil? Can your servant taste what he eats and what he drinks? Can I still hear the voice of singers and singers? Why should your servant still be a burden to my lord the king?
2SA 19:6	YELLOW	Y-anchor	giorno|giorno|giorno		1.50	amare coloro che ti odiano e odiare coloro che ti amano, perché oggi hai dichiarato che non hai né capi né servi, perché oggi so che Assalonne è vivo e tutti noi oggi siamo morti; allora sarebbe stato giusto ai tuoi occhi.	giacché ami quelli che t’odiano, e odi quelli che t’amano; infatti oggi tu fai vedere che capitani e soldati per te son nulla; e ora io vedo bene che se Absalom fosse vivo e noi fossimo quest’oggi tutti morti, allora saresti contento.	To love those who hate you and to hate those who love you, for today you have declared that you have no captains or servants, for today I know that Absalom is alive and we are all dead today; then it would be right in your eyes.
2SA 1:22	YELLOW	Y-anchor	dietro		1.71	Dal sangue degli uccisi, dal grasso dei prodi, l'arco di Giònata non tornò indietro, e la spada di Saul non tornò a vuoto.	L’arco di Gionathan non tornava mai dalla pugna senz’avere sparso sangue di uccisi, senz’aver trafitto grasso di prodi; e la spada di Saul non tornava indietro senz’avere colpito.	From the blood of the slain, from the fat of the mighty, Jonathan's bow did not turn back, and Saul's sword did not return empty.
2SA 23:20	YELLOW	Y-anchor	esercito		1.46	Benaia figlio di Ioiadà, figlio di un uomo valoroso, grande in opere, da Kabtseel; egli colpì i due leoni di Moab, e scese e colpì il leone in mezzo alla cisterna nel giorno della neve.	Poi veniva Benaia da Kabtseel, figliuolo di Jehoiada, figliuolo di Ish-hai, celebre per le sue prodezze. Egli uccise i due grandi eroi di Moab. Discese anche in mezzo a una cisterna, dove uccise un leone, un giorno di neve.	Benaiah the son of Jehoiada, a valiant man of Kabzeel, a doer of great deeds, struck down two of the lionlike men of Moab; and he went down and struck in the midst of the pit on a snowy day.
2SA 23:5	YELLOW	Y-anchor	eternità		1.73	Poiché non è così la mia casa con Dio? Poiché un patto eterno egli ha stabilito per me, ordinato in ogni cosa e custodito; poiché tutta la mia salvezza e ogni mio desiderio, non lo farà forse germogliare?	Non è egli così della mia casa dinanzi a Dio? Poich’egli ha fermato con me un patto eterno, in ogni punto ben regolato e sicuro appieno. Non farà egli germogliare la mia completa salvezza e tutto ciò ch’io bramo?	For is not my house so with God? For He has made with me an everlasting covenant, ordered in all things and secure. For all my salvation and all my desire, will He not make it grow?
2SA 3:33	YELLOW	Y-anchor	morte		1.67	"Il re fece lamento su Abner e disse: ""Come muore uno stolto, così muore Abner?"""	E il re fece un canto funebre su Abner, e disse: “Doveva Abner morire come muore uno stolto?	"The king lamented for Abner and said, ""As the death of a fool dies, so dies Abner."""
2SA 3:35	YELLOW	Y-anchor	nulla		1.39	"Tutto il popolo venne per far mangiare del pane a Davide mentre era ancora giorno, e Davide giurò, dicendo: ""Così mi faccia Dio e così aggiunga, se prima che il sole tramonti io gusterò pane o qualsiasi altra cosa."""	E tutto il popolo ricominciò a piangere Abner; poi s’accostò a Davide per fargli prender qualche cibo mentr’era ancora giorno; ma Davide giurò dicendo: “Mi tratti Iddio con tutto il suo rigore se assaggerò pane o alcun’altra cosa prima che tramonti il sole!”	"All the people came to provide David with food while yet the day lasted, and David swore, saying, ""Thus may God do to me and thus may he add, if before the sun comes I taste food or anything at all."""
2SA 3:38	YELLOW	Y-anchor	giorno		1.46	"Il re disse ai suoi servi: ""Non sapete che un capo e un grande è caduto oggi in Israele?"""	E il re disse ai suoi servi: “Non sapete voi che un principe ed un grand’uomo è caduto oggi in Israele?	The king said to his servants, Do you not know that a prince and great one has fallen this day in Israel?
2SA 3:39	YELLOW	Y-anchor	giorno		1.88	E io oggi sono debole, benché re unto; e questi uomini, figli di Tseruia, sono più duri di me; l'Eterno ripaghi chi fa il male secondo il suo male.	Quanto a me, benché unto re, sono tuttora debole; mentre questa gente, i figliuoli di Tseruia, son troppo forti per me. Renda l’Eterno a chi fa il male secondo la malvagità di lui”.	And I today am weak though anointed king, and these men, the sons of Zeruiah, are too harsh for me; may the LORD repay the evildoer according to his wickedness.
2SA 3:8	YELLOW	Y-anchor	giorno|giorno		1.79	"Abner si adirò moltissimo per le parole di Is-Boset, e disse: ""Sono io un capo di cane che appartiene a Giuda? Oggi faccio benignità con la casa di Saul tuo padre, verso i suoi fratelli e verso il suo amico, e non ti ho consegnato nella mano di Davide; eppure oggi mi imputi l'iniquità di questa donna."""	Abner si adirò forte per le parole di Jsh-Bosheth, e rispose: “Sono io una testa di cane che tenga da Giuda? Oggi io do prova di benevolenza, verso la casa di Saul tuo padre, verso i suoi fratelli ed i suoi amici, non t’ho dato nelle mani di Davide, e proprio oggi tu mi rimproveri il fallo commesso con questa donna!	"Abner was exceedingly angry at the words of Ish-bosheth, and he said, ""Am I a dog's head who belongs to Judah? This day I show loyalty to the house of Saul your father, to your brothers and to your companions, and have not delivered you into David's hand; and yet you charge me with the iniquity of this woman today."""
2SA 4:8	YELLOW	Y-anchor	giorno		1.55	"Portarono il capo di Is-Boset a Davide a Ebron e dissero al re: ""Ecco il capo di Is-Boset, figlio di Saul, tuo nemico, che cercava la tua anima; e l'Eterno ha dato oggi al mio signore il re vendetta da Saul e dal suo seme."""	E portarono la testa di Jsh-Bosheth a Davide a Hebron, e dissero al re: “Ecco la testa di Jsh-Bosheth, figliuolo di Saul, tuo nemico, il quale cercava di toglierti la vita; l’Eterno ha oggi fatte le vendette dei re, mio signore, sopra Saul e sopra la sua progenie”.	"They brought the head of Ish-bosheth to David at Hebron and said to the king, ""Behold, the head of Ish-bosheth, son of Saul, your enemy, who sought your life; the LORD has given the king vengeance this day from Saul and from his offspring."""
2SA 5:24	YELLOW	Y-anchor	capo		1.94	E quando udrai la voce di passi sulle cime degli alberi di baca, allora ti muoverai con prontezza, perché allora l'Eterno uscirà davanti al tuo volto per colpire l'accampamento dei Filistei.	E quando udrai un rumor di passi tra le vette de’ gelsi, lanciati subito all’attacco, perché allora l’Eterno marcerà alla tua testa per sconfiggere l’esercito dei Filistei”.	When you hear the sound of marching at the tops of the mulberry trees, then you shall act swiftly, for then the LORD will go out before you to strike the camp of the Philistines.
2SA 6:20	YELLOW	Y-anchor	giorno|giorno		1.74	"Davide tornò per benedire la sua casa, e Mical, figlia di Saul, uscì incontro a Davide e disse: ""Quanto è stato onorato oggi il re d'Israele, che si è scoperto oggi davanti agli occhi delle serve dei suoi servi, come si scopre uno degli uomini vani!"""	E come Davide, se ne tornava per benedire la sua famiglia, Mical, figliuola di Saul, gli uscì incontro e gli disse: “Bell’onore s’è fatto oggi il re d’Israele a scoprirsi davanti agli occhi delle serve de’ suoi servi, come si scoprirebbe un uomo da nulla!”	"David returned to bless his household, and Michal daughter of Saul came out to meet David, and she said, ""How glorious was the king of Israel today, who uncovered himself today before the eyes of the female servants of his servants, like one of the base fellows shamelessly uncovers himself!"""
2SA 9:13	YELLOW	Y-anchor	continuo		1.29	Mefiboset abitava in Gerusalemme, perché mangiava sempre alla tavola del re, ed era zoppo di entrambi i piedi.	Mefibosheth dimorava a Gerusalemme perché mangiava sempre alla mensa del re. Era zoppo d’ambedue i piedi.	And Mephibosheth lived in Jerusalem, for he always ate at the king's table, and he was lame in both legs.
2SA 9:3	YELLOW	Y-anchor	estremità|uomo		1.65	"Il re disse: ""C'è ancora qualcuno della casa di Saul, perché io gli faccia benignità di Dio?"" E Siba disse al re: ""C'è ancora un figlio di Giònata, storpio ai piedi."""	Il re gli disse: “V’è egli più alcuno della casa di Saul, a cui io possa far del bene per amor di Dio?” Tsiba rispose al re: “V’è ancora un figliuolo di Gionathan, storpiato dei piedi”.	Then said the king, Is there yet any man of the house of Saul, that I may show him kindness for the sake of God? And Ziba said to the king, There is yet a son of Jonathan, lame of feet.
AMO 1:8	YELLOW	Y-anchor	tribù		1.94	E sterminerò l'abitante da Asdod e chi tiene lo scettro da Ascalona, e volgerò la mia mano contro Ekron, e perirà il resto dei Filistei, dice il Signore, l'Eterno.	e sterminerò da Asdod ogni abitante, e da Askalon colui che tiene lo scettro, volgerò la mia mano contro Ekron, e il resto dei Filistei perirà, dice il Signore, l’Eterno.	I will cut off the inhabitant from Ahdod and the one who holds the sceptre from Ashkelon, and I will turn my hand against Ekron, and the remnant of the Philistines shall perish, says the Lord God.
AMO 3:15	YELLOW	Y-anchor	dente		1.71	Colpirò la casa d'inverno insieme alla casa d'estate; le case d'avorio periranno, e le molte case saranno distrutte, oracolo dell'Eterno.	E abbatterò le case d’inverno e le case d’estate; le case d’avorio saranno distrutte, e le grandi case spariranno, dice l’Eterno.	I will strike the winter house along with the summer house; the ivory houses shall perish, and the many houses shall come to an end, says the LORD.
AMO 6:13	YELLOW	Y-anchor	parola		2.22	"Voi che gioite per nulla, che dite: ""Non è forse con la nostra forza che ci siamo presi dei corni?"""	Voi, che vi rallegrate di cose da nulla; voi, che dite: “Non è egli con la nostra forza che abbiamo acquistato potenza?”	"Those who rejoice for no reason, who say, ""Have we not by our own strength taken for ourselves horns?"""
AMO 6:4	YELLOW	Y-anchor	dente|pecora		1.85	Coloro che giacciono su letti d'avorio e si stendono sui loro letti, e mangiano montoni dal gregge e vitelli dal mezzo della stalla.	Giacciono sul letti d’avorio, si sdraiano sui loro divani, mangiano gli agnelli del gregge e i vitelli tratti dalla stalla.	Those who lie on beds of ivory and lounge on couches, eating lambs from the flock and calves from the stall.
AMO 9:3	YELLOW	Y-anchor	capo		1.94	E se si nascondono in cima al Carmelo, di là li cercherò e li prenderò; e se si occultano davanti ai miei occhi nel pavimento del mare, di là comanderò al serpente, e li morderà.	Quand’anche si nascondessero in vetta al Carmelo, io li scoverò colà e li prenderò; quand’anche s’occultassero al mio sguardo in fondo al mare, là comanderò al serpente di morderli,	And if they hide in the top of Carmel, from there I will search and take them; and if they hide from my presence in the bottom of the sea, from there I will command the serpent and it will bite them.
AMO 9:8	YELLOW	Y-anchor	estremità		1.43	Ecco, gli occhi del Signore, l'Eterno, sono sul regno peccatore, e lo sterminerò dalla faccia della terra; ma non sterminerò del tutto la casa di Giacobbe, oracolo dell'Eterno.	Ecco, gli occhi del Signore, dell’Eterno, stanno sul regno peccatore, e io lo distruggerò di sulla faccia della terra; nondimeno, io non distruggerò del tutto la casa di Giacobbe, dice l’Eterno.	Behold, the eyes of the Lord Jehovah are upon the sinful kingdom, and I will destroy it from off the face of the land; but yet not utterly destroy the house of Jacob, saith Jehovah.
DAN 10:3	YELLOW	Y-anchor	oggetto prezioso		1.56	Pane prelibato non ho mangiato, né carne né vino sono entrati nella mia bocca, né mi sono unto con olio, finché non furono compiute tre settimane di giorni.	Non mangiai alcun cibo prelibato, né carne né vino entraron nella mia bocca, e non mi unsi affatto, sino alla fine delle tre settimane.	I did not eat choice bread, nor did flesh or wine enter my mouth, nor did I anoint myself, until three weeks of days were completed.
DAN 11:29	YELLOW	Y-anchor	tenda di convegno		2.25	Al tempo stabilito ritornerà e verrà al mezzogiorno, ma non sarà come la prima né come l'ultima.	Al tempo stabilito egli marcerà di nuovo contro il mezzogiorno; ma quest’ultima volta la cosa non riuscirà come la prima;	At the appointed time he will return and come to the south, but it will not be as it was formerly or afterward.
DAN 12:10	YELLOW	Y-anchor	tutto		1.67	Molti saranno purificati, imbiancati e raffinati; ma gli empi agiranno empiamente, e nessuno degli empi comprenderà, ma i saggi comprenderanno.	Molti saranno purificati, imbiancati, affinati; ma gli empi agiranno empiamente, e nessuno degli empi capirà, ma capiranno i savi.	Many shall be purified and made white and refined, but the wicked shall act wickedly; and none of the wicked shall understand, but those who are wise shall understand.
DAN 12:2	YELLOW	Y-anchor	eternità|eternità		2.17	E molti di quelli che dormono nella polvere della terra si desteranno: questi per la vita eterna, e quelli per il vituperio e l'orrore eterno.	E molti di coloro che dormono nella polvere della terra si risveglieranno: gli uni per la vita eterna, gli altri per l’obbrobrio, per una eterna infamia.	And many of those who sleep in the dust of the ground will awake, these to everlasting life, and those to everlasting shame and abhorring.
DAN 1:20	YELLOW	Y-anchor	mano		1.78	E in ogni parola di sapienza e intelligenza che il re richiese loro, li trovò dieci volte superiori a tutti i magi e gli astrologi che erano in tutto il suo regno.	E su tutti i punti che richiedevano sapienza e intelletto, e sui quali il re li interrogasse, il re li trovava dieci volte superiori a tutti i magi ed astrologi ch’erano in tutto il suo regno.	And in every matter of wisdom and understanding that the king sought from them, he found them ten times more capable than all the magicians and astrologers who were in all his realm.
DAN 1:4	YELLOW	Y-anchor	bambino		1.68	Giovani in cui non vi era alcun difetto, di bell'aspetto, esperti in ogni sapienza, conoscitori di conoscenza e intelligenti in intelligenza, e che avevano forza per stare nel tempio del re, e da istruire nel libro e nella lingua dei Caldei.	giovani senza difetti fisici, belli d’aspetto, dotati d’ogni sorta di talenti, istruiti e intelligenti, tali che avessero attitudine a stare nel palazzo del re; e d’insegnar loro la letteratura e la lingua de’ Caldei.	Boys who had no blemish, goodly in appearance and skilful in all wisdom, knowing knowledge and understanding science, and in whom was ability to stand in the palace of the king, and to instruct them in the book and the language of the Chaldeans.
DAN 2:13	YELLOW	Y-anchor	legge		2.75	Il decreto fu emanato, e i saggi venivano uccisi; e si cercava Daniele e i suoi compagni per essere messi a morte.	E il decreto fu promulgato, e i savi dovevano essere uccisi; e si cercavano Daniele e i suoi compagni per uccidere anche loro.	And the decree went out, and the wise were being killed, and Daniel and his companions were sought to be killed.
DAN 2:39	YELLOW	Y-anchor	luogo		1.47	Dopo di te sorgerà un altro regno, inferiore al tuo, e un terzo regno, di bronzo, che dominerà su tutta la terra.	e dopo di te sorgerà un altro regno, inferiore al tuo; poi un terzo regno, di rame, che dominerà sulla terra;	After you, another kingdom shall arise, and a third kingdom of brass, which shall rule over all the earth.
DAN 3:28	YELLOW	Y-anchor	tutto		1.75	"Nabucodònosor rispose e disse: ""Benedetto sia il Dio di Sadrac, Mesac e Abed-Nego, che ha mandato il suo angelo e ha liberato i suoi servi che hanno confidato in lui, e hanno trasgredito la parola del re e hanno consegnato i loro corpi, per non servire né adorare alcun dio, se non il loro Dio."""	E Nebucadnetsar prese a dire: “Benedetto sia l’Iddio di Shadrac, di Meshac e di Abed-nego, il quale ha mandato il suo angelo, e ha liberato i suoi servi che hanno confidato in lui, hanno trasgredito l’ordine del re, e hanno esposto i loro corpi, per non servire e non adorare altro dio che il loro!	Nebuchadnezzar answered and said, Blessed be the God of Shadrach, Meshak, and Abed-nego, who sent his angel and delivered his servants who trusted in him, and they changed the king's commandment and yielded their bodies, that they might not serve nor worship any god except their own God.
DAN 3:4	YELLOW	Y-anchor	esercito		1.88	"L'araldo proclamava a gran voce: ""A voi si dice, o popoli, nazioni e lingue."""	E l’araldo gridò forte: “A voi, popoli, nazioni e lingue è imposto che,	"And a herald proclaims aloud: ""Come, my peoples, nations, and languages."""
DAN 4:14	YELLOW	Y-anchor	esercito		1.89	"""Gridò con forza e disse così: ""Abbattete l'albero e tagliate i suoi rami, scuotete il suo fogliame e disperdete il suo frutto; fugga la bestia da sotto di esso e gli uccelli dai suoi rami."""	gridò con forza, e disse così: Abbattete l’albero, e tagliatene i rami; scotetene il fogliame, e dispergetene il frutto; fuggano gli animali di sotto a lui, e gli uccelli di tra i suoi rami!	Cry aloud thus: Cut down the tree and chop off its branches, strip off its leaves and scatter its fruit; let the beast flee from beneath it and the birds from its boughs.
DAN 4:9	YELLOW	Y-anchor	tutto		1.59	Baltassàr, capo dei magi, poiché io so che lo spirito del Dio santo è in te, e nessun segreto ti è impossibile, la visione del mio sogno che ho visto e la sua interpretazione dichiara.	Beltsatsar, capo de’ magi, siccome io so che lo spirito degli dèi santi è in te, e che nessun segreto t’è difficile, dimmi le visioni che ho avuto nel mio sogno, e la loro interpretazione.	Belteshazzar, chief magician, I know that you have a mind of holy gods and that no secret is too difficult for you; tell the vision of my dream that I saw and its interpretation.
DAN 6:23	YELLOW	Y-anchor	tutto		1.73	Allora il re fu molto lieto di lui, e ordinò che Daniele fosse tratto fuori dalla fossa; e Daniele fu tratto fuori dalla fossa, e non fu trovato in lui alcun danno, perché aveva confidato nel suo Dio.	Allora il re fu ricolmo di gioia, e ordinò che Daniele fosse tratto fuori dalla fossa; e Daniele fu tratto fuori dalla fossa, e non si trovò su di lui lesione di sorta, perché s’era confidato nel suo Dio.	Then the royal king was greatly distressed and said to raise Daniel from the den, and Daniel was raised from the den and every hurt was not found upon him because he trusted in his God.
DAN 6:4	YELLOW	Y-anchor	tutto|tutto		1.41	Allora i presidenti e i satrapi cercavano di trovare un'occasione contro Daniele riguardo al regno; ma non potevano trovare alcuna occasione o errore, perché egli era fedele, e nessun errore o colpa fu trovato contro di lui.	Allora i capi e i satrapi cercarono di trovare un’occasione d’accusar Daniele circa l’amministrazione del regno; ma non potevano trovare alcuna occasione, né alcun motivo di riprensione, perch’egli era fedele, e non c’era da trovare il lui alcunché di male o da riprendere.	Then the presidents and the princes sought occasion against Daniel concerning the kingdom, and all manner of error and corruption they could not find, forasmuch as he was faithful, and no error or corruption was found in him.
DAN 6:5	YELLOW	Y-anchor	tutto		1.44	"Allora quegli uomini dissero: ""Non troveremo alcuna occasione contro questo Daniele, se non la troviamo contro di lui nella legge del suo Dio."""	Quegli uomini dissero dunque: “Noi non troveremo occasione alcuna d’accusar questo Daniele, se non la troviamo in quel che concerne la legge del suo Dio”.	Then these men said, We shall not find any occasion against this Daniel unless we find it against him concerning the law of his God.
DAN 7:7	YELLOW	Y-anchor	presenza		1.52	Dopo questo, guardavo nelle visioni della notte, ed ecco una quarta bestia, spaventosa e terribile e straordinariamente forte, con denti di ferro, grandi; divorava e stritolava, e il resto calpestava con i suoi piedi; ed era diversa da tutte le bestie che erano prima di lei, e aveva dieci corna.	Dopo questo, io guardavo, nelle visione notturne, ed ecco una quarta bestia spaventevole, terribile e straordinariamente forte; aveva dei denti grandi, di ferro; divorava e sbranava, e calpestava il resto coi piedi; era diversa da tutte le bestie che l’avevano preceduta, e aveva dieci corna.	After this I was looking in visions of the night and behold a beast of terror and dread and strength exceedingly, and its teeth of iron, it was devouring and crushing and with its feet trampling the rest, and it was different from all the beasts that were before it, and it had ten horns.
DAN 8:4	YELLOW	Y-anchor	tutto		2.33	Vidi il montone che cozzava verso il mare, verso il settentrione e verso il mezzogiorno, e nessuna vita poteva stare davanti al suo volto, e non c'era chi liberasse dalla sua mano; e fece secondo il suo favore e divenne grande.	Vidi il montone che cozzava a occidente, a settentrione e a mezzogiorno; nessuna bestia gli poteva tener fronte, e non c’era nessuno che la potesse liberare dalla sua potenza; esso faceva quel che voleva, e diventò grande.	I saw the ram pushing westward and northward and southward, and no living creatures could stand before it, and there was no one to deliver from its hand, and it did according to its will and became great.
DAN 8:9	YELLOW	Y-anchor	resto		1.53	E da una di esse uscì un corno piccolo, e crebbe molto verso il mezzogiorno, e verso l'oriente, e verso la gloria.	E dall’una d’esse uscì un piccolo corno, che diventò molto grande verso mezzogiorno, verso levante, e verso il paese splendido.	And from one of them came forth one horn, small at first, and it grew exceedingly toward the south and toward the east and toward the beautiful.
DAN 9:2	YELLOW	Y-anchor	deserto		1.67	Nel primo anno del suo regno, io, Daniele, compresi nei libri il numero degli anni di cui la parola dell'Eterno fu rivolta a Geremia il profeta, per compiere le desolazioni di Gerusalemme, settanta anni.	il primo anno del suo regno, io, Daniele, meditando sui libri, vidi che il numero degli anni di cui l’Eterno avea parlato al profeta Geremia, e durante i quali Gerusalemme dovea essere in ruine, era di settant’anni.	In the first year of his reign, I, Daniel, was studying the books, discerning the number of years that the word of the LORD had come to Jeremiah the prophet, for the completion of the desolations of Jerusalem seventy years.
DAN 9:24	YELLOW	Y-anchor	eternità		2.00	Settanta settimane sono decretate sul tuo popolo e sulla tua santa città, per porre fine alla trasgressione e per sigillare i peccati e per espiare l'iniquità e per introdurre una giustizia eterna, e per sigillare visione e profeta, e per ungere il Santo dei santi.	Settanta settimane son fissate riguardo al tuo popolo e alla tua santa città, per far cessare la trasgressione, per metter fine al peccato, per espiare l’iniquità e addurre una giustizia eterna, per suggellare visione e profezia, e per ungere un luogo santissimo.	Seventy weeks are decreed upon your people and upon your holy city, in order to finish the transgression and to make purification for iniquity, and to bring in everlasting righteousness, and to seal up vision and prophecy, and to anoint the most holy.
DEU 10:13	YELLOW	Y-anchor	giorno		1.50	Osservare i comandamenti dell'Eterno e i suoi statuti, che oggi io ti comando, per il tuo bene.	che tu osservi per il tuo bene i comandamenti dell’Eterno e le sue leggi che oggi ti do?	To keep the commandments of the LORD and his statutes which I am commanding you today, for your good.
DEU 10:18	YELLOW	Y-anchor	giudizio		1.60	Egli rende giustizia all'orfano e alla vedova, e ama lo straniero, dandogli pane e vestito.	che fa giustizia all’orfano e alla vedova, che ama lo straniero e gli dà pane e vestito.	He executes justice for the orphan and the widow, and loves the sojourner, giving him bread and clothing.
DEU 10:3	YELLOW	Y-anchor	albero		2.00	E feci un'arca di legno d'acacia, e intagliai due tavole di pietra come le prime, e salii sul monte con le due tavole nella mia mano.	Io feci allora un’arca di legno d’acacia, e tagliai due tavole di pietra simili alle prime; poi salii sul monte, tenendo le due tavole in mano.	And I made an ark of shittim wood, and I fashioned two stone tablets like the first ones, and I went up the mountain with the two tablets in my hand.
DEU 11:13	YELLOW	Y-anchor	giorno		1.70	E sarà che, se ascolterai diligentemente i miei comandamenti che oggi ti comando, per amare l'Eterno, il tuo Dio, e per servirlo con tutto il tuo cuore e con tutta la tua anima,	E se ubbidirete diligentemente ai miei comandamenti che oggi vi do, amando il vostro Dio, l’Eterno, e servendogli con tutto il vostro cuore e con tutta l’anima vostra,	It shall be that if you diligently obey the commandments which I am commanding you today, to love the LORD your God and to serve him with all your heart and with all your soul.
DEU 11:2	YELLOW	Y-anchor	giorno		1.65	E voi oggi riconoscete che non è con i vostri figli, i quali non hanno conosciuto né hanno visto la disciplina dell'Eterno, il vostro Dio, la sua grandezza, la sua mano potente e il suo braccio teso.	E riconoscete oggi (poiché non parlo ai vostri figliuoli che non hanno conosciuto né hanno veduto le lezioni dell’Eterno, del vostro Dio), riconoscete la sua grandezza, la sua mano potente, il suo braccio steso,	And you shall know today that it was not your children, who did not know and who did not see the discipline of the LORD your God, His greatness, His strong hand, and His outstretched arm.
DEU 11:24	YELLOW	Y-anchor	mano		1.38	Ogni luogo che la pianta del vostro piede calcherà sarà vostro; dal deserto e dal Libano, dal fiume, il fiume Eufrate, fino al mare occidentale sarà il vostro confine.	Ogni luogo che la pianta del vostro piede calcherà, sarà vostro; i vostri confini si estenderanno dal deserto al Libano, dal fiume, il fiume Eufrate, al mare occidentale.	Every place that the sole of your foot shall tread upon shall be yours, from the wilderness and Lebanon, from the river, even the river Euphrates, even to the western sea shall be your border.
DEU 11:26	YELLOW	Y-anchor	giorno		1.86	Ecco, io pongo oggi davanti al vostro volto una benedizione e una maledizione.	Guardate, io pongo oggi dinanzi a voi la benedizione e la maledizione:	See, I am setting before you today a blessing and a curse.
DEU 11:27	YELLOW	Y-anchor	giorno		1.23	La benedizione, se ascoltate i comandamenti dell'Eterno, il vostro Dio, che oggi io vi comando.	la benedizione, se ubbidite ai comandamenti dell’Eterno, del vostro Dio, i quali oggi vi do;	the blessing, if you obey the commandments of the LORD your God which I command you today;
DEU 11:28	YELLOW	Y-anchor	giorno		1.43	e la maledizione, se non ascolterete i comandamenti dell'Eterno, il vostro Dio, e vi allontanerete dalla via che oggi io vi comando, per andare dietro ad altri dèi che non avete conosciuto.	la maledizione, se non ubbidite ai comandamenti dell’Eterno, dell’Iddio vostro, e se vi allontanate dalla via che oggi vi prescrivo, per andar dietro a dèi stranieri che voi non avete mai conosciuti.	And the curse, if you do not listen to the commandments of the LORD your God, and turn aside from the way which I command you today, to go after other gods which you have not known.
DEU 11:30	YELLOW	Y-anchor	lato		1.88	Non sono essi al di là del Giordano, dietro la via dell'ingresso del sole, nella terra del Cananeo che abita nella pianura, di fronte a Ghilgal, presso le querce di Moreh?	Questi monti non sono essi di là dal Giordano, dietro la via di ponente, nel paese dei Cananei che abitano nella pianura dirimpetto a Ghilgal presso la querce di Moreh?	Are they not beyond the Jordan, toward the west, in the land of the Canaanite who dwells in the Arabah, opposite Gilgal, by the terebinths of Moreh?
DEU 11:32	YELLOW	Y-anchor	giorno		1.67	E osserverete di mettere in pratica tutti gli statuti e i giudizi che oggi io pongo davanti al vostro volto.	Abbiate dunque cura di mettere in pratica tutte le leggi e le prescrizioni, che oggi io pongo dinanzi a voi.	You shall keep to do all the statutes and the judgments which I am giving before you today.
DEU 11:8	YELLOW	Y-anchor	giorno		1.21	Osserverete tutto il comandamento che oggi io vi comando, affinché siate forti e entriate e possediate la terra nella quale passate per possederla.	Osservate dunque tutti i comandamenti che oggi vi do, affinché siate forti e possiate entrare in possesso del paese nel quale state per entrare per impadronirvene,	You shall keep in all manner the commandment which I command you today, so that you may grow strong and come and possess the land which you are crossing over there to possess.
DEU 12:17	YELLOW	Y-anchor	tutto		2.56	Non potrai mangiare nelle tue porte la decima del tuo grano, del tuo vino e del tuo olio, né la primogenitura dei tuoi buoi e delle tue pecore, né alcuno dei tuoi voti che farai, né le tue offerte volontarie, né l'offerta della tua mano.	Non potrai mangiare entro le tue porte le decime del tuo frumento, del tuo mosto, del tuo olio, né i primogeniti de’ tuoi armenti e de’ tuoi greggi, né ciò che avrai consacrato per voto, né le tue offerte volontarie, né quel che le tue mani avranno prelevato;	You shall not be able to eat within your gates the tithe of your wheat and your new wine and your anointed oil, nor the birthright of your beeve and your sheep, nor any of your vows that you vow, nor your free offerings, nor the gift of your hand.
DEU 12:8	YELLOW	Y-anchor	giorno		1.67	Non farete come tutto ciò che noi facciamo qui oggi, ogni uomo tutto ciò che è retto ai suoi occhi.	Non farete come facciamo oggi qui, dove ognuno fa tutto quel che gli par bene,	You shall not do according to all that we are doing here today, every man whatever is right in his own eyes.
DEU 13:18	YELLOW	Y-anchor	giorno		1.78	Se ascolterai la voce dell'Eterno, il tuo Dio, per osservare tutti i suoi comandamenti che oggi ti comando, per fare ciò che è retto agli occhi dell'Eterno, il tuo Dio.	quando tu obbedisca alla voce dell’Eterno, del tuo Dio, osservando tutti i suoi comandamenti che oggi ti do, e facendo ciò ch’è retto agli occhi dell’Eterno, ch’è il tuo Dio.	If you listen to the voice of the LORD your God to keep all his commandments that I am commanding you today to do what is right in the eyes of the LORD your God
DEU 14:19	YELLOW	Y-anchor	uccello		1.50	E ogni rettile alato sarà impuro per voi; non se ne mangerà.	E considererete come impuro ogni insetto alato; non se ne mangerà.	And every flying creature that creeps shall be unclean to you; you shall not eat it.
DEU 14:21	YELLOW	Y-anchor	tutto		1.87	Non mangerete alcuna carcassa; la darai allo straniero che è dentro le tue porte, ed egli la mangerà, oppure la venderai al forestiero, perché sei un popolo santo per l'Eterno, il tuo Dio. Non cuocerai un capretto nel latte di sua madre.	Non mangerete d’alcuna bestia morta da sé; la darai allo straniero che sarà entro le tue porte perché la mangi, o la venderai a qualche estraneo; poiché tu sei un popolo consacrato all’Eterno, ch’è il tuo Dio. Non farai cuocere il capretto nel latte di sua madre.	You shall not eat any carcass; to the alien who is within your gates you shall give it, that he may eat it, or you may sell it to a foreigner, for you are a holy people to the LORD your God; you shall not boil a kid in its mother's milk.
DEU 15:15	YELLOW	Y-anchor	giorno		1.47	E ricorderai che fosti servo nella terra d'Egitto, e che l'Eterno, il tuo Dio, ti riscattò; perciò io ti comando questa parola oggi.	e ti ricorderai che sei stato schiavo nel paese d’Egitto, e che l’Eterno, il tuo Dio, ti ha redento; perciò io ti do oggi questo comandamento.	You shall remember that you were a bondman in the land of Egypt and that the LORD your God redeemed you from there; therefore I command you this thing today.
DEU 15:18	YELLOW	Y-anchor	secondo		2.00	Non ti sia grave agli occhi tuoi, quando lo rimandi libero da te, perché per il doppio del salario di un operaio ti ha servito sei anni; e l'Eterno, il tuo Dio, ti benedirà in tutto ciò che farai.	Non ti sia grave rimandarlo da te libero, poiché t’ha servito sei anni, e un mercenario ti sarebbe costato il doppio; e l’Eterno, il tuo Dio, ti benedirà in tutto ciò che farai.	Do not regard it as a hardship in your sight when you release him free from you, for double the wages of a hired servant he has served you six years; and the LORD your God will bless you in all that you do.
DEU 15:21	YELLOW	Y-anchor	tutto		1.57	E se vi sarà in esso un difetto, zoppo oppure cieco, qualsiasi difetto grave, non lo sacrificherai all'Eterno, il tuo Dio.	E se l’animale ha qualche difetto, se è zoppo o cieco o ha qualche altro grave difetto, non lo sacrificherai all’Eterno, al tuo Dio;	If there is a blemish in it, lame or blind, any evil blemish, you shall not sacrifice it to the LORD your God.
DEU 15:5	YELLOW	Y-anchor	giorno		1.41	Soltanto se ascolterai attentamente la voce dell'Eterno, il tuo Dio, per osservare e mettere in pratica tutto questo comandamento che oggi ti comando.	purché però tu ubbidisca diligentemente alla voce dell’Eterno, ch’è il tuo Dio, avendo cura di mettere in pratica tutti questi comandamenti, che oggi ti do.	Only if you will indeed obey the voice of the LORD your God to keep to do all the commandment which I command you today.
DEU 15:8	YELLOW	Y-anchor	sufficienza		1.77	Poiché aprirai del tutto la tua mano a lui, e gli presterai in abbondanza quanto basta alla sua mancanza, ciò che gli manca.	anzi gli aprirai largamente la mano e gli presterai quanto gli abbisognerà per la necessità nella quale si trova.	For you shall surely open your hand to him, and freely lend him sufficient for his lack which he lacks.
DEU 16:21	YELLOW	Y-anchor	tutto		1.54	Non pianterai per te un'Asera di alcun albero presso l'altare dell'Eterno, il tuo Dio, che ti farai.	Non pianterai alcun idolo d’Astarte, di qualsivoglia specie di legno, allato all’altare che edificherai all’Eterno, ch’è il tuo Dio;	You shall not plant for yourself a grove of any kind of tree near the altar of the LORD your God which you shall make for yourself.
DEU 17:1	YELLOW	Y-anchor	tutto		1.56	Non sacrificherai all'Eterno, il tuo Dio, un bue o una pecora che abbia un difetto, qualsiasi parola cattiva; poiché è un'abominazione all'Eterno, il tuo Dio.	Non immolerai all’Eterno, al tuo Dio, bue o pecora che abbia qualche difetto o qualche deformità, perché sarebbe cosa abominevole per l’Eterno, ch’è il tuo Dio.	You shall not sacrifice to the LORD your God an ox or a sheep that has a blemish or any evil thing, for that is an abomination to the LORD your God.
DEU 1:1	YELLOW	Y-anchor	lato		1.50	Queste sono le parole che Mosè rivolse a tutto Israele al di là del Giordano, nel deserto, nella pianura di fronte al Mar Rosso, tra Paran e Tofel, Laban, Cazerot e Di-Zahab.	Queste sono le parole che Mosè rivolse a Israele di là dal Giordano, nel deserto, nella pianura dirimpetto a Suf, fra Paran, Tofel, Laban, Hatseroth e Di-Zahab.	These are the words that Moses spoke to all Israel beyond the Jordan in the wilderness, in the Arabah opposite the Red Sea, between Paran and Tophel and Laban and Hazeroth and Dizahab.
DEU 1:10	YELLOW	Y-anchor	giorno		2.22	L'Eterno, il vostro Dio, vi ha moltiplicati grandemente; ed ecco, oggi siete come le stelle del cielo in moltitudine.	L’Eterno, ch’è il vostro Dio, vi ha moltiplicati, ed ecco che oggi siete numerosi come le stelle del cielo.	The Lord your God has greatly multiplied you, and behold, you today are as numerous as the stars of the heavens.
DEU 1:23	YELLOW	Y-anchor	parola		1.55	La cosa fu buona ai miei occhi, e presi da voi dodici uomini, un uomo per tribù.	La cosa mi piacque, e presi dodici uomini tra voi, uno per tribù.	The matter seemed good in my sight, so I took from you twelve men, one man for each tribe.
DEU 1:39	YELLOW	Y-anchor	giorno		1.95	I vostri bambini, dei quali diceste che sarebbero stati per bottino, e i vostri figli che oggi non conoscono né il bene né il male, essi entreranno là, e a loro la darò, ed essi la possederanno.	E i vostri fanciulli, de’ quali avete detto: Diventeranno tanta preda! e i vostri figliuoli, che oggi non conoscono né il bene né il male, sono quelli che v’entreranno; a loro lo darò, e saranno essi che lo possederanno.	Your little children, whom you said would be spoil, and your sons who do not today know good and evil, they shall enter there, and to them I will give it, and they shall inherit it.
DEU 1:5	YELLOW	Y-anchor	lato		1.45	Al di là del Giordano, nella terra di Moab, Mosè cominciò a spiegare questa legge, dicendo:	Di là dal Giordano, nel paese di Moab, Mosè cominciò a spiegare questa legge, dicendo:	Beyond the Jordan in the land of Moab, Moses undertook to expound this law, saying:
DEU 20:3	YELLOW	Y-anchor	giorno		1.75	"E dirà loro: ""Ascolta, Israele: voi oggi vi avvicinate alla guerra contro i vostri nemici; non si faccia fiacco il vostro cuore, non temete, non vi affrettate e non vi terrorizzate davanti al loro volto."""	e gli dirà: “Ascolta, Israele! Voi state oggi per impegnar battaglia coi vostri nemici; il vostro cuore non venga meno; non temete, non vi smarrite e non vi spaventate dinanzi a loro,	Hear, Israel: you are coming near to battle against your enemies today; do not let your heart be faint, do not fear, and do not panic or be terrified before them.
DEU 21:13	YELLOW	Y-anchor	prigioniero		2.00	E lei si toglierà di dosso il vestito della sua prigionia, e abiterà nella tua casa, e piangerà suo padre e sua madre un mese di giorni; e dopo questo, tu potrai venire a lei e prenderla in moglie, ed ella sarà tua donna.	si leverà il vestito che portava quando fu presa, dimorerà in casa tua, e piangerà suo padre e sua madre per un mese intero; poi entrerai da lei, e tu sarai suo marito, ed ella tua moglie.	And she shall remove the apparel of her captivity from upon her, and dwell in your house, and mourn her father and her mother a full month; afterward you may come to her and be her husband, and she shall be your wife.
DEU 22:6	YELLOW	Y-anchor	tutto		1.54	Se per caso trovi un nido di uccello davanti a te sulla via, in qualunque albero o sulla terra, con pulcini o uova, e la madre sia accovacciata sui pulcini o sulle uova, non prenderai la madre con i figli.	Quando, cammin facendo, t’avverrà di trovare sopra un albero o per terra un nido d’uccello con de’ pulcini o delle uova e la madre che cova i pulcini o le uova, non prenderai la madre coi piccini;	If a bird's nest happens before you along the way, in any tree or on the ground, with young ones or eggs, and the mother sitting on the young or on the eggs, you shall not take the mother with the children.
DEU 23:18	YELLOW	Y-anchor	tutto		1.94	Non porterai il salario di una prostituta né il prezzo di un cane nella casa dell'Eterno, il tuo Dio, per alcun voto, perché entrambi sono un'abominazione all'Eterno, il tuo Dio.	Non porterai nella casa dell’Eterno, del tuo Dio, la mercede d’una meretrice né il prezzo della vendita d’un cane, per sciogliere qualsivoglia voto; poiché ambedue son cose abominevoli per l’Eterno, ch’è il tuo Dio.	You shall not bring the hire of a prostitute or the price of a dog into the house of the LORD your God for any vow, for both are an abomination to the LORD your God.
DEU 24:10	YELLOW	Y-anchor	debito|nulla		1.82	Quando farai al tuo prossimo un prestito di qualsiasi cosa, non entrerai nella sua casa per prendere il suo pegno.	Quando presterai qualsivoglia cosa al tuo prossimo, non entrerai in casa sua per prendere il suo pegno;	If you lend your fellow any kind of debt, you shall not enter his house to take his pledge.
DEU 24:5	YELLOW	Y-anchor	tutto		1.70	Quando un uomo prende una donna nuova, non uscirà con l'esercito, e non gli sarà imposto alcun incarico per nessuna parola; sarà libero per la sua casa per un anno, e rallegrerà la sua donna che ha preso.	Quando un uomo si sarà sposato di fresco, non andrà alla guerra, e non gli sarà imposto alcun incarico; sarà libero per un anno di starsene a casa, e farà lieta la moglie che ha sposata.	When a man takes a new wife, he shall not go out to the warfare nor be charged with any matter, being free for his household one year, and shall cheer his wife whom he has taken.
DEU 25:15	YELLOW	Y-anchor	giustizia|giustizia		1.40	Una pietra intera e giusta avrai, un efa intero e giusto avrai, affinché i tuoi giorni siano prolungati sulla terra che l'Eterno, il tuo Dio, ti dà.	Terrai pesi esatti e giusti, terrai misure esatte e giuste, affinché i tuoi giorni siano prolungati sulla terra che l’Eterno, l’Iddio tuo, ti dà.	A just stone and just shall be yours; a complete ephah and just shall be yours; so that your days may be prolonged upon the land which the LORD your God gives you.
DEU 25:5	YELLOW	Y-anchor	strada		1.79	Quando fratelli abiteranno insieme e uno di loro morirà senza figlio, la donna del morto non andrà fuori a un uomo estraneo; il suo cognato verrà da lei, la prenderà per sé come donna e compirà verso di lei il dovere di cognato.	Quando de’ fratelli staranno assieme, e l’un d’essi morrà senza lasciar figliuoli, la moglie del defunto non si mariterà fuori, con uno straniero; il suo cognato verrà da lei e se la prenderà per moglie, compiendo così verso di lei il suo dovere di cognato;	When brothers dwell together and one of them dies and has no son, the wife of the dead shall not be married outside to another man; her husband's brother shall come to her, take her as his wife, and perform the duty of a husband's brother.
DEU 26:17	YELLOW	Y-anchor	giorno		2.20	Oggi hai dichiarato l'Eterno per essere il tuo Dio, per camminare nelle sue vie, per osservare i suoi statuti, i suoi comandamenti e i suoi giudizi, e per ascoltare la sua voce.	Tu hai fatto dichiarare oggi all’Eterno ch’egli sarà il tuo Dio, purché tu cammini nelle sue vie e osservi le sue leggi, i suoi comandamenti, le sue prescrizioni, e tu ubbidisca alla sua voce.	Today you have declared the LORD to be your God, to walk in His ways, to keep His statutes, His commandments, and His judgments, and to obey His voice.
DEU 26:18	YELLOW	Y-anchor	giorno		1.85	Oggi l'Eterno ti ha dichiarato per essere per lui un popolo tesoro, come ti ha parlato, e per osservare tutti i suoi comandamenti.	E l’Eterno t’ha fatto oggi dichiarare che gli sarai un popolo specialmente suo, com’egli t’ha detto, e che osserverai tutti i suoi comandamenti,	Today the LORD has declared you to be his special people, as he promised you, and to keep all his commandments.
DEU 27:1	YELLOW	Y-anchor	giorno		1.19	"Mosè e gli anziani d'Israele comandarono al popolo, dicendo: ""Osserva tutto il comandamento che oggi io ti comando."""	Or Mosè e gli anziani d’Israele dettero quest’ordine al popolo: “Osservate tutti i comandamenti che oggi vi do.	Moses and the elders of Israel commanded the folk, saying, Keep the whole commandment which I am commanding you today.
DEU 27:10	YELLOW	Y-anchor	giorno		1.77	Ascolta la voce dell'Eterno, il tuo Dio, e metti in pratica i suoi comandamenti e i suoi statuti che oggi ti comando.	Ubbidirai quindi alla voce dell’Eterno, del tuo Dio, e metterai in pratica i suoi comandamenti e le sue leggi che oggi ti do”.	You shall hear aloud the voice of the LORD your God and do the commandments and the statutes which I command you today.
DEU 27:9	YELLOW	Y-anchor	giorno		1.53	"Mosè e i sacerdoti leviti parlarono a tutto Israele, dicendo: ""Fa' silenzio e ascolta, Israele: oggi sei diventato un popolo per l'Eterno, il tuo Dio."""	E Mosè e i sacerdoti levitici parlarono a tutto Israele, dicendo: “Fa’ silenzio e ascolta, o Israele! Oggi sei divenuto il popolo dell’Eterno, del tuo Dio.	Moses and the priests, the Levites, spoke to all Israel, saying: Be silent and listen, Israel: today you have become a people to the LORD your God.
DEU 28:1	YELLOW	Y-anchor	giorno		1.83	E sarà che, se ascolterai diligentemente la voce dell'Eterno, il tuo Dio, per osservare e mettere in pratica tutti i suoi comandamenti che oggi ti do, allora l'Eterno, il tuo Dio, ti innalzerà al di sopra di tutte le nazioni della terra.	Ora, se tu ubbidisci diligentemente alla voce dell’Eterno, del tuo Dio, avendo cura di mettere in pratica tutti i suoi comandamenti che oggi ti do, avverrà che l’Eterno, il tuo Dio, ti renderà eccelso sopra tutte le nazioni della terra;	And it shall be, if you diligently obey the voice of the LORD your God, to keep all the commandments that I command you today, then the LORD your God will set you on high above all the nations of the earth.
DEU 28:13	YELLOW	Y-anchor	giorno		1.74	L'Eterno ti costituirà come capo e non come coda, e sarai soltanto in alto e non sarai in basso, se ascolti i comandamenti dell'Eterno, il tuo Dio, che oggi ti comando di osservare e di mettere in pratica.	L’Eterno ti metterà alla testa e non alla coda, e sarai sempre in alto e mai in basso, se ubbidirai ai comandamenti dell’Eterno, del tuo Dio, i quali oggi ti do perché tu li osservi e li metta in pratica,	The LORD will make you the head and not the tail, and you will be only above and not below, if you listen to the commandments of the LORD your God, which I am commanding you today, to keep and to do.
DEU 28:14	YELLOW	Y-anchor	giorno		1.62	E non ti allontanerai da tutte le parole che oggi ti comando, né a destra né a sinistra, per andare dietro ad altri dèi per servirli.	e se non devierai né a destra né a sinistra da alcuna delle cose che oggi vi comando, per andar dietro ad altri dèi e per servirli.	Do not turn aside from all the things which I command you today, to the right or to the left, to go after other gods to serve them.
DEU 28:15	YELLOW	Y-anchor	giorno		1.87	E avverrà che, se non ascolterai la voce dell'Eterno, il tuo Dio, per osservare e mettere in pratica tutti i suoi comandamenti e i suoi statuti che oggi io ti comando, allora tutte queste maledizioni verranno su di te e ti raggiungeranno.	Ma se non ubbidisci alla voce dell’Eterno, del tuo Dio, se non hai cura di mettere in pratica tutti i suoi comandamenti e tutte le sue leggi che oggi ti do, avverrà che tutte queste maledizioni verranno su te e si compiranno per te:	And it shall come to pass if you do not listen to the voice of the LORD your God, to keep and to do all his commandments and his statutes which I command you today, that all these curses shall come upon you and overtake you.
DEU 28:35	YELLOW	Y-anchor	mano		1.81	L'Eterno ti colpirà con un foruncolo maligno sui ginocchi e sulle cosce, che non potrai far guarire, dalla pianta del tuo piede fino alla cima del tuo capo.	L’Eterno ti colpirà sulle ginocchia e sulle cosce con un’ulcera maligna, della quale non potrai guarire; ti colpirà dalle piante de’ piedi alla sommità del capo.	The LORD will strike you with a malignant boil on your knees and on your thighs, that cannot be healed, from the sole of your foot to the crown of your head.
DEU 28:56	YELLOW	Y-anchor	mano		2.32	La donna delicata e molle tra di voi, che non ha mai provato a posare la pianta del suo piede sulla terra, per delicatezza e per tenerezza, il suo occhio guarderà con malevolenza l'uomo del suo seno, e suo figlio, e sua figlia.	La donna più delicata e più molle tra voi, che per mollezza e delicatezza non si sarebbe attentata a posare la pianta del piede in terra, guarderà di mal occhio il marito che le riposa sul seno, il suo figliuolo e la sua figliuola,	The delicate and tender woman among you, who has never ventured to set the sole of her foot upon the ground because of her delicacy and tenderness, will look with affliction upon the husband of her bosom and upon her son and upon her daughter.
DEU 28:65	YELLOW	Y-anchor	mano		1.79	E fra quelle nazioni non troverai riposo, e non ci sarà riposo per la pianta del tuo piede; e l'Eterno ti darà là un cuore tremante, consumzione di occhi e tristezza d'anima.	E fra quelle nazioni non avrai requie, e non vi sarà luogo di riposo per la pianta de’ tuoi piedi; ma l’Eterno ti darà quivi un cuor tremante, degli occhi che si spegneranno e un’anima languente.	And among those nations you shall find no rest, nor shall there be a place of rest for the sole of your foot; and there the LORD will give you a trembling heart, failing of the eyes, and sorrow of soul.
DEU 29:1	YELLOW	Y-anchor	solo		1.65	Queste sono le parole del patto che l'Eterno comandò a Mosè di stipulare con i figli d'Israele nella terra di Moab, oltre al patto che egli fece con loro in Oreb.	Queste sono le parole del patto che l’Eterno comandò a Mosè di stabilire coi figliuoli d’Israele nel paese di Moab, oltre il patto che avea stabilito con essi a Horeb.	These are the words of the covenant that the LORD commanded Moses to make with the children of Israel in the land of Moab, besides the covenant that he made with them in Horeb.
DEU 29:10	YELLOW	Y-anchor	giorno		2.21	Oggi voi tutti siete in piedi davanti al volto dell'Eterno, il vostro Dio: i vostri capi, le vostre tribù, i vostri anziani e i vostri ufficiali, ogni uomo d'Israele.	Oggi voi comparite tutti davanti all’Eterno, al vostro Dio, i vostri capi, le vostre tribù, i vostri anziani, i vostri ufficiali, tutti gli uomini d’Israele,	You are standing today, all of you, before the LORD your God—your chiefs, your tribes, your elders, and your officers, every man of Israel—
DEU 29:12	YELLOW	Y-anchor	giorno		2.09	per entrare nel patto dell'Eterno, il tuo Dio, e nella sua maledizione, che l'Eterno, il tuo Dio, stringe con te oggi.	per entrare nel patto dell’Eterno, ch’è il tuo Dio: patto fermato con giuramento, e che l’Eterno, il tuo Dio, fa oggi con te,	to pass into the covenant of the LORD your God and into his curse which the LORD your God is making with you today
DEU 29:13	YELLOW	Y-anchor	giorno		1.63	affinché oggi ti stabilisca come suo popolo, ed egli sia per te Dio, come ti ha parlato e come ha giurato ai tuoi padri, ad Abramo, a Isacco e a Giacobbe.	per stabilirti oggi come suo popolo, e per esser tuo Dio, come ti disse e come giurò ai tuoi padri, ad Abrahamo, ad Isacco e a Giacobbe.	so that he may establish you today as a people for himself, and he will be to you as God, as he spoke to you and as he swore to your fathers, to Abraham, to Isaac, and to Jacob.
DEU 29:15	YELLOW	Y-anchor	giorno|giorno		1.47	ma con chi è qui con noi oggi, stando davanti al volto dell'Eterno nostro Dio, e con chi non è qui con noi oggi.	ma con quelli che stanno qui oggi con noi davanti all’Eterno, ch’è l’Iddio nostro, e con quelli che non son qui oggi con noi.	For the one who is here with us today standing before the LORD our God, and the one who is not here with us today.
DEU 29:18	YELLOW	Y-anchor	giorno		1.40	Non vi sia tra voi uomo o donna, o famiglia o tribù, il cui cuore oggi si allontani dall'Eterno, nostro Dio, per andare a servire gli dèi di quelle nazioni; non vi sia tra voi radice che produca veleno e assenzio.	Non siavi tra voi uomo o donna o famiglia o tribù che volga oggi il cuore lungi dall’Eterno, ch’è il nostro Dio, per andare a servire agli dèi di quelle nazioni; non siavi tra voi radice alcuna che produca veleno e assenzio;	Lest there be among you any man or woman, family or tribe whose heart turns away today from the LORD our God to go serve the gods of those nations; lest there be among you a root bearing poison and wormwood.
DEU 29:29	YELLOW	Y-anchor	eternità		2.29	Le cose occulte appartengono all'Eterno, nostro Dio; ma le cose rivelate sono per noi e per i nostri figli, per sempre, per mettere in pratica tutte le parole di questa legge.	Le cose occulte appartengono all’Eterno, al nostro Dio, ma le cose rivelate sono per noi e per i nostri figliuoli, in perpetuo, perché mettiamo in pratica tutte le parole di questa legge.	The secret things belong to the LORD our God, but the revealed things are for us and our children forever, to do all the words of this law.
DEU 2:18	YELLOW	Y-anchor	giorno		1.12	Oggi tu passi il confine di Moab, verso Ar.	“Oggi tu stai per passare i confini di Moab, ad Ar, e ti avvicinerai ai figliuoli di Ammon.	You are passing today the border of Moab, [to] Ar.
DEU 2:20	YELLOW	Y-anchor	volto		1.46	Anche questa è considerata terra dei Refaim; i Refaim vi abitarono in passato, e gli Ammoniti li chiamavano Zamzummim.	(Anche questo paese era reputato paese di Refaim: prima vi abitavano dei Refaim, e gli Ammoniti li chiamavano Zamzummim:	The land is counted a land of Rephaim; even they were Rephaim who lived there formerly, and the Ammonites call them Zamzummim.
DEU 2:5	YELLOW	Y-anchor	mano		1.37	Non contendete con loro, perché non vi darò della loro terra neppure l'orma del piede, poiché a Esaù ho dato il monte Seir come eredità.	non movete lor guerra, poiché del loro paese io non vi darò neppur quanto ne può calcare un piede; giacché ho dato il monte di Seir a Esaù, come sua proprietà.	Do not contend with them, for I will not give you any of their land, not even the breadth of a footstep, because I have given the hill country of Seir as a possession to Esau.
DEU 30:11	YELLOW	Y-anchor	giorno		1.14	Poiché questo comandamento che oggi ti comando non è troppo difficile per te, né è lontano.	Questo comandamento che oggi ti do, non e troppo alto per te, né troppo lontano da te.	For this commandment that I am commanding you today is not too extraordinary for you, nor is it far away.
DEU 30:15	YELLOW	Y-anchor	giorno		1.67	Vedi, io ho posto oggi davanti al tuo volto la vita e il bene, e la morte e il male.	Vedi, io pongo oggi davanti a te la vita e il bene, la morte e il male;	See, I have set before you today life and good, and death and evil.
DEU 30:16	YELLOW	Y-anchor	giorno		2.12	che io oggi ti comando di amare l'Eterno, il tuo Dio, di camminare nelle sue vie e di osservare i suoi comandamenti, i suoi statuti e i suoi giudizi, affinché tu viva e ti moltiplichi, e l'Eterno, il tuo Dio, ti benedica nella terra nella quale stai per entrare per possederla.	poiché io ti comando oggi d’amare l’Eterno, il tuo Dio, di camminare nelle sue vie, d’osservare i suoi comandamenti, le sue leggi e i suoi precetti affinché tu viva e ti moltiplichi, e l’Eterno, il tuo Dio, ti benedica nel paese dove stai per entrare per prenderne possesso.	which I command you today to love the LORD your God, to walk in his ways, and to keep his commandments, his statutes, and his judgments, so that you may live and multiply, and the LORD your God may bless you in the land to which you are coming to possess it.
DEU 30:19	YELLOW	Y-anchor	giorno		2.11	Io chiamo oggi a testimoni contro di voi il cielo e la terra: ho posto davanti al tuo volto la vita e la morte, la benedizione e la maledizione; scegli dunque la vita, affinché tu e il tuo seme viviate.	Io prendo oggi a testimoni contro a voi il cielo e la terra, che io ti ho posto davanti la vita e la morte, la benedizione e la maledizione; scegli dunque la vita, onde tu viva, tu e la tua progenie,	I call the heavens and the earth this day to witness against you: I have set before you life and death, the blessing and the curse; therefore choose life, that you and your seed may live.
DEU 30:2	YELLOW	Y-anchor	giorno		2.12	E tornerai all'Eterno, il tuo Dio, e ascolterai la sua voce, secondo tutto ciò che oggi io ti comando, tu e i tuoi figli, con tutto il tuo cuore e con tutta la tua anima.	e ti convertirai all’Eterno, al tuo Dio, e ubbidirai alla sua voce, tu e i tuoi figliuoli, con tutto il tuo cuore e con tutta l’anima tua, secondo tutto ciò che oggi io ti comando,	And you shall return to the LORD your God and obey his voice according to all that I command you today, you and your children, with all your heart and with all your soul.
DEU 30:6	YELLOW	Y-anchor	vita		2.00	L'Eterno, il tuo Dio, circonciderà il tuo cuore e il cuore del tuo seme, per amare l'Eterno, il tuo Dio, con tutto il tuo cuore e con tutta la tua anima, affinché tu viva.	L’Eterno, il tuo Dio, circonciderà il tuo cuore e il cuore della tua progenie affinché tu ami l’Eterno, il tuo Dio, con tutto il tuo cuore e con tutta l’anima tua, e così tu viva.	And the LORD your God will circumcise your heart and the heart of your seed, to love the LORD your God with all your heart and with all your soul, that you may live.
DEU 30:8	YELLOW	Y-anchor	giorno		1.69	E tu ritornerai e ascolterai la voce dell'Eterno, e metterai in pratica tutti i suoi comandamenti che oggi io ti comando.	E tu ti convertirai, ubbidirai alla voce dell’Eterno, e metterai in pratica tutti questi comandamenti che oggi ti do.	You shall return and listen to the voice of the LORD and do all the commandments that I command you today.
DEU 31:21	YELLOW	Y-anchor	giorno		1.58	E avverrà che quando lo colpiranno molti mali e angosce, questo canto risponderà davanti al suo volto come testimone, perché non sarà dimenticato dalla bocca del suo seme; poiché io conosco il suo disegno, ciò che egli fa oggi, prima che io lo introduca nella terra che ho giurato.	e quando molti mali e molte angosce saran piombati loro addosso, allora questo cantico leverà la sua voce contro di loro, come un testimonio; poiché esso non sarà dimenticato, e rimarrà sulle labbra dei loro posteri; giacché io conosco quali siano i pensieri ch’essi concepiscono, anche ora, prima ch’io li abbia introdotti nel paese che giurai di dar loro”.	And it shall come to pass, when he finds among them many adversities and distresses, that this song shall answer before him as a witness, because it shall not be forgotten from the mouth of his seed; for I know the imagination which he is forming today, before I bring him into the land which I swore.
DEU 31:27	YELLOW	Y-anchor	giorno		1.52	Poiché io conosco la tua ribellione e la tua cervice dura; ecco, mentre sono ancora vivo con voi oggi, siete stati ribelli contro l'Eterno; e quanto più dopo la mia morte.	perché io conosco il tuo spirito ribelle e la durezza del tuo collo. Ecco, oggi, mentre sono ancora vivente tra voi, siete stati ribelli contro l’Eterno; quanto più lo sarete dopo la mia morte!	For I know your rebellion and your stiff neck: behold, while I am still alive with you today, you have been rebellious against the LORD; how much more after my death.
DEU 32:25	YELLOW	Y-anchor	strada		1.85	Fuori, la spada priverà di figli, e dalle camere il terrore; anche il giovane, anche la vergine, il lattante con l'uomo dalla vecchiaia.	Di fuori la spada, e di dentro il terrore spargeranno il lutto, mietendo giovani e fanciulle, lattanti e uomini canuti.	Abroad the sword shall bereave, and in the inner chambers terror; both young man and virgin, infant with gray-haired man shall fall.
DEU 32:46	YELLOW	Y-anchor	giorno		1.64	"E disse loro: ""Ponete il vostro cuore su tutte le parole che io oggi attesto contro di voi, affinché le comandiate ai vostri figli, perché osservino e mettano in pratica tutte le parole di questa legge."""	“Prendete a cuore tutte le parole con le quali testimonio oggi contro a voi. Le prescriverete ai vostri figliuoli, onde abbian cura di mettere in pratica tutte le parole di questa legge.	Set your hearts to all the words that I testify among you today, that you may command your children to keep and do all the words of this law.
DEU 32:48	YELLOW	Y-anchor	osso		1.25	L'Eterno parlò a Mosè in quello stesso giorno, dicendo:	E, in quello stesso giorno, l’Eterno parlò a Mosè, dicendo:	And the LORD spoke to Moses on the selfsame day, saying:
DEU 34:1	YELLOW	Y-anchor	volto|terra		1.41	Mosè salì dalla pianura di Moab al monte Nebo, al capo del Pisga, che è di fronte a Gerico; e l'Eterno gli mostrò tutto il paese, Galaad fino a Dan.	Poi Mosè salì dalle pianure di Moab sul Monte Nebo, in vetta al Pisga, che è difaccia a Gerico. E l’Eterno gli fece vedere tutto il paese: Galaad fino a Dan,	Moses went up from the Arabah of Moab to Mount Nebo, the top of Pisgah, which is opposite Jericho, and the LORD showed him all the land, as far as Gilead to Dan.
DEU 4:15	YELLOW	Y-anchor	tutto		1.67	Guardate molto attentamente le vostre anime, perché non vedeste alcuna immagine nel giorno in cui l'Eterno vi parlò in Oreb dal mezzo del fuoco.	Or dunque, siccome non vedeste alcuna figura il giorno che l’Eterno vi parlò in Horeb in mezzo al fuoco, vegliate diligentemente sulle anime vostre,	You must keep your souls exceedingly, for you did not see any image on the day the LORD spoke to you at Horeb out of the midst of the fire.
DEU 4:23	YELLOW	Y-anchor	tutto		1.85	Guardatevi, per non dimenticare il patto dell'Eterno, il vostro Dio, che egli ha stabilito con voi, e non fatevi un'immagine scolpita, l'immagine di qualsiasi cosa, che l'Eterno, il tuo Dio, ti ha comandato.	Guardatevi dal dimenticare il patto che l’Eterno, il vostro Dio, ha fermato con voi, e dal farvi alcuna immagine scolpita, o rappresentazione di qualsivoglia cosa che l’Eterno, l’Iddio tuo, t’abbia proibita.	Take care for yourselves lest you forget the covenant that the LORD your God made with you, and make for yourselves a carved image or any likeness of anything that the LORD your God has forbidden you.
DEU 4:32	YELLOW	Y-anchor	volto		1.64	Interroga pure i giorni antichi che furono prima di te, dal giorno in cui Dio creò l'uomo sulla terra, e da un'estremità del cielo fino all'altra estremità del cielo: è mai avvenuta una parola così grande, o si è mai udita cosa simile?	Interroga pure i tempi antichi, che furon prima di te, dal giorno che Dio creò l’uomo sulla terra, e da un’estremità de’ cieli all’altra: Ci fu egli mai cosa così grande come questa, e s’udì egli mai cosa simile a questa?	Ask now of the days that were before you, from the day when God created man upon the earth, and from one end of the heavens to the other end of the heavens: has there ever been such a great thing as this, or has there ever been heard anything like it?
DEU 4:39	YELLOW	Y-anchor	giorno		1.62	Oggi riconosci e medita nel tuo cuore che l'Eterno è Dio nei cieli di sopra e sulla terra di sotto: non ve n'è altro.	Sappi dunque oggi e ritieni bene in cuor tuo che l’Eterno è Dio: lassù ne’ cieli, e quaggiù sulla terra; e che non ve n’è alcun altro.	Today you shall know and set upon your heart that the LORD is God in the heavens above and upon the earth beneath—there is no other.
DEU 4:8	YELLOW	Y-anchor	giorno		1.31	E quale grande nazione ha statuti e giudizi giusti come tutta questa legge che oggi io pongo davanti al vostro volto?	E qual è la gran nazione che abbia delle leggi e delle prescrizioni giuste com’è tutta questa legge ch’io vi espongo quest’oggi?	And which nation is great that has statutes and judgments as righteous as all this law which I set before you today?
DEU 5:1	YELLOW	Y-anchor	giorno		1.32	"Mosè chiamò tutto Israele e disse loro: ""Ascolta, Israele, gli statuti e i giudizi che io pronuncio oggi nei vostri orecchi, e imparateli e custoditeli per metterli in pratica."""	Mosè convocò tutto Israele, e disse loro: Ascolta, Israele, le leggi e le prescrizioni che oggi io proclamo dinanzi a voi; imparatele, e mettetele diligentemente in pratica.	Moses called to all Israel and said to them, Hear, O Israel, the statutes and the judgments which I speak in your ears today, and learn them and keep them to do.
DEU 5:3	YELLOW	Y-anchor	giorno		1.38	Non con i nostri padri l'Eterno concluse questo patto, ma con noi, noi stessi che siamo qui oggi, tutti quanti vivi.	L’Eterno non fermò questo patto coi nostri padri, ma con noi, che siam qui oggi tutti quanti in vita.	Not with our forefathers did the LORD make this covenant, but with us, we ourselves, all of us who are here today, alive.
DEU 6:6	YELLOW	Y-anchor	giorno		1.11	Queste parole che oggi ti comando staranno sul tuo cuore.	E questi comandamenti che oggi ti do ti staranno nel cuore;	And these words which I command you today shall be upon your heart.
DEU 7:11	YELLOW	Y-anchor	giorno		1.33	Osserva il comandamento, gli statuti e i giudizi che oggi ti comando di mettere in pratica.	Osserva dunque i comandamenti, le leggi e le prescrizioni che oggi ti do, mettendoli in pratica.	You shall keep the commandment, the statutes, and the ordinances that I am commanding you today to do them.
DEU 8:1	YELLOW	Y-anchor	giorno		1.42	Osserverete tutto il comandamento che oggi io vi comando, affinché viviate e vi moltiplichiate, ed entriate e possediate la terra che l'Eterno giurò ai vostri padri.	Abbiate cura di mettere in pratica tutti i comandamenti che oggi vi do, affinché viviate, moltiplichiate, ed entriate in possesso del paese che l’Eterno giurò di dare ai vostri padri.	You shall keep to do all the commandment which I command you today, so that you may live and multiply and go in and possess the land which the LORD swore to your fathers.
DEU 8:11	YELLOW	Y-anchor	giorno		1.81	Guàrdati, che tu non dimentichi l'Eterno, il tuo Dio, così da non osservare i suoi comandamenti, i suoi giudizi e i suoi statuti, che oggi io ti comando.	Guardati bene dal dimenticare il tuo Dio, l’Eterno, al punto da non osservare i suoi comandamenti, le sue prescrizioni e le sue leggi che oggi ti do;	Take care, lest you forget the LORD your God, so as not to keep his commandments, his judgments, and his statutes, which I am commanding you today.
DEU 8:19	YELLOW	Y-anchor	giorno		1.70	E sarà che, se dimentichi l'Eterno, il tuo Dio, e cammini dietro ad altri dèi, e li servi e ti prostri davanti a loro, io testimonio oggi contro di voi che certamente perirete.	Ma se avvenga che tu dimentichi il tuo Dio, l’Eterno, e vada dietro ad altri dèi e li serva e ti prostri davanti a loro, io vi dichiaro quest’oggi solennemente che certo perirete.	If you ever forget the LORD your God and follow other gods to serve them and bow down to them, I testify against you today that you will surely perish.
DEU 8:9	YELLOW	Y-anchor	tutto		1.50	una terra dove non mangerai pane in scarsità, non ti mancherà nulla in essa; una terra le cui pietre sono ferro, e dai suoi monti estrarrai rame.	paese dove mangerai del pane a volontà, dove non ti mancherà nulla; paese dove le pietre son ferro, e dai cui monti scaverai il rame.	a land where you will not eat bread in scarceness, nothing will be lacking in it, a land whose stones are iron and from whose mountains you will mine copper
DEU 9:3	YELLOW	Y-anchor	giorno		2.00	E saprai oggi che l'Eterno, il tuo Dio, è colui che passa davanti a te come fuoco consumante; egli li distruggerà ed egli li umilierà davanti a te; e tu li scaccerai e li farai perire rapidamente, come l'Eterno ti ha parlato.	Sappi dunque oggi che l’Eterno, il tuo Dio, è quegli che marcerà alla tua testa, come un fuoco divorante; ei li distruggerà e li abbatterà davanti a te; tu li scaccerai e li farai perire in un attimo, come l’Eterno ti ha detto.	And you shall know this day that it is the LORD your God who is crossing over before you as a consuming fire; He will destroy them and He will subdue them before you, and you shall dispossess and destroy them quickly, just as the LORD has spoken to you.
ECC 12:12	YELLOW	Y-anchor	eccedenza		1.62	Oltre a questo, figlio mio, sii avvertito: fare molti libri non ha fine, e lo studio intenso è stanchezza della carne.	Del resto, figliuol mio, sta’ in guardia: si fanno de’ libri in numero infinito; e molto studiare è una fatica per il corpo.	Moreover, my son, be warned: making many books has no end, and much study brings weariness to the body.
ECC 1:4	YELLOW	Y-anchor	eternità		1.86	Una generazione va e una generazione viene, ma la terra rimane in eterno.	Una generazione se ne va, un’altra viene, e la terra sussiste in perpetuo.	A generation goes and a generation comes, but the earth stands forever.
ECC 1:6	YELLOW	Y-anchor	intorno		1.71	Il vento va verso il sud e gira verso il settentrione; girando e rigirando va il vento, e sui suoi giri il vento ritorna.	Il vento soffia verso il mezzogiorno, poi gira verso settentrione; va girando, girando continuamente, per ricominciare gli stessi giri.	Going toward the south and turning toward the north, the wind turns about, turning, turning; it goes on its circuits, and to its surrounding places the wind returns.
ECC 1:9	YELLOW	Y-anchor	tutto		2.23	Ciò che è stato è ciò che sarà, e ciò che è stato fatto è ciò che sarà fatto; e non c'è nulla di nuovo sotto il sole.	Quello ch’è stato è quel che sarà; quel che s’è fatto è quel che si farà; non v’è nulla di nuovo sotto il sole.	That which has been is what will be, and that which has been done is what will be done, and there is no new thing under the sun.
ECC 4:12	YELLOW	Y-anchor	velocità		2.00	E se uno prevale contro l'altro, i due gli staranno di fronte; e il filo triplo non si spezza in fretta.	E se uno tenta di sopraffare colui ch’è solo, due gli terranno testa; una corda a tre capi non si rompe così presto.	But if one of them prevails against the other, the two will stand against him; and the tripled cord will not quickly break.
ECC 5:11	YELLOW	Y-anchor	vista		2.36	Quando i beni aumentano, molti sono coloro che li mangiano; e che successo c'è per il suo padrone, se non la veduta dei suoi occhi?	Quando abbondano i beni, abbondano anche quei che li mangiano; e che pro ne viene ai possessori, se non di veder quei beni coi loro occhi?	When goods increase, those who eat them multiply, and what advantage is there for its owner except the sight of his eyes?
ECC 5:16	YELLOW	Y-anchor	accanto		1.64	Anche questo è un male grave: come è venuto, così se ne va; e che profitto ha colui che fatica per il vento?	Anche questo è un male grave: ch’ei se ne vada tal e quale era venuto; e qual profitto gli viene dall’aver faticato per il vento?	And this also is a grievous affliction, that all who come are in the same way going; and what profit has he who labors for the wind?
ECC 6:12	YELLOW	Y-anchor	vanità		1.86	Poiché chi sa ciò che è bene per l'uomo nella vita, il numero dei giorni della sua vita vana, che egli trascorre come un'ombra? E chi può dire all'uomo ciò che sarà dopo di lui sotto il sole?	Poiché chi sa ciò ch’è buono per l’uomo nella sua vita, durante tutti i giorni della sua vita vana, ch’egli passa come un’ombra? E chi sa dire all’uomo quel che sarà dopo di lui sotto il sole?	For who knows what is good for a person in life, all the days of the life of vanity—which he spends like a shadow? And who can tell a person what will be after him under the sun?
ECC 9:1	YELLOW	Y-anchor	lavoro		1.65	Poiché tutto questo ho posto nel mio cuore, e per esaminare tutto questo: che i giusti e i saggi e le loro opere sono nella mano di Dio; anche amore e anche odio, l'uomo non conosce; tutto è davanti al loro volto.	Sì, io ho applicato a tutto questo il mio cuore, e ho cercato di chiarirlo: che cioè i giusti e i savi e le loro opere sono nelle mani di Dio; l’uomo non sa neppure se amerà o se odierà; tutto è possibile.	For all this I took to heart, and to explore all this: that the righteous and the wise and their works are in the hand of God; also love and hate—no person knows, all is before them.
EST 1:22	YELLOW	Y-anchor	libro		1.77	Mandò lettere a tutte le province del re, a ogni provincia secondo il suo scritto e a ogni popolo secondo la sua lingua, affinché ogni uomo fosse signore nella sua casa e parlasse secondo la lingua del suo popolo.	e mandò lettere a tutte le province del regno, a ogni provincia secondo il suo modo di scrivere e ad ogni popolo secondo la sua lingua; per esse lettere ogni uomo doveva esser padrone in casa propria e parlare la lingua del suo popolo.	He sent letters to all the provinces of the king, to every province according to its script and to every people according to its language, that every man should be master in his house and speak according to the language of his people.
EST 3:13	YELLOW	Y-anchor	libro		1.68	E si mandarono lettere per mano dei corrieri a tutte le province del re, per sterminare, uccidere e annientare tutti i Giudei, dal giovane fino al vecchio, bambini e donne, in un solo giorno, il tredicesimo giorno del dodicesimo mese, che è il mese di Adar, e per saccheggiare il loro bottino.	E furon mandate delle lettere, a mezzo di corrieri, in tutte le province del re perché si distruggessero, si uccidessero, si sterminassero tutti i Giudei, giovani e vecchi, bambini e donne, in un medesimo giorno, il tredici del dodicesimo mese, ch’è il mese d’Adar, e si abbandonassero al saccheggio i loro beni.	And send letters by the hand of couriers to all the king's provinces, to destroy, to kill, and to annihilate all the Jews, from children and up to the aged, the little ones and women, on one day, on the thirteenth day of the twelfth month, which is the month Adar, and to plunder their spoil.
EST 5:2	YELLOW	Y-anchor	capo		1.71	Quando il re vide la regina Ester che stava nel cortile, ella ottenne favore ai suoi occhi; e il re tese a Ester lo scettro d'oro che aveva in mano; allora Ester si avvicinò e toccò la punta dello scettro.	E come il re ebbe veduta la regina Ester in piedi nel cortile, ella si guadagnò la sua grazia; e il re stese verso Ester lo scettro d’oro che teneva in mano; ed Ester s’appressò, e toccò la punta dello scettro.	When the king saw Queen Esther standing in the court, she obtained favour in his eyes, and the king extended to Esther the golden sceptre that was in his hand; so Esther approached and touched the top of the sceptre.
EST 5:4	YELLOW	Y-anchor	giorno		1.33	"Ester rispose: ""Se al re pare bene, venga oggi il re con Aman al banchetto che ho preparato per lui."""	Ester rispose: “Se così piace al re, venga oggi il re con Haman al convito che gli ho preparato”.	"Esther said, ""If it pleases the king, let the king and Haman come today to the banquet that I have prepared for him."""
EST 6:6	YELLOW	Y-anchor	eccedenza		1.73	"Aman entrò, e il re gli disse: ""Che cosa si deve fare per l'uomo che il re desidera onorare?"" E Aman disse nel suo cuore: ""Per chi il re desidererebbe fare un onore più grande di me?"""	Haman entrò, e il re gli disse: “Che bisogna fare a un uomo che il re voglia onorare?” Haman disse in cuor suo: “Chi altri vorrebbe il re onorare, se non me?”	"Haman came in, and the king said to him, ""What should be done for the man whom the king delights to honour?"" Haman said in his heart, ""To whom would the king delight to show honour more than me?"""
EST 8:15	YELLOW	Y-anchor	volto|regno		1.94	Mardocheo uscì dalla presenza del re con un vestito regale di azzurro e bianco, una grande corona d'oro, e una veste di bisso e porpora; e la città di Susa esultò e si rallegrò.	Mardocheo uscì dalla presenza del re con una veste reale di porpora e di lino bianco, con una grande corona d’oro, e un manto di bisso e di scarlatto; la città di Susa mandava gridi di gioia, ed era in festa.	And Mordecai went forth from the presence of the king in royal apparel of blue and white, with a great crown of gold, and a garment of fine linen and purple; and the city Shushan shouted and rejoiced.
EST 9:13	YELLOW	Y-anchor	giorno		1.59	"Allora Ester disse: ""Se al re pare bene, sia concesso anche domani ai Giudei che sono in Susa di agire secondo il decreto di oggi, e i dieci figli di Aman siano appesi all'albero."""	Allora Ester disse: “Se così piace al re, sia permesso ai Giudei che sono a Susa di fare anche domani quello ch’era stato decretato per oggi; e siano appesi alla forca i dieci figliuoli di Haman”.	Then Esther said, If it pleases the king, let it also be granted to the Jews who are in Shushan to act according to the decree of today tomorrow, and let the ten sons of Haman be hanged on the tree.
EST 9:19	YELLOW	Y-anchor	villaggio		1.86	Perciò i Giudei che abitano nelle città senza mura, gli abitanti delle campagne, fanno del giorno quattordici del mese di Adar un giorno di gioia e di banchetto, un giorno buono, e l'invio di porzioni, ciascun uomo al suo prossimo.	Perciò i Giudei della campagna che abitano in città non murate fanno del quattordicesimo giorno del mese di Adar un giorno di gioia, di conviti e di festa, nel quale gli uni mandano dei regali agli altri.	Therefore the Jews who dwell in the unwalled towns make the fourteenth day of the month of Adar a day of joy and feasting, a good day, and of sending portions one to another.
EXO 12:19	YELLOW	Y-anchor	tutto		1.72	Per sette giorni non si trovi lievito nelle vostre case, perché chiunque mangerà pasta lievitata, quell'anima sarà recisa dalla congregazione d'Israele, sia lo straniero sia il nativo della terra.	Per sette giorni non si trovi lievito nelle vostre case; perché chiunque mangerà qualcosa di lievitato, quel tale sarà reciso dalla raunanza d’Israele: sia egli forestiero o nativo del paese.	Seven days no leaven shall be found in your houses, for whoever eats leavened food—that person shall be cut off from the congregation of Israel, both the sojourner and the home-born of the land.
EXO 12:3	YELLOW	Y-anchor	strumento a dieci corde		1.82	"Parlate a tutta la congregazione d'Israele, dicendo: ""Nel decimo giorno di questo mese, ciascun uomo prenda per sé una pecora per la casa dei padri, una pecora per la casa."""	Parlate a tutta la raunanza d’Israele, e dite: Il decimo giorno di questo mese, prenda ognuno un agnello per famiglia, un agnello per casa;	Speak to the whole congregation of Israel, saying: On the tenth day of this month, let each man take a lamb for his father's house, a lamb for the household.
EXO 12:35	YELLOW	Y-anchor	Egitto		1.83	I figli d'Israele fecero secondo la parola di Mosè, e chiesero agli Egiziani vasi d'argento, vasi d'oro e vestiti.	Or i figliuoli d’Israele fecero come Mosè avea detto: domandarono agli Egiziani degli oggetti d’argento, degli oggetti d’oro e de’ vestiti;	The Israelites did as Moses had said, and asked the Egyptians for silver vessels, gold vessels, and clothing.
EXO 12:38	YELLOW	Y-anchor	ordito		1.80	Salì anche con loro un gran numero di persone miste, e pecore e buoi, un bestiame molto numeroso.	E una folla di gente d’ogni specie salì anch’essa con loro; e avevano pure greggi, armenti, bestiame in grandissima quantità.	And also a mixed multitude went up with them, and very many sheep and beeve, a very heavy herd.
EXO 12:41	YELLOW	Y-anchor	osso|esercito		1.47	E avvenne che, alla fine di trent'anni e quattrocento anni, in quello stesso giorno, uscirono tutte le schiere dell'Eterno dalla terra d'Egitto.	E al termine di quattrocento trenta anni, proprio il giorno che finivano, avvenne che tutte le schiere dell’Eterno uscirono dal paese d’Egitto.	After thirty years and four hundred years, on the very day, all the hosts of the LORD went out from the land of Egypt.
EXO 12:43	YELLOW	Y-anchor	tutto		1.43	"L'Eterno disse a Mosè e ad Aronne: ""Questo è lo statuto della Pasqua: nessun figlio di straniero ne mangerà."""	E l’Eterno disse a Mosè e ad Aaronne: “Questa è la norma della Pasqua: Nessuno straniero ne mangi;	The LORD said to Moses and Aaron, This is the ordinance of the passover: no alien shall eat of it.
EXO 12:46	YELLOW	Y-anchor	strada		1.57	In una sola casa sarà mangiata; non porterai fuori dalla casa della carne all'aperto, e non spezzerete alcun osso in essa.	Si mangi ogni agnello in una medesima casa; non portate fuori nulla della carne d’esso, e non ne spezzate alcun osso.	It shall be eaten in one house; you shall not bring out from the house any of the flesh outside, and you shall not break a bone in it.
EXO 12:51	YELLOW	Y-anchor	osso		1.69	Avvenne in quello stesso giorno che l'Eterno fece uscire i figli d'Israele dalla terra d'Egitto secondo i loro eserciti.	E avvenne che in quel medesimo giorno l’Eterno trasse i figliuoli d’Israele dal paese d’Egitto, secondo le loro schiere.	On the very day the LORD brought the children of Israel out of the land of Egypt according to their hosts.
EXO 13:4	YELLOW	Y-anchor	giorno		1.40	Oggi voi uscite nel mese della spiga.	Voi uscite oggi, nel mese di Abib.	Today you are going out in the month of Abib.
EXO 14:13	YELLOW	Y-anchor	giorno|giorno		1.22	"Mosè disse al popolo: ""Non temete; fermatevi e vedete la salvezza dell'Eterno, che egli compirà oggi per voi; perché gli Egiziani che avete visto oggi, non li rivedrete mai più, in eternità."""	E Mosè disse al popolo: “Non temete, state fermi, e mirate la liberazione che l’Eterno compirà oggi per voi; poiché gli Egiziani che avete veduti quest’oggi, non li vedrete mai più in perpetuo.	Moses said to the folk, Do not fear, stand firm and see the deliverance which the LORD will work for you today, for as you have seen the Egyptians today you shall not continue to see them again ever.
EXO 15:8	YELLOW	Y-anchor	ira		2.00	Al soffio del tuo spirito le acque si ammucchiarono, si fermarono come un mucchio le correnti; gli abissi si rappresero nel cuore del mare.	Al soffio delle tue nari le acque si sono ammontate, le onde si son drizzate come un muro, i flutti si sono assodati nel cuore del mare.	By the blast of your anger the waters were heaped up; they stood like a heap, the depths congealed in the midst of the sea.
EXO 16:15	YELLOW	Y-anchor	uomo|fratello		1.54	"I figli d'Israele videro e si dissero l'uno all'altro: ""Che cos'è?"" perché non sapevano che cosa fosse. E Mosè disse loro: ""Questo è il pane che l'Eterno vi ha dato per cibo."""	E i figliuoli d’Israele, veduta che l’ebbero, dissero l’uno all’altro: “Che cos’è?” perché non sapevan che cosa fosse. E Mosè disse loro: “Questo è il pane che l’Eterno vi dà a mangiare.	"The Israelites saw, and said each man to his brother, ""What is it?"" for they did not know what it was; and Moses said to them, ""It is the bread that the LORD has given you to eat."""
EXO 16:22	YELLOW	Y-anchor	secondo		1.53	E nel sesto giorno raccolsero pane doppio, due omer per ciascuno; e tutti i principi della congregazione vennero e lo riferirono a Mosè.	E il sesto giorno raccolsero di quel pane il doppio: due omer per ciascuno. E tutti i capi della raunanza lo vennero a dire a Mosè.	On the sixth day they gathered double bread, two omers for each person, and all the leaders of the congregation came and reported it to Moses.
EXO 16:25	YELLOW	Y-anchor	giorno|giorno|giorno		1.33	"Mosè disse: ""Mangiatelo oggi, perché oggi è sabato dell'Eterno; oggi non lo troverete nel campo."""	E Mosè disse: “Mangiatelo oggi, perché oggi è il sabato sacro all’Eterno; oggi non ne troverete per i campi.	Moses said, Eat it today, for today is a sabbath to the LORD; today you will not find it in the field.
EXO 16:5	YELLOW	Y-anchor	secondo		1.50	E avverrà che nel sesto giorno prepareranno ciò che porteranno, e sarà il doppio di ciò che raccoglieranno giorno per giorno.	Ma il sesto giorno, quando prepareranno quello che avran portato a casa, essa sarà il doppio di quello che avranno raccolto ogni altro giorno”.	And it shall be on the sixth day, they shall prepare what they bring, and it shall be twice as much as they gather day by day.
EXO 19:10	YELLOW	Y-anchor	giorno		1.50	"L'Eterno disse a Mosè: ""Va' al popolo e santificali oggi e domani, e lavino i loro vestiti."""	Allora l’Eterno disse a Mosè: “Va’ dal popolo, santificalo oggi e domani, e fa’ che si lavi le vesti.	And the LORD said to Moses, Go to the people and sanctify them today and tomorrow, and they shall wash their garments.
EXO 20:10	YELLOW	Y-anchor	tutto		2.44	E il settimo giorno è sabato per l'Eterno, il tuo Dio; non farai alcun lavoro, tu, né tuo figlio, né tua figlia, né il tuo servo, né la tua serva, né il tuo bestiame, né lo straniero che è dentro le tue porte.	ma il settimo è giorno di riposo, sacro all’Eterno, ch’è l’Iddio tuo; non fare in esso lavoro alcuno, né tu, né il tuo figliuolo, né la tua figliuola, né il tuo servo, né la tua serva, né il tuo bestiame, né il forestiero ch’è dentro alle tue porte;	The seventh day is a sabbath to the LORD your God: you shall not do any work, you and your son and your daughter, your male servant and your female servant, your cattle, and your sojourner who is in your gates.
EXO 20:16	YELLOW	Y-anchor	testimone|falsità		1.60	Non renderai falsa testimonianza contro il tuo prossimo.	Non attestare il falso contro il tuo prossimo.	You shall not bear false witness against your fellow.
EXO 22:19	YELLOW	Y-anchor	tutto		1.50	Chiunque giaccia con un bestiame sarà messo a morte.	Chi s’accoppia con una bestia dovrà esser messo a morte.	Every one who lies with a beast shall be put to death.
EXO 22:22	YELLOW	Y-anchor	tutto		1.20	Non opprimerete nessuna vedova né orfano.	Non affliggerete alcuna vedova, ne alcun orfano.	You shall not oppress any widow or fatherless child.
EXO 22:31	YELLOW	Y-anchor	preda sbranata		1.33	Sarete per me uomini santi, e non mangerete carne sbranata nel campo; la getterete al cane.	Voi mi sarete degli uomini santi; non mangerete carne di bestia trovata sbranata nei campi; gettatela ai cani.	You shall be holy men to me; you shall not eat any flesh torn in the field; you shall cast it to the dog.
EXO 23:15	YELLOW	Y-anchor	tenda di convegno		1.81	Osserva la festa degli azzimi: per sette giorni mangerai azzimi, come ti ho comandato, al tempo stabilito del mese delle spighe, perché in esso sei uscito dall'Egitto; e non si vedrà il mio volto a mani vuote.	Osserverai la festa degli azzimi. Per sette giorni mangerai pane senza lievito, come te l’ho ordinato, al tempo stabilito del mese di Abib, perché in quel mese tu uscisti dal paese d’Egitto; e nessuno comparirà dinanzi a me a mani vuote.	Observe the solemn feast of unleavened bread: seven days you shall eat unleavened bread, as I commanded you at the appointed time in the month of Abib, for in it you went out from Egypt, and they shall not appear before my face empty.
EXO 24:14	YELLOW	Y-anchor	padrone		1.58	"E agli anziani disse: ""Restate qui per noi finché torniamo a voi; ed ecco, Aronne e Ur sono con voi; chi ha una questione di parola si accosti a loro."""	E disse agli anziani: “Aspettateci qui, finché torniamo a voi. Ecco, Aaronne e Hur sono con voi; chiunque abbia qualche affare si rivolga a loro”.	And to the elders he said, Wait for us in this place until we return to you, and behold, Aaron and Hur are with you; whoever has a matter shall approach them.
EXO 25:10	YELLOW	Y-anchor	albero|metà|metà|metà		2.23	Faranno un'arca di legno di acacia: due cubiti e mezzo la sua lunghezza, un cubito e mezzo la sua larghezza, e un cubito e mezzo la sua altezza.	Faranno dunque un’arca di legno d’acacia; la sua lunghezza sarà di due cubiti e mezzo, la sua larghezza di un cubito e mezzo, e la sua altezza di un cubito e mezzo.	They shall make an ark of shittim wood: two and a half cubits its length, a cubit and a half its breadth, and a cubit and a half its height.
EXO 25:11	YELLOW	Y-anchor	casa|strada		1.75	Lo rivestirai di oro puro; dentro e fuori lo rivestirai, e farai su di esso una ghirlanda d'oro tutto intorno.	La rivestirai d’oro puro; la rivestirai così di dentro e di fuori; e le farai al di sopra una ghirlanda d’oro, che giri intorno.	You shall overlay it with pure gold, both inside and outside you shall overlay it, and you shall make for it a gold crown all around.
EXO 25:13	YELLOW	Y-anchor	albero		1.71	Farai delle stanghe di legno di acacia e le rivestirai d'oro.	Farai anche delle stanghe di legno d’acacia, e le rivestirai d’oro.	You shall make bars of shittim wood and overlay them with gold.
EXO 25:17	YELLOW	Y-anchor	metà|metà		2.40	Farai un propiziatorio di oro puro; la sua lunghezza sarà di due cubiti e mezzo, e la sua larghezza di un cubito e mezzo.	Farai anche un propiziatorio d’oro puro; la sua lunghezza sarà di due cubiti e mezzo, e la sua larghezza di un cubito e mezzo.	You shall make a mercy seat of pure gold, two cubits and a half its length, and a cubit and a half its breadth.
EXO 25:20	YELLOW	Y-anchor	uomo|fratello		1.89	I cherubini avranno le ali spiegate verso l'alto, coprendo con le loro ali il propiziatorio; e i loro volti saranno l'uno verso l'altro; verso il propiziatorio saranno i volti dei cherubini.	E i cherubini avranno le ali spiegate in alto, in modo da coprire il propiziatorio con le loro ali; avranno la faccia vòlta l’uno verso l’altro; le facce dei cherubini saranno volte verso il propiziatorio.	The cherubims shall have their wings spread upward, covering over the mercy seat with their wings, and the faces of the cherubims shall be toward one another; toward the mercy seat shall be the faces of the cherubims.
EXO 25:28	YELLOW	Y-anchor	albero		1.58	Farai le stanghe di legno d'acacia e le rivestirai d'oro, e con esse si porterà la tavola.	E le stanghe le farai di legno d’acacia, le rivestirai d’oro, e serviranno a portare la tavola.	You shall make the bars of acacia wood and overlay them with gold, and they shall carry the table with them.
EXO 26:16	YELLOW	Y-anchor	metà		1.70	Dieci cubiti la lunghezza della tavola, e un cubito e mezzo la larghezza della tavola, quella stessa.	La lunghezza d’un’asse sarà di dieci cubiti, e la larghezza d’un’asse, di un cubito e mezzo.	Ten cubits the length of the board, and a cubit and a half the breadth of the one board.
EXO 26:26	YELLOW	Y-anchor	albero		2.00	E farai delle sbarre di legno di acacia: cinque per le tavole del lato del tabernacolo, quello uno.	Farai anche delle traverse di legno d’acacia: cinque, per le assi di un lato del tabernacolo;	And you shall make bars of shittim wood: five for the boards of the side of the tabernacle, the one.
EXO 26:35	YELLOW	Y-anchor	strada		1.56	Porrai la tavola fuori dal velo, e il candelabro di fronte alla tavola, sul lato del tabernacolo verso mezzogiorno; e la tavola la porrai sul lato verso settentrione.	E metterai la tavola fuori del velo, e il candelabro dirimpetto alla tavola dal lato meridionale del tabernacolo; e metterai la tavola dal lato di settentrione.	And thou shalt set the table without the vail, and the candlestick over against the table on the side of the tabernacle toward the south, and the table thou shalt place on the side toward the north.
EXO 27:1	YELLOW	Y-anchor	albero		1.53	Farai l'altare di legno di acacia: cinque cubiti di lunghezza e cinque cubiti di larghezza; quadrato sarà l'altare, e tre cubiti la sua altezza.	Farai anche un altare di legno d’acacia, lungo cinque cubiti e largo cinque cubiti; l’altare sarà quadrato, e avrà tre cubiti d’altezza.	You shall make the altar of shittim wood: five cubits long, five cubits wide, square shall be the altar, and three cubits its height.
EXO 27:6	YELLOW	Y-anchor	albero		1.78	Farai delle stanga per l'altare, stanga di legno di acacia, e le rivestirai di rame.	Farai anche delle stanghe per l’altare: delle stanghe di legno d’acacia, e le rivestirai di rame.	Make bars for the altar, bars of acacia wood, and overlay them with brass.
EXO 2:18	YELLOW	Y-anchor	giorno		1.67	"E vennero da Reuel, loro padre, ed egli disse: ""Perché siete tornate così presto oggi?"""	E com’esse giunsero da Reuel loro padre, questi disse: “Come mai siete tornate così presto oggi?”	And they came to Raguel their father, and he said, Why have you come back so soon today?
EXO 30:1	YELLOW	Y-anchor	albero		1.50	Farai un altare per bruciare incenso; di legno di acacia lo farai.	Farai pure un altare per bruciarvi su il profumo: lo farai di legno d’acacia.	And you shall make an altar to burn incense upon, of shittim wood you shall make it.
EXO 30:12	YELLOW	Y-anchor	capo		1.75	Quando farai il censimento dei figli d'Israele secondo il loro numero, ciascun uomo darà all'Eterno il riscatto della propria anima quando li conterai, e non vi sarà piaga tra loro quando li conterai.	“Quando farai il conto de’ figliuoli d’Israele, facendo il censimento, ognun d’essi darà all’Eterno il riscatto della propria persona, quando saranno contati; onde non siano colpiti da qualche piaga, allorché farai il loro censimento.	When you take a census of the Israelites by their number, each man shall give a ransom for his life to the LORD when you number them, so that there may be no plague among them when you number them.
EXO 30:23	YELLOW	Y-anchor	capo		1.17	E tu prenditi aromi scelti: mirra di libertà cinquecento, e cannella aromatica la metà di essa, duecentocinquanta, e canna aromatica duecentocinquanta.	“Prenditi anche de’ migliori aromi: di mirra vergine, cinquecento sicli; di cinnamomo aromatico, la metà, cioè duecentocinquanta; di canna aromatica, pure duecentocinquanta;	And you take for yourself spices, the chief balm, pure myrrh five hundred, and cinnamon of spice, half of it, two hundred and fifty, and calamus of spice two hundred and fifty.
EXO 30:33	YELLOW	Y-anchor	uomo		1.36	Chiunque lo componesse simile, o ne mettesse sopra un estraneo, sarà reciso dal suo popolo.	Chiunque ne comporrà di simile, o chiunque ne metterà sopra un estraneo, sarà sterminato di fra il suo popolo”.	Whoever compounds any like it, or puts any of it on an outsider, shall be cut off from his people.
EXO 31:14	YELLOW	Y-anchor	tutto		1.55	Osserverete il sabato, perché è santo per voi; chi lo profana sarà messo a morte, perché chiunque faccia in esso un lavoro, quell'anima sarà recisa dal mezzo del suo popolo.	Osserverete dunque il sabato, perché è per voi un giorno santo; chi lo profanerà dovrà esser messo a morte; chiunque farà in esso qualche lavoro sarà sterminato di fra il suo popolo.	You shall keep every sabbath, for it is consecrated to you; whoever profanes it shall surely die, for every one doing any manner of work in it, that person shall be cut off from among his people.
EXO 31:15	YELLOW	Y-anchor	tutto		1.59	Sei giorni si farà lavoro, e nel settimo giorno sarà sabato di riposo, santo all'Eterno; chiunque farà lavoro nel giorno del sabato sarà messo a morte.	Si lavorerà sei giorni; ma il settimo giorno è un sabato di solenne riposo, sacro all’Eterno; chiunque farà qualche lavoro nel giorno del sabato dovrà esser messo a morte.	Six days work shall be done, and on the seventh day a sabbath of rest, holy to the LORD; whoever does work on the sabbath day shall surely die.
EXO 32:20	YELLOW	Y-anchor	volto		1.58	Prese il vitello che avevano fatto, lo bruciò nel fuoco, lo macinò fino a ridurlo in polvere, lo sparse sulla superficie dell'acqua, e fece bere ai figli d'Israele.	Poi prese il vitello che quelli avea fatto, lo bruciò col fuoco, lo ridusse in polvere, sparse la polvere sull’acqua, la fece bere ai figliuoli d’Israele.	And he took the calf which they had made, and burned it in the fire, and ground it until it was fine, and scattered it upon the surface of the water, and made the children of Israel drink it.
EXO 32:27	YELLOW	Y-anchor	uomo|uomo|uomo|uomo		1.59	"Egli disse loro: ""Così dice l'Eterno, il Dio d'Israele: Ognuno metta la sua spada al fianco; passate e tornate da porta a porta attraverso l'accampamento, e ciascuno uccida il suo fratello, ciascuno il suo prossimo, e ciascuno il suo parente."""	Ed egli disse loro: “Così dice l’Eterno, l’Iddio d’Israele: Ognun di voi si metta la spada al fianco; passate e ripassate nel campo, da una porta all’altra d’esso, e ciascuno uccida il fratello, ciascuno l’amico, ciascuno il vicino!”	He said to them, Thus says the LORD God of Israel, Put each man his sword on his thigh, pass back and forth from gate to gate in the camp, and each man slay his brother, each man his companion, and each man his neighbor.
EXO 32:29	YELLOW	Y-anchor	giorno|giorno		2.21	"Mosè disse: ""Riempite oggi le vostre mani per l'Eterno, poiché ciascun uomo è stato contro suo figlio e contro suo fratello, e per dare su di voi oggi una benedizione."""	Or Mosè avea detto: “Consacratevi oggi all’Eterno, anzi ciascuno si consacri a prezzo del proprio figliuolo e del proprio fratello, onde l’Eterno v’impartisca una benedizione”.	Moses said, fill your hands today to the LORD, for each man has been consecrated today with his son and with his brother, and to place upon you today a blessing.
EXO 33:7	YELLOW	Y-anchor	tutto		1.62	E Mosè prese la tenda e la piantò per sé fuori dell'accampamento, lontano dall'accampamento, e la chiamò tenda di convegno; e avveniva che chiunque cercava l'Eterno usciva verso la tenda di convegno, che era fuori dell'accampamento, sulla strada.	E Mosè prese la tenda, e la piantò per sé fuori del campo, a una certa distanza dal campo, e la chiamò la tenda di convegno; e chiunque cercava l’Eterno, usciva verso la tenda di convegno, ch’era fuori del campo.	And Moses took the tent and pitched it outside the camp, far from the camp, and called it the tent of meeting, and it happened: every one who sought the LORD went out to the tent of meeting, which was outside the camp.
EXO 34:11	YELLOW	Y-anchor	giorno		1.65	Osserva per te ciò che oggi ti comando: ecco, io scaccio davanti al tuo volto l'Amoreo, il Cananeo, l'Hitteo, il Perizzita, l'Eveo e il Gebusei.	Osserva quello che oggi ti comando: Ecco, io caccerò dinanzi a te gli Amorei, i Cananei, gli Hittei, i Ferezei, gli Hivvei e i Gebusei.	Keep for yourself the thing which I command you today: behold, I am driving out before you the Amorite and the Canaanite and the Hittite and the Perizzite and the Hivite and the Jebusite.
EXO 35:2	YELLOW	Y-anchor	tutto		1.59	Sei giorni si farà lavoro, e nel settimo giorno sarà per voi santo, sabato di riposo all'Eterno; chiunque faccia in esso lavoro sarà messo a morte.	Sei giorni si dovrà lavorare, ma il settimo giorno sarà per voi un giorno santo, un sabato di solenne riposo, consacrato all’Eterno. Chiunque farà qualche lavoro in esso sarà messo a morte.	Six days work shall be done, and on the seventh day shall be for you holy, a sabbath of rest to the LORD; every one who does work in it shall be put to death.
EXO 36:21	YELLOW	Y-anchor	metà		1.60	Dieci cubiti la lunghezza della tavola, e un cubito e mezzo la larghezza dell'una tavola.	La lunghezza d’un’asse era di dieci cubiti, e la larghezza d’un’asse, di un cubito e mezzo.	Ten cubits the length of the board, and a cubit and a half the breadth of the one board.
EXO 36:31	YELLOW	Y-anchor	albero		2.00	Fece anche le sbarre di legno di acacia: cinque per le tavole del lato del tabernacolo, quello uno.	E si fecero delle traverse di legno d’acacia: cinque, per le assi di un lato del tabernacolo;	And he made bars of shittim wood, five for the boards of the side of the tabernacle, the one.
EXO 37:1	YELLOW	Y-anchor	albero|metà|metà|metà		2.00	Betsaleel fece l'arca di legno di acacia; due cubiti e mezzo la sua lunghezza, un cubito e mezzo la sua larghezza, e un cubito e mezzo la sua altezza.	Poi Betsaleel fece l’arca di legno d’acacia; la sua lunghezza era di due cubiti e mezzo, la sua larghezza di un cubito e mezzo, e la sua altezza di un cubito e mezzo.	Bezaleel made the ark of shittim wood; two cubits and a half its length, a cubit and a half its breadth, and a cubit and a half its height.
EXO 37:10	YELLOW	Y-anchor	albero|metà		2.08	Fabbricò la tavola di legno di acacia: due cubiti la sua lunghezza, un cubito la sua larghezza, e un cubito e mezzo la sua altezza.	Fece anche la tavola di legno d’acacia; la sua lunghezza era di due cubiti, la sua larghezza di un cubito, e la sua altezza di un cubito e mezzo.	He made the table of shittim wood: two cubits its length, one cubit its breadth, and a cubit and a half its height.
EXO 37:15	YELLOW	Y-anchor	albero		1.45	Fece le stanghe di legno d'acacia e le rivestì d'oro, per portare la tavola.	E fece le stanghe di legno d’acacia, e le rivesti d’oro; esse dovean servire a portar la tavola.	He made the bars of shittim wood and overlaid them with gold to carry the table.
EXO 37:2	YELLOW	Y-anchor	casa|strada		1.70	Lo rivestì d'oro puro dentro e fuori, e gli fece una ghirlanda d'oro tutto intorno.	E la rivestì d’oro puro di dentro e di fuori, e le fece una ghirlanda d’oro che le girava attorno.	He overlaid it with pure gold inside and outside, and made a gold crown all around it.
EXO 37:25	YELLOW	Y-anchor	albero		2.25	Fabbricò l'altare dell'incenso di legno di acacia; un cubito la sua lunghezza e un cubito la sua larghezza, quadrato, e due cubiti la sua altezza; le sue corna erano di un pezzo con esso.	Poi fece l’altare dei profumi, di legno d’acacia; la sua lunghezza era di un cubito; e la sua larghezza di un cubito; era quadro, e aveva un’altezza di due cubiti; i suoi corni erano tutti d’un pezzo con esso.	He made the altar of incense of shittim wood; its length was a cubit and its breadth a cubit, square, and its height two cubits; its horns were of one piece with it.
EXO 37:28	YELLOW	Y-anchor	albero		1.50	Fece le stanghe di legno d'acacia e le rivestì d'oro.	E fece le stanghe di legno d’acacia, e le rivestì d’oro.	He made the bars of shittim wood and overlaid them with gold.
EXO 37:4	YELLOW	Y-anchor	albero		1.57	Fece stanghe di legno d'acacia e le rivestì d'oro.	Fece anche delle stanghe di legno d’acacia, e le rivesti d’oro.	He made bars of acacia wood and overlaid them with gold.
EXO 37:9	YELLOW	Y-anchor	uomo		1.83	I cherubini stendevano le ali verso l'alto, coprendo con le loro ali il propiziatorio; e i loro volti erano l'uno verso il fratello: verso il propiziatorio erano i volti dei cherubini.	E i cherubini aveano le ali spiegate in alto, in modo da coprire il propiziatorio con le ali; aveano la faccia vòlta l’uno verso l’altro; le facce dei cherubini erano volte verso il propiziatorio.	The cherubims had their wings spread upward, covering over the mercy seat with their wings, and their faces were each toward his brother; toward the mercy seat were the faces of the cherubims.
EXO 38:1	YELLOW	Y-anchor	albero		1.69	Fabbricò l'altare dell'olocausto di legno di acacia: cinque cubiti la sua lunghezza e cinque cubiti la sua larghezza, quadrato, e tre cubiti la sua altezza.	Poi fece l’altare degli olocausti, di legno d’acacia; la sua lunghezza era di cinque cubiti; e la sua larghezza di cinque cubiti; era quadro, e avea un’altezza di tre cubiti.	He made the altar of ascent of shittah wood, five cubits its length and five cubits its breadth, square, and three cubits its height.
EXO 3:7	YELLOW	Y-anchor	volto		1.72	"L'Eterno disse: ""Certo ho visto l'afflizione del mio popolo che è in Egitto, e ho udito il loro grido a causa dei loro oppressori, perché conosco i loro dolori."""	E l’Eterno disse: “Ho veduto, ho veduto l’afflizione del mio popolo che è in Egitto, e ho udito il grido che gli strappano i suoi angariatori; perché conosco i suoi affanni;	"The LORD said, ""I have surely seen the affliction of My people who are in Egypt, and I have heard their cry because of their taskmasters, for I know their sorrows."""
EXO 5:14	YELLOW	Y-anchor	giorno		1.67	"Furono percossi gli scribi dei figli d'Israele, che gli esattori del Faraone avevano posto su di loro, dicendo: ""Perché non avete completato il vostro statuto di fabbricare mattoni, né ieri né oggi, come prima?"""	E i sorveglianti de’ figliuoli d’Israele stabiliti sopra loro dagli ispettori di Faraone, furon battuti; e fu loro detto: “Perché non avete fornito, ieri e oggi come prima, la quantità di mattoni che v’è imposta?”	"The officers of the children of Israel, whom Pharaoh's taskmasters had set over them, were struck and said, ""Why have you not completed your appointed task for making bricks both yesterday and today as before?"""
EXO 5:3	YELLOW	Y-anchor	via		1.84	Il Dio degli Ebrei ci ha chiamati; andiamo, ti preghiamo, un cammino di tre giorni nel deserto, e offriremo sacrifici all'Eterno, nostro Dio, affinché non ci colpisca con la peste o con la spada.	Ed essi dissero: “L’Iddio degli Ebrei si è presentato a noi; lasciaci andare tre giornate di cammino nel deserto per offrir sacrifizi all’Eterno, ch’è il nostro Dio, onde ei non abbia a colpirci con la peste o con la spada”.	The Hebrews' God has called upon us; let us go, please, a three days' journey into the wilderness and sacrifice to the LORD our God, lest He encounter us with pestilence or sword.
EXO 6:5	YELLOW	Y-anchor	Egitto		1.64	E anche io ho udito il gemito dei figli d'Israele, che gli Egiziani fanno servire, e mi sono ricordato del mio patto.	Ed ho anche udito i gemiti de’ figliuoli d’Israele che gli Egiziani tengono in schiavitù, e mi son ricordato del mio patto.	I also have heard the groaning of the children of Israel, whom the Egyptians are afflicting, and I have remembered my covenant.
EXO 8:27	YELLOW	Y-anchor	via		1.55	Cammino di tre giorni andremo nel deserto, e sacrificheremo all'Eterno, nostro Dio, come egli ci dirà.	Andremo tre giornate di cammino nel deserto, e offriremo sacrifizi all’Eterno, ch’è il nostro Dio, com’egli ci ordinerà”.	A three days' journey we will go into the wilderness, and we will sacrifice to the LORD our God as He shall say to us.
EZK 10:12	YELLOW	Y-anchor	carne		2.64	E tutto il loro corpo, e il loro dorso, e le loro mani, e le loro ali, e le ruote erano pieni di occhi intorno, alle loro quattro ruote.	E tutto il corpo dei cherubini, i loro dossi, le loro mani, le loro ali, come pure le ruote, le ruote di tutti e quattro, eran pieni d’occhi tutto attorno.	And all their bodies, and their backs, and their hands, and their wings, and the wheels—full of eyes round about, their wheels.
EZK 11:24	YELLOW	Y-anchor	esilio		2.00	E lo spirito mi sollevò e mi portò in Caldea, agli esuli, nell'aspetto per lo spirito di Dio; e l'aspetto che avevo visto salì da me.	E lo spirito mi trasse in alto, e mi menò in Caldea presso quelli ch’erano in cattività, in visione, mediante lo spirito di Dio; e la visione che avevo avuta scomparve d’innanzi a me;	And a wind took me up and brought me to the Chaldeans, to the exiles, in the vision by the Spirit of God, and the vision that I had seen went up from me.
EZK 12:16	YELLOW	Y-anchor	numero		1.65	E lascerò sopravvivere di loro pochi uomini, dalla spada, dalla carestia e dalla peste, affinché raccontino tutte le loro abominazioni tra le nazioni dove sono giunti, e conoscano che io sono l'Eterno.	Ma lascerò di loro alcuni pochi uomini scampati dalla spada, dalla fame e dalla peste, affinché narrino tutte le loro abominazioni fra le nazioni dove saran giunti; e conosceranno che io sono l’Eterno”.	And I will spare from them a few people from the sword, from famine, and from pestilence, so that they may recount all their abominations among the nations where they have gone, and they may know that I am the LORD.
EZK 12:24	YELLOW	Y-anchor	tutto		1.50	Poiché non vi sarà più alcuna visione di vanità né divinazione lusinghiera in mezzo alla casa d'Israele.	poiché nessuna visione sarà più vana, né vi sarà più divinazione ingannevole in mezzo alla casa d’Israele.	For there shall no longer be any false vision or divination within the house of Israel.
EZK 12:28	YELLOW	Y-anchor	tutto		1.47	Perciò di' loro: Così dice il Signore, l'Eterno: Non sarà più ritardata alcuna delle mie parole; la parola che dirò si compirà, oracolo del Signore, l'Eterno.	Perciò di’ loro: Così parla il Signore, l’Eterno: Nessuna della mie parole sarà più differita; la parola che avrò pronunziata sarà messa ad effetto, dice il Signore, l’Eterno”.	Therefore say to them, Thus says the LORD God, No longer shall any of my words be delayed, for I will speak a word and it shall be done, declares the LORD God.
EZK 12:9	YELLOW	Y-anchor	ribellione		1.50	"Figlio d'uomo, non ti ha forse detto la casa d'Israele, la casa ribelle: ""Che cosa fai?"""	“Figliuol d’uomo, la casa d’Israele, questa casa ribelle, non t’ha ella detto: Che fai?	"Son of man, do not the rebellious house of Israel say to you, ""What are you doing?"""
EZK 16:12	YELLOW	Y-anchor	ira		2.10	E ti misi un orecchino sul tuo naso, e orecchini sui tuoi orecchi, e una corona di gloria sul tuo capo.	Ti misi un anello al naso, dei pendenti agli orecchi, e una magnifica corona in capo.	And I put a jewel on your nose, and earrings on your ears, and a beautiful crown on your head.
EZK 16:22	YELLOW	Y-anchor	nudità		2.00	E non ti sei ricordata di tutte le tue abominazioni e delle tue fornicazioni, nei giorni della tua giovinezza, quando eri nuda e scoperta, e ti rotolavi nel tuo sangue.	E in mezzo a tutte le tue abominazioni e alle tue prostituzioni, non ti sei ricordata de’ giorni della tua giovinezza, quand’eri nuda, scoperta, e ti dibattevi nel sangue.	And all your abominations and your fornications I did not remember from the days of your youth, when you were naked and bare, writhing in your blood, you were.
EZK 16:27	YELLOW	Y-anchor	scelleratezza		2.71	Ed ecco, ho steso la mia mano contro di te, e ho diminuito i tuoi statuti, e ti ho consegnata all'anima di quelle che ti odiano, le figlie dei Filistei, che si vergognano della tua via scellerata.	Perciò, ecco, io ho steso la mia mano contro di te, ho diminuito la provvisione che ti avevo fissata, e t’ho abbandonata in balìa delle figliuole dei Filistei, che t’odiano e hanno vergogna della tua condotta scellerata.	And behold, I have stretched out my hand against you and diminished your appointed portion, and delivered you to the soul of those who hate you, the daughters of the Philistines, who are ashamed of your lewd way.
EZK 16:8	YELLOW	Y-anchor	zio		2.05	Passai oltre a te e ti vidi, ed ecco, il tuo tempo era tempo di amori; stesi la mia ala su di te e coprii la tua nudità; ti giurai e stipulai un patto con te, oracolo del Signore, l'Eterno, e tu diventasti mia.	Io ti passai accanto, ti guardai, ed ecco il tuo tempo era giunto: il tempo degli amori; io stesi su di te il lembo della mia veste e copersi la tua nudità; ti feci un giuramento, fermai un patto con te, dice il Signore, l’Eterno, e tu fosti mia.	I passed over you and saw you, and behold, your time was a time of loves; so I spread my wing over you and covered your nakedness; and I swore to you and entered into covenant with you, says the Lord God, and you became mine.
EZK 17:12	YELLOW	Y-anchor	ribellione		1.74	"Di' ora alla casa ribelle: ""Non sapete che cosa significano queste cose?"" Di': ""Ecco, il re di Babilonia è venuto a Gerusalemme, e ha preso il suo re e i suoi capi, e li ha condotti con sé a Babilonia."""	“Di’ dunque a questa casa ribelle: Non sapete voi che cosa voglian dire queste cose? Di’ loro: Ecco, il re di Babilonia è venuto a Gerusalemme, ne ha preso il re ed i capi, e li ha menati con sé a Babilonia.	Say now to the rebellious court, Have you not known what these things mean? Say, Behold, the king of Babylon came to Jerusalem, and he took its king and its rulers, and brought them to himself to Babylon.
EZK 17:6	YELLOW	Y-anchor	solo		2.06	Germogliò e divenne una vite che si estendeva, bassa di altezza, con i suoi rami rivolti verso di lui, e le sue radici stavano sotto di essa; così divenne una vite, produsse tralci e mandò fuori rami.	Esso crebbe, e diventò una vite estesa, di pianta bassa, in modo da avere i suoi tralci vòlti verso l’aquila, e le sue radici sotto di lei. Così diventò una vite che fece de’ pampini e mise de rami.	And it grew and became a vine spreading low in stature, its branches turned toward him, and its roots were beneath it; and it became a vine and produced branches and sent out boughs.
EZK 17:8	YELLOW	Y-anchor	mantello		1.40	In un buon campo, presso acque abbondanti, essa fu piantata, per produrre rami e portare frutto, per diventare una vite maestosa.	Or essa era piantata in buon terreno, presso acque abbondanti, in modo da poter mettere de’ rami, portar frutto e diventare una vite magnifica.	To a good field, to abundant waters, it was planted, to bring forth a branch and bear fruit, to become a goodly vine.
EZK 19:14	YELLOW	Y-anchor	solo		1.88	E uscì fuoco da un ramo delle sue tribù, divorò il suo frutto, e non rimase in essa tribù di forza, scettro per governare. Questo è un lamento, e divenne un lamento.	un fuoco è uscito dal suo ramo fronzuto, e ne ha divorato il frutto, sì che non v’è in essa più ramo forte né scettro per governare”. Questa la lamentazione, ch’è diventata una lamentazione.	And fire went out from a rod of her branches; her fruit it devoured, and there was in her no rod of strength, no sceptre for ruling; a lamentation it is, and it became a lamentation.
EZK 1:7	YELLOW	Y-anchor	mano|mano		2.50	I loro piedi erano un piede diritto, e la pianta dei loro piedi era come la pianta del piede di un vitello, e scintillavano come l'occhio del rame lucido.	I loro piedi eran diritti, e la pianta de’ loro piedi era come la pianta del piede d’un vitello; e sfavillavano come il rame terso.	Their legs were straight legs, and the sole of their feet was like the sole of a calf's foot, and their sparkles were like the appearance of burnished copper.
EZK 1:8	YELLOW	Y-anchor	quarto		2.60	E avevano mani d'uomo sotto le loro ali, sui loro quattro lati; e i loro volti e le loro ali erano per tutti e quattro.	Avevano delle mani d’uomo sotto le ali ai loro quattro lati; e tutti e quattro avevano le loro facce e le loro ali.	And they had human hands under their wings on their four sides; and the four of them had their faces and their wings.
EZK 20:1	YELLOW	Y-anchor	strumento a dieci corde		1.93	Nell'anno settimo, nel quinto mese, il decimo giorno del mese, vennero alcuni uomini dagli anziani d'Israele per consultare l'Eterno, e si sedettero davanti al mio volto.	Or avvenne, il settimo anno, il decimo giorno del quinto mese, che alcuni degli anziani d’Israele vennero a consultare l’Eterno, e si misero a sedere davanti a me.	In the seventh year, in the fifth month, on the tenth day of the month, certain men from the elders of Israel came to inquire of the LORD, and sat before me.
EZK 21:21	YELLOW	Y-anchor	madre		1.61	Poiché il re di Babilonia si fermò al bivio della via, al capo delle due vie, per fare una divinazione; agitò le frecce, consultò i terafim, guardò nel fegato.	Poiché il re di Babilonia sta sul bivio, in capo alle due strade, per tirare presagi: scuote le freccie, consulta gl’idoli, esamina il fegato.	For the king of Babylon stood at the parting of the way, at the head of the two ways, to practice divination; he shook the arrows, consulted the idols, and looked at the liver.
EZK 21:23	YELLOW	Y-anchor	vanità		2.00	E sarà per loro come una divinazione vana ai loro occhi, giuramenti di giuramenti per loro; ma egli ricorda l'iniquità per farli catturare.	Ma essi non vedono in questo che una divinazione bugiarda; essi, a cui sono stati fatti tanti giuramenti! Ma ora egli si ricorderà della loro iniquità, perché siano presi.	And it shall be vanity in their sight, oaths of cursing for them, and He—remembering iniquity for punishment.
EZK 22:22	YELLOW	Y-anchor	fusione		2.29	Come si fonde l'argento in mezzo alla fornace, così sarete fusi in mezzo ad essa, e conoscerete che io sono l'Eterno, che ho versato il mio furore su di voi.	Come l’argento è fuso in mezzo al fornello, così voi sarete fusi in mezzo alla città; e voi saprete che io, l’Eterno, sono quegli che riverso su di voi il mio furore”.	As silver is melted in the midst of a furnace, so you shall be melted in the midst of her, and you shall know that I the LORD have poured out my wrath upon you.
EZK 23:41	YELLOW	Y-anchor	bagaglio		2.27	E sedevi su un letto sontuoso, con una tavola apparecchiata davanti ad esso, e il mio incenso e il mio olio ponevi su di esso.	ti sei assisa sopra un letto sontuoso, davanti al quale era disposta una tavola; e su quella hai messo il mio profumo e il mio olio.	And you will sit on a stately bed, and a table set before it, and my incense and my oil you will place upon it.
EZK 24:1	YELLOW	Y-anchor	strumento a dieci corde		1.82	E la parola dell'Eterno venne a me nell'anno nono, nel mese decimo, il decimo giorno del mese, dicendo:	E la parola dell’Eterno mi fu rivolta il nono anno, il decimo mese, il decimo giorno del mese, in questi termini:	And the word of the LORD came to me in the ninth year, in the tenth month, on the tenth day of the month, saying:
EZK 24:2	YELLOW	Y-anchor	osso|osso		1.32	Figlio d'uomo, scriviti il nome del giorno, questo stesso giorno: il re di Babilonia ha posto l'assedio contro Gerusalemme in questo stesso giorno.	“Figliuol d’uomo, scriviti la data di questo giorno, di quest’oggi! Oggi stesso, il re di Babilonia investe Gerusalemme.	Son of man, mark this day, even this very day, on which the king of Babylon laid siege against Jerusalem.
EZK 25:15	YELLOW	Y-anchor	eternità		1.80	Così dice il Signore, l'Eterno: Poiché i Filistei hanno agito con vendetta, e si sono vendicati con sprezzo nell'anima, per portare distruzione con inimicizia eterna.	Così parla il Signore, l’Eterno: Poiché i Filistei si sono abbandonati alla vendetta e si sono crudelmente vendicati, collo sprezzo che nutrivano nell’anima, dandosi alla distruzione per odio antico,	Thus says the Lord God: Because the Philistines have avenged with vengeance, and have taken revenge despite the soul, to destroy with lasting hatred,
EZK 26:9	YELLOW	Y-anchor	guerra		2.43	Porrà i suoi arieti contro le tue mura, e con le sue spade abbatterà le tue torri.	dirigerà contro le tue mura i suoi arieti, e coi suoi picconi abbatterà le tue torri.	And engines of war he shall set against your walls, and with his swords he shall cast down your towers.
EZK 27:28	YELLOW	Y-anchor	voce		2.00	Al suono del grido dei tuoi piloti tremeranno i contadi.	Alle grida de’ tuoi piloti, i lidi tremeranno;	At the cry of your shipmasters, the suburbs will tremble.
EZK 28:24	YELLOW	Y-anchor	intorno		1.89	E non sarà più per la casa d'Israele una spina pungente né una spina dolorosa da tutti quelli che li circondano, che li disprezzano; e sapranno che io sono il Signore, l'Eterno.	E non ci sarà più per la casa d’Israele né spina maligna né rovo irritante fra tutti i suoi vicini che la disprezzano; e si conoscerà che io sono il Signore, l’Eterno.	And the house of Israel shall no longer have a brier to prick or a thorn to cause pain from all who are around them, those who treated them with contempt; and they shall know that I am the LORD God.
EZK 2:8	YELLOW	Y-anchor	ribellione|ribellione		1.32	E tu, figlio d'uomo, ascolta ciò che io ti dico: non essere ribelle come la casa ribelle; apri la tua bocca e mangia ciò che io ti do.	E tu, figliuol d’uomo, ascolta ciò che ti dico; non esser ribelle com’è ribelle questa casa; apri la bocca, e mangia ciò che ti do”.	And you, son of man, hear what I am speaking to you: do not be rebellious like the rebellious house; open your mouth and eat what I am giving you.
EZK 31:16	YELLOW	Y-anchor	voce		2.14	Al rumore della sua caduta feci tremare le nazioni, quando lo feci scendere al soggiorno dei morti con quelli che scendono nella cisterna; e si consolarono nella terra profonda tutti gli alberi dell'Eden, il meglio e il più scelto del Libano, tutti quelli che bevono acqua.	Al rumore della sua caduta fece tremare le nazioni, quando lo feci scendere nel soggiorno de’ morti con quelli che scendono nella fossa; e nelle profondità della terra si consolarono tutti gli alberi di Eden, i più scelti e i più belli del Libano, tutti quelli che si dissetavano alle acque.	At the sound of his fall I made nations tremble, when I brought him down to Sheol, to the pit, and all the trees of Eden, the choice and best of Lebanon, all who drank water, were comforted in the land of the underworld.
EZK 34:8	YELLOW	Y-anchor	vita		2.00	"""Com'è vero che io vivo"", dice l'oracolo del Signore, l'Eterno, ""certo, poiché le mie pecore sono diventate bottino, e le mie pecore sono state cibo per ogni bestia del campo, per mancanza di pastore, e i miei pastori non hanno cercato le mie pecore, ma i pastori hanno pasciuto se stessi, e le mie pecore non le hanno pasciute""."	Com’è vero ch’io vivo, dice il Signore, l’Eterno, poiché le mie pecore sono abbandonate alla rapina; poiché le mie pecore, essendo senza pastore, servon di pasto a tutte le fiere de’ campi, e i miei pastori non cercano le mie pecore; poiché i pastori pascon se stessi e non pascono le mie pecore,	As I live, saith the LORD God, surely because My flock became prey and My flock was consumed by every wild beast of the field, for the shepherds did not seek My flock, and the shepherds fed themselves but My flock they did not feed.
EZK 35:5	YELLOW	Y-anchor	eternità		1.65	Poiché hai avuto un'inimicizia eterna e hai consegnato i figli d'Israele alla mano della spada nel tempo della loro calamità, nel tempo dell'iniquità della fine.	Poiché tu hai avuto una inimicizia eterna e hai abbandonato i figliuoli d’Israele in balìa della spada nel giorno della loro calamità, nel giorno che l’iniquità era giunta al colmo,	Because of your ancient hatred, and because you delivered the sons of Israel to the power of the sword in their time of calamity, in the time of their final punishment.
EZK 35:9	YELLOW	Y-anchor	eternità		2.00	Ti farò diventare una desolazione eterna, e le tue città non saranno abitate; e conoscerete che io sono l'Eterno.	Io ti ridurrò in una desolazione perpetua, e le tue città non saranno più abitate; e voi conoscerete che io sono l’Eterno.	I will make you a perpetual desolation, and your cities shall not be inhabited; and you shall know that I am the LORD.
EZK 38:20	YELLOW	Y-anchor	vita		1.70	I pesci del mare, gli uccelli del cielo, le bestie dei campi, ogni rettile che striscia sulla terra e tutti gli uomini che sono sulla faccia della terra tremeranno davanti al mio volto; i monti saranno rovesciati, le balze cadranno e ogni muro crollerà al suolo.	i pesci del mare, gli uccelli del cielo, le bestie de’ campi, tutti i rettili che strisciano sul suolo e tutti gli uomini che sono sulla faccia della terra, tremeranno alla mia presenza; i monti saranno rovesciati, le balze crolleranno, e tutte le mura cadranno al suolo.	And the fish of the sea and the birds of the heavens and the beasts of the field and all the creeping things that creep upon the ground and all mankind that are upon the face of the earth shall tremble before me, and the mountains shall be overthrown and the stairways shall fall and every wall of the land shall fall.
EZK 39:4	YELLOW	Y-anchor	vita		1.94	Sui monti d'Israele cadrai tu, con tutte le tue schiere e i popoli che sono con te; agli uccelli rapaci, a ogni uccello alato e alle bestie del campo ti ho dato come cibo.	Tu cadrai sui monti d’Israele, tu con tutte le tue schiere e coi popoli che saranno teco; ti darò in pasto agli uccelli rapaci, agli uccelli d’ogni specie, e alle bestie de’ campi.	You shall fall upon the mountains of Israel, you and all your bands and the peoples who are with you; I will give you to the birds of prey, every winged creature, and to the beasts of the field to be devoured.
EZK 3:15	YELLOW	Y-anchor	esilio		1.32	Giunsi agli esuli a Tel-Abib, che abitavano presso il fiume Chebar, dove essi dimoravano, e rimasi là sette giorni, attonito in mezzo a loro.	E giunsi da quelli ch’erano in cattività a Tel-abib presso al fiume Kebar, e mi fermai dov’essi dimoravano; e dimorai quivi sette giorni, mesto e silenzioso, in mezzo a loro.	I came to the exiles at Tel-abib, by the river Chebar, where they were living, and I sat among them there seven days, overwhelmed.
EZK 40:1	YELLOW	Y-anchor	strumento a dieci corde|osso		1.64	Nell'anno venticinquesimo della nostra cattività, al capo dell'anno, il decimo giorno del mese, nell'anno quattordicesimo dopo che la città fu colpita, in quello stesso giorno fu su di me la mano dell'Eterno, ed egli mi condusse là.	L’anno venticinquesimo della nostra cattività, al principio dell’anno, il decimo giorno del mese, quattordici anni dopo la presa della città, in quello stesso giorno, la mano dell’Eterno fu sopra me, ed egli mi trasportò nel paese d’Israele.	In the twenty-fifth year of our captivity, at the beginning of the year, on the tenth day of the month, fourteen years after the city was struck, on this very day, the hand of the LORD was upon me, and he brought me there.
EZK 40:26	YELLOW	Y-anchor	olocausto|olocausto		2.15	Vi erano sette gradini per salirvi, e il suo portico era davanti a loro; e aveva palme, una da un lato e una dall'altro, sui suoi montoni.	Vi si saliva per sette gradini, davanti ai quali stavano gli archi; ed essa aveva le sue palme, una di qua e una di là sopra i suoi pilastri.	And there were seven steps going up to it, and its porch was before them; and it had palm trees, one on this side and one on that side, upon its posts.
EZK 40:42	YELLOW	Y-anchor	metà|metà		1.58	E quattro tavole per l'olocausto, di pietra squadrata, lunghezza di un cubito e mezzo, e larghezza di un cubito e mezzo, e altezza di un cubito; su di esse deporranno i vasi con cui sgozzeranno l'olocausto e il sacrificio.	C’erano ancora, per gli olocausti, quattro tavole di pietra tagliata, lunghe un cubito e mezzo, larghe un cubito e mezzo e alte un cubito, per porvi su gli strumenti coi quali si scannavano gli olocausti e gli altri sacrifizi.	And four tables for the ascent, hewn stone, a length of one cubit and a half and a breadth of one cubit and a half, and a height of one cubit; to them shall belong the vessels with which they shall slaughter the ascent and the sacrifice upon them.
EZK 40:44	YELLOW	Y-anchor	strada		2.00	E fuori della porta interna, le camere dei cantori nel cortile interno, che è presso la spalla della porta del settentrione, e i loro volti verso la via del sud; una presso la spalla della porta dell'oriente, con il volto verso la via del settentrione.	E fuori della porta interna c’erano due camere, nel cortile interno: una era allato alla porta settentrionale, e guardava a mezzogiorno; l’altra era allato alla porta meridionale, e guardava a settentrione.	And outside the inner gate, the chambers of the officers in the inner court, which is by the side of the north gate, their faces toward the south; one by the side of the east gate, facing toward the north.
EZK 40:5	YELLOW	Y-anchor	strada		1.87	Ed ecco, un muro era fuori della casa, tutto intorno; e nella mano dell'uomo c'era una canna da misura, di sei cubiti, secondo il cubito e un palmo. E misurò la larghezza dell'edificio, una canna, e l'altezza, una canna.	Ed ecco un muro esterno circondava la casa d’ogn’intorno. L’uomo aveva in mano una canna da misurare, lunga sei cubiti, ogni cubito d’un cubito e un palmo. Egli misurò la larghezza del muro, ed era una canna; l’altezza, ed era una canna.	And behold, a wall was outside the house all around; and in the man's hand was a measuring reed, six cubits by the cubit and a hand-breadth; and he measured the breadth of the building, one reed; and the height, one reed.
EZK 41:20	YELLOW	Y-anchor	terra		2.22	Dal suolo fino al di sopra dell'ingresso, i cherubini e le palme erano scolpiti, e il muro del tempio.	Dall’impiantito fino al di sopra della porta c’erano dei cherubini e delle palme; così pure sul muro del tempio.	From the earth up to above the entrance the cherubim and palm trees were made, and the wall of the temple.
EZK 41:22	YELLOW	Y-anchor	albero|albero		2.20	"L'altare era di legno, tre cubiti alto, e la sua lunghezza era di due cubiti; e i suoi angoli, la sua lunghezza e i suoi muri erano di legno. E mi disse: ""Questa è la tavola che sta davanti al volto dell'Eterno."""	L’altare era di legno, alto tre cubiti, lungo due cubiti; aveva degli angoli; e le sue pareti, per tutta la lunghezza, erano di legno. L’uomo mi disse: “Questa è la tavola che sta davanti all’Eterno”.	The altar was wood, three cubits high and two cubits its length; its corners, length, and walls were of wood; and he said to me, This is the table that is before the LORD.
EZK 43:17	YELLOW	Y-anchor	metà		1.95	Il cortile era di quattordici cubiti di lunghezza e quattordici di larghezza, sui suoi quattro quarti; e il confine intorno ad esso era di mezzo cubito, e il suo seno era di un cubito intorno; e i suoi gradini erano rivolti verso oriente.	Il gradino ha dai quattro lati quattordici cubiti di lunghezza e quattordici cubiti di larghezza; e l’orlo che termina il suo contorno ha un mezzo cubito; la base ha tutt’attorno un cubito, e i suoi scalini son vòlti verso oriente”.	The court was fourteen in length and fourteen in breadth, squared on its four sides, and the border around it was half a cubit, and its surrounding ledge was one cubit; its steps faced the east.
EZK 43:7	YELLOW	Y-anchor	mano		2.10	"E mi disse: ""Figlio d'uomo, questo è il luogo del mio trono e il luogo delle piante dei miei piedi, dove abiterò in mezzo ai figli d'Israele per l'eternità; e la casa d'Israele non profanerà più il mio santo nome, né essi né i loro re, con la loro prostituzione e con i cadaveri dei loro re nei loro alti luoghi."""	Egli mi disse: “Figliuol d’uomo, questo è il luogo del mio trono, e il luogo dove poserò la pianta dei miei piedi; io vi abiterò in perpetuo in mezzo ai figliuoli d’Israele; e la casa d’Israele e i suoi re non contamineranno più il mio santo nome con le loro prostituzioni e con le carogne dei loro re sui loro alti luoghi,	And he said to me, O man, the place of my throne and the place of the soles of my feet, where I will dwell in the midst of the children of Israel forever, and the house of Israel shall no more defile my holy name, they and their kings, by their whoredom and by the corpses of their kings at their high places.
EZK 44:31	YELLOW	Y-anchor	tutto		1.50	I sacerdoti non mangeranno alcuna carcassa o preda sbranata, sia di uccello che di bestiame.	I sacerdoti non mangeranno carne di nessun uccello né d’alcun animale morto da sé o sbranato.	All carcasses and torn animals, whether of birds or beasts, the priests shall not eat.
EZK 45:21	YELLOW	Y-anchor	settimana		1.54	Nel primo mese, il quattordicesimo giorno del mese, avrete la Pasqua: una festa di sette giorni; si mangerà pane azzimo.	Il quattordicesimo giorno del primo mese avrete la Pasqua. La festa durerà sette giorni; si mangeranno pani senza lievito.	On the first, on the fourteenth day of the month, there shall be for you the passover, a solemn feast of seven days: unleavened bread shall be eaten.
EZK 47:12	YELLOW	Y-anchor	labbro		1.90	E sul torrente salirà, sulle sue sponde, da questo lato e da quel lato, ogni albero da cibo; la sua foglia non appassirà, e il suo frutto non verrà meno; nei suoi mesi darà frutto nuovo, perché le sue acque escono dal santuario; il suo frutto sarà per cibo, e la sua foglia per medicina.	E presso il torrente, sulle sue rive, da un lato e dall’altro, crescerà ogni specie d’alberi fruttiferi, le cui foglie non appassiranno e il cui frutto non verrà mai meno; ogni mese faranno dei frutti nuovi, perché quelle acque escono dal santuario; e quel loro frutto servirà di cibo, e quelle loro foglie, di medicamento”.	Along the river, on its banks, on this side and on that, every tree of food shall grow; its leaf shall not wither and its fruit shall not fail, monthly it shall bear new fruit, for its waters come from the sanctuary; its fruit shall be for food and its leaf for medicine.
EZK 47:2	YELLOW	Y-anchor	strada|strada		1.89	Mi condusse fuori per la via della porta del settentrione, e mi fece girare per la via esterna, fino alla porta esterna, per la via che guarda a oriente; ed ecco, acque sgorgavano dalla spalla destra.	Poi mi menò fuori per la via della porta settentrionale, e mi fece fare il giro, di fuori, fino alla porta esterna, che guarda a oriente; ed ecco, le acque scendevano dal lato destro.	And he brought me out by the way of the north gate, and led me around by the way outside, to the outer gate by the way of the gate facing east; and behold, waters were gushing out from under the right shoulder.
EZK 4:15	YELLOW	Y-anchor	bue		1.47	"Mi disse: ""Ecco, ti ho dato stereo bovino al posto dello stereo dell'uomo, e farai il tuo pane su di esso."""	Ed egli mi disse: “Guarda io ti do dello sterco bovino, invece d’escrementi d’uomo; sopra quello cuocerai il tuo pane!”	Then he said to me, See, I have given you cow dung instead of the dung of man, and you shall make your bread upon them.
EZK 9:6	YELLOW	Y-anchor	tutto		1.78	Uccidete fino alla distruzione il vecchio, il giovane, la vergine, il bambino e le donne; ma non avvicinatevi a nessun uomo sul quale sia il segno, e cominciate dal mio santuario. E cominciarono dagli uomini anziani che stavano davanti alla casa.	uccidete, sterminate vecchi, giovani, vergini, bambini e donne, ma non vi avvicinate ad alcuno che porti il segno; e cominciate dal mio santuario”. Ed essi cominciarono da quegli anziani che stavano davanti alla casa.	Old men, chosen young men, virgins, little children, and women—you shall utterly destroy; do not come near any man upon whom is the mark, but begin at my sanctuary. So they began with the elders who were before the temple.
EZR 10:19	YELLOW	Y-anchor	pecora		2.33	E diedero la loro mano per mandare via le loro donne, e offrirono un montone del gregge per la loro colpa.	i quali promisero, dando la mano, di mandar via le loro mogli, e offrirono un montone come sacrifizio per la loro colpa.	They gave their hands to bring out their wives, and offered a ram of the flock for their offense.
EZR 2:46	YELLOW	Y-anchor	Salmai		2.00	I figli di Agab, i figli di Samlai, i figli di Canan.	i figliuoli di Hagab, i figliuoli di Samlai, i figliuoli di Hanan,	The sons of Hagab, the sons of Shalmai, the sons of Hanan,
EZR 2:65	YELLOW	Y-anchor	solo		1.29	Oltre ai loro servi e alle loro serve, questi erano settemila trecentotrentasette; e avevano duecento cantori e cantatrici.	senza contare i loro servi e le loro serve, che ammontavano a settemila trecento trentasette. Avean pure duecento cantori e cantatrici.	Besides their male servants and female servants, these were seven thousand three hundred thirty-seven; and they had two hundred male and female singers.
EZR 7:26	YELLOW	Y-anchor	tutto		1.50	E chiunque non osserverà la legge del tuo Dio e la legge del re, prontamente sia eseguito su di lui il giudizio: sia a morte, sia a bando, sia a confisca di beni e a ceppo.	E di chiunque non osserverà la legge del tuo Dio e la legge del re farete pronta giustizia, punendolo con la morte o col bando o con multa pecuniaria o col carcere”.	And every one who will not obey the law of your God and the law of the king will have judgment executed upon him, whether for death, or for banishment, or for confiscation of goods, or for imprisonment.
EZR 7:9	YELLOW	Y-anchor	gradino		1.83	Poiché nel primo giorno del primo mese ebbe inizio la partenza da Babilonia, e nel primo giorno del quinto mese giunse a Gerusalemme, secondo la buona mano del suo Dio su di lui.	Infatti, avea fissata la partenza da Babilonia per il primo giorno del primo mese, e arrivò a Gerusalemme il primo giorno del quinto mese, assistito dalla benefica mano del suo Dio.	In the first month the ascent began from Babylon, and on the first day of the fifth month he came to Jerusalem, according to the good hand of his God upon him.
EZR 8:14	YELLOW	Y-anchor	Zaccur		1.86	E dai figli di Bigvai: Utai e Zabbud, e con lui settanta maschi.	E dei figliuoli di Bigvai, Uthai e Zabbud, e con lui settanta maschi.	And from the sons of Bigvai, Uthai and Zabbud, and his companions, seventy males.
GEN 11:3	YELLOW	Y-anchor	uomo		1.76	"Si dissero l'uno al suo prossimo: ""Venite, facciamo mattoni e cuociamoli al bruciamento""; e il mattone fu per loro come pietra, e il bitume fu per loro come argilla."	E dissero l’uno all’altro: “Orsù, facciamo dei mattoni e cociamoli col fuoco!” E si valsero di mattoni invece di pietre, e di bitume invece di calcina.	And they said, one to his fellow, Come, let us make bricks and burn them thoroughly; and the brick served them for stone, and the slime served them for mortar.
GEN 12:20	YELLOW	Y-anchor	donna		1.92	Il Faraone diede ordine ai suoi uomini riguardo a lui, e lo congedarono con sua moglie e con tutto ciò che era suo.	E Faraone diede alla sua gente ordini relativi ad Abramo, ed essi fecero partire lui, sua moglie, e tutto quello ch’ei possedeva.	Pharaoh commanded men concerning him, and they sent him and his wife and all that he had.
GEN 12:8	YELLOW	Y-anchor	mare		1.90	Poi di là si trasferì verso il monte, a oriente di Betel, e piantò la sua tenda, con Betel a occidente e Ai a oriente; e costruì là un altare all'Eterno e invocò il nome dell'Eterno.	E di là si trasportò verso la montagna a oriente di Bethel, e piantò le sue tende, avendo Bethel a occidente e Ai ad oriente; e quivi edificò un altare all’Eterno e invocò il nome dell’Eterno.	And he moved from there to the hill country east of Beth-el and pitched his tent, Beth-el being on the west and Ai on the east; and he built there an altar to the LORD and called upon the name of the LORD.
GEN 13:9	YELLOW	Y-anchor	terra		2.62	Non è forse tutto il paese davanti al tuo volto? Separati, ti prego, da me: se tu vai a sinistra, io andrò a destra; e se tu vai a destra, io andrò a sinistra.	Tutto il paese non sta esso davanti a te? Deh, separati da me! Se tu vai a sinistra, io andrò a destra; e se tu vai a destra, io andrò a sinistra”.	Is not the whole land before you? Please separate from me: if you take the left, then I will go to the right; and if you take the right, then I will go to the left.
GEN 14:8	YELLOW	Y-anchor	guerra		2.06	Il re di Sodoma e il re di Gomorra e il re di Adma e il re di Zeboiim e il re di Bela, cioè Tsoar, uscirono e schierarono contro di loro battaglia nella valle di Siddim.	Allora il re di Sodoma, il re di Gomorra, il re di Adma, il re di Tseboim e il re di Bela, che è Tsoar, uscirono e si schierarono in battaglia contro quelli, nella valle di Siddim:	The king of Sodom and the king of Gomorrah and the king of Admah and the king of Zeboiim and the king of Bela, that is Zoar, went out and engaged them in battle in the valley of Siddim.
GEN 15:17	YELLOW	Y-anchor	fumo		1.73	E il sole stava tramontando, e vi erano tenebre; ed ecco un forno fumante e una torcia di fuoco che passava in mezzo a quelle parti.	Or come il sole si fu coricato e venne la notte scura, ecco una fornace fumante ed una fiamma di fuoco passare in mezzo agli animali divisi.	And the sun was coming in and the darkness was descending, and behold, a smoking furnace and a flaming torch passing between these pieces.
GEN 17:21	YELLOW	Y-anchor	tenda di convegno		1.38	Ma stabilirò il mio patto con Isacco, che Sara ti partorirà in questo tempo fissato, nell'anno successivo.	Ma fermerò il mio patto con Isacco che Sara ti partorirà in questo tempo, l’anno venturo”.	And I will confirm my covenant with Isaac, whom Sarah will bear to you at this appointed time next year.
GEN 17:23	YELLOW	Y-anchor	osso		1.55	Allora Abramo prese Ismaele suo figlio e tutti i nati in casa sua e tutti gli acquisti del suo argento, ogni maschio tra gli uomini della casa di Abramo, e circoncise la carne del loro prepuzio in quello stesso giorno, come Dio gli aveva parlato.	E Abrahamo prese Ismaele suo figliuolo e tutti quelli che gli erano nati in casa e tutti quelli che avea comprato col suo danaro, tutti i maschi fra la gente della casa d’Abrahamo, e li circoncise, in quello stesso giorno come Dio gli avea detto di fare.	Abraham took Ishmael his son and all the home-born children of his house and all the purchased possession of his silver, every male among the men of Abraham's household, and he circumcised the flesh of their foreskins on the very same day, as God had spoken to him.
GEN 17:26	YELLOW	Y-anchor	osso		1.57	In quello stesso giorno fu circonciso Abramo, e Ismaele suo figlio.	In quel medesimo giorno fu circonciso Abrahamo, e Ismaele suo figliuolo.	On the very day, Abraham was circumcised, and Ishmael his son.
GEN 18:12	YELLOW	Y-anchor	mezzo		1.64	"Sara rise dentro di sé, dicendo: ""Dopo che sono invecchiata, avrei delizia, e il mio signore è vecchio?"""	E Sara rise dentro di sé, dicendo: “Vecchia come sono, avrei io tali piaceri? e anche il mio signore è vecchio!”	"Sarah laughed inwardly, saying, ""After I have grown old, shall pleasure come to me again, and my lord is advanced in years?"""
GEN 18:25	YELLOW	Y-anchor	parola		1.75	Lungi da te il fare una cosa simile, far morire il giusto con l'empio, così che il giusto sia come l'empio; lungi da te! Il giudice di tutta la terra non farà giudizio?	Lungi da te il fare tal cosa! il far morire il giusto con l’empio, in guisa che il giusto sia trattato come l’empio! lungi da te! Il giudice di tutta la terra non farà egli giustizia?”	Far be it from You to do such a thing, to slay the righteous with the wicked, so that the righteous should be as the wicked—far be it from You! Shall the Judge of all the earth not do justice?
GEN 19:26	YELLOW	Y-anchor	donna		2.00	Sua moglie guardò dietro di lui, e divenne una guarnigione di sale.	Ma la moglie di Lot si volse a guardare indietro, e diventò una statua di sale.	And his wife looked behind him, and she became a pillar of salt.
GEN 19:29	YELLOW	Y-anchor	talento		1.45	E avvenne che, quando Dio distrusse le città della pianura, Dio si ricordò di Abramo e mandò Lot fuori dal mezzo della rovina, nel distruggere le città nelle quali Lot aveva abitato.	Così avvenne che, quando Iddio distrusse le città della pianura, egli si ricordò d’Abrahamo, e fece partir Lot di mezzo al disastro, allorché sovvertì le città dove Lot avea dimorato.	And it happened that when God overthrew the cities of the plain, God remembered Abraham and sent Lot out from the midst of the overthrow when He overthrew the cities where Lot had lived.
GEN 21:26	YELLOW	Y-anchor	giorno		1.40	"Abimelec disse: ""Non sapevo chi abbia fatto questa parola, e anche tu non me l'hai riferita, e anche io non ne ho sentito parlare se non oggi."""	E Abimelec disse: “Io non so chi abbia fatto questo; tu stesso non me l’hai fatto sapere, e io non ne ho sentito parlare che oggi”.	And Abimelech said, I did not know who did this act, and also you did not tell me, and also I did not hear except today.
GEN 21:28	YELLOW	Y-anchor	pecora		1.43	Abramo mise da parte sette agnelle del gregge, da sole.	Poi Abrahamo mise da parte sette agnelle del gregge.	Abraham set apart seven ewe lambs from the flock.
GEN 21:6	YELLOW	Y-anchor	tutto		1.40	"Sara disse: ""Dio mi ha fatto un riso; chiunque lo udrà riderà di me."""	E Sara disse: “Iddio m’ha dato di che ridere; chiunque l’udrà riderà con me”.	"And Sarah said, ""God has made me laugh; everyone who hears will laugh at me."""
GEN 22:14	YELLOW	Y-anchor	giorno		1.46	"Abramo chiamò quel luogo nome: l'Eterno provvede; perciò si dice oggi: ""Sul monte dell'Eterno egli sarà visto."""	E Abrahamo pose nome a quel luogo Iehovah-jireh. Per questo si dice oggi: “Al monte dell’Eterno sarà provveduto”.	"Abraham named the place Jehovah-jireh, so that it may be said today, ""In the mount of the LORD he will be seen."""
GEN 22:3	YELLOW	Y-anchor	albero		1.52	Abramo si alzò di mattina presto, sellò il suo asino, prese con sé i suoi due giovani e Isacco suo figlio, spaccò legna per l'olocausto, poi si levò e andò al luogo che Dio gli aveva detto.	E Abrahamo levatosi la mattina di buon’ora, mise il basto al suo asino, prese con sé due de’ suoi servitori e Isacco suo figliuolo, spaccò delle legna per l’olocausto, poi partì per andare al luogo che Dio gli avea detto.	Abraham rose early in the morning and saddled his ass and took his two servants with him and Isaac his son and split the wood for the burnt offering and arose and went to the place of which God had spoken to him.
GEN 23:13	YELLOW	Y-anchor	orecchio		1.52	"E parlò a Efron in presenza del popolo della terra, dicendo: ""Se pure tu mi ascolti, io ti do l'argento del campo; prendilo da me, e seppellirò lì il mio morto."""	e parlò ad Efron in presenza del popolo del paese, dicendo: “Deh, ascoltami! Io ti darò il prezzo del campo; accettalo da me, e io seppellirò quivi il mio morto”.	And he spoke to Ephron in the audience of the people of the land, saying, If you will but hear me, I have given the silver for the field; take it from me, and I will bury my dead there.
GEN 23:17	YELLOW	Y-anchor	volto		1.80	Il campo di Efron, che era a Macpela, di fronte a Mamre, il campo e la grotta che vi era, e tutti gli alberi che erano nel campo, in tutto il suo confine intorno, fu stabilito.	Così il campo di Efron ch’era a Macpela dirimpetto a Mamre, il campo con la caverna che v’era, e tutti gli alberi ch’erano nel campo e in tutti i confini all’intorno,	Then the field of Ephron which was in Machpelah, which was before Mamre, the field and the cave which was in it and all the trees which were in the field, which were in all its borders round about, was established.
GEN 24:12	YELLOW	Y-anchor	giorno		2.07	"E disse: ""O Eterno, Dio del mio signore Abramo, fa' che oggi mi si presenti l'occasione davanti al mio volto, e usa benignità verso il mio signore Abramo."""	“O Eterno, Dio del mio signore Abrahamo, deh, fammi fare quest’oggi un felice incontro, e usa benignità verso Abrahamo mio signore!	And the LORD, God of my lord Abraham, I pray You, grant me success today and show kindness to my lord Abraham.
GEN 24:42	YELLOW	Y-anchor	giorno		1.61	"Oggi sono giunto all'occhio della fonte, e ho detto: ""O Eterno, Dio del mio signore Abramo, se tu vuoi far prosperare la mia via, sulla quale io cammino,"	Oggi sono arrivato alla sorgente, e ho detto: O Eterno, Dio del mio signore Abrahamo, se pur ti piace far prosperare il viaggio che ho intrapreso,	"Today I came to the spring, and I said, ""O LORD, God of my master Abraham, please let me succeed in the way that I am going."""
GEN 24:45	YELLOW	Y-anchor	occhio		1.79	"Non avevo ancora finito di parlare al mio cuore, ed ecco Rebecca usciva con la sua brocca sulla spalla, e scese alla fonte e attinse acqua; e le dissi: ""Dammi da bere, ti prego""."	E avanti che avessi finito di parlare in cuor mio, ecco uscir fuori Rebecca con la sua brocca sulla spalla, scendere alla sorgente e attinger l’acqua. Allora io le ho detto:	"I had not yet finished speaking to my mind when behold Rebekah came out with her pitcher on her shoulder and went down to the fountain and drew water, and I said to her, ""Please give me a drink."""
GEN 24:47	YELLOW	Y-anchor	ira		1.64	"E le chiesi e dissi: ""Di chi sei figlia?"" Ed ella rispose: ""Sono figlia di Betuel, figlio di Nacor, che Milca gli partorì."" E posi l'orecchino sul suo naso e i braccialetti sulle sue mani."	Poi l’ho interrogata, e le ho detto: Di chi sei figliuola? Ed ella ha risposto: Son figliuola di Bethuel figlio di Nahor, che Milca gli partorì. Allora io le ho messo l’anello al naso e i braccialetti ai polsi.	"I asked her and said, ""Whose daughter are you?"" and she said, ""The daughter of Bethuel, son of Nahor, whom Milcah bore to him."" Then I put the earring on her nose and the bracelets on her hands."
GEN 25:31	YELLOW	Y-anchor	giorno		1.00	"Giacobbe disse: ""Vendimi oggi la tua primogenitura."""	E Giacobbe gli rispose: “Vendimi prima di tutto la tua primogenitura”.	"Jacob said, ""Sell your birthright to me today."""
GEN 25:33	YELLOW	Y-anchor	giorno		1.45	"Allora Giacobbe disse: ""Giurami oggi""; ed egli glielo giurò, e vendette la sua primogenitura a Giacobbe."	E Giacobbe disse: “Prima, giuramelo”. Ed Esaù glielo giurò, e vendé la sua primogenitura a Giacobbe.	Then Jacob said, Swear to me today; so he swore to him, and he sold his birthright to Jacob.
GEN 25:9	YELLOW	Y-anchor	volto		1.44	Isacco e Ismaele, suoi figli, lo seppellirono nella grotta di Macpela, nel campo di Efron figlio di Zocar l'Hitteo, che è di fronte a Mamre.	E Isacco e Ismaele, suoi figliuoli, io seppellirono nella spelonca di Macpela nel campo di Efron figliuolo di Tsoar lo Hitteo, ch’è dirimpetto a Mamre:	Isaac and Ishmael his sons buried him in the cave of Machpelah, in the field of Ephron son of Zohar the Hittite, which is opposite Mamre.
GEN 26:1	YELLOW	Y-anchor	solo		1.59	Vi fu una carestia nella terra, oltre alla carestia precedente che era stata nei giorni di Abramo; e Isacco andò da Abimelec, re dei Filistei, a Gherar.	Or ci fu la carestia nel paese, oltre la prima carestia che c’era stata al tempo d’Abrahamo. E Isacco andò da Abimelec, re dei Filistei, a Gherar.	There was a famine in the land besides the famine that had been in the days of Abraham, and Isaac went to Abimelech king of the Philistines at Gerar.
GEN 26:32	YELLOW	Y-anchor	motivo		1.35	"In quel giorno i servi di Isacco vennero e gli riferirono riguardo al pozzo che avevano scavato, e gli dissero: ""Abbiamo trovato acqua."""	Or avvenne che, in quello stesso giorno, i servi d’Isacco gli vennero a dar notizia del pozzo che aveano scavato, dicendogli: “Abbiam trovato dell’acqua”.	"On that day Isaac's servants came to him and reported concerning the well they had dug, and said to him, ""We have found water."""
GEN 26:7	YELLOW	Y-anchor	donna|donna		1.90	"Gli uomini del luogo gli domandarono riguardo a sua moglie, ed egli disse: ""È mia sorella"", perché temeva di dire: ""È mia moglie"", affinché gli uomini del luogo non lo uccidessero a causa di Rebecca, poiché era di bell'aspetto."	E quando la gente del luogo gli faceva delle domande intorno alla sua moglie, egli rispondeva: “E’ mia sorella”; perché avea paura di dire: “E’ mia moglie”. “Non vorrei”, egli pensava, “che la gente del luogo avesse ad uccidermi, a motivo di Rebecca”. Poiché ella era di bell’aspetto.	"The men of the place asked about his wife, and he said, ""My sister she is,"" because he feared to say ""my wife,"" lest the men of the place kill him on account of Rebekah, for she was goodly in appearance."
GEN 30:32	YELLOW	Y-anchor	giorno		2.00	Oggi passerò in mezzo a tutto il tuo gregge, separando da là ogni pecora macchiata e chiazzata, e ogni pecora scura tra gli agnelli, e ogni chiazzata e macchiata tra le capre; e questo sarà il mio salario.	Passerò quest’oggi fra mezzo a tutti i tuoi greggi, mettendo da parte, di fra le pecore, ogni agnello macchiato e vaiolato, e ogni agnello nero; e di fra le capre, le vaiolate e le macchiate. E quello sarà il mio salario.	I will pass through all your flock today, removing from there every speckled and spotted sheep and every dark-colored lamb among the lambs and every spotted and speckled goat among the goats, and that will be my wages.
GEN 31:41	YELLOW	Y-anchor	tempo		1.74	Questi vent'anni sono stati nella tua casa: ti ho servito quattordici anni per le tue due figlie e sei anni per le tue pecore, e hai cambiato il mio salario dieci volte.	Ecco vent’anni che sono in casa tua; t’ho servito quattordici anni per le tue due figliuole, e sei anni per le tue pecore, e tu hai mutato il mio salario dieci volte.	This to me twenty years in your household: I served you fourteen years for your two daughters and six years for your flock, and you changed my wages ten times.
GEN 31:43	YELLOW	Y-anchor	giorno		1.96	"Allora Laban rispose e disse a Giacobbe: ""Le figlie sono figlie mie, e i figli sono figli miei, e le pecore sono pecore mie, e tutto ciò che tu vedi è mio; e alle mie figlie, che cosa posso fare oggi per loro, o per i loro figli che hanno partorito?"""	E Labano rispose a Giacobbe, dicendo: “Queste figliuole son mie figliuole, questi figliuoli son miei figliuoli, queste pecore son pecore mie, e tutto quel che vedi è mio. E che posso io fare oggi a queste mie figliuole o ai loro figliuoli ch’esse hanno partorito?	"Then Laban answered and said to Jacob, ""The daughters are my daughters, and the sons are my sons, and the flocks are my flocks, and all that you see is mine; and as for my daughters, what can I do today, or for their sons whom they have borne?"""
GEN 31:48	YELLOW	Y-anchor	giorno		1.38	"Allora Laban disse: ""Quest'onda è testimone oggi tra me e te""; perciò chiamò il suo nome Galed."	E Labano disse: “Questo mucchio è oggi testimonio fra me e te”. Perciò fu chiamato Galed,	"Then Laban said, ""This heap is a witness between me and you today,"" therefore he named it Galeed."
GEN 31:52	YELLOW	Y-anchor	onda|onda|onda		1.68	Questo mucchio di pietre è testimone, e questa statua è testimonianza, che io non passerò oltre questo mucchio di pietre verso di te, e che tu non passerai oltre questo mucchio di pietre e questa statua verso di me per il male.	Sia questo mucchio un testimonio e sia questo monumento un testimonio che io non passerò oltre questo mucchio per andare a te, e che tu non passerai oltre questo mucchio e questo monumento, per far del male.	This heap is a witness, and this pillar is a testimony, that I will not pass over this heap to you, nor will you pass over this heap and this pillar to adversity.
GEN 31:7	YELLOW	Y-anchor	tempo		1.85	Ma vostro padre mi ha ingannato e ha cambiato il mio salario dieci volte, ma Dio non gli ha permesso di farmi del male.	mentre vostro padre m’ha ingannato e ha mutato il mio salario dieci volte; ma Dio non gli ha permesso di farmi del male.	But your father cheated me and changed my wages ten times, yet God did not allow him to harm me.
GEN 34:25	YELLOW	Y-anchor	uomo		1.55	Al terzo giorno, mentre essi erano sofferenti, i due figli di Giacobbe, Simeone e Levi, fratelli di Dina, presero ciascuno la propria spada, e vennero contro la città con sicurezza, e uccisero ogni maschio.	Or avvenne che il terzo giorno, mentre quelli eran sofferenti, due de’ figliuoli di Giacobbe, Simeone e Levi, fratelli di Dina, presero ciascuno la propria spada, assalirono la città che si tenea sicura, e uccisero tutti i maschi.	On the third day, when they were in pain, two sons of Jacob, Simeon and Levi, Dinah's brothers, each took his sword, came against the city securely, and killed every male.
GEN 36:20	YELLOW	Y-anchor	Orei		1.60	Questi sono i figli di Seir l'Oreo, abitanti della terra: Lotan, Sobal, Zibeon e Ana.	Questi sono i figliuoli di Seir, lo Horeo, che abitavano il paese: Lothan, Shobal, Tsibeon,	These are the children of Seir the Horites, the inhabitants of the land: Lotan, Shobal, Zibeon, and Anah.
GEN 3:19	YELLOW	Y-anchor	ira		1.47	Col sudore del tuo volto mangerai il pane, finché tu ritorni alla terra, perché da essa fosti tratto; poiché polvere sei, e in polvere ritornerai.	mangerai il pane col sudore del tuo volto, finché tu ritorni nella terra donde fosti tratto; perché sei polvere, e in polvere ritornerai”.	By the sweat of your face you shall eat bread until you return to the ground, for from it you were taken; for dust you are and to dust you shall return.
GEN 40:7	YELLOW	Y-anchor	giorno		1.71	"Domandò agli eunuchi del Faraone che erano con lui nella guardia della casa del suo signore, dicendo: ""Perché i vostri volti sono tristi oggi?"""	E interrogò gli ufficiali di Faraone ch’eran con lui in prigione nella casa del suo signore, e disse: “Perché avete oggi il viso così mesto?”	"And he asked Pharaoh's chamberlains who were with him in the prison, his master's officers, saying, ""Why are your faces so sad today?"""
GEN 41:13	YELLOW	Y-anchor	base		1.67	E avvenne che, come egli ci aveva interpretato, così fu: me rimise al mio posto, e lui lo fece appendere.	E le cose avvennero secondo l’interpretazione ch’egli ci aveva data: Faraone ristabilì me nel mio ufficio, e l’altro lo fece appiccare”.	And it was that as he interpreted for us, so it was: he restored me to my place, but he hanged him.
GEN 41:46	YELLOW	Y-anchor	figlio		1.71	Giuseppe aveva trent'anni quando si presentò davanti al volto del Faraone, re d'Egitto; e Giuseppe uscì dalla presenza del Faraone e attraversò tutta la terra d'Egitto.	Or Giuseppe avea trent’anni quando si presentò dinanzi a Faraone re d’Egitto. E Giuseppe uscì dal cospetto di Faraone, e percorse tutto il paese d’Egitto.	And Joseph was thirty years old when he stood before Pharaoh king of Egypt, and Joseph went out from the presence of Pharaoh and passed throughout all the land of Egypt.
GEN 41:9	YELLOW	Y-anchor	giorno		1.18	"Il capo dei coppieri parlò al Faraone, dicendo: ""Oggi ricordo i miei peccati."""	Allora il capo de’ coppieri parlò a Faraone, dicendo: “Ricordo oggi i miei falli.	"The captain of the butlers spoke to Pharaoh, saying, ""My fault I remember today."""
GEN 42:13	YELLOW	Y-anchor	giorno		1.67	Dodici servi tuoi siamo, fratelli, figli di un solo uomo nella terra di Canaan; ed ecco, il più giovane è oggi con nostro padre, e l'altro non è più.	E quelli risposero: “Noi, tuoi servitori, siamo dodici fratelli, figliuoli d’uno stesso uomo, nel paese di Canaan. Ed ecco, il più giovane è oggi con nostro padre, e uno non è più”.	We are twelve bondmen, brothers, sons of one man in the land of Canaan; and behold, the youngest is with our father today, and the one is not with us.
GEN 42:32	YELLOW	Y-anchor	giorno		1.79	Siamo dodici fratelli, figli di nostro padre; uno non c'è più, e il più giovane è oggi con nostro padre nella terra di Canaan.	siamo dodici fratelli, figliuoli di nostro padre; uno non è più, e il più giovine è oggi con nostro padre nel paese di Canaan.	We are twelve brothers, sons of our father; one is not here, and the youngest is today with our father in the land of Canaan.
GEN 43:12	YELLOW	Y-anchor	secondo		2.00	Prendete in mano il doppio dell'argento, e riportate nelle vostre mani l'argento che è stato restituito nella bocca dei vostri sacchi; forse è stato un errore.	e pigliate con voi il doppio del danaro, e riportate il danaro che fu rimesso alla bocca de’ vostri sacchi; forse fu un errore;	Take double money in your hand, and return the money that was replaced in the mouth of your sacks—perhaps it was an oversight.
GEN 43:15	YELLOW	Y-anchor	secondo		1.76	Gli uomini presero quell'offerta e presero in mano il doppio dell'argento, e anche Beniamino; poi si alzarono, scesero in Egitto e si presentarono davanti al volto di Giuseppe.	Quelli presero dunque il dono, presero seco il doppio del danaro, e Beniamino; e, levatisi, scesero in Egitto, e si presentarono dinanzi a Giuseppe.	The men took the gift and twice the amount of silver in their hands, and Benjamin, and they rose and went down to Egypt, and stood before Joseph.
GEN 43:7	YELLOW	Y-anchor	bocca		1.65	"E dissero: ""Quell'uomo ci ha domandato espressamente riguardo a noi e al nostro paese natio, dicendo: 'Vostro padre è ancora vivo? Avete un fratello?' E noi gli abbiamo riferito secondo queste parole. Potevamo forse sapere che avrebbe detto: 'Fate scendere vostro fratello'?"""	Quelli risposero: “Quell’uomo c’interrogò partitamente intorno a noi e al nostro parentado, dicendo: Vostro padre vive egli ancora? Avete qualche altro fratello? E noi gli rispondemmo a tenore delle sue domande. Potevam noi mai sapere che ci avrebbe detto: Fate venire il vostro fratello?”	And they said, A certain man questioned us and our kindred, saying, Is your father still alive? Is there yet another brother to you? And we told him according to these words. How could we possibly know that he would say, Bring down your brother?
GEN 46:26	YELLOW	Y-anchor	solo		1.53	Tutte le anime che vennero con Giacobbe in Egitto, uscite dal suo fianco, oltre alle donne dei figli di Giacobbe; ogni anima, sessantasei.	Le persone che vennero con Giacobbe in Egitto, discendenti da lui, senza contare le mogli de’ figliuoli di Giacobbe, erano in tutto sessantasei.	All the persons who came to Jacob in Egypt, coming out of his loins, besides the wives of Jacob's sons; every person, sixty and six.
GEN 47:23	YELLOW	Y-anchor	giorno		1.47	"Giuseppe disse al popolo: ""Ecco, oggi ho acquistato voi e la vostra terra per il Faraone; ecco per voi del seme, e seminerete la terra."""	E Giuseppe disse al popolo: “Ecco, oggi ho acquistato voi e le vostre terre per Faraone; eccovi del seme; seminate la terra;	"Joseph said to the folk, ""Here I have acquired you and your land today for Pharaoh; here is seed for you, and you shall sow the land."""
GEN 49:17	YELLOW	Y-anchor	dietro		1.64	Dan sia un serpente sulla via, una cerasta sul sentiero, che morde i calcagni del cavallo, e il suo cavaliere cade all'indietro.	Dan sarà una serpe sulla strada, una cerasta sul sentiero, che morde i talloni del cavallo, sì che il cavaliere cade all’indietro.	Let Dan be a serpent along the path, an adder upon the way, biting the horse's heel so that his rider falls backward.
GEN 49:26	YELLOW	Y-anchor	eternità		2.12	Le benedizioni di tuo padre hanno superato le benedizioni dei miei genitori, fino alla cima delle colline eterne; siano sul capo di Giuseppe e sulla cima del capo del Nazireo tra i suoi fratelli.	Le benedizioni di tuo padre sorpassano le benedizioni dei miei progenitori, fino a raggiunger la cima delle colline eterne. Esse saranno sul capo di Giuseppe, sulla fronte del principe de’ suoi fratelli.	The blessings of your father have prevailed over the blessings of those before him, up to the utmost bound of the everlasting hills; they shall be on the head of Joseph and on the crown of the one separated from his brothers.
GEN 49:30	YELLOW	Y-anchor	volto		1.55	Nella grotta che è nel campo di Macpela, che è di fronte a Mamre, nella terra di Canaan, che Abramo comprò, il campo, da Efron l'Hitteo, come possessione per sepolcro.	nella spelonca ch’è nel campo di Macpela, dirimpetto a Mamre, nel paese di Canaan, la quale Abrahamo comprò, col campo, da Efron lo Hitteo, come sepolcro di sua proprietà.	In the cave that is in the field of Machpelah, which is before Mamre in the land of Canaan, which Abraham bought as a possession for a burying place, the field from Ephron the Hittite.
GEN 4:14	YELLOW	Y-anchor	giorno|tutto		2.00	Ecco, oggi tu mi hai scacciato dal volto della terra, e dal tuo volto io mi nasconderò; e sarò un vagabondo e un fuggiasco sulla terra, e avverrà che chiunque mi troverà mi ucciderà.	Ecco, tu mi scacci oggi dalla faccia di questo suolo, ed io sarò nascosto dal tuo cospetto, e sarò vagabondo e fuggiasco per la terra; e avverrà che chiunque mi troverà mi ucciderà”.	Behold, you have driven me today from upon the face of the ground and from your presence I shall be hidden, and I shall be a wanderer and fugitive on the earth, and it shall come to pass that whoever finds me will kill me.
GEN 4:15	YELLOW	Y-anchor	tutto|tutto		1.50	"L'Eterno gli disse: ""Perciò chiunque ucciderà Caino sarà punito sette volte"". E l'Eterno pose un segno a Caino, affinché chiunque lo trovasse non lo colpisse."	E l’Eterno gli disse: “Perciò, chiunque ucciderà Caino, sarà punito sette volte più di lui”. E l’Eterno mise un segno su Caino, affinché nessuno, trovandolo, l’uccidesse.	And the LORD said to him, Therefore whoever kills Cain, sevenfold shall he be avenged; and the LORD set for Cain a mark, so that whoever found him would not strike him.
GEN 4:3	YELLOW	Y-anchor	fine|giorno		1.56	Trascorso un certo tempo, Caino portò un'offerta all'Eterno dal frutto della terra.	E avvenne, di li a qualche tempo, che Caino fece un offerta di frutti della terra all’Eterno;	After days, Cain brought some of the fruit of the ground as an offering to the LORD.
GEN 4:4	YELLOW	Y-anchor	pecora		1.77	Anche Abele portò dalla primogenitura del suo gregge e dal loro grasso; e l'Eterno guardò con favore Abele e la sua offerta.	e Abele offerse anch’egli dei primogeniti del suo gregge e del loro grasso. E l’Eterno guardò con favore Abele e la sua offerta,	And Abel also brought from the firstlings of his flock and from their fat, and the LORD turned to Abel and his offering.
GEN 50:13	YELLOW	Y-anchor	volto		1.57	I suoi figli lo portarono nella terra di Canaan e lo seppellirono nella grotta del campo di Macpela, che Abramo aveva comprato, il campo, come possessione di sepolcro da Efron l'Hitteo, di fronte a Mamre.	lo trasportarono nel paese di Canaan, e lo seppellirono nella spelonca del campo di Macpela, che Abrahamo avea comprato, col campo, da Efron lo Hitteo, come sepolcro di sua proprietà, dirimpetto a Mamre.	And his sons carried him to the land of Canaan and buried him in the cave of the field of Machpelah, which Abraham had bought as a possession for a burying place from Ephron the Hittite, opposite Mamre.
GEN 50:26	YELLOW	Y-anchor	figlio		1.45	Giuseppe morì all'età di centodieci anni; lo imbalsamarono e lo posero nell'arca in Egitto.	Poi Giuseppe morì, in età di centodieci anni; e fu imbalsamato, e posto in una bara in Egitto.	Joseph died at the age of one hundred and ten years, and they embalmed him and placed him in a coffin in Egypt.
GEN 7:22	YELLOW	Y-anchor	ira		2.20	Tutto ciò che aveva il respiro dello spirito di vita nelle sue narici, da tutto ciò che era sulla terra asciutta, morì.	Tutto quello ch’era sulla terra asciutta ed aveva alito di vita nelle sue narici, morì.	Every thing in which the breath of the spirit of life was in its nostrils, from all that was on the dry land, died.
GEN 7:6	YELLOW	Y-anchor	figlio		1.20	Noè aveva seicento anni, e il diluvio fu di acque sulla terra.	Noè era in età di seicento anni, quando il diluvio delle acque inondò la terra.	Noah was six hundred years old when the flood came, waters upon the land.
GEN 8:5	YELLOW	Y-anchor	capo		1.62	E le acque andavano calando fino al decimo mese; nel decimo, il primo giorno del mese, apparvero le cime dei monti.	E le acque andarono scemando fino al decimo mese. Nel decimo mese, il primo giorno del mese, apparvero le vette dei monti.	And the waters were receding continually until the tenth month; on the first of the tenth month the mountain tops became visible.
HAB 2:19	YELLOW	Y-anchor	silenzio|tutto		1.67	"Guai a chi dice all'albero: ""Svegliati!"" e alla pietra silenziosa: ""Alzati!""—ecco, è ricoperta d'oro e d'argento, e non c'è alcuno spirito in mezzo a lei."	Guai a chi dice al legno: “Svegliati!” e alla pietra muta: “Lèvati!” Può essa ammaestrare? Ecco, è ricoperta d’oro e d’argento, ma non v’è in lei spirito alcuno.	"Woe to him who says to a piece of wood, ""Awake!"" and to a silent stone, ""Arise!""—behold, it is overlaid with gold and silver, and there is no breath within it."
HAB 3:17	YELLOW	Y-anchor	vite|pecora		1.85	Poiché il fico non fiorirà, e non vi sarà prodotto nelle vigne; l'opera dell'olivo verrà meno, e i campi non daranno cibo; il gregge sarà reciso dall'ovile, e non vi sarà bue nelle stalle.	Poiché il fico non fiorirà, non ci sarà più frutto nelle vigne; il prodotto dell’ulivo fallirà, i campi non daran più cibo, i greggi verranno a mancare negli ovili, e non ci saran più buoi nelle stalle;	For the fig tree does not blossom and there is no fruit on the vines; the olive tree fails its work, and the fields do not produce food; the sheep fold is cut off and there is no herd in the stalls.
HOS 13:13	YELLOW	Y-anchor	corda		1.64	I dolori di parto verranno a lui; egli è un figlio non saggio, perché al tempo non si fermerà nel parto dei figli.	Dolori di donna di parto verranno per lui; egli è un figliuolo non savio; poiché, quand’è giunto il momento, non si presenta per nascere.	Pains like those of childbirth will come upon him; he is a son who lacks wisdom, for a time of breaking forth of children, he will not stand.
HOS 2:18	YELLOW	Y-anchor	vita		2.05	E farò per loro un patto in quel giorno con le bestie del campo e con gli uccelli del cielo e con i rettili della terra; e spezzerò l'arco, la spada e la guerra dalla terra, e li farò riposare in sicurezza.	E in quel giorno io farò per loro un patto con le bestie de’ campi, con gli uccelli del cielo, e coi rettili del suolo; e spezzerò e allontanerò dal paese l’arco, la spada, la guerra, e farò ch’essi riposino al sicuro.	I will make a covenant with them in that day, with the wild beasts of the field, and with the birds of the heavens, and with the creeping things of the earth; and I will break the bow, and the sword, and war out of the land, and will cause them to lie down safely.
HOS 2:23	YELLOW	Y-anchor	nulla		2.13	"La seminerò per me nella terra, e avrò compassione di colei che non aveva ottenuto compassione, e dirò a ""non-popolo-mio"": ""Tu sei il mio popolo"", ed egli dirà: ""Dio mio""."	Io lo seminerò per me in questa terra, e avrò compassione di Lo-ruhama; e dirò a Lo-ammi: “Tu sei il popolo mio!” ed egli mi risponderà: “Mio Dio!”	"And I will sow her for Me in the land, and I will have compassion on her who had not obtained compassion, and I will say to those who were not My people, ""You are My people,"" and they will say, ""You are my God."""
HOS 4:6	YELLOW	Y-anchor	senza		2.17	Il mio popolo è distrutto per mancanza di conoscenza; poiché tu hai rifiutato la conoscenza, io ti rifiuterò dal servire come sacerdote per me; e poiché hai dimenticato la legge del tuo Dio, anch'io dimenticherò i tuoi figli.	Il mio popolo perisce per mancanza di conoscenza. Poiché tu hai sdegnata la conoscenza, anch’io sdegnerò d’averti per sacerdote; giacché tu hai dimenticata la legge del tuo Dio, anch’io dimenticherò i tuoi figliuoli.	My people are destroyed for lack of knowledge, because you have rejected knowledge, I will reject you from being priest to me, and you have forgotten the law of your God, I also will forget your children.
HOS 6:9	YELLOW	Y-anchor	incantesimo		2.00	Come le bande tendono agguati a un uomo, così una compagnia di sacerdoti assassina sulla via verso Sichem; poiché hanno commesso scelleratezza.	Come una banda di briganti aspetta la gente, così fa la congrega de’ sacerdoti: assassinano sulla via di Sichem, commettono scelleratezze.	And as troops of robbers wait for a man, so the company of priests murder on the way toward Shechem by consent; for they commit lewdness.
HOS 8:1	YELLOW	Y-anchor	palato		2.08	Metti alla tua bocca una tromba, come un'aquila sulla casa dell'Eterno, perché hanno trasgredito il mio patto e contro la mia legge si sono ribellati.	Imbocca il corno! Come un’aquila, piomba il nemico sulla casa dell’Eterno, perché han violato il mio patto, han trasgredito la mia legge.	Upon your mouth a trumpet like an eagle against the house of the LORD because they have transgressed my covenant and against my law they have rebelled.
ISA 10:32	YELLOW	Y-anchor	giorno		2.18	Ancora oggi a Nob si fermerà; agiterà la sua mano contro il monte della casa della figlia di Sion, contro la collina di Gerusalemme.	Oggi stesso sosterà a Nob, agitando il pugno contro il monte della figlia di Sion, contro la collina di Gerusalemme.	Even today at Nob, he will wave his hand against the mount of Zion, the hill of Jerusalem.
ISA 11:7	YELLOW	Y-anchor	bambino		2.10	La giovenca e l'orso pascoleranno insieme; i loro piccoli si sdraieranno insieme; e il leone, come il bue, mangerà paglia.	La vacca pascolerà con l’orsa, i loro piccini giaceranno assieme, e il leone mangerà lo strame come il bue.	And a cow and a bear shall graze together; their young ones shall lie down; and a young lion as an ox shall eat straw.
ISA 13:15	YELLOW	Y-anchor	tutto|tutto		1.86	Chiunque sarà trovato sarà trafitto, e chiunque sarà raccolto cadrà per la spada.	Chiunque sarà trovato sarò trafitto, chiunque sarà còlto cadrà di spada.	Everything found shall be destroyed, and everything gathered shall fall by the sword.
ISA 15:5	YELLOW	Y-anchor	terzo		1.75	Il mio cuore grida per Moab; le sue sbarre fino a Tsoar, giovenca di tre anni; poiché la salita di Luchit sale con pianto, perché per la via di Oronaim levano un grido di rovina.	Il mio cuore geme per Moab, i cui fuggiaschi son già a Tsoar, a Eglath-Scelisciah; perché fanno, piangendo, la salita di Luhit e mandan grida d’angoscia sulla via di Horonaim;	My care for Moab cries out; her fugitives reach as far as Zoar, the heifer of the third part; for by the ascent of Luhith they go up with weeping; because the way of Horonaim brings a cry of destruction.
ISA 16:11	YELLOW	Y-anchor	ventre		1.89	Perciò le mie viscere fremono per Moab come una cetra, e il mio mezzo per Kir-Cheres.	Perciò le mie viscere fremono per Moab come un’arpa, e geme il mio cuore per Kir-Heres.	Therefore my bowels for Moab shall sound like a harp, and my inward parts for Kir-hareseth.
ISA 17:6	YELLOW	Y-anchor	capo		1.78	E vi resteranno racimoli, come allo scuotimento dell'olivo: due o tre bacche in cima al ramo più alto, quattro o cinque sui suoi rami fruttiferi, oracolo dell'Eterno, Dio d'Israele.	Vi rimarrà qualcosa da spigolare, come quando si scuote l’ulivo restan due o tre ulive nelle cime più alte, quattro o cinque nei rami più carichi, dice l’Eterno, l’Iddio d’Israele.	And olive gleanings shall be left in it, like the shaking of an olive tree, two or three berries at the top of a bough, four or five in its outmost branches, saith the LORD, the God of Israel.
ISA 18:2	YELLOW	Y-anchor	dolore|volto|calpestamento		1.48	"Egli invia messaggeri per mare, in vasi di giunco sulla superficie delle acque: ""Andate, messaggeri veloci, verso una nazione alta e liscia, verso un popolo terribile da allora e in poi, una nazione misurata e calpestata, la cui terra i fiumi hanno diviso."""	che invia messi per mare in navicelle di papiro, vogati a pel d’acqua! Andate, o veloci messaggeri, verso la nazione dall’alta statura e dalla pelle lucida, verso il popolo temuto fin nelle regioni lontane, nazione potente che calpesta tutto, il cui paese è solcato da fiumi!	He who sends ambassadors by sea, in vessels of bulrushes upon the face of the waters: Go, you swift messengers, to a nation tall and smooth, to a people terrible from its beginning onward, a nation trodden under foot, whose land the rivers divide.
ISA 18:5	YELLOW	Y-anchor	volto		1.75	Poiché prima del raccolto, quando il fiore è completo e l'agresto che matura diventa fiore, egli taglierà i tralci con le roncole e rimuoverà i tralci recisi.	Ma prima della mèsse, quando la fioritura sarà passata e il fiore sarà divenuto grappolo formato, Egli taglierà i tralci con delle roncole, torrà via e reciderà i pampini.	Before the harvest, the bud is a shriveling sour grape, and the flower will become a withered blossom; the sprigs with the pruning hooks are cut down, and the neglected branches are removed.
ISA 18:7	YELLOW	Y-anchor	calpestamento		1.72	In quel tempo sarà portato un dono all'Eterno degli eserciti, un popolo trascinato e rasato, e da un popolo terribile fin dal suo principio e oltre, una nazione misurata e calpestata, la cui terra i fiumi hanno diviso, al luogo del nome dell'Eterno degli eserciti, il monte Sion.	In quel tempo, delle offerte saran recate all’Eterno degli eserciti dalla nazione dall’alta statura e dalla pelle lucida, dal popolo temuto fin dalle regioni lontane, dalla nazione potente che calpesta tutto, il cui paese è solcato da fiumi: saran recate al luogo dov’è il nome dell’Eterno degli eserciti, sul monte di Sion.	At that time a present shall be brought to the LORD of hosts from a people of mingled speech and of trampling under foot, and from a nation terrible from its beginning onward, a nation stretched and trodden down, whose land the rivers divide, to the place of the name of the LORD of hosts, Mount Zion.
ISA 19:20	YELLOW	Y-anchor	volto		2.00	Sarà un segno e un testimone per l'Eterno degli eserciti nella terra d'Egitto; poiché grideranno all'Eterno a causa dei loro oppressori, ed egli manderà loro un salvatore e un difensore, e li libererà.	Sarà per l’Eterno degli eserciti un segno e una testimonianza nel paese d’Egitto; quand’essi grideranno all’Eterno a motivo dei loro oppressori, egli manderà loro un salvatore e un difensore a liberarli.	And it shall be a mark and a witness to the LORD of hosts in the land of Egypt, for they shall cry to the LORD because of oppressors, and he will send to them a savior and a defender, and he will deliver them.
ISA 1:4	YELLOW	Y-anchor	dietro		1.47	Guai alla nazione peccatrice, al popolo carico d'iniquità, seme di malfattori, figli corrotti; hanno abbandonato l'Eterno, hanno disprezzato il Santo d'Israele, si sono ritirati indietro.	Ahi, nazione peccatrice, popolo carico d’iniquità, razza di malvagi, figliuoli corrotti! Hanno abbandonato l’Eterno, hanno sprezzato il Santo d’Israele, si son vòlti e ritratti indietro.	Woe to the sinful nation, a people burdened with iniquity, a brood of evildoers, children acting corruptly; they have forsaken the LORD, spurned the Holy One of Israel, turned backward.
ISA 25:10	YELLOW	Y-anchor	per		1.77	Poiché la mano dell'Eterno riposerà su questo monte, e Moab sarà calpestato sotto di lui, come si calpesta la paglia nel letamaio.	Poiché la mano dell’Eterno riposerà su questo monte, mentre Moab sarà trebbiato sulla sua terra come si pigia la paglia nel letamaio.	For the hand of the LORD rests on this mountain, and Moab shall be trampled under it, like threshing straw on a dunghill.
ISA 28:1	YELLOW	Y-anchor	olio		1.75	Guai alla corona di maestà degli ubriachi di Efraim, e al fiore appassito della gloria del suo splendore, che è sul capo della valle fertile, colpiti dal vino.	Guai alla superba corona degli ubriachi d’Efraim, e al fiore che appassisce, splendido ornamento che sta sul capo della grassa valle degli storditi dal vino!	Woe to the crown of pride, the drunkards of Ephraim, and to the fading flower, the beauty of his glorious adornment, which is on the head of the fertile valley, those overcome by wine.
ISA 28:13	YELLOW	Y-anchor	dietro		1.87	E sarà per loro la parola dell'Eterno: precetto su precetto, precetto su precetto, corda su corda, corda su corda, un poco là, un poco là, affinché vadano e cadano all'indietro, e siano spezzati, e siano presi al laccio, e siano catturati.	Ma quelli non han voluto ascoltare; e la parola dell’Eterno è stata per loro precetto dopo precetto, precetto dopo precetto, regola dopo regola, regola dopo regola, un poco qui, un poco là, ond’essi andassero a cadere a rovescio, fossero fiaccati, còlti al laccio, e presi!	And it shall be to them the word of the LORD: commandment upon commandment, commandment upon commandment, line upon line, line upon line, little upon little, little upon little, so that they go forward and stumble backward and are broken and snared and captured.
ISA 28:4	YELLOW	Y-anchor	olio		1.70	E il fiore appassito della gloria del suo splendore, che è sul capo della valle fertile, sarà come la primizia prima dell'estate: chi la vede, mentre è ancora nella sua mano, la inghiotte.	e il fiore che appassisce, lo splendido ornamento che sta sul capo della grassa valle sarà come il fico primaticcio d’avanti l’estate; appena uno lo scorge, l’ha in mano, e lo trangugia.	And the fading flower of its beauty, which is on the head of the fat valley, will be like the first-ripe fig before summer, which one sees, and while it is still in his hand, he swallows it.
ISA 30:17	YELLOW	Y-anchor	capo		1.58	Mille fuggiranno davanti alla minaccia di uno, davanti alla minaccia di cinque fuggirete, finché non siate rimasti come un albero sulla cima del monte e come un vessillo sulla collina.	Mille di voi fuggiranno alla minaccia d’uno solo; alla minaccia di cinque vi darete alla fuga, finché rimaniate come un palo in vetta a un monte, come un’antenna sopra un colle.	One thousand will flee at the rebuke of one, at the rebuke of five you will flee, until you are left like a beacon on the top of a mountain and like a banner on a hill.
ISA 30:28	YELLOW	Y-anchor	regione		2.00	Il suo spirito è come un torrente che inonda fino al collo, per vagliare le nazioni con il vaglio della vanità, e un freno che svia sulle guance dei popoli.	il suo fiato è come un torrente che straripa, che arriva fino al collo. Ei viene a vagliar le nazioni col vaglio della distruzione, e a metter, tra le mascelle dei popoli, un freno che li faccia fuorviare.	And his spirit is like a flooding river reaching to the neck, for shaking the nations with the sieve of falsehood, and a misleading bridle upon the jaws of the peoples.
ISA 30:32	YELLOW	Y-anchor	fondamento		2.00	E avverrà che ogni guado della tribù fondata, sul quale l'Eterno posa, sarà con tamburelli e con cetre; e in guerre di offerta agitata si combatterà contro di essa.	ed ogni passaggio del flagello destinatogli che l’Eterno gli farà piombare addosso, sarà accompagnato dal suono di tamburelli e di cetre; l’Eterno combatterà contro di lui a colpi raddoppiati.	And it shall come to pass, every passage of a tribe grounded, upon which the LORD rests, with tabrets and with harps, and in battles of waving, is fought.
ISA 30:9	YELLOW	Y-anchor	ribellione		1.50	Poiché è un popolo ribelle, figli di falsità, figli che non hanno voluto ascoltare la legge dell'Eterno.	Giacché questo è un popolo ribelle, son de’ figliuoli bugiardi, de’ figliuoli che non vogliono ascoltare la legge dell’Eterno,	For it is a rebellious folk, sons of falsehood, sons who refuse to hear the law of the LORD.
ISA 35:10	YELLOW	Y-anchor	eternità		1.81	I riscattati dell'Eterno ritorneranno e verranno a Sion con grido di gioia, e gioia eterna sarà sul loro capo; otterranno gioia e letizia, e fuggiranno dolore e gemito.	e i riscattati dall’Eterno torneranno, verranno a Sion con canti di gioia; un’allegrezza eterna coronerà il loro capo; otterranno gioia e letizia, e il dolore ed il gemito fuggiranno.	And the redeemed of the LORD will return and come to Zion with rejoicing, and everlasting joy upon their heads; they will obtain gladness and joy, and sorrow and sighing will flee away.
ISA 36:18	YELLOW	Y-anchor	uomo		1.75	"Guardate che Ezechia non vi inganni, dicendo: ""L'Eterno ci salverà"". Forse gli dèi delle nazioni hanno salvato ciascuno la propria terra dalla mano del re d'Assiria?"	Guardate ch’Ezechia non vi seduca, dicendo: L’Eterno ci libererà. Ha qualcuno degli dèi delle nazioni potuto liberare il suo paese dalle mani del re d’Assiria?	Beware lest Hezekiah persuade you, saying, The LORD will deliver us; have the gods of the nations delivered each his land from the hand of the king of Assyria?
ISA 37:23	YELLOW	Y-anchor	altezza		1.79	Chi hai insultato e bestemmiato, e contro chi hai alzato la voce, e hai levato in alto i tuoi occhi verso il Santo d'Israele?	Chi hai tu insultato e oltraggiato? Contro di chi tu hai alzata la voce e levati in alto gli occhi tuoi? Contro il Santo d’Israele.	Whom have you reviled and blasphemed, and against whom have you raised your voice, and lifted up your eyes in haughtiness toward the Holy One of Israel?
ISA 37:26	YELLOW	Y-anchor	oriente		1.94	Non hai forse udito che da lontano l'ho fatta, dai giorni antichi l'ho formata? Ora l'ho condotta, ed essa sarà per ridurre in onde desolate le città fortificate.	Non hai tu udito? Già da lungo tempo io ho preparato queste cose, da tempi antichi ne ho formato il disegno. Ed ora le faccio accadere, e tu sei là per ridurre città forti in monti di rovine.	Have you not heard that from afar I planned it long ago, and formed it in ancient times? Now I have brought it to pass, that you may lay waste fortified cities with crashing waves.
ISA 38:19	YELLOW	Y-anchor	giorno		1.82	Il vivente, il vivente, egli ti loderà come faccio io oggi; il padre farà conoscere ai figli la tua verità.	Il vivente, il vivente è quel che ti loda, come fo io quest’oggi; il padre farà conoscere ai suoi figliuoli la tua fedeltà.	He who lives will praise you as I do this day; a father will make known to his children your faithfulness.
ISA 3:16	YELLOW	Y-anchor	gola		1.76	"L'Eterno ha detto: ""Poiché le figlie di Sion si sono innalzate e camminano a collo teso, con occhi ammiccanti, andando a passi leggeri e facendo tintinnare i loro piedi,"""	L’Eterno dice ancora: Poiché le figliuolo di Sion sono altere, sen vanno col collo teso, lanciando sguardi provocanti, camminando a piccoli passi e facendo tintinnare gli anelli de’ lor piedi,	And the LORD said, Because the daughters of Zion are haughty, and walk with outstretched neck and flirting eyes, walking with mincing steps, and tinking with their feet,
ISA 40:26	YELLOW	Y-anchor	altezza		2.10	Alzate in alto i vostri occhi e guardate: chi ha creato queste cose? Colui che fa uscire il loro esercito in numero, e le chiama tutte per nome; per la moltitudine delle forze e per il vigore del potere, nessun uomo manca.	Levate gli occhi in alto, e guardate: Chi ha create queste cose? Colui che fa uscir fuori, e conta il loro esercito, che le chiama tutte per nome; e per la grandezza del suo potere e per la potenza della sua forza, non una manca.	Lift up your eyes high and see who created these, the one who brings out their host by number; he calls them all by name, because of the abundance of strength and mighty power, not one is missing.
ISA 42:17	YELLOW	Y-anchor	dietro		2.30	"Indietreggeranno e saranno coperti di vergogna quelli che confidano nell'immagine scolpita, quelli che dicono all'immagine fusa: ""Voi siete il nostro Dio."""	E volgeran le spalle, coperti d’onta, quelli che confidano negl’idoli scolpiti e dicono alle immagini fuse: “Voi siete i nostri dèi!”	"They shall turn back, be ashamed, those who trust in carved images, who say to a molten image, ""You are our gods."""
ISA 44:13	YELLOW	Y-anchor	albero		2.41	L'artigiano del legno tende la corda, lo traccia con la matita, lo lavora con gli scalpelli e con il compasso lo delinea; lo fa secondo il modello di un uomo, come gloria di un uomo, per abitare in una casa.	Il falegname stende la sua corda, disegna l’idolo con la matita, lo lavora con lo scalpello, lo misura col compasso, e ne fa una figura umana, una bella forma d’uomo, perché abiti in una casa.	An artificer cuts wood, stretches out a line, marks it with a line, shapes it with a plane and with a compass, and makes it in the figure of a man, according to the beauty of a person, to dwell in a house.
ISA 44:24	YELLOW	Y-anchor	acqua		2.12	"Così dice l'Eterno, il tuo Redentore, e colui che ti ha formato dal ventre: ""Io sono l'Eterno, che faccio tutto, che stendo il cielo da solo, che distendo la terra; chi è con me?"""	Così parla l’Eterno, il tuo redentore, Colui che t’ha formato fin dal seno materno: Io sono l’Eterno, che ha fatto tutte le cose; io solo ho spiegato i cieli, ho distesala terra, senza che vi fosse alcuno meco;	Thus says the LORD your Redeemer and your Creator from the womb: I am the LORD, doing everything, stretching out the heavens alone, spreading out the earth by myself.
ISA 44:25	YELLOW	Y-anchor	menzogna|dietro		2.20	Egli annulla i segni dei bugiardi e rende folli gli indovini; fa tornare indietro i saggi e rende stolta la loro conoscenza.	io rendo vani i presagi degl’impostori, e rendo insensati gl’indovini; io faccio indietreggiare i savi, e muto la loro scienza in follia;	He who frustrates the signs of liars and mocks diviners, who turns wise men backward and makes their knowledge foolish.
ISA 50:5	YELLOW	Y-anchor	dietro		1.82	Il Signore, l'Eterno, mi ha aperto l'orecchio, e io non sono stato ribelle, non mi sono tirato indietro.	Il Signore, l’Eterno, m’ha aperto l’orecchio, ed io non sono stato ribelle e non mi son tratto indietro.	The Lord GOD hath opened mine ear and I did not rebel backward I did not go away
ISA 51:13	YELLOW	Y-anchor	continuo|volto		2.10	Hai dimenticato l'Eterno, il tuo creatore, che distende il cielo e fonda la terra, e hai temuto continuamente tutto il giorno a causa del furore dell'oppressore, come se egli fosse pronto a distruggere; e dov'è il furore dell'oppressore?	che tu dimentichi l’Eterno, che t’ha fatto, che ha disteso i cieli e fondata la terra; che tu tremi continuamente, tutto il giorno, dinanzi al furore dell’oppressore, quando s’appresta a distruggere? E dov’è dunque il furore dell’oppressore?	You have forgotten the LORD your Maker, who stretched out the heavens and laid the foundations of the earth; you feared continually all day long the wrath of the oppressor, as though he were preparing to destroy; and where is the wrath of the oppressor?
ISA 53:2	YELLOW	Y-anchor	deserto		1.87	Salì come un rampollo davanti a lui, e come una radice da terra arida; non aveva aspetto né maestà; lo vedemmo, ma non c'era aspetto da desiderarlo.	Egli è venuto su dinanzi a lui come un rampollo, come una radice ch’esce da un arido suolo; non avea forma né bellezza da attirare i nostri sguardi, né apparenza, da farcelo desiderare.	He shall spring up before him as a tender plant and as a root out of a dry ground; he hath no form nor comeliness, and when we see him, there is no beauty that we should desire him.
ISA 54:8	YELLOW	Y-anchor	eternità		2.42	Nell'impeto dell'ira ho nascosto il mio volto da te per un istante, ma con benignità eterna ho avuto pietà di te, dice il tuo Redentore, l'Eterno.	In un accesso d’ira, t’ho per un momento nascosta la mia faccia, ma con un amore eterno io avrò pietà di te, dice l’Eterno, il tuo redentore.	In little wrath I hid my face from you for a moment, but with everlasting kindness I will have mercy on you, said the LORD, your Redeemer.
ISA 56:7	YELLOW	Y-anchor	favore		2.05	Li condurrò al mio santo monte e li rallegrerò nella mia casa di preghiera; i loro olocausti e i loro sacrifici saranno graditi sul mio altare, perché la mia casa sarà chiamata casa di preghiera per tutti i popoli.	io li condurrò sul mio monte santo, e li rallegrerò nella mia casa d’orazione; i loro olocausti e i loro sacrifizi saranno graditi sul mio altare, perché la mia casa sarà chiamata una casa d’orazione per tutti i popoli.	And I will bring them to my holy mountain and make them joyful in my house of prayer; their burnt offerings and their sacrifices will be accepted on my altar, for my house will be called a house of prayer for all nations.
ISA 59:14	YELLOW	Y-anchor	dietro		1.71	Il giudizio è respinto indietro, e la giustizia sta da lontano; perché la verità è inciampata nella piazza, e la rettitudine non può entrare.	E la sentenza liberatrice s’è ritirata, e la salvezza s’è tenuta lontana; poiché la verità soccombe sulla piazza pubblica, e la rettitudine non può avervi accesso;	And justice is pushed backward, and righteousness stands far away; for truth has stumbled in the public square, and integrity cannot enter.
ISA 59:8	YELLOW	Y-anchor	tutto		2.00	La via della pace non hanno conosciuto, e non c'è giudizio nei loro sentieri; le loro vie le hanno rese tortuose per sé; chiunque cammina su di esse non conosce pace.	La via della pace non la conoscono, e non v’è equità nel loro procedere; si fanno de’ sentieri tortuosi, chiunque vi cammina non conosce la pace.	The way of peace they have not known, and there is no justice in their paths; their paths have been crooked for them; all who walk on them do not know peace.
ISA 5:28	YELLOW	Y-anchor	nemico		2.42	le cui frecce sono affilate, e tutti i suoi archi sono tesi; gli zoccoli dei suoi cavalli sono considerati come pietra focaia, e le sue ruote come una tempesta.	Le sue frecce sono acute, tutti i suoi archi son tesi; gli zoccoli de’ suoi cavalli paiono pietre, le ruote de’ suoi carri, un turbine.	whose arrows are sharp and all his bows are bent; the hooves of his horses are accounted as flint, and his wheels as a whirlwind.
ISA 60:14	YELLOW	Y-anchor	mano		1.83	"I figli dei tuoi oppressori verranno a te chinati, e si prostreranno sulle palme dei tuoi piedi tutti quelli che ti disprezzavano; e ti chiameranno ""città dell'Eterno"", Sion, il Santo d'Israele."	E i figliuoli di quelli che t’avranno oppressa verranno a te, abbassandosi; e tutti quelli che t’avranno disprezzata si prostreranno fino alla pianta dei tuoi piedi, e ti chiameranno “la città dell’Eterno”, “la Sion del Santo d’Israele”.	And your oppressors' children shall come to you, bowing down upon the palms of your feet; all who despised you shall prostrate themselves at your feet and call you the city of the LORD, Zion, the holy one of Israel.
ISA 60:15	YELLOW	Y-anchor	eternità		1.75	Invece di essere abbandonata e odiata, senza che alcuno passi, ti farò un orgoglio eterno, una gioia di generazione in generazione.	Invece d’esser abbandonata, odiata, sì che anima viva più non passava per te, io farò di te l’orgoglio de’ secoli, la gioia di tutte le età.	Instead of being forsaken and hated, with no one passing through, I will make you an everlasting excellency, a joy of generation to generation.
ISA 60:19	YELLOW	Y-anchor	eternità		1.74	Il sole non sarà più per te luce del giorno, né lo splendore della luna ti illuminerà; ma l'Eterno sarà per te luce eterna, e il tuo Dio sarà la tua gloria.	Non più il sole sarà la tua luce, nel giorno; e non più la luna t’illuminerà col suo chiarore; ma l’Eterno sarà la tua luce perpetua, e il tuo Dio sarà la tua gloria.	Your sun shall no longer serve as light by day, nor the brightness of the moon shine upon you; but the LORD shall be your everlasting light, and your God shall be your glory.
ISA 60:20	YELLOW	Y-anchor	eternità		1.81	Il tuo sole non tramonterà più, né il tuo mese verrà meno, perché l'Eterno sarà per te una luce eterna, e i giorni del tuo lutto saranno compiuti.	Il tuo sole non tramonterà più, e la tua luna non scemerà più; poiché l’Eterno sarà al tua luce perpetua, e i giorni del tuo lutto saranno finiti.	Your sun shall no longer rise, nor shall your moon be gathered in, for the LORD will be for you as an everlasting light, and the days of your mourning shall be complete.
ISA 61:10	YELLOW	Y-anchor	genero		2.47	Esulterò grandemente nell'Eterno, la mia anima gioirà nel mio Dio, perché mi ha rivestito con vestiti di salvezza, mi ha avvolto con un manto di giustizia, come uno sposo che si cinge con un turbante, e come una sposa che si adorna con i suoi vasi.	Io mi rallegrerò grandemente nell’Eterno, l’anima mia festeggerà nel mio Dio; poich’egli m’ha rivestito delle vesti della salvezza, m’ha avvolto nel manto della giustizia, come uno sposo che s’adorna d’un diadema, come una sposa che si para de’ suoi gioielli.	I will greatly rejoice in the LORD, my soul shall be joyful in my God; for he hath clothed me with garments of salvation, he hath covered me with the robe of righteousness, as a bridegroom decketh himself with ornaments, and as a bride adorneth herself with her jewels.
ISA 62:5	YELLOW	Y-anchor	genero		2.31	Poiché come un giovane sposa una vergine, così ti sposeranno i tuoi figli; e come la gioia dello sposo per la sposa, così si rallegrerà per te il tuo Dio.	Come una giovine sposa una vergine, così i tuoi figliuoli sposeranno te; e come la sposa è la gioia della sposo, così tu sarai la gioia del tuo Dio.	When a chosen young man marries a virgin, so shall your sons marry you; and as a bridegroom rejoices over a bride, so shall your God rejoice over you.
ISA 63:12	YELLOW	Y-anchor	eternità		2.00	Colui che condusse alla destra di Mosè il braccio della sua gloria, che squarciò le acque davanti a loro, per farsi un nome eterno.	che faceva andare il suo braccio glorioso alla destra di Mosè? che divise le acque innanzi a loro per acquistarsi una rinomanza eterna?	Who caused his glorious arm to go at the right hand of Moses, splitting the waters before them to make for himself an everlasting name.
ISA 63:18	YELLOW	Y-anchor	piccolo		2.57	Per poco tempo il tuo popolo santo l'ha posseduto; i nostri nemici hanno calpestato il tuo santuario.	Per ben poco tempo il tuo popolo santo ha posseduto il paese; i nostri nemici han calpestato il tuo santuario.	While the small inherit your holy folk, our adversaries trample your sanctuary.
ISA 7:20	YELLOW	Y-anchor	lato		2.00	In quel giorno il Signore raderà con un rasoio preso a nolo al di là del fiume, per mezzo del re d'Assiria, il capo e il pelo dei piedi, e anche la barba sarà tolta.	In quel giorno, il Signore, con un rasoi preso a nolo di là dal fiume, cioè col re d’Assiria, raderà la testa, i peli delle gambe, e porterà via anche la barba.	On that day the LORD will shave with a razor hired from beyond the river, from the king of Assyria, the head and the hair of the legs, and even the beard will be removed.
ISA 7:22	YELLOW	Y-anchor	tutto		1.57	E avverrà che, per la moltitudine del latte prodotto, mangerà burro; poiché burro e miele mangerà chiunque rimarrà in mezzo alla terra.	ed esse daranno tale abbondanza di latte, che egli mangerà della crema; poiché crema e miele mangerà chiunque sarà rimasto superstite in mezzo al paese.	And it shall be, from the abundance of milk they produce, he will eat butter, for butter and honey he will eat, every one remaining in the midst of the land.
JDG 11:27	YELLOW	Y-anchor	giorno		1.70	E io non ho peccato contro di te, ma tu mi fai del male combattendo contro di me; giudichi l'Eterno, il Giudice, oggi tra i figli d'Israele e i figli di Ammon.	E io non t’ho offeso, e tu agisci male verso di me, movendomi guerra. L’Eterno, il giudice, giudichi oggi tra i figliuoli d’Israele e i figliuoli di Ammon!”	Yet I have not sinned against you, but you are doing adversity to me by fighting against me; may the LORD judge this day between the children of Israel and the children of Ammon.
JDG 11:37	YELLOW	Y-anchor	amica		1.60	"E lei disse a suo padre: ""Mi sia fatta questa parola: lasciami per due mesi, e io andrò e scenderò sui monti, e piangerò sulla mia verginità, io e le mie compagne."""	Poi disse a suo padre: “Mi sia concesso questo: lasciami libera per due mesi, ond’io vada e scenda per i monti a piangere la mia verginità con le mie compagne”.	And she said to her father, Let this matter be done for me: stay away from me two months, and I will go and go down to the mountains and weep for my virginity, I.
JDG 12:2	YELLOW	Y-anchor	uomo		1.71	"Iefte disse loro: ""Io e il mio popolo fummo in grande lite con i figli di Ammon, e io vi chiamai, ma voi non mi salvasti dalla loro mano."""	Jefte rispose loro: “Io e il mio popolo abbiamo avuto gran contesa coi figliuoli di Ammon; e quando v’ho chiamati in aiuto, non mi avete liberato dalle loro mani.	"Jephthah said to them, ""I and my people had a great controversy with the people of Ammon, and I cried out to you, but you did not deliver me from their hand."""
JDG 13:23	YELLOW	Y-anchor	donna		1.90	"Sua moglie gli disse: ""Se l'Eterno avesse voluto farci morire, non avrebbe preso dalla nostra mano l'olocausto e l'offerta, né ci avrebbe mostrato tutte queste cose, né in questo tempo ci avrebbe fatto udire una cosa simile."""	Ma sua moglie gli disse: “Se l’Eterno avesse voluto farci morire, non avrebbe accettato dalle nostre mani l’olocausto e l’oblazione; non ci avrebbe fatto vedere tutte queste cose, e non ci avrebbe fatto udire proprio ora delle cose come queste”.	"And his wife said to him, ""If the LORD had desired to kill us, he would not have taken from our hand a burnt offering and a gift, nor shown us all these things, and now he would not have told us such a thing."""
JDG 13:4	YELLOW	Y-anchor	tutto		1.64	Ora dunque, guardati, ti prego, e non bere vino né bevanda forte, e non mangiare nulla di impuro.	Or dunque, guardati bene dal bere vino o bevanda alcoolica, e dal mangiare alcun che d’impuro.	And now, please be careful and do not drink wine or strong drink, and do not eat any unclean thing.
JDG 13:7	YELLOW	Y-anchor	tutto		1.44	"Mi disse: ""Ecco, sei incinta e partorirai un figlio; ora non bere vino né bevanda forte, e non mangiare alcuna impurità, perché il giovane sarà Nazireo di Dio dal ventre fino al giorno della sua morte."""	ma mi ha detto: Ecco, tu concepirai e partorirai un figliuolo; or dunque non bere vino né bevanda alcoolica, e non mangiare alcun che d’impuro, giacché il fanciullo sarà un Nazireo, consacrato a Dio dal seno di sua madre e fino al giorno della sua morte”.	"He said to me, ""You are with child and shall bear a son; now do not drink wine or strong drink, and do not eat any unclean thing, for the boy shall be a Nazarite to God from the womb until the day of his death."""
JDG 16:5	YELLOW	Y-anchor	uomo		1.92	"I principi dei Filistei salirono da lei e le dissero: ""Seducilo e scopri in che cosa la sua forza sia grande, e in che cosa possiamo prevalere su di lui, così da legarlo per umiliarlo; e noi ti daremo ciascuno mille e cento sicli d'argento."""	E i principi de’ Filistei salirono da lei e le dissero: “Lusingalo e vedi dove risieda quella sua gran forza, e come potremmo prevalere contro di lui per giungere a legarlo e a domarlo; e ti daremo ciascuno mille e cento sicli d’argento”.	"The lords of the Philistines went up to her and said to her, ""Entice him and see wherein his great strength lies, and by what means we may overpower him, so that we can bind him to afflict him; and each of us will give you eleven hundred pieces of silver."""
JDG 17:2	YELLOW	Y-anchor	orecchio		2.26	"E disse a sua madre: ""I mille e cento sicli d'argento che ti erano stati presi, e per i quali hai pronunciato una maledizione, e hai anche detto in mia presenza: 'Ecco, l'argento è con me; io l'ho preso'"", e sua madre disse: ""Benedetto sia mio figlio dall'Eterno""."	Egli disse a sua madre: “I mille cento sicli d’argento che t’hanno rubato, e a proposito de’ quali hai pronunziato una maledizione, e l’hai pronunziata in mia presenza, ecco, li ho io; quel denaro l’avevo preso io”. E sua madre disse: “Benedetto sia dall’Eterno il mio figliuolo!”	"And he said to his mother, ""The thousand and hundred pieces of silver that were taken for you, I have not lied, and you also said in my hearing, 'Behold, the silver is with me; I have taken it,' and his mother said, ""Blessed be my son by the LORD."""
JDG 18:2	YELLOW	Y-anchor	esercito		1.60	"I figli di Dan mandarono dalla loro famiglia cinque uomini, dalle loro estremità, uomini valorosi, da Tsorea e da Estaol, per esplorare la terra e per investigarla; e dissero loro: ""Andate, investigate la terra"". Essi giunsero al monte di Efraim, fino alla casa di Mica, e vi pernottarono."	I figliuoli di Dan mandaron dunque da Tsorea e da Eshtaol cinque uomini della loro tribù, presi di fra loro tutti, uomini valorosi, per esplorare ed esaminare il paese; e dissero loro: “Andate a esaminare il paese!” Quelli giunsero nella contrada montuosa di Efraim, alla casa di Mica, e pernottarono in quel luogo.	"The Danites sent from their family five men, capable men from Zorah and Eshtaol, to spy out the land and to search it; and they said to them, ""Go, search out the land."" So they came to the hill country of Ephraim, to the house of Micah, and lodged there."
JDG 18:27	YELLOW	Y-anchor	bocca		1.42	Essi presero ciò che Mica aveva fatto e il sacerdote che era suo, e vennero contro Lais, contro un popolo tranquillo e fiducioso, e li colpirono a fil di spada, e bruciarono la città con il fuoco.	Ed essi, dopo aver preso le cose che Mica avea fatte e il sacerdote che aveva al suo servizio, giunsero a Lais, a un popolo che se ne stava tranquillo e in sicurtà; lo passarono a fil di spada, e dettero la città alle fiamme.	They took what Micah had made and the priest who belonged to him, and they came against Laish, against a quiet and unsuspecting people, and they struck them with the sword, and they burned the city with fire.
JDG 19:19	YELLOW	Y-anchor	mancanza		2.11	Anche paglia e foraggio ci sono per i nostri asini, e pane e vino sono per me, per la tua serva e per il giovane che è con i tuoi servi; non manca nulla di tutto ciò che è parola.	Eppure abbiamo della paglia e del foraggio per i nostri asini, e anche del pane e del vino per me, per la tua serva e per il garzone che è coi tuoi servi; a noi non manca nulla”.	And also straw and provender are available for our asses, and bread and wine are mine and for your female servant and for the boy with your servants; there is no lack of anything.
JDG 19:9	YELLOW	Y-anchor	via		2.27	"L'uomo si alzò per andarsene, lui con la sua concubina e il suo giovane; e il suo suocero, il padre della fanciulla, gli disse: ""Ecco, ora il giorno è declinato verso sera; per favore, fermatevi qui per la notte; ecco, il giorno volge al termine; rimani qui, e il tuo cuore si rallegri; e domani vi alzerete presto per il vostro cammino, e andrai alla tua tenda."""	E quando quell’uomo si levò per andarsene con la sua concubina e col suo servo, il suocero, il padre della giovane, gli disse: “Ecco, il giorno volge ora a sera; ti prego, trattienti qui questa notte; vedi, il giorno sta per finire; pernotta qui, e il cuor tuo si rallegri; e domani vi metterete di buon’ora in cammino e te ne andrai a casa”.	"Then the man rose to go, he and his concubine and his servant, and his father-in-law, the girl's father, said to him, ""Behold now, the day has declined toward evening; stay the night, I pray you; behold, the day has drawn to a close—stay here and let your heart be comforted; and you shall rise early tomorrow for your journey, and go on to your tent."""
JDG 1:10	YELLOW	Y-anchor	volto		1.33	Giuda andò contro il Cananeo che abitava in Ebron, e il nome di Ebron prima era Kiriat-Arba; e colpirono Scesai, Achiman e Talmai.	Giuda marciò contro i Cananei che abitavano a Hebron, (il cui nome era prima Kiriath-Arba) e sconfisse Sceshai, Ahiman e Talmai.	Judah went to the Canaanite who lived in Hebron, and the name of Hebron formerly was Kirjath-arba, and they struck Sheshai and Ahiman and Talmai.
JDG 1:23	YELLOW	Y-anchor	volto		1.56	La casa di Giuseppe esplorò Betel, e il nome della città prima era Luz.	La casa di Giuseppe mandò ad esplorare Bethel, città che prima si chiamava Luz.	The house of Joseph advanced to Beth-el, and the name of the city formerly was Luz.
JDG 1:8	YELLOW	Y-anchor	bocca		1.69	I figli di Giuda combatterono contro Gerusalemme, la catturarono, la colpirono a fil di spada, e la città la diedero al fuoco.	I figliuoli di Giuda attaccarono Gerusalemme, e la presero; passarono gli abitanti a fil di spada e misero la città a fuoco e fiamma.	The sons of Judah fought against Jerusalem and captured it, and struck it with the sword, and burned the city with fire.
JDG 20:17	YELLOW	Y-anchor	solo		1.40	Gli uomini d'Israele furono contati, oltre a Beniamino: quattrocentomila uomini che traevano la spada, tutti questi erano uomini di guerra.	Si fece pure il censimento degli uomini d’Israele, non compresi quelli di Beniamino; ed erano in numero di quattrocentomila uomini atti a trar la spada, tutta gente di guerra.	Also, the men of Israel were mustered apart from Benjamin, four hundred thousand men who drew the sword, every one of them a warrior.
JDG 20:2	YELLOW	Y-anchor	angolo		1.59	I capi di tutto il popolo, tutte le tribù d'Israele, si presentarono nell'assemblea del popolo di Dio: quattrocentomila uomini a piedi, che sguainavano la spada.	I capi di tutto il popolo, e tutte le tribù d’Israele si presentarono nella raunanza del popolo di Dio, in numero di quattrocentomila fanti, atti a trar la spada.	And the bulwarks of all the people, all the tribes of Israel, stood in the assembly of the people of God, four hundred thousand foot soldiers, every man with drawn sword.
JDG 20:48	YELLOW	Y-anchor	bocca|salute		1.86	Gli uomini d'Israele tornarono contro i figli di Beniamino e li colpirono a fil di spada, dalla città intera fino al bestiame, fino a tutto ciò che si trovava; anche tutte le città che si trovavano le diedero al fuoco.	Poi gl’Israeliti tornarono contro i figliuoli di Beniamino, li sconfissero mettendoli a fil di spada, dagli abitanti delle città al bestiame, a tutto quel che capitava loro; e dettero alle fiamme tutte le città che trovarono.	Also, any man of Israel turned back to the sons of Benjamin and struck them with the edge of the sword, from city to cattle, to all that was found, and also all the cities that were found they sent out in fire.
JDG 21:3	YELLOW	Y-anchor	giorno		1.38	Perché, o Eterno, Dio d'Israele, è accaduto questo in Israele, che oggi manchi dall'Israele una tribù?	“O Eterno, o Dio d’Israele, perché mai è avvenuto questo in Israele, che oggi ci sia in Israele una tribù di meno?”	They said, Why has this happened in Israel, O Jehovah, God of Israel, that one tribe of Israel should be missing today?
JDG 21:4	YELLOW	Y-anchor	indomani		2.10	E il giorno seguente, il popolo si alzò presto, e costruirono là un altare, e offrirono olocausti e sacrifici di pace.	Il giorno seguente, il popolo si levò di buon mattino, costruì quivi un altare, e offerse olocausti e sacrifizi di azioni di grazie.	And it came to pass on the next day that the people rose early and built an altar there, and offered burnt offerings and peace offerings.
JDG 21:6	YELLOW	Y-anchor	giorno		1.75	"I figli d'Israele si pentirono riguardo a Beniamino, loro fratello, e dissero: ""Oggi una tribù è stata recisa da Israele."""	I figliuoli d’Israele si pentivano di quel che avean fatto a Beniamino loro fratello, e dicevano: “Oggi è stata soppressa una tribù d’Israele.	The sons of Israel grieved for Benjamin their brother and said, Today one tribe has been cut off from Israel.
JDG 3:16	YELLOW	Y-anchor	lunghezza|destra		1.31	Eud si fece una spada a doppio taglio, lunga un cubito, e la cinse sotto le sue vesti sul fianco destro.	Ehud si fece una spada a due tagli, lunga un cubito; e se la cinse sotto la veste, al fianco destro.	Ehud made for himself a dagger, and it had two edges, a cubit long, and he girded it beneath his garment on his right thigh.
JDG 4:16	YELLOW	Y-anchor	bocca		1.53	E Barak inseguì il carro e l'accampamento fino a Caroscet delle nazioni, e tutto l'accampamento di Sisera cadde a fil di spada; non ne rimase neppure uno.	Ma Barak inseguì i carri e l’esercito fino ad Harosceth-Goim; e tutto l’esercito di Sisera cadde sotto i colpi della spada, e non ne scampò un uomo.	And Barak pursued after the chariot and after the army to Harosheth of the Gentiles, and all the army of Sisera fell by the sword; not one was left.
JDG 4:9	YELLOW	Y-anchor	estremità		1.33	"Ella disse: ""Certo andrò con te; ma la tua gloria non sarà sulla via che percorri, perché l'Eterno venderà Sisera per mano di una donna."" E Debora si alzò e andò con Barak a Kedes."	Ed ella disse: “Certamente, verrò con te; soltanto, la via per cui ti metti non ridonderà ad onor tuo; poiché l’Eterno darà Sisera in man d’una donna”. E Debora si levò e andò con Barak a Kades.	But she said, I will go with you, yet there will be no glory for you on the journey that you take, for by the hand of a woman will the LORD sell Sisera. And Deborah arose and went with Barak to Kedesh.
JDG 5:17	YELLOW	Y-anchor	lato		1.73	Galaad dimora al di là del Giordano, e Dan, perché si trattiene presso le navi? Aser siede sulla costa del mare, e nei suoi porti abita.	Galaad non ha lasciato la sua dimora di là dal Giordano; e Dan perché s’è tenuto sulle sue navi? Ascer è rimasto presso il lido del mare, e s’è riposato ne’ suoi porti.	Gilead abides beyond the Jordan and why does Dan dwell in ships Asher sits by the coast of the sea and on his breaches he dwells
JDG 5:30	YELLOW	Y-anchor	compassione		2.28	Non troveranno forse e non divideranno il bottino: una fanciulla, due fanciulle per il capo di ogni uomo, bottino di vesti variopinte per Sisera, bottino di vesti variopinte e ricamate, una veste variopinta di doppio ricamo per i colli del bottino?	“Non trovan bottino? non se lo dividono? Una fanciulla, due fanciulle per ognuno; a Sisera un bottino di vesti variopinte; un bottino di vesti variopinte e ricamate, di vesti variopinte e ricamate d’ambo i lati per le spalle del vincitore!”	Will they not find and divide the prey: a damsel, two damsels for each man, the diverse colours of needlework, the raiment of needlework on both sides for Sisera, the diverse colours of needlework, for the necks of the prey?
JDG 6:37	YELLOW	Y-anchor	solo		1.40	Ecco, io pongo il vello di lana sull'aia: se la rugiada sarà sul vello soltanto, e su tutta la terra arsura, allora saprò che tu salverai per la mia mano Israele, come hai detto.	ecco, io metterò un vello di lana sull’aia: se c’è della rugiada sul vello soltanto e tutto il terreno resta asciutto, io conoscerò che tu salverai Israele per mia mano come hai detto”.	Behold, I am placing the fleece of wool upon the threshing floor: if dew shall be upon the fleece alone and upon all the land drought, then I will know that by my hand You save Israel as You have spoken.
JDG 6:40	YELLOW	Y-anchor	solo		1.40	E Dio fece così in quella notte: vi fu arsura sul vello soltanto, e su tutta la terra vi fu rugiada.	E Dio fece così quella notte: il vello soltanto restò asciutto, e ci fu della rugiada su tutto il terreno.	God did so on that night: there was desolation upon the fleece alone, and on all the earth there was dew.
JDG 7:15	YELLOW	Y-anchor	numero		1.55	"Quando Gedeone udì il racconto del sogno e la sua rovina, si prostrò; poi tornò all'accampamento d'Israele e disse: ""Alzatevi, perché l'Eterno ha dato nelle vostre mani l'accampamento di Madian."""	Quando Gedeone ebbe udito il racconto del sogno e la sua interpretazione, adorò Dio; poi tornò al campo d’Israele, e disse: “Levatevi, perché l’Eterno ha dato nelle vostre mani il campo di Madian!”	"When Gideon heard the account of the dream and its interpretation, he bowed down and returned to the camp of Israel. He said, ""Arise, for the LORD has given the camp of Midian into your hand."""
JDG 8:24	YELLOW	Y-anchor	uomo		1.28	"Allora Gedeone disse loro: ""Vi farò una richiesta: datemi ciascuno un orecchino del suo bottino"", poiché avevano orecchini d'oro, perché erano Ismaeliti."	Poi Gedeone disse loro: “Una cosa voglio chiedervi: che ciascun di voi mi dia gli anelli del suo bottino”. (I nemici aveano degli anelli d’oro perché erano Ismaeliti).	"Gideon said to them, ""I would like to make a request of you: each man give me an earring from his spoil, for they had gold earrings, because they were Ishmaelites."""
JDG 8:26	YELLOW	Y-anchor	solo|solo		1.84	Il peso degli orecchini d'oro che egli chiese fu di mille e settecento sicli d'oro, oltre agli ornamenti lunari e ai pendenti e ai vestiti di porpora che erano sui re di Madian, e oltre alle collane che erano sui colli dei loro cammelli.	Il peso degli anelli d’oro ch’egli avea chiesto fu di mille settecento sicli d’oro, oltre le mezzelune, i pendenti e le vesti di porpora che i re di Madian aveano addosso, e oltre i collari che i loro cammelli aveano al collo.	The full weight of the golden earrings that he requested was one thousand seven hundred shekels of gold, apart from the ornaments and collars and purple apparel that were on the kings of Midian, and apart from the chains that were on the necks of their camels.
JDG 9:18	YELLOW	Y-anchor	giorno		1.68	Ma voi oggi vi siete sollevati contro la casa di mio padre, e avete ucciso i suoi figli, settanta uomini, su una sola pietra, e avete fatto re Abimelec, figlio della sua serva, sui padroni di Sichem, perché egli è vostro fratello.	mentre voi, oggi, siete insorti contro la casa di mio padre, avete ucciso i suoi figliuoli, settanta uomini, sopra una stessa pietra, e avete proclamato re dei Sichemiti Abimelec, figliuolo della sua serva, perché è vostro fratello,	But you have risen up today against the household of my father and have killed his seventy sons, men, on one stone, and have made Abimelech son of your female servant king over the lords of Shechem because he is your brother.
JDG 9:25	YELLOW	Y-anchor	padrone|capo		1.82	I signori di Sichem gli tesero un'imboscata sulle cime dei monti, e derubarono tutti coloro che passavano accanto a loro per la via; e la cosa fu riferita ad Abimelec.	I Sichemiti posero in agguato contro di lui, sulla cima de’ monti, della gente che svaligiava sulla strada chiunque le passasse vicino. E Abimelec fu informato della cosa.	The lords of Shechem set up an ambush for him on the hilltops and they plundered everyone who passed by them along the way and it was reported to Abimelech.
JDG 9:53	YELLOW	Y-anchor	carro		1.55	Una donna gettò un pezzo di macina superiore sul capo di Abimelec e gli fracassò la testa.	Ma una donna gettò giù un pezzo di macina sulla testa di Abimelec e gli spezzò il cranio.	Then a certain woman cast a piece of an upper millstone on Abimelech's head and crushed his skull.
JDG 9:54	YELLOW	Y-anchor	velocità		2.05	"E chiamò in fretta il giovane che portava i suoi vasi, e gli disse: ""Sfodera la tua spada e uccidimi, affinché non dicano di me: 'Una donna l'ha ucciso'."" E il suo giovane lo trafisse, ed egli morì."	Ed egli chiamò tosto il giovane che gli portava le armi, e gli disse: “Tira fuori la spada e uccidimi, affinché non si dica: L’ha ammazzato una donna!” Il suo giovane allora lo trafisse, ed egli morì.	"And he hastily called to the young man, his armour-bearer, and said to him, ""Draw your sword and kill me, lest they say to me, 'A woman killed him.'"" And his servant pierced him, and he died."
JDG 9:7	YELLOW	Y-anchor	capo		1.68	"Riferirono a Iotam, ed egli andò e si fermò in cima al monte Garizim, e alzò la sua voce e gridò, e disse loro: ""Ascoltatemi, padroni di Sichem, e Dio ascolti voi."""	E Jotham, essendo stato informato della cosa, andò a porsi sulla sommità del monte Garizim, e alzando la voce gridò: “Ascoltatemi, Sichemiti, e vi ascolti Iddio!	"They told Jotham, and he went and stood at the top of Mount Gerizim and lifted his voice and cried out and said to them, ""Hear me, lords of Shechem, and God will hear you."""
JER 12:1	YELLOW	Y-anchor	vestito		1.78	Giusto sei tu, o Eterno, quando io contendo con te; ma parlerò di giudizi con te: perché la via degli empi prospera, e stanno in pace tutti quelli che agiscono con perfidia?	Tu sei giusto, o Eterno, quand’io contendo teco; nondimeno io proporrò le mie ragioni: Perché prospera la via degli empi? Perché son tutti a loro agio quelli che procedono perfidamente?	You are righteous, O LORD, when I bring my case before You; yet I will speak judgments with You: Why does the way of the wicked prosper? They are all at ease who deal very treacherously.
JER 13:10	YELLOW	Y-anchor	tutto		1.67	Questo popolo malvagio, che rifiuta di ascoltare le mie parole, che cammina nell'ostinazione del proprio cuore, ed è andato dietro ad altri dèi per servirli e prostrarsi davanti a loro, sarà come questa cintura, che non giova a nulla.	di questo popolo malvagio che ricusa di ascoltare le mie parole, che cammina seguendo la caparbietà del suo cuore, e va dietro ad altri dèi per servirli e per prostrarsi dinanzi a loro; esso diventerà come questa cintura, che non è più buona a nulla.	This folk, the evil ones who refuse to listen to my words, who walk in the lust of their heart, and go after other gods to serve them and bow down to them, will be like this girdle, which will not succeed in anything.
JER 13:6	YELLOW	Y-anchor	fine		1.33	"Dopo molti giorni, l'Eterno mi disse: ""Alzati, va' all'Eufrate, e prendi di là la cintura che ti avevo comandato di nascondere là."""	Dopo molti giorni l’Eterno mi disse: “Lèvati, va’ verso l’Eufrate, e togli di là la cintura, che io t’avevo comandato di nascondervi”.	"After many days had passed, the LORD said to me, ""Go, take for yourself the girdle from the Euphrates, which I commanded you to hide there."""
JER 13:7	YELLOW	Y-anchor	tutto		1.41	Andai all'Eufrate, scavai e presi la cintura dal luogo dove l'avevo nascosta; ed ecco, la cintura era guasta, non serviva a nulla.	E io andai verso l’Eufrate, e scavai, e tolsi la cintura dal luogo dove l’avevo nascosta; ed ecco, la cintura era guasta, e non era più buona a nulla.	I went to the Euphrates and dug and took the girdle from the place where I had hidden it, and behold, the girdle was ruined; it was not fit for anything.
JER 15:6	YELLOW	Y-anchor	dietro		1.93	Tu mi hai abbandonato, oracolo dell'Eterno, andrai all'indietro; e ho steso la mia mano su di te e ti ho distrutto; sono stanco di pentirmi.	Tu m’hai respinto, dice l’Eterno; ti sei tirata indietro; perciò io stendo la mano contro di te, e ti distruggo; sono stanco di pentirmi.	Thou hast forsaken me, saith the LORD, backward shallst thou go; and I stretched out my hand upon thee, and destroyed thee; I am weary with repenting.
JER 16:9	YELLOW	Y-anchor	genero		1.95	Poiché così dice l'Eterno degli eserciti, Dio d'Israele: Ecco, io farò cessare da questo luogo, davanti ai vostri occhi e nei vostri giorni, la voce di gioia e la voce di allegrezza, la voce dello sposo e la voce della sposa.	Poiché così parla l’Eterno degli eserciti, l’Iddio d’Israele: Ecco, io farò cessare in questo luogo, davanti ai vostri occhi, ai giorni vostri, il grido di gioia, il grido d’allegrezza, la voce dello sposo e la voce della sposa.	For thus says the LORD of hosts, the God of Israel: Behold, I will remove from this place, before your eyes and in your days, the voice of gladness and the voice of joy, the voice of the bridegroom and the voice of the bride.
JER 17:22	YELLOW	Y-anchor	tutto		1.50	Non porterete oracolo fuori dalle vostre case nel giorno del sabato, e non farete alcun lavoro; santificherete il giorno del sabato, come ho comandato ai vostri padri.	e non traete fuori delle vostre case alcun carico e non fate lavoro alcuno in giorno di sabato; ma santificate il giorno del sabato, com’io comandai ai vostri padri.	You shall not carry a burden out of your homes on the sabbath day, and no work shall you do; and you shall hallow the sabbath day as I commanded your fathers.
JER 17:26	YELLOW	Y-anchor	intorno		1.91	E verranno dalle città di Giuda e dai dintorni di Gerusalemme e dalla terra di Beniamino e dalla pianura e dal monte e dal mezzogiorno, portando olocausto e sacrificio e offerta e incenso, e porteranno offerte di lode alla casa dell'Eterno.	E dalle città di Giuda, dai luoghi circonvicini di Gerusalemme, dal paese di Beniamino, dal piano, dal monte e dal mezzodì, si verrà a portare olocausti, vittime, oblazioni, incenso, e ad offrire sacrifizi d’azioni di grazie nella casa dell’Eterno.	And they came from the cities of Judah and from the towns around Jerusalem and from the land of Benjamin and from the low plain and from the hill country and from the south, bringing burnt offerings and sacrifices and grain offerings and frankincense and thank offerings to the house of the LORD.
JER 19:3	YELLOW	Y-anchor	tutto		1.72	"E dirai: ""Ascoltate la parola dell'Eterno, re di Giuda e abitanti di Gerusalemme: così dice l'Eterno degli eserciti, il Dio d'Israele: Ecco, io faccio venire un male su questo luogo, tale che a chiunque lo udrà gli tinteranno le orecchie."""	Dirai così: Ascoltate la parola dell’Eterno, o re di Giuda, e abitanti di Gerusalemme! Così parla l’Eterno degli eserciti, l’Iddio d’Israele: Ecco io fo venire sopra questo luogo una calamità, che farà intronar gli orecchi di chi n’udrà parlare;	And you shall say, Hear the word of the LORD, kings of Judah and inhabitants of Jerusalem: Thus says the LORD of hosts, the God of Israel: Behold, I am bringing disaster on this place, so that whoever hears of it, their ears will tingle.
JER 1:10	YELLOW	Y-anchor	giorno		1.93	Ecco, oggi ti ho costituito sopra le nazioni e sopra i regni, per sradicare e per demolire, per distruggere e per abbattere, per costruire e per piantare.	Vedi, io ti costituisco oggi sulle nazioni e sopra i regni, per svellere, per demolire, per abbattere, per distruggere, per edificare e per piantare”.	See, I have appointed you this day over the nations and over the kingdoms, to uproot and to break down, to destroy and to overthrow, to build and to plant.
JER 1:18	YELLOW	Y-anchor	giorno|fortezza		2.21	E io, ecco, oggi ti ho posto come città fortificata, come colonna di ferro e come mura di rame contro tutta la terra, contro i re di Giuda, contro i suoi capi, contro i suoi sacerdoti e contro il popolo della terra.	Ecco, oggi io ti stabilisco come una città fortificata, come una colonna di ferro e come un muro di rame contro tutto il paese, contro i re di Giuda, contro i suoi principi, contro i suoi sacerdoti e contro il popolo del paese.	And I, behold, I have made you this day a fortified city, an iron pillar, and bronze walls against all the land, to the kings of Judah, to its officials, to its priests, and to the people of the land.
JER 20:17	YELLOW	Y-anchor	eternità		2.00	che non mi fece morire dal seno, e mia madre sarebbe stata il mio sepolcro, e il suo seno una gravidanza eterna.	poich’egli non m’ha fatto morire fin dal seno materno. Così mia madre sarebbe stata la mia tomba, e la sua gravidanza, senza fine.	who did not let me die from the womb; my mother became my grave, and the womb that conceived me [is] always.
JER 20:3	YELLOW	Y-anchor	indomani		1.30	"E il giorno seguente Pascur fece uscire Geremia dalla prigione, e Geremia gli disse: ""L'Eterno non ha chiamato il tuo nome Pascur, ma Magor-Missabib."""	E il giorno seguente, Pashur fe’ uscire Geremia di carcere. E Geremia gli disse: “L’Eterno non ti chiama più Pashur, ma Magor-Missabib.	And it came to pass on the morrow that Pashur brought Jeremiah forth out of the stocks; then said Jeremiah unto him, The LORD hath not called thy name Pashur, but Magormissabib.
JER 21:7	YELLOW	Y-anchor	bocca		1.67	E dopo questo, oracolo dell'Eterno, darò Sedecia re di Giuda, i suoi servi, il popolo e i superstiti in questa città dalla peste, dalla spada e dalla carestia, in mano di Nabucodònosor re di Babilonia, in mano dei loro nemici e in mano di quelli che cercano la loro anima; ed egli li colpirà a fil di spada, non avrà pietà di loro, non risparmierà e non avrà misericordia.	Poi, dice l’Eterno, io darò Sedechia, re di Giuda, e i suoi servi, il popolo, e coloro che in questa città saranno scampati dalla peste, dalla spada e dalla fame, in mano di Nebucadnetsar re di Babilonia, in mano dei loro nemici, in mano di quelli che cercano la loro vita; e Nebucadnetsar li passerà a fil di spada; non li risparmierà, e non ne avrà né pietà né compassione.	And after this saith the LORD I will give Zedekiah king of Judah and his servants and the people and those left in this city from the pestilence from the sword and from the famine into the hand of Nebuchadnezzar king of Babylon and into the hand of their enemies and into the hand of those who seek their lives and he will strike them by the sword he will not pity them nor have compassion nor show mercy.
JER 22:16	YELLOW	Y-anchor	conoscenza		1.83	Egli giudicò il giudizio del povero e del bisognoso, e fu bene; non è questo conoscere me? dice l'oracolo dell'Eterno.	Egli giudicava la causa del povero e del bisognoso, e tutto gli andava bene. Questo non è egli conoscermi? dice l’Eterno.	To judge the cause of the poor and the needy is good; is not this to know me? says the LORD.
JER 22:24	YELLOW	Y-anchor	oracolo		1.53	"""Com'è vero che io vivo"", dice l'Eterno, ""anche se Conia, figlio di Ioiakìm, re di Giuda, fosse un sigillo sulla mia mano destra, da lì ti strapperei."""	Com’è vero ch’io vivo, dice l’Eterno, quand’anche Conia, figliuolo di Joiakim, re di Giuda, fosse un sigillo nella mia destra, io ti strapperei di lì.	As I live, saith the LORD, though Coniah the son of Jehoiakim king of Judah were the signet upon my right hand, yet would I pluck thee thence.
JER 24:1	YELLOW	Y-anchor	mandragola|prigione		1.61	L'Eterno mi mostrò, ed ecco due canestri di fichi posti davanti al tempio dell'Eterno, dopo che Nabucodònosor re di Babilonia ebbe deportato Ieconia figlio di Ioiakìm, re di Giuda, e i capi di Giuda, e l'artigiano e il prigioniero da Gerusalemme, e li ebbe condotti a Babilonia.	L’Eterno mi fece vedere due canestri di fichi, posti davanti al tempio dell’Eterno, dopo che Nebucadnetsar, re di Babilonia, ebbe menato via da Gerusalemme e trasportato in cattività a Babilonia Jeconia, figliuolo di Joiakim, re di Giuda, i capi di Giuda, i falegnami e i fabbri.	The LORD showed me, and behold, two baskets of figs were set before the temple of the LORD, after Nebuchadnezzar king of Babylon had carried away Jeconiah son of Jehoiakim king of Judah, and the rulers of Judah, and the craftsmen, and the smiths, from Jerusalem, and brought them to Babylon.
JER 25:10	YELLOW	Y-anchor	genero		2.29	E farò cessare da loro la voce della gioia e la voce dell'allegrezza, la voce dello sposo e la voce della sposa, la voce della macina e la luce della lampada.	E farò cessare fra loro i gridi di gioia e i gridi d’esultanza, il canto dello sposo e il canto della sposa, il rumore della macina, e la luce della lampada.	I will destroy from them the voice of joy and the voice of gladness, the voice of the bridegroom and the voice of the bride, the voice of the millstone and the light of the lamp.
JER 25:22	YELLOW	Y-anchor	lato		1.71	e tutti i re di Tiro, e tutti i re di Sidone, e i re dell'isola che è al di là del mare.	a tutti i re di Tiro, a tutti i re di Sidon, e ai re delle isole d’oltremare;	and all the kings of Tyre and all the kings of Sidon and the kings of the island who are beyond the sea
JER 25:34	YELLOW	Y-anchor	pecora		2.21	Ululate, pastori, e gridate, e rotolatevi nella polvere, potenti del gregge, perché i vostri giorni sono compiuti per il macello, e le vostre dispersioni, e cadrete come un vaso di desiderio.	Urlate, o pastori, gridate, voltolatevi nella polvere, o guide del gregge! Poiché è giunto il tempo in cui dovete essere scannati; io vi frantumerò, e cadrete come un vaso prezioso.	Howl, you shepherds, and cry out; roll in ashes, you leaders of the flock; for your days of slaughter are fulfilled, and your dispersions are complete, and you shall fall like a vessel of preciousness.
JER 25:36	YELLOW	Y-anchor	pecora		1.73	Voce del grido dei pastori e ululato dei capi del gregge, perché l'Eterno ha devastato il loro pascolo.	S’ode il grido de’ pastori e l’urlo delle guide del gregge; poiché l’Eterno devasta il loro pascolo;	A cry of the bleating and a howling of the lords of the flock, for the LORD has laid waste their pasture.
JER 25:5	YELLOW	Y-anchor	uomo		1.85	"dicendo: ""Tornate ora, ciascuno dalla sua via malvagia e dalla malvagità delle vostre azioni, e abitate sulla terra che l'Eterno vi ha dato, a voi e ai vostri padri, dall'eternità passata fino all'eternità futura."""	Essi hanno detto: “Convertasi ciascun di voi dalla sua cattiva via e dalla malvagità delle sue azioni, e voi abiterete di secolo in secolo sul suolo che l’Eterno ha dato a voi e ai vostri padri;	"Say, ""Turn now each from his evil way and from the wickedness of your doings, and dwell upon the land that the LORD gave to you and to your fathers from ancient time even to perpetual age."""
JER 29:10	YELLOW	Y-anchor	bocca		1.41	"Poiché così dice l'Eterno: ""Quando saranno compiuti i settanta anni per Babilonia, io vi visiterò e adempirò su di voi la mia buona parola, per farvi tornare in questo luogo."""	Poiché così parla l’Eterno: Quando settant’anni saranno compiuti per Babilonia, io vi visiterò e manderò ad effetto per voi la mia buona parola, facendovi tornare in questo luogo.	For thus says the LORD: Because Babylon has completed seventy years, I will attend to you and fulfill my good promise to restore you to this place.
JER 29:18	YELLOW	Y-anchor	terrore		2.21	E li perseguirò con la spada, con la carestia e con la peste, e li farò oggetto di tremore per tutti i regni della terra, di maledizione, di desolazione, di scherno e di vituperio fra tutte le nazioni dove li ho dispersi.	E li inseguirò con la spada, con la fame, con la peste; farò sì che saranno agitati fra tutti i regni della terra, e li abbandonerò alla esecrazione, allo stupore, alla derisione e al vituperio fra tutte le nazioni dove li caccerò;	And I will pursue them with sword, famine, and pestilence, and I will make them a horror, a desolation, a hissing, and a reproach among all the kingdoms of the earth, to all the nations where I have driven them.
JER 2:25	YELLOW	Y-anchor	aia		2.31	"Trattieni il tuo piede dall'andare scalzo, e la tua gola dalla sete; ma tu hai detto: ""È vano! No, perché ho amato gli stranieri, e dietro a loro andrò""."	Guarda che il tuo piede non si scalzi e che la tua gola non s’inaridisca! Ma tu hai detto: “Non c’è rimedio; no, io amo gli stranieri, e andrò dietro a loro!”	"Keep your foot from straying, and your young men from thirst; and you said, ""I am weary; no, I have loved strangers, and after them I will go."""
JER 2:30	YELLOW	Y-anchor	vanità		1.83	Invano ho colpito i vostri figli; non hanno ricevuto disciplina; la vostra spada ha divorato i vostri profeti come un leone distruttore.	Invano ho colpito i vostri figliuoli; non ne hanno ricevuto correzione; la vostra spada ha divorato i vostri profeti, come un leone distruttore.	In vain I struck your children; they did not receive discipline; your sword devoured your prophets like a destroying lion.
JER 31:20	YELLOW	Y-anchor	sufficienza|ventre		1.61	È forse Efraim un figlio prezioso per me, un bambino diletto? Poiché ogni volta che parlo di lui, ancora lo ricordo; perciò le mie viscere si commuovono per lui; certo avrò pietà di lui, oracolo dell'Eterno.	Efraim è egli dunque per me un figliuolo sì caro? un figliuolo prediletto? Dacché io parlo contro di lui, è più vivo e continuo il ricordo che ho di esso; perciò le mie viscere si commuovono per lui, ed io certo ne avrò pietà, dice l’Eterno.	Is Ephraim my dear son, a child of delight? For as often as I speak of him, I still remember him; therefore my bowels are stirred for him; I will surely have mercy on him, says the LORD.
JER 31:27	YELLOW	Y-anchor	oracolo		1.56	"""Ecco, vengono giorni"", dice l'Eterno, ""e seminerò la casa d'Israele e la casa di Giuda con seme d'uomo e seme di bestiame."""	Ecco, i giorni vengono, dice l’Eterno, ch’io seminerò la casa d’Israele e la casa di Giuda di semenza d’uomini e di semenza d’animali.	Behold, the days are coming, says the LORD, and I will sow the house of Israel and the house of Judah with the seed of man and the seed of beast.
JER 31:34	YELLOW	Y-anchor	uomo|uomo		1.59	"E non insegneranno più ciascuno al suo prossimo, né ciascuno al suo fratello, dicendo: ""Conoscete l'Eterno"", perché tutti mi conosceranno, dal più piccolo di loro fino al più grande, oracolo dell'Eterno, poiché perdonerò la loro iniquità e del loro peccato non mi ricorderò più."	E non insegneranno più ciascuno il suo compagno e ciascuno il suo fratello, dicendo: “Conoscete l’Eterno!” poiché tutti mi conosceranno, dal più piccolo al più grande, dice l’Eterno. Poiché io perdonerò la loro iniquità, e non mi ricorderò più del loro peccato.	And they shall no longer teach, each man his companion and each man his brother, saying, Know the LORD, for they shall all know me, from the least of them to the greatest, declares the LORD, for I will forgive their iniquity and their sin I will no longer remember.
JER 32:24	YELLOW	Y-anchor	volto		2.30	Ecco, i terrapieni sono giunti alla città per prenderla, e la città è stata data in mano ai Caldei che combattono contro di lei a causa della spada, della carestia e della peste; e ciò che tu hai detto è avvenuto, ed ecco, tu lo vedi.	Ecco, le opere d’assedio giungono fino alla città per prenderla; e la città, vinta dalla spada, dalla fame e dalla peste, è data in man de’ Caldei che combattono contro di lei. Quello che tu hai detto è avvenuto, ed ecco, tu lo vedi.	Behold, the mounters have come to the city to capture it, and the city has been given into the hand of the Chaldeans who are fighting against it because of the sword and because of the famine and because of the pestilence, and that which you spoke has come to pass, and behold, you are seeing it.
JER 32:40	YELLOW	Y-anchor	eternità		1.88	E farò con loro un patto eterno, che non mi ritirerò da loro per fare loro del bene, e metterò il mio timore nel loro cuore, affinché non si allontanino da me.	E farò con loro un patto eterno, che non mi ritrarrò più da loro per cessare di far loro del bene; e metterò il mio timore nel loro cuore, perché non si dipartano da me.	And I will make with them an everlasting covenant that I will not turn away from following after them to do good to them, and I will put my fear in their heart so that they will not turn away from me.
JER 34:14	YELLOW	Y-anchor	fine		1.64	Al termine di sette anni rimanderai ogni uomo il proprio fratello ebreo che ti sarà stato venduto; ti avrà servito sei anni, e lo rimanderai libero da te; ma i vostri padri non mi ascoltarono e non piegarono il loro orecchio.	“Al termine di sette anni, ciascuno di voi rimandi libero il suo fratello ebreo, che si sarà venduto a lui; ti serva sei anni, poi rimandalo da casa tua libero”; ma i vostri padri non ubbidirono e non prestarono orecchio.	After seven years you shall release every man his Hebrew brother who is sold to you, and he has served you six years, and you shall send him free from you; but your fathers did not listen to me, and they did not incline their ear.
JER 34:15	YELLOW	Y-anchor	giorno		2.16	Oggi voi vi siete convertiti e avete fatto ciò che è retto ai miei occhi, proclamando la libertà, ciascun uomo al suo prossimo, e avete stretto un patto davanti al mio volto nella casa sulla quale è invocato il mio nome.	E voi eravate oggi tornati a fare ciò ch’è retto agli occhi miei, proclamando l’emancipazione ciascuno al suo prossimo, e avevate fermato un patto nel mio cospetto, nella casa sulla quale è invocato il mio nome;	Today you returned and did what was right in my sight by proclaiming liberty, each to his neighbor, and you made a covenant before me in the house upon which my name is called.
JER 34:5	YELLOW	Y-anchor	volto		1.68	"In pace morirai, e come i bruciamenti dei tuoi padri, i re precedenti che furono prima di te, così bruceranno per te, e ti faranno lamento: ""Ah, signore!"" Poiché io ho pronunciato la parola, oracolo dell'Eterno."	tu morrai in pace; e come si arsero aromi per i tuoi padri, gli antichi re tuoi predecessori, così se ne arderanno per te; e si farà cordoglio per te, dicendo: “Ahimè, signore!…” poiché son io quegli che pronunzia questa parola, dice l’Eterno.	You will die in peace, and as with the burnings for your fathers, the former kings who were before you, so they will burn for you; and they will lament for you, saying, Ah lord! For I have spoken the word, declares the LORD.
JER 34:7	YELLOW	Y-anchor	fortezza		1.64	L'esercito del re di Babilonia combatteva contro Gerusalemme e contro tutte le città di Giuda che erano rimaste, contro Lachis e contro Azeca, poiché queste erano rimaste tra le città di Giuda come città fortificate.	mentre l’esercito del re di Babilonia combatteva contro Gerusalemme e contro tutte le città di Giuda che resistevano ancora, cioè contro Lachis e Azeka, ch’eran tutto quello che rimaneva, in fatto di città fortificate, fra le città di Giuda.	And the army of the king of Babylon fought against Jerusalem and against all the cities of Judah that remained: Lachish and Azekah, for they were left among the cities of Judah, fortified cities.
JER 36:26	YELLOW	Y-anchor	Melec		1.43	Il re comandò a Ieracmeel figlio del re, a Seraia figlio di Azriel e a Selemia figlio di Abdeel di prendere Baruc lo scriba e Geremia il profeta; ma l'Eterno li nascose.	E il re ordinò a Jerahmeel, figliuolo del re, a Sesaia figliuolo di Azriel, e a Scelemia figliuolo di Abdeel, di pigliare Baruc, segretario, e il profeta Geremia. Ma l’Eterno li nascose.	The king commanded Jerahmeel son of the king and Seraiah son of Azriel and Shelemiah son of Abdeel to take Baruch the scribe and Jeremiah the prophet, but the LORD hid them.
JER 3:12	YELLOW	Y-anchor	apostasia		1.62	"Va' e proclama queste parole verso il settentrione, e di': ""Ritorna, o Israele apostata"", oracolo dell'Eterno; non farò cadere il mio volto su di voi, perché misericordioso sono io, oracolo dell'Eterno; non serberò ira per l'eternità."	Va’, proclama queste parole verso il settentrione, e di’: Torna, o infedele Israele, dice l’Eterno; io non vi mostrerò un viso accigliato, giacché io son misericordioso, dice l’Eterno, e non serbo l’ira in perpetuo.	Go and proclaim these words toward the north, and say, Return, O backsliding Israel, says the LORD; I will not make my face against you, for I am merciful, says the LORD, I will not keep anger forever.
JER 40:4	YELLOW	Y-anchor	giorno		1.69	E ora, ecco, oggi ti ho liberato dalle catene che erano sulla tua mano; se è bene ai tuoi occhi venire con me a Babilonia, vieni, e porrò il mio occhio su di te; ma se è male ai tuoi occhi venire con me a Babilonia, fermati; ecco, tutta la terra è davanti al tuo volto; va' dove è bene e retto ai tuoi occhi andare.	Ora ecco, io ti sciolgo oggi dalle catene che hai alle mani; se ti piace di venire con me a Babilonia, vieni; e io avrò cura di te; ma se non t’aggrada di venir con me a Babilonia, rimantene; ecco, tutto il paese ti sta dinanzi; va’ dove ti piacerà e ti converrà d’andare”.	And now, behold, this day I have released you from the chains on your hand: if it seems good in your eyes to come with me to Babylon, come, and I will keep my eye upon you; but if it seems evil in your eyes to come with me to Babylon, refrain; see, the whole land is before you; go wherever it seems good and right in your eyes to go.
JER 40:5	YELLOW	Y-anchor	tutto		1.74	"E mentre non era ancora tornato, ""Torna da Ghedalia figlio di Achikam, figlio di Safan, che il re di Babilonia ha posto sopra le città di Giuda, e abita con lui in mezzo al popolo; oppure va dove ti sembra giusto agli occhi tuoi andare."" E il capo delle guardie gli diede vitto e un dono, e lo congedò."	E come Geremia non si decideva a tornare con lui, l’altro aggiunse: “Torna da Ghedalia, figliuolo di Ahikam, figliuolo di Shafan, che il re di Babilonia ha stabilito sulle città di Giuda, e dimora con lui in mezzo al popolo; ovvero va’ dovunque ti piacerà”. E il capo delle guardie gli diede delle provviste e un regalo, e l’accomiatò.	While he had not yet returned, he said, Return to Gedaliah son of Ahikam son of Shaphan, whom the king of Babylon has appointed over the cities of Judah, and dwell with him among the people; or go wherever it seems right to you to go. So the captain of the guard gave him provisions and a gift, and let him go.
JER 42:19	YELLOW	Y-anchor	giorno		1.86	"L'Eterno ha parlato contro di voi, o resto di Giuda: ""Non entrate in Egitto; sappiate per certo che oggi io ho testimoniato contro di voi."""	O superstiti di Giuda! l’Eterno parla a voi: Non andate in Egitto! Sappiate bene che quest’oggi io v’ho premuniti.	The LORD spoke to you remnant of Judah, Do not go to Egypt; know for certain, for I testify against you today.
JER 42:21	YELLOW	Y-anchor	giorno		2.33	E io ve l'ho dichiarato oggi, ma non avete ascoltato la voce dell'Eterno, il vostro Dio, né tutto ciò che egli mi ha mandato a dirvi.	E io ve l’ho fatto sapere quest’oggi; ma voi non ubbidite alla voce dell’Eterno, del vostro Dio, né a nulla di quanto egli m’ha mandato a dirvi.	And I declared to you today, but you did not obey the voice of the LORD your God nor all that I sent to you.
JER 46:11	YELLOW	Y-anchor	vanità		1.62	Sali a Galaad e prendi balsamo, vergine figlia d'Egitto; invano hai moltiplicato i medicamenti, non c'è fosso per te.	Sali a Galaad, prendi del balsamo, o vergine, figliuola d’Egitto! Invano moltiplichi i rimedi; non v’è medicatura che valga per te.	Go up to Gilead and take balm, virgin daughter of Egypt; in vain you have multiplied medicines—there is no healing for you.
JER 46:5	YELLOW	Y-anchor	dietro|rifugio		1.44	Perché li ho visti atterriti, ritirarsi indietro? I loro prodi sono colpiti, e fuggono in fuga senza voltarsi. Terrore intorno, oracolo dell'Eterno.	Perché li veggo io sbigottiti, vòlti in rotta? I loro prodi sono sconfitti, si dànno alla fuga senza volgersi indietro; d’ogn’intorno è terrore, dice l’Eterno.	Why have I seen them dismayed, turning back, their warriors stricken, fleeing apace without turning back? Terror all around, says the LORD.
JER 47:3	YELLOW	Y-anchor	voce		2.13	Al suono dello scalpitìo degli zoccoli dei suoi potenti, al terremoto del suo carro, alla moltitudine delle sue ruote, i padri non si voltarono verso i figli, per la debolezza delle mani.	Per lo strepito dell’unghie de’ suoi potenti destrieri, per il rumore de’ suoi carri e il fracasso delle ruote, i padri non si voltan verso i figliuoli, tanto le lor mani son divenute fiacche,	From the sound of the stamping of his mighty ones' hoofs, from the trembling of his chariot, the rumbling of his wheels, fathers did not turn to sons because of the feebleness of hands.
JER 49:20	YELLOW	Y-anchor	pecora		1.71	Perciò ascoltate il consiglio dell'Eterno che ha deliberato contro Edom, e i suoi pensieri che ha ideato contro gli abitanti di Teman: certo i più piccoli del gregge li trascineranno via, certo la loro dimora sarà devastata su di loro.	Perciò, ascoltate il disegno che l’Eterno ha concepito contro Edom, e i pensieri che medita contro gli abitanti di Teman! Certo, saran trascinati via come i più piccoli del gregge, certo, la loro dimora sarà devastata.	Therefore, hear the counsel that the LORD has taken against Edom, and the purposes that he has devised against the inhabitants of Teman: Will not their little ones be dragged away? Will not their dwellings be made desolate?
JER 4:12	YELLOW	Y-anchor	spirito		1.45	Un vento pieno di questi verrà a me; ora anche io parlerò giudizi contro di loro.	un vento anche più impetuoso di quello verrà da parte mia; ora anch’io pronunzierò la sentenza contro di loro.	A spirit from these will come to me; now also I will speak judgments to them.
JER 4:19	YELLOW	Y-anchor	muro		1.82	I miei ventri, i miei ventri, le pareti del mio cuore fremono; il mio cuore non tace, perché ho udito la voce della tromba, o anima mia, il giubilo di guerra.	Le mie viscere! le mie viscere! Io sento un gran dolore! Oh le pareti del mio cuore! Il mio cuore mi batte in petto! Io non posso tacermi; poiché, anima mia, tu odi il suon della tromba, il grido di guerra.	My belly, my bowels, the walls of my heart are in turmoil; my heart does not keep silent, because the sound of the trumpet, the shout of war, alarms my soul.
JER 4:30	YELLOW	Y-anchor	vanità		1.82	E tu, devastata, che farai? Anche se ti vesti di scarlatto, anche se ti adorni con ornamento d'oro, anche se ti spalmi gli occhi con antimonio, invano ti rendi bella; gli amanti ti hanno disprezzata, cercano la tua anima.	E tu che stai per esser devastata, che fai? Hai un bel vestirti di scarlatto, un bel metterti i tuoi ornamenti d’oro, un bell’ingrandirti gli occhi col belletto! Invano t’abbellisci; i tuoi amanti ti sprezzano, voglion la tua vita.	And you, O devastated one, what will you do? Though you clothe yourself with scarlet, though you deck yourself with ornaments of gold, though you enlarge your eyes with paint, in vain you make yourself beautiful; your lovers despise you, they seek your life.
JER 50:46	YELLOW	Y-anchor	voce		2.12	Al rumore della cattura di Babilonia, la terra tremò, e un grido fu udito tra le nazioni.	Al rumore della presa di Babilonia trema la terra, e se n’ode il grido fra le nazioni.	From the sound of Babylon's capture the earth trembled and a cry was heard among the nations.
JER 51:26	YELLOW	Y-anchor	eternità		1.46	Non prenderanno da te pietra per angolo, né pietra per fondamento, perché sarai una desolazione eterna, oracolo dell'Eterno.	E da te non si trarrà più pietra angolare, né pietre da fondamenta; ma tu sarai una desolazione perpetua, dice l’Eterno.	And they shall not take from you a stone for a bulwark nor a stone for foundations, for desolations everlasting you shall be, says the LORD.
JER 51:43	YELLOW	Y-anchor	tutto		1.76	Le loro città sono divenute una desolazione, una terra di deserto e di pianura arida, una terra in cui non abita alcun uomo, né vi passa un figlio d'uomo.	Le sue città son diventate una desolazione, una terra arida, un deserto, un paese dove non abita alcuno, per dove non passa alcun figliuol d’uomo.	Her cities became a desolation, a land of drought and wilderness, a land in which no man dwells, nor does any son of man pass through it.
JER 51:58	YELLOW	Y-anchor	invano		2.00	Così dice l'Eterno degli eserciti: le mura dell'ampia Babilonia saranno completamente demolite, e le sue alte porte saranno bruciate col fuoco; e i popoli faticheranno solo per sufficienza di vanità, e le nazioni per sufficienza di fuoco, e si stancheranno.	Così parla l’Eterno degli eserciti: Le larghe mura di Babilonia saranno spianate al suolo, le sue alte porte saranno incendiate, sicché i popoli avran lavorato per nulla, le nazioni si saranno stancate per il fuoco.	Thus says the LORD of hosts: The walls of Babylon, broad as they are, shall be utterly overthrown, and her gates, so high, shall be set on fire; and the peoples shall labor only for emptiness, and the nations only for fire, and they shall be weary.
JER 51:6	YELLOW	Y-anchor	uomo		1.72	Fuggite di mezzo a Babilonia, e salvate ciascuno la propria anima; non siate distrutti nella sua iniquità, perché è tempo di vendetta per l'Eterno, una ricompensa che egli le rende.	Fuggite di mezzo a Babilonia, e salvi ognuno la sua vita, guardate di non perire per l’iniquità di lei! Poiché questo è il tempo della vendetta dell’Eterno; egli le dà la sua retribuzione.	Flee from the midst of Babylon, and save each man his life; do not be destroyed in her iniquity, for it is a time of vengeance for the LORD, a recompense he repays to her.
JER 51:62	YELLOW	Y-anchor	eternità		1.42	"E dirai: ""O Eterno, tu hai parlato contro questo luogo per sterminarlo, affinché non vi sia più abitante, né uomo né bestiame, perché sarà una desolazione eterna."""	e dirai: O Eterno, tu hai detto di questo luogo che lo avresti distrutto, sì che non sarebbe più abitato né da uomo, né da bestia, e che sarebbe ridotto in una desolazione perpetua.	And you shall say, Jehovah, You said concerning this place, to destroy it, so that there should be no inhabitant in it, neither man nor beast, for it shall be desolate forever.
JER 51:64	YELLOW	Y-anchor	volto		1.76	"E dirai: ""Così affonderà Babilonia e non si rialzerà a causa del male che io sto portando su di lei; e si stancheranno."" Fino a qui le parole di Geremia."	e dirai: Così affonderà Babilonia, e non si rialzerà più, a motivo del male ch’io faccio venire su di lei; cadrà esausta”. Fin qui, le parole di Geremia.	And you shall say, Thus shall Babylon sink, and shall not rise again because of the calamity that I am bringing upon her; they shall be weary; thus far the words of Jeremiah.
JER 52:23	YELLOW	Y-anchor	spirito		1.36	Novantasei melagrane erano esposte al vento; tutte le melagrane erano cento sul reticolo, tutto intorno.	V’erano novantasei melagrane da ogni lato, e tutte le melagrane attorno al reticolato ammontavano a cento.	Ninety-six pomegranates were in the air, all the pomegranates one hundred on the network round about.
JER 7:18	YELLOW	Y-anchor	albero		1.70	I figli raccolgono legna, e i padri accendono il fuoco, e le donne impastano la pasta per fare focacce alla regina del cielo e per versare libazioni ad altri dèi, per provocarmi ad ira.	I figliuoli raccolgon le legna, i padri accendono il fuoco, e le donne intridon la pasta per far delle focacce alla regina del cielo e per far delle libazioni ad altri dèi, per offendermi.	The sons gather wood and the fathers kindle the fire and the women knead dough to make cakes for the queen of the heavens and to pour out drink offerings to other gods in order to provoke me.
JER 7:23	YELLOW	Y-anchor	parola		1.50	"Ma questo è il comandamento che ho dato loro, dicendo: ""Ascoltate la mia voce, e io sarò il vostro Dio, e voi sarete il mio popolo, e camminerete in tutta la via che vi comando, affinché vi sia bene."""	ma questo comandai loro: “Ascoltate la mia voce, e sarò il vostro Dio, e voi sarete il mio popolo; camminate in tutte le vie ch’io vi prescrivo affinché siate felici”.	But this act I commanded them, saying, Obey my voice, and I will be your God, and you shall be my people, and you shall walk in every way that I command you, so that it may go well with you.
JER 7:34	YELLOW	Y-anchor	genero		2.12	E farò cessare dalle città di Giuda e dalle strade di Gerusalemme la voce di gioia e la voce di allegrezza, la voce dello sposo e la voce della sposa; perché la terra diventerà un deserto.	E farò cessare nelle città di Giuda e per le strade di Gerusalemme i gridi di gioia e i gridi d’esultanza, il canto dello sposo e il canto della sposa, perché il paese sarà una desolazione.	I will cause the sound of joy and the sound of gladness, the voice of the bridegroom and the voice of the bride, to cease from the cities of Judah and the streets of Jerusalem; for the land shall become a desolate place.
JER 7:9	YELLOW	Y-anchor	falsità		1.50	Rubare, uccidere, commettere adulterio, giurare il falso, offrire incenso a Baal, e camminare dietro ad altri dèi che non avete conosciuto.	Come! Voi rubate, uccidete, commettete adulteri, giurate il falso, offrite profumi a Baal, andate dietro ad altri dèi che prima non conoscevate,	Stealing, committing murder, and adultery, swearing falsely, and offering incense to Baal, and going after other gods which you have not known.
JER 8:16	YELLOW	Y-anchor	voce		2.35	Da Dan si ode lo sbuffare delle sue narici, il rumore dei suoi cavalli; al suono del nitrito dei suoi possenti trema tutta la terra; vengono e divorano la terra e la sua pienezza, la città e i suoi abitanti.	S’ode da Dan lo sbuffare de’ suoi cavalli; al rumore del nitrito de’ suoi destrieri, trema tutto il paese; poiché vengono, divorano il paese e tutto ciò che contiene, la città e i suoi abitanti.	From Dan is heard the snorting of his horses; at the sound of the neighing of his stallions the whole earth trembles; they come and devour the land and all that is in it, the city and its inhabitants.
JOB 11:9	YELLOW	Y-anchor	veste		2.17	La sua misura è più lunga della terra, e più larga del mare.	La lor misura è più lunga della terra, più larga del mare.	Its measure is longer than the land, and its width is greater than the sea.
JOB 13:26	YELLOW	Y-anchor	fiele		2.29	Poiché scrivi contro di me cose amare, e mi fai ereditare le iniquità della mia giovinezza.	tu che mi condanni a pene così amare, e mi fai espiare i falli della mia giovinezza,	For you write against me bitter things and reproach me with the sins of my youth.
JOB 1:15	YELLOW	Y-anchor	bocca		1.71	Sceba piombò su di loro e li portò via, e i giovani li colpirono a fil di spada; e solo io scampai per annunciartelo.	quand’ecco i Sabei son piombati loro addosso e li hanno portati via; hanno passato a fil di spada servitori, e io solo son potuto scampare per venire a dirtelo”.	And Sheba fell upon them and took them, and the lads they struck by the mouth of the sword, and I alone escaped to tell you.
JOB 23:2	YELLOW	Y-anchor	giorno		2.12	Anche oggi la mia ribellione è il mio lamento; la mia mano è pesante sul mio gemito.	“Anche oggi il mio lamento è una rivolta, per quanto io cerchi di comprimere il mio gemito.	Even now my rebellion is my complaint; my hand is heavy upon my groaning.
JOB 28:10	YELLOW	Y-anchor	onore		2.00	Nelle rocce aprì canali di fiumi, e il suo occhio vide ogni cosa preziosa.	Pratica trafori per entro le rocce, e l’occhio suo scorge quanto v’è di prezioso.	In the rocks he split the streams; every precious thing his eye beheld.
JOB 28:25	YELLOW	Y-anchor	spirito		2.17	Per dare al vento il suo peso, e stabilire le acque con misura.	Quando regolò il peso del vento e fissò la misura dell’acque,	To assign the air a full weight and to measure the waters.
JOB 29:2	YELLOW	Y-anchor	oriente		2.71	Chi mi concedesse di essere come nei mesi di un tempo, come nei giorni in cui Dio mi custodiva!	“Oh foss’io come ne’ mesi d’una volta, come ne’ giorni in cui Dio mi proteggeva,	Who will grant me like the months of old, as the days when God watched over me?
JOB 2:7	YELLOW	Y-anchor	mano		1.93	Allora Satana uscì dalla presenza del volto dell'Eterno, e colpì Giobbe con un foruncolo maligno dalla pianta del suo piede fino alla cima del suo capo.	E Satana si ritirò dalla presenza dell’Eterno e colpì Giobbe d’un’ulcera maligna dalla pianta de’ piedi al sommo del capo; e Giobbe prese un coccio per grattarsi, e stava seduto nella cenere.	Then the adversary went forth from the presence of the LORD and struck Job with a malignant boil from the sole of his foot to the crown of his head.
JOB 2:9	YELLOW	Y-anchor	donna		1.56	"Sua moglie gli disse: ""Rimani ancora saldo nella tua integrità? Benedici Dio e muori!"""	E sua moglie gli disse: “Ancora stai saldo nella tua integrità? Ma lascia stare Iddio, e muori!”	"Then his wife said to him, ""Are you still holding to your integrity? Curse God and die!"""
JOB 39:27	YELLOW	Y-anchor	bocca		1.88	Forse per tuo comando l'aquila s'innalza, e fa il suo nido in alto?	E’ forse al tuo comando che l’aquila si leva in alto e fa il suo nido nei luoghi elevati?	Even if the eagle should exalt according to your mouth, and if it should lift up its nest.
JOB 41:25	YELLOW	Y-anchor	Dio		2.20	Al suo tumore tremano i potenti, dalle sue rovine si purificano.	Quando si rizza, tremano i più forti, e dalla paura son fuori di sé.	When he rises up, the mighty are afraid; because of terror they cleanse themselves.
JOB 42:11	YELLOW	Y-anchor	volto		1.94	Vennero a lui tutti i suoi fratelli e tutte le sue sorelle e tutti quelli che lo avevano conosciuto prima, e mangiarono pane con lui in casa sua, e si lamentarono per lui e lo consolarono per tutto il male che l'Eterno aveva portato su di lui; e ciascun uomo gli diede un pezzo d'argento e ciascun uomo un orecchino d'oro.	Tutti i suoi fratelli, tutte le sue sorelle e tutte le sue conoscenze di prima vennero a trovarlo, mangiarono con lui in casa sua, gli fecero le loro condoglianze e lo consolarono di tutti i mali che l’Eterno gli avea fatto cadere addosso; e ognuno d’essi gli dette un pezzo d’argento e un anello d’oro.	All his brothers and all the sisters and all who had known him previously came to him, and they ate food with him in his house, and they lamented for him and comforted him concerning all the adversity that the LORD had brought upon him, and each man gave him a piece of silver money and each man a gold earring.
JOL 2:16	YELLOW	Y-anchor	genero		2.13	Radunate il popolo, santificate l'assemblea, convocate gli anziani, radunate i bambini e i lattanti che poppano dal seno; esca lo sposo dalla sua camera e la sposa dalla sua camera nuziale.	Radunare il popolo, bandite una santa assemblea! Radunate i vecchi, radunate i fanciulli, e quelli che poppano ancora! Esca lo sposo dalla sua camera, e la sposa dalla propria alcova!	Gather the folk, sanctify the congregation, assemble the elders, gather the infants and the nursing ones from the breast; let the bridegroom go out from his chamber and the bride from her closet.
JOL 2:32	YELLOW	Y-anchor	tutto		1.75	E avverrà che chiunque invocherà il nome dell'Eterno sarà salvato, perché sul monte Sion e in Gerusalemme ci sarà uno scampato, come ha detto l'Eterno, e tra i superstiti che l'Eterno chiama.	E avverrà che chiunque invocherà il nome dell’Eterno sarà salvato; poiché sul monte Sion ed in Gerusalemme vi sarà salvezza, come ha detto l’Eterno, e fra gli scampati che l’Eterno chiamerà.	And it shall come to pass that (in) all manner who call by name on the LORD shall be delivered, for in Mount Zion and in Jerusalem there shall be deliverance, as the LORD has said, and among the remnant whom the LORD calls.
JON 1:7	YELLOW	Y-anchor	uomo		1.83	"E dissero l'uno al suo prossimo: ""Venite, tiriamo le sorti, per sapere per causa di chi questo male ci è venuto addosso."" E tirarono le sorti, e la sorte cadde su Giona."	Poi dissero l’uno all’altro: “Venite, tiriamo a sorte, per sapere a cagione di chi ci capita questa disgrazia”. Tirarono a sorte, e la sorte cadde su Giona.	"And they said, each to his fellow, ""Come, let us cast lots, that we may know on whose account this adversity has come upon us."" So they cast lots, and the lot fell upon Jonah."
JON 4:11	YELLOW	Y-anchor	uomo		1.39	E io, non dovrei forse risparmiare Ninive, la grande città, nella quale ci sono più di centoventimila persone che non sanno distinguere la loro destra dalla loro sinistra, e anche molto bestiame?	e io non avrei pietà di Ninive, la gran città, nella quale si trovano più di centoventimila persone che non sanno distinguere la loro destra dalla loro sinistra, e tanta quantità di bestiame?”	And I, should I not spare Nineveh the great city, in which there are more than one hundred and twenty thousand persons who do not know between their right hand and their left hand, and also much cattle?
JOS 10:14	YELLOW	Y-anchor	volto		1.86	E non vi fu giorno come quello, né prima né dopo, perché l'Eterno ascoltasse la voce di un uomo; poiché l'Eterno combatteva per Israele.	E mai, né prima né poi, s’è dato un giorno simile a quello, nel quale l’Eterno abbia esaudito la voce d’un uomo; poiché l’Eterno combatteva per Israele.	There was no age like that day before it or after it, to hear the LORD in the voice of a man, because the LORD fought for Israel.
JOS 10:28	YELLOW	Y-anchor	bocca		1.50	E quel giorno Giosuè prese Makkeda e la colpì a fil di spada, e sterminò il suo re, loro, e ogni anima che era in essa, senza lasciare superstite; e fece al re di Makkeda come aveva fatto al re di Gerico.	In quel medesimo giorno Giosuè prese Makkeda e fece passare a fil di spada la città e il suo re; li votò allo sterminio con tutte le persone che vi si trovavano; non ne lasciò scampare una, e tratto il re di Makkeda come avea trattato il re di Gerico.	And Joshua captured Makkedah on that day and struck it down with the sword and its king he devoted to destruction along with every person who was in it and he left no remnant and he did to the king of Makkedah as he had done to the king of Jericho.
JOS 10:30	YELLOW	Y-anchor	bocca		1.62	L'Eterno diede anche quella città in mano d'Israele, con il suo re; la colpì a fil di spada, e ogni anima che vi era, non vi lasciò superstite; e fece al suo re come aveva fatto al re di Gerico.	E l’Eterno diede anche quella col suo re nelle mani d’Israele, e Giosuè la mise a fil di spada con tutte le persone che vi si trovavano; non ne lasciò scampare una, e trattò il re d’essa, come avea trattato il re di Gerico.	And the LORD also delivered that city into the hand of Israel, and its king; and he struck it with the edge of the sword, and every person who was in it; he left no remnant in it; and he did to its king as he had done to the king of Jericho.
JOS 10:32	YELLOW	Y-anchor	bocca		1.71	L'Eterno diede Lachis in mano a Israele, e la prese il secondo giorno, e la colpì a fil di spada, con ogni anima che era in essa, come tutto ciò che aveva fatto a Libna.	E l’Eterno diede Lakis nelle mani d’Israele, che la prese il secondo giorno, e la mise a fil di spada, con tutte le persone che vi si trovavano, esattamente come avea fatto a Libna. Allora Horam, re di Ghezer, salì in soccorso di Lakis;	And the LORD gave Lachish into the hand of Israel, and he captured it on the second day, and struck it with the edge of the sword, and every person who was in it, according to all that he had done to Libnah.
JOS 10:35	YELLOW	Y-anchor	bocca		1.72	La catturarono in quel giorno e la colpirono a fil di spada, e ogni anima che era in lei la votarono allo sterminio in quel giorno, come aveva fatto a Lachis.	La presero quel medesimo giorno e la misero a fil di spada. In quel giorno Giosuè votò allo sterminio tutte le persone che vi si trovavano, esattamente come avea fatto a Lakis.	On that day they captured her and struck her down with the sword, and every person who was in her they devoted to destruction on that day, just as they had done to Lachish.
JOS 10:37	YELLOW	Y-anchor	bocca		1.64	La presero e la colpirono a fil di spada, con il suo re e tutte le sue città e ogni anima che era in essa; non lasciò alcun superstite, come aveva fatto a Eglon, e la votò allo sterminio con ogni anima che era in essa.	La presero, la misero a fil di spada insieme col suo re, con tutte le sue città e con tutte le persone che vi si trovavano; non ne lasciò sfuggire una, esattamente come avea fatto ad Eglon; la votò allo sterminio con tutte le persone che vi si trovavano.	They captured her and struck her with the sword, and her king and all her cities and all the people who were in her they left no remnant, according to all that they had done to Eglon, and they devoted her and all the people who were in her.
JOS 10:39	YELLOW	Y-anchor	bocca		1.86	La catturò, con il suo re e tutte le sue città, e li colpirono a fil di spada, e votarono allo sterminio ogni anima che vi era; non lasciò alcun superstite. Come aveva fatto a Ebron, così fece a Debir e al suo re, e come aveva fatto a Libna e al suo re.	La prese col suo re e con tutte le sue città; la misero a fil di spada e votarono allo sterminio tutte le persone che vi si trovavano, senza che ne scampasse una. Egli trattò Debir e il suo re come avea trattato Hebron, come avea trattato Libna e il suo re.	He captured it and its king and all its cities, and they struck them with the edge of the sword, and they devoted to destruction every person who was in it; he left no remnant, just as he had done to Hebron, so he did to Debir and its king, and as he had done to Libnah and its king.
JOS 10:40	YELLOW	Y-anchor	terra		1.54	Giosuè colpì tutto il paese: il monte, il mezzogiorno, la pianura e le pendici, e tutti i loro re; non lasciò alcun superstite, e votò allo sterminio ogni respiro, come aveva comandato l'Eterno, Dio d'Israele.	Giosuè dunque batté tutto il paese, la contrada montuosa, il mezzogiorno, la regione bassa, le pendici, e tutti i loro re; non lasciò scampare alcuno, ma votò allo sterminio tutto ciò che avea vita, come l’Eterno, l’Iddio d’Israele, avea comandato.	Jehoshua struck all the land, the hill country, and the south, and the low plain, and the springs, and all their kings; he left no remnant, and he devoted to destruction every spirit, as the LORD God of Israel commanded.
JOS 10:6	YELLOW	Y-anchor	velocità		1.63	"Gli uomini di Gabaon mandarono a dire a Giosuè, all'accampamento di Ghilgal: ""Non ritrarre la tua mano dai tuoi servi; sali presto da noi, salvaci e aiutaci, perché tutti i re degli Amorei che abitano sul monte si sono radunati contro di noi."""	Allora i Gabaoniti mandarono a dire a Giosuè, al campo di Ghilgal: “Non negare ai tuoi servi il tuo aiuto, affrettati a salire da noi, liberaci, soccorrici, perché tutti i re degli Amorei che abitano la contrada montuosa si sono radunati contro di noi”.	The men of Gibeon sent to Joshua at the camp at Gilgal, saying, Do not withhold your hand from your servants; come up to us quickly and save us and help us, for all the kings of the Amorites who live in the hill country have gathered together against us.
JOS 11:10	YELLOW	Y-anchor	volto		1.37	In quel tempo Giosuè tornò e catturò Cazor, e colpì il suo re con la spada, perché Cazor prima era il capo di tutti questi regni.	Al suo ritorno, e in quel medesimo tempo, Giosuè prese Hatsor e ne fece perire di spada il re; poiché Hatsor era stata per l’addietro la capitale di tutti quei regni.	At that time Joshua returned and captured Hazor, and struck its king with the sword, for Hazor formerly was the head of all these kingdoms.
JOS 11:12	YELLOW	Y-anchor	bocca		1.65	E Giosuè prese tutte le città di questi re e tutti i loro re, e li colpì a fil di spada, e li votò allo sterminio, come aveva comandato Mosè, servo dell'Eterno.	Giosuè prese pure tutte le città di quei re e tutti i loro re, e li mise a fil di spada e li votò allo sterminio, come aveva ordinato Mosè, servo dell’Eterno.	And Joshua captured all the cities of these kings and all their kings, and he struck them down by the sword; he devoted them to destruction, just as Moses the servant of the LORD commanded.
JOS 13:25	YELLOW	Y-anchor	volto		1.71	Il loro confine fu Iaezer e tutte le città di Galaad, e la metà della terra dei figli di Ammon, fino ad Aroer, che è di fronte a Rabba.	Essi ebbero per territorio Iaezer, tutte le città di Galaad, la metà del paese dei figliuoli di Ammon fino ad Aroer che è dirimpetto a Rabba,	Their border was Jaazer and all the cities of Gilead and half the land of the Ammonites as far as Aroer, which is before Rabbah.
JOS 14:10	YELLOW	Y-anchor	giorno		1.29	E ora, ecco, l'Eterno mi ha conservato in vita, come aveva detto, questi quarantacinque anni, da quando l'Eterno parlò questa parola a Mosè, mentre Israele camminava nel deserto; e ora, ecco, oggi io sono figlio di ottantacinque anni.	Ed ora ecco, l’Eterno mi ha conservato in vita, come avea detto, durante i quarantacinque anni ormai trascorsi da che l’Eterno disse quella parola a Mosè, quando Israele viaggiava nel deserto; ed ora ecco che ho ottantacinque anni;	And now indeed, the LORD has kept me alive as He promised; this is forty-five years since the LORD spoke this word to Moses, when Israel walked in the wilderness, and now indeed, today I am eighty-five years old.
JOS 14:15	YELLOW	Y-anchor	volto		1.83	E il nome di Ebron prima era Kiriat-Arba, l'uomo grande tra gli Anachim; e la terra ebbe quiete dalla guerra.	Ora Hebron si chiamava per l’addietro Kiriath-Arba; Arba era stato l’uomo più grande fra gli Anakim. E il paese ebbe requie dalla guerra.	and the name of Hebron formerly was Kirjath-arba, the man great among the Anakim, and the land was quiet from war.
JOS 14:6	YELLOW	Y-anchor	motivo|motivo		1.45	"I figli di Giuda si avvicinarono a Giosuè a Ghilgal, e Caleb figlio di Gefunne il Kenizeo gli disse: ""Tu conosci la parola che l'Eterno parlò a Mosè, uomo di Dio, riguardo a me e riguardo a te a Kades-Barnea."""	Or i figliuoli di Giuda s’accostarono a Giosuè a Ghilgal; e Caleb, figliuolo di Gefunne, il Kenizeo, gli disse: “Tu sai quel che l’Eterno disse a Mosè, uomo di Dio, riguardo a me ed a te a Kades-Barnea.	"Then the people of Judah came to Joshua at Gilgal, and Caleb son of Jephunneh the Kenezite said to him, ""You know the word that the LORD spoke to Moses the man of God concerning me and concerning you at Kadeshbarnea."""
JOS 17:5	YELLOW	Y-anchor	solo		2.09	Le corde di Manasse furono dieci, oltre alla terra di Galaad e di Basan, che è al di là del lato del Giordano.	Toccaron così dieci parti a Manasse, oltre il paese di Galaad e di Basan che è di là dal Giordano;	The portions of Manasseh were ten regions, apart from the land of Gilead and Bashan which were beyond the Jordan.
JOS 18:4	YELLOW	Y-anchor	bocca		1.93	Date a voi stessi tre uomini per tribù, e io li manderò; essi si alzeranno, percorreranno la terra, e la scriveranno secondo la loro eredità, e verranno a me.	Sceglietevi tre uomini per tribù e io li manderò. Essi si leveranno, percorreranno il paese, ne faranno la descrizione in vista della partizione, poi torneranno da me.	Take for yourselves three men from each tribe, and I will send them to go through the land and write down its portions according to their inheritance, and they shall come back to me.
JOS 19:35	YELLOW	Y-anchor	fortezza		1.43	E le città fortificate: Ziddim, Tser, Cammat, Raccat e Cinneret.	Le città forti erano: Tsiddim, Tser, Hammath, Rakkath, Kinnereth, Adama, Rama, Hatsor,	and the fortified cities, Ziddim, Zer, Hammath, Rakkath, and Chinnereth.
JOS 1:3	YELLOW	Y-anchor	mano		1.46	Ogni luogo che la pianta del vostro piede calcherà, io ve l'ho dato, come ho parlato a Mosè.	Ogni luogo che la pianta del vostro piede calcherà, io ve lo do, come ho detto a Mosè,	Every place where the sole of your foot treads shall be given to you, as I have spoken to Moses.
JOS 21:43	YELLOW	Y-anchor	terra		1.77	L'Eterno diede a Israele tutto il paese che aveva giurato di dare ai loro padri; ed essi lo possedettero e vi abitarono.	L’Eterno diede dunque a Israele tutto il paese che avea giurato ai padri di dar loro, e i figliuoli d’Israele ne presero possesso, e vi si stanziarono.	And the LORD gave to Israel all the land that he had sworn to give to their fathers, and they took possession of it and dwelt in it.
JOS 22:16	YELLOW	Y-anchor	giorno|giorno		1.64	"Così dice tutta la congregazione dell'Eterno: ""Che infedeltà è questa che avete commesso contro il Dio d'Israele, per tornare oggi dall'andare dietro all'Eterno, costruendovi un altare per ribellarvi oggi contro l'Eterno?"""	“Così ha detto tutta la raunanza dell’Eterno: Che cos’è questa infedeltà che avete commesso contro l’Iddio d’Israele, ritraendovi oggi dal seguire l’Eterno col costruirvi un altare per ribellarvi oggi all’Eterno?	Thus said all the congregation of the LORD, What trespass is this that you have committed against the God of Israel, to turn back today from following the LORD, building yourselves an altar to rebel this day against the LORD?
JOS 22:18	YELLOW	Y-anchor	giorno|giorno		1.69	Ma voi oggi vi allontanate dall'Eterno; e avverrà che vi ribellerete oggi contro l'Eterno, e domani egli si adirerà contro tutta la congregazione d'Israele.	Avverrà così che, ribellandovi voi oggi all’Eterno, domani egli si adirerà contro tutta la raunanza d’Israele.	But you today will turn back from following the LORD, and you yourselves will rebel today against the LORD, and tomorrow wrath will come upon all the congregation of Israel.
JOS 22:29	YELLOW	Y-anchor	giorno|solo		2.00	Lungi da noi il ribellarci contro l'Eterno e il tornare oggi dall'andare dietro all'Eterno, costruendo un altare per olocausto, per offerta e per sacrificio, oltre all'altare dell'Eterno nostro Dio che è davanti al volto del suo tabernacolo.	Lungi da noi l’idea di ribellarci all’Eterno e di ritrarci dal seguire l’Eterno, costruendo un altare per olocausti, per oblazioni o per sacrifizi, oltre l’altare dell’Eterno, del nostro Dio, ch’è davanti al suo tabernacolo!”	Far be it from us to rebel against the LORD and to turn back this day from following the LORD by building an altar for a burnt offering, for a gift, and for a sacrifice, apart from the altar of the LORD our God that is before his dwelling.
JOS 22:31	YELLOW	Y-anchor	giorno		1.56	"E Fineas, figlio del sacerdote Eleazar, disse ai figli di Ruben, ai figli di Gad e ai figli di Manasse: ""Oggi sappiamo che l'Eterno è in mezzo a noi, perché non avete commesso questa infedeltà contro l'Eterno; allora avete liberato i figli d'Israele dalla mano dell'Eterno."""	E Fineas, figliuolo del sacerdote Eleazar, disse ai figliuoli di Ruben, ai figliuoli di Gad e ai figliuoli di Manasse: “Oggi riconosciamo che l’Eterno è in mezzo a noi, poiché non avete commesso questa infedeltà verso l’Eterno; così avete scampato i figliuoli d’Israele dalla mano dell’Eterno”.	Phinehas son of Eleazar the priest said to the children of Reuben and to the children of Gad and to the children of Manasseh, Today we know that the LORD is among us, because you have not trespassed against the LORD with this trespass; then you have delivered the children of Israel from the hand of the LORD.
JOS 23:14	YELLOW	Y-anchor	giorno		1.85	Ed ecco, oggi io vado per la via di tutta la terra; e voi saprete con tutto il vostro cuore e con tutta la vostra anima che non è caduta una sola parola di tutte le buone parole che l'Eterno, il vostro Dio, ha detto riguardo a voi; tutte sono giunte a voi, non ne è caduta una sola parola.	Or ecco, io me ne vo oggi per la via di tutto il mondo; riconoscete dunque con tutto il vostro cuore e con tutta l’anima vostra che neppur una di tutte le buone parole che l’Eterno, il vostro Dio, ha pronunciate su voi e caduta a terra; tutte si son compiute per voi; neppure una e caduta a terra.	And behold I am going today the way of all the land and you shall know with all your heart and with all your soul that not one thing of all the good words which the LORD your God spoke concerning you has failed; all of them have come to you; not one thing of them has failed.
JOS 24:14	YELLOW	Y-anchor	lato		1.55	Ora temete l'Eterno e servitelo con integrità e verità; e rimuovete gli dèi che i vostri padri servirono al di là del fiume e in Egitto, e servite l'Eterno.	Or dunque temete l’Eterno, e servitelo con integrità e fedeltà; togliete via gli dèi ai quali i vostri padri servirono di là dal fiume, e in Egitto, e servite all’Eterno.	And now fear the LORD and serve him faithfully and truly, and remove the gods whom your fathers served beyond the river and in Egypt, and serve the LORD.
JOS 24:15	YELLOW	Y-anchor	giorno|lato|lato		1.44	E se vi sembra male ai vostri occhi servire all'Eterno, scegliete oggi per voi stessi chi servire: se gli dèi che i vostri padri servirono al di là del fiume, o gli dèi degli Amorei, nella cui terra abitate; ma io e la mia casa serviremo all'Eterno.	E se vi par mal fatto servire all’Eterno, scegliete oggi a chi volete servire: o agli dèi ai quali i vostri padri servirono di là dal fiume, o agli dèi degli Amorei, nel paese de’ quali abitate; quanto a me e alla casa mia, serviremo all’Eterno”.	If it seems wrong in your sight to serve the LORD, choose for yourselves today whom you will serve, whether the gods whom your fathers served beyond the river, or the gods of the Amorites in whose land you dwell; but I and my house will serve the LORD.
JOS 24:2	YELLOW	Y-anchor	lato		1.61	"Giosuè disse a tutto il popolo: ""Così dice l'Eterno, Dio d'Israele: Al di là del fiume abitarono i vostri padri fin dall'eternità, Terach, padre di Abramo e padre di Nacor, e servirono altri dèi."""	E Giosuè disse a tutto il popolo: “Così parla l’Eterno, l’Iddio d’Israele: I vostri padri, come Terah padre d’Abrahamo e padre di Nahor, abitarono anticamente di là dal fiume, e servirono ad altri dèi.	Jehoshua said to all the people, Thus says the LORD God of Israel, Beyond the river your fathers lived of old, Terah the father of Abraham and the father of Nahor, and they served other gods.
JOS 2:1	YELLOW	Y-anchor	artigiano		1.50	"Giosuè figlio di Nun mandò da Sittim due uomini come spie, in segreto, dicendo: ""Andate, osservate la terra e Gerico"". Essi andarono e giunsero alla casa di una donna prostituta, il cui nome era Raab, e vi si coricarono."	Or Giosuè, figliuolo di Nun, mandò segretamente da Sittim due spie, dicendo: “Andate, esaminate il paese e Gerico”. E quelle andarono ed entrarono in casa di una meretrice per nome Rahab, e quivi alloggiarono.	Jehoshua son of Nun sent from Shittim two men secretly to spy out the land and Jericho, and they went and came into the house of a woman who was a prostitute, and her name was Rahab, and they lay down there.
JOS 2:18	YELLOW	Y-anchor	speranza		1.52	Ecco, noi stiamo entrando nella terra: legherai questo filo di scarlatto alla finestra dalla quale ci hai fatti scendere, e radunerai presso di te, in casa tua, tuo padre, tua madre, i tuoi fratelli e tutta la casa di tuo padre.	Ecco, quando entreremo nel paese, attaccherai alla finestra per la quale ci fai scendere, questa cordicella di filo scarlatto; e radunerai presso di te, in casa, tuo padre, tua madre, i tuoi fratelli e tutta la famiglia di tuo padre.	Look, we are coming into the land: tie the cord of scarlet thread in the window through which you let us down, and gather your father and your mother and your brothers and all your father's household to your house.
JOS 2:19	YELLOW	Y-anchor	tutto|tutto		2.09	E avverrà che chiunque uscirà dalle porte della tua casa verso la strada, il suo sangue sarà sul suo capo, e noi saremo innocenti; ma chiunque sarà con te nella casa, il suo sangue sarà sul nostro capo, se una mano sarà posta su di lui.	E se alcuno di questi uscirà in istrada dalla porta di casa tua, il suo sangue ricadrà sul suo capo, e noi non ne avrem colpa; ma il sangue di chiunque sarà teco in casa ricadrà sul nostro capo, se uno gli metterà le mani addosso.	And it shall be, whoever goes out from the doors of your house into the street, his blood shall be upon his head, and we shall be guiltless; but whoever is with you in the house, his blood shall be upon our heads, if a hand is laid upon him.
JOS 2:2	YELLOW	Y-anchor	notte		1.57	"Fu riferito al re di Gerico, dicendo: ""Ecco, degli uomini sono venuti qui stanotte dai figli d'Israele per esplorare la terra."""	La cosa fu riferita al re di Gerico, e gli fu detto: “Ecco, certi uomini di tra i figliuoli d’Israele son venuti qui stanotte per esplorare il paese”.	"It was reported to the king of Jericho, saying, ""Behold, men came here tonight from the children of Israel to search out the land."""
JOS 3:13	YELLOW	Y-anchor	mano		2.09	E avverrà che quando le piante dei piedi dei sacerdoti che portano l'arca dell'Eterno, Signore di tutta la terra, si poseranno nelle acque del Giordano, le acque del Giordano saranno tagliate, le acque che scendono dall'alto, e si fermeranno in un unico mucchio.	E avverrà che, non appena i sacerdoti recanti l’arca dell’Eterno, del Signor di tutta la terra, avran posato le piante de’ piedi nelle acque del Giordano, le acque del Giordano, che scendono d’insù, saranno tagliate, e si fermeranno in un mucchio”.	And when the soles of the feet of the priests bearing the ark of the LORD, Lord of all the earth, rest in the waters of the Jordan, the waters of the Jordan shall be cut off, the waters coming down from above, and they shall stand in a single heap.
JOS 4:18	YELLOW	Y-anchor	mano		2.04	E avvenne che, quando i sacerdoti che portavano l'arca del patto dell'Eterno salirono dal mezzo del Giordano, e le piante dei piedi dei sacerdoti si staccarono verso la terra asciutta, le acque del Giordano tornarono al loro luogo e scorrevano come nel tempo passato sopra tutte le sue rive.	E avvenne che, come i sacerdoti che portavan l’arca del patto dell’Eterno furono usciti di mezzo al Giordano e le piante de’ loro piedi si furon alzate e posate sull’asciutto, le acque del Giordano tornarono al loro posto, e strariparon da per tutto, come prima.	And it came to pass, when the priests who bore the ark of the covenant of the LORD came up out of the midst of the Jordan, and the soles of the priests' feet were lifted up onto the dry ground, that the waters of the Jordan returned to their place and went on as before, over all its banks.
JOS 4:19	YELLOW	Y-anchor	strumento a dieci corde|oriente		1.75	Il popolo salì dal Giordano il decimo giorno del primo mese, e si accamparono a Ghilgal, all'estremità orientale di Gerico.	Il popolo uscì dal Giordano il decimo giorno del primo mese, e s’accampò a Ghilgal, all’estremità orientale di Gerico.	And the folk went up from the Jordan on the tenth of the month, the first month, and they encamped at Gilgal, at the edge of the east of Jericho.
JOS 5:1	YELLOW	Y-anchor	lato		1.81	E avvenne che, quando tutti i re degli Amorei che erano al di là del Giordano, verso il mare, e tutti i re dei Cananei che erano presso il mare, udirono come l'Eterno aveva prosciugato le acque del Giordano davanti ai figli d'Israele finché fummo passati, il loro cuore si sciolse, e non rimase più in loro alcuno spirito, a causa dei figli d'Israele.	Or come tutti i re degli Amorei che erano di là dal Giordano verso occidente e tutti i re dei Cananei che erano presso il mare udirono che l’Eterno aveva asciugate le acque del Giordano davanti ai figliuoli d’Israele finché fossero passati, il loro cuore si strusse e non rimase più in loro alcun coraggio di fronte ai figliuoli d’Israele.	When all the kings of the Amorites who were beyond the Jordan to the west and all the kings of the Canaanites who were by the sea heard how the LORD had dried up the waters of the Jordan before the people of Israel until we crossed over, their hearts melted and there was no spirit left in them because of the people of Israel.
JOS 5:11	YELLOW	Y-anchor	osso		1.70	Mangiarono del grano della terra, l'indomani della Pasqua, azzimi e grano arrostito, in quello stesso giorno.	E l’indomani della Pasqua, in quel preciso giorno, mangiarono dei prodotti del paese: pani azzimi e grano arrostito.	They ate of the old corn of the land, on the morrow of the passover offering, unleavened bread and roasted grain, in the very day itself.
JOS 6:21	YELLOW	Y-anchor	bocca		1.65	E sterminarono tutto ciò che era nella città, dall'uomo alla donna, dal giovane all'anziano, fino al bue, alla pecora e all'asino, a fil di spada.	E votarono allo sterminio tutto ciò che era nella città, passando a fil di spada, uomini, donne, fanciulli e vecchi, e buoi e pecore e asini.	They devoted to destruction all who were in the city, from man to woman, from youth to old man, and also the oxen, the sheep, and the donkeys, by the edge of the sword.
LAM 1:1	YELLOW	Y-anchor	solitudine|tributo		1.93	Come siede solitaria la città, un tempo piena di popolo! È divenuta come una vedova; la grande tra le nazioni, la principessa delle province, è divenuta tributaria.	Come mai siede solitaria la città già così popolata? Come mai è diventata simile a una vedova, quella ch’era grande fra le nazioni; ed è stata ridotta tributaria colei ch’era principessa fra le province?	How desolate the city sits, once full of people! She has become like a widow; great among the nations, princess among the provinces, she has become a tribute.
LAM 1:13	YELLOW	Y-anchor	dietro		2.13	Dall'altezza ha mandato fuoco nelle mie ossa e l'ha domato; ha teso una rete ai miei piedi, mi ha fatto tornare indietro; mi ha resa desolata, tutto il giorno inferma.	Dall’alto egli ha mandato un fuoco nelle mie ossa, che se n’è impadronito; egli ha teso una rete ai miei piedi, m’ha rovesciata a terra; m’ha gettata nella desolazione, in un languore di tutti i giorni.	From on high he sent fire into my bones and it descended; he spread a net for my feet, he turned me backward; he made me desolate, continually ill.
LAM 1:17	YELLOW	Y-anchor	intorno		2.13	Sion stende le sue mani; non c'è chi la consoli; l'Eterno ha comandato contro Giacobbe che i suoi nemici lo circondino; Gerusalemme è diventata un'impurità in mezzo a loro.	Sion stende le mani… non v’è alcuno che la consoli; l’Eterno ha comandato ai nemici di Giacobbe di circondarlo da tutte le parti. Gerusalemme è, in mezzo a loro, come una cosa impura.	Zion spread her hands; there is no one to comfort her; the LORD has commanded concerning Jacob that his adversaries surround him; Jerusalem has become unclean among them.
LAM 1:20	YELLOW	Y-anchor	ventre|strada		2.17	Guarda, o Eterno, che sono in angoscia; le mie viscere sono sconvolte, il mio cuore si è riversato in mezzo a me, perché ho agito con grande ribellione. Fuori, la spada priva di figli; in casa, come la morte.	O Eterno, guarda, ch’io sono in angoscia! Le mie viscere si commuovono, il cuore mi si sconvolge in seno, perché la mia ribellione è stata grave. Fuori, la spada mi orba de’ miei figliuoli; dentro, sta la morte.	See, O LORD, for distressing is my pain; my inward parts are stirred, my heart is turned within me, for bitter, bitter is my suffering; without, the sword bereaves; within, there is death.
LAM 1:8	YELLOW	Y-anchor	dietro		1.94	Gerusalemme ha commesso un grave peccato; perciò è divenuta una cosa impura; tutti quelli che la onoravano l'hanno disprezzata, perché hanno visto la sua nudità; anche lei ha sospirato e si è voltata indietro.	Gerusalemme ha gravemente peccato; perciò è divenuta come una cosa impura; tutti quelli che l’onoravano la sprezzano, perché han visto la sua nudità; ella stessa sospira, e volta la faccia.	Jerusalem has grievously offended; therefore she has become removed: all who honored her have despised her, because they have seen her nakedness; she also sighed and turned backward.
LAM 4:2	YELLOW	Y-anchor	saltèro		1.92	I figli di Sion, i preziosi, stimati come oro fino, come sono considerati come vasi di terra, opera delle mani di un vasaio!	I nobili figliuoli di Sion, pregiati al pari dell’oro fino, come mai son reputati quali vasi di terra, opera di mani di vasaio?	The precious sons of Zion, esteemed as fine gold, how are they reckoned as earthen vessels, the work of a potter's hands?
LAM 4:20	YELLOW	Y-anchor	spirito|ira		2.27	"Il soffio delle nostre narici, l'unto dell'Eterno, fu catturato nelle loro fosse; colui del quale dicevamo: ""Alla sua ombra vivremo tra le nazioni."""	Colui che ci fa respirare, l’unto dell’Eterno è stato preso nelle loro fosse; egli, del quale dicevamo: “Alla sua ombra noi vivremo fra le nazioni”.	"The breath of our nostrils, the anointed of the LORD, was caught in their pits, of whom we said, ""In his shade we will live among the nations."""
LEV 10:1	YELLOW	Y-anchor	uomo		1.77	I figli di Aronne, Nadab e Abiu, presero ciascuno il suo turibolo, vi misero dentro del fuoco e vi posero sopra dell'incenso, e offrirono davanti al volto dell'Eterno un fuoco estraneo, che egli non aveva loro comandato.	Or Nadab ed Abihu, figliuoli d’Aaronne, presero ciascuno il suo turibolo, vi misero dentro del fuoco, vi posero su del profumo, e offrirono davanti all’Eterno del fuoco estraneo: il che egli non aveva loro ordinato.	And the sons of Aaron, Nadab and Abihu, each took his censer and put fire in them and placed on it incense, and they brought near before the LORD strange fire, which he had not commanded them.
LEV 11:20	YELLOW	Y-anchor	uccello		1.44	Ogni rettile alato che cammina su quattro zampe è un abominio per voi.	Vi sarà pure in abominio ogni insetto alato che cammina su quattro piedi.	Every creeping thing that flies, walking on four, is an abomination to you.
LEV 11:21	YELLOW	Y-anchor	uccello		1.42	Soltanto questo potrete mangiare di tutto il rettile alato che cammina su quattro zampe, che ha gambe sopra i suoi piedi per saltare con esse sulla terra.	Però, fra tutti gl’insetti alati che camminano su quattro piedi, mangerete quelli che hanno gambe al disopra de’ piedi per saltare sulla terra.	Only this you may eat of every creeping thing that flies, which walks upon four legs, whose legs above its feet are jointed to leap with upon the ground.
LEV 11:23	YELLOW	Y-anchor	uccello		1.30	E ogni rettile alato che ha quattro piedi è un abominio per voi.	Ogni altro insetto alato che ha quattro piedi vi sarà in abominio.	And every creeping thing that flieth, which hath four legs, is an abomination unto you.
LEV 11:24	YELLOW	Y-anchor	tutto		2.00	E per questi voi sarete impuri: chiunque tocca la loro carcassa sarà impuro fino alla sera.	Questi animali vi renderanno impuri; chiunque toccherà il loro corpo morto sarà impuro fino alla sera.	And by these you shall become defiled: whoever touches their dead body shall be unclean until evening.
LEV 11:25	YELLOW	Y-anchor	tutto		2.12	E chiunque porterà qualcosa della loro carcassa laverà i suoi vestiti e sarà impuro fino alla sera.	E chiunque porterà i loro corpi morti si laverà le vesti, e sarà impuro fino alla sera.	And everyone who carries any of their dead bodies shall wash his clothes and be unclean until evening.
LEV 11:27	YELLOW	Y-anchor	mano		1.72	E ogni animale che cammina sulle sue zampe, tra tutti gli esseri viventi che camminano su quattro, è impuro per voi; chiunque tocca la loro carcassa sarà impuro fino alla sera.	Considererete come impuri tutti i quadrupedi che camminano sulla pianta de’ piedi; chiunque toccherà il loro corpo morto sarà impuro fino alla sera.	And every thing that goes on its paws, among all the living creatures that go on four, they are unclean to you: whatsoever touches their dead body shall be unclean until the evening.
LEV 11:32	YELLOW	Y-anchor	albero		1.64	E tutto ciò su cui cadrà qualcuno di essi, quando saranno morti, sarà impuro: da ogni vaso di legno o vestito o pelle o sacco, ogni vaso con cui si fa un lavoro, sarà immerso nell'acqua e resterà impuro fino alla sera, poi sarà puro.	Ogni oggetto sul quale cadrà qualcun d’essi quando sarà morto, sarà immondo: siano utensili di legno, o veste, o pelle, o sacco, o qualunque altro oggetto di cui si faccia uso; sarà messo nell’acqua, e sarà impuro fino alla sera; poi sarà puro.	Everything that falls upon them when they die becomes unclean, whether any wooden vessel or garment or leather or sackcloth—all articles of workmanship—shall be immersed in water and remain unclean until evening, then become clean.
LEV 12:4	YELLOW	Y-anchor	tutto		1.63	E trenta giorni e tre giorni siederà nel sangue della sua purificazione; non toccherà alcuna cosa santa, e non entrerà nel santuario, finché non siano compiuti i giorni della sua purificazione.	Poi, ella resterà ancora trentatre giorni a purificarsi del suo sangue; non toccherà alcuna cosa santa, e non entrerà nel santuario finché non siano compiuti i giorni della sua purificazione.	And thirty days and three days you shall dwell in the blood of purification; every holy thing you shall not touch, and to the sanctuary you shall not come until the days of her purification are fulfilled.
LEV 14:3	YELLOW	Y-anchor	strada		1.54	Il sacerdote uscirà fuori dall'accampamento, e il sacerdote guarderà, ed ecco, la piaga della lebbra è guarita dal lebbroso.	Il sacerdote uscirà dal campo, e l’esaminerà; e se vedrà che la piaga della lebbra è guarita nel lebbroso,	Then the priest shall go out to the outside of the camp, and the priest shall look, and behold, the plague of leprosy has healed from the stricken one.
LEV 14:4	YELLOW	Y-anchor	albero		1.85	Il sacerdote ordinerà, e si prenderanno per colui che si purifica due uccelli vivi e puri, legno di cedro, scarlatto di verme e issopo.	il sacerdote ordinerà che si prendano, per colui che dev’esser purificato, due uccelli vivi, puri, del legno di cedro, dello scarlatto e dell’issopo.	The priest shall command, and for the one purified they shall take two living clean birds, cedar wood, scarlet worm, and hyssop.
LEV 14:49	YELLOW	Y-anchor	albero		1.55	Prenderà per purificare la casa due uccelli, e legno di cedro, e scarlatto di vermiglio, e issopo.	Poi, per purificare la casa, prenderà due uccelli, del legno di cedro, dello scarlatto e dell’issopo;	And he shall take two birds for cleansing the house, and cedar wood, and crimson scarlet, and hyssop.
LEV 14:51	YELLOW	Y-anchor	albero		1.29	Prenderà il legno di cedro, l'issopo, lo scarlatto e l'uccello vivo, e li immergerà nel sangue dell'uccello sgozzato e nell'acqua viva, e aspergerà la casa sette volte.	e prenderà il legno di cedro, l’issopo, lo scarlatto e l’uccello vivo, e l’immergerà nel sangue dell’uccello sgozzato e nell’acqua viva, e ne aspergerà sette volte la casa.	He shall take the cedar wood, hyssop, scarlet thread, and the living bird, and dip them in the blood of the slaughtered bird and in living water, and sprinkle the house seven times.
LEV 14:52	YELLOW	Y-anchor	albero		2.43	Purificherà la casa con il sangue dell'uccello e con l'acqua viva, e con l'uccello vivo, e con il legno di cedro, e con l'issopo, e con lo scarlatto del verme.	E purificherà la casa col sangue dell’uccello, dell’acqua viva, dell’uccello vivo, col legno di cedro, con l’issopo e con lo scarlatto;	And he shall purify the temple with the blood of the bird and with the living water and with the living bird and with the cedar wood and with hyssop and with crimson wool.
LEV 14:53	YELLOW	Y-anchor	strada		1.57	E libererà l'uccello vivo fuori dalla città, verso il volto del campo, e farà espiazione per la casa, e sarà pura.	ma lascerà andar libero l’uccello vivo, fuor di città, per i campi; e così farà l’espiazione per la casa ed essa sarà pura.	He shall send the living bird out into the open country outside the city, and he shall make atonement for the house, and it shall be clean.
LEV 14:6	YELLOW	Y-anchor	albero		1.33	Prenderà l'uccello vivo, e il legno di cedro, e lo scarlatto cremisi, e l'issopo, e immergerà loro e l'uccello vivo nel sangue dell'uccello sgozzato sopra l'acqua viva.	Poi prenderà l’uccello vivo, il legno di cedro, lo scarlatto e l’issopo, e l’immergerà, con l’uccello vivo, nel sangue dell’uccello sgozzato sopra l’acqua viva.	He shall take the living bird, the cedar wood, the crimson scarlet thread, and the hyssop, and dip them and the living bird in the blood of the slaughtered bird upon the living water.
LEV 15:10	YELLOW	Y-anchor	tutto|tutto		1.89	E chiunque tocca qualunque cosa che sia sotto di lui sarà impuro fino alla sera; e chi li porta laverà i suoi vestiti e si laverà nell'acqua e sarà impuro fino alla sera.	Chiunque toccherà qualsivoglia cosa che sia stata sotto quel tale, sarà impuro fino alla sera. E chi porterà cotali oggetti si laverà le vesti, laverà se stesso nell’acqua, e sarà impuro sino alla sera.	And anything that touches anything that is under it shall be unclean until evening, and the one who carries them shall wash his garments and bathe in water and remain unclean until evening.
LEV 15:11	YELLOW	Y-anchor	tutto		1.88	E chiunque tocca colui che ha la secrezione, senza essersi lavato le mani nell'acqua, laverà i suoi vestiti e si bagnerà nell'acqua, e sarà impuro fino alla sera.	Chiunque sarà toccato da colui che ha la gonorrea, se questi non s’era lavato le mani, dovrà lavarsi le vesti, lavare se stesso nell’acqua, e sarà immondo fino alla sera.	And whatever the one with a discharge touches, when his hands have not washed in water, he shall wash his garments and bathe in water and remain unclean until evening.
LEV 15:19	YELLOW	Y-anchor	tutto		1.72	E se una donna ha un flusso, e il suo flusso nella sua carne è sangue, sette giorni sarà nella sua impurità; e chiunque la tocca sarà impuro fino alla sera.	Quando una donna avrà i suoi corsi e il sangue le fluirà dalla carne, la sua impurità durerà sette giorni; e chiunque la toccherà sarà impuro fino alla sera.	When a woman has a discharge, and the discharge in her body is blood, she shall be in her menstrual impurity seven days; whoever touches her shall be unclean until evening.
LEV 15:21	YELLOW	Y-anchor	tutto		2.10	E chiunque tocca il suo letto laverà i suoi vestiti e si laverà nell'acqua e sarà impuro fino alla sera.	Chiunque toccherà il letto di colei si laverà le vesti, laverà se stesso nell’acqua, e sarà impuro fino alla sera.	And whoever touches her bed shall wash his garments and bathe in water and be unclean until evening.
LEV 15:22	YELLOW	Y-anchor	tutto|tutto		1.71	E chiunque tocca qualsiasi vaso sul quale ella siede, laverà i suoi vestiti e si laverà con acqua, e sarà impuro fino alla sera.	E chiunque toccherà qualsivoglia mobile sul quale ella si sarà seduta, si laverà le vesti, laverà se stesso nell’acqua, e sarà impuro fino alla sera.	And any that toucheth any vessel whereon she sitteth shall wash his garments and bathe in water and be unclean until the evening.
LEV 15:27	YELLOW	Y-anchor	tutto		2.00	E chiunque li tocca sarà impuro; e laverà i suoi vestiti, e si laverà nell'acqua, e sarà impuro fino alla sera.	E chiunque toccherà quelle cose sarà immondo; si laverà le vesti, laverà se stesso nell’acqua, e sarà impuro fino alla sera.	And whatsoever toucheth them shall be unclean; and the person that toucheth them shall wash his apparel, and bathe in the water, and be unclean until the evening.
LEV 16:29	YELLOW	Y-anchor	strumento a dieci corde|tutto		1.95	E sarà per voi uno statuto di eternità: nel settimo mese, al decimo giorno del mese, affliggerete le vostre anime, e non farete alcun lavoro, né il nativo né lo straniero che abita in mezzo a voi.	Questa sarà per voi una legge perpetua: nel settimo mese, il decimo giorno del mese, umilierete le anime vostre, non farete lavoro di sorta, né colui ch’è nativo del paese, né il forestiero che soggiorna fra voi.	It shall be a statute forever for you: in the seventh month, on the tenth day of the month, you shall afflict your souls, and all work you shall not do, the native-born and the sojourner who sojourns among you.
LEV 18:22	YELLOW	Y-anchor	letto		1.75	Non giacerai con un maschio come si giace con una donna; è un'abominazione.	Non avrai con un uomo relazioni carnali come si hanno con una donna: è cosa abominevole.	You shall not lie with a male as one lies with a woman; it is an abomination.
LEV 18:23	YELLOW	Y-anchor	tutto		2.00	Non dare il tuo giacimento a nessun bestiame per contaminarti con esso, e una donna non stia davanti al volto di un bestiame per accoppiarsi con esso: è una mostruosità.	Non t’accoppierai con alcuna bestia per contaminarti con essa; e la donna non si prostituirà ad una bestia: è una mostruosità.	With any beast you shall not lie to defile yourself with it, and a woman shall not stand before a beast to lie with it; it is confusion.
LEV 18:6	YELLOW	Y-anchor	tutto		1.58	Nessun uomo si avvicini a nessuna carne della sua propria carne per scoprire la nudità; io sono l'Eterno.	Nessuno si accosterà ad alcuna sua parente carnale per scoprire la sua nudità. Io sono l’Eterno.	Every man shall not approach any near of kin to uncover nakedness; I am the LORD.
LEV 18:9	YELLOW	Y-anchor	strada		1.87	La nudità della tua sorella, figlia di tuo padre o figlia di tua madre, nata in casa o nata in paese natio fuori, non scoprirai la loro nudità.	Non scoprirai la nudità della tua sorella, figliuola di tuo padre o figliuola di tua madre, sia essa nata in casa o nata fuori.	You shall not uncover the nakedness of your sister, whether the daughter of your father or the daughter of your mother, born in the house or born outside.
LEV 20:16	YELLOW	Y-anchor	tutto		1.76	E se una donna si accosta a qualsiasi bestiame per accoppiarsi con esso, ucciderai la donna e il bestiame; saranno messi a morte, il loro sangue sarà su di loro.	E se una donna s’accosta a una bestia per prostituirsi ad essa, ucciderai la donna e la bestia; ambedue dovranno esser messe a morte; il loro sangue ricadrà su loro.	And a woman who approaches any beast to lie with it, you shall kill the woman and the beast; they shall be put to death, their bloodguilt is upon them.
LEV 21:11	YELLOW	Y-anchor	tutto		1.60	Non entrerà presso alcuna anima morta; per suo padre e per sua madre non si contaminerà.	Non si avvicinerà ad alcun cadavere; non si renderà impuro neppure per suo padre e per sua madre.	He shall not come in contact with any dead person, not even for his father or his mother shall he become unclean.
LEV 21:17	YELLOW	Y-anchor	seme		1.75	"Parla ad Aronne, dicendo: ""Qualunque uomo della tua discendenza, nelle loro generazioni, che abbia in sé un difetto, non si avvicini per offrire il pane del suo Dio."""	“Parla ad Aaronne e digli: Nelle generazioni a venire nessun uomo della tua stirpe che abbia qualche deformità s’accosterà per offrire il pane del suo Dio;	Speak to Aaron, saying: Any man from your descendants throughout their generations who has a blemish shall not approach to offer the bread of his God.
LEV 22:10	YELLOW	Y-anchor	tutto		1.45	Nessun estraneo mangerà cosa santa; il forestiero del sacerdote e il salariato non mangeranno cosa santa.	Nessun estraneo al sacerdozio mangerà delle cose sante: chi sta da un sacerdote o lavora da lui per un salario non mangerà delle cose sante.	No outsider may eat a consecrated thing; a priest's resident foreigner or a hired servant may not eat a consecrated thing.
LEV 22:21	YELLOW	Y-anchor	favore|tutto		1.71	E se un uomo offre un sacrificio di pace all'Eterno, per adempiere un voto o come offerta volontaria, sia di buoi o di pecore, sarà senza difetto per essere gradito; nessun difetto sarà in esso.	Quand’uno offrirà all’Eterno un sacrifizio di azioni di grazie, di buoi o di pecore, sia per sciogliere un voto, sia come offerta volontaria, la vittima, perché sia gradita, dovrà esser perfetta: non dovrà aver difetti.	Any man who offers a sacrifice of peace offerings to the LORD to fulfill a vow or as a free will offering, whether from the herd or from the flock, it shall be without blemish to be acceptable; there shall be no blemish in it.
LEV 23:14	YELLOW	Y-anchor	osso		1.95	Non mangerete pane, né grano abbrustolito, né frutteto, fino a questo stesso giorno, fino a quando avrete portato l'offerta del vostro Dio; è uno statuto di eternità per le vostre generazioni, in tutte le vostre dimore.	Non mangerete pane, né grano arrostito, né spighe fresche, fino a quel giorno, fino a che abbiate portata l’offerta al vostro Dio. E’ una legge perpetua, di generazione in generazione, in tutti i luoghi dove abiterete.	You shall not eat bread or parched corn or full ears of corn until the selfsame day that you bring the offering of your God; it is a perpetual statute throughout your generations in all your dwellings.
LEV 23:21	YELLOW	Y-anchor	osso|eternità		1.56	E proclamerete in questo stesso giorno: santa convocazione sarà per voi; non farete alcun lavoro di servizio; statuto eterno in tutte le vostre dimore, per le vostre generazioni.	In quel medesimo giorno bandirete la festa, e avrete una santa convocazione. Non farete alcun’opera servile. E’ una legge perpetua, di generazione in generazione, in tutti i luoghi dove abiterete.	And you shall proclaim on the very day a holy convocation shall be for you, any manner of work you shall not do, a perpetual statute in all your dwelling places throughout your generations.
LEV 23:25	YELLOW	Y-anchor	tutto		1.50	Non farete alcun lavoro di servizio, e offrirete un sacrificio all'Eterno.	Non farete alcun’opera servile, e offrirete all’Eterno dei sacrifizi mediante il fuoco”.	No manner of work shall you do, and you shall present an offering by fire to the LORD.
LEV 23:27	YELLOW	Y-anchor	strumento a dieci corde		1.67	Ma il decimo giorno di questo settimo mese è il giorno dell'espiazione; sarà per voi una santa convocazione, e affliggerete le vostre anime, e offrirete un sacrificio all'Eterno.	“Il decimo giorno di questo settimo mese sarà il giorno delle espiazioni; avrete una santa convocazione, umilierete le anime vostre e offrirete all’Eterno de’ sacrifizi mediante il fuoco.	But on the tenth day of this seventh month it is the day of atonement; it shall be a holy convocation for you, and you shall afflict your souls, and you shall present an offering by fire to the LORD.
LEV 23:28	YELLOW	Y-anchor	tutto|osso		1.69	Non farete alcun lavoro in questo stesso giorno, perché è un giorno di espiazione, per fare espiazione per voi davanti al volto dell'Eterno, il vostro Dio.	In quel giorno non farete alcun lavoro; poiché è un giorno d’espiazione, destinato a fare espiazione per voi davanti all’Eterno, ché l’Iddio vostro.	You shall do no manner of work in the very day itself, for it is a day of atonement, to make atonement for you before the LORD your God.
LEV 23:29	YELLOW	Y-anchor	osso		1.45	Poiché ogni anima che non si affliggerà in questo stesso giorno, sarà recisa dal suo popolo.	Poiché, ogni persona che non si umilierà in quel giorno, sarà sterminata di fra il suo popolo.	For any person who does not afflict himself on the very day itself shall be cut off from his people.
LEV 23:30	YELLOW	Y-anchor	osso		1.33	E ogni anima che farà qualsiasi lavoro in questo stesso giorno, io distruggerò quell'anima dal mezzo del suo popolo.	E ogni persona che farà in quel giorno qualsivoglia lavoro, io la distruggerò di fra il suo popolo.	And any person who does any manner of work in the very day itself, that person I will destroy from among his people.
LEV 23:35	YELLOW	Y-anchor	tutto		1.56	Nel primo giorno vi sarà una santa convocazione: non farete alcun lavoro di servizio.	Il primo giorno vi sarà una santa convocazione; non farete alcuna opera servile.	On the first day a holy convocation: no work of service shall you do.
LEV 23:36	YELLOW	Y-anchor	tutto		1.52	Per sette giorni offrirete un sacrificio all'Eterno; nell'ottavo giorno vi sarà una santa convocazione, e offrirete un sacrificio all'Eterno; è un'assemblea solenne; non farete alcun lavoro di servizio.	Per sette giorni offrirete all’Eterno dei sacrifizi mediante il fuoco. L’ottavo giorno avrete una santa convocazione, e offrirete all’Eterno dei sacrifizi mediante il fuoco. E’ giorno di solenne raunanza; non farete alcuna opera servile.	For seven days you shall present a fire offering to the LORD; on the eighth day there shall be a holy convocation for you, and you shall present a fire offering to the LORD; it is a solemn assembly; you shall do no manner of laborious work.
LEV 23:7	YELLOW	Y-anchor	tutto		1.18	Nel primo giorno avrete una santa convocazione; non farete alcun lavoro di servizio.	Il primo giorno avrete una santa convocazione; non farete in esso alcuna opera servile;	On the first day a holy convocation shall be for you; no manner of work of service shall you do.
LEV 23:8	YELLOW	Y-anchor	tutto		1.57	Offrirete un sacrificio all'Eterno per sette giorni; nel settimo giorno vi sarà una santa convocazione; non farete alcun lavoro di servizio.	e per sette giorni offrirete all’Eterno de’ sacrifizi mediante il fuoco. Il settimo giorno si avrà una santa convocazione, non farete alcuna opera servile”.	You shall present a sacrifice by fire to the LORD for seven days; on the seventh day there shall be a holy convocation; you shall do no work of service.
LEV 25:28	YELLOW	Y-anchor	sufficienza		1.68	Ma se la sua mano non trova abbastanza da restituirgli, la sua vendita resterà in mano al compratore fino all'anno del giubileo; e nel giubileo uscirà, e tornerà alla sua possessione.	Ma se non trova da sé la somma sufficiente a rimborsarlo, ciò che ha venduto rimarrà in mano del compratore fino all’anno del giubileo; al giubileo sarà cosa franca, ed egli rientrerà nel suo possesso.	But if his hand is not able to restore to him, then his sold property shall remain in the hand of the buyer until the year of the jubile; in the jubile he shall go out, and he shall return to his possession.
LEV 26:26	YELLOW	Y-anchor	tribù		1.94	Quando io vi spezzerò il sostegno del pane, dieci donne cuoceranno il vostro pane in un solo forno, e restituiranno il vostro pane a peso; e mangerete, ma non sarete saziati.	Quando vi toglierò il pane che sostiene, dieci donne coceranno il vostro pane in uno stesso forno, vi distribuiranno il vostro pane a peso, e mangerete, ma non vi sazierete.	When I break for you the staff of bread, ten women shall bake your bread in one oven, and they shall return your bread by weight, and you shall eat and not be satisfied.
LEV 27:3	YELLOW	Y-anchor	figlio|figlio		1.65	La tua stima sarà per un maschio dai venti anni fino ai sessanta anni; la tua stima sarà di cinquanta sicli d'argento, secondo il siclo del santo.	E la tua stima sarà, per un maschio dai venti ai sessant’anni, cinquanta sicli d’argento, secondo il siclo del santuario;	And your valuation shall be for a male from the age of twenty years even to the age of sixty years; then your valuation shall be fifty shekels of silver by the shekel of the sanctuary.
LEV 2:2	YELLOW	Y-anchor	pienezza		2.00	E la porterà ai figli di Aronne, i sacerdoti; e prenderà di là una piena manciata del suo fior di farina e del suo olio, con tutto il suo incenso; e il sacerdote farà bruciare il suo memoriale sull'altare, sacrificio di odore soave all'Eterno.	E la porterà ai sacerdoti figliuoli d’Aaronne; e il sacerdote prenderà una manata piena del fior di farina spruzzata d’olio, con tutto l’incenso, e farà fumare ogni cosa sull’altare, come ricordanza. Questo è un sacrifizio di soave odore, fatto mediante il fuoco all’Eterno.	And she shall bring it to the sons of Aaron the priests; and he shall take from it a handful of the fine flour from her meal offering and from its oil, and all the frankincense that is on it; and the priest shall burn the memorial of it on the altar, an offering made by fire, a sweet savour to the LORD.
LEV 3:5	YELLOW	Y-anchor	albero		1.47	I figli di Aronne lo faranno bruciare sull'altare, sopra l'olocausto che è sulla legna che è sul fuoco: sacrificio, odore soave all'Eterno.	E i figliuoli d’Aaronne faranno fumare tutto questo sull’altare sopra l’olocausto, che è sulle legna messe sul fuoco. Questo è un sacrifizio di soave odore, fatto mediante il fuoco all’Eterno.	And the sons of Aaron shall burn it on the altar upon the ascent, which is upon the wood that is upon the fire, a sacrifice, a sweet savour by fire to the LORD.
LEV 4:25	YELLOW	Y-anchor	fondamento		2.00	Il sacerdote prenderà con il suo dito del sangue del sacrificio per il peccato e lo metterà sui corni dell'altare dell'olocausto, e verserà il suo sangue alla base dell'altare dell'olocausto.	Poi il sacerdote prenderà col suo dito del sangue del sacrifizio per il peccato, e lo metterà sui corni dell’altare degli olocausti, e spanderà il sangue del becco appiè dell’altare dell’olocausto;	The priest shall take some of the blood of the sin-purification with his finger and put it on the horns of the altar of the burnt offering, and pour out its blood at the base of the altar of the burnt offering.
LEV 4:30	YELLOW	Y-anchor	fondamento		1.81	Il sacerdote prenderà del suo sangue con il suo dito e lo metterà sui corni dell'altare dell'olocausto, e verserà tutto il suo sangue alla base dell'altare.	Poi il sacerdote prenderà col suo dito del sangue della capra e lo metterà sui corni dell’altare dell’olocausto, e spanderà tutto il sangue della capra appiè dell’altare.	The priest shall take from her blood with his finger and put it on the horns of the altar of the burnt offering, and all her blood he shall pour out at the foundation of the altar.
LEV 5:18	YELLOW	Y-anchor	pecora		1.86	E porterà un montone senza difetto dal gregge, secondo la tua stima, come sacrificio per la colpa, al sacerdote; e il sacerdote farà espiazione per lui riguardo al suo errore che ha commesso senza saperlo, e gli sarà perdonato.	Presenterà al sacerdote, come sacrifizio di riparazione, un montone senza difetto, preso dal gregge, secondo la tua stima; e il sacerdote farà per lui l’espiazione dell’errore commesso per ignoranza, e gli sarà perdonato.	And he shall bring a blameless ram from the flock, according to your valuation, for a guilt offering, to the priest; and the priest shall make atonement for him concerning his unwitting error, though he did not know, and it shall be forgiven him.
LEV 6:12	YELLOW	Y-anchor	albero		1.90	Il fuoco sull'altare resterà acceso in esso, non si spegnerà; il sacerdote vi brucerà legna ogni mattina, ogni mattina, e disporrà su di esso l'olocausto, e brucerà su di esso il grasso dei sacrifici di pace.	Il fuoco sarà mantenuto acceso sull’altare e non si lascerà spegnere; e il sacerdote vi brucerà su delle legna ogni mattina, vi disporrà sopra l’olocausto, e vi farà fumar sopra il grasso dei sacrifizi di azioni di grazie.	The burning fire shall be kept burning on the altar; it shall not go out. The priest shall burn wood on it morning by morning, and shall arrange the burnt offering on it, and shall make smoke the fat of the peace offerings on it.
LEV 6:3	YELLOW	Y-anchor	falsità		1.69	o trova una cosa perduta e la nega, e giura il falso riguardo a una di tutte le cose che l'uomo fa per peccare in esse.	o una cosa perduta che ha trovata, e mentendo a questo proposito e giurando il falso circa una delle cose nelle quali l’uomo può peccare,	or he finds a lost thing and deals with it deceitfully, and swears falsely regarding any one of all the things that a person may do to sin thereby.
LEV 6:5	YELLOW	Y-anchor	falsità|capo		1.56	o da tutto ciò su cui ha giurato falsamente, lo restituirà per intero, aggiungendovi un quinto; lo darà a colui a cui appartiene nel giorno della sua colpa.	o qualunque cosa circa la quale abbia giurato il falso. Ne farà la restituzione per intero e v’aggiungerà un quinto in più, consegnandola al proprietario il giorno stesso che offrirà il suo sacrifizio di riparazione.	or for anything about which he swore falsely, he shall repay it in full and add a fifth to it; he shall give it to the one to whom it belongs on the day of his guilt.
LEV 7:21	YELLOW	Y-anchor	tutto|tutto		1.58	E l'anima che tocca qualsiasi cosa impura, sia impurità di uomo, o bestiame impuro, o qualsiasi abominio impuro, e mangia della carne del sacrificio di pace che è dell'Eterno, quell'anima sarà recisa dal suo popolo.	E se uno toccherà qualcosa d’impuro, una impurità umana, un animale impuro o qualsivoglia cosa abominevole, immonda, e mangerà della carne del sacrifizio di azioni di grazie che appartiene all’Eterno, quel tale sarà sterminato di fra il suo popolo”.	And any person who touches any uncleanness, whether human impurity, or unclean cattle, or any abominable unclean thing, and then eats of the flesh of the sacrifice of peace offerings belonging to the LORD, that person shall be cut off from his people.
LEV 7:25	YELLOW	Y-anchor	tutto		1.60	Poiché chiunque mangerà del grasso del bestiame, dal quale si offre un sacrificio all'Eterno, quell'anima che mangerà sarà recisa dal suo popolo.	perché chiunque mangerà del grasso degli animali che si offrono in sacrifizio mediante il fuoco all’Eterno, quel tale sarà sterminato di fra il suo popolo.	For whoever eats any fat from the beast that one presents as an offering by fire to the LORD, that person who eats shall be cut off from among his people.
LEV 8:15	YELLOW	Y-anchor	fondamento		1.74	Mosè lo scannò, prese il sangue e lo pose con il suo dito sui corni dell'altare tutto intorno, e purificò l'altare; e versò il sangue alla base dell'altare, e lo santificò per fare espiazione su di esso.	Mosè lo scannò, ne prese del sangue, lo mise col dito sui corni dell’altare tutto all’intorno, e purificò l’altare; poi sparse il resto del sangue appiè dell’altare, e lo consacrò per farvi su l’espiazione.	Moses slaughtered it and took the blood and put it on the horns of the altar all around with his finger and purified the altar and atoned for it with the blood which he poured at the base of the altar.
LEV 9:4	YELLOW	Y-anchor	giorno		2.14	un bue e un montone per sacrificio di pace, da sacrificare davanti al volto dell'Eterno, e un'offerta impastata con olio, perché oggi l'Eterno si mostrerà a voi.	e un bue e un montone per un sacrifizio di azioni di grazie, per sacrificarli davanti all’Eterno; e un’oblazione intrisa con olio; perché oggi l’Eterno vi apparirà”.	a bull and a ram for peace offerings to sacrifice before the LORD and a grain offering mixed with oil for today the LORD will appear to you
MAL 1:4	YELLOW	Y-anchor	deserto		1.64	"Se Edom dice: ""Siamo stati devastati, ma torneremo e ricostruiremo le desolate"", così dice l'Eterno degli eserciti: ""Essi costruiranno, ma io demolirò; e saranno chiamati confine di empietà, e il popolo contro cui l'Eterno ha sdegno per l'eternità""."	Se Edom dice: “Noi siamo stati atterrati, ma torneremo e riedificheremo i luoghi ridotti in ruina”, così parla l’Eterno degli eserciti: Essi edificheranno, ma io distruggerò; e saran chiamati Territorio della nequizia, e “Popolo contro il quale l’Eterno è indignato per sempre”.	If Edom says, We are laid waste, but we will return and rebuild the desolate places, thus says the Lord of hosts: They shall build, but I will throw down; and they shall be called the border of wickedness, and the people against whom the Lord has indignation forever.
MAL 2:17	YELLOW	Y-anchor	tutto		2.05	"Avete stancato l'Eterno con le vostre parole, e dite: ""In che cosa lo abbiamo stancato?"" Nel dire: ""Chiunque fa il male è buono agli occhi dell'Eterno, e in loro egli si compiace""; o: ""Dov'è il Dio del giudizio?"""	Voi stancate l’Eterno con le vostre parole, eppur dite: “In che lo stanchiamo noi?” In questo, che dite: “Chiunque fa il male è gradito all’Eterno, il quale prende piacere in lui!” o quando dite: “Dov’è l’Iddio di giustizia?”	"You have wearied the LORD with your words, and you say, ""How have we wearied?"" By saying, ""Everyone who does evil is good in the eyes of the LORD, and in them he delights."" Or where is the God of justice?"
MAL 3:16	YELLOW	Y-anchor	uomo		2.39	Allora quelli che temevano l'Eterno parlarono ciascuno al suo prossimo, e l'Eterno prestò attenzione e ascoltò, e fu scritto un libro di memoriale davanti al suo volto per quelli che temevano l'Eterno e per quelli che pensavano al suo nome.	Allora quelli che temono l’Eterno si son parlati l’un all’altro e l’Eterno è stato attento ed ha ascoltato; e un libro è stato scritto davanti a lui, per conservare il ricordo di quelli che temono l’Eterno e rispettano il suo nome.	Then those who feared the LORD spoke one to another, and the LORD listened and heard, and a book of remembrance was written before him for those who feared the LORD and for those who considered his name.
MAL 4:3	YELLOW	Y-anchor	mano		1.53	E calpesterete gli empi, perché saranno cenere sotto le piante dei vostri piedi, nel giorno che io faccio, dice l'Eterno degli eserciti.	E calpesterete gli empi, perché saran come cenere sotto la pianta de’ vostri piedi, nel giorno ch’io preparo, dice l’Eterno degli eserciti.	And you shall trample down the wicked, for they shall be ashes under the soles of your feet on the day that I am making, says the LORD of hosts.
MIC 2:13	YELLOW	Y-anchor	capo		2.69	L'irrompente è salito davanti a loro; hanno fatto breccia e sono passati per la porta, e ne sono usciti; il loro re è passato davanti a loro, e l'Eterno è alla loro testa.	Chi farà la breccia salirà innanzi a loro; essi faran la breccia, e passeranno per la porta e per essa usciranno, il loro re camminerà davanti a loro, e l’Eterno sarà alla loro testa.	The breaker has gone up before them; they have broken through and passed on, the gate they have gone out by; their king passes on before them, and the LORD at their head.
MIC 4:4	YELLOW	Y-anchor	uomo		1.85	Ognuno siederà sotto la sua vite e sotto il suo fico, e nessuno farà paura, perché la bocca dell'Eterno degli eserciti ha parlato.	Sederanno ciascuno sotto la sua vigna e sotto il suo fico senza che alcuno li spaventi; poiché la bocca dell’Eterno degli eserciti ha parlato.	And each shall sit under his vine and under his fig tree, and none shall make afraid, for the mouth of the LORD of hosts has spoken.
MIC 6:8	YELLOW	Y-anchor	amore		1.74	Ti è stato dichiarato, o uomo, ciò che è buono; e che cosa richiede da te l'Eterno, se non praticare il giudizio, amare la benignità e camminare umilmente con il tuo Dio?	O uomo, egli t’ha fatto conoscere ciò ch’è bene; e che altro richiede da te l’Eterno, se non che tu pratichi ciò ch’è giusto, che tu ami la misericordia, e cammini umilmente col tuo Dio?	He hath told thee, O man, what is good; and what doth the LORD require of thee, but to do justice, and to love mercy, and to walk humbly with thy God?
NEH 11:14	YELLOW	Y-anchor	esercito		1.64	E i loro fratelli, uomini valorosi, centoventotto, e sopra di loro era soprintendente Zabdiel, figlio degli uomini grandi.	e i loro fratelli, uomini valorosi, in numero di centoventotto. Zabdiel, figliuolo di Ghedolim, era loro capo.	And their brothers, mighty men of valor, one hundred twenty-eight, and over them was set Zabdiel son of the great ones.
NEH 12:28	YELLOW	Y-anchor	talento		1.60	I figli dei cantori si radunarono dalla pianura intorno a Gerusalemme e dai cortili di Netofatita.	E i figliuoli de’ cantori si radunarono dal distretto intorno a Gerusalemme, dai villaggi dei Netofathiti,	The sons of the singers gathered from the plain round about Jerusalem and from the villages of the Netophathite.
NEH 12:37	YELLOW	Y-anchor	occhio		2.00	E alla porta della sorgente, e di fronte a loro salirono per i gradini della città di Davide, per la salita del muro, sopra la casa di Davide, e fino alla porta delle acque a oriente.	Giunti che furono alla porta della Sorgente, montarono, dirimpetto a loro la scalinata della città di Davide, là dove le mura salgono al disopra del livello della casa di Davide, e giunsero alla porta delle Acque, a oriente.	And they went up at the gate of the fountain and over against them, they went up by the steps of the city of David, by the ascent to the wall, above the house of David, even to the gate of the water on the east.
NEH 13:4	YELLOW	Y-anchor	volto		2.00	E prima di questo, Eliascib il sacerdote era stato posto nella camera della casa del nostro Dio, vicino a Tobia.	Or prima di questo, il sacerdote Eliascib, ch’era preposto alle camere della casa del nostro Dio ed era parente di Tobia,	Before this, Eliashib the priest had been given a chamber in the house of our God, near Tobiah.
NEH 13:5	YELLOW	Y-anchor	volto		1.86	E fece per lui una grande camera, e là prima si mettevano l'offerta, l'incenso, i vasi, la decima del grano, il vino e l'olio, il comandamento dei Leviti, dei cantori e dei portinai, e l'offerta dei sacerdoti.	avea messo a disposizione di quest’ultimo una camera grande là dove, prima d’allora, si riponevano le offerte, l’incenso, gli utensili, la decima del grano, del vino e dell’olio, tutto ciò che spettava per legge ai Leviti, ai cantori, ai portinai, e la parte che se ne prelevava per i sacerdoti.	He made for him a large chamber, and there formerly they had put the grain offering, the frankincense, and the vessels, and the tithe of the grain, the new wine, and the anointed oil, the ordinance for the Levites, the singers, and the gatekeepers, and the heave offering of the priests.
NEH 1:11	YELLOW	Y-anchor	giorno		1.69	Ti prego, Signore, sia ora il tuo orecchio attento alla preghiera del tuo servo e alla preghiera dei tuoi servi che desiderano temere il tuo nome; e concedi successo al tuo servo oggi, e dàllo alla compassione davanti al volto di quest'uomo. E io ero coppiere del re.	O Signore, te ne prego, siano le tue orecchie attente alla preghiera del tuo servo e alla preghiera de’ tuoi servi, che hanno a cuore di temere il tuo nome; e concedi oggi, ti prego, buon successo al tuo servo, e fa’ ch’ei trovi pietà agli occhi di quest’uomo”. Allora io ero coppiere del re.	Please, my Lord, let your ear be attentive to the prayer of your servant and to the prayer of your servants who delight to fear your name; and grant success to your servant today, and grant him mercy in the sight of this man. Now I was cupbearer to the king.
NEH 6:16	YELLOW	Y-anchor	lavoro		1.75	E avvenne che, quando tutti i nostri nemici udirono, e tutte le nazioni che erano intorno a noi videro, caddero molto ai loro occhi, e seppero che questa opera era stata fatta dal nostro Dio.	E quando tutti i nostri nemici l’ebber saputo, tutte le nazioni circonvicine furon prese da timore, e restarono grandemente avvilite ai loro propri occhi perché riconobbero che quest’opera s’era compiuta con l’aiuto del nostro Dio.	And it came to pass, when all our enemies heard, and all the nations that were about us saw, that they fell greatly in their own eyes, and knew that this work had been done by our God.
NEH 6:2	YELLOW	Y-anchor	giovane leone		1.44	"Sanballat e Ghesem mandarono a dirmi: ""Vieni, e incontriamoci insieme nei villaggi della pianura di Ono."" Ma essi tramavano di farmi del male."	Samballat e Ghescem mi mandarono a dire: “Vieni, e troviamoci assieme in uno dei villaggi della valle di Ono”. Or essi pensavano a farmi del male.	"Sanballat and Geshem sent to me, saying, ""Come, let us meet together in the village of the plain of Ono,"" and they intended to do me harm."
NEH 7:52	YELLOW	Y-anchor	Nefusim		2.00	I figli di Besai, i figli dei Meuniti, i figli dei Nefiscesim.	figliuoli di Besai, figliuoli di Meunim, figliuoli di Nefiscesim,	The sons of Besai, the sons of the Mehunim, the sons of Nephisesim.
NEH 7:67	YELLOW	Y-anchor	solo		1.12	Oltre ai loro servi e alle loro serve, sette mila trecento trentasette, e avevano cantori e cantatrici, duecentoquarantacinque.	senza contare i loro servi e le loro serve, che ammontavano a settemila trecento trentasette. Avevan pure duecento quarantacinque cantori e cantatrici.	Besides their male servants and female servants, seven thousand three hundred thirty-seven, and they had singers, male and female, two hundred forty-five.
NEH 7:71	YELLOW	Y-anchor	diecimila		1.31	E dai capi dei padri diedero al tesoro del lavoro oro, ventimila dariche, e argento, duemiladuecento mine.	E tra i capi famiglia ve ne furono che dettero al tesoro dell’opera ventimila dariche d’oro e duemila duecento mine d’argento.	And from the chiefs of the fathers they gave to the treasury of the work gold drams twenty thousand and silver pounds two thousand and two hundred.
NEH 9:36	YELLOW	Y-anchor	giorno		1.65	Ecco, oggi siamo servi; e la terra che hai dato ai nostri padri per mangiare il suo frutto e la sua bontà, ecco, siamo servi su di essa.	E oggi eccoci schiavi! eccoci schiavi nel paese che tu desti ai nostri padri, perché ne mangiassero i frutti e ne godessero i beni.	Behold, we are servants this day, and the land which you gave to our fathers to eat its fruit and its goodness—behold, we are servants upon it.
NUM 10:33	YELLOW	Y-anchor	via|via		1.94	Partirono dal monte dell'Eterno, un cammino di tre giorni, e l'arca del patto dell'Eterno viaggiava davanti a loro, un cammino di tre giorni, per cercare loro un luogo di riposo.	Così partirono dal monte dell’Eterno, e fecero tre giornate di cammino; e l’arca del patto dell’Eterno andava davanti a loro durante le tre giornate di cammino, per cercar loro un luogo di riposo.	They set out from the mount of the LORD, a journey of three days, and the ark of the covenant of the LORD journeyed before them, a journey of three days, to seek out for them a resting place.
NUM 12:15	YELLOW	Y-anchor	strada		1.58	Maria fu tenuta fuori dall'accampamento per sette giorni, e il popolo non partì finché Maria non fu riaccolta.	Maria dunque fu rinchiusa fuori del campo sette giorni; e il popolo non si mise in cammino finché Maria non fu riammessa al campo.	And Miriam was shut outside the camp seven days, and the people did not journey onward until Miriam was gathered in again.
NUM 14:4	YELLOW	Y-anchor	uomo		1.75	"E dissero l'uno al suo fratello: ""Mettiamo un capo e torniamo in Egitto."""	E si dissero l’uno all’altro: “Nominiamoci un capo torniamo in Egitto!”	And they said, each man to his brother, Let us appoint a leader and return to Egypt.
NUM 15:33	YELLOW	Y-anchor	albero		1.54	E quelli che lo trovarono mentre raccoglieva legna lo condussero a Mosè e ad Aronne e a tutta la congregazione.	Quelli che l’aveano trovato a raccogliere le legna lo menarono a Mosè, ad Aaronne e a tutta la raunanza.	And those who found him gathering wood brought him to Moses and to Aaron and to the whole assembly.
NUM 16:17	YELLOW	Y-anchor	uomo|uomo|uomo		1.89	Prendete ciascuno il suo turibolo e mettete su di essi dell'incenso, e portate davanti al volto dell'Eterno ciascuno il suo turibolo: duecentocinquanta turiboli; e tu e Aronne, ciascuno con il suo turibolo.	e ciascun di voi prenda il suo turibolo, vi metta del profumo, e porti ciascuno il suo turibolo davanti all’Eterno: saranno duecentocinquanta turiboli. Anche tu ed Aaronne prenderete ciascuno il vostro turibolo”.	And take each his censer and put incense on them and bring each his censer before the LORD, two hundred and fifty censers, and you and Aaron each with your censer.
NUM 16:38	YELLOW	Y-anchor	laccio		2.05	I turiboli di questi peccatori, a costo delle loro anime, e ne facciano lamine battute, rivestimento per l'altare, perché li hanno presentati davanti al volto dell'Eterno e sono diventati santi; e siano un segno per i figli d'Israele.	e dei turiboli di quegli uomini che hanno peccato al prezzo della loro vita si facciano tante lamine battute per rivestirne l’altare, poiché sono stati presentati davanti all’Eterno e quindi son sacri; e serviranno di segno ai figliuoli d’Israele”.	The censers of these men who sinned with their souls—make them broad plates, a covering for the altar, because they presented them before the LORD and they became holy, and they shall be a sign to the people of Israel.
NUM 16:41	YELLOW	Y-anchor	indomani		1.50	"Il giorno seguente tutta la congregazione dei figli d'Israele mormorò contro Mosè e contro Aronne, dicendo: ""Voi avete ucciso il popolo dell'Eterno."""	Il giorno seguente, tutta la raunanza de’ figliuoli d’Israele mormorò contro Mosè ed Aaronne dicendo: “Voi avete fatto morire il popolo dell’Eterno”.	All the congregation of the people of Israel murmured against Moses and against Aaron on the next day, saying, You have killed the people of the LORD.
NUM 16:49	YELLOW	Y-anchor	solo		1.31	E i morti nella piaga furono quattordicimila e settecento, oltre ai morti per la parola di Kore.	Or quelli che morirono di quella piaga furono quattordicimila settecento, oltre quelli che morirono per il fatto di Kore.	The dead by the plague were fourteen thousand and seven hundred, besides the dead on account of the affair of Korah.
NUM 18:16	YELLOW	Y-anchor	figlio		1.92	E i suoi riscattati, da un mese di età, riscatterai secondo la tua stima, in argento, cinque sicli, al siclo del santo, venti ghere è.	E quanto al riscatto, li farai riscattare dall’età di un mese, secondo la tua stima, per cinque sicli d’argento, a siclo di santuario, che è di venti ghere.	And its redemption from a month old you shall redeem according to your valuation, silver five shekels by the shekel of the sanctuary, twenty gerahs it is.
NUM 18:23	YELLOW	Y-anchor	eternità		1.79	Il Levita stesso svolgerà il servizio della tenda di convegno, ed essi porteranno la loro iniquità; è uno statuto eterno per le vostre generazioni, e in mezzo ai figli d'Israele non avranno eredità.	Ma il servizio della tenda di convegno lo faranno soltanto i Leviti; ed essi porteranno il peso delle proprie iniquità; sarà una legge perpetua, di generazione in generazione; e non possederanno nulla tra i figliuoli d’Israele;	The Leviite shall serve the service of the tent of meeting, and they shall bear their iniquity; it is a perpetual statute throughout your generations; among the children of Israel they shall not inherit an inheritance.
NUM 19:11	YELLOW	Y-anchor	uomo		1.50	Chi tocca un morto, per ogni anima umana, sarà impuro sette giorni.	chi avrà toccato il cadavere di una persona umana sarà impuro sette giorni.	Whoever touches a dead person, any human being, becomes unclean for seven days.
NUM 19:13	YELLOW	Y-anchor	tutto|uomo		1.71	Chiunque tocca un morto, un essere umano che sia morto, e non si purifica, contamina il tabernacolo dell'Eterno; e quell'anima sarà recisa da Israele; perché l'acqua dell'impurità non è stata spruzzata su di lui, sarà impuro; la sua impurità è ancora su di lui.	Chiunque avrà toccato un morto, il corpo d’una persona umana che sia morta e non si sarà purificato, avrà contaminato la dimora dell’Eterno; e quel tale sarà sterminato di mezzo a Israele. Siccome l’acqua di purificazione non è stata spruzzata su lui, egli è impuro; ha ancora addosso la sua impurità.	Everyone who touches a dead person, any human being who has died, and does not purify himself, defiles the tabernacle of the LORD, and that person shall be cut off from Israel; because the water of purification was not sprinkled on him, he remains unclean; his uncleanness is still upon him.
NUM 19:16	YELLOW	Y-anchor	tutto|volto		1.44	E chiunque tocca sulla superficie del campo un ucciso di spada, o un morto, o un osso di uomo, o un sepolcro, sarà impuro sette giorni.	E chiunque, per i campi, avrà toccato un uomo ucciso per la spada o morto da sé, o un osso d’uomo, o un sepolcro, sarà impuro sette giorni.	Everything that touches the surface of the field on a slain by sword or on a dead person or on a human bone or on a grave shall be unclean seven days.
NUM 19:9	YELLOW	Y-anchor	strada		1.85	Un uomo puro raccoglierà la cenere della giovenca e la deporrà fuori dall'accampamento in un luogo puro, e sarà per la congregazione dei figli d'Israele come custodia per l'acqua d'impurità; è un peccato.	Un uomo puro raccoglierà le ceneri della giovenca e le depositerà fuori del campo in luogo puro, dove saranno conservate per la raunanza de’ figliuoli d’Israele come acqua di purificazione: è un sacrifizio per il peccato.	And a clean man shall gather the ashes of the heifer and deposit them outside the camp in a clean place, and it shall be kept by the congregation of the children of Israel as a charge for water of separation; it is a sin offering.
NUM 20:28	YELLOW	Y-anchor	capo		1.38	Mosè spogliò Aronne dei suoi vestiti e li mise addosso a Eleazar suo figlio; e Aronne morì lì in cima al monte. Poi Mosè ed Eleazar scesero dal monte.	Mosè spogliò Aaronne de’ suoi paramenti, e ne rivestì Eleazar, figliuolo di lui; e Aaronne morì quivi sulla cima del monte. Poi Mosè ed Eleazar scesero dal monte.	Moses stripped Aaron of his apparel and put them on Eleazar his son, and Aaron died there on the top of the mountain, and Moses and Eleazar came down from the mountain.
NUM 21:24	YELLOW	Y-anchor	bocca		1.78	Israele lo colpì a fil di spada e prese possesso della sua terra dall'Arnon fino allo Iabbok, fino ai figli di Ammon, perché il confine dei figli di Ammon era forte.	Israele lo sconfisse passandolo a fil di spada, e conquistò il suo paese dall’Arnon fino al Jabbok, sino ai confini de’ figliuoli di Ammon, poiché la frontiera dei figliuoli di Ammon era forte.	Israel struck him with the edge of the sword and took possession of his land from the Arnon to the Jabbok, as far as the Ammonites, because the border of the Ammonites was strong.
NUM 21:8	YELLOW	Y-anchor	tutto		1.35	"L'Eterno disse a Mosè: ""Fatti un serafino e mettilo su un vessillo; e avverrà che chiunque, essendo stato morso, lo guardi, vivrà."""	E l’Eterno disse a Mosè: “Fatti un serpente ardente, e mettilo sopra un’antenna; e avverrà che chiunque sarà morso e lo guarderà, scamperà”.	"And Jehovah said to Moses, ""Make for yourself a fiery serpent and set it on a pole, and it shall be that everyone who is bitten, when he sees it, shall live."""
NUM 22:32	YELLOW	Y-anchor	piede		1.45	"L'angelo dell'Eterno gli disse: ""Perché hai colpito la tua asina queste tre volte? Ecco, io sono uscito come Satana, perché la via è perversa davanti a me."""	L’angelo dell’Eterno gli disse: “Perché hai percosso la tua asina già tre volte? Ecco, io sono uscito per farti ostacolo, perché la via che batti è contraria al voler mio;	"The ambassador of the Lord said to him, ""Why have you struck your she-ass? This is the third time: I have come out as an adversary because the way has been contrary to me."""
NUM 22:33	YELLOW	Y-anchor	piede		1.88	L'asina mi vide e si voltò davanti a me queste tre volte; forse si è voltata via dal mio volto, perché ora avrei ucciso anche te e avrei lasciato viva lei.	e l’asina m’ha visto ed è uscita di strada davanti a me queste tre volte; se non fosse uscita di strada davanti a me, certo io avrei già ucciso te e lasciato in vita lei”.	The ass saw me and turned aside before me these three times; perhaps she turned away from me, but now I would have killed you and spared her.
NUM 22:38	YELLOW	Y-anchor	nulla		1.32	"Balaam disse a Balak: ""Ecco, sono venuto da te; ora, posso forse dire alcuna cosa? La parola che Dio metterà nella mia bocca, quella dirò."""	E Balaam rispose a Balak: “Ecco, son venuto da te; ma posso io adesso dire qualsiasi cosa? la parola che Dio mi metterà in bocca, quella dirò”.	"Balaam said to Balak, ""Behold, I have come to you; now, am I able to speak any-thing? The word that God puts in my mouth—that I will speak."""
NUM 23:9	YELLOW	Y-anchor	capo		2.08	Poiché dalla cima delle rocce io lo vedo, e dalle colline lo contemplo: ecco un popolo che abita in solitudine, e tra le nazioni non è annoverato.	Io lo guardo dal sommo delle rupi e lo contemplo dall’alto dei colli; ecco, è un popolo che dimora solo, e non è contato nel novero delle nazioni.	For from the top of the rocks I see him, and from the hills I behold him: behold, a people dwelling alone, and among the nations not reckoned.
NUM 27:11	YELLOW	Y-anchor	carne		1.87	E se non ha fratelli a suo padre, darete la sua eredità al suo parente più vicino a lui dalla sua famiglia, ed egli la possederà; e sarà per i figli d'Israele uno statuto di giudizio, come l'Eterno comandò a Mosè.	E, se non ci sono fratelli del padre, darete la sua eredità al parente più stretto nella sua famiglia; quello la possederà. Questo sarà per i figliuoli d’Israele una norma di diritto, come l’Eterno ha ordinato a Mosè”.	And if there are no brothers to their father, then you shall give his inheritance to his near kin from his family, and he shall inherit it; and it shall be for the children of Israel a statute of judgment, as the LORD commanded Moses.
NUM 28:18	YELLOW	Y-anchor	tutto		1.56	Nel primo giorno vi sarà una santa convocazione; non farete alcun lavoro di servizio.	Il primo giorno vi sarà una santa convocazione; non farete alcuna opera servile,	On the first day a holy convocation, any work of service you shall not do.
NUM 28:25	YELLOW	Y-anchor	tutto		1.27	E nel settimo giorno avrete una santa convocazione; non farete alcun lavoro di servizio.	E il settimo giorno avrete una santa convocazione; non farete alcuna opera servile.	On the seventh day a holy convocation shall be for you; no work of service shall you do.
NUM 28:26	YELLOW	Y-anchor	tutto		1.75	E nel giorno delle primizie, quando offrirete un'offerta nuova all'Eterno nelle vostre settimane, vi sarà una santa convocazione per voi; non farete alcun lavoro di servizio.	Il giorno delle primizie, quando presenterete all’Eterno una oblazione nuova, alla vostra festa delle settimane, avrete una santa convocazione; non farete alcuna opera servile.	On the day of the first fruits, when you present a new grain offering to the LORD during your week of weeks, there shall be a holy convocation for you; you shall do no laborious work.
NUM 29:1	YELLOW	Y-anchor	tutto		1.47	Nel settimo mese, il primo giorno del mese, avrete una santa convocazione; non farete alcun lavoro di servizio; sarà per voi un giorno di giubilo.	Il settimo mese, il primo giorno del mese avrete una santa convocazione; non farete alcuna opera servile; sarà per voi il giorno dei suon delle trombe.	In the seventh month, on the first day of the month, a holy convocation shall be for you; no manner of work of service shall you do; a day of loud shouting shall be for you.
NUM 29:11	YELLOW	Y-anchor	solo		2.27	Un capro delle capre, uno, come peccato, oltre al peccato dell'espiazione, e all'olocausto del continuo, con la sua offerta e le loro libazioni.	e un capro come sacrifizio per il peccato, oltre il sacrifizio d’espiazione, l’olocausto perpetuo con la sua oblazione e le loro libazioni.	one male goat for a sin offering, besides the sin offering for atonement, and the continual burnt offering, and its gift, and their drink offerings
NUM 29:12	YELLOW	Y-anchor	tutto		1.37	E il quindicesimo giorno del settimo mese avrete una santa convocazione; non farete alcun lavoro di servizio; e celebrerete una festa all'Eterno per sette giorni.	Il quindicesimo giorno del settimo mese avrete una santa convocazione; non farete alcuna opera servile, e celebrerete una festa in onor dell’Eterno per sette giorni.	And on the fifteenth day of the seventh month there shall be a holy convocation for you; every work of service you shall not do; and you shall celebrate a feast to the LORD seven days.
NUM 29:16	YELLOW	Y-anchor	solo		2.44	E un capro delle capre, uno, per il peccato, oltre all'olocausto del continuo, con la sua offerta e la sua libazione.	e un capro come sacrifizio per il peccato, oltre l’olocausto perpetuo, con la sua oblazione e la sua libazione.	and one hairy goat for purification for sin, apart from the daily burnt offering with its grain offering and its drink offering
NUM 29:19	YELLOW	Y-anchor	solo		2.44	E un capro delle capre, uno, per il peccato, oltre all'olocausto del continuo e alla sua offerta e alle loro libazioni.	e un capro come sacrifizio per il peccato, oltre l’olocausto perpetuo, la sua oblazione e le loro libazioni.	one goat for a sin offering, apart from the continual burnt offering and its grain offering and their drink offerings
NUM 29:25	YELLOW	Y-anchor	solo		2.33	e un capro delle capre, uno, per il peccato, oltre all'olocausto del continuo, la sua offerta e la sua libazione.	e un capro, come sacrifizio per il peccato, oltre l’olocausto perpetuo, la sua oblazione e la sua libazione.	and one hairy goat for purification for sin, apart from the daily burnt offering with its gift and its drink offering
NUM 29:34	YELLOW	Y-anchor	solo		2.38	un capro come sacrificio per il peccato, oltre all'olocausto continuo, con la sua offerta e la sua libazione.	e un capro, come sacrifizio per il peccato, oltre l’olocausto perpetuo, la sua oblazione e la sua libazione.	and one goat for purification for sin besides the daily burnt offering with its gift and its drink offering
NUM 29:35	YELLOW	Y-anchor	tutto		1.30	Nel giorno ottavo avrete un'assemblea solenne; non farete alcun lavoro di servizio.	L’ottavo giorno avrete una solenne raunanza; non farete alcuna opera servile,	On the eighth day there shall be a solemn assembly for you; no manner of work shall you do.
NUM 29:39	YELLOW	Y-anchor	solo		3.45	Queste cose farete all'Eterno nelle vostre tende di convegno, oltre ai vostri voti e alle vostre offerte volontarie, per i vostri olocausti, per le vostre offerte, per le vostre libazioni e per i vostri sacrifici di pace.	Tali sono i sacrifizi che offrirete all’Eterno nelle vostre solennità, oltre i vostri voti e le vostre offerte volontarie, sia che si tratti de’ vostri olocausti o delle vostre oblazioni o delle vostre libazioni o de’ vostri sacrifizi di azioni di grazie”.	These you shall offer to the LORD at your appointed times, apart from your vows and your free will offerings, for your burnt offerings, and for your meal offerings, and for your drink offerings, and for your peace offerings.
NUM 29:6	YELLOW	Y-anchor	solo		2.54	oltre l'olocausto del mese e la sua offerta, e l'olocausto continuo e la sua offerta, e le loro libazioni secondo il loro giudizio, per un odore soave, un sacrificio all'Eterno.	oltre l’olocausto del mese con la sua oblazione, e l’olocausto perpetuo con la sua oblazione, e le loro libazioni, secondo le regole stabilite. Sarà un sacrifizio, fatto mediante il fuoco, di soave odore all’Eterno.	besides the burnt offering of the month and its gift, and the continual burnt offering and its gift, and their drink offerings, according to their due ordinance, for a sweet savour, an offering by fire to the LORD.
NUM 29:7	YELLOW	Y-anchor	tutto		1.80	E il decimo giorno di questo settimo mese avrete una santa convocazione, e affliggerete le vostre anime; non farete alcun lavoro, con lo strumento a dieci corde.	Il decimo giorno di questo settimo mese avrete una santa convocazione e umilierete le anime vostre; non farete lavoro di sorta,	On the tenth day of this seventh month there shall be a holy convocation for you, and you shall afflict your souls; no manner of work shall you do.
NUM 30:12	YELLOW	Y-anchor	uomo|uomo		1.95	Ma se suo marito li annulla nel giorno in cui li ode, ogni uscita delle sue labbra riguardo ai suoi voti e al vincolo della sua anima non sussisterà; suo marito li ha annullati, e l'Eterno la perdonerà.	Ma se il marito, il giorno che ne viene a conoscenza li annulla, tutto ciò che le sarà uscito dalle labbra, siano voti o impegni per cui s’è legata, non sarà valido; il marito lo ha annullato; e l’Eterno le perdonerà.	But if her husband nullifies them on the day he hears them, none of the utterances of her lips concerning her vows or the bond of her soul shall stand; her husband has annulled them, and the LORD will forgive her.
NUM 30:8	YELLOW	Y-anchor	uomo		1.90	Ma se nel giorno in cui suo marito ode, egli la dissuade e annulla il suo voto che è su di lei e la promessa delle sue labbra con cui ha legato la sua anima, allora l'Eterno la perdonerà.	Ma se il marito, il giorno che ne viene a conoscenza, le fa opposizione, egli annullerà il voto ch’ella ha fatto e la promessa che ha proferito alla leggera per la quale s’è impegnata; e l’Eterno le perdonerà.	But if on the day her husband hears, he causes her to stop and nullifies her vow that is on her and the utterance of her lips which she bound on herself, then the LORD will forgive her.
NUM 31:19	YELLOW	Y-anchor	strada|tutto|tutto		1.68	E voi, accampatevi fuori dall'accampamento sette giorni; chiunque abbia ucciso un'anima e chiunque abbia toccato un cadavere, purificatevi il terzo giorno e il settimo giorno, voi e la vostra prigionia.	E voi accampatevi per sette giorni fuori del campo; chiunque ha ucciso qualcuno e chiunque ha toccato una persona uccisa, si purifichi il terzo e il settimo giorno: e questo, tanto per voi quanto per i vostri prigionieri.	And you shall stay outside the camp seven days; everyone who has killed any person, and everyone who has touched a dead body, shall purify yourselves on the third day and on the seventh day, you and your captives.
NUM 32:17	YELLOW	Y-anchor	fortezza		1.89	E noi ci armeremo prontamente davanti al volto dei figli d'Israele, finché non li avremo condotti al loro luogo; e i nostri bambini abiteranno nelle città fortificate, a causa del volto degli abitanti della terra.	ma, quanto a noi, ci terremo pronti, in armi, per marciare alla testa de’ figliuoli d’Israele, finché li abbiam condotti ai luogo destinato loro; intanto, i nostri figliuoli dimoreranno nelle città forti a cagione degli abitanti del paese.	And we will go up hastily before the children of Israel until we bring them to their place, and our little children will dwell in the fortified cities because of the inhabitants of the land.
NUM 32:36	YELLOW	Y-anchor	fortezza		1.20	E Bet-Nimra e Bet-Haran, città fortificate e recinti per pecore.	Beth-Nimra e Beth-Haran, città fortificate, e fecero de’ recinti per i greggi.	Beth-Nimrah and Beth-haran, fortified cities and sheepfolds.
NUM 35:15	YELLOW	Y-anchor	tutto		2.19	Per i figli d'Israele, e per lo straniero e per il forestiero che abita in mezzo a loro, queste sei città saranno come rifugio, perché vi fugga chiunque abbia colpito un'anima per errore.	Queste sei città serviranno di rifugio ai figliuoli d’Israele, allo straniero e a colui che soggiornerà fra voi, affinché vi scampi chiunque abbia ucciso qualcuno involontariamente.	For the children of Israel and for the alien and for the inhabitant among them shall be these six cities of refuge to flee there, every one who strikes a person unwittingly.
NUM 35:27	YELLOW	Y-anchor	strada		1.81	Se il vendicatore del sangue lo trova fuori dal confine della sua città di rifugio, e il vendicatore del sangue uccide l'omicida, non vi è sangue per lui.	e se il vindice del sangue trova l’omicida fuori de’ confini della sua città di rifugio e l’uccide, il vindice del sangue non sarà responsabile del sangue versato.	And if the blood-avenger finds him outside the border of his city of refuge, and the blood-avenger kills the manslayer, there is no bloodguiltiness for him.
NUM 35:5	YELLOW	Y-anchor	strada		1.50	E misurerete fuori dalla città il lato d'oriente duemila cubiti, e il lato di mezzogiorno duemila cubiti, e il lato del mare duemila cubiti, e il lato di settentrione duemila cubiti, con la città in mezzo; questo sarà per loro il contado delle città.	Misurerete dunque, fuori della città, duemila cubiti dal lato orientale, duemila cubiti dal lato meridionale, duemila cubiti dal lato occidentale e duemila cubiti dal lato settentrionale; la città sarà in mezzo. Tale sarà il contado di ciascuna delle loro città.	And you shall measure off two thousand cubits beyond the city toward the east side, and two thousand cubits toward the south side, and two thousand cubits toward the west side, and two thousand cubits toward the north side, and the city shall be in the middle; this shall belong to them as open land of the cities.
NUM 36:12	YELLOW	Y-anchor	donna		2.00	Dalle famiglie dei figli di Manasse, figlio di Giuseppe, esse furono date in moglie; e la loro eredità rimase nella tribù della famiglia del loro padre.	si maritarono nelle famiglie de’ figliuoli di Manasse, figliuolo di Giuseppe, e la loro eredità rimase nella tribù della famiglia del padre loro.	From the families of the sons of Manasseh son of Joseph there were women, and their inheritance was on the tribe of the family of their father.
NUM 36:3	YELLOW	Y-anchor	donna		2.10	E se saranno date in moglie a uno dei figli delle tribù dei figli d'Israele, la loro eredità sarà sottratta dall'eredità dei nostri padri e sarà aggiunta all'eredità della tribù alla quale apparterranno; così sarà diminuita dalla sorte della nostra eredità.	Se queste si maritano a qualcuno de’ figliuoli delle altre tribù de’ figliuoli d’Israele, la loro eredità sarà detratta dall’eredità de’ nostri padri, o aggiunta all’eredità della tribù nella quale esse saranno entrate; così sarà detratta dall’eredità che ci è toccata a sorte.	And they shall be to one of the tribes of the sons of Israel for wives, and their inheritance shall be taken from the inheritance of our fathers and added to the inheritance of the tribe to which they belong, so that our inheritance will be diminished from the lot of our inheritance.
NUM 3:39	YELLOW	Y-anchor	figlio		1.58	Tutti i contati dei Leviti che Mosè e Aronne contarono per bocca dell'Eterno, secondo le loro famiglie, tutti i maschi dall'età di un mese in su, erano ventiduemila.	Tutti i Leviti di cui Mosè ed Aaronne fecero il censimento secondo le loro famiglie per ordine dell’Eterno, tutti i maschi dall’età di un mese in su, furono ventiduemila.	All the numbered Leviites whom Moses and Aaron numbered according to the word of the LORD by their families, every male from a month old and upward, were twenty-two thousand.
NUM 3:43	YELLOW	Y-anchor	figlio		1.31	E tutto il primogenito maschio, nel numero dei nomi, da un mese in su, secondo il loro censimento, fu ventiduemila trecentosettantatré.	Tutti i primogeniti maschi di cui si fece il censimento, contando i nomi dall’età di un mese in su, furono ventiduemila duecentosettantatre.	Every firstborn male, registered by name from one month old and upward, according to their enrollment, was twenty-two thousand three hundred seventy.
NUM 4:30	YELLOW	Y-anchor	figlio|figlio		1.47	Dai trent'anni in su fino ai cinquant'anni li registrerai, tutti quelli che entrano nell'esercito per compiere il servizio della tenda di convegno.	farai il censimento, dall’età di trent’anni in su fino all’età di cinquant’anni, di tutti quelli che possono assumere un ufficio per far l’opera nella tenda di convegno.	From the age of thirty years and upward, even to the age of fifty years, you shall appoint them, every one coming to the service, to perform the labor of the tent of meeting.
NUM 5:3	YELLOW	Y-anchor	strada		1.50	Dal maschio alla femmina li manderete fuori dall'accampamento; li manderete fuori, e non contamineranno il loro accampamento, in mezzo al quale io abito.	Maschi o femmine che siano, li manderete fuori; li manderete fuori del campo perché non contaminino il loro campo in mezzo al quale io abito”.	From male to female you shall send them outside the camp; you shall send them forth, so that they do not defile the camp of theirs in which I dwell.
NUM 5:8	YELLOW	Y-anchor	solo		2.22	Ma se l'uomo non ha nessuno a cui restituire il sacrificio per la colpa, il sacrificio per la colpa restituito sarà dell'Eterno, per il sacerdote, oltre al montone dell'espiazione con il quale si farà espiazione per lui.	Ma se questi non ha prossimo parente a cui si possa restituire il corpo del delitto, questo corpo del delitto restituito spetterà all’Eterno, cioè al sacerdote, oltre al montone espiatorio, mediante il quale si farà l’espiazione per il colpevole.	But if there is no man to whom the trespass offering may be returned, the returned trespass offering shall go to the LORD for the priest, apart from the ram of atonement with which atonement is made on his behalf.
NUM 6:21	YELLOW	Y-anchor	solo		1.95	Questa è la legge del Nazireo che fa voto: la sua offerta all'Eterno per il suo diadema, oltre a ciò che la sua mano può raggiungere; secondo la bocca del suo voto che fa, così farà, secondo la legge del suo diadema.	Tale è la legge relativa a colui che ha fatto voto di nazireato, tale è la sua offerta all’Eterno per il suo nazireato, oltre quello che i suoi mezzi gli permetteranno di fare. Egli agirà secondo il voto che avrà fatto, conformemente alla legge del suo nazireato”.	This is the law for the Nazarite who offers an oblation to the LORD for his consecration, besides what his hand is able to provide; according to his vow which he vows, so he shall do in accordance with the law of his consecration.
NUM 7:87	YELLOW	Y-anchor	bue		1.40	Tutto il bestiame per l'olocausto: dodici giovenchi, dodici montoni, dodici agnelli figli di un anno, con le loro offerte, e dodici capri di capra per il peccato.	Totale del bestiame per l’olocausto: dodici giovenchi, dodici montoni, dodici agnelli dell’anno con le oblazioni ordinarie, e dodici capri per il sacrifizio per il peccato.	All the beeve for the burnt offering: twelve bulls, twelve rams, twelve lambs of a year old, and their oblations, and twelve goats for a sin offering.
NUM 7:88	YELLOW	Y-anchor	bue		1.48	E tutto il bestiame per il sacrificio di pace: ventiquattro giovenchi, sessanta montoni, sessanta capri, sessanta agnelli figli di un anno; questa fu la dedicazione dell'altare dopo che fu unto.	Totale del bestiame per il sacrifizio di azioni di grazie: ventiquattro giovenchi, sessanta montoni, sessanta capri, sessanta agnelli dell’anno. Tali furono i doni per la dedicazione dell’altare, dopo ch’esso fu unto.	And all the beeves for the sacrifice of peace offerings were twenty-four bulls, sixty rams, sixty chief goats, sixty lambs of one year old; this was the dedicating of the altar after it was anointed.
NUM 9:13	YELLOW	Y-anchor	via|tenda di convegno		1.75	E l'uomo che è puro e non era in viaggio, e tralascia di fare la Pasqua, quell'anima sarà recisa dal suo popolo; perché non ha presentato l'offerta dell'Eterno nel suo tempo stabilito, quell'uomo porterà il suo peccato.	Ma colui ch’è puro e che non è in viaggio, se s’astiene dal celebrare la pasqua, quel tale sarà sterminato di fra il suo popolo; siccome non ha presentato l’offerta all’Eterno nel tempo stabilito, quel tale porterà la pena del suo peccato.	And the man who is clean and was not on a journey, yet refrained from making the passover offering, that person shall be cut off from his people; because he did not present the offering of the LORD at its appointed time, that man shall bear his fault.
OBA 1:5	YELLOW	Y-anchor	sufficienza		1.47	Se dei ladri venissero da te, se predoni di notte—come sei ridotto! Non ruberebbero forse quanto basta? Se vendemmiatori venissero da te, non lascerebbero forse dei racimoli?	Se dei ladri e de’ briganti venissero a te di notte, come saresti ruinato! Non ruberebbero essi quanto bastasse loro? Se venissero da te de’ vendemmiatori, non lascerebbero qualcosa da racimolare?	If thieves came to you, if raiders by night—how are you ruined? Would they not steal (much as is) sufficient? If grape pickers came to you, would they not leave (gleaning) (of the) grapes?
PRO 10:4	YELLOW	Y-anchor	frode		1.71	La mano pigra conduce alla povertà, ma la mano dei diligenti arricchisce.	Chi lavora con mano pigra impoverisce, ma la mano dei diligenti fa arricchire.	A poor man's hand makes him poor, but the hand of the diligent makes rich.
PRO 11:17	YELLOW	Y-anchor	benignità		2.29	L'uomo benigno fa del bene alla propria anima, ma il crudele tormenta la propria carne.	L’uomo benigno fa del bene a se stesso, ma il crudele tortura la sua propria carne.	A man of kindness benefits his own soul, but the cruel troubles his own flesh.
PRO 11:22	YELLOW	Y-anchor	ira		2.12	Un orecchino d'oro nel naso di un porco è una donna bella ma priva di giudizio.	Una donna bella, ma senza giudizio, è un anello d’oro nel grifo d’un porco.	A gold earring in a swine's snout: a woman fair and lacking discretion.
PRO 11:25	YELLOW	Y-anchor	benedizione		1.71	L'anima benedetta sarà arricchita, e chi innaffia sarà anch'egli innaffiato.	L’anima benefica sarà nell’abbondanza, e chi annaffia sarà egli pure annaffiato.	The generous soul shall be made fat, and the one who waters shall also be watered himself.
PRO 12:21	YELLOW	Y-anchor	tutto		1.50	Nessuna iniquità colpirà il giusto, ma gli empi sono pieni di male.	Nessun male incoglie al giusto, ma gli empi son pieni di guai.	No harm shall befall the righteous, but the wicked are full of evil.
PRO 12:4	YELLOW	Y-anchor	esercito		2.86	La donna valorosa è una corona per il suo padrone, ma una donna vergognosa è come marciume nelle sue ossa.	La donna virtuosa è la corona del marito, ma quella che fa vergogna gli è un tarlo nell’ossa.	A wife of valor is a crown to her husband, but a shameful wife is like decay in his bones.
PRO 13:17	YELLOW	Y-anchor	dolore		1.71	Un messaggero malvagio cadrà nel male, ma un testimone fedele è guarigione.	Il messo malvagio cade in sciagure, ma l’ambasciatore fedele reca guarigione.	A wicked messenger will fall into trouble, but a trustworthy ambassador brings healing.
PRO 13:7	YELLOW	Y-anchor	tutto		2.57	C'è chi si arricchisce e non ha nulla; c'è chi si impoverisce, eppure ha grande ricchezza.	C’è chi fa il ricco e non ha nulla; c’è chi fa il povero e ha di gran beni.	There is one who grows rich yet has nothing; another who grows poor despite great wealth.
PRO 17:17	YELLOW	Y-anchor	prossimo		1.86	In ogni tempo l'amico ama, e un fratello nasce per l'angoscia.	L’amico ama in ogni tempo; è nato per essere un fratello nella distretta.	In every time a friend loves, and a brother is born for adversity.
PRO 17:7	YELLOW	Y-anchor	resto		1.60	Non si addice allo stolto un labbro eccellente, tanto meno al nobile un labbro di falsità.	Un parlar solenne non s’addice all’uomo da nulla; quanto meno s’addicono ad un principe labbra bugiarde!	It is not fitting for a fool to utter abundant talk, nor for a generous person to utter lying speech.
PRO 1:21	YELLOW	Y-anchor	capo		2.12	In cima ai luoghi tumultuosi ella chiama, agli ingressi delle porte, nella città, dice le sue parole.	nei crocicchi affollati ella chiama, all’ingresso delle porte, in città, pronunzia i suoi discorsi:	At the beginning of the assemblies you shall proclaim, at the entrances of the city gates you shall speak your words.
PRO 1:27	YELLOW	Y-anchor	rovina		2.60	Quando verrà su di voi la desolazione come un terrore, e la vostra calamità giungerà come una tempesta, quando verrà su di voi angoscia e angoscia.	quando lo spavento vi piomberà addosso come una tempesta quando la sventura v’investirà come un uragano, e vi cadranno addosso la distretta l’angoscia.	When your dread and your destruction come upon you like a storm, when distress and anguish come upon you.
PRO 20:1	YELLOW	Y-anchor	tutto		1.89	Il vino è beffardo, la bevanda forte è tumultuosa; e chiunque ne è svisto non diventa saggio.	Il vino è schernitore, la bevanda alcoolica è turbolenta, e chiunque se ne lascia sopraffare non è savio.	Wine is a banqueting drink and strong drink is a brawler; whosoever is led astray thereby is not wise.
PRO 20:6	YELLOW	Y-anchor	moltitudine		1.56	Molti uomini proclamano la propria benignità, ma un uomo testimone fedele, chi lo troverà?	Molta gente vanta la propria bontà; ma un uomo fedele chi lo troverà?	An abundance of people will call a man his lovingkindness, but a faithful man, who will find?
PRO 22:19	YELLOW	Y-anchor	giorno		2.43	Perché la tua fiducia sia nell'Eterno, io te l'ho fatto sapere oggi, anche a te.	Ho voluto istruirti oggi, sì, proprio te, perché la tua fiducia sia posta nell’Eterno.	To have your trust in the LORD—this I have made known to you today, even you.
PRO 25:14	YELLOW	Y-anchor	principe		1.88	Nuvole e vento senza pioggia, un uomo che si vanta di un dono di falsità.	Nuvole e vento, ma punta pioggia; ecco l’uomo che si vanta falsamente della sua liberalità.	Princes and wind and rain are lacking; a man boasts in a gift of falsehood.
PRO 25:24	YELLOW	Y-anchor	incantesimo		1.89	Meglio abitare su un angolo del tetto che con una donna litigiosa e una casa di contesa.	Meglio abitare sul canto d’un tetto, che in una gran casa con una moglie rissosa.	Better is a corner of a roof than a wife and a house of contention.
PRO 29:15	YELLOW	Y-anchor	tribù		2.00	La verga e la correzione danno sapienza, ma il giovane lasciato libero fa vergognare sua madre.	La verga e la riprensione dànno sapienza; ma il fanciullo lasciato a sé stesso, fa vergogna a sua madre.	A rod and reproof give wisdom, but a boy left to himself brings shame to his mother.
PRO 30:15	YELLOW	Y-anchor	ricchezza		1.15	"La sanguisuga ha due figlie: ""Dà, dà!"" Tre non si saziano; quattro non dicono: ""Basta!"""	La mignatta ha due figliuole, che dicono: “Dammi” “dammi!”. Ci son tre cose che non si sazian mai, anzi quattro, che non dicon mai: “Basta!”	"Two daughters of the horse-leech: give, give! Three have not had enough; four have not said, ""Enough!"""
PRO 31:10	YELLOW	Y-anchor	esercito		2.29	Una donna di valore, chi la troverà? La sua merce è ben più lontana delle perle.	Elogio della donna forte e virtuosa. Una donna forte e virtuosa chi la troverà? il suo pregio sorpassa di molto quello delle perle.	A wife of valor—who can find her? Her worth is far beyond that of rubies.
PRO 3:27	YELLOW	Y-anchor	Dio		2.25	Non negare il bene a chi ne è padrone, quando hai in tuo potere la mano per farlo.	Non rifiutare un benefizio a chi vi ha diritto, quand’è in tuo potere di farlo.	Do not withhold good from those to whom it is due when you have the power to act.
PRO 3:31	YELLOW	Y-anchor	tutto		1.62	Non invidiare l'uomo di violenza, e non scegliere nessuna delle sue vie.	Non portare invidia all’uomo violento, e non scegliere alcuna delle sue vie;	Do not envy a man of violence, nor choose any of his ways.
PRO 6:29	YELLOW	Y-anchor	tutto		1.50	Così è chi va dalla donna del suo prossimo; non resterà impunito chiunque la tocca.	Così è di chi va dalla moglie del prossimo; chi la tocca non rimarrà impunito.	So is the one who comes to another's wife; none who touches her will go unpunished.
PRO 6:35	YELLOW	Y-anchor	tutto		1.50	Non alzerà il volto per alcun riscatto, e non acconsentirà, anche se moltiplichi la tangente.	non avrà riguardo a riscatto di sorta, e anche se tu moltiplichi i regali, non sarà soddisfatto.	He will not accept any bribe, nor be swayed though the bribe be large.
PRO 7:14	YELLOW	Y-anchor	giorno		2.33	I sacrifici di pace sono su di me; oggi ho adempiuto i miei voti.	“Dovevo fare un sacrifizio di azioni di grazie; oggi ho sciolto i miei voti;	My peace offerings are upon me; today I have fulfilled my vows.
PSA 102:25	YELLOW	Y-anchor	volto		2.50	Nei tempi antichi hai fondato la terra, e i cieli sono opera delle tue mani.	Tu fondasti ab antico la terra, e i cieli son l’opera delle tue mani.	Before time you founded the earth, and the heavens are the work of your hands.
PSA 104:11	YELLOW	Y-anchor	vita		1.86	Tutte le bestie del campo bevono; gli asini selvatici placano la loro sete.	abbeverano tutte le bestie della campagna, gli asini selvatici vi si dissetano.	All the wild beasts of the field will drink; the wild asses will break their thirst.
PSA 105:12	YELLOW	Y-anchor	uomini		1.83	Quando erano pochi di numero, assai pochi, e forestieri in essa.	Non erano allora che poca gente, pochissimi e stranieri nel paese,	When they were few in number, very few, and sojourners in it.
PSA 107:4	YELLOW	Y-anchor	dimora		1.88	Erraron nel deserto, in una landa desolata; la via verso una città abitata non trovarono.	Essi andavano errando nel deserto per vie desolate; non trovavano città da abitare.	They wandered in the wilderness in the desolate region, the way of the inhabited city they did not find.
PSA 108:10	YELLOW	Y-anchor	fortezza		1.50	Chi mi condurrà alla città fortificata? Chi mi guiderà fino a Edom?	Chi mi condurrà nella città forte? Chi mi menerà fino in Edom?	Who will bring me to the fortified city? Who will lead me to Edom?
PSA 108:9	YELLOW	Y-anchor	pentola		1.60	Moab è il mio bacino per lavare; su Edom getterò il mio calzare; sulla Filistia esulterò.	Moab è il bacino dove mi lavo; sopra Edom getterò il mio sandalo; sulla Filistia manderò gridi di trionfo.	Moab is a wash-pot; upon Edom I will cast my shoe; over Philistia I will triumph.
PSA 109:19	YELLOW	Y-anchor	continuo		2.43	Gli sia come un vestito che lo avvolge, e come una cintura con cui si cinge sempre.	Siagli essa come un vestito di cui si cuopra, come una cintura di cui sia sempre cinto!	Let it be to him as apparel that he wears, and as a girdle that he wears always.
PSA 111:1	YELLOW	Y-anchor	Signore		1.89	Alleluia! Renderò grazie all'Eterno con tutto il cuore, nel consiglio segreto dei retti e nella congregazione.	Alleluia. Io celebrerò l’Eterno con tutto il cuore nel consiglio degli uomini diritti, e nell’assemblea.	Praise Jah, I will give thanks to the LORD with all my heart, in the assembly of the upright and the congregation.
PSA 112:3	YELLOW	Y-anchor	eternità		2.33	Ricchezza e beni sono nella sua casa, e la sua giustizia rimane in eterno.	Abbondanza e ricchezze sono nella sua casa, e la sua giustizia dimora in perpetuo.	Riches and wealth are in his house, and his righteousness endures forever.
PSA 114:3	YELLOW	Y-anchor	dietro		1.67	Il mare vide e fuggì, il Giordano si volse indietro.	Il mare lo vide e fuggì, il Giordano tornò addietro.	The sea saw and fled, the Jordan turned backward.
PSA 114:5	YELLOW	Y-anchor	dietro		1.62	Che hai tu, o mare, che fuggi? O Giordano, che ti volgi indietro?	Che avevi, o mare, che fuggisti? E tu, Giordano, che tornasti addietro?	What to you, sea, that you flee? Jordan, that you turn back?
PSA 118:18	YELLOW	Y-anchor	Signore		2.17	L'Eterno mi ha severamente castigato, ma non mi ha dato alla morte.	Certo, l’Eterno mi ha castigato, ma non mi ha dato in balìa della morte.	Jah has severely disciplined me, but he has not given me over to death.
PSA 119:133	YELLOW	Y-anchor	volta|tutto		2.12	Dirigi i miei passi nella tua parola, e non lasciare che alcuna iniquità domini su di me.	Rafferma i miei passi nella tua parola, e non lasciare che alcuna iniquità mi domini.	Order my steps by your word, and do not let any evil rule over me.
PSA 119:62	YELLOW	Y-anchor	notte		1.62	A mezzanotte mi alzerò per renderti grazie per i giudizi della tua giustizia.	A mezzanotte io mi levo per celebrarti a motivo dei tuoi giusti giudizi.	At midnight I will rise to give thanks to you for your righteous judgments.
PSA 119:91	YELLOW	Y-anchor	giorno		2.00	I tuoi giudizi stanno fermi oggi, perché ogni cosa è tua serva.	Tutto sussiste anche oggi secondo i tuoi ordini, perché ogni cosa è al tuo servigio.	Your judgments stand today, for all are your servants.
PSA 125:2	YELLOW	Y-anchor	intorno|intorno		1.80	Come i monti circondano Gerusalemme, così l'Eterno circonda il suo popolo, da ora e fino in eternità.	Gerusalemme è circondata dai monti; e così l’Eterno circonda il suo popolo, da ora in perpetuo.	Jerusalem is surrounded by hills, and the LORD is around his people, from now and forevermore.
PSA 127:1	YELLOW	Y-anchor	vanità|vanità		1.50	Canto dei gradini, per Salomone. Se l'Eterno non costruisce la casa, invano faticano i suoi costruttori in essa; se l'Eterno non custodisce la città, invano veglia il guardiano.	Canto dei pellegrinaggi. Di Salomone. Se l’Eterno non edifica la casa, invano vi si affaticano gli edificatori; se l’Eterno non guarda la città, invano vegliano le guardie.	A song of the steps for Solomon: If the LORD does not build the house, in vain do its builders labor in it; if the LORD does not guard the city, in vain does the watchman stay awake.
PSA 129:5	YELLOW	Y-anchor	dietro		1.67	Siano svergognati e respinti indietro tutti coloro che odiano Sion.	Siano confusi e voltin le spalle tutti quelli che odiano Sion!	Let them be ashamed and turned backward, all who hate Zion.
PSA 12:2	YELLOW	Y-anchor	uomo		1.30	Parlano vanità, ciascuno al suo prossimo; con labbro lusinghiero e cuore doppio parlano.	Ciascuno mentisce parlando col prossimo; parlano con labbro lusinghiero e con cuor doppio.	They speak falsely, each one to his neighbour, with a smooth lip and a double heart they speak.
PSA 133:2	YELLOW	Y-anchor	misura		1.69	Come l'olio buono sul capo, che scende sulla barba, la barba di Aronne, che scende fino alla bocca delle sue vesti.	E’ come l’olio squisito che, sparso sul capo, scende sulla barba, sulla barba d’Aaronne, che scende fino all’orlo de’ suoi vestimenti;	Like the good oil upon the head descending upon the beard, Aaron's beard, descending upon the edge of his garments.
PSA 135:4	YELLOW	Y-anchor	Signore		1.71	Poiché l'Eterno ha scelto Giacobbe per sé, Israele come suo tesoro.	Poiché l’Eterno ha scelto per sé Giacobbe, ha scelto Israele per suo speciale possesso.	For Jacob is the choice of the LORD, Israel is his special treasure.
PSA 139:22	YELLOW	Y-anchor	fine		1.67	Li odio con odio perfetto; sono diventati nemici per me.	Io li odio di un odio perfetto; li tengo per miei nemici.	I hate them with complete hatred; I count them my enemies.
PSA 139:5	YELLOW	Y-anchor	oriente		2.50	Mi hai cinto dietro e davanti, e hai posto su di me la tua mano.	Tu mi stringi di dietro e davanti, e mi metti la mano addosso.	You hemmed me in behind and before, and set Your hand upon me.
PSA 143:2	YELLOW	Y-anchor	tutto		1.55	Non entrare in giudizio con il tuo servo, perché nessun vivente sarà giustificato davanti al tuo volto.	e non venire a giudicio col tuo servitore, perché nessun vivente sarà trovato giusto nel tuo cospetto.	Do not enter into judgment with your servant, for no living being will be justified before you.
PSA 16:8	YELLOW	Y-anchor	continuo		1.88	Ho posto l'Eterno sempre davanti a me; poiché alla mia destra non sarò smosso.	Io ho sempre posto l’Eterno davanti agli occhi miei; poich’egli è alla mia destra, io non sarò punto smosso.	I have set the LORD always before me; because he is at my right hand, I shall not be moved.
PSA 18:44	YELLOW	Y-anchor	fama		1.62	Al semplice udire dell'orecchio mi ubbidiranno; i figli dello straniero mi mentiranno.	Al solo udir parlare di me, m’hanno ubbidito; i figli degli stranieri m’hanno reso omaggio.	To a hearing ear they will listen to me; sons of a foreigner will deny me.
PSA 19:5	YELLOW	Y-anchor	genero		2.38	Ed egli, come uno sposo che esce dalla sua camera nuziale, gioisce come un prode per correre la via.	ed egli e simile a uno sposo ch’esce dalla sua camera nuziale; gioisce come un prode a correre l’arringo.	And he, like a bridegroom coming out of his chamber, rejoices as a mighty man to run the path.
PSA 1:3	YELLOW	Y-anchor	tempo		1.82	Sarà come un albero piantato presso i ruscelli d'acqua, che dà il suo frutto nella sua stagione, e la sua foglia non appassisce; e tutto ciò che fa riesce bene.	Egli sarà come un albero piantato presso a rivi d’acqua, il quale dà il suo frutto nella sua stagione, e la cui fronda non appassisce; e tutto quello che fa, prospererà.	And he shall be like a tree planted by streams of water, whose fruit it brings forth in its season, and its leaf does not wither, and whatsoever he does prospers.
PSA 2:7	YELLOW	Y-anchor	giorno		1.73	"Io proclamerò lo statuto dell'Eterno: egli mi ha detto: ""Tu sei mio figlio, oggi io ti ho generato."""	Io spiegherò il decreto: L’Eterno mi disse: Tu sei il mio figliuolo, oggi io t’ho generato.	"I will declare the decree: the LORD has said to me, ""You are my son; today I have begotten you."""
PSA 31:23	YELLOW	Y-anchor	resto		1.54	Amate l'Eterno, voi tutti suoi fedeli; l'Eterno custodisce i fedeli, e ripaga con abbondanza chi agisce con superbia.	Amate l’Eterno, voi tutti i suoi santi! L’Eterno preserva i fedeli, e rende ampia retribuzione a chi procede alteramente.	Love the LORD, all his faithful ones; the LORD preserves the loyal, and repays abundantly the one who acts with pride.
PSA 34:10	YELLOW	Y-anchor	tutto		2.00	I giovani leoni soffrono miseria e fame, ma quelli che cercano l'Eterno non mancano di alcun bene.	I leoncelli soffron penuria e fame, ma quelli che cercano l’Eterno non mancano d’alcun bene.	Young lions may suffer want and hunger, but those who seek the LORD lack no good thing.
PSA 35:4	YELLOW	Y-anchor	dietro		2.67	Siano confusi e svergognati quelli che cercano l'anima mia; indietreggino e siano coperti di vergogna quelli che tramano il male contro di me.	Sian confusi e svergognati quelli che cercano l’anima mia; voltin le spalle e arrossiscano quei che macchinano la mia rovina.	Let those who seek my life be ashamed and humiliated; let those who devise evil against me turn back and be disgraced.
PSA 38:3	YELLOW	Y-anchor	indignazione		2.50	Non c'è salute nella mia carne a causa del tuo volto indignato; non c'è pace nelle mie ossa a causa del mio peccato.	Non v’è nulla d’intatto nella mia carne a cagion della tua ira; non v’è requie per le mie ossa a cagion del mio peccato.	There is no soundness in my body because of your indignation; there is no peace in my bones because of my sin.
PSA 40:14	YELLOW	Y-anchor	dietro		2.36	Siano svergognati e confusi insieme quelli che cercano la mia anima per distruggerla; tornino indietro e siano coperti di vergogna quelli che desiderano il mio male.	Siano confusi e svergognati tutti quanti quelli che cercano l’anima mia per farla perire! Voltin le spalle e siano coperti d’onta quelli che prendon piacere nel mio male!	Let those who seek my life to destroy it be ashamed and confounded; let those who delight in my adversity turn back and be disgraced.
PSA 44:10	YELLOW	Y-anchor	dietro		2.43	Ci fai tornare indietro davanti al nemico, e quelli che ci odiano si sono presi il bottino.	Tu ci fai voltar le spalle davanti al nemico, e quelli che ci odiano ci depredano.	You turn us back from the adversary, and those who hate us have plundered for themselves.
PSA 45:8	YELLOW	Y-anchor	dente		1.60	Mirra, aloe e cassia sono tutti i tuoi vestiti; dai templi d'avorio ti hanno rallegrato.	Tutti i tuoi vestimenti sanno di mirra, d’aloe, di cassia; dai palazzi d’avorio la musica degli strumenti ti rallegra.	Myrrh and aloes and cassia—your apparel is all from palaces of ivory, from the things that make you glad.
PSA 49:13	YELLOW	Y-anchor	fianco		2.38	Questa è la loro via, stoltezza per loro; e dopo di loro, con la loro bocca, si compiacciono. Sela.	Questa loro condotta è una follia; eppure i loro successori approvano i lor detti. Sela.	This is their way, folly to them; and after them, with their mouths, they approve. Selah.
PSA 4:1	YELLOW	Y-anchor	canzone		2.43	Al direttore del coro, con strumenti a corda, salmo di Davide. Quando grido, rispondimi, o Dio della mia giustizia; nella distretta mi hai dato spazio; abbi pietà di me e ascolta la mia preghiera.	Al Capo de’ musici. Per strumenti a corda. Salmo di Davide. Quand’io grido, rispondimi, o Dio della mia giustizia; quand’ero in distretta, tu m’hai messo al largo; abbi pietà di me ed esaudisci la mia preghiera!	For the music director, with stringed instruments, a psalm by David. When I called, answer me, O God of my righteousness; in distress You made room for me; be gracious to me and hear my prayer.
PSA 50:10	YELLOW	Y-anchor	vita		1.75	Poiché mio è ogni animale della foresta, il bestiame sui monti dalle mille cime.	perché mie son tutte le bestie della foresta, mio è il bestiame ch’è per i monti a migliaia.	For mine is every wild beast of the forest, the cattle on a thousand hills.
PSA 56:9	YELLOW	Y-anchor	dietro		1.91	Allora i miei nemici volgeranno le spalle indietro nel giorno in cui io griderò; questo so, che Dio è per me.	Nel giorno ch’io griderò, i miei nemici indietreggeranno. Questo io so: che Dio è per me.	Then my enemies will turn back on the day I call; this I know, that God is for me.
PSA 60:8	YELLOW	Y-anchor	pentola		1.80	Moab è il mio bacino per lavarmi; su Edom getterò il mio calzare; su di me, Filistia, esulta!	Moab è il bacino dove mi lavo; sopra Edom getterò il mio sandalo; o Filistia, fammi delle acclamazioni!	Moab is a wash-pot; upon Edom I will cast my shoe; over Philistia I will triumph.
PSA 65:13	YELLOW	Y-anchor	pecora		1.89	I montoni vestono i pascoli, e le valli si coprono di grano; gridano di gioia, anzi cantano.	I pascoli si riveston di greggi, e le valli si copron di frumento; dan voci di allegrezza e cantano.	The lambs are clothed with pasture, and the valleys are covered with wheat; they cry out, yes, they sing.
PSA 67:1	YELLOW	Y-anchor	canzone		2.64	Al maestro del coro, con strumenti a corda; un salmo, un canto. Dio abbia pietà di noi e ci benedica; faccia risplendere il suo volto su di noi. Sela.	Per il Capo de’ musici. Per strumenti a corda. Salmo. Canto. Iddio abbia mercé di noi, e ci benedica, Iddio faccia risplendere il suo volto su noi; Sela.	For the music director, with stringed instruments; a psalm, a song. May God favor us and bless us; may he cause his face to shine upon us, Selah.
PSA 68:23	YELLOW	Y-anchor	da		2.50	Affinché il tuo piede si immerga nel sangue, e la lingua dei tuoi cani abbia la sua parte dai nemici.	affinché tu affondi il tuo piè nel sangue, e la lingua de’ tuoi cani abbia la sua parte de’ tuoi nemici.	so that your foot may trample in blood, and the tongue of your dogs may have its portion from your enemies.
PSA 70:2	YELLOW	Y-anchor	dietro		2.44	Siano svergognati e confusi quelli che cercano l'anima mia; indietreggino e siano coperti di vergogna quelli che desiderano il mio male.	Sian confusi e svergognati quelli che cercano l’anima mia! Voltin le spalle e sian coperti d’onta quelli che prendon piacere nel mio male!	Let those who seek my life be ashamed and confounded; let those who delight in my adversity turn back and be disgraced.
PSA 72:16	YELLOW	Y-anchor	capo		2.08	Vi sia abbondanza di grano nella terra; sulla cima dei monti il suo frutto stormisca come il Libano, e fioriscano dalla città come l'erba della terra.	Vi sarà abbondanza di grano nel paese, sulla sommità dei monti. Ondeggeranno le spighe come fanno gli alberi del Libano, e gli abitanti delle città fioriranno come l’erba della terra!	Let a handful of wheat flourish in the land on the top of the mountains; its fruit shall shake like Lebanon; and those from the city shall blossom like grass of the earth.
PSA 76:1	YELLOW	Y-anchor	canzone		2.18	Al direttore del coro, con strumenti a corda; salmo di Asaf, canto. Dio è conosciuto in Giuda; in Israele grande è il suo nome.	Per il Capo de’ Musici. Per strumenti a corda. Salmo di Asaf. Canto. Iddio è conosciuto in Giuda; il suo nome è grande in Israele.	For the director of music, with stringed instruments; a psalm of Asaph, a song. God is known in Judah; in Israel his renown is great.
PSA 77:19	YELLOW	Y-anchor	calcagno		2.50	Nel mare è la tua via, e i tuoi sentieri nelle grandi acque, e le tue orme non sono conosciute.	La tua via fu in mezzo al mare, i tuoi sentieri in mezzo alle grandi acque, e le tue orme non furon riconosciute.	In the sea is your way, in the great waters, and your footprints are not known.
PSA 7:1	YELLOW	Y-anchor	Etiopia		1.83	Sigaion di Davide, che cantò all'Eterno riguardo alle parole di Cus, il Beniaminita. O Eterno, mio Dio, in te ho riposto la mia fiducia; salvami da tutti i miei persecutori e liberami.	Shiggaion di Davide ch’egli cantò all’Eterno, a proposito delle parole di Cush, beniaminita. O Eterno, Dio mio, io mi confido in te; salvami da tutti quelli che mi perseguitano, e liberami;	A Shiggaion of David, which he sang to the LORD concerning the words of Cush, a Benjamite. The LORD my God, in you I have taken refuge; save me from all who pursue me and deliver me.
PSA 94:19	YELLOW	Y-anchor	mezzo		2.50	Nella moltitudine dei miei pensieri dentro di me, le tue consolazioni rallegrano la mia anima.	Quando sono stato in grandi pensieri dentro di me, le tue consolazioni han rallegrato l’anima mia.	In the abundance of my thoughts within me, your consolations delight my soul.
PSA 95:7	YELLOW	Y-anchor	giorno		2.17	Poiché egli è il nostro Dio, e noi siamo il popolo del suo gregge e le pecore della sua mano; oggi, se ascoltate la sua voce.	Poich’egli è il nostro Dio, e noi siamo il popolo ch’egli pasce, e il gregge che la sua mano conduce.	For he is our God, and we are the people of his pasture and the sheep of his hand today—if you will hear his voice.
PSA 95:8	YELLOW	Y-anchor	contesa		2.14	Non indurite il vostro cuore come a Meriba, come nel giorno della prova nel deserto.	Oggi, se udite la sua voce, non indurate il vostro cuore come a Meriba, come nel giorno di Massa nel deserto,	Do not harden your hearts as at the provocation, on the day of the trial in the wilderness.
PSA 9:3	YELLOW	Y-anchor	dietro		2.17	Quando i miei nemici tornano indietro, inciampano e periscono davanti al tuo volto.	poiché i miei nemici voltan le spalle, cadono e periscono dinanzi al tuo cospetto.	When my enemies turn back, they stumble and perish from your presence.
PSA 9:6	YELLOW	Y-anchor	deserto		2.00	Il nemico è finito, desolazioni per perpetuità, e città hai distrutto; la loro memoria è perita, essi stessi.	E’ finita per il nemico! Son rovine perpetue! e delle città che tu hai distrutte perfin la memoria e perita.	The enemy has utterly destroyed places of decay forever, and cities you have overthrown; their memory has perished, they themselves.
RUT 1:11	YELLOW	Y-anchor	uomo		1.50	"Noemi disse: ""Tornate, figlie mie; perché andreste con me? Ho forse ancora figli nel mio ventre, che possano diventare vostri mariti?"""	E Naomi rispose: “Ritornatevene, figliuole mie! Perché verreste con me? Ho io ancora de’ figliuoli in seno che possano diventare vostri mariti?	"Naomi said, ""Return, my daughters! Why will you go with me? Are there still sons in my womb who could become husbands for you?"""
RUT 2:19	YELLOW	Y-anchor	giorno|giorno		1.80	"La sua suocera le disse: ""Dove hai spigolato oggi e dove hai lavorato? Sia benedetto colui che ti ha riconosciuto!"" Ed ella raccontò alla sua suocera ciò che aveva fatto con lui, e disse: ""Il nome dell'uomo con cui ho lavorato oggi è Boaz."""	La suocera le chiese: “Dove hai spigolato oggi? Dove hai lavorato? Benedetto colui che t’ha fatto così buona accoglienza!” E Ruth disse alla suocera presso di chi avea lavorato, e aggiunse: “L’uomo presso il quale ho lavorato oggi, si chiama Boaz”.	And her mother in law said to her, Where did you glean today? Where did you work? Blessed be the one who took notice of you. And she told her mother in law with whom she had worked, saying, The man's name with whom I worked today is Boaz.
RUT 3:11	YELLOW	Y-anchor	esercito		1.50	Ora, figlia mia, non temere; tutto ciò che dirai io farò per te, perché tutta la porta del mio popolo sa che sei una donna di valore.	Ora dunque, non temere, figliuola mia; io farò per te tutto quello che dici, poiché tutti qui sanno che sei una donna virtuosa.	Now, my daughter, do not fear; all that you say I will do for you, for all the gate of my people knows that you are a woman of valor.
RUT 3:13	YELLOW	Y-anchor	mattina|vita|mattina		1.79	Rimani qui questa notte, e al mattino, se egli vorrà riscattarti, bene, ti riscatti; ma se non gli piacerà riscattarti, ti riscatterò io, com'è vero che l'Eterno vive; coricati fino al mattino.	Passa qui la notte; e domattina, se quello vorrà far valere il suo diritto su di te, va bene, lo faccia pure; ma se non gli piacerà di far valere il suo diritto, io farò valere il mio, com’è vero che l’Eterno vive! Sta’ coricata fino al mattino”.	Lodge here through the night, and it shall be in the morning, if he is good to redeem, he will redeem; but if he does not desire to redeem you, then I will redeem you, as the LORD lives; lie down until morning.
RUT 3:18	YELLOW	Y-anchor	giorno		1.28	Resta, figlia mia, finché tu sappia come cadrà la parola, perché l'uomo non si acquieterà finché non abbia compiuto la parola oggi.	E Naomi disse: “Rimani qui, figliuola mia, finché tu vegga come la cosa riuscirà; poiché quest’uomo non si darà posa, finché non abbia oggi stesso terminato quest’affare”.	Stay, my daughter, until you know how the matter will turn out, for the man will not rest until the matter is settled today.
RUT 4:10	YELLOW	Y-anchor	giorno		1.88	E anche Rut la Moabita, donna di Maclon, ho acquistato per me come donna, per far sorgere il nome del morto sulla sua eredità, e perché il nome del morto non sia cancellato tra i suoi fratelli e dalla porta del suo luogo; voi siete testimoni oggi.	e che ho pure acquistato Ruth, la Moabita, moglie di Mahlon, perché sia mia moglie, affin di far rivivere il nome del defunto nella sua eredità, onde il nome del defunto non si estingua tra i suoi fratelli e alla porta della sua città. Voi ne siete oggi testimoni”.	And also Ruth the Moabitess, Mahlon's wife, I have acquired for myself as wife, to raise up the name of the dead upon his inheritance, and that the name of the dead may not be cut off from among his brothers and from the gate of his place; you are witnesses today.
RUT 4:14	YELLOW	Y-anchor	giorno		1.73	"Le donne dissero a Noemi: ""Benedetto sia l'Eterno, che oggi non ti ha fatto mancare un redentore, e il suo nome sia proclamato in Israele."""	E le donne dicevano a Naomi: “Benedetto l’Eterno, il quale non ha permesso che oggi ti mancasse un continuatore della tua famiglia! Il nome di lui sia celebrato in Israele!	The women said to Naomi, Blessed be the LORD who has not left you today without a redeemer, and may his name become renowned in Israel.
RUT 4:4	YELLOW	Y-anchor	orecchio		1.90	"E io ho detto: ""Ti farò sapere, dicendo: 'Compra davanti a quelli che siedono e davanti agli anziani del mio popolo; se vuoi riscattare, riscatta; ma se non vuoi riscattare, dichiaramelo, perché io sappia che non c'è altri oltre a te per riscattare, e io sono dopo di te.'"" E lui disse: ""Io riscatterò."""	Ho creduto bene d’informartene, e di dirti: Fanne acquisto in presenza degli abitanti del luogo e degli anziani del mio popolo. Se vuoi far valere il tuo diritto di riscatto, fallo; ma se non lo vuoi far valere, dimmelo, ond’io lo sappia; perché non c’è nessuno, fuori di te, che abbia il diritto di riscatto; e, dopo di te, vengo io”. Quegli rispose: “Farò valere il mio diritto”.	And I said, I will advertise your ear, saying, Buy in the presence of the people and in the presence of the elders of my people: if you will redeem, redeem; but if you will not redeem, then declare to me, for there is no one besides you to redeem, and I am after you. And he said, I will redeem.
RUT 4:7	YELLOW	Y-anchor	volto		2.17	E questo era il costume in passato in Israele riguardo al riscatto e alla ricompensa, per confermare ogni parola: un uomo si toglieva il suo calzare e lo dava al suo prossimo; e questa era la testimonianza in Israele.	Or v’era in Israele quest’antica usanza, per render valido un contratto di riscatto o di cessione di proprietà; uno si cavava la scarpa e la dava all’altro; era il modo di attestazione in Israele.	And this was formerly done in Israel concerning redemption and exchange: a man would remove his sandal and give it to his companion, and this was the testimony in Israel.
RUT 4:9	YELLOW	Y-anchor	giorno		1.71	"Boaz disse agli anziani e a tutto il popolo: ""Voi siete testimoni oggi che ho acquistato tutto ciò che apparteneva a Elimelec e tutto ciò che apparteneva a Kilion e a Maclon dalla mano di Noemi."""	Allora Boaz disse agli anziani e a tutto il popolo: “Voi siete oggi testimoni che io ho acquistato dalle mani di Naomi tutto quello che apparteneva a Elimelec, a Kilion ed a Mahlon,	"Boaz said to the elders and all the people, ""You are witnesses today that I have acquired all that belonged to Elimelech and all that belonged to Chilion and Mahlon from the hand of Naomi."""
SNG 2:3	YELLOW	Y-anchor	mela		2.62	Come un melo tra gli alberi della foresta, così è il mio zio tra i figli; alla sua ombra ho desiderato e mi sono seduta, e il suo frutto è dolce al mio palato.	Qual è un melo fra gli alberi del bosco, tal è l’amico mio fra i giovani. Io desidero sedermi alla sua ombra, e il suo frutto è dolce al mio palato.	Like an apple tree among the trees of the forest, so is my beloved among the sons; in his shade I delighted and sat, and his fruit is sweet to my taste.
SNG 4:3	YELLOW	Y-anchor	deserto		2.80	Come un filo di scarlatto sono le tue labbra, e il tuo parlare è amabile; come un pezzo di melagrana è la tua tempia, dietro la tua chioma.	Le tue labbra somigliano un filo di scarlatto, e la tua bocca è graziosa; le tue gote, dietro al tuo velo, son come un pezzo di melagrana.	Like a crimson thread your lips, and your speech is lovely; like a piece of pomegranate your temple within your locks.
SNG 4:8	YELLOW	Y-anchor	capo|capo		2.00	Vieni con me dal Libano, o sposa, con me dal Libano vieni; guarda dalla cima dell'Amana, dalla cima del Senir e dell'Ermon, dalle tane dei leoni, dai monti dei leopardi.	Vieni meco dal Libano, o mia sposa, vieni meco dal Libano! Guarda dalla sommità dell’Amana, dalla sommità del Senir e dell’Hermon, dalle spelonche de’ leoni, dai monti de’ leopardi.	With me from Lebanon come, my bride; with me from Lebanon come; look from the top of Amana, from the top of Senir and Hermon, from the dens of the lions, from the mountains of the leopards.
SNG 5:14	YELLOW	Y-anchor	dente		1.90	Le sue mani sono anelli d'oro, pieni di crisolito; il suo ventre è avorio lavorato, rivestito di zaffiri.	Le sue mani sono anelli d’oro, incastonati di berilli; il suo corpo è d’avorio terso, coperto di zaffiri.	His hands are rings of gold, filled with beryl; his belly is a mosaic of ivory, overlaid with sapphires.
SNG 6:5	YELLOW	Y-anchor	pelo		2.27	Distogli i tuoi occhi da me, poiché essi mi hanno sopraffatto; i tuoi capelli sono come un gregge di capre che sono scese dal Galaad.	Storna da me gli occhi tuoi, che mi turbano. I tuoi capelli son come una mandra di capre, sospese ai fianchi di Galaad.	Turn your eyes away from me, for they have overwhelmed me; your hair is like a flock of goats that have come down from Gilead.
SNG 7:4	YELLOW	Y-anchor	dente|ira		2.31	Il tuo collo è come la torre d'avorio, i tuoi occhi come stagni a Esebon, presso la porta di Bat-Rabbim, il tuo naso come la torre del Libano, che guarda verso il volto di Damasco.	Il tuo collo è come una torre d’avorio; i tuoi occhi son come le piscine d’Heshbon presso la porta di Bath-Rabbim. Il tuo naso e come la torre del Libano, che guarda verso Damasco.	Your neck is like the tower of ivory, your eyes like fish-pools of Heshbon by the gate of Bath-rabbim, your nose like the tower of Lebanon looking toward Damascus.
SNG 8:5	YELLOW	Y-anchor	mela		1.82	Chi è costei che sale dal deserto, appoggiata sul suo zio? Sotto il melo ti ho svegliato; là ti ha concepito tua madre, là ha concepito colei che ti ha partorito.	Chi è colei che sale dal deserto appoggiata all’amico suo? Io t’ho svegliata sotto il melo, dove tua madre t’ha partorito, dove quella che t’ha partorito, s’è sgravata di te.	Who is this coming up from the wilderness, leaning on her beloved? Under the apple tree I awakened you; there your mother was in labor with you; there she who bore you was in labor.
ZEC 13:8	YELLOW	Y-anchor	bocca		1.69	E avverrà in tutta la terra, oracolo dell'Eterno: due parti in essa saranno sterminate e periranno, e la terza vi rimarrà.	E in tutto il paese avverrà, dice l’Eterno, che i due terzi vi saranno sterminati, periranno ma l’altro terzo vi sarà lasciato.	And it shall come to pass in all the land, says the LORD, two parts therein shall be cut off and perish, and the third part shall remain therein.
ZEC 14:10	YELLOW	Y-anchor	terra		1.92	Tutto il paese sarà trasformato in pianura da Gheba a Rimmon, a mezzogiorno di Gerusalemme; e sarà innalzata e abitata nel suo luogo, dalla porta di Beniamino fino al luogo della prima porta, fino alla porta dell'angolo, e dalla torre di Cananeel fino ai torchi del re.	Tutto il paese sarà mutato in pianura da Gheba a Rimmon a mezzogiorno di Gerusalemme; e Gerusalemme sarà innalzata e abitata nel suo luogo, dalla porta di Beniamino al luogo della prima porta, la porta degli angoli, e dalla torre di Hananeel agli strettoi del re.	All the land shall turn as a wilderness from Geba to Rimmon southward of Jerusalem, and the plain shall extend and settle beneath it from the gate of Benjamin to the place of the first gate, to the gate of the corners, and from the tower of Hananeel to the king's winepresses.
ZEC 14:4	YELLOW	Y-anchor	olivo|volto|olivo		2.04	I suoi piedi si fermeranno in quel giorno sul monte degli Ulivi, che è di fronte a Gerusalemme verso oriente; e il monte degli Ulivi si spaccherà per la sua metà da oriente verso il mare, formando una valle grandissima; e la metà del monte si sposterà verso settentrione, e la sua metà verso mezzogiorno.	I suoi piedi si poseranno in quel giorno sul monte degli Ulivi ch’è dirimpetto a Gerusalemme a levante, e il monte degli Ulivi si spaccherà per il mezzo, da levante a ponente, sì da formare una gran valle, e metà del monte si ritirerà verso settentrione, e l’altra metà verso mezzogiorno.	And his legs shall stand on that day upon the Mount of Olives, which is before Jerusalem toward the east, and the Mount of Olives shall be split in its middle from east to west, a very great valley; and half of the mountain shall move toward the north, and half of it toward the south.
ZEC 1:21	YELLOW	Y-anchor	bocca		1.66	"Allora dissi: ""Che cosa vengono questi a fare?"" Ed egli disse, dicendo: ""Questi sono i corni che hanno disperso Giuda, così che nessun uomo ha alzato il suo capo; e questi sono venuti per spaventarli, per abbattere i corni delle nazioni che hanno alzato il corno contro la terra di Giuda per disperderla."""	E io dissi: “Questi, che vengono a fare?” Egli rispose e mi disse: “Quelle là son le corna che hanno disperso Giuda, sì che nessuno alzava più il capo; ma questi qui vengono per spaventarle, per abbattere le corna della nazioni, che hanno alzato il loro corno contro il paese di Giuda per disperderne gli abitanti”.	"Then I said, ""What are these coming to do?"" And he said, saying, ""These are the horns that scattered Judah, so that no man lifted up his head; and these have come to terrify them, to cast down the horns of the nations that lifted up a horn against the land of Judah to scatter it."""
ZEC 2:5	YELLOW	Y-anchor	oracolo		1.82	"""E sarò per lei"", dice l'Eterno, ""un muro di fuoco intorno, e sarò per gloria in mezzo a lei""."	e io, dice l’Eterno, sarò per lei un muro di fuoco tutt’attorno, e sarò la sua gloria in mezzo a lei.	And I will be to her, saith the LORD, a wall of fire round about, and for glory will I be in the midst of her.
ZEC 5:4	YELLOW	Y-anchor	falsità		2.05	"""L'ho fatta uscire"", oracolo dell'Eterno degli eserciti, ""ed essa entrerà nella casa del ladro e nella casa di chi giura falsamente nel mio nome; dimorerà in mezzo alla sua casa e la consumerà, con i suoi alberi e le sue pietre."""	Io la faccio uscire, dice l’Eterno degli eserciti, ed essa entrerà nella casa del ladro, e nella casa di colui che giura il falso nel mio nome; si stabilirà in mezzo a quella casa, e la consumerà col legname e le pietre che contiene”.	I have cast her out, saith the LORD of armies, and she shall enter into the house of the thief and into the house of him that sweareth falsely by my name; and she shall dwell in the midst of his house, and consume it with its timber and its stones.
ZEC 9:12	YELLOW	Y-anchor	giorno		1.40	Tornate alla fortezza, prigionieri della speranza; anche oggi dichiaro che ti restituirò il secondo.	Tornate alla fortezza, o voi prigionieri della speranza! Anch’oggi io ti dichiaro che ti renderò il doppio.	Return to the stronghold, you prisoners of hope; even today, I declare, I will restore double to you.
ZEP 1:13	YELLOW	Y-anchor	esercito		2.00	La loro ricchezza sarà per il bottino, e le loro case per la desolazione; ed edificheranno case, ma non le abiteranno, e pianteranno vigne, ma non berranno il loro vino.	Le loro ricchezze saranno abbandonate al saccheggio, e le loro case ridotte in una desolazione; essi avranno costruito delle case, ma non le abiteranno; avran piantato delle vigne, ma non ne berranno il vino.	Their wealth will become spoil, their houses desolation; they will build houses but not inhabit them, plant vineyards but not drink their wine.
ZEP 2:15	YELLOW	Y-anchor	vita		2.33	"Questa è la città gaudente che abitava in sicurezza, che diceva nel suo cuore: ""Io sono, e non c'è più alcuna estremità oltre a me"". Come è diventata una desolazione, una tana per le bestie! Tutto ciò che passa oltre di lei fischia e agita la sua mano."	Tale sarà la festante città, che se ne sta sicura, e dice in cuor suo: “Io, e nessun altro fuori di me!” Come mai è diventata una desolazione, un ricetto di bestie? Chiunque le passerà vicino fischierà e agiterà la mano.	The city that dwelt in assurance, saying in her heart, I am and none beside me: how has she become a desolation, a couching place for beasts? Every passerby hisses, shakes his hand.
1CH 10:8	YELLOW	Y-check	indomani	indomani	1.40	Il giorno dopo, i Filistei vennero a spogliare i cadaveri, e trovarono Saul e i suoi figli caduti sul monte Ghilboa.	L’indomani i Filistei vennero a spogliare gli uccisi, e trovarono Saul e i suoi figliuoli caduti sul monte Ghilboa.	And it came to pass on the morrow, that the Philistines came to strip the slain, and they found Saul and his sons fallen upon mount Gilboa.
1CH 16:11	YELLOW	Y-check	continuo	continuo	2.00	Cercate l'Eterno e la sua forza, cercate il suo volto continuamente.	Cercate l’Eterno e la sua forza, cercate del continuo la sua faccia!	Seek Jehovah and his strength, seek his face continually.
1CH 16:37	YELLOW	Y-check	continuo	continuo	2.27	E lasciò là, davanti al volto dell'arca del patto dell'Eterno, Asaf e i suoi fratelli, per servire davanti al volto dell'arca continuamente, secondo la parola di ogni giorno nel suo giorno.	Poi Davide lasciò quivi, davanti all’arca del patto dell’Eterno, Asaf e i suoi fratelli perché fossero del continuo di servizio davanti all’arca, secondo i bisogni d’ogni giorno.	So he left Asaph and his brothers before the ark of the covenant of the LORD to minister continually before the ark, attending to the duties of each day in its day.
1CH 16:6	YELLOW	Y-check	continuo	continuo	1.89	Benaia e Iacaziel, i sacerdoti, con trombe continuamente davanti al volto dell'arca del patto di Dio.	i sacerdoti Benaia e Jahaziel sonavano del continuo la tromba davanti all’arca del patto di Dio.	Benaiah and Jahaziel the priests continually with trumpets before the ark of the covenant of God.
1CH 23:31	YELLOW	Y-check	continuo	continuo	2.69	e per tutti gli olocausti da offrire all'Eterno, nei sabati, nei mesi nuovi e nelle tende di convegno, secondo il numero e il giudizio stabilito su di essi, continuamente davanti al volto dell'Eterno.	e per offrire del continuo davanti all’Eterno tutti gli olocausti, secondo il numero prescritto loro dalla legge, per i sabati, pei noviluni e per le feste solenni;	And for all burnt offerings ascending to the LORD, for the sabbaths, for the new moons, and for the appointed feasts, according to their number, as prescribed by ordinance, continually before the LORD.
1CH 26:8	YELLOW	Y-check	esercito|forza	forza	1.69	Tutti questi erano figli di Obed-Edom: essi, i loro figli e i loro fratelli, uomini valorosi e forti per il servizio; sessantadue erano di Obed-Edom.	Tutti questi erano figliuoli di Obed-Edom; essi, i loro figliuoli e i loro fratelli erano uomini valenti e pieni di forza per il servizio: sessantadue di Obed-Edom.	All these were sons of Obed-edom, they and their sons and their brothers, every man mighty in strength for service; sixty-two were for Obed-edom.
1KI 10:8	YELLOW	Y-check	continuo	continuo	1.82	Beati i tuoi uomini, beati questi tuoi servi, che stanno continuamente davanti al tuo volto, e ascoltano la tua sapienza.	Beata la tua gente, beati questi tuoi servi che stanno del continuo dinanzi a te, ed ascoltano la tua sapienza.	Blessed are your men, blessed are your servants, those who continually stand before you, who hear your wisdom.
1KI 17:6	YELLOW	Y-check	mattina	mattina	1.58	I corvi gli portavano pane e carne al mattino, e pane e carne alla sera; e beveva dal torrente.	E i corvi gli portavano del pane e della carne la mattina, e del pane e della carne la sera; e beveva al torrente.	And the raven brings him bread and flesh in the morning and bread and flesh in the evening, and from the stream he drinks.
1SA 14:25	YELLOW	Y-check	terra|volto	terra	1.67	E tutto il paese entrò nella foresta, e c'era miele sulla superficie del campo.	Or tutto il popolo giunse a una foresta, dove c’era del miele per terra.	And all the land came into the forest, and there was honey upon the surface of the field.
1SA 14:36	YELLOW	Y-check	mattina	mattina	1.58	"Saul disse: ""Scendiamo di notte dietro ai Filistei e saccheggiamoli fino alla luce del mattino, e non lasciamo tra loro alcun uomo."" E dissero: ""Fa' tutto ciò che è bene ai tuoi occhi."" Poi il sacerdote disse: ""Avviciniamoci qui a Dio."""	Poi Saul disse: “Scendiamo nella notte a inseguire i Filistei; saccheggiamoli fino alla mattina, e facciamo che non ne scampi uno”. Il popolo rispose: “Fa’ tutto quello che ti par bene”. Allora disse il sacerdote: “Accostiamoci qui a Dio”.	"Saul said, ""Go down after the Philistines by night and plunder them until morning light, and let no man be left among them."" And they said, ""Do whatever is good in your eyes."" Then the priest said, ""Come near here to God."""
1SA 15:12	YELLOW	Y-check	mattina|mano	mattina	2.16	"Samuele si alzò di buon mattino per andare incontro a Saul; e fu riferito a Samuele, dicendo: ""Saul è venuto al Carmelo, ed ecco, si è eretto un monumento; poi si è voltato, è passato oltre ed è sceso a Ghilgal."""	Poi si levò la mattina di buon’ora e andò incontro a Saul; e vennero a dire a Samuele: “Saul e andato a Carmel, ed ecco che vi s’è eretto un trofeo; poi se n’è ritornato e, passando più lungi, è sceso a Ghilgal”.	"Samuel rose early in the morning to meet Saul, and it was told to Samuel, saying, ""Saul has come to the Carmel and behold, he is setting up a monument for himself; then he turned and passed on and went down to Gilgal."""
1SA 19:11	YELLOW	Y-check	mattina	mattina	1.52	"Saul mandò messaggeri alla casa di Davide per sorvegliarlo e per ucciderlo al mattino; e Mical, sua donna, riferì a Davide, dicendo: ""Se questa notte non salvi la tua anima, domani sarai messo a morte."""	Saul inviò de’ messi a casa di Davide per tenerlo d’occhio e farlo morire la mattina dipoi; ma Mical, moglie di Davide, lo informò della cosa, dicendo: “Se in questa stessa notte non ti salvi la vita, domani sei morto”.	Saul sent messengers to David's house to guard him and to kill him in the morning, and Michal his wife told David, saying, If you do not save your life tonight, tomorrow you will be killed.
1SA 21:5	YELLOW	Y-check	giorno	giorno	1.62	"Davide rispose al sacerdote e gli disse: ""Certamente le donne ci sono state tenute lontane come nel tempo passato, quando sono uscito, e i vasi dei giovani erano santi, sebbene quella fosse una via profana; quanto più oggi sarà santificato nel vaso."""	Davide rispose al sacerdote: “Da che son partito, tre giorni fa, siamo rimasti senza donne; e quanto ai vasi della mia gente erano puri; e se anche la nostra incombenza è profana, essa sarà oggi santificata da quel che si porrà nei vasi.	"David answered the priest and said to him, ""Surely if women have been withheld from us as heretofore, when I went out, then the vessels of the young men were holy, even though it was a common way; how much more today, when the vessel will be sanctified?"""
1SA 25:37	YELLOW	Y-check	mattina|mezzo	mattina	1.88	E avvenne che al mattino, quando il vino era uscito da Nabal, sua donna gli raccontò queste parole, e il suo cuore morì dentro di lui, ed egli divenne come una pietra.	Ma la mattina, quando gli fu passata l’ebbrezza, la moglie raccontò a Nabal queste cose; allora gli si freddò il cuore, ed ei rimase come un sasso.	And it came to pass in the morning, when the wine had gone out of Nabal, that his wife told him these words, and his heart died within him, and he became as a stone.
1SA 28:1	YELLOW	Y-check	esercito	esercito	1.59	"In quei giorni i Filistei radunarono i loro accampamenti per la guerra, per combattere contro Israele. E Akis disse a Davide: ""Certo tu sai che uscirai con me nell'accampamento, tu e i tuoi uomini."""	Or avvenne in quei giorni che i Filistei radunarono i loro eserciti per muover guerra ad Israele. Ed Akis disse a Davide: “Sappi per cosa certa che verrai meco alla guerra, tu e la tua gente”. Davide rispose ad Akis:	"In those days the Philistines gathered their armies for war against Israel, and Achish said to David, ""You surely know that you and your men will go out with me to the army."""
1SA 31:8	YELLOW	Y-check	indomani	indomani	1.38	Il giorno seguente, i Filistei vennero a spogliare i caduti, e trovarono Saul e i suoi tre figli caduti sul monte Ghilboa.	L’indomani i Filistei vennero a spogliare i morti, e trovarono Saul e i suoi tre figliuoli caduti sul monte Ghilboa.	And it came to pass on the morrow, that the Philistines came to strip the slain, and they found Saul and his three sons fallen upon mount Gilboa.
2CH 20:27	YELLOW	Y-check	capo	capo	1.93	E tutti gli uomini di Giuda e di Gerusalemme, con Giosafat alla loro testa, tornarono a Gerusalemme con gioia, perché l'Eterno li aveva rallegrati riguardo ai loro nemici.	Tutti gli uomini di Giuda e di Gerusalemme, con a capo Giosafat, partirono con gioia per tornare a Gerusalemme, perché l’Eterno li avea ricolmi d’allegrezza, liberandoli dai loro nemici.	And all the men of Judah and Jerusalem returned with Jehoshaphat at their head to Jerusalem with joy, for the LORD had made them joyful over their enemies.
2CH 24:14	YELLOW	Y-check	continuo	continuo	1.93	E quando ebbero finito, portarono davanti al re e a Ioiadà il resto dell'argento, e ne fecero vasi per la casa dell'Eterno, vasi per il servizio e per gli olocausti, e mani, e vasi d'oro e d'argento; e offrivano olocausti nella casa dell'Eterno continuamente, tutti i giorni di Ioiadà.	E, quand’ebbero finito, portarono davanti al re e davanti a Jehoiada il rimanente del danaro, col quale si fecero degli utensili per la casa dell’Eterno: degli utensili per il servizio e per gli olocausti, delle coppe, e altri utensili d’oro e d’argento. E durante tutta la vita di Jehoiada, si offrirono del continuo olocausti nella casa dell’Eterno.	And when they had finished, they brought the rest of the silver before the king and Jehoiada, and he made it into vessels for the house of the LORD, vessels for ministering and for burnt offerings, and spoons, and vessels of gold and silver; and they continued to offer burnt offerings in the house of the LORD continually all the days of Jehoiada.
2CH 7:3	YELLOW	Y-check	figlio|ira|eternità	figlio	1.91	E tutto il popolo d'Israele, vedendo scendere il fuoco e la gloria dell'Eterno sulla casa, si inchinarono con la faccia a terra sul pavimento e si prostrarono, e resero grazie all'Eterno, perché è buono, perché la sua benignità dura in eterno.	Tutti i figliuoli d’Israele videro scendere il fuoco e la gloria dell’Eterno sulla casa, e si chinarono con la faccia a terra, si prostrarono sul pavimento, e lodarono l’Eterno, dicendo: “Celebrate l’Eterno, perch’egli è buono, perché la sua benignità dura in perpetuo”.	All the people of Israel saw the fire descending and the glory of the LORD upon the temple, and they bowed their faces to the ground on the pavement and prostrated themselves, and gave thanks to the LORD, for good, for everlasting is his mercy.
2CH 9:7	YELLOW	Y-check	continuo	continuo	1.91	Beati i tuoi uomini, e beati questi tuoi servi che stanno davanti al tuo volto continuamente e ascoltano la tua sapienza.	Beata la tua gente, beati questi tuoi servi che stanno del continuo dinanzi a te, ed ascoltano la tua sapienza!	Blessed are your people and blessed are your servants who stand before you continually and hear your wisdom.
2KI 10:9	YELLOW	Y-check	mattina	mattina	1.71	"E avvenne al mattino che egli uscì, si fermò e disse a tutto il popolo: ""Voi siete giusti; ecco, io ho congiurato contro il mio signore e l'ho ucciso, ma chi ha colpito tutti questi?"""	La mattina dopo, egli uscì fuori; e fermatosi, disse a tutto il popolo: “Voi siete giusti; ecco, io congiurai contro il mio signore, e l’uccisi; ma chi ha uccisi tutti questi?	"And it was in the morning, and he went out and stood and said to all the people, ""You are righteous; behold, I have taken hold of my lord and killed him, but who struck all these?"""
2KI 24:14	YELLOW	Y-check	prigione	prigione	1.57	E portò in esilio tutta Gerusalemme e tutti i capi e tutti i valorosi dell'esercito, diecimila esuli, e tutti gli artigiani e i fabbri; non rimase nessuno, se non i poveri del popolo della terra.	E menò in cattività tutta Gerusalemme, tutti i capi, tutti gli uomini valorosi, in numero di diecimila prigioni, e tutti i legnaiuoli e i fabbri; non vi rimase che la parte più povera della popolazione del paese.	And he exiled all Jerusalem and all the captains and all the mighty men of valour, ten thousand exiles, and all the craftsmen and the smiths; none remained except the poorest of the people of the land.
2KI 3:20	YELLOW	Y-check	mattina	mattina	1.92	E avvenne che al mattino, quando si offriva l'offerta, ecco, dell'acqua veniva dalla via di Edom, e la terra si riempì dell'acqua.	La mattina dopo, nell’ora in cui s’offre l’oblazione, ecco che l’acqua arrivò dal lato di Edom e il paese ne fu ripieno.	And it came to pass in the morning, at the time of the offering, that behold, waters were coming from the direction of Edom, and the land was filled with water.
2SA 15:11	YELLOW	Y-check	tutto	tutto	1.46	E con Assalonne andarono duecento uomini da Gerusalemme, invitati e andando nella loro integrità, e non sapevano alcuna parola.	E con Absalom partirono da Gerusalemme duecento uomini, i quali, essendo stati invitati, partirono in tutta la loro semplicità, senza saper nulla.	And two hundred men from Jerusalem went with Abishalom, called and walking in integrity, and they did not know any thing.
2SA 24:11	YELLOW	Y-check	mattina	mattina	1.67	Davide si alzò al mattino, e la parola dell'Eterno fu rivolta a Gad il profeta, veggente di Davide, dicendo:	E quando Davide si fu alzato la mattina, la parola dell’Eterno fu così rivolta al profeta Gad, il veggente di Davide:	David rose early in the morning, and the word of the LORD came to Gad the prophet, seer of David, saying:
AMO 4:4	YELLOW	Y-check	mattina	mattina	1.77	Venite a Betel e trasgredite, a Ghilgal moltiplicate la trasgressione; e portate al mattino i vostri sacrifici, ogni tre giorni le vostre decime.	Andate a Bethel, e peccate! a Ghilgal e peccate anche di più! Recate ogni mattina i vostri sacrifizi, e ogni tre giorni le vostre decime!	Come to Beth-el and transgress; to Gilgal multiply your transgression; and bring your sacrifices in the morning, your tithes every three days.
DEU 11:12	YELLOW	Y-check	continuo	continuo	2.00	Una terra della quale l'Eterno, il tuo Dio, ha cura; continuamente gli occhi dell'Eterno, il tuo Dio, sono su di essa, dal principio dell'anno fino alla fine dell'anno.	paese del quale l’Eterno, il tuo Dio, ha cura, e sul quale stanno del continuo gli occhi dell’Eterno, del tuo Dio, dal principio dell’anno sino alla fine.	a land which the LORD your God seeks, always the eyes of the LORD your God are on it from the beginning of the year until the end of the year.
DEU 17:18	YELLOW	Y-check	secondo	secondo	1.69	E sarà che, quando siederà sul trono del suo regno, scriverà per sé una copia di questa legge su un libro, davanti al volto dei sacerdoti leviti.	E quando s’insedierà sul suo trono reale, scriverà per suo uso in un libro, una copia di questa legge secondo l’esemplare dei sacerdoti levitici.	When he sits on the throne of his kingdom, he shall write for himself a copy of this law on a scroll from before the priests, the Levites.
DEU 32:49	YELLOW	Y-check	volto	volto	1.42	Sali su questo monte degli Abarim, il monte Nebo, che è nella terra di Moab, di fronte a Gerico, e guarda la terra di Canaan che io do ai figli d'Israele come possessione.	“Sali su questo monte di Abarim, sul monte Nebo, ch’è nel paese di Moab, di faccia a Gerico, e mira il paese di Canaan, ch’io do a possedere ai figliuoli d’Israele.	Go up to the mountain of the Abarim, that mountain, Mount Nebo, which is in the land of Moab, opposite Jericho, and see the land of Canaan that I am giving to the children of Israel for a possession.
EXO 12:15	YELLOW	Y-check	tutto	tutto	1.35	Sette giorni mangerete azzimi; ma nel primo giorno toglierete il lievito dalle vostre case, perché chiunque mangerà lievito, quell'anima sarà recisa da Israele, dal primo giorno fino al settimo giorno.	Per sette giorni mangerete pani azzimi. Fin dal primo giorno toglierete ogni lievito dalle vostre case; poiché, chiunque mangerà pane lievitato, dal primo giorno fino al settimo, sarà reciso da Israele.	Seven days you shall eat unleavened bread, but on the first day you shall remove leaven from your houses, for whoever eats leavened bread, that soul shall be cut off from Israel, from the first day to the seventh day.
EXO 16:13	YELLOW	Y-check	mattina|rapporto carnale	mattina	1.85	E fu di sera che le quaglie salirono e coprirono l'accampamento, e al mattino vi fu uno strato di rugiada intorno all'accampamento.	E avvenne, verso sera, che saliron delle quaglie, che ricopersero il campo; e, la mattina, c’era uno strato di rugiada intorno al campo.	And it came to pass in the evening that the quails came up and covered the camp, and in the morning there was a layer of dew round about the camp.
EXO 16:14	YELLOW	Y-check	volto	volto	2.00	Quando il rapporto carnale della rugiada fu salito, ecco, sulla superficie del deserto c'era una cosa fine e squamosa, fine come la coppa sulla terra.	E quando lo strato di rugiada fu sparito, ecco sulla faccia del deserto una cosa minuta, tonda, minuta come brina sulla terra.	And when the layer of dew lifted, behold, upon the face of the wilderness was a fine flaky substance, fine as hoar frost on the ground.
EXO 24:4	YELLOW	Y-check	mattina	mattina	1.58	Mosè scrisse tutte le parole dell'Eterno, e si alzò di buon mattino e costruì un altare ai piedi del monte, e dodici statue per le dodici tribù d'Israele.	Poi Mosè scrisse tutte le parole dell’Eterno; e, levatosi di buon’ora la mattina, eresse appiè del monte un altare e dodici pietre per le dodici tribù d’Israele.	Moses wrote down all the words of the LORD, and he rose early in the morning and built an altar at the foot of the mountain, and twelve pillars for the twelve tribes of Israel.
EXO 25:36	YELLOW	Y-check	lavorato al martello	lavorato al martello	2.22	I loro pomi e le loro canne saranno di essa; tutto sarà un unico lavoro al martello, d'oro puro.	Questi pomi e questi bracci saranno tutti d’un pezzo col candelabro; il tutto sarà d’oro fino lavorato al martello.	Their knops and their branches shall be of it; the whole shall be one beaten work of pure gold.
EXO 28:29	YELLOW	Y-check	continuo	continuo	1.65	Aronne porterà i nomi dei figli d'Israele sul pettorale del giudizio sopra il suo cuore, quando entrerà nel santo, come memoriale davanti al volto dell'Eterno, continuamente.	Così Aaronne porterà i nomi de’ figliuoli d’Israele incisi nel pettorale del giudizio, sul suo cuore, quando entrerà nel santuario, per conservarne del continuo la ricordanza dinanzi all’Eterno.	Aaron shall bear the names of the Israelites on the breastplate of judgment over his heart when he goes into the sanctuary, for a memorial before the LORD continually.
EXO 28:32	YELLOW	Y-check	capo	capo	2.06	E la sua bocca in cima sarà nel suo mezzo; un labbro sarà alla sua bocca tutto intorno, opera di tessitore, come la bocca di una corazza sarà per esso; non si strapperà.	Esso avrà, in mezzo, un’apertura per passarvi il capo; e l’apertura avrà all’intorno un’orlatura tessuta, come l’apertura d’una corazza, perché non si strappi.	And his mouth at the top of him shall be in the midst of him; a lip shall be to his mouth all around, a work of weaving, according to the pattern of a habergeon it shall be for him; it shall not be torn.
EXO 29:38	YELLOW	Y-check	continuo	continuo	1.55	E questo è ciò che farai sull'altare: due agnelli figli di un anno, per giorno, continuamente.	Or questo è ciò che offrirai sull’altare: due agnelli d’un anno, ogni giorno, del continuo.	And this is what you shall do on the altar: two lambs each year old every day continually.
EXO 29:39	YELLOW	Y-check	mattina	mattina	1.55	L'agnello uno lo farai al mattino, e l'agnello secondo lo farai tra le due sere.	Uno degli agnelli l’offrirai la mattina; e l’altro l’offrirai sull’imbrunire.	The lamb one you shall make in the morning and the lamb second you shall make between the evenings.
EXO 32:30	YELLOW	Y-check	indomani	indomani	1.33	"Il giorno seguente Mosè disse al popolo: ""Voi avete commesso un grande peccato; ora salirò all'Eterno, forse farò espiazione per il vostro peccato."""	L’indomani Mosè disse al popolo: “Voi avete commesso un gran peccato; ma ora io salirò all’Eterno; forse otterrò che il vostro peccato vi sia perdonato”.	And it came to pass on the morrow, that Moses said unto the folk, Ye have sinned a great sin; and now I will go up unto the LORD, perhaps I may make atonement for your sin.
EXO 7:15	YELLOW	Y-check	mattina	mattina	1.89	Va' dal Faraone al mattino; ecco, egli esce verso l'acqua, e ti porrai davanti a lui sul labbro del fiume, e prenderai nella tua mano la tribù che si è mutata in serpente.	egli rifiuta di lasciar andare il popolo. Va’ da Faraone domani mattina; ecco, egli uscirà per andare verso l’acqua; tu sta’ ad aspettarlo sulla riva del fiume, e prendi in mano il bastone ch’è stato mutato in serpente.	Go to Pharaoh in the morning; behold, he is going out to the water, and you shall stand before him by the bank of the river, and the rod that became a serpent you shall take in your hand.
EXO 9:6	YELLOW	Y-check	indomani	indomani	1.62	L'Eterno fece questa parola il giorno seguente, e morì tutto il bestiame degli Egiziani; ma del bestiame dei figli d'Israele non morì neppure uno.	E l’indomani l’Eterno lo fece, e tutto il bestiame d’Egitto morì; ma del bestiame dei figliuoli d’Israele neppure un capo morì.	And the LORD did this act the next day, and all the cattle of Egypt died, but of the cattle of the children of Israel not one died.
EZK 12:8	YELLOW	Y-check	mattina	mattina	1.67	La parola dell'Eterno mi fu rivolta al mattino, dicendo:	E la mattina la parola dell’Eterno mi fu rivolta in questi termini:	The word of the LORD came to me in the morning, saying:
EZK 16:31	YELLOW	Y-check	capo	capo	1.93	Quando costruisti il tuo dorso in cima a ogni via e facesti la tua altura in ogni piazza, non fosti come la prostituta, perché disprezzasti il salario.	Quando ti costruivi il bordello a ogni capo di strada e ti facevi gli alti luoghi in ogni piazza pubblica, tu non eri come una prostituta, giacché sprezzavi il salario,	When you built your vaulted place at the head of every way and made your high place in every broad place, you were not like a prostitute, because you scorned hire.
EZK 33:22	YELLOW	Y-check	mattina	mattina	2.10	La mano dell'Eterno fu su di me la sera, prima del volto del fuggiasco che veniva, ed egli aprì la mia bocca fino al mattino quando egli venne a me; e la mia bocca fu aperta, e non fui più muto.	La sera avanti la venuta del fuggiasco, la mano dell’Eterno era stata sopra di me, ed egli m’aveva aperta la bocca, prima che quegli venisse a me la mattina; la bocca mi fu aperta, ed io non fui più muto.	And the hand of the LORD was upon me in the evening before the fugitive came, and he opened my mouth until the morning when he came to me, and my mouth was opened and I was no longer mute.
GEN 24:54	YELLOW	Y-check	mattina	mattina	2.25	"Mangiarono e bevvero, lui e gli uomini che erano con lui, e passarono la notte; poi si alzarono al mattino, e disse: ""Lasciatemi andare dal mio signore."""	Poi mangiarono e bevvero, egli e gli nomini ch’eran con lui, e passaron quivi la notte. La mattina, quando si furono levati, il servo disse: “Lasciatemi tornare al mio signore”.	"They ate and drank, he and the men who were with him, and they lodged; and they rose in the morning, and he said, ""Send me to my lord."""
GEN 29:25	YELLOW	Y-check	mattina	mattina	1.50	"Al mattino, ecco, era Lia; e disse a Laban: ""Che cosa mi hai fatto? Non ho forse servito con te per Rachele? Perché dunque mi hai ingannato?"""	L’indomani mattina, ecco che era Lea. E Giacobbe disse a Labano: “Che m’hai fatto? Non è egli per Rachele ch’io t’ho servito? Perché dunque m’hai ingannato?”	And it was in the morning, and behold, she was Leah; and he said to Laban, What is this you have done to me? Was it not for Rachel that I served with you? Why then have you deceived me?
GEN 37:32	YELLOW	Y-check	veste variopinta	veste variopinta	1.53	"Mandarono la tunica variopinta e la portarono al loro padre, e dissero: ""Questo abbiamo trovato; riconosci ora se è la tunica di tuo figlio o no."""	Poi mandarono uno a portare al padre loro la veste lunga con le maniche, e gli fecero dire: “Abbiam trovato questa veste; vedi tu se sia quella del tuo figliuolo, o no”.	"They sent the coat of divers colours and brought it to their father and said, ""This we have found; recognize, please, whether this coat of your son is his or not."""
GEN 40:6	YELLOW	Y-check	mattina	mattina	1.62	Giuseppe venne da loro al mattino e li guardò, ed ecco, erano abbattuti.	Giuseppe, venuto la mattina da loro, li guardò, ed ecco, erano conturbati.	Joseph came to them in the morning and saw them, and behold, they were distressed.
GEN 41:8	YELLOW	Y-check	mattina	mattina	1.95	E avvenne che al mattino il suo spirito fu turbato, ed egli mandò a chiamare tutti i magi d'Egitto e tutti i suoi savi; e il Faraone raccontò loro il suo sogno, ma non vi fu chi lo interpretasse per il Faraone.	La mattina, lo spirito di Faraone fu conturbato; ed egli mandò a chiamare tutti i magi e tutti i savi d’Egitto, e raccontò loro i suoi sogni; ma non ci fu alcuno che li potesse interpretare a Faraone.	And it came to pass in the morning that his spirit was troubled, and he sent and called for all the magicians of Egypt and all its wise men; and Pharaoh told them his dream, but none could interpret it for Pharaoh.
GEN 49:27	YELLOW	Y-check	mattina	mattina	1.89	Beniamino è un lupo che sbrana; al mattino mangerà la preda, e alla sera dividerà il bottino.	Beniamino è un lupo rapace; la mattina divora la preda, e la sera spartisce le spoglie”.	Benjamin is a wolf that seizes prey; in the morning he devours the prey, and in the evening he divides the spoil.
HOS 4:5	YELLOW	Y-check	giorno	giorno	2.00	E inciamperai oggi, e inciamperà anche il profeta con te di notte, e ridurrò al silenzio tua madre.	Perciò tu cadrai di giorno, e anche il profeta cadrà con te di notte; e io distruggerò tua madre.	And you will stumble today, and the prophet will also stumble with you at night, and I will strike your mother.
HOS 7:6	YELLOW	Y-check	mattina	mattina	1.93	Poiché hanno reso il loro cuore come un forno nel loro agguato; tutta la notte dorme il loro fornaio; al mattino esso arde come fuoco di fiamma.	Nelle loro insidie, essi rendono il cuor loro simile ad un forno; il loro fornaio dorme tutta la notte, e la mattina il forno arde come un fuoco divampante.	For their heart is like an oven when they lie in ambush; all night their baker sleeps; in the morning it burns like a flaming fire.
ISA 21:8	YELLOW	Y-check	continuo	continuo	1.60	"Il leone gridò: ""Sul torre di guardia del Signore io sto continuamente di giorno, e sulla mia custodia io sono fermo tutte le notti."""	Poi gridò come un leone: “O Signore, di giorni io sto del continuo sulla torre di vedetta, e tutte le notti sono in piè nel mio posto di guardia.	"A (young) lion calls from the watch tower: ""My Lord, I am standing always by day, and on my watch I stand every night season."""
ISA 32:10	YELLOW	Y-check	giorno	giorno	1.82	Tra poco più di un anno tremerete, o donne fiduciose, perché la vendemmia verrà meno, e la raccolta non giungerà.	Fra una anno e qualche giorno, voi tremerete, o donne troppo fiduciose, poiché la vendemmia è ita, e non si farà raccolta.	In little more than a year you shall tremble, you complacent women; for the vintage shall fail, and the gathering shall not come.
ISA 33:3	YELLOW	Y-check	voce	voce	2.00	Al rumore della moltitudine i popoli fuggirono; alla tua esaltazione le nazioni furono disperse.	Alla tua voce tonante fuggono i popoli, quando tu sorgi si disperdon le nazioni.	At the sound of the tumult nations are driven away; at your self-exaltation peoples are shattered.
ISA 52:5	YELLOW	Y-check	continuo	continuo	2.11	"""E ora, che ho qui?"", dice l'oracolo dell'Eterno, ""poiché il mio popolo è stato preso per nulla? I loro dominatori fanno loro urlare"", dice l'oracolo dell'Eterno, ""e continuamente, tutto il giorno, il mio nome è disprezzato."""	Ed ora che faccio io qui, dice l’Eterno, quando il mio popolo è stato portato via per nulla? Quelli che lo dominano mandano urli, dice l’Eterno, e il mio nome è del continuo, tutto il giorno schernito;	Now therefore, what have I here, says the LORD, that my people are taken away for nothing? Those who rule over them make them wail, says the LORD, and my name is continually despised all the day.
ISA 63:15	YELLOW	Y-check	santo	santo	2.71	Guarda dal cielo e vedi, dalla dimora della tua santità e della tua gloria: dov'è la tua gelosia e la tua potenza? La moltitudine del tuo ventre e le tue compassioni verso di me si sono trattenute.	Guarda dal cielo, e mira, dalla tua dimora santa e gloriosa: Dove sono il tuo zelo, i tuoi atti potenti? Il fremito delle tue viscere e le tue compassioni non si fan più sentire verso di me.	Look down from heaven and see, from the dwelling of your holiness and your glory: where is your zeal and your mighty power? The abundance of your inner parts and your tender mercies are held back from me.
ISA 65:3	YELLOW	Y-check	continuo	continuo	1.55	Il popolo che mi provoca sul mio volto continuamente, sacrificando nei giardini e bruciando incenso sui mattoni.	verso un popolo che del continuo mi provoca sfacciatamente ad ira, che offre sacrifizi nei giardini e fa fumare profumi sui mattoni;	The people who continually anger me to my face, sacrificing in gardens and burning incense on bricks.
JDG 11:39	YELLOW	Y-check	fine	fine	1.65	E dopo due mesi ella tornò da suo padre, ed egli compì su di lei il voto che aveva fatto; ed ella non aveva conosciuto uomo, e ciò divenne uno statuto in Israele.	Alla fine dei due mesi, ella tornò da suo padre; ed egli fece di lei quello che avea promesso con voto. Ella non avea conosciuto uomo. Di qui venne in Israele	After two months she returned to her father, who carried out the vow he had made concerning her; she had not known any man, and it became an ordinance in Israel.
JDG 19:27	YELLOW	Y-check	mattina	mattina	2.17	Il suo signore si alzò al mattino, aprì le porte della casa, e uscì per andare per la sua via; ed ecco, la donna, la sua concubina, giaceva caduta all'ingresso della casa, con le sue mani sulla soglia.	Il suo marito, la mattina, si levò, aprì la porta di casa e uscì per continuare il suo viaggio, quand’ecco la donna, la sua concubina, giacer distesa alla porta di casa, con le mani sulla soglia.	His master rose in the morning, opened the doors of the house, and went out to go on his way, and behold, the woman, his concubine, lay fallen at the threshold of the house, her hands upon the doorpost.
JDG 20:19	YELLOW	Y-check	mattina	mattina	1.86	I figli d'Israele si alzarono al mattino e si accamparono contro Ghibea.	E l’indomani mattina, i figliuoli d’Israele si misero in marcia e si accamparono presso Ghibea.	The sons of Israel rose early in the morning and camped against Gibeah.
JDG 6:28	YELLOW	Y-check	mattina	mattina	2.21	Gli uomini della città si alzarono presto al mattino, ed ecco che l'altare di Baal era stato demolito, e l'Asera che era sopra di esso era stata tagliata, e il secondo giovenco era stato offerto in olocausto sull'altare costruito.	E quando la gente della città l’indomani mattina si levò, ecco che l’altare di Baal era stato demolito, che l’idolo postovi accanto era abbattuto, e che il secondo toro era offerto in olocausto sull’altare ch’era stato costruito.	The men of the city rose early in the morning and saw that the altar of Baal was broken down, and the grove that was on it cut down, and the second young bull offered upon the built altar.
JER 18:16	YELLOW	Y-check	tutto	tutto	2.27	per fare della loro terra una desolazione, un fischio di scherno per l'eternità; chiunque passi su di essa sarà atterrito e scuoterà il capo.	e per far così del loro paese una desolazione, un oggetto di perpetuo scherno; talché tutti quelli che vi passano rimangono stupiti e scuotono il capo.	To make their land a desolation forever; everyone passing over it will be appalled and shake his head.
JER 23:9	YELLOW	Y-check	santo	santo	2.44	Per i profeti il mio cuore è spezzato in mezzo a me, tutte le mie ossa tremano; sono diventato come un uomo ubriaco, e come un uomo vinto dal vino, a causa del volto dell'Eterno e a causa delle parole della sua santità.	Contro i profeti. Il cuore mi si spezza in seno, tutte le mie ossa tremano; io sono come un ubriaco, come un uomo sopraffatto dal vino, a cagione dell’Eterno e a cagione delle sue parole sante.	My heart is broken within me; all my bones tremble; I am like a man overcome, and like a mighty man overcome with wine, because of the LORD and because of the words of his holiness.
JER 2:33	YELLOW	Y-check	male	male	1.58	Quanto bene rendi bella la tua via per cercare amore! Perciò anche alle malvage hai insegnato le tue vie.	Come sei brava a trovar la via per correr dietro ai tuoi amori! Perfino alle male femmine hai insegnato i tuoi modi!	How well you direct your way to seek love! Therefore you have even taught the wicked women your ways.
JER 32:44	YELLOW	Y-check	intorno	intorno	2.00	Campi con argento compreranno, e scriveranno nel libro e sigilleranno, e faranno testimoniare testimoni, nella terra di Beniamino e nei dintorni di Gerusalemme e nelle città di Giuda e nelle città del monte e nelle città della pianura e nelle città del mezzogiorno, perché farò tornare la loro cattività, oracolo dell'Eterno.	Si compreranno de’ campi con danaro, se ne scriveranno gli atti, si sigilleranno, si chiameranno testimoni, nel paese di Beniamino e ne’ luoghi intorno a Gerusalemme, nelle città di Giuda, nelle città della contrada montuosa, nelle città della pianura, nelle città del mezzogiorno; poiché io farò tornare quelli che sono in cattività, dice l’Eterno”.	Fields with silver they shall buy, and write in the scroll and seal, and the witnesses shall witness, in the land of Benjamin and in the surroundings of Jerusalem and in the cities of Judah and in the cities of the hill country and in the cities of the low country and in the cities of the south, for I will restore their captivity, says the LORD.
JER 41:16	YELLOW	Y-check	guerra	guerra	1.44	Allora Giovanni figlio di Kareah e tutti i capi dell'esercito che erano con lui presero tutto il resto del popolo che egli aveva ricondotto da Ismaele figlio di Netania, da Mitspa, dopo che egli aveva colpito Ghedalia figlio di Achikam: uomini, donne, bambini ed eunuchi, che egli aveva ricondotto da Gabaon.	E Johanan, figliuolo di Kareah, e tutti i capi delle forze ch’erano con lui, presero tutto il rimanente del popolo, che Ismael, figliuolo di Nethania, aveva menati via da Mitspa, dopo ch’egli ebbe ucciso Ghedalia, figliuolo d’Ahikam: uomini, gente di guerra, donne, fanciulli, eunuchi; e li ricondussero da Gabaon;	Johanan son of Careah and all the captains of the forces who were with him took all the remnant of the people whom he had recovered from Ishmael son of Nethaniah, from Mizpah, after he had struck Gedaliah son of Ahikam, men, women, children, and officers whom they had brought back from Gibeon.
JOB 34:20	YELLOW	Y-check	notte	notte	1.82	In un istante muoiono, e a mezzanotte il popolo è scosso e passa, e i potenti sono rimossi senza mano.	In un attimo, essi muoiono; nel cuor della notte, la gente del popolo è scossa e scompare, i potenti son portati via, senza man d’uomo.	Suddenly they die, at midnight the people tremble and pass on, and the mighty are removed without a hand.
JOS 19:11	YELLOW	Y-check	volto	volto	1.77	Il loro confine saliva verso il mare e a Mareala, e toccava Dabbeset, e giungeva al torrente che è di fronte a Iokneam.	Questo confine saliva a occidente verso Mareala e giungeva a Dabbesceth, e poi al torrente che scorre di faccia a Iokneam.	Their border went up to the west and Maralah, touched Dabbesheth, and reached the brook that is before Jokneam.
JOS 6:12	YELLOW	Y-check	mattina	mattina	1.75	Giosuè si alzò di buon mattino, e i sacerdoti presero l'arca dell'Eterno.	Giosuè si levò la mattina di buon’ora, e i sacerdoti presero l’arca dell’Eterno.	And Joshua rose early in the morning, and the priests took up the ark of the LORD.
LEV 1:10	YELLOW	Y-check	pecora	pecora	1.54	E se la sua offerta è dal gregge, dagli agnelli o dalle capre, per olocausto, offrirà un maschio senza difetto.	Se la sua offerta è un olocausto di capi di gregge, di pecore o di capre, offrirà un maschio senza difetto.	And if his offering is from the flock, from lambs or from goats, for a burnt offering, he shall offer it, a male without blemish.
LEV 24:3	YELLOW	Y-check	strada|continuo	continuo	1.82	Fuori dal velo della testimonianza, nella tenda di convegno, Aronne lo disporrà dalla sera alla mattina davanti al volto dell'Eterno, continuamente; è uno statuto di eternità per le vostre generazioni.	Aaronne lo preparerà nella tenda di convegno, fuori del velo che sta davanti alla testimonianza, perché le lampade ardano del continuo, dalla sera al mattino, davanti all’Eterno. E’ una legge perpetua, di generazione in generazione.	Outside the vail of the testimony, in the tent of meeting, Aaron shall arrange it from evening to morning before the LORD continually, a perpetual statute for your generations.
LEV 24:4	YELLOW	Y-check	continuo	continuo	1.33	Sul candelabro puro disporrà le lampade davanti al volto dell'Eterno, continuamente.	Egli le disporrà sul candelabro d’oro puro, perché ardano del continuo davanti all’Eterno.	Upon the pure candlestick shall he arrange the lamps before the LORD continually.
LEV 24:8	YELLOW	Y-check	continuo	continuo	2.00	Nel giorno del sabato, nel giorno del sabato, lo disporrà davanti al volto dell'Eterno, continuamente, da parte dei figli d'Israele, un patto di eternità.	Ogni giorno di sabato si disporranno i pani davanti all’Eterno, del continuo; saranno forniti dai figliuoli d’Israele; è un patto perpetuo.	On the sabbath day, every sabbath day, they shall set it before the LORD continually, from the children of Israel, an everlasting covenant.
LEV 6:20	YELLOW	Y-check	mattina	mattina	2.26	Questa è l'offerta di Aronne e dei suoi figli, che offriranno all'Eterno nel giorno in cui egli sarà unto: un decimo di efa di fior di farina come offerta continua, metà di essa al mattino e metà di essa alla sera.	“Questa è l’offerta che Aaronne e i suoi figliuoli faranno all’Eterno il giorno che riceveranno l’unzione: un decimo d’efa di fior di farina, come oblazione perpetua, metà la mattina e metà la sera.	This is the oblation of Aaron and his sons which they shall offer to the LORD on the day he is anointed: a tenth of an ephah of fine flour as a continual offering, half of it in the morning and half of it in the evening.
NAM 3:19	YELLOW	Y-check	continuo	continuo	1.94	Non c'è rimedio alla tua rovina, la tua piaga è incurabile; tutti quelli che odono la tua fama battono le mani su di te, perché su chi non è passato continuamente il tuo male?	Non v’è rimedio per la tua ferita; la tua piaga è grave; tutti quelli che udranno parlare di te batteranno le mani alla tua sorte; poiché su chi non è passata del continuo la tua malvagità?	There is no healing for your affliction, a wound incurable is your destruction; all who hear your report will clap the hand over you, for upon whom has not your evil continually passed?
NUM 17:13	YELLOW	Y-check	tutto	tutto	1.60	Chiunque si avvicina, chiunque si avvicina al tabernacolo dell'Eterno, morirà; dobbiamo forse essere completamente consumati?	Chiunque s’accosta, chiunque s’accosta al tabernacolo dell’Eterno, muore; dovrem perire tutti quanti?”	Every one who comes near to the dwelling place of the LORD shall die; will you indeed be consumed?
NUM 17:8	YELLOW	Y-check	indomani	indomani	1.79	Il giorno seguente Mosè entrò nella tenda della testimonianza, ed ecco, la tribù di Aronne per la casa di Levi era fiorita: aveva prodotto un fiore, aveva sbocciato un fiore, e aveva maturato mandorle.	E avvenne, l’indomani, che Mosè entrò nella tenda della testimonianza; ed ecco che la verga d’Aaronne per la casa di Levi aveva fiorito, gettato dei bottoni, sbocciato dei fiori e maturato delle mandorle.	And it came to be on the next day that Moses entered the tent of the testimony, and behold, the rod of Aaron for the house of Levi had sprouted, and it brought forth a blossom, and it produced almonds.
NUM 21:13	YELLOW	Y-check	lato	lato	1.83	Di là partirono e si accamparono al di là dell'Arnon, che è nel deserto, uscendo dal confine dell'Amoreo; poiché l'Arnon è il confine di Moab, tra Moab e l'Amoreo.	Poi si partirono di là e si accamparono dall’altro lato dell’Arnon, che scorre nel deserto e nasce sui confini degli Amorei: poiché l’Arnon e il confine di Moab, fra Moab e gli Amorei.	From there they journeyed and camped beyond the Arnon, which is in the wilderness, extending from the border of the Amorite, for the Arnon is the border of Moab, between Moab and the Amorite.
NUM 22:13	YELLOW	Y-check	mattina	mattina	1.56	"Balaam si alzò al mattino e disse ai capi di Balak: ""Andate nella vostra terra, perché l'Eterno ha rifiutato di lasciarmi andare con voi."""	Balaam si levò, la mattina, e disse ai principi di Balak: “Andatevene al vostro paese, perché l’Eterno m’ha rifiutato il permesso di andare con voi”.	"Balaam arose in the morning and said to the chiefs of Balak, ""Go to your land, for the LORD has refused to let me go with you."""
NUM 22:21	YELLOW	Y-check	mattina	mattina	1.60	Balaam si alzò al mattino, sellò la sua asina e andò con i capi di Moab.	Balaam quindi si levò la mattina, sellò la sua asina, e se ne andò coi principi di Moab.	And Balaam rose up in the morning and saddled his she ass and went with the princes of Moab.
NUM 28:4	YELLOW	Y-check	mattina	mattina	1.36	Un agnello farai al mattino, e il secondo agnello lo farai tra le due sere.	Uno degli agnelli offrirai la mattina, e l’altro agnello offrirai sull’imbrunire:	One lamb you shall prepare in the morning, and the second lamb you shall prepare between the evenings.
OBA 1:16	YELLOW	Y-check	continuo	continuo	1.53	Poiché come avete bevuto sul mio santo monte, berranno tutte le nazioni continuamente; berranno e inghiottiranno, e saranno come se non fossero state.	Poiché come voi avete bevuto sul mio monte santo, così berranno tutte le nazioni, del continuo; berranno, inghiottiranno, e saranno come se non fossero mai state.	For as you drank upon my holy hill, so shall all the nations drink continually, and they shall drink and stagger and be as though they had never been.
PRO 15:14	YELLOW	Y-check	bocca	bocca	1.50	Il cuore intelligente cerca conoscenza, ma il volto degli stolti pasce follia.	Il cuor dell’uomo intelligente cerca la scienza, ma la bocca degli stolti si pasce di follia.	A discerning heart seeks knowledge, but the mouths of fools feed on folly.
PRO 6:21	YELLOW	Y-check	continuo	continuo	1.43	Legali continuamente sul tuo cuore; avvolgili attorno al tuo collo.	tienteli del continuo legati sul cuore e attaccati al collo.	Bind them continually upon your heart; tie them around your neck.
PSA 105:4	YELLOW	Y-check	continuo	continuo	2.00	Cercate l'Eterno e la sua forza; cercate il suo volto continuamente.	Cercate l’Eterno e la sua forza, cercate del continuo la sua faccia!	Seek Jehovah and his strength; seek his face continually.
PSA 109:15	YELLOW	Y-check	continuo	continuo	1.86	Siano sempre davanti all'Eterno, ed egli recida dalla terra la loro memoria.	Sian quei peccati del continuo davanti all’Eterno, e faccia egli sparire dalla terra la di lui memoria,	Let them be before the LORD always, and may he cut off their remembrance from the land.
PSA 119:109	YELLOW	Y-check	continuo	continuo	2.50	La mia anima è nella mia mano continuamente, e non ho dimenticato la tua legge.	La vita mia è del continuo in pericolo ma io non dimentico la tua legge.	My soul is in my hand continually, and I have not forgotten your law.
PSA 119:44	YELLOW	Y-check	continuo	continuo	2.40	E osserverò la tua legge continuamente, per l'eternità e per sempre.	Ed io osserverò la tua legge del continuo, in sempiterno.	And I will keep your law always, for ever and ever.
PSA 143:8	YELLOW	Y-check	mattina	mattina	2.07	Fammi udire al mattino la tua benignità, perché in te ho confidato; fammi conoscere la via per la quale devo camminare, perché a te ho elevato l'anima mia.	Fammi sentire la mattina la tua benignità, poiché in te mi confido; fammi conoscer la via per la quale devo camminare, poiché io elevo l’anima mia a te.	Make me hear your mercy in the morning, for in you I have trusted; make me know the way in which I should walk, for to you I have lifted up my soul.
PSA 25:15	YELLOW	Y-check	continuo	continuo	1.78	I miei occhi sono continuamente verso l'Eterno, perché egli trarrà i miei piedi dalla rete.	I miei occhi son del continuo verso l’Eterno, perch’egli è quel che trarrà i miei piedi dalla rete.	My eyes are continually toward the LORD, for he will bring my feet out of the net.
PSA 34:1	YELLOW	Y-check	continuo	continuo	2.12	Di Davide, quando cambiò il suo giudizio davanti al volto di Abimelec, e lo scacciò, ed egli se ne andò. Benedirò l'Eterno in ogni tempo; la sua lode sarà continuamente nella mia bocca.	Di Davide, quando si finse insensato davanti ad Abimelec e, cacciato da lui, se ne andò. Io benedirò l’Eterno in ogni tempo; la sua lode sarà del continuo nella mia bocca.	Of David, when he changed his behavior before Abimelech, and he drove him away, and he went. I will bless the LORD at all times; his praise is continually in my mouth.
PSA 35:27	YELLOW	Y-check	continuo	continuo	2.27	"Cantino e gioiscano quelli che si dilettano nella mia giustizia, e dicano continuamente: ""Sia magnificato l'Eterno, che si compiace nella pace del suo servo."""	Cantino e si rallegrino quelli che si compiacciono della mia giustizia, e dican del continuo: Magnificato sia l’Eterno che vuole la pace del suo servitore!	"Let them sing and rejoice, those who delight in justice; and let them say continually, ""May the LORD be magnified, who delights in the peace of his servant."""
PSA 40:16	YELLOW	Y-check	continuo	continuo	2.09	"Gioiscano e si rallegrino in te tutti quelli che ti cercano; dicano continuamente: ""Sia magnificato l'Eterno"", quelli che amano la tua salvezza."	Gioiscano e si rallegrino in te, tutti quelli che ti cercano; quelli che amano la tua salvezza dicano del continuo: Sia magnificato l’Eterno!	"Let all who seek you rejoice and be glad in you; let those who love your salvation say continually, ""The LORD be magnified."""
PSA 50:8	YELLOW	Y-check	continuo	continuo	2.29	Non ti rimprovero per i tuoi sacrifici, e i tuoi olocausti sono davanti a me continuamente.	Io non ti riprenderò a motivo de’ tuoi sacrifizi; i tuoi olocausti stanno dinanzi a me del continuo.	I do not rebuke you for your offerings, nor are your burnt offerings continually before me.
PSA 70:4	YELLOW	Y-check	continuo	continuo	2.09	"Gioiscano e si rallegrino in te tutti quelli che ti cercano; e dicano continuamente quelli che amano la tua salvezza: ""Sia esaltato Dio""."	Gioiscano e si rallegrino in te, tutti quelli che ti cercano; e quelli che amano la tua salvezza dicano del continuo: Sia magnificato Iddio!	"Let all who seek you rejoice and be glad in you; let those who love your salvation continually say, ""God is great!"""
PSA 71:14	YELLOW	Y-check	continuo	continuo	1.57	Ma io continuamente spererò, e aggiungerò a tutta la tua lode.	Ma io spererò del continuo, e a tutte le tue lodi ne aggiungerò delle altre.	But I always will hope, and increase upon all thy praise.
PSA 72:15	YELLOW	Y-check	continuo	continuo	1.91	Viva, e gli si dia dell'oro di Sceba, e si preghi per lui continuamente; tutto il giorno lo si benedica.	Egli vivrà; e a lui sarà dato dell’oro di Sceba, e la gente pregherà per lui tuttodì, lo benedirà del continuo.	May he live and receive from the gold of Sheba, and may one pray for him continually; all the day long may he be blessed.
PSA 73:23	YELLOW	Y-check	continuo	continuo	2.17	Ma io sono sempre con te; tu hai preso la mia mano destra.	Ma pure, io resto del continuo con te; tu m’hai preso per la man destra;	But I am always with you; you hold me by the right hand.
PSA 74:7	YELLOW	Y-check	fuoco	fuoco	2.29	Hanno dato alle fiamme il tuo santuario; hanno profanato sulla terra il tabernacolo del tuo nome.	Hanno appiccato il fuoco al tuo santuario, han profanato, gettandola a terra, la dimora del tuo nome.	Send fire into your sanctuary, defile the dwelling of your name upon the land.
PSA 88:13	YELLOW	Y-check	mattina	mattina	2.43	Ma io a te, o Eterno, ho gridato, e al mattino la mia preghiera ti viene incontro.	Ma, quant’è a me, o Eterno, io grido a te, e la mattina la mia preghiera ti viene incontro.	But as for me, to you, O the LORD, I cry out, and in the morning my prayer comes before you.
PSA 90:6	YELLOW	Y-check	mattina	mattina	1.83	Al mattino fiorisce e passa; alla sera è recisa e secca.	la mattina essa fiorisce e verdeggia, la sera è segata e si secca.	In the morning it sprouts and passes; in the evening it is cut down and withers.
PSA 92:2	YELLOW	Y-check	mattina	mattina	2.60	Per annunciare al mattino la tua benignità, e la tua fedeltà nelle notti.	proclamare la mattina la tua benignità, e la tua fedeltà ogni notte,	To declare your mercy in the morning and your faithfulness at night.
RUT 3:14	YELLOW	Y-check	mattina	mattina	1.94	"Ella giacque ai suoi piedi fino al mattino, e si alzò prima che un uomo potesse riconoscere il suo prossimo. Ed egli disse: ""Non si sappia che la donna è venuta all'aia."""	Ed ella rimase coricata ai suoi piedi fino alla mattina; poi si alzò, prima che due si potessero riconoscere l’un l’altro; giacché Boaz avea detto: “Nessuno sappia che questa donna e venuta nell’aia!”	"She lay at his feet until morning, and she arose before one could recognize another, and he said, ""Do not let it be known that the woman came to the threshing floor."""
SNG 1:3	YELLOW	Y-check	odore	odore	1.70	Al profumo dei tuoi oli preziosi, olio versato è il tuo nome; perciò le vergini ti amano.	I tuoi profumi hanno un odore soave; il tuo nome è un profumo che si spande; perciò t’aman le fanciulle!	Your ointments have a pleasing scent, the fragrance of your ointments is delightful, your name is like poured out oil; therefore the maidens love you.
SNG 1:8	YELLOW	Y-check	pecora	pecora	1.50	Se non lo sai, o bella tra le donne, esci sui calcagni del gregge e pasci le tue caprette presso i tabernacoli dei pastori.	Se non lo sai, o la più bella delle donne, esci e segui le tracce delle pecore, e fa’ pascere i tuoi capretti presso alle tende de’ pastori.	If you do not know, O beautiful one among women, go forth by the heels of the flock and pasture your kids by the shepherds' tents.
ZEC 11:11	YELLOW	Y-check	pecora	pecora	1.62	In quel giorno fu spezzato, e così i poveri del gregge che mi osservavano conobbero che era la parola dell'Eterno.	E quello fu annullato in quel giorno; e le pecore più misere del gregge che m’osservavano, conobbero che quella era la parola dell’Eterno.	On that day it was broken, and so the shepherds who kept watch over the flock knew that it was the word of the LORD.
1CH 11:35	YELLOW	Y-form	Arar		1.43	Achiam figlio di Sacar l'Ararita, Elifal figlio di Ur.	Hahiam, figliuolo di Sacar, da Harar; Elifal, figliuolo di Ur;	Ahiam son of Sacar the Hararite Eliphal son of Ur.
1CH 21:15	YELLOW	Y-form	Gebusei		1.76	"Dio mandò un angelo a Gerusalemme per distruggerla; e mentre la distruggeva, l'Eterno guardò e si pentì del male, e disse all'angelo distruttore: ""Basta, ora ferma la tua mano"". E l'angelo dell'Eterno stava presso l'aia di Ornan il Gebuseo."	E Dio mandò un angelo a Gerusalemme per distruggerla; e come questi si disponeva a distruggerla, l’Eterno gettò su di lei lo sguardo, si pentì della calamità che avea inflitta, e disse all’angelo distruttore: “Basta; ritieni ora la tua mano!” Or l’angelo dell’Eterno si trovava presso l’aia di Ornan, il Gebuseo.	"God sent a messenger to Jerusalem to destroy it, and as the destroyer was about to act, the LORD saw and relented from the calamity; so he said to the messenger who was destroying, ""Enough! Now stop!"" And the messenger of the LORD was standing at the threshing floor of Ornan the Jebusite."
1CH 21:18	YELLOW	Y-form	Gebusei		1.56	"L'angelo dell'Eterno disse a Gad, dicendo a Davide: ""Che Davide salga a erigere un altare all'Eterno nell'aia di Ornan il Gebuseo."""	Allora l’angelo dell’Eterno ordinò a Gad di dire a Davide che salisse ad erigere un altare all’Eterno nell’aia di Ornan, il Gebuseo.	And the messenger of the LORD said to Gad, to say to David, that David should go up and raise an altar to the LORD on the threshing floor of Ornan the Jebusite.
1CH 21:28	YELLOW	Y-form	Gebusei		1.58	In quel tempo, vedendo Davide che l'Eterno gli aveva risposto nell'aia di Ornan il Gebuseo, sacrificò là.	In quel tempo Davide, vedendo che l’Eterno lo aveva esaudito nell’aia d’Ornan, il Gebuseo, vi offriva dei sacrifizi.	At that time, when David saw that the LORD had answered him at the threshing floor of Ornan the Jebusite, he sacrificed there.
1CH 23:13	YELLOW	Y-form	santo|santo		2.00	I figli di Amram: Aronne e Mosè. E Aronne fu separato per consacrarlo come santissimo, lui e i suoi figli, per l'eternità, per bruciare incenso davanti al volto dell'Eterno, per servirlo e per benedire nel suo nome per l'eternità.	Figliuoli di Amram: Aaronne e Mosè. Aaronne fu appartato per esser consacrato come santissimo, egli coi suoi figliuoli, in perpetuo, per offrire i profumi dinanzi all’Eterno, per ministrargli, e per pronunziare in perpetuo la benedizione nel nome di lui.	The sons of Amram were Aaron and Moses, and Aaron was set apart to consecrate him as most holy, he and his sons forever, to burn incense before the LORD, to minister to him, and to bless in his name forever.
1CH 23:27	YELLOW	Y-form	Levita		2.08	Poiché secondo le ultime parole di Davide, essi erano il numero dei figli di Levi, dal figlio di vent'anni anni e al di sopra.	Fu secondo le ultime disposizioni di Davide che il censimento dei figliuoli di Levi si fece dai venti anni in su.	For by the last words of David they counted the Levites from twenty years old and upward.
1CH 23:9	YELLOW	Y-form	Selomìt		1.70	I figli di Simei: Selomòt, Aziel e Aran, tre. Questi erano i capi dei padri per Laedan.	Figliuoli di Scimei: Scelomith, Haziel, Haran; tre. Questi sono i capi delle famiglie patriarcali di Laedan.	The sons of Shimei were Shelomoth, and Haziel, and Haran, three. These were chiefs of the fathers for Laadan.
1CH 27:25	YELLOW	Y-form	campo		1.60	Sui tesori del re, Azmavet figlio di Adiel; e sui tesori nella campagna, nelle città, nei villaggi e nelle torri, Giònata figlio di Uzzia.	Azmaveth, figliuolo di Adiel, era preposto ai tesori del re; Gionathan, figliuolo di Uzzia, ai tesori ch’erano nella campagna, nelle città, nei villaggi e nelle torri;	Over the king's storehouses was Azmaveth son of Adiel, and over the storehouses in the country, in the cities, in the villages, and in the towers was Jonathan son of Uzziah.
1CH 27:9	YELLOW	Y-form	Tecoi		1.50	Il sesto per il sesto mese era Ira figlio di Icches, il Tecoita; e sulla sua divisione ventiquattromila.	Il sesto, per il sesto mese, era Ira, figliuolo di Ikkesh, il Tekoita, e aveva una divisione di ventiquattromila uomini.	In the sixth month, the sixth, Ira son of Ikkesh the Tekoite, and over his division twenty-four thousand.
1CH 6:49	YELLOW	Y-form	santo|santo		1.82	E Aronne e i suoi figli offrivano incenso sull'altare dell'olocausto e sull'altare dell'incenso, per tutto il lavoro del luogo santissimo, e per fare espiazione per Israele, secondo tutto ciò che Mosè, servo di Dio, aveva comandato.	Ma Aaronne ed i suoi figliuoli offrivano i sacrifizi sull’altare degli olocausti e l’incenso sull’altare dei profumi, compiendo tutto il servizio nel luogo santissimo, e facendo l’espiazione per Israele, secondo tutto quello che Mosè, servo di Dio, aveva ordinato.	Aaron and his sons shall offer on the altar of the burnt offering and on the altar of the incense for all manner of work of the most holy things and for making atonement on behalf of Israel, according to all that Moses the servant of God commanded.
1KI 8:6	YELLOW	Y-form	santo|santo		1.33	I sacerdoti portarono l'arca del patto dell'Eterno al suo luogo, nel santuario della casa, nel luogo santissimo, sotto le ali dei cherubini.	I sacerdoti portarono l’arca del patto dell’Eterno al luogo destinatole, nel santuario della casa, nel luogo santissimo, sotto le ali dei cherubini;	The priests brought the ark of the covenant of the Lord to its place, into the oracle of the temple, the most holy sanctuary, beneath the wings of the cherubim.
1SA 11:2	YELLOW	Y-form	destra		1.47	"Naas l'Ammonita disse loro: ""Con questo farò patto con voi: cavando a ciascuno l'occhio destro, e lo porrò come vituperio su tutto Israele."""	E Nahas, l’Ammonita, rispose loro: “Io farò alleanza con voi a questa condizione: ch’io vi cavi a tutti l’occhio destro, e getti così quest’obbrobrio su tutto Israele”.	"Nahash the Ammonite said to them, ""This is how I will make a covenant with you: by gouging out every right eye of you, and setting it as a reproach upon all Israel."""
1SA 14:2	YELLOW	Y-form	melagrana		1.71	Saul sedeva all'estremità di Ghibea, sotto il melagrano che è a Migron, e il popolo che era con lui era circa seicento uomini.	Saul stava allora all’estremità di Ghibea sotto il melagrano di Migron, e la gente che avea seco noverava circa seicento uomini;	And Saul was sitting at the edge of Gibeah in Migron under the pomegranate tree, and the people who were with him were about six hundred men.
1SA 25:34	YELLOW	Y-form	mattina		2.09	Ma come è vero che l'Eterno, il Dio d'Israele, vive, che mi ha impedito di farti del male, se tu non ti fossi affrettata a venirmi incontro, certo non sarebbe rimasto a Nabal, fino alla luce del mattino, neppure un uomo che urini contro il muro.	Poiché certo, com’è vero che vive l’Eterno, l’Iddio d’Israele, che m’ha impedito di farti del male, se tu non ti fossi affrettata a venirmi incontro, fra qui e lo spuntar del giorno a Nabal non sarebbe rimasto un sol uomo”.	But as surely as the LORD, the God of Israel lives, who has restrained me from doing you harm, if you had not hurried to meet me, by morning light there would not have been left unto Nabal so much as one that pisseth against the wall.
1SA 29:10	YELLOW	Y-form	mattina|mattina		2.15	Ora dunque, alzati presto al mattino, tu e i servi del tuo signore che sono venuti con te; e alzatevi presto al mattino, e quando avrete luce, andatevene.	Or dunque, alzati domattina di buon’ora, coi servi del tuo signore che son venuti teco; alzatevi di buon mattino e appena farà giorno, andatevene”.	Now therefore, rise early in the morning, you and the bondmen of your master who came with you, and rise early in the morning, and when light comes, go your way.
1SA 29:11	YELLOW	Y-form	mattina		1.92	Davide si alzò presto, lui e i suoi uomini, per andare al mattino a tornare nella terra dei Filistei; e i Filistei salirono a Izreel.	Davide dunque con la sua gente si levò di buon’ora, per partire al mattino e tornare nel paese dei Filistei. E i Filistei salirono a Izreel.	David rose early, he and his men, to go in the morning to return to the land of the Philistines, and the Philistines went up to Jezreel.
2CH 18:8	YELLOW	Y-form	Mica		1.45	"Il re d'Israele chiamò un eunuco e disse: ""Fa' venire presto Micaia, figlio di Imla."""	Allora il re d’Israele chiamò un eunuco, e gli disse: “Fa’ venir presto Micaiah, figliuolo d’Imla”.	"The king of Israel called to a certain chamberlain and said, ""Hurry, bring me Micaiah son of Imla."""
2CH 31:14	YELLOW	Y-form	santo|santo		1.86	Core, figlio di Imna, il Levita, portinaio verso oriente, era incaricato delle offerte volontarie di Dio, per dare l'offerta dell'Eterno e le cose santissime.	Il Levita Kore, figliuolo di Imna, guardiano della porta orientale, era preposto ai doni volontari fatti a Dio per distribuire le offerte fatte all’Eterno e le cose santissime.	And Kore the son of Imna the Levite, the doorkeeper for the east, was in charge of the free will offerings of God, to give the heave offering of the LORD and the most holy things.
2CH 3:1	YELLOW	Y-form	Gebusei		1.65	Salomone cominciò a costruire la casa dell'Eterno in Gerusalemme, sul monte Moria, che era stato mostrato a Davide suo padre, il luogo che Davide aveva preparato nell'aia di Ornan il Gebuseo.	Salomone cominciò a costruire la casa dell’Eterno a Gerusalemme, sul monte Moriah, dove l’Eterno era apparso a Davide suo padre, nel luogo che Davide aveva preparato, nell’aia di Ornan, il Gebuseo.	Solomon began to build the temple of the Lord in Jerusalem on the mountain of Moriah, where the Lord appeared to David his father, the place that David had prepared on the threshing floor of Ornan the Jebusite.
2CH 3:8	YELLOW	Y-form	santo|santo		1.76	E fece la casa del luogo santissimo, la sua lunghezza di venti cubiti secondo il volto della larghezza della casa, e la sua larghezza di venti cubiti, e la rivestì d'oro buono, per sei cento talenti.	E costruì il luogo santissimo. Esso avea venti cubiti di lunghezza, corrispondenti alla larghezza della casa, e venti cubiti di larghezza. Lo ricoprì d’oro finissimo, del valore di seicento talenti;	He made the most holy sanctuary, its length twenty cubits corresponding to the breadth of the temple, and its breadth twenty cubits, and he overlaid it with good gold amounting to six hundred talents.
2CH 5:7	YELLOW	Y-form	santo|santo		1.33	I sacerdoti portarono l'arca del patto dell'Eterno al suo luogo, nel santuario della casa, nel luogo santissimo, sotto le ali dei cherubini.	I sacerdoti portarono l’arca del patto dell’Eterno al luogo destinatole, nel santuario della casa, nel luogo santissimo, sotto le ali dei cherubini;	The priests brought the ark of the covenant of the LORD to its place, into the inner sanctuary of the house, to the most holy place, beneath the wings of the cherubim.
2CH 8:8	YELLOW	Y-form	tributo		1.65	Dai loro figli che erano rimasti dopo di loro nella terra, che i figli d'Israele non avevano sterminato, Salomone li rese tributari fino al giorno d'oggi.	vale a dire dei loro discendenti ch’eran rimasti dopo di loro nel paese e che gl’Israeliti non aveano distrutti, Salomone fece tanti servi per le comandate; e tali son rimasti fino al dì d’oggi.	From their children who remained after them in the land, whom the children of Israel did not destroy, Solomon conscripted for tribute to this day.
2KI 10:33	YELLOW	Y-form	terra		1.61	Dal Giordano, a oriente del sole, tutto il territorio di Galaad, dei Gaditi, dei Rubeniti e dei Manassiti, da Aroer, che è sul torrente Arnon, e Galaad e Basan.	dal Giordano, verso oriente, soggiogò tutto il paese di Galaad, i Gaditi, i Rubeniti e i Manassiti, fino ad Aroer ch’è presso la valle dell’Arnon, vale a dire tutto il paese di Galaad e di Bashan.	From the Jordan eastward, all the land of Gilead, the Gadites, the Reubenites, and the Manassites, from Aroer which is by the valley of Arnon, and Gilead and Bashan.
2KI 15:29	YELLOW	Y-form	terra		1.13	Nei giorni di Pekach, re d'Israele, venne Tiglat-Pileser, re d'Assiria, e prese Iion, Abel-Bet-Maaca, Ianoach, Kedes, Cazor, Galaad e Galilea, tutto il territorio di Neftali, e li deportò in Assiria.	Al tempo di Pekah, re d’Israele, venne Tiglath-Pileser, re di Assiria, e prese Ijon, Abel-Beth-Maaca, Janoah, Kedesh, Hatsor, Galaad, la Galilea, tutto il paese di Neftali, e ne menò gli abitanti in cattività in Assiria.	In the days of Pekah king of Israel, Tiglath-pileser king of Assyria came and captured Ijon and Abel-beth-maachah and Janoah and Kedesh and Hazor and Gilead and Galilee, all the land of Naphtali, and he carried them to Assyria.
2KI 16:15	YELLOW	Y-form	mattina		1.81	"Il re Acaz ordinò al sacerdote Uria, dicendo: ""Sul grande altare offri in fumo l'olocausto del mattino e l'offerta della sera, e l'olocausto del re e la sua offerta, e l'olocausto di tutto il popolo della terra e la loro offerta e le loro libazioni; e tutto il sangue dell'olocausto e tutto il sangue del sacrificio lo spargerai su di esso; ma l'altare di rame sarà per me per consultare."""	E il re Achaz diede quest’ordine al sacerdote Uria: “Fa’ fumare sull’altar grande l’olocausto del mattino e l’oblazione della sera, l’olocausto del re e la sua oblazione, gli olocausti di tutto il popolo del paese e le sue oblazioni; versavi le loro libazioni, e spandivi tutto il sangue degli olocausti e tutto il sangue dei sacrifizi; quanto all’altare di rame toccherà a me a pensarvi”.	King Ahaz said to Uriah the priest, Offer on the great altar the burnt offering of the morning and the grain offering of the evening, and the burnt offering of the king and his grain offering, and the burnt offering of all the people of the land and their grain offerings and their drink offerings; all the blood of burnt offerings and all the blood of sacrifices you shall pour out on it; but the bronze altar shall be for me to inquire.
2KI 2:21	YELLOW	Y-form	uscita		1.50	"Uscì alla sorgente dell'acqua e gettò là del sale, e disse: ""Così dice l'Eterno: Io ho sanato queste acque; non vi sarà più da esse morte né sterilità."""	Ed egli si recò alla sorgente delle acque, vi gettò il sale, e disse: “Così dice l’Eterno: Io rendo sane queste acque, ed esse non saran più causa di morte né di sterilità”.	He went out to the source of the waters and threw salt there, and said, Thus says the LORD, I have healed these waters; there shall no longer be from there death and bereavement.
2SA 10:6	YELLOW	Y-form	Aram|Aram		1.61	I figli di Ammon videro che si erano resi odiosi a Davide, e i figli di Ammon mandarono a prendere a soldo gli Aramei di Bet-Rehob e gli Aramei di Soba, ventimila fanti, e il re di Maaca con mille uomini, e gli uomini di Tob con dodicimila uomini.	I figliuoli di Ammon, vedendo che s’erano attirato l’odio di Davide, mandarono a prendere al loro soldo ventimila fanti dei Siri di Beth-Rehob e dei Siri di Tsoba, mille uomini del re di Maaca, e dodicimila uomini della gente di Tob.	The Ammonites saw that they were despised by David, so the Ammonites sent and hired Aram of Beth-rehob and Aram of Zobah, twenty thousand foot soldiers, and the king of Maachah, one thousand men, and the men of Tob twelve thousand men.
2SA 10:9	YELLOW	Y-form	guerra		1.81	Ioab vide che la battaglia era rivolta contro di lui dal volto e dal dietro, e scelse da tutto Israele alcuni dei migliori guerrieri e li schierò contro Aram.	Or come Joab vide che quelli eran pronti ad attaccarlo di fronte e alle spalle, scelse un corpo fra gli uomini migliori d’Israele, lo dispose in ordine di battaglia contro i Siri,	Joab saw that the battle was against him in front and in back, so he selected from all Israel some of the choice men and deployed them against Aram.
2SA 13:18	YELLOW	Y-form	manto		2.12	E su di lei c'era una tunica di veste variopinta, perché così le figlie vergini del re indossavano mantelli; e il suo servitore la condusse fuori sulla strada e chiuse la porta dietro di lei.	Or ella portava una tunica con le maniche, poiché le figliuole del re portavano simili vesti finché erano vergini. Il servo di Amnon dunque la mise fuori, e le chiuse la porta dietro.	And upon her was a robe of divers colours, for thus do the daughters of the king who are virgins wear robes; and her attendant brought her out outside and shut the door after her.
2SA 13:37	YELLOW	Y-form	Ammiur		1.57	E Assalonne fuggì e andò da Talmai, figlio di Ammiud, re di Ghesur, e fece lutto per suo figlio tutti i giorni.	Quanto ad Absalom, se ne fuggì e andò da Talmai, figliuolo di Ammihur, re di Gheshur. E Davide faceva cordoglio del suo figliuolo ogni giorno.	And Absalom fled and went to Talmai the son of Ammihud, king of Geshur, and he mourned for his son all the days.
2SA 17:22	YELLOW	Y-form	mattina		1.52	Davide si alzò, e tutto il popolo che era con lui, e attraversarono il Giordano fino alla luce del mattino; fino a che non mancò nessuno che non avesse attraversato il Giordano.	Allora Davide si levò con tutta la gente ch’era con lui, e passò il Giordano. All’apparir del giorno, neppur uno era rimasto, che non avesse passato il Giordano.	David rose, and all the people who were with him, and they crossed the Jordan until morning light; by dawn, not one remained who had not crossed the Jordan.
2SA 23:11	YELLOW	Y-form	Arar		2.00	Dopo di lui, Samma figlio di Age l'Ararita; e i Filistei si radunarono in vita, e là c'era un campo del campo pieno di lenticchie, e il popolo fuggì davanti al volto dei Filistei.	Dopo di lui veniva Shamma, figliuolo di Aghé, lo Hararita. I Filistei s’erano radunati in massa; e in quel luogo v’era un campo pieno di lenticchie; e, come i popolo fuggiva dinanzi ai Filistei,	After him was Shamma son of Agee the Hararite, and the Philistines were gathered to the life, and there the portion of the field was full of lentiles, and the people fled from the presence of the Philistines.
2SA 23:4	YELLOW	Y-form	mattina|mattina		2.18	E come la luce del mattino, quando il sole sorge, un mattino senza nuvole, dallo splendore dopo la pioggia, l'erba spunta dalla terra.	è come la luce mattutina, quando il sole si leva in un mattino senza nuvole, e col suo splendore, dopo la pioggia, fa spuntare l’erbetta dalla terra”.	And as the clear light of morning the sun shines, a morning without clouds, from the brightness after rain, grass from the earth.
2SA 24:16	YELLOW	Y-form	Gebusei		1.83	"L'angelo stese la sua mano contro Gerusalemme per distruggerla, ma l'Eterno si pentì del male e disse all'angelo che distruggeva il popolo: ""Basta ora, ritira la tua mano"". E l'angelo dell'Eterno era presso l'aia di Arauna il Gebuseo."	E come l’angelo stendeva la sua mano su Gerusalemme per distruggerla, l’Eterno si pentì della calamità ch’egli aveva inflitta, e disse all’angelo che distruggeva il popolo: “Basta; ritieni ora la tua mano!” Or l’angelo dell’Eterno si trovava presso l’aia di Arauna, il Gebuseo.	"The angel sent his hand against Jerusalem to destroy it, but the LORD relented concerning the evil and said to the destroying angel in the midst of the people, ""Now stay your hand."" And the angel of the LORD was by the threshing floor of the Jebusite Araunah."
2SA 24:18	YELLOW	Y-form	Gebusei		1.47	"In quel giorno Gad venne da Davide e gli disse: ""Sali, erigi un altare all'Eterno nell'aia di Arauna il Gebuseo."""	E quel giorno Gad venne da Davide, e gli disse: “Sali, erigi un altare all’Eterno nell’aia di Arauna, il Gebuseo”.	"Gad came to David that day and said to him, ""Go up, build an altar to the LORD at the threshing floor of Araunah the Jebusite."""
2SA 2:31	YELLOW	Y-form	Beniamino		1.64	I servi di Davide colpirono tra i Beniaminiti e tra gli uomini di Abner trecentosessanta uomini che morirono.	Ma la gente di Davide aveva ucciso trecento sessanta uomini de’ Beniaminiti e della gente di Abner.	And the servants of David struck from Benjamin and from the men of Abner three hundred and sixty men.
2SA 9:10	YELLOW	Y-form	continuo		1.85	Coltiverai per lui la terra, tu, i tuoi figli e i tuoi servi, e porterai il raccolto, e sarà pane per il figlio del tuo signore, ed egli lo mangerà; e Mefiboset, figlio del tuo signore, mangerà pane continuamente alla mia tavola; e per Siba, quindici figli e venti servi.	Tu dunque, coi tuoi figliuoli e coi tuoi servi, lavoragli le terre e fa’ le raccolte, affinché il figliuolo del tuo signore abbia del pane da mangiare; e Mefibosheth, figliuolo del tuo signore, mangerà sempre alla mia mensa”. Or Tsiba avea quindici figliuoli e venti servi.	You shall till the land for him, you and your sons and your servants, and bring in the produce, and it shall be food for your master's son; and Mephibosheth, your master's son, shall eat food continually at my table; and for Ziba, fifteen sons and twenty servants.
2SA 9:7	YELLOW	Y-form	continuo		1.35	"Davide gli disse: ""Non temere, perché certamente farò con te benignità per causa di Giònata tuo padre, e ti restituirò tutto il campo di Saul tuo padre; e tu mangerai pane alla mia tavola continuamente."""	“Ecco il tuo servo!” Davide gli disse: “Non temere, perché io non mancherò di trattarti con bontà per amor di Gionathan tuo padre, e ti renderò tutte le terre di Saul tuo avolo, e tu mangerai sempre alla mia mensa”.	David said to him, Do not fear, for I will show you favour because of Jonathan your father, and I will restore to you all the land of Saul your father, and you shall eat bread at my table always.
DAN 1:8	YELLOW	Y-form	cuore		1.76	Daniele si propose in cuor suo di non contaminarsi con la vivanda del re né con il vino dei suoi banchetti, e chiese al capo degli eunuchi di non contaminarsi.	E Daniele prese in cuor suo la risoluzione di non contaminarsi con le vivande del re e col vino che il re beveva; e chiese al capo degli eunuchi di non obbligarlo a contaminarsi;	Daniel resolved in his mind not to defile himself with the king's portion of meat or with the wine of his banqueting, and he requested from the chief of the chamberlains that he might not defile himself.
DAN 9:27	YELLOW	Y-form	abominio		1.80	Egli renderà saldo un patto con molti per una settimana, e a metà della settimana farà cessare sacrificio e offerta; e sull'ala delle abominazioni sarà il desolatore, finché la distruzione decretata si riversi sul desolatore.	Egli stabilirà un saldo patto con molti, durante una settimana; e in mezzo alla settimana farà cessare sacrifizio e oblazione; e sulle ali delle abominazioni verrà un devastatore; e questo, finché la completa distruzione, che è decretata, non piombi sul devastatore”.	And he shall confirm a covenant with many for one week, and in the middle of the week he shall cause sacrifice and offering to cease, and upon the wing of abominable filth shall be the desolator, and until the consummation and what is determined is poured out upon the desolator.
DEU 16:4	YELLOW	Y-form	mattina		1.67	Non si vedrà lievito presso di te in tutto il tuo confine per sette giorni, e non resterà della carne che sacrifichi nella sera del primo giorno fino al mattino.	Non si vegga lievito presso di te, entro tutti i tuoi confini, per sette giorni; e della carne che avrai immolata la sera del primo giorno, nulla se ne serbi durante la notte fino al mattino.	No leaven shall be seen with you in all your territory for seven days, and none of the flesh that you sacrifice in the evening on the first day shall remain until morning.
DEU 23:10	YELLOW	Y-form	notte		1.42	Se vi sarà tra voi un uomo che non sia puro per un accidente notturno, uscirà fuori dall'accampamento, sulla strada; non entrerà nel mezzo dell'accampamento.	Se v’è qualcuno in mezzo a te che sia impuro a motivo d’un accidente notturno, uscirà dal campo, e non vi rientrerà;	If any man among you is unclean by reason of a nocturnal occurrence, he shall go outside the camp; he shall not enter within the camp.
DEU 27:4	YELLOW	Y-form	giorno		1.33	E avverrà che, quando avrete attraversato il Giordano, erigerete queste pietre che oggi io vi comando sul monte Ebal, e le rivestirete di calce.	Quando dunque avrete passato il Giordano, rizzerete sul monte Ebal queste pietre, come oggi vi comando, e le intonacherete di calcina.	And it shall be when you cross the Jordan, you shall set up these stones that I command you this day on Mount Ebal, and you shall coat them with lime.
DEU 29:17	YELLOW	Y-form	abominio		1.82	E voi vedeste le loro abominazioni e i loro idoli: albero e pietra, argento e oro, che erano con loro.	e avete vedute le loro abominazioni e gl’idoli di legno, di pietra, d’argento e d’oro, che son fra quelle.	And you saw their abominable filth and their idols, wood and stone, silver and gold which were with them.
DEU 31:2	YELLOW	Y-form	giorno		1.24	"E disse loro: ""Oggi io sono figlio di centoventi anni; non posso più uscire ed entrare, e l'Eterno mi ha detto: 'Non attraverserai questo Giordano'."""	Disse loro: “Io sono oggi in età di centovent’anni; non posso più andare e venire, e l’Eterno m’ha detto: Tu non passerai questo Giordano.	And he said to them I am a hundred and twenty years old today I am not able any longer to go out and come in and the LORD said to me you shall not cross this Jordan
DEU 5:20	YELLOW	Y-form	testimone		2.00	Non renderai contro il tuo prossimo una testimonianza di vanità.	Non attestare il falso contro il tuo prossimo.	You shall not testify against your fellow a false witness.
DEU 6:12	YELLOW	Y-form	servo		1.50	Guàrdati, non dimenticare l'Eterno, che ti ha fatto uscire dalla terra d'Egitto, dalla casa di servitù.	guardati dal dimenticare l’Eterno che ti ha tratto dal paese d’Egitto, dalla casa di schiavitù.	Beware lest you forget the LORD who brought you out of the land of Egypt, out of the house of bondage.
DEU 9:1	YELLOW	Y-form	giorno		1.59	Ascolta, Israele: tu oggi stai attraversando il Giordano per entrare a possedere nazioni più grandi e più potenti di te, città grandi e fortificate fino al cielo.	Ascolta, Israele! Oggi tu stai per passare il Giordano per andare a impadronirti di nazioni più grandi e più potenti di te, di città grandi e fortificate fino al cielo,	Hear, Israel: you are crossing today over the Jordan to go in to dispossess nations greater and mightier than yourself, great and fortified cities reaching to the heavens.
ECC 10:16	YELLOW	Y-form	mattina		2.12	Guai a te, terra, il cui re è un giovane, e i cui capi mangiano al mattino.	Guai a te, o paese, il cui re è un fanciullo, e i cui principi mangiano fin dal mattino!	How can the land be yours when your king is a boy and your princes devour in the morning?
ECC 11:6	YELLOW	Y-form	mattina		1.38	Al mattino semina il tuo seme, e alla sera non trattenere la tua mano, perché non sai quale riuscirà, se questo o quello, o se entrambi saranno ugualmente buoni.	Fin dal mattino semina la tua semenza, e la sera non dar posa alle tue mani; poiché tu non sai quale dei due lavori riuscirà meglio: se questo o quello, o se ambedue saranno ugualmente buoni.	In the morning sow your seed, and in the evening do not withhold your hand, for you do not know which will prosper, this or that, or whether both alike will be good.
EST 5:14	YELLOW	Y-form	mattina		1.60	"Allora Zeres, sua donna, e tutti i suoi amici gli dissero: ""Facciano un albero alto cinquanta cubiti, e al mattino di' al re che vi appendano Mardocheo; poi va' con il re al banchetto lieto."" E la parola piacque al volto di Aman, ed egli fece l'albero."	Allora Zeresh sua moglie, e tutti i suoi amici gli dissero: “Si prepari una forca alta cinquanta cubiti; e domattina di’ al re che vi s’appicchi Mardocheo; poi vattene allegro al convito col re”. E la cosa piacque a Haman, che fece preparare la forca.	Then said Zeresh his wife and all his friends to him, Let a gallows fifty cubits high be made, and in the morning speak to the king, and let Mordecai be hanged upon it, and go in with the king to the banquet joyful. And the thing pleased before Haman, and he made the gallows.
EST 6:11	YELLOW	Y-form	onore		1.48	"Aman prese il vestito e il cavallo, vestì Mardocheo, lo fece montare nella piazza della città, e proclamò davanti a lui: ""Così si farà all'uomo che il re desidera onorare."""	E Haman prese la veste e il cavallo, rivestì della veste Mardocheo lo fece percorrere a cavallo le vie della città e gridava davanti a lui: “Così si fa all’uomo che il re vuole onorare!”.	"Haman took the apparel and the horse, clothed Mordecai with it, and set him on horseback in the broad place of the city; and he proclaimed before him, ""Thus shall be done to the man whom the king delights to honour."""
EST 6:7	YELLOW	Y-form	onore		1.33	"Allora Aman disse al re: ""Un uomo che il re desidera onorare..."""	E Haman rispose al re: “All’uomo che il re voglia onorare?	"Then Haman said to the king, ""There is a certain man whom the king desires to honour."""
EST 6:9	YELLOW	Y-form	onore|onore		1.70	"E si dia il vestito e il cavallo in mano a uno dei capi nobili del re, e vestano l'uomo che il re desidera onorare, e lo facciano montare sul cavallo nella piazza della città, e proclamino davanti a lui: ""Così si farà all'uomo che il re desidera onorare""."	si consegni la veste e il cavallo a uno dei principi più nobili del re; si rivesta di quella veste l’uomo che il re vuole onorare, lo si faccia percorrere a cavallo le vie della città, e si gridi davanti a lui: Così si fa all’uomo che il re vuole onorare!”	Let the apparel and the horse be given into the hand of one of the king's most noble princes, and let them array the man whom the king delights to honour, and cause him to ride on the horse in the city's broad place, and let them proclaim before him, Thus shall be done to the man whom the king delights to honour.
EXO 12:29	YELLOW	Y-form	prigionia		1.78	E avvenne a metà della notte che l'Eterno colpì ogni primogenito nella terra d'Egitto, dal primogenito del Faraone che sedeva sul suo trono, fino al primogenito del prigioniero che era nella casa della cisterna, e ogni primogenito del bestiame.	E avvenne che, alla mezzanotte, l’Eterno colpì tutti i primogeniti nel paese di Egitto, dal primogenito di Faraone che sedeva sul suo trono al primogenito del carcerato ch’era in prigione, e tutti i primogeniti del bestiame.	And it came to pass at midnight: the LORD struck every firstborn in the land of Egypt, from the firstborn of Pharaoh who sat on his throne to the firstborn of the captive who was in the dungeon, and every firstborn of cattle.
EXO 13:3	YELLOW	Y-form	servo		1.52	"Mosè disse al popolo: ""Ricordate questo giorno, nel quale siete usciti dall'Egitto, dalla casa di servitù, perché con forza di mano l'Eterno vi ha tratti fuori di qui; e non si mangerà lievito."""	E Mosè disse al popolo: “Ricordatevi di questo giorno, nel quale siete usciti dall’Egitto, dalla casa di servitù; poiché l’Eterno vi ha tratti fuori di questo luogo, con mano potente; non si mangi pane lievitato.	Moses said to the folk, Remember the day in which you went out from Egypt, from a house of bondage, for with strength of hand the LORD brought you out from this, and leavened bread shall not be eaten.
EXO 15:11	YELLOW	Y-form	santo		1.83	Chi è come te tra gli dèi, o Eterno? Chi è come te, maestoso nella santità, terribile nelle lodi, operatore di meraviglie?	Chi è pari a te fra gli dèi, o Eterno? Chi è pari a te, mirabile nella tua santità, tremendo anche a chi ti loda, operator di prodigi?	Who is like you among the gods, O the LORD? Who is like you, majestic in holiness, awesome in praises, worker of wonders?
EXO 16:12	YELLOW	Y-form	mattina		1.70	"Ho udito le mormorazioni dei figli d'Israele; parla loro, dicendo: ""Tra i due sere mangerete carne, e al mattino sarete saziati di pane, e conoscerete che io sono l'Eterno, il vostro Dio."""	“Io ho udito le mormorazioni dei figliuoli d’Israele; parla loro, dicendo: Sull’imbrunire mangerete della carne, e domattina sarete saziati di pane; e conoscerete che io sono l’Eterno, l’Iddio vostro”.	I have heard the murmuring of the sons of Israel; speak to them, saying, Between the evenings you shall eat flesh, and in the morning you shall be filled with food, and you shall know that I am the LORD your God.
EXO 16:7	YELLOW	Y-form	mattina		1.87	E al mattino vedrete la gloria dell'Eterno, poiché egli ha udito le vostre mormorazioni contro l'Eterno; e noi, che cosa siamo, che mormorate contro di noi?	e domattina vedrete la gloria dell’Eterno; poich’egli ha udito le vostre mormorazioni contro l’Eterno; quanto a noi, che cosa siamo perché mormoriate contro di noi?”	And in the morning you shall see the glory of the LORD, when he hears your murmurings against the LORD, and what are we, that you murmur against us?
EXO 28:38	YELLOW	Y-form	continuo		1.62	Sarà sulla fronte di Aronne, e Aronne porterà l'iniquità delle cose sante che i figli d'Israele consacreranno in tutti i loro santi doni; sarà sulla sua fronte continuamente, per ottenere loro favore davanti al volto dell'Eterno.	Starà sulla fronte d’Aaronne, e Aaronne porterà le iniquità commesse dai figliuoli d’Israele nelle cose sante che consacreranno, in ogni genere di sante offerte; ed essa starà continuamente sulla fronte di lui, per renderli graditi nel cospetto dell’Eterno.	It shall be on Aaron's brow, and Aaron shall bear the iniquity of the consecrated things which the children of Israel shall sanctify in all their holy gifts; it shall be on his forehead continually, for acceptance for them before the LORD.
EXO 30:10	YELLOW	Y-form	santo|santo		2.17	Aronne farà l'espiazione sui suoi corni una volta all'anno; con il sangue del sacrificio per il peccato dell'espiazione farà l'espiazione su di esso una volta all'anno, per le vostre generazioni; è santissimo all'Eterno.	E Aaronne farà una volta all’anno l’espiazione sui corni d’esso; col sangue del sacrifizio d’espiazione per il peccato vi farà l’espiazione una volta l’anno, di generazione in generazione. Sarà cosa santissima, sacra all’Eterno.	Aaron shall make atonement upon its horns once in the year with the blood of the sin purification offering for atonement; once in the year he shall make atonement upon it throughout your generations; it is most holy to the LORD.
EXO 36:7	YELLOW	Y-form	sufficienza		2.12	E il lavoro era sufficiente per tutto il lavoro da fare, e ve n'era in abbondanza.	Poiché la roba già pronta bastava a fare tutto il lavoro, e ve n’era d’avanzo.	And the work was sufficient for all the work to do it, and there was excess.
EXO 40:10	YELLOW	Y-form	santo|santo		1.36	Ungerai l'altare dell'olocausto e tutti i suoi vasi, e consacrerai l'altare, e l'altare sarà santissimo.	Ungerai pure l’altare degli olocausti e tutti i suoi utensili, consacrerai l’altare, e l’altare sarà santissimo.	You shall anoint the altar of ascent and all its vessels, and you shall consecrate the altar, and the altar shall be most holy.
EZK 23:5	YELLOW	Y-form	Assiria		1.78	Oola si prostituì sotto di me, e si invaghì dei suoi amanti, gli Assiri, suoi vicini.	E, mentre era mia, Ohola si prostituì, e s’appassionò per i suoi amanti,	Then Aholah committed harlotry under me and doted on her lovers, the nearby Assyrians.
EZK 26:16	YELLOW	Y-form	ricamo		1.82	E tutti i principi del mare scenderanno dai loro troni, e si toglieranno i loro manti, e spoglieranno i loro vestiti ricamati; si vestiranno di terrori, siederanno sulla terra, e tremeranno a ogni istante, e saranno desolati a causa tua.	Tutti i principi del mare scenderanno dai loro troni, si torranno i loro manti, deporranno le loro vesti ricamate; s’avvolgeranno nello spavento, si sederanno per terra, tremeranno ad ogni istante, saranno costernati per via di te.	Then all the captains of the sea will descend from their thrones, remove their cloaks, strip off their embroidered garments, put on trembling, sit on the ground, tremble every instant, and be appalled over you.
EZK 37:23	YELLOW	Y-form	abominio		2.04	E non si contamineranno più con i loro idoli, né con le loro abominazioni, né con tutte le loro trasgressioni; e li salverò da tutte le loro dimore nelle quali hanno peccato, e li purificherò, e saranno per me un popolo, e io sarò per loro Dio.	E non si contamineranno più con i loro idoli, con le loro abominazioni né colle loro numerose trasgressioni; io trarrò fuori da tutti i luoghi dove hanno abitato e dove hanno peccato, e li purificherò, essi saranno mio popolo, e io sarò loro Dio.	They shall no longer defile themselves with their idols, nor with their abominable filth, nor with any of their rebellions; and I will save them from all their dwelling places in which they sinned, and I will purify them, and they shall be my people, and I will be their God.
EZK 42:15	YELLOW	Y-form	misura		1.93	E quando ebbe finito di misurare la casa interna, mi condusse fuori per la via della porta che aveva il volto verso oriente, e la misurò tutto intorno, intorno.	Quando ebbe finito di misurare così l’interno della casa, egli mi menò fuori per la porta ch’era al lato d’oriente e misurò il recinto tutt’attorno.	And he finished measuring the inner temple, and he brought me out by the way of the gate whose faces were toward the east, and he measured it all around, round about.
EZR 2:69	YELLOW	Y-form	sacerdote		1.44	Secondo la loro forza diedero al tesoro del lavoro: oro, seimila diecimila e mille dariche, e argento, cinquemila mine, e cento tuniche sacerdotali.	Dettero al tesoro dell’opera, secondo i loro mezzi, sessantunmila dariche d’oro, cinquemila mine d’argento e cento vesti sacerdotali.	According to their ability they gave to the treasury of the work: gold, one hundred thousand drams, and silver, five thousand manehs, and priestly garments, one hundred.
GEN 2:19	YELLOW	Y-form	anima		1.50	L'Eterno Dio formò dalla terra ogni animale vivente del campo e ogni uccello del cielo, e li portò all'uomo per vedere come li avrebbe chiamati; e tutto ciò che l'uomo chiamò ogni essere vivente, quello fu il suo nome.	E l’Eterno Iddio avendo formato dalla terra tutti gli animali dei campi e tutti gli uccelli dei cieli, li menò all’uomo per vedere come li chiamerebbe, e perché ogni essere vivente portasse il nome che l’uomo gli darebbe.	And the LORD God formed from the ground every living creature of the field and every fowl of the air, and brought them to the man to see what he would call to it, and whatever the man would call to it, that would be the name of the living being.
GEN 37:29	YELLOW	Y-form	vestito		1.64	Ruben tornò alla cisterna, ed ecco che Giuseppe non era nella cisterna, e si stracciò le sue vesti.	Or Ruben tornò alla cisterna; ed ecco, Giuseppe non era più nella cisterna. Allora egli si stracciò le vesti,	Reuben returned to the cistern and there was no Joseph in the cistern, and he tore his garments.
GEN 44:13	YELLOW	Y-form	vestito		2.25	Allora essi si strapparono le loro vesti, e ciascun uomo caricò il suo asino, e tornarono alla città.	Allora quelli si stracciarono le vesti, ognuno ricaricò il suo asino, e tornarono alla città.	They tore their garments, and each man laid [his] garment on his donkey, and they returned to the city.
HOS 12:6	YELLOW	Y-form	continuo		1.80	Ma tu ritorna al tuo Dio, osserva la benignità e il giudizio, e spera nel tuo Dio continuamente.	Tu, dunque, torna al tuo Dio, pratica la misericordia e la giustizia, e spera sempre nel tuo Dio.	But you shall return to your God, keep kindness and justice, and wait for your God always.
HOS 13:3	YELLOW	Y-form	mattina		2.58	Perciò saranno come una nuvola al mattino e come la rugiada che presto svanisce, come la loppa portata via dal vento dall'aia e come il fumo che esce dalla finestra.	Perciò saranno come la nuvola mattutina, come la rugiada che di buon’ora scompare, come la pula che il vento porta via dall’aia, come il fumo ch’esce dalla finestra.	Therefore they will be like a morning cloud and like dew that goes early, like chaff swirling from a threshing floor and like smoke from a chimney.
HOS 6:4	YELLOW	Y-form	mattina		2.00	Che cosa farò per te, Efraim? Che cosa farò per te, Giuda? La vostra benignità è come una nuvola del mattino e come la rugiada che presto svanisce.	Che ti farò, o Efraim? Che ti farò o Giuda? La vostra pietà è come una nuvola mattutina, come la rugiada che di buon’ora scompare.	What shall I do to you, Ephraim? What shall I do to you, Judah? Your favour is like a cloud of morning and like the dew that goes away at morning.
ISA 13:17	YELLOW	Y-form	Media		1.38	Ecco, io suscito contro di loro i Medi, che non stimano l'argento e non desiderano l'oro.	Ecco, io suscito contro di loro i Medi, i quali non faranno alcun caso dell’argento, e non prendono alcun piacere nell’oro.	Behold, I am raising up against them the Medes, who will not regard silver, nor desire gold.
ISA 17:14	YELLOW	Y-form	mattina		2.58	Al tempo della sera, ed ecco terrore; prima del mattino esso non è più. Questa è la parte di quelli che ci spogliano, e la sorte di quelli che ci depredano.	Alla sera, ecco il terrore; prima del mattino, non son più. Ecco la parte di quei che ci spogliano, ecco la sorte di chi ci saccheggia!	In the evening time, and behold, terror; before morning it is not—this is our portion and the lot of those who plunder us.
ISA 23:8	YELLOW	Y-form	Canaan		1.83	Chi ha deciso questo contro Tiro, la città coronata, i cui mercanti sono capi, i cui Cananei sono i nobili della terra?	Chi mai ha decretato questo contro Tiro, la dispensatrice di corone, i cui mercanti erano i principi, i cui negozianti eran dei nobili della terra?	Who has planned this against Tyre, the crowning city, whose merchants are princes, whose traders are the world's leading men?
ISA 37:1	YELLOW	Y-form	vestito		1.67	Quando il re Ezechia udì questo, strappò le sue vesti, si coprì di sacco ed entrò nella casa dell'Eterno.	Quando il re Ezechia ebbe udito questo, si stracciò le vesti, si coprì di un sacco, ed entrò nella casa dell’Eterno.	When King Hezekiah heard it, he tore his garments, put on sackcloth, and went into the house of the LORD.
ISA 66:4	YELLOW	Y-form	bambino		2.14	Anch'io sceglierò i loro bambinelli e porterò su di loro i loro granai, perché ho chiamato e nessuno ha risposto, ho parlato e non hanno ascoltato, e hanno fatto il male davanti ai miei occhi, e hanno scelto ciò che non mi era gradito.	così sceglierò io la loro sventura, e farò piombar loro addosso quel che paventano; poiché io ho chiamato, e nessuno ha risposto; ho parlato, ed essi non han dato ascolto; ma han fatto ciò ch’è male agli occhi miei, e han preferito ciò che mi dispiace.	I also choose delusion for them, and I will bring fear upon them, because I called and there was no answer, I spoke and they did not hear, and they did what was evil in my sight, and they chose what I did not desire.
JDG 11:35	YELLOW	Y-form	vestito		1.77	"Quando la vide, si stracciò le vesti e disse: ""Ah, figlia mia! Mi hai prostrato del tutto, e tu sei tra quelli che mi affliggono; e io ho aperto la mia bocca all'Eterno, e non posso tornare indietro."""	E, come la vide, si stracciò le vesti, e disse: “Ah, figlia mia! tu mi accasci, tu mi accasci; tu sei fra quelli che mi conturbano! poiché io ho dato parola all’Eterno, e non posso ritrarmene”.	"When he saw her, he tore his clothes and said, ""Alas, my daughter! You have brought me very low; you are among my most bitter enemies. I have opened my mouth to the LORD, and I cannot take back my vow."
JDG 16:2	YELLOW	Y-form	mattina		1.95	"Ai Gazziti fu detto: ""Sansone è venuto qui."" Allora lo circondarono e gli tesero un'imboscata tutta la notte alla porta della città, e rimasero in silenzio tutta la notte, dicendo: ""Fino alla luce del mattino, poi lo uccideremo."""	Fu detto a que’ di Gaza: “Sansone è venuto qua”. Ed essi lo circondarono, stettero in agguato tutta la notte presso la porta della città, e tutta quella notte se ne stettero queti dicendo: “Allo spuntar del giorno l’uccideremo”.	"To the Gazites, saying, ""Samson has come here""; so they surrounded and lay in wait for him all night at the gate of the city, and were silent all night, saying, ""Until the light of the morning—then we will kill him."""
JDG 19:25	YELLOW	Y-form	mattina		1.86	Gli uomini non vollero ascoltarlo; allora l'uomo prese la sua concubina e la condusse fuori da loro sulla strada; essi la conobbero e abusarono di lei tutta la notte fino al mattino, e la lasciarono andare allo spuntare dell'alba.	Ma quegli uomini non vollero dargli ascolto. Allora l’uomo prese la sua concubina e la menò fuori a loro; ed essi la conobbero, e abusarono di lei tutta la notte fino al mattino, poi, allo spuntar dell’alba, la lasciaron andare.	And the men did not consent to listen to him, so the man seized his concubine and brought her out to them abroad; they knew her and abused her all night long until the morning, and they let her go at daybreak.
JDG 3:21	YELLOW	Y-form	destra		1.38	Allora Eud stese la sua mano sinistra, prese la spada dal fianco destro, e gliela conficcò nel ventre.	e Ehud, stesa la mano sinistra, trasse la spada dal suo fianco destro, e gliela piantò nel ventre.	Ehud reached with his left hand, took the sword from his right thigh, and thrust it into his belly.
JDG 9:33	YELLOW	Y-form	mattina		2.20	E sarà al mattino, allo spuntare del sole, che ti alzerai presto e ti avventerai sulla città; ed ecco, lui e il popolo che è con lui usciranno contro di te, e farai a lui secondo ciò che la tua mano troverà da fare.	e domattina, non appena spunterà il sole, ti leverai e piomberai sulla città. E quando Gaal con la gente che è con lui uscirà contro a te, tu gli farai quel che sarà necessario”.	And it shall be in the morning at the rising of the sun, you shall rise early and rush upon the city; and behold, he and the people who are with him will come out to you, and you shall do to him according to what your hand shall find.
JER 10:5	YELLOW	Y-form	lavorato al martello		1.70	Come una palma lavorata al martello, essi sono, e non parlano; portati sono portati, perché non camminano. Non temete di loro, perché non possono fare male, né c'è in loro il fare bene.	Cotesti dèi son come pali in un orto di cocomeri, e non parlano; bisogna portarli, perché non posson camminare. Non li temete! perché non possono fare alcun male, e non è in loro potere di far del bene.	Like a palm tree of beaten work they stand and do not speak; carried they must be carried, for they cannot walk; do not fear them, for they cannot harm, nor can they do good.
JER 20:16	YELLOW	Y-form	mattina		2.00	E sia quell'uomo come le città che l'Eterno ha rovesciato e non si è pentito; e oda un grido al mattino e un giubilo al tempo del mezzogiorno.	Sia quell’uomo come le città che l’Eterno ha distrutte senza pentirsene! Oda egli delle grida il mattino, e clamori di guerra sul mezzodì;	And that man was like the city which the LORD overthrew and did not relent, and he heard a cry in the morning and a shout at the time of midday.
JER 21:12	YELLOW	Y-form	mattina		2.05	Casa di Davide, così dice l'Eterno: rendete giudizio al mattino e liberate il derubato dalla mano dell'oppressore, affinché il mio furore non esca come fuoco e bruci senza che alcuno lo spenga, a causa della malvagità delle loro azioni, davanti al mio volto.	O casa di Davide, così dice l’Eterno: Amministrate la giustizia fin dal mattino, e liberate dalla mano dell’oppressore, colui a cui è tolto il suo, affinché l’ira mia non divampi a guisa di fuoco, e arda sì che nessuno la possa spengere, per la malvagità delle vostre azioni.	The court of David: thus says the LORD, Execute justice in the morning and deliver the robbed from the hand of the oppressor, lest My anger go out like fire and burn with none to quench it because of the evil of their deeds.
JER 26:18	YELLOW	Y-form	Mica		1.82	"Micaia il Morastita profetizzava nei giorni di Ezechia, re di Giuda, e disse a tutto il popolo di Giuda: ""Così dice l'Eterno degli eserciti: Sion sarà arata come un campo, e Gerusalemme diventerà un cumulo di rovine, e il monte della casa sarà come gli alti luoghi di una foresta."""	“Michea, il Morashtita, profetizzò ai giorni d’Ezechia, re di Giuda, e parlò a tutto il popolo di Giuda in questi termini: Così dice l’Eterno degli eserciti: Sion sarà arata come un campo, Gerusalemme diventerà un monte di ruine, e la montagna del tempio, un’altura boscosa.	Micah the Morashthite was prophesying in the days of Hezekiah king of Judah, and he said to all the people of Judah: Thus says the LORD of hosts: Zion shall be plowed as a field, and Jerusalem shall become heaps, and the mountain of the temple as the high places of a forest.
JER 50:32	YELLOW	Y-form	superbia		2.17	E il superbo inciamperà e cadrà, e non vi sarà chi lo rialzi; e accenderò un fuoco nelle sue città, e divorerà tutto il suo intorno.	L’arrogante vacillerà, cadrà, e non vi sarà chi lo rialzi; e io appiccherò il fuoco alle sue città, ed esso divorerà tutti i suoi dintorni.	And the proud man will stumble and fall, and there is no one to raise him up, and I will kindle a fire in his towns, and it will consume all who are around him.
JER 52:33	YELLOW	Y-form	continuo		1.91	E cambiò i vestiti della sua prigione, e mangiò pane davanti al suo volto continuamente tutti i giorni della sua vita.	Gli fece mutare i suoi vestiti di prigione; e Joiakin mangiò sempre a tavola con lui per tutto il tempo ch’ei visse.	And he changed his prison apparel and ate bread before him continually all the days of his life.
JOB 11:17	YELLOW	Y-form	mattina		2.33	La tua vita sorgerà più luminosa del mezzogiorno; l'oscurità sarà come il mattino.	la tua vita sorgerà più fulgida del meriggio, l’oscurità sarà come la luce del mattino.	Your life will rise brighter than midday; though it grows dim, it will be like the morning.
JOB 38:7	YELLOW	Y-form	mattina		2.00	Quando le stelle del mattino cantavano insieme, e tutti i figli di Dio gridavano di gioia.	quando le stelle del mattino cantavan tutte assieme e tutti i figli di Dio davan in gridi di giubilo?	The morning stars sang together, and all the sons of God shouted for joy.
JOS 13:4	YELLOW	Y-form	terra		1.75	Dal mezzogiorno, tutto il territorio del Cananeo, e Meara, che appartiene ai Sidoni, fino ad Afek, fino al confine dell'Amoreo.	tutto il paese dei Cananei, e Meara che è dei Sidoni, sino ad Afek, sino al confine degli Amorei;	From the south side all the land of the Canaanite and Mearah which belongs to the Sidonians as far as Aphek, to the border of the Amorite.
JOS 18:28	YELLOW	Y-form	Gebusei		1.75	Zela, Elef, il Gebuseo, cioè Gerusalemme, Ghibeàt e Kiriat-Iearim: quattordici città con i loro cortili. Questa è l'eredità dei figli di Beniamino, secondo le loro famiglie.	Tsela, Elef, Gebus, che è Gerusalemme, Ghibeath e Kiriath: quattordici città i loro villaggi. Tale fu l’eredità dei figliuoli di Beniamino, secondo le loro famiglie.	And Zelah and Eleph and the Jebusite, that is Jerusalem, Gibeath and Kirjath, fourteen towns and their villages; this is the inheritance of the children of Benjamin according to their families.
JOS 24:17	YELLOW	Y-form	servo		2.00	Poiché l'Eterno, il nostro Dio, è colui che ha fatto salire noi e i nostri padri dalla terra d'Egitto, dalla casa di servitù, e che ha fatto davanti ai nostri occhi questi grandi segni, e ci ha custoditi in tutta la via per la quale abbiamo camminato, e fra tutti i popoli in mezzo ai quali siamo passati.	Poiché l’Eterno, il nostro Dio, è quegli che ha fatto salir noi e i padri nostri fuor dal paese d’Egitto, dalla casa di schiavitù, che ha fatto quei grandi miracoli dinanzi agli occhi nostri, e ci ha protetti per tutto il viaggio che abbiam fatto, e in mezzo a tutti i popoli fra i quali siamo passati;	For the LORD our God is the one who brought us and our ancestors up from the land of Egypt, from the house of bondage, and who did before our eyes these great signs, and protected us throughout the entire way that we traveled, and among all the peoples through whose midst we passed.
JOS 7:14	YELLOW	Y-form	mattina		2.00	Vi avvicinerete al mattino per le vostre tribù; e la tribù che l'Eterno avrà designato si avvicinerà per famiglie, e la famiglia che l'Eterno avrà designato si avvicinerà per case, e la casa che l'Eterno avrà designato si avvicinerà per uomini.	Domattina dunque v’accosterete tribù per tribù; e la tribù che l’Eterno designerà, s’accosterà famiglia per famiglia; e la famiglia che l’Eterno designerà, s’accosterà casa per casa; e la casa che l’Eterno avrà designata, s’accosterà persona per persona.	You shall come near in the morning by your tribes, and the tribe that the LORD takes shall come near by families, and the family that the LORD takes shall come near by households, and the household that the LORD takes shall come near by men.
LEV 10:12	YELLOW	Y-form	santo|santo		1.54	"Mosè parlò ad Aronne e a Eleazar e a Itamar, suoi figli rimasti: ""Prendete l'offerta che resta dai sacrifici consumati dal fuoco dell'Eterno, e mangiatela come pane azzimo presso l'altare, perché è cosa santissima."""	Poi Mosè disse ad Aaronne, ad Eleazar e ad Ithamar, i due figliuoli che restavano ad Aaronne: “Prendete quel che rimane dell’oblazione dei sacrifizi fatti mediante il fuoco all’Eterno, e mangiatelo senza lievito, presso l’altare; perché è cosa santissima.	Moses spoke to Aaron and to Eleazar and to Ithamar his sons that were left: Take the gift that is left from the offerings made by fire to the LORD, and eat it unleavened beside the altar, for it is most holy.
LEV 2:10	YELLOW	Y-form	santo|santo		2.56	E il resto dell'offerta sarà per Aronne e per i suoi figli: cosa santissima dai sacrifici fatti con il fuoco all'Eterno.	Ciò che rimarrà dell’oblazione sarà per Aaronne e per i suoi figliuoli; è cosa santissima tra i sacrifizi fatti mediante il fuoco all’Eterno.	And the remainder of the gift for Aaron and his sons is most holy from the offerings made by fire to the LORD.
LEV 2:3	YELLOW	Y-form	santo|santo		2.78	E il resto dell'offerta sarà per Aronne e per i suoi figli; è cosa santissima tra i sacrifici fatti con il fuoco all'Eterno.	Ciò che rimarrà dell’oblazione sarà per Aaronne e per i suoi figliuoli; è cosa santissima tra i sacrifizi fatti mediante il fuoco all’Eterno.	And the remainder of the oblation, for Aaron and his sons, is a most holy thing from the offerings made by fire to the LORD.
LEV 6:17	YELLOW	Y-form	santo|santo		2.58	Non sarà cotto con lievito; la loro parte l'ho data loro dai miei sacrifici; è cosa santissima, come il sacrificio per il peccato e come il sacrificio per la colpa.	Non la si cocerà con lievito; è la parte che ho data loro de’ miei sacrifizi fatti mediante il fuoco. E’ cosa santissima, come il sacrifizio per il peccato e come il sacrifizio di riparazione.	You shall not bake leaven in the portion I have given of my fire offering; it is most holy, like the sin offering and like the guilt offering.
LEV 6:29	YELLOW	Y-form	santo|santo		1.25	Ogni maschio tra i sacerdoti la mangerà; è cosa santissima.	Ogni maschio, fra i sacerdoti, ne potrà mangiare; è cosa santissima.	Every male among the priests may eat it; it is a most holy thing.
NAM 3:4	YELLOW	Y-form	favore		2.33	Per la moltitudine delle prostituzioni della prostituta, favorita di grazia, padrona di stregonerie, che vende le nazioni con le sue prostituzioni e le famiglie con le sue stregonerie.	E questo a cagione delle tante fornicazioni dell’avvenente prostituta, dell’abile incantatrice, che vendeva le nazioni con le sue fornicazioni, e i popoli con i suoi incantesimi.	Because of the abundance of her whoredom, the well-favoured mistress of sorceries, who sells nations through her whoredom and families through her sorceries.
NEH 13:23	YELLOW	Y-form	Asdodei|Asdodei		1.36	Anche in quei giorni vidi i Giudei che avevano preso donne asdodee, ammonite e moabite.	In que’ giorni vidi pure dei Giudei che s’erano ammogliati con donne di Ashdod, di Ammon e di Moab;	Also in those days I saw Jews who had married women of Ashdod, of Ammon, and of Moab.
NEH 5:5	YELLOW	Y-form	servo		2.61	E ora, la nostra carne è come la carne dei nostri fratelli, i loro figli come i nostri figli; ed ecco, noi sottoponiamo i nostri figli e le nostre figlie a servitù, e alcune delle nostre figlie sono già state sottoposte, e non c'è potere nella nostra mano, e i nostri campi e le nostre vigne appartengono ad altri.	Ora la nostra carne è come la carne de’ nostri fratelli, i nostri figliuoli son come i loro figliuoli; ed ecco che dobbiam sottoporre i nostri figliuoli e le nostre figliuole alla schiavitù, e alcune delle nostre figliuole son già ridotte schiave; e noi non possiamo farci nulla, giacché i nostri campi e le nostre vigne sono in mano d’altri”.	And now, our own flesh is like the flesh of our brothers, their children are like our children, yet we are enslaving our sons and our daughters, and some of our daughters are already enslaved, with no power in our hand, and our fields and our vineyards belong to others.
NEH 7:70	YELLOW	Y-form	sacerdote		1.44	E una parte dei capi dei padri diedero per il lavoro: il governatore diede al tesoro mille dariche d'oro, cinquanta coppe, e trentacinque tuniche sacerdotali.	Alcuni dei capi famiglia offriron dei doni per l’opera. Il governatore diede al tesoro mille dariche d’oro, cinquanta coppe, cinquecentotrenta vesti sacerdotali.	And some of the heads of the fathers gave for the work: the Tirshatha gave to the treasury a thousand gold drams, fifty bowls, and thirty-five thousand priestly garments.
NEH 7:72	YELLOW	Y-form	sacerdote		1.13	E il resto del popolo diede oro, ventimila dariche, e argento, duemila mine, e sessantasette tuniche sacerdotali.	Il resto del popolo dette ventimila dariche d’oro, duemila mine d’argento e sessantasette vesti sacerdotali.	And the remainder of the people gave twenty thousand darics of gold and two thousand manehs of silver and seventy-two priestly robes.
NUM 16:5	YELLOW	Y-form	mattina		1.70	"Parlò a Kore e a tutta la sua congregazione, dicendo: ""Al mattino l'Eterno farà conoscere chi è suo e chi è santo, e lo farà avvicinare a sé; e colui che egli sceglie, lo farà avvicinare a sé."""	poi parlò a Kore e a tutta la gente ch’era con lui, dicendo: “Domattina l’Eterno farà conoscere chi è suo e chi è santo, e se lo farà avvicinare: farà avvicinare a se colui ch’egli avrà scelto.	"And he spoke to Korah and to all his congregation, saying, ""In the morning the LORD will make known who is his and who is holy, and will cause him to come near to him; and the one whom he chooses, he will cause to come near to him."""
NUM 18:9	YELLOW	Y-form	santo|santo|santo|santo		2.09	Questo sarà per te dalle cose santissime, dal fuoco: ogni loro offerta, per ogni loro offerta di farina, e per ogni loro sacrificio per il peccato, e per ogni loro sacrificio per la colpa che renderanno a me—cosa santissima sarà per te e per i tuoi figli.	Questo ti apparterrà fra le cose santissime non consumate dal fuoco: tutte le loro offerte, vale a dire ogni oblazione, ogni sacrifizio per il peccato e ogni sacrifizio di riparazione che mi presenteranno; son tutte cose santissime che apparterranno a te ed ai tuoi figliuoli.	This shall be your portion from the most holy things, from the fire: all their offerings, every grain offering, every sin offering, and every guilt offering that they return to me—most holy things shall be yours and your sons'.
NUM 26:17	YELLOW	Y-form	Arodi		2.00	Di Arod, la famiglia degli Aroditi; di Areli, la famiglia degli Areliti.	da Arod, la famiglia degli Aroditi; da Areli, la famiglia degli Areliti.	Of Arod, the family of the Arodites; of Areli, the family of the Arelites.
NUM 26:21	YELLOW	Y-form	Chezron		1.89	I figli di Peres furono: da Cezron, la famiglia dei Chezroniti; da Camul, la famiglia dei Camuliti.	I figliuoli di Perets furono: Hetsron da cui discende la famiglia degli Hetsroniti; Hamul da cui discende la famiglia degli Hamuliti.	The sons of Perez were Hezron, the family of the Hezronites; Hamul, the family of the Hamulites.
NUM 26:6	YELLOW	Y-form	Chezron		2.00	A Cezron, la famiglia dei Chezroniti; a Carmi, la famiglia dei Carmiti.	Hetsron, da cui discende la famiglia degli Hetsroniti; Carmi da cui discende la famiglia de’ Carmiti.	To Hezron, the family of the Hezronites; to Carmi, the family of the Carmites.
NUM 6:9	YELLOW	Y-form	improvviso		1.81	E se qualcuno muore improvvisamente accanto a lui, contaminando il capo del suo diadema, allora raderà il suo capo nel giorno della sua purificazione; nel settimo giorno lo raderà.	E se uno gli muore accanto improvvisamente, e il suo capo consacrato rimane così contaminato, si raderà il capo il giorno della sua purificazione; se lo raderà il settimo giorno;	If a person should suddenly die upon him, defiling the head of his consecration, then he shall shave his head on the day of his purification; on the seventh day he shall shave it.
NUM 7:61	YELLOW	Y-form	santo		1.80	La sua offerta era un piatto d'argento del peso di centotrenta sicli, una coppa d'argento di settanta sicli, secondo il siclo del santuario; entrambi pieni di fior di farina impastata con olio, per offerta.	La sua offerta fu un piatto d’argento del peso di centotrenta sicli, un bacino d’argento di settanta sicli, secondo il siclo del santuario, ambedue pieni di fior di farina intrisa con olio, per l’oblazione;	Its offering was one silver dish weighing one hundred and thirty [shekels], one silver bowl of seventy shekels by the weight of the sanctuary, both of them full of fine flour mixed with oil for a grain offering.
NUM 9:16	YELLOW	Y-form	continuo		1.75	Così sarà continuamente: la nuvola lo coprirà, e l'aspetto di fuoco di notte.	Così avveniva sempre: la nuvola copriva il tabernacolo, e di notte avea l’apparenza d’un fuoco.	So shall the cloud continually cover it, and the appearance of fire by night.
PRO 11:7	YELLOW	Y-form	iniquità		1.88	Alla morte dell'uomo malvagio perisce la speranza, e l'attesa degli iniqui è perduta.	Quando un empio muore, la sua speranza perisce, e l’aspettazione degl’iniqui e annientata.	When a wicked man dies, hope perishes; the expectation of the violent is lost.
PRO 16:29	YELLOW	Y-form	violenza		2.12	L'uomo violento seduce il suo prossimo e lo conduce per una via che non è buona.	L’uomo violento trascina il compagno, e lo mena per una via non buona.	A violent man entices his neighbor and leads him in a way that is not good.
PSA 107:34	YELLOW	Y-form	frutto		2.00	La terra fruttifera in terra salata, per il male dei suoi abitanti.	la terra fertile in pianura di sale, per la malvagità de’ suoi abitanti.	A land of fruit turned to salt land because of the wickedness of its inhabitants.
PSA 11:4	YELLOW	Y-form	santo		2.33	L'Eterno è nel tempio della sua santità; l'Eterno ha il suo trono nei cieli; i suoi occhi vedono, le sue palpebre esaminano i figli degli uomini.	L’Eterno è nel tempio della sua santità; l’Eterno ha il suo trono nei cieli; i suoi occhi veggono, le sue palpebre scrutano i figliuoli degli uomini.	The LORD in his holy temple, the LORD has his throne in the heavens; his eyes behold, his eyelids test the children of men.
PSA 134:2	YELLOW	Y-form	santo		1.67	Alzate le vostre mani in santità e benedite l'Eterno.	Levate le vostre mani verso il santuario, e benedite l’Eterno!	Lift up your hands in holiness and bless the LORD.
PSA 25:19	YELLOW	Y-form	violenza		2.00	Guarda i miei nemici, poiché sono molti, e con odio violento mi hanno odiato.	Vedi i miei nemici, perché son molti, e m’odiano d’un odio violento.	See how my enemies are many and how hatefully they hate me with violence.
PSA 31:21	YELLOW	Y-form	assedio		2.12	Benedetto l'Eterno, perché ha fatto meravigliosa la sua benignità verso di me in una città assediata.	Sia benedetto l’Eterno! poich’egli ha reso mirabile la sua benignità per me, ponendomi come in una città fortificata.	Blessed be the LORD, for he has shown his wonderful lovingkindness to me in a besieged city.
PSA 35:13	YELLOW	Y-form	vestito		2.18	Ma io, quando erano malati, mi vestivo di sacco, umiliavo con il digiuno la mia anima, e la mia preghiera tornava sul mio seno.	Eppure io, quand’eran malati, vestivo il cilicio, affliggevo l’anima mia col digiuno, e pregavo col capo curvo sul seno…	But as for me, in their time of distress I clothed myself with sackcloth; I afflicted my soul with fasting, and my prayer returned upon my bosom.
PSA 46:5	YELLOW	Y-form	mattina		2.00	Dio è in mezzo a lei; non sarà smossa; Dio la aiuterà al volgersi del mattino.	Iddio è nel mezzo di lei; essa non sarà smossa. Iddio la soccorrerà allo schiarire del mattino.	God in her midst—she shall not be moved; God shall help her at morning's dawn.
PSA 47:8	YELLOW	Y-form	santo		1.22	Dio regna sulle nazioni; Dio siede sul trono della sua santità.	Iddio regna sulle nazioni; Iddio siede sul trono della sua santità.	God reigns over the nations; God sits on the throne of his holiness.
PSA 49:14	YELLOW	Y-form	mattina		2.57	Come pecore sono posti nel soggiorno dei morti; la morte li pascerà, e i retti domineranno su di loro al mattino; il loro idolo sarà consumato nel soggiorno dei morti, lontano dalla loro dimora di roccia.	Son cacciati come pecore nel soggiorno de’ morti; la morte è il loro pastore; ed al mattino gli uomini retti li calpestano. La lor gloria ha da consumarsi nel soggiorno de’ morti, né avrà altra dimora.	Like sheep they are appointed for the grave; death shall feed them, and the upright shall rule over them in the morning; their form shall be consumed by the grave, away from their dwelling.
PSA 57:6	YELLOW	Y-form	volta		2.55	Hanno preparato una rete per i miei passi; hanno piegato la mia anima; hanno scavato una fossa davanti al mio volto; sono caduti in mezzo ad essa. Sela.	Essi avevano teso una rete ai miei passi; l’anima mia era accasciata; avevano scavata una fossa dinanzi a me, ma essi vi son caduti dentro. Sela.	They have prepared a net-work for my feet; they have brought down my life; they have dug a pit before me; they have fallen into the midst of it. Selah.
PSA 59:16	YELLOW	Y-form	mattina		2.00	Ma io canterò la tua forza e celebrerò al mattino la tua benignità, perché sei stato un rifugio per me e un riparo nel giorno della mia angoscia.	Ma io canterò la tua potenza, e al mattino loderò ad alta voce la tua benignità, perché tu sei stato per me un alto ricetto, un rifugio nel giorno della mia distretta.	But I will sing of your strength and will rejoice in your mercy at morning, for you have been a fortress for me and a refuge in the day of distress.
PSA 5:3	YELLOW	Y-form	mattina|mattina		2.25	O Eterno, al mattino ascolterai la mia voce; al mattino mi presenterò a te e starò in attesa.	O Eterno, al mattino tu ascolterai la mia voce; al mattino ti offrirò la mia preghiera e aspetterò;	LORD, in the morning You will hear my voice; in the morning I will prepare for You and watch.
PSA 60:9	YELLOW	Y-form	assedio		1.50	Chi mi condurrà alla città assediata? Chi mi guiderà fino a Edom?	Chi mi condurrà nella città forte? Chi mi menerà fino in Edom?	Who will bring me to the fortified city? Who will lead me to Edom?
PSA 71:3	YELLOW	Y-form	continuo		2.33	Sii per me una roccia di dimora, a cui io possa venire continuamente; tu hai comandato di salvarmi, perché tu sei la mia roccia e la mia fortezza.	Siimi una ròcca, una dimora ove io possa sempre rifugiarmi! Tu hai prescritto ch’io sia salvato, perché sei la mia rupe e la mia fortezza.	Be to me a rock of habitation to which I may continually come; you have commanded to save me, for you are my rock and my fortress.
PSA 89:35	YELLOW	Y-form	santo		2.00	Una cosa ho giurato per la mia santità: non mentirò a Davide.	Una cosa ho giurata per la mia santità, e non mentirò a Davide:	One thing I have sworn by my holiness: I will not lie to David.
PSA 90:14	YELLOW	Y-form	mattina		2.86	Saziaci al mattino con la tua benignità, e noi canteremo con gioia e ci rallegreremo in tutti i nostri giorni.	Saziaci al mattino della tua benignità, e noi giubileremo, ci rallegreremo tutti i dì nostri.	Satisfy us in the morning with your kindness, and we will shout for joy and be glad all our days.
ZEC 11:17	YELLOW	Y-form	destra|destra		1.78	Guai all'idolo, pastore che abbandona le pecore: spada sul suo braccio e sul suo occhio destro; il suo braccio si seccherà del tutto, e il suo occhio destro si offuscherà completamente.	Guai al pastore da nulla, che abbandona il gregge! La spada gli colpirà il braccio e l’occhio destro. Il braccio gli seccherà del tutto, e l’occhio destro gli si spegnerà interamente.	Woe to the idol, the shepherd who forsakes the flock—a sword against his arm and against his right eye: his arm shall utterly wither, and his right eye shall completely go blind.
