JUD 1:1  wrote 065_JUD_001_001_GOI_It.txt
JUD 1:2  wrote 065_JUD_001_002_GOI_It.txt
JUD 1:3  wrote 065_JUD_001_003_GOI_It.txt
JUD 1:4  wrote 065_JUD_001_004_GOI_It.txt
JUD 1:5  wrote 065_JUD_001_005_GOI_It.txt
JUD 1:6  wrote 065_JUD_001_006_GOI_It.txt
JUD 1:7  wrote 065_JUD_001_007_GOI_It.txt
JUD 1:8  wrote 065_JUD_001_008_GOI_It.txt
JUD 1:9  wrote 065_JUD_001_009_GOI_It.txt
JUD 1:10  wrote 065_JUD_001_010_GOI_It.txt
JUD 1:11  wrote 065_JUD_001_011_GOI_It.txt
JUD 1:12  wrote 065_JUD_001_012_GOI_It.txt
JUD 1:13  wrote 065_JUD_001_013_GOI_It.txt
JUD 1:14  wrote 065_JUD_001_014_GOI_It.txt
JUD 1:15  wrote 065_JUD_001_015_GOI_It.txt
JUD 1:16  wrote 065_JUD_001_016_GOI_It.txt
JUD 1:17  wrote 065_JUD_001_017_GOI_It.txt
JUD 1:18  wrote 065_JUD_001_018_GOI_It.txt
JUD 1:19  wrote 065_JUD_001_019_GOI_It.txt
JUD 1:20  wrote 065_JUD_001_020_GOI_It.txt
JUD 1:21  wrote 065_JUD_001_021_GOI_It.txt
JUD 1:22  wrote 065_JUD_001_022_GOI_It.txt
JUD 1:23  wrote 065_JUD_001_023_GOI_It.txt
JUD 1:24  wrote 065_JUD_001_024_GOI_It.txt
JUD 1:25  wrote 065_JUD_001_025_GOI_It.txt
Done. Wrote 25 verse(s); skipped 0.
MAT 1:1  wrote 040_MAT_001_001_GOI_It.txt
MAT 1:2  wrote 040_MAT_001_002_GOI_It.txt
MAT 1:3  wrote 040_MAT_001_003_GOI_It.txt
MAT 1:4  wrote 040_MAT_001_004_GOI_It.txt
MAT 1:5  wrote 040_MAT_001_005_GOI_It.txt
MAT 1:6  wrote 040_MAT_001_006_GOI_It.txt
MAT 1:7  wrote 040_MAT_001_007_GOI_It.txt
MAT 1:8  wrote 040_MAT_001_008_GOI_It.txt
MAT 1:9  wrote 040_MAT_001_009_GOI_It.txt
MAT 1:10  wrote 040_MAT_001_010_GOI_It.txt
MAT 1:11  wrote 040_MAT_001_011_GOI_It.txt
MAT 1:12  wrote 040_MAT_001_012_GOI_It.txt
MAT 1:13  wrote 040_MAT_001_013_GOI_It.txt
MAT 1:14  wrote 040_MAT_001_014_GOI_It.txt
MAT 1:15  wrote 040_MAT_001_015_GOI_It.txt
MAT 1:16  wrote 040_MAT_001_016_GOI_It.txt
MAT 1:17  wrote 040_MAT_001_017_GOI_It.txt
Traceback (most recent call last):
  File "/home/albert/projects/bible/Meta_Bible_Data/Bible_Noun_Extraction/translate_verses.py", line 601, in <module>
    main()
    ~~~~^^
  File "/home/albert/projects/bible/Meta_Bible_Data/Bible_Noun_Extraction/translate_verses.py", line 577, in main
    raise RuntimeError(
    ...<2 lines>...
    )
RuntimeError: MAT 1:18: rejected before write; missing required noun anchors: ['gravida']; candidate='Ora la nascita di Gesù Cristo era così: essendo stata fidanzata sua madre Maria con Giuseppe, prima che venissero insieme, fu trovata incinta per opera dello Spirito Santo.\n'
MAT 1:1  skipped (already exists)
MAT 1:2  skipped (already exists)
MAT 1:3  skipped (already exists)
MAT 1:4  skipped (already exists)
MAT 1:5  skipped (already exists)
MAT 1:6  skipped (already exists)
MAT 1:7  skipped (already exists)
MAT 1:8  skipped (already exists)
MAT 1:9  skipped (already exists)
MAT 1:10  skipped (already exists)
MAT 1:11  skipped (already exists)
MAT 1:12  skipped (already exists)
MAT 1:13  skipped (already exists)
MAT 1:14  skipped (already exists)
MAT 1:15  skipped (already exists)
MAT 1:16  skipped (already exists)
MAT 1:17  skipped (already exists)
Traceback (most recent call last):
  File "/home/albert/projects/bible/Meta_Bible_Data/Bible_Noun_Extraction/translate_verses.py", line 601, in <module>
    main()
    ~~~~^^
  File "/home/albert/projects/bible/Meta_Bible_Data/Bible_Noun_Extraction/translate_verses.py", line 577, in main
    raise RuntimeError(
    ...<2 lines>...
    )
RuntimeError: MAT 1:18: rejected before write; missing required noun anchors: ['gravida']; candidate='Ora la nascita di Gesù Cristo era così: essendo stata fidanzata sua madre Maria a Giuseppe, prima che venissero insieme, fu trovata incinta per opera dello Spirito Santo.\n'
MAT 1:1  skipped (already exists)
MAT 1:2  skipped (already exists)
MAT 1:3  skipped (already exists)
MAT 1:4  skipped (already exists)
MAT 1:5  skipped (already exists)
MAT 1:6  skipped (already exists)
MAT 1:7  skipped (already exists)
MAT 1:8  skipped (already exists)
MAT 1:9  skipped (already exists)
MAT 1:10  skipped (already exists)
MAT 1:11  skipped (already exists)
MAT 1:12  skipped (already exists)
MAT 1:13  skipped (already exists)
MAT 1:14  skipped (already exists)
MAT 1:15  skipped (already exists)
MAT 1:16  skipped (already exists)
MAT 1:17  skipped (already exists)
Traceback (most recent call last):
  File "/home/albert/projects/bible/Meta_Bible_Data/Bible_Noun_Extraction/translate_verses.py", line 601, in <module>
    main()
    ~~~~^^
  File "/home/albert/projects/bible/Meta_Bible_Data/Bible_Noun_Extraction/translate_verses.py", line 577, in main
    raise RuntimeError(
    ...<2 lines>...
    )
RuntimeError: MAT 1:18: rejected before write; missing required noun anchors: ['gravida']; candidate='Ora la nascita di Gesù Cristo era così: essendo stata fidanzata sua madre Maria a Giuseppe, prima che venissero insieme, fu trovata incinta per opera dello Spirito Santo.\n'
MAT 1:19  wrote 040_MAT_001_019_GOI_It.txt
Done. Wrote 1 verse(s); skipped 0.
MAT 1:20  wrote 040_MAT_001_020_GOI_It.txt
Done. Wrote 1 verse(s); skipped 0.
MAT 1:21  wrote 040_MAT_001_021_GOI_It.txt
Done. Wrote 1 verse(s); skipped 0.
MAT 1:22  wrote 040_MAT_001_022_GOI_It.txt
Done. Wrote 1 verse(s); skipped 0.
MAT 1:23  wrote 040_MAT_001_023_GOI_It.txt
Done. Wrote 1 verse(s); skipped 0.
MAT 1:24  wrote 040_MAT_001_024_GOI_It.txt
Done. Wrote 1 verse(s); skipped 0.
MAT 1:25  wrote 040_MAT_001_025_GOI_It.txt
Done. Wrote 1 verse(s); skipped 0.
MAT 2:1  wrote 040_MAT_002_001_GOI_It.txt
MAT 2:2  wrote 040_MAT_002_002_GOI_It.txt
MAT 2:3  wrote 040_MAT_002_003_GOI_It.txt
MAT 2:4  wrote 040_MAT_002_004_GOI_It.txt
MAT 2:5  wrote 040_MAT_002_005_GOI_It.txt
MAT 2:6  wrote 040_MAT_002_006_GOI_It.txt
MAT 2:7  wrote 040_MAT_002_007_GOI_It.txt
MAT 2:8  wrote 040_MAT_002_008_GOI_It.txt
MAT 2:9  wrote 040_MAT_002_009_GOI_It.txt
MAT 2:10  wrote 040_MAT_002_010_GOI_It.txt
MAT 2:11  wrote 040_MAT_002_011_GOI_It.txt
MAT 2:12  wrote 040_MAT_002_012_GOI_It.txt
MAT 2:13  wrote 040_MAT_002_013_GOI_It.txt
MAT 2:14  wrote 040_MAT_002_014_GOI_It.txt
MAT 2:15  wrote 040_MAT_002_015_GOI_It.txt
MAT 2:16  wrote 040_MAT_002_016_GOI_It.txt
MAT 2:17  wrote 040_MAT_002_017_GOI_It.txt
MAT 2:18  wrote 040_MAT_002_018_GOI_It.txt
MAT 2:19  wrote 040_MAT_002_019_GOI_It.txt
MAT 2:20  wrote 040_MAT_002_020_GOI_It.txt
MAT 2:21  wrote 040_MAT_002_021_GOI_It.txt
MAT 2:22  wrote 040_MAT_002_022_GOI_It.txt
MAT 2:23  wrote 040_MAT_002_023_GOI_It.txt
Done. Wrote 23 verse(s); skipped 0.
MAT 3:1  wrote 040_MAT_003_001_GOI_It.txt
MAT 3:2  wrote 040_MAT_003_002_GOI_It.txt
MAT 3:3  wrote 040_MAT_003_003_GOI_It.txt
Traceback (most recent call last):
  File "/home/albert/projects/bible/Meta_Bible_Data/Bible_Noun_Extraction/translate_verses.py", line 601, in <module>
    main()
    ~~~~^^
  File "/home/albert/projects/bible/Meta_Bible_Data/Bible_Noun_Extraction/translate_verses.py", line 577, in main
    raise RuntimeError(
    ...<2 lines>...
    )
RuntimeError: MAT 3:4: rejected before write; missing required noun anchors: ['capello']; candidate='Ora Giovanni stesso aveva il suo vestito fatto di peli di cammello e una cintura di cuoio attorno ai lombi, e il suo cibo erano locuste e miele selvatico.\n'
MAT 3:1  skipped (already exists)
MAT 3:2  skipped (already exists)
MAT 3:3  skipped (already exists)
Traceback (most recent call last):
  File "/home/albert/projects/bible/Meta_Bible_Data/Bible_Noun_Extraction/translate_verses.py", line 601, in <module>
    main()
    ~~~~^^
  File "/home/albert/projects/bible/Meta_Bible_Data/Bible_Noun_Extraction/translate_verses.py", line 577, in main
    raise RuntimeError(
    ...<2 lines>...
    )
RuntimeError: MAT 3:4: rejected before write; missing required noun anchors: ['capello']; candidate='Ora Giovanni stesso aveva il suo vestito fatto di peli di cammello e una cintura di cuoio attorno ai lombi, e il suo cibo erano locuste e miele selvatico.\n'
MAT 3:1  skipped (already exists)
MAT 3:2  skipped (already exists)
MAT 3:3  skipped (already exists)
Traceback (most recent call last):
  File "/home/albert/projects/bible/Meta_Bible_Data/Bible_Noun_Extraction/translate_verses.py", line 601, in <module>
    main()
    ~~~~^^
  File "/home/albert/projects/bible/Meta_Bible_Data/Bible_Noun_Extraction/translate_verses.py", line 577, in main
    raise RuntimeError(
    ...<2 lines>...
    )
RuntimeError: MAT 3:4: rejected before write; missing required noun anchors: ['capello']; candidate='Ora Giovanni stesso aveva il suo vestito fatto di peli di cammello e una cintura di cuoio attorno ai lombi, e il suo cibo erano locuste e miele selvatico.\n'
MAT 3:5  wrote 040_MAT_003_005_GOI_It.txt
Done. Wrote 1 verse(s); skipped 0.
MAT 3:6  wrote 040_MAT_003_006_GOI_It.txt
Done. Wrote 1 verse(s); skipped 0.
MAT 3:7  wrote 040_MAT_003_007_GOI_It.txt
Done. Wrote 1 verse(s); skipped 0.
MAT 3:8  wrote 040_MAT_003_008_GOI_It.txt
Done. Wrote 1 verse(s); skipped 0.
MAT 3:9  wrote 040_MAT_003_009_GOI_It.txt
Done. Wrote 1 verse(s); skipped 0.
MAT 3:10  wrote 040_MAT_003_010_GOI_It.txt
Done. Wrote 1 verse(s); skipped 0.
MAT 3:11  wrote 040_MAT_003_011_GOI_It.txt
Done. Wrote 1 verse(s); skipped 0.
MAT 3:12  wrote 040_MAT_003_012_GOI_It.txt
Done. Wrote 1 verse(s); skipped 0.
MAT 3:13  wrote 040_MAT_003_013_GOI_It.txt
Done. Wrote 1 verse(s); skipped 0.
MAT 3:14  wrote 040_MAT_003_014_GOI_It.txt
Done. Wrote 1 verse(s); skipped 0.
MAT 3:15  wrote 040_MAT_003_015_GOI_It.txt
Done. Wrote 1 verse(s); skipped 0.
MAT 3:16  wrote 040_MAT_003_016_GOI_It.txt
Done. Wrote 1 verse(s); skipped 0.
MAT 3:17  wrote 040_MAT_003_017_GOI_It.txt
Done. Wrote 1 verse(s); skipped 0.
MAT 4:1  wrote 040_MAT_004_001_GOI_It.txt
MAT 4:2  wrote 040_MAT_004_002_GOI_It.txt
MAT 4:3  wrote 040_MAT_004_003_GOI_It.txt
MAT 4:4  wrote 040_MAT_004_004_GOI_It.txt
MAT 4:5  wrote 040_MAT_004_005_GOI_It.txt
MAT 4:6  wrote 040_MAT_004_006_GOI_It.txt
MAT 4:7  wrote 040_MAT_004_007_GOI_It.txt
MAT 4:8  wrote 040_MAT_004_008_GOI_It.txt
MAT 4:9  wrote 040_MAT_004_009_GOI_It.txt
MAT 4:10  wrote 040_MAT_004_010_GOI_It.txt
MAT 4:11  wrote 040_MAT_004_011_GOI_It.txt
MAT 4:12  wrote 040_MAT_004_012_GOI_It.txt
MAT 4:13  wrote 040_MAT_004_013_GOI_It.txt
MAT 4:14  wrote 040_MAT_004_014_GOI_It.txt
Traceback (most recent call last):
  File "/home/albert/projects/bible/Meta_Bible_Data/Bible_Noun_Extraction/translate_verses.py", line 601, in <module>
    main()
    ~~~~^^
  File "/home/albert/projects/bible/Meta_Bible_Data/Bible_Noun_Extraction/translate_verses.py", line 577, in main
    raise RuntimeError(
    ...<2 lines>...
    )
RuntimeError: MAT 4:15: rejected before write; missing required noun anchors: ['gentile']; candidate='Terra di Zabulon e terra di Neftali, via del mare, oltre il Giordano, Galilea delle genti.\n'
MAT 4:1  skipped (already exists)
MAT 4:2  skipped (already exists)
MAT 4:3  skipped (already exists)
MAT 4:4  skipped (already exists)
MAT 4:5  skipped (already exists)
MAT 4:6  skipped (already exists)
MAT 4:7  skipped (already exists)
MAT 4:8  skipped (already exists)
MAT 4:9  skipped (already exists)
MAT 4:10  skipped (already exists)
MAT 4:11  skipped (already exists)
MAT 4:12  skipped (already exists)
MAT 4:13  skipped (already exists)
MAT 4:14  skipped (already exists)
Traceback (most recent call last):
  File "/home/albert/projects/bible/Meta_Bible_Data/Bible_Noun_Extraction/translate_verses.py", line 601, in <module>
    main()
    ~~~~^^
  File "/home/albert/projects/bible/Meta_Bible_Data/Bible_Noun_Extraction/translate_verses.py", line 577, in main
    raise RuntimeError(
    ...<2 lines>...
    )
RuntimeError: MAT 4:15: rejected before write; missing required noun anchors: ['gentile']; candidate='Terra di Zabulon e terra di Neftali, via del mare, oltre il Giordano, Galilea delle genti.\n'
MAT 4:1  skipped (already exists)
MAT 4:2  skipped (already exists)
MAT 4:3  skipped (already exists)
MAT 4:4  skipped (already exists)
MAT 4:5  skipped (already exists)
MAT 4:6  skipped (already exists)
MAT 4:7  skipped (already exists)
MAT 4:8  skipped (already exists)
MAT 4:9  skipped (already exists)
MAT 4:10  skipped (already exists)
MAT 4:11  skipped (already exists)
MAT 4:12  skipped (already exists)
MAT 4:13  skipped (already exists)
MAT 4:14  skipped (already exists)
Traceback (most recent call last):
  File "/home/albert/projects/bible/Meta_Bible_Data/Bible_Noun_Extraction/translate_verses.py", line 601, in <module>
    main()
    ~~~~^^
  File "/home/albert/projects/bible/Meta_Bible_Data/Bible_Noun_Extraction/translate_verses.py", line 577, in main
    raise RuntimeError(
    ...<2 lines>...
    )
RuntimeError: MAT 4:15: rejected before write; missing required noun anchors: ['gentile']; candidate='Terra di Zabulon e terra di Neftali, via del mare, oltre il Giordano, Galilea delle genti.\n'
MAT 4:16  wrote 040_MAT_004_016_GOI_It.txt
Done. Wrote 1 verse(s); skipped 0.
MAT 4:17  wrote 040_MAT_004_017_GOI_It.txt
Done. Wrote 1 verse(s); skipped 0.
MAT 4:18  wrote 040_MAT_004_018_GOI_It.txt
Done. Wrote 1 verse(s); skipped 0.
MAT 4:19  wrote 040_MAT_004_019_GOI_It.txt
Done. Wrote 1 verse(s); skipped 0.
MAT 4:20  wrote 040_MAT_004_020_GOI_It.txt
Done. Wrote 1 verse(s); skipped 0.
MAT 4:21  wrote 040_MAT_004_021_GOI_It.txt
Done. Wrote 1 verse(s); skipped 0.
MAT 4:22  wrote 040_MAT_004_022_GOI_It.txt
Done. Wrote 1 verse(s); skipped 0.
MAT 4:23  wrote 040_MAT_004_023_GOI_It.txt
Done. Wrote 1 verse(s); skipped 0.
Traceback (most recent call last):
  File "/home/albert/projects/bible/Meta_Bible_Data/Bible_Noun_Extraction/translate_verses.py", line 601, in <module>
    main()
    ~~~~^^
  File "/home/albert/projects/bible/Meta_Bible_Data/Bible_Noun_Extraction/translate_verses.py", line 577, in main
    raise RuntimeError(
    ...<2 lines>...
    )
RuntimeError: MAT 4:24: rejected before write; missing required noun anchors: ['udito']; candidate='La sua fama si diffuse per tutta la Siria, e gli portarono tutti quelli che stavano male, afflitti da varie malattie e tormenti, e indemoniati, e lunatici, e paralitici, ed egli li guarì.\n'
MAT 4:25  wrote 040_MAT_004_025_GOI_It.txt
Done. Wrote 1 verse(s); skipped 0.
Traceback (most recent call last):
  File "/home/albert/projects/bible/Meta_Bible_Data/Bible_Noun_Extraction/translate_verses.py", line 601, in <module>
    main()
    ~~~~^^
  File "/home/albert/projects/bible/Meta_Bible_Data/Bible_Noun_Extraction/translate_verses.py", line 577, in main
    raise RuntimeError(
    ...<2 lines>...
    )
RuntimeError: MAT 4:24: rejected before write; missing required noun anchors: ['udito']; candidate='La sua fama si diffuse in tutta la Siria, e gli portarono tutti quelli che stavano male, afflitti da varie malattie e tormenti, e indemoniati, e lunatici, e paralitici, ed egli li guarì.\n'
Traceback (most recent call last):
  File "/home/albert/projects/bible/Meta_Bible_Data/Bible_Noun_Extraction/translate_verses.py", line 601, in <module>
    main()
    ~~~~^^
  File "/home/albert/projects/bible/Meta_Bible_Data/Bible_Noun_Extraction/translate_verses.py", line 577, in main
    raise RuntimeError(
    ...<2 lines>...
    )
RuntimeError: MAT 4:24: rejected before write; missing required noun anchors: ['udito']; candidate='La sua fama si diffuse per tutta la Siria, e gli portarono tutti quelli che stavano male, afflitti da varie malattie e tormenti, e indemoniati, e lunatici, e paralitici, ed egli li guarì.\n'
MAT 5:1  wrote 040_MAT_005_001_GOI_It.txt
MAT 5:2  wrote 040_MAT_005_002_GOI_It.txt
MAT 5:3  wrote 040_MAT_005_003_GOI_It.txt
MAT 5:4  wrote 040_MAT_005_004_GOI_It.txt
MAT 5:5  wrote 040_MAT_005_005_GOI_It.txt
MAT 5:6  wrote 040_MAT_005_006_GOI_It.txt
MAT 5:7  wrote 040_MAT_005_007_GOI_It.txt
MAT 5:8  wrote 040_MAT_005_008_GOI_It.txt
MAT 5:9  wrote 040_MAT_005_009_GOI_It.txt
MAT 5:10  wrote 040_MAT_005_010_GOI_It.txt
MAT 5:11  wrote 040_MAT_005_011_GOI_It.txt
MAT 5:12  wrote 040_MAT_005_012_GOI_It.txt
MAT 5:13  wrote 040_MAT_005_013_GOI_It.txt
MAT 5:14  wrote 040_MAT_005_014_GOI_It.txt
MAT 5:15  wrote 040_MAT_005_015_GOI_It.txt
MAT 5:16  wrote 040_MAT_005_016_GOI_It.txt
MAT 5:17  wrote 040_MAT_005_017_GOI_It.txt
MAT 5:18  wrote 040_MAT_005_018_GOI_It.txt
MAT 5:19  wrote 040_MAT_005_019_GOI_It.txt
MAT 5:20  wrote 040_MAT_005_020_GOI_It.txt
MAT 5:21  wrote 040_MAT_005_021_GOI_It.txt
MAT 5:22  wrote 040_MAT_005_022_GOI_It.txt
MAT 5:23  wrote 040_MAT_005_023_GOI_It.txt
MAT 5:24  wrote 040_MAT_005_024_GOI_It.txt
MAT 5:25  wrote 040_MAT_005_025_GOI_It.txt
MAT 5:26  wrote 040_MAT_005_026_GOI_It.txt
MAT 5:27  wrote 040_MAT_005_027_GOI_It.txt
MAT 5:28  wrote 040_MAT_005_028_GOI_It.txt
MAT 5:29  wrote 040_MAT_005_029_GOI_It.txt
MAT 5:30  wrote 040_MAT_005_030_GOI_It.txt
MAT 5:31  wrote 040_MAT_005_031_GOI_It.txt
MAT 5:32  wrote 040_MAT_005_032_GOI_It.txt
MAT 5:33  wrote 040_MAT_005_033_GOI_It.txt
MAT 5:34  wrote 040_MAT_005_034_GOI_It.txt
MAT 5:35  wrote 040_MAT_005_035_GOI_It.txt
MAT 5:36  wrote 040_MAT_005_036_GOI_It.txt
MAT 5:37  wrote 040_MAT_005_037_GOI_It.txt
MAT 5:38  wrote 040_MAT_005_038_GOI_It.txt
MAT 5:39  wrote 040_MAT_005_039_GOI_It.txt
MAT 5:40  wrote 040_MAT_005_040_GOI_It.txt
MAT 5:41  wrote 040_MAT_005_041_GOI_It.txt
MAT 5:42  wrote 040_MAT_005_042_GOI_It.txt
MAT 5:43  wrote 040_MAT_005_043_GOI_It.txt
MAT 5:44  wrote 040_MAT_005_044_GOI_It.txt
MAT 5:45  wrote 040_MAT_005_045_GOI_It.txt
MAT 5:46  wrote 040_MAT_005_046_GOI_It.txt
MAT 5:47  wrote 040_MAT_005_047_GOI_It.txt
MAT 5:48  wrote 040_MAT_005_048_GOI_It.txt
Done. Wrote 48 verse(s); skipped 0.
MAT 6:1  wrote 040_MAT_006_001_GOI_It.txt
MAT 6:2  wrote 040_MAT_006_002_GOI_It.txt
MAT 6:3  wrote 040_MAT_006_003_GOI_It.txt
MAT 6:4  wrote 040_MAT_006_004_GOI_It.txt
MAT 6:5  wrote 040_MAT_006_005_GOI_It.txt
MAT 6:6  wrote 040_MAT_006_006_GOI_It.txt
MAT 6:7  wrote 040_MAT_006_007_GOI_It.txt
MAT 6:8  wrote 040_MAT_006_008_GOI_It.txt
MAT 6:9  wrote 040_MAT_006_009_GOI_It.txt
MAT 6:10  wrote 040_MAT_006_010_GOI_It.txt
MAT 6:11  wrote 040_MAT_006_011_GOI_It.txt
MAT 6:12  wrote 040_MAT_006_012_GOI_It.txt
MAT 6:13  wrote 040_MAT_006_013_GOI_It.txt
MAT 6:14  wrote 040_MAT_006_014_GOI_It.txt
MAT 6:15  wrote 040_MAT_006_015_GOI_It.txt
MAT 6:16  wrote 040_MAT_006_016_GOI_It.txt
MAT 6:17  wrote 040_MAT_006_017_GOI_It.txt
MAT 6:18  wrote 040_MAT_006_018_GOI_It.txt
MAT 6:19  wrote 040_MAT_006_019_GOI_It.txt
MAT 6:20  wrote 040_MAT_006_020_GOI_It.txt
MAT 6:21  wrote 040_MAT_006_021_GOI_It.txt
MAT 6:22  wrote 040_MAT_006_022_GOI_It.txt
MAT 6:23  wrote 040_MAT_006_023_GOI_It.txt
MAT 6:24  wrote 040_MAT_006_024_GOI_It.txt
MAT 6:25  wrote 040_MAT_006_025_GOI_It.txt
MAT 6:26  wrote 040_MAT_006_026_GOI_It.txt
MAT 6:27  wrote 040_MAT_006_027_GOI_It.txt
MAT 6:28  wrote 040_MAT_006_028_GOI_It.txt
MAT 6:29  wrote 040_MAT_006_029_GOI_It.txt
MAT 6:30  wrote 040_MAT_006_030_GOI_It.txt
MAT 6:31  wrote 040_MAT_006_031_GOI_It.txt
MAT 6:32  wrote 040_MAT_006_032_GOI_It.txt
MAT 6:33  wrote 040_MAT_006_033_GOI_It.txt
MAT 6:34  wrote 040_MAT_006_034_GOI_It.txt
Done. Wrote 34 verse(s); skipped 0.
MAT 7:1  wrote 040_MAT_007_001_GOI_It.txt
MAT 7:2  wrote 040_MAT_007_002_GOI_It.txt
MAT 7:3  wrote 040_MAT_007_003_GOI_It.txt
MAT 7:4  wrote 040_MAT_007_004_GOI_It.txt
MAT 7:5  wrote 040_MAT_007_005_GOI_It.txt
MAT 7:6  wrote 040_MAT_007_006_GOI_It.txt
MAT 7:7  wrote 040_MAT_007_007_GOI_It.txt
MAT 7:8  wrote 040_MAT_007_008_GOI_It.txt
MAT 7:9  wrote 040_MAT_007_009_GOI_It.txt
MAT 7:10  wrote 040_MAT_007_010_GOI_It.txt
MAT 7:11  wrote 040_MAT_007_011_GOI_It.txt
MAT 7:12  wrote 040_MAT_007_012_GOI_It.txt
MAT 7:13  wrote 040_MAT_007_013_GOI_It.txt
MAT 7:14  wrote 040_MAT_007_014_GOI_It.txt
MAT 7:15  wrote 040_MAT_007_015_GOI_It.txt
MAT 7:16  wrote 040_MAT_007_016_GOI_It.txt
MAT 7:17  wrote 040_MAT_007_017_GOI_It.txt
MAT 7:18  wrote 040_MAT_007_018_GOI_It.txt
MAT 7:19  wrote 040_MAT_007_019_GOI_It.txt
MAT 7:20  wrote 040_MAT_007_020_GOI_It.txt
MAT 7:21  wrote 040_MAT_007_021_GOI_It.txt
MAT 7:22  wrote 040_MAT_007_022_GOI_It.txt
MAT 7:23  wrote 040_MAT_007_023_GOI_It.txt
MAT 7:24  wrote 040_MAT_007_024_GOI_It.txt
MAT 7:25  wrote 040_MAT_007_025_GOI_It.txt
MAT 7:26  wrote 040_MAT_007_026_GOI_It.txt
MAT 7:27  wrote 040_MAT_007_027_GOI_It.txt
MAT 7:28  wrote 040_MAT_007_028_GOI_It.txt
MAT 7:29  wrote 040_MAT_007_029_GOI_It.txt
Done. Wrote 29 verse(s); skipped 0.
MAT 8:1  wrote 040_MAT_008_001_GOI_It.txt
MAT 8:2  wrote 040_MAT_008_002_GOI_It.txt
MAT 8:3  wrote 040_MAT_008_003_GOI_It.txt
MAT 8:4  wrote 040_MAT_008_004_GOI_It.txt
MAT 8:5  wrote 040_MAT_008_005_GOI_It.txt
MAT 8:6  wrote 040_MAT_008_006_GOI_It.txt
MAT 8:7  wrote 040_MAT_008_007_GOI_It.txt
MAT 8:8  wrote 040_MAT_008_008_GOI_It.txt
MAT 8:9  wrote 040_MAT_008_009_GOI_It.txt
MAT 8:10  wrote 040_MAT_008_010_GOI_It.txt
MAT 8:11  wrote 040_MAT_008_011_GOI_It.txt
MAT 8:12  wrote 040_MAT_008_012_GOI_It.txt
MAT 8:13  wrote 040_MAT_008_013_GOI_It.txt
MAT 8:14  wrote 040_MAT_008_014_GOI_It.txt
MAT 8:15  wrote 040_MAT_008_015_GOI_It.txt
MAT 8:16  wrote 040_MAT_008_016_GOI_It.txt
MAT 8:17  wrote 040_MAT_008_017_GOI_It.txt
MAT 8:18  wrote 040_MAT_008_018_GOI_It.txt
MAT 8:19  wrote 040_MAT_008_019_GOI_It.txt
MAT 8:20  wrote 040_MAT_008_020_GOI_It.txt
MAT 8:21  wrote 040_MAT_008_021_GOI_It.txt
MAT 8:22  wrote 040_MAT_008_022_GOI_It.txt
MAT 8:23  wrote 040_MAT_008_023_GOI_It.txt
MAT 8:24  wrote 040_MAT_008_024_GOI_It.txt
MAT 8:25  wrote 040_MAT_008_025_GOI_It.txt
MAT 8:26  wrote 040_MAT_008_026_GOI_It.txt
MAT 8:27  wrote 040_MAT_008_027_GOI_It.txt
Traceback (most recent call last):
  File "/home/albert/projects/bible/Meta_Bible_Data/Bible_Noun_Extraction/translate_verses.py", line 601, in <module>
    main()
    ~~~~^^
  File "/home/albert/projects/bible/Meta_Bible_Data/Bible_Noun_Extraction/translate_verses.py", line 577, in main
    raise RuntimeError(
    ...<2 lines>...
    )
RuntimeError: MAT 8:28: rejected before write; missing required noun anchors: ['tomba']; candidate="E quando egli fu giunto all'altra riva, nella regione dei Gergeseni, gli vennero incontro due indemoniati uscendo dai sepolcri, così feroci che nessuno poteva passare per quella via.\n"
MAT 8:1  skipped (already exists)
MAT 8:2  skipped (already exists)
MAT 8:3  skipped (already exists)
MAT 8:4  skipped (already exists)
MAT 8:5  skipped (already exists)
MAT 8:6  skipped (already exists)
MAT 8:7  skipped (already exists)
MAT 8:8  skipped (already exists)
MAT 8:9  skipped (already exists)
MAT 8:10  skipped (already exists)
MAT 8:11  skipped (already exists)
MAT 8:12  skipped (already exists)
MAT 8:13  skipped (already exists)
MAT 8:14  skipped (already exists)
MAT 8:15  skipped (already exists)
MAT 8:16  skipped (already exists)
MAT 8:17  skipped (already exists)
MAT 8:18  skipped (already exists)
MAT 8:19  skipped (already exists)
MAT 8:20  skipped (already exists)
MAT 8:21  skipped (already exists)
MAT 8:22  skipped (already exists)
MAT 8:23  skipped (already exists)
MAT 8:24  skipped (already exists)
MAT 8:25  skipped (already exists)
MAT 8:26  skipped (already exists)
MAT 8:27  skipped (already exists)
Traceback (most recent call last):
  File "/home/albert/projects/bible/Meta_Bible_Data/Bible_Noun_Extraction/translate_verses.py", line 601, in <module>
    main()
    ~~~~^^
  File "/home/albert/projects/bible/Meta_Bible_Data/Bible_Noun_Extraction/translate_verses.py", line 577, in main
    raise RuntimeError(
    ...<2 lines>...
    )
RuntimeError: MAT 8:28: rejected before write; missing required noun anchors: ['tomba']; candidate="E quando egli fu giunto all'altra riva, nella regione dei Gergeseni, gli vennero incontro due indemoniati uscendo dai sepolcri, molto feroci, tanto che nessuno poteva passare per quella via.\n"
MAT 8:1  skipped (already exists)
MAT 8:2  skipped (already exists)
MAT 8:3  skipped (already exists)
MAT 8:4  skipped (already exists)
MAT 8:5  skipped (already exists)
MAT 8:6  skipped (already exists)
MAT 8:7  skipped (already exists)
MAT 8:8  skipped (already exists)
MAT 8:9  skipped (already exists)
MAT 8:10  skipped (already exists)
MAT 8:11  skipped (already exists)
MAT 8:12  skipped (already exists)
MAT 8:13  skipped (already exists)
MAT 8:14  skipped (already exists)
MAT 8:15  skipped (already exists)
MAT 8:16  skipped (already exists)
MAT 8:17  skipped (already exists)
MAT 8:18  skipped (already exists)
MAT 8:19  skipped (already exists)
MAT 8:20  skipped (already exists)
MAT 8:21  skipped (already exists)
MAT 8:22  skipped (already exists)
MAT 8:23  skipped (already exists)
MAT 8:24  skipped (already exists)
MAT 8:25  skipped (already exists)
MAT 8:26  skipped (already exists)
MAT 8:27  skipped (already exists)
Traceback (most recent call last):
  File "/home/albert/projects/bible/Meta_Bible_Data/Bible_Noun_Extraction/translate_verses.py", line 601, in <module>
    main()
    ~~~~^^
  File "/home/albert/projects/bible/Meta_Bible_Data/Bible_Noun_Extraction/translate_verses.py", line 577, in main
    raise RuntimeError(
    ...<2 lines>...
    )
RuntimeError: MAT 8:28: rejected before write; missing required noun anchors: ['tomba']; candidate="E quando egli fu giunto all'altra riva, nella regione dei Gergeseni, gli vennero incontro due indemoniati uscendo dai sepolcri, molto feroci, tanto che nessuno poteva passare per quella via.\n"
MAT 8:29  wrote 040_MAT_008_029_GOI_It.txt
Done. Wrote 1 verse(s); skipped 0.
MAT 8:30  wrote 040_MAT_008_030_GOI_It.txt
Done. Wrote 1 verse(s); skipped 0.
MAT 8:31  wrote 040_MAT_008_031_GOI_It.txt
Done. Wrote 1 verse(s); skipped 0.
MAT 8:32  wrote 040_MAT_008_032_GOI_It.txt
Done. Wrote 1 verse(s); skipped 0.
MAT 8:33  wrote 040_MAT_008_033_GOI_It.txt
Done. Wrote 1 verse(s); skipped 0.
MAT 8:34  wrote 040_MAT_008_034_GOI_It.txt
Done. Wrote 1 verse(s); skipped 0.
MAT 9:1  wrote 040_MAT_009_001_GOI_It.txt
MAT 9:2  wrote 040_MAT_009_002_GOI_It.txt
MAT 9:3  wrote 040_MAT_009_003_GOI_It.txt
MAT 9:4  wrote 040_MAT_009_004_GOI_It.txt
MAT 9:5  wrote 040_MAT_009_005_GOI_It.txt
MAT 9:6  wrote 040_MAT_009_006_GOI_It.txt
MAT 9:7  wrote 040_MAT_009_007_GOI_It.txt
MAT 9:8  wrote 040_MAT_009_008_GOI_It.txt
MAT 9:9  wrote 040_MAT_009_009_GOI_It.txt
MAT 9:10  wrote 040_MAT_009_010_GOI_It.txt
MAT 9:11  wrote 040_MAT_009_011_GOI_It.txt
MAT 9:12  wrote 040_MAT_009_012_GOI_It.txt
MAT 9:13  wrote 040_MAT_009_013_GOI_It.txt
MAT 9:14  wrote 040_MAT_009_014_GOI_It.txt
MAT 9:15  wrote 040_MAT_009_015_GOI_It.txt
MAT 9:16  wrote 040_MAT_009_016_GOI_It.txt
MAT 9:17  wrote 040_MAT_009_017_GOI_It.txt
MAT 9:18  wrote 040_MAT_009_018_GOI_It.txt
MAT 9:19  wrote 040_MAT_009_019_GOI_It.txt
MAT 9:20  wrote 040_MAT_009_020_GOI_It.txt
MAT 9:21  wrote 040_MAT_009_021_GOI_It.txt
MAT 9:22  wrote 040_MAT_009_022_GOI_It.txt
MAT 9:23  wrote 040_MAT_009_023_GOI_It.txt
MAT 9:24  wrote 040_MAT_009_024_GOI_It.txt
MAT 9:25  wrote 040_MAT_009_025_GOI_It.txt
MAT 9:26  wrote 040_MAT_009_026_GOI_It.txt
MAT 9:27  wrote 040_MAT_009_027_GOI_It.txt
MAT 9:28  wrote 040_MAT_009_028_GOI_It.txt
MAT 9:29  wrote 040_MAT_009_029_GOI_It.txt
MAT 9:30  wrote 040_MAT_009_030_GOI_It.txt
MAT 9:31  wrote 040_MAT_009_031_GOI_It.txt
MAT 9:32  wrote 040_MAT_009_032_GOI_It.txt
MAT 9:33  wrote 040_MAT_009_033_GOI_It.txt
MAT 9:34  wrote 040_MAT_009_034_GOI_It.txt
MAT 9:35  wrote 040_MAT_009_035_GOI_It.txt
MAT 9:36  wrote 040_MAT_009_036_GOI_It.txt
MAT 9:37  wrote 040_MAT_009_037_GOI_It.txt
MAT 9:38  wrote 040_MAT_009_038_GOI_It.txt
Done. Wrote 38 verse(s); skipped 0.
MAT 10:1  wrote 040_MAT_010_001_GOI_It.txt
MAT 10:2  wrote 040_MAT_010_002_GOI_It.txt
MAT 10:3  wrote 040_MAT_010_003_GOI_It.txt
MAT 10:4  wrote 040_MAT_010_004_GOI_It.txt
MAT 10:5  wrote 040_MAT_010_005_GOI_It.txt
MAT 10:6  wrote 040_MAT_010_006_GOI_It.txt
MAT 10:7  wrote 040_MAT_010_007_GOI_It.txt
MAT 10:8  wrote 040_MAT_010_008_GOI_It.txt
MAT 10:9  wrote 040_MAT_010_009_GOI_It.txt
MAT 10:10  wrote 040_MAT_010_010_GOI_It.txt
MAT 10:11  wrote 040_MAT_010_011_GOI_It.txt
MAT 10:12  wrote 040_MAT_010_012_GOI_It.txt
MAT 10:13  wrote 040_MAT_010_013_GOI_It.txt
MAT 10:14  wrote 040_MAT_010_014_GOI_It.txt
MAT 10:15  wrote 040_MAT_010_015_GOI_It.txt
MAT 10:16  wrote 040_MAT_010_016_GOI_It.txt
MAT 10:17  wrote 040_MAT_010_017_GOI_It.txt
MAT 10:18  wrote 040_MAT_010_018_GOI_It.txt
MAT 10:19  wrote 040_MAT_010_019_GOI_It.txt
MAT 10:20  wrote 040_MAT_010_020_GOI_It.txt
MAT 10:21  wrote 040_MAT_010_021_GOI_It.txt
MAT 10:22  wrote 040_MAT_010_022_GOI_It.txt
MAT 10:23  wrote 040_MAT_010_023_GOI_It.txt
MAT 10:24  wrote 040_MAT_010_024_GOI_It.txt
MAT 10:25  wrote 040_MAT_010_025_GOI_It.txt
MAT 10:26  wrote 040_MAT_010_026_GOI_It.txt
MAT 10:27  wrote 040_MAT_010_027_GOI_It.txt
MAT 10:28  wrote 040_MAT_010_028_GOI_It.txt
MAT 10:29  wrote 040_MAT_010_029_GOI_It.txt
MAT 10:30  wrote 040_MAT_010_030_GOI_It.txt
MAT 10:31  wrote 040_MAT_010_031_GOI_It.txt
MAT 10:32  wrote 040_MAT_010_032_GOI_It.txt
MAT 10:33  wrote 040_MAT_010_033_GOI_It.txt
MAT 10:34  wrote 040_MAT_010_034_GOI_It.txt
MAT 10:35  wrote 040_MAT_010_035_GOI_It.txt
MAT 10:36  wrote 040_MAT_010_036_GOI_It.txt
MAT 10:37  wrote 040_MAT_010_037_GOI_It.txt
MAT 10:38  wrote 040_MAT_010_038_GOI_It.txt
MAT 10:39  wrote 040_MAT_010_039_GOI_It.txt
MAT 10:40  wrote 040_MAT_010_040_GOI_It.txt
MAT 10:41  wrote 040_MAT_010_041_GOI_It.txt
MAT 10:42  wrote 040_MAT_010_042_GOI_It.txt
Done. Wrote 42 verse(s); skipped 0.
MAT 11:1  wrote 040_MAT_011_001_GOI_It.txt
MAT 11:2  wrote 040_MAT_011_002_GOI_It.txt
MAT 11:3  wrote 040_MAT_011_003_GOI_It.txt
MAT 11:4  wrote 040_MAT_011_004_GOI_It.txt
MAT 11:5  wrote 040_MAT_011_005_GOI_It.txt
MAT 11:6  wrote 040_MAT_011_006_GOI_It.txt
MAT 11:7  wrote 040_MAT_011_007_GOI_It.txt
MAT 11:8  wrote 040_MAT_011_008_GOI_It.txt
MAT 11:9  wrote 040_MAT_011_009_GOI_It.txt
MAT 11:10  wrote 040_MAT_011_010_GOI_It.txt
MAT 11:11  wrote 040_MAT_011_011_GOI_It.txt
MAT 11:12  wrote 040_MAT_011_012_GOI_It.txt
MAT 11:13  wrote 040_MAT_011_013_GOI_It.txt
MAT 11:14  wrote 040_MAT_011_014_GOI_It.txt
MAT 11:15  wrote 040_MAT_011_015_GOI_It.txt
MAT 11:16  wrote 040_MAT_011_016_GOI_It.txt
MAT 11:17  wrote 040_MAT_011_017_GOI_It.txt
MAT 11:18  wrote 040_MAT_011_018_GOI_It.txt
MAT 11:19  wrote 040_MAT_011_019_GOI_It.txt
MAT 11:20  wrote 040_MAT_011_020_GOI_It.txt
MAT 11:21  wrote 040_MAT_011_021_GOI_It.txt
MAT 11:22  wrote 040_MAT_011_022_GOI_It.txt
MAT 11:23  wrote 040_MAT_011_023_GOI_It.txt
MAT 11:24  wrote 040_MAT_011_024_GOI_It.txt
MAT 11:25  wrote 040_MAT_011_025_GOI_It.txt
MAT 11:26  wrote 040_MAT_011_026_GOI_It.txt
MAT 11:27  wrote 040_MAT_011_027_GOI_It.txt
MAT 11:28  wrote 040_MAT_011_028_GOI_It.txt
MAT 11:29  wrote 040_MAT_011_029_GOI_It.txt
MAT 11:30  wrote 040_MAT_011_030_GOI_It.txt
Done. Wrote 30 verse(s); skipped 0.
MAT 12:1  wrote 040_MAT_012_001_GOI_It.txt
MAT 12:2  wrote 040_MAT_012_002_GOI_It.txt
MAT 12:3  wrote 040_MAT_012_003_GOI_It.txt
MAT 12:4  wrote 040_MAT_012_004_GOI_It.txt
MAT 12:5  wrote 040_MAT_012_005_GOI_It.txt
MAT 12:6  wrote 040_MAT_012_006_GOI_It.txt
MAT 12:7  wrote 040_MAT_012_007_GOI_It.txt
MAT 12:8  wrote 040_MAT_012_008_GOI_It.txt
MAT 12:9  wrote 040_MAT_012_009_GOI_It.txt
MAT 12:10  wrote 040_MAT_012_010_GOI_It.txt
MAT 12:11  wrote 040_MAT_012_011_GOI_It.txt
MAT 12:12  wrote 040_MAT_012_012_GOI_It.txt
MAT 12:13  wrote 040_MAT_012_013_GOI_It.txt
MAT 12:14  wrote 040_MAT_012_014_GOI_It.txt
MAT 12:15  wrote 040_MAT_012_015_GOI_It.txt
MAT 12:16  wrote 040_MAT_012_016_GOI_It.txt
MAT 12:17  wrote 040_MAT_012_017_GOI_It.txt
MAT 12:18  wrote 040_MAT_012_018_GOI_It.txt
MAT 12:19  wrote 040_MAT_012_019_GOI_It.txt
MAT 12:20  wrote 040_MAT_012_020_GOI_It.txt
MAT 12:21  wrote 040_MAT_012_021_GOI_It.txt
MAT 12:22  wrote 040_MAT_012_022_GOI_It.txt
MAT 12:23  wrote 040_MAT_012_023_GOI_It.txt
MAT 12:24  wrote 040_MAT_012_024_GOI_It.txt
MAT 12:25  wrote 040_MAT_012_025_GOI_It.txt
MAT 12:26  wrote 040_MAT_012_026_GOI_It.txt
MAT 12:27  wrote 040_MAT_012_027_GOI_It.txt
MAT 12:28  wrote 040_MAT_012_028_GOI_It.txt
MAT 12:29  wrote 040_MAT_012_029_GOI_It.txt
MAT 12:30  wrote 040_MAT_012_030_GOI_It.txt
MAT 12:31  wrote 040_MAT_012_031_GOI_It.txt
MAT 12:32  wrote 040_MAT_012_032_GOI_It.txt
MAT 12:33  wrote 040_MAT_012_033_GOI_It.txt
MAT 12:34  wrote 040_MAT_012_034_GOI_It.txt
MAT 12:35  wrote 040_MAT_012_035_GOI_It.txt
MAT 12:36  wrote 040_MAT_012_036_GOI_It.txt
MAT 12:37  wrote 040_MAT_012_037_GOI_It.txt
MAT 12:38  wrote 040_MAT_012_038_GOI_It.txt
MAT 12:39  wrote 040_MAT_012_039_GOI_It.txt
MAT 12:40  wrote 040_MAT_012_040_GOI_It.txt
Traceback (most recent call last):
  File "/home/albert/projects/bible/Meta_Bible_Data/Bible_Noun_Extraction/translate_verses.py", line 601, in <module>
    main()
    ~~~~^^
  File "/home/albert/projects/bible/Meta_Bible_Data/Bible_Noun_Extraction/translate_verses.py", line 577, in main
    raise RuntimeError(
    ...<2 lines>...
    )
RuntimeError: MAT 12:41: rejected before write; missing required noun anchors: ['Ninivita']; candidate="Gli uomini di Ninive si alzeranno nel giudizio con questa generazione e la condanneranno, perché si pentirono alla predicazione di Giona; ed ecco, qui c'è più di Giona.\n"
MAT 12:1  skipped (already exists)
MAT 12:2  skipped (already exists)
MAT 12:3  skipped (already exists)
MAT 12:4  skipped (already exists)
MAT 12:5  skipped (already exists)
MAT 12:6  skipped (already exists)
MAT 12:7  skipped (already exists)
MAT 12:8  skipped (already exists)
MAT 12:9  skipped (already exists)
MAT 12:10  skipped (already exists)
MAT 12:11  skipped (already exists)
MAT 12:12  skipped (already exists)
MAT 12:13  skipped (already exists)
MAT 12:14  skipped (already exists)
MAT 12:15  skipped (already exists)
MAT 12:16  skipped (already exists)
MAT 12:17  skipped (already exists)
MAT 12:18  skipped (already exists)
MAT 12:19  skipped (already exists)
MAT 12:20  skipped (already exists)
MAT 12:21  skipped (already exists)
MAT 12:22  skipped (already exists)
MAT 12:23  skipped (already exists)
MAT 12:24  skipped (already exists)
MAT 12:25  skipped (already exists)
MAT 12:26  skipped (already exists)
MAT 12:27  skipped (already exists)
MAT 12:28  skipped (already exists)
MAT 12:29  skipped (already exists)
MAT 12:30  skipped (already exists)
MAT 12:31  skipped (already exists)
MAT 12:32  skipped (already exists)
MAT 12:33  skipped (already exists)
MAT 12:34  skipped (already exists)
MAT 12:35  skipped (already exists)
MAT 12:36  skipped (already exists)
MAT 12:37  skipped (already exists)
MAT 12:38  skipped (already exists)
MAT 12:39  skipped (already exists)
MAT 12:40  skipped (already exists)
Traceback (most recent call last):
  File "/home/albert/projects/bible/Meta_Bible_Data/Bible_Noun_Extraction/translate_verses.py", line 601, in <module>
    main()
    ~~~~^^
  File "/home/albert/projects/bible/Meta_Bible_Data/Bible_Noun_Extraction/translate_verses.py", line 577, in main
    raise RuntimeError(
    ...<2 lines>...
    )
RuntimeError: MAT 12:41: rejected before write; missing required noun anchors: ['Ninivita']; candidate="Gli uomini di Ninive si alzeranno nel giudizio con questa generazione e la condanneranno, perché si pentirono alla predicazione di Giona; ed ecco, qui c'è più di Giona.\n"
MAT 12:1  skipped (already exists)
MAT 12:2  skipped (already exists)
MAT 12:3  skipped (already exists)
MAT 12:4  skipped (already exists)
MAT 12:5  skipped (already exists)
MAT 12:6  skipped (already exists)
MAT 12:7  skipped (already exists)
MAT 12:8  skipped (already exists)
MAT 12:9  skipped (already exists)
MAT 12:10  skipped (already exists)
MAT 12:11  skipped (already exists)
MAT 12:12  skipped (already exists)
MAT 12:13  skipped (already exists)
MAT 12:14  skipped (already exists)
MAT 12:15  skipped (already exists)
MAT 12:16  skipped (already exists)
MAT 12:17  skipped (already exists)
MAT 12:18  skipped (already exists)
MAT 12:19  skipped (already exists)
MAT 12:20  skipped (already exists)
MAT 12:21  skipped (already exists)
MAT 12:22  skipped (already exists)
MAT 12:23  skipped (already exists)
MAT 12:24  skipped (already exists)
MAT 12:25  skipped (already exists)
MAT 12:26  skipped (already exists)
MAT 12:27  skipped (already exists)
MAT 12:28  skipped (already exists)
MAT 12:29  skipped (already exists)
MAT 12:30  skipped (already exists)
MAT 12:31  skipped (already exists)
MAT 12:32  skipped (already exists)
MAT 12:33  skipped (already exists)
MAT 12:34  skipped (already exists)
MAT 12:35  skipped (already exists)
MAT 12:36  skipped (already exists)
MAT 12:37  skipped (already exists)
MAT 12:38  skipped (already exists)
MAT 12:39  skipped (already exists)
MAT 12:40  skipped (already exists)
Traceback (most recent call last):
  File "/home/albert/projects/bible/Meta_Bible_Data/Bible_Noun_Extraction/translate_verses.py", line 601, in <module>
    main()
    ~~~~^^
  File "/home/albert/projects/bible/Meta_Bible_Data/Bible_Noun_Extraction/translate_verses.py", line 577, in main
    raise RuntimeError(
    ...<2 lines>...
    )
RuntimeError: MAT 12:41: rejected before write; missing required noun anchors: ['Ninivita']; candidate="Gli uomini di Ninive si alzeranno nel giudizio con questa generazione e la condanneranno, perché si pentirono alla predicazione di Giona; ed ecco, qui c'è più di Giona.\n"
Traceback (most recent call last):
  File "/home/albert/projects/bible/Meta_Bible_Data/Bible_Noun_Extraction/translate_verses.py", line 601, in <module>
    main()
    ~~~~^^
  File "/home/albert/projects/bible/Meta_Bible_Data/Bible_Noun_Extraction/translate_verses.py", line 577, in main
    raise RuntimeError(
    ...<2 lines>...
    )
RuntimeError: MAT 12:42: rejected before write; missing required noun anchors: ['fine']; candidate="La regina del mezzogiorno si alzerà nel giudizio con questa generazione e la condannerà, perché venne dalle estremità della terra per ascoltare la sapienza di Salomone; ed ecco, qui c'è più di Salomone.\n"
MAT 12:43  wrote 040_MAT_012_043_GOI_It.txt
Done. Wrote 1 verse(s); skipped 0.
MAT 12:44  wrote 040_MAT_012_044_GOI_It.txt
Done. Wrote 1 verse(s); skipped 0.
MAT 12:45  wrote 040_MAT_012_045_GOI_It.txt
Done. Wrote 1 verse(s); skipped 0.
MAT 12:46  wrote 040_MAT_012_046_GOI_It.txt
Done. Wrote 1 verse(s); skipped 0.
MAT 12:47  wrote 040_MAT_012_047_GOI_It.txt
Done. Wrote 1 verse(s); skipped 0.
MAT 12:48  wrote 040_MAT_012_048_GOI_It.txt
Done. Wrote 1 verse(s); skipped 0.
MAT 12:49  wrote 040_MAT_012_049_GOI_It.txt
Done. Wrote 1 verse(s); skipped 0.
MAT 12:50  wrote 040_MAT_012_050_GOI_It.txt
Done. Wrote 1 verse(s); skipped 0.
Traceback (most recent call last):
  File "/home/albert/projects/bible/Meta_Bible_Data/Bible_Noun_Extraction/translate_verses.py", line 601, in <module>
    main()
    ~~~~^^
  File "/home/albert/projects/bible/Meta_Bible_Data/Bible_Noun_Extraction/translate_verses.py", line 577, in main
    raise RuntimeError(
    ...<2 lines>...
    )
RuntimeError: MAT 12:42: rejected before write; missing required noun anchors: ['fine']; candidate="La regina del mezzogiorno si alzerà nel giudizio con questa generazione e la condannerà, perché venne dalle estremità della terra per ascoltare la sapienza di Salomone; ed ecco, qui c'è più di Salomone.\n"
Traceback (most recent call last):
  File "/home/albert/projects/bible/Meta_Bible_Data/Bible_Noun_Extraction/translate_verses.py", line 601, in <module>
    main()
    ~~~~^^
  File "/home/albert/projects/bible/Meta_Bible_Data/Bible_Noun_Extraction/translate_verses.py", line 577, in main
    raise RuntimeError(
    ...<2 lines>...
    )
RuntimeError: MAT 12:42: rejected before write; missing required noun anchors: ['fine']; candidate="La regina del mezzogiorno si alzerà nel giudizio con questa generazione e la condannerà, perché venne dalle estremità della terra per ascoltare la sapienza di Salomone; ed ecco, qui c'è più di Salomone.\n"
MAT 13:1  wrote 040_MAT_013_001_GOI_It.txt
MAT 13:2  wrote 040_MAT_013_002_GOI_It.txt
MAT 13:3  wrote 040_MAT_013_003_GOI_It.txt
MAT 13:4  wrote 040_MAT_013_004_GOI_It.txt
MAT 13:5  wrote 040_MAT_013_005_GOI_It.txt
MAT 13:6  wrote 040_MAT_013_006_GOI_It.txt
MAT 13:7  wrote 040_MAT_013_007_GOI_It.txt
MAT 13:8  wrote 040_MAT_013_008_GOI_It.txt
MAT 13:9  wrote 040_MAT_013_009_GOI_It.txt
MAT 13:10  wrote 040_MAT_013_010_GOI_It.txt
MAT 13:11  wrote 040_MAT_013_011_GOI_It.txt
MAT 13:12  wrote 040_MAT_013_012_GOI_It.txt
MAT 13:13  wrote 040_MAT_013_013_GOI_It.txt
MAT 13:14  wrote 040_MAT_013_014_GOI_It.txt
MAT 13:15  wrote 040_MAT_013_015_GOI_It.txt
MAT 13:16  wrote 040_MAT_013_016_GOI_It.txt
MAT 13:17  wrote 040_MAT_013_017_GOI_It.txt
MAT 13:18  wrote 040_MAT_013_018_GOI_It.txt
MAT 13:19  wrote 040_MAT_013_019_GOI_It.txt
MAT 13:20  wrote 040_MAT_013_020_GOI_It.txt
MAT 13:21  wrote 040_MAT_013_021_GOI_It.txt
MAT 13:22  wrote 040_MAT_013_022_GOI_It.txt
MAT 13:23  wrote 040_MAT_013_023_GOI_It.txt
MAT 13:24  wrote 040_MAT_013_024_GOI_It.txt
MAT 13:25  wrote 040_MAT_013_025_GOI_It.txt
MAT 13:26  wrote 040_MAT_013_026_GOI_It.txt
MAT 13:27  wrote 040_MAT_013_027_GOI_It.txt
MAT 13:28  wrote 040_MAT_013_028_GOI_It.txt
MAT 13:29  wrote 040_MAT_013_029_GOI_It.txt
MAT 13:30  wrote 040_MAT_013_030_GOI_It.txt
MAT 13:31  wrote 040_MAT_013_031_GOI_It.txt
MAT 13:32  wrote 040_MAT_013_032_GOI_It.txt
MAT 13:33  wrote 040_MAT_013_033_GOI_It.txt
MAT 13:34  wrote 040_MAT_013_034_GOI_It.txt
MAT 13:35  wrote 040_MAT_013_035_GOI_It.txt
MAT 13:36  wrote 040_MAT_013_036_GOI_It.txt
MAT 13:37  wrote 040_MAT_013_037_GOI_It.txt
MAT 13:38  wrote 040_MAT_013_038_GOI_It.txt
MAT 13:39  wrote 040_MAT_013_039_GOI_It.txt
MAT 13:40  wrote 040_MAT_013_040_GOI_It.txt
MAT 13:41  wrote 040_MAT_013_041_GOI_It.txt
MAT 13:42  wrote 040_MAT_013_042_GOI_It.txt
MAT 13:43  wrote 040_MAT_013_043_GOI_It.txt
MAT 13:44  wrote 040_MAT_013_044_GOI_It.txt
MAT 13:45  wrote 040_MAT_013_045_GOI_It.txt
MAT 13:46  wrote 040_MAT_013_046_GOI_It.txt
MAT 13:47  wrote 040_MAT_013_047_GOI_It.txt
MAT 13:48  wrote 040_MAT_013_048_GOI_It.txt
MAT 13:49  wrote 040_MAT_013_049_GOI_It.txt
MAT 13:50  wrote 040_MAT_013_050_GOI_It.txt
MAT 13:51  wrote 040_MAT_013_051_GOI_It.txt
MAT 13:52  wrote 040_MAT_013_052_GOI_It.txt
MAT 13:53  wrote 040_MAT_013_053_GOI_It.txt
MAT 13:54  wrote 040_MAT_013_054_GOI_It.txt
MAT 13:55  wrote 040_MAT_013_055_GOI_It.txt
MAT 13:56  wrote 040_MAT_013_056_GOI_It.txt
MAT 13:57  wrote 040_MAT_013_057_GOI_It.txt
MAT 13:58  wrote 040_MAT_013_058_GOI_It.txt
Done. Wrote 58 verse(s); skipped 0.
Traceback (most recent call last):
  File "/home/albert/projects/bible/Meta_Bible_Data/Bible_Noun_Extraction/translate_verses.py", line 601, in <module>
    main()
    ~~~~^^
  File "/home/albert/projects/bible/Meta_Bible_Data/Bible_Noun_Extraction/translate_verses.py", line 577, in main
    raise RuntimeError(
    ...<2 lines>...
    )
RuntimeError: MAT 14:1: rejected before write; missing required noun anchors: ['udito']; candidate='In quel tempo Erode il tetrarca udì la fama di Gesù.\n'
MAT 14:1  wrote 040_MAT_014_001_GOI_It.txt
MAT 14:2  wrote 040_MAT_014_002_GOI_It.txt
MAT 14:3  wrote 040_MAT_014_003_GOI_It.txt
MAT 14:4  wrote 040_MAT_014_004_GOI_It.txt
MAT 14:5  wrote 040_MAT_014_005_GOI_It.txt
Traceback (most recent call last):
  File "/home/albert/projects/bible/Meta_Bible_Data/Bible_Noun_Extraction/translate_verses.py", line 601, in <module>
    main()
    ~~~~^^
  File "/home/albert/projects/bible/Meta_Bible_Data/Bible_Noun_Extraction/translate_verses.py", line 577, in main
    raise RuntimeError(
    ...<2 lines>...
    )
RuntimeError: MAT 14:6: rejected before write; missing required noun anchors: ['natalizio']; candidate='Mentre si celebrava il compleanno di Erode, la figlia di Erodiada danzò in mezzo e piacque a Erode.\n'
MAT 14:1  skipped (already exists)
MAT 14:2  skipped (already exists)
MAT 14:3  skipped (already exists)
MAT 14:4  skipped (already exists)
MAT 14:5  skipped (already exists)
Traceback (most recent call last):
  File "/home/albert/projects/bible/Meta_Bible_Data/Bible_Noun_Extraction/translate_verses.py", line 601, in <module>
    main()
    ~~~~^^
  File "/home/albert/projects/bible/Meta_Bible_Data/Bible_Noun_Extraction/translate_verses.py", line 577, in main
    raise RuntimeError(
    ...<2 lines>...
    )
RuntimeError: MAT 14:6: rejected before write; missing required noun anchors: ['natalizio']; candidate='Mentre si celebrava il compleanno di Erode, la figlia di Erodiada danzò in mezzo e piacque a Erode.\n'
MAT 14:1  skipped (already exists)
MAT 14:2  skipped (already exists)
MAT 14:3  skipped (already exists)
MAT 14:4  skipped (already exists)
MAT 14:5  skipped (already exists)
Traceback (most recent call last):
  File "/home/albert/projects/bible/Meta_Bible_Data/Bible_Noun_Extraction/translate_verses.py", line 601, in <module>
    main()
    ~~~~^^
  File "/home/albert/projects/bible/Meta_Bible_Data/Bible_Noun_Extraction/translate_verses.py", line 577, in main
    raise RuntimeError(
    ...<2 lines>...
    )
RuntimeError: MAT 14:6: rejected before write; missing required noun anchors: ['natalizio']; candidate='Mentre si celebrava il compleanno di Erode, la figlia di Erodiada danzò in mezzo e piacque a Erode.\n'
MAT 14:7  wrote 040_MAT_014_007_GOI_It.txt
Done. Wrote 1 verse(s); skipped 0.
MAT 14:8  wrote 040_MAT_014_008_GOI_It.txt
Done. Wrote 1 verse(s); skipped 0.
MAT 14:9  wrote 040_MAT_014_009_GOI_It.txt
Done. Wrote 1 verse(s); skipped 0.
MAT 14:10  wrote 040_MAT_014_010_GOI_It.txt
Done. Wrote 1 verse(s); skipped 0.
MAT 14:11  wrote 040_MAT_014_011_GOI_It.txt
Done. Wrote 1 verse(s); skipped 0.
MAT 14:12  wrote 040_MAT_014_012_GOI_It.txt
Done. Wrote 1 verse(s); skipped 0.
MAT 14:13  wrote 040_MAT_014_013_GOI_It.txt
Done. Wrote 1 verse(s); skipped 0.
MAT 14:14  wrote 040_MAT_014_014_GOI_It.txt
Done. Wrote 1 verse(s); skipped 0.
MAT 14:15  wrote 040_MAT_014_015_GOI_It.txt
Done. Wrote 1 verse(s); skipped 0.
MAT 14:16  wrote 040_MAT_014_016_GOI_It.txt
Done. Wrote 1 verse(s); skipped 0.
MAT 14:17  wrote 040_MAT_014_017_GOI_It.txt
Done. Wrote 1 verse(s); skipped 0.
MAT 14:18  wrote 040_MAT_014_018_GOI_It.txt
Done. Wrote 1 verse(s); skipped 0.
MAT 14:19  wrote 040_MAT_014_019_GOI_It.txt
Done. Wrote 1 verse(s); skipped 0.
MAT 14:20  wrote 040_MAT_014_020_GOI_It.txt
Done. Wrote 1 verse(s); skipped 0.
MAT 14:21  wrote 040_MAT_014_021_GOI_It.txt
Done. Wrote 1 verse(s); skipped 0.
MAT 14:22  wrote 040_MAT_014_022_GOI_It.txt
Done. Wrote 1 verse(s); skipped 0.
MAT 14:23  wrote 040_MAT_014_023_GOI_It.txt
Done. Wrote 1 verse(s); skipped 0.
MAT 14:24  wrote 040_MAT_014_024_GOI_It.txt
Done. Wrote 1 verse(s); skipped 0.
MAT 14:25  wrote 040_MAT_014_025_GOI_It.txt
Done. Wrote 1 verse(s); skipped 0.
MAT 14:26  wrote 040_MAT_014_026_GOI_It.txt
Done. Wrote 1 verse(s); skipped 0.
MAT 14:27  wrote 040_MAT_014_027_GOI_It.txt
Done. Wrote 1 verse(s); skipped 0.
MAT 14:28  wrote 040_MAT_014_028_GOI_It.txt
Done. Wrote 1 verse(s); skipped 0.
MAT 14:29  wrote 040_MAT_014_029_GOI_It.txt
Done. Wrote 1 verse(s); skipped 0.
MAT 14:30  wrote 040_MAT_014_030_GOI_It.txt
Done. Wrote 1 verse(s); skipped 0.
MAT 14:31  wrote 040_MAT_014_031_GOI_It.txt
Done. Wrote 1 verse(s); skipped 0.
MAT 14:32  wrote 040_MAT_014_032_GOI_It.txt
Done. Wrote 1 verse(s); skipped 0.
MAT 14:33  wrote 040_MAT_014_033_GOI_It.txt
Done. Wrote 1 verse(s); skipped 0.
MAT 14:34  wrote 040_MAT_014_034_GOI_It.txt
Done. Wrote 1 verse(s); skipped 0.
MAT 14:35  wrote 040_MAT_014_035_GOI_It.txt
Done. Wrote 1 verse(s); skipped 0.
MAT 14:36  wrote 040_MAT_014_036_GOI_It.txt
Done. Wrote 1 verse(s); skipped 0.
MAT 15:1  wrote 040_MAT_015_001_GOI_It.txt
MAT 15:2  wrote 040_MAT_015_002_GOI_It.txt
MAT 15:3  wrote 040_MAT_015_003_GOI_It.txt
MAT 15:4  wrote 040_MAT_015_004_GOI_It.txt
MAT 15:5  wrote 040_MAT_015_005_GOI_It.txt
MAT 15:6  wrote 040_MAT_015_006_GOI_It.txt
MAT 15:7  wrote 040_MAT_015_007_GOI_It.txt
MAT 15:8  wrote 040_MAT_015_008_GOI_It.txt
MAT 15:9  wrote 040_MAT_015_009_GOI_It.txt
MAT 15:10  wrote 040_MAT_015_010_GOI_It.txt
MAT 15:11  wrote 040_MAT_015_011_GOI_It.txt
MAT 15:12  wrote 040_MAT_015_012_GOI_It.txt
MAT 15:13  wrote 040_MAT_015_013_GOI_It.txt
MAT 15:14  wrote 040_MAT_015_014_GOI_It.txt
MAT 15:15  wrote 040_MAT_015_015_GOI_It.txt
Traceback (most recent call last):
  File "/home/albert/projects/bible/Meta_Bible_Data/Bible_Noun_Extraction/translate_verses.py", line 601, in <module>
    main()
    ~~~~^^
  File "/home/albert/projects/bible/Meta_Bible_Data/Bible_Noun_Extraction/translate_verses.py", line 577, in main
    raise RuntimeError(
    ...<2 lines>...
    )
RuntimeError: MAT 15:16: rejected before write; missing required noun anchors: ['tuttora']; candidate='Ma Gesù disse: "Siete ancora anche voi insensati?"\n'
MAT 15:1  skipped (already exists)
MAT 15:2  skipped (already exists)
MAT 15:3  skipped (already exists)
MAT 15:4  skipped (already exists)
MAT 15:5  skipped (already exists)
MAT 15:6  skipped (already exists)
MAT 15:7  skipped (already exists)
MAT 15:8  skipped (already exists)
MAT 15:9  skipped (already exists)
MAT 15:10  skipped (already exists)
MAT 15:11  skipped (already exists)
MAT 15:12  skipped (already exists)
MAT 15:13  skipped (already exists)
MAT 15:14  skipped (already exists)
MAT 15:15  skipped (already exists)
Traceback (most recent call last):
  File "/home/albert/projects/bible/Meta_Bible_Data/Bible_Noun_Extraction/translate_verses.py", line 601, in <module>
    main()
    ~~~~^^
  File "/home/albert/projects/bible/Meta_Bible_Data/Bible_Noun_Extraction/translate_verses.py", line 577, in main
    raise RuntimeError(
    ...<2 lines>...
    )
RuntimeError: MAT 15:16: rejected before write; missing required noun anchors: ['tuttora']; candidate='Ma Gesù disse: "Siete ancora anche voi senza intelletto?"\n'
MAT 15:1  skipped (already exists)
MAT 15:2  skipped (already exists)
MAT 15:3  skipped (already exists)
MAT 15:4  skipped (already exists)
MAT 15:5  skipped (already exists)
MAT 15:6  skipped (already exists)
MAT 15:7  skipped (already exists)
MAT 15:8  skipped (already exists)
MAT 15:9  skipped (already exists)
MAT 15:10  skipped (already exists)
MAT 15:11  skipped (already exists)
MAT 15:12  skipped (already exists)
MAT 15:13  skipped (already exists)
MAT 15:14  skipped (already exists)
MAT 15:15  skipped (already exists)
Traceback (most recent call last):
  File "/home/albert/projects/bible/Meta_Bible_Data/Bible_Noun_Extraction/translate_verses.py", line 601, in <module>
    main()
    ~~~~^^
  File "/home/albert/projects/bible/Meta_Bible_Data/Bible_Noun_Extraction/translate_verses.py", line 577, in main
    raise RuntimeError(
    ...<2 lines>...
    )
RuntimeError: MAT 15:16: rejected before write; missing required noun anchors: ['tuttora']; candidate='Ma Gesù disse: "Siete ancora anche voi insensati?"\n'
MAT 15:17  wrote 040_MAT_015_017_GOI_It.txt
Done. Wrote 1 verse(s); skipped 0.
MAT 15:18  wrote 040_MAT_015_018_GOI_It.txt
Done. Wrote 1 verse(s); skipped 0.
MAT 15:19  wrote 040_MAT_015_019_GOI_It.txt
Done. Wrote 1 verse(s); skipped 0.
MAT 15:20  wrote 040_MAT_015_020_GOI_It.txt
Done. Wrote 1 verse(s); skipped 0.
MAT 15:21  wrote 040_MAT_015_021_GOI_It.txt
Done. Wrote 1 verse(s); skipped 0.
MAT 15:22  wrote 040_MAT_015_022_GOI_It.txt
Done. Wrote 1 verse(s); skipped 0.
MAT 15:23  wrote 040_MAT_015_023_GOI_It.txt
Done. Wrote 1 verse(s); skipped 0.
MAT 15:24  wrote 040_MAT_015_024_GOI_It.txt
Done. Wrote 1 verse(s); skipped 0.
MAT 15:25  wrote 040_MAT_015_025_GOI_It.txt
Done. Wrote 1 verse(s); skipped 0.
MAT 15:26  wrote 040_MAT_015_026_GOI_It.txt
Done. Wrote 1 verse(s); skipped 0.
MAT 15:27  wrote 040_MAT_015_027_GOI_It.txt
Done. Wrote 1 verse(s); skipped 0.
MAT 15:28  wrote 040_MAT_015_028_GOI_It.txt
Done. Wrote 1 verse(s); skipped 0.
MAT 15:29  wrote 040_MAT_015_029_GOI_It.txt
Done. Wrote 1 verse(s); skipped 0.
MAT 15:30  wrote 040_MAT_015_030_GOI_It.txt
Done. Wrote 1 verse(s); skipped 0.
MAT 15:31  wrote 040_MAT_015_031_GOI_It.txt
Done. Wrote 1 verse(s); skipped 0.
MAT 15:32  wrote 040_MAT_015_032_GOI_It.txt
Done. Wrote 1 verse(s); skipped 0.
MAT 15:33  wrote 040_MAT_015_033_GOI_It.txt
Done. Wrote 1 verse(s); skipped 0.
MAT 15:34  wrote 040_MAT_015_034_GOI_It.txt
Done. Wrote 1 verse(s); skipped 0.
MAT 15:35  wrote 040_MAT_015_035_GOI_It.txt
Done. Wrote 1 verse(s); skipped 0.
MAT 15:36  wrote 040_MAT_015_036_GOI_It.txt
Done. Wrote 1 verse(s); skipped 0.
MAT 15:37  wrote 040_MAT_015_037_GOI_It.txt
Done. Wrote 1 verse(s); skipped 0.
MAT 15:38  wrote 040_MAT_015_038_GOI_It.txt
Done. Wrote 1 verse(s); skipped 0.
MAT 15:39  wrote 040_MAT_015_039_GOI_It.txt
Done. Wrote 1 verse(s); skipped 0.
MAT 16:1  wrote 040_MAT_016_001_GOI_It.txt
MAT 16:2  wrote 040_MAT_016_002_GOI_It.txt
MAT 16:3  wrote 040_MAT_016_003_GOI_It.txt
MAT 16:4  wrote 040_MAT_016_004_GOI_It.txt
MAT 16:5  wrote 040_MAT_016_005_GOI_It.txt
MAT 16:6  wrote 040_MAT_016_006_GOI_It.txt
MAT 16:7  wrote 040_MAT_016_007_GOI_It.txt
MAT 16:8  wrote 040_MAT_016_008_GOI_It.txt
MAT 16:9  wrote 040_MAT_016_009_GOI_It.txt
MAT 16:10  wrote 040_MAT_016_010_GOI_It.txt
MAT 16:11  wrote 040_MAT_016_011_GOI_It.txt
MAT 16:12  wrote 040_MAT_016_012_GOI_It.txt
MAT 16:13  wrote 040_MAT_016_013_GOI_It.txt
MAT 16:14  wrote 040_MAT_016_014_GOI_It.txt
MAT 16:15  wrote 040_MAT_016_015_GOI_It.txt
MAT 16:16  wrote 040_MAT_016_016_GOI_It.txt
MAT 16:17  wrote 040_MAT_016_017_GOI_It.txt
MAT 16:18  wrote 040_MAT_016_018_GOI_It.txt
MAT 16:19  wrote 040_MAT_016_019_GOI_It.txt
MAT 16:20  wrote 040_MAT_016_020_GOI_It.txt
MAT 16:21  wrote 040_MAT_016_021_GOI_It.txt
MAT 16:22  wrote 040_MAT_016_022_GOI_It.txt
MAT 16:23  wrote 040_MAT_016_023_GOI_It.txt
MAT 16:24  wrote 040_MAT_016_024_GOI_It.txt
MAT 16:25  wrote 040_MAT_016_025_GOI_It.txt
MAT 16:26  wrote 040_MAT_016_026_GOI_It.txt
MAT 16:27  wrote 040_MAT_016_027_GOI_It.txt
MAT 16:28  wrote 040_MAT_016_028_GOI_It.txt
Done. Wrote 28 verse(s); skipped 0.
MAT 17:1  wrote 040_MAT_017_001_GOI_It.txt
MAT 17:2  wrote 040_MAT_017_002_GOI_It.txt
MAT 17:3  wrote 040_MAT_017_003_GOI_It.txt
MAT 17:4  wrote 040_MAT_017_004_GOI_It.txt
MAT 17:5  wrote 040_MAT_017_005_GOI_It.txt
MAT 17:6  wrote 040_MAT_017_006_GOI_It.txt
MAT 17:7  wrote 040_MAT_017_007_GOI_It.txt
MAT 17:8  wrote 040_MAT_017_008_GOI_It.txt
Traceback (most recent call last):
  File "/home/albert/projects/bible/Meta_Bible_Data/Bible_Noun_Extraction/translate_verses.py", line 601, in <module>
    main()
    ~~~~^^
  File "/home/albert/projects/bible/Meta_Bible_Data/Bible_Noun_Extraction/translate_verses.py", line 577, in main
    raise RuntimeError(
    ...<2 lines>...
    )
RuntimeError: MAT 17:9: rejected before write; missing required noun anchors: ['montagna']; candidate='Mentre scendevano dal monte, Gesù comandò loro, dicendo: "Non dite a nessuno la visione, finché il Figlio dell\'uomo non sia risorto dai morti."\n'
MAT 17:1  skipped (already exists)
MAT 17:2  skipped (already exists)
MAT 17:3  skipped (already exists)
MAT 17:4  skipped (already exists)
MAT 17:5  skipped (already exists)
MAT 17:6  skipped (already exists)
MAT 17:7  skipped (already exists)
MAT 17:8  skipped (already exists)
Traceback (most recent call last):
  File "/home/albert/projects/bible/Meta_Bible_Data/Bible_Noun_Extraction/translate_verses.py", line 601, in <module>
    main()
    ~~~~^^
  File "/home/albert/projects/bible/Meta_Bible_Data/Bible_Noun_Extraction/translate_verses.py", line 577, in main
    raise RuntimeError(
    ...<2 lines>...
    )
RuntimeError: MAT 17:9: rejected before write; missing required noun anchors: ['montagna']; candidate='Mentre scendevano dal monte, Gesù comandò loro, dicendo: "Non dite a nessuno la visione, finché il Figlio dell\'uomo non sia risorto dai morti."\n'
MAT 17:1  skipped (already exists)
MAT 17:2  skipped (already exists)
MAT 17:3  skipped (already exists)
MAT 17:4  skipped (already exists)
MAT 17:5  skipped (already exists)
MAT 17:6  skipped (already exists)
MAT 17:7  skipped (already exists)
MAT 17:8  skipped (already exists)
Traceback (most recent call last):
  File "/home/albert/projects/bible/Meta_Bible_Data/Bible_Noun_Extraction/translate_verses.py", line 601, in <module>
    main()
    ~~~~^^
  File "/home/albert/projects/bible/Meta_Bible_Data/Bible_Noun_Extraction/translate_verses.py", line 577, in main
    raise RuntimeError(
    ...<2 lines>...
    )
RuntimeError: MAT 17:9: rejected before write; missing required noun anchors: ['montagna']; candidate='Mentre scendevano dal monte, Gesù comandò loro, dicendo: "Non dite a nessuno la visione, finché il Figlio dell\'uomo non sia risorto dai morti."\n'
MAT 17:10  wrote 040_MAT_017_010_GOI_It.txt
Done. Wrote 1 verse(s); skipped 0.
MAT 17:11  wrote 040_MAT_017_011_GOI_It.txt
Done. Wrote 1 verse(s); skipped 0.
MAT 17:12  wrote 040_MAT_017_012_GOI_It.txt
Done. Wrote 1 verse(s); skipped 0.
MAT 17:13  wrote 040_MAT_017_013_GOI_It.txt
Done. Wrote 1 verse(s); skipped 0.
MAT 17:14  wrote 040_MAT_017_014_GOI_It.txt
Done. Wrote 1 verse(s); skipped 0.
MAT 17:15  wrote 040_MAT_017_015_GOI_It.txt
Done. Wrote 1 verse(s); skipped 0.
MAT 17:16  wrote 040_MAT_017_016_GOI_It.txt
Done. Wrote 1 verse(s); skipped 0.
MAT 17:17  wrote 040_MAT_017_017_GOI_It.txt
Done. Wrote 1 verse(s); skipped 0.
MAT 17:18  wrote 040_MAT_017_018_GOI_It.txt
Done. Wrote 1 verse(s); skipped 0.
MAT 17:19  wrote 040_MAT_017_019_GOI_It.txt
Done. Wrote 1 verse(s); skipped 0.
MAT 17:20  wrote 040_MAT_017_020_GOI_It.txt
Done. Wrote 1 verse(s); skipped 0.
MAT 17:21  wrote 040_MAT_017_021_GOI_It.txt
Done. Wrote 1 verse(s); skipped 0.
MAT 17:22  wrote 040_MAT_017_022_GOI_It.txt
Done. Wrote 1 verse(s); skipped 0.
MAT 17:23  wrote 040_MAT_017_023_GOI_It.txt
Done. Wrote 1 verse(s); skipped 0.
MAT 17:24  wrote 040_MAT_017_024_GOI_It.txt
Done. Wrote 1 verse(s); skipped 0.
MAT 17:25  wrote 040_MAT_017_025_GOI_It.txt
Done. Wrote 1 verse(s); skipped 0.
MAT 17:26  wrote 040_MAT_017_026_GOI_It.txt
Done. Wrote 1 verse(s); skipped 0.
MAT 17:27  wrote 040_MAT_017_027_GOI_It.txt
Done. Wrote 1 verse(s); skipped 0.
MAT 18:1  wrote 040_MAT_018_001_GOI_It.txt
MAT 18:2  wrote 040_MAT_018_002_GOI_It.txt
MAT 18:3  wrote 040_MAT_018_003_GOI_It.txt
MAT 18:4  wrote 040_MAT_018_004_GOI_It.txt
MAT 18:5  wrote 040_MAT_018_005_GOI_It.txt
MAT 18:6  wrote 040_MAT_018_006_GOI_It.txt
Traceback (most recent call last):
  File "/home/albert/projects/bible/Meta_Bible_Data/Bible_Noun_Extraction/translate_verses.py", line 601, in <module>
    main()
    ~~~~^^
  File "/home/albert/projects/bible/Meta_Bible_Data/Bible_Noun_Extraction/translate_verses.py", line 577, in main
    raise RuntimeError(
    ...<2 lines>...
    )
RuntimeError: MAT 18:7: rejected before write; missing required noun anchors: ['necessità']; candidate="Guai al mondo per gli scandali! Poiché è necessario che vengano gli scandali, ma guai a quell'uomo per mezzo del quale viene lo scandalo.\n"
MAT 18:1  skipped (already exists)
MAT 18:2  skipped (already exists)
MAT 18:3  skipped (already exists)
MAT 18:4  skipped (already exists)
MAT 18:5  skipped (already exists)
MAT 18:6  skipped (already exists)
Traceback (most recent call last):
  File "/home/albert/projects/bible/Meta_Bible_Data/Bible_Noun_Extraction/translate_verses.py", line 601, in <module>
    main()
    ~~~~^^
  File "/home/albert/projects/bible/Meta_Bible_Data/Bible_Noun_Extraction/translate_verses.py", line 577, in main
    raise RuntimeError(
    ...<2 lines>...
    )
RuntimeError: MAT 18:7: rejected before write; missing required noun anchors: ['necessità']; candidate="Guai al mondo per gli scandali! Poiché è necessario che vengano gli scandali, ma guai a quell'uomo per mezzo del quale viene lo scandalo.\n"
MAT 18:1  skipped (already exists)
MAT 18:2  skipped (already exists)
MAT 18:3  skipped (already exists)
MAT 18:4  skipped (already exists)
MAT 18:5  skipped (already exists)
MAT 18:6  skipped (already exists)
Traceback (most recent call last):
  File "/home/albert/projects/bible/Meta_Bible_Data/Bible_Noun_Extraction/translate_verses.py", line 601, in <module>
    main()
    ~~~~^^
  File "/home/albert/projects/bible/Meta_Bible_Data/Bible_Noun_Extraction/translate_verses.py", line 577, in main
    raise RuntimeError(
    ...<2 lines>...
    )
RuntimeError: MAT 18:7: rejected before write; missing required noun anchors: ['necessità']; candidate="Guai al mondo a causa degli scandali! È necessario che vengano gli scandali, ma guai a quell'uomo per mezzo del quale viene lo scandalo.\n"
MAT 18:8  wrote 040_MAT_018_008_GOI_It.txt
Done. Wrote 1 verse(s); skipped 0.
MAT 18:9  wrote 040_MAT_018_009_GOI_It.txt
Done. Wrote 1 verse(s); skipped 0.
MAT 18:10  wrote 040_MAT_018_010_GOI_It.txt
Done. Wrote 1 verse(s); skipped 0.
MAT 18:11  wrote 040_MAT_018_011_GOI_It.txt
Done. Wrote 1 verse(s); skipped 0.
Traceback (most recent call last):
  File "/home/albert/projects/bible/Meta_Bible_Data/Bible_Noun_Extraction/translate_verses.py", line 601, in <module>
    main()
    ~~~~^^
  File "/home/albert/projects/bible/Meta_Bible_Data/Bible_Noun_Extraction/translate_verses.py", line 577, in main
    raise RuntimeError(
    ...<2 lines>...
    )
RuntimeError: MAT 18:12: rejected before write; missing required noun anchors: ['montagna']; candidate='Che ve ne pare? Se a un uomo accadesse di avere cento pecore e una di esse si smarrisse, non lascerà forse le novantanove sui monti e, andando, cercherà quella smarrita?\n'
MAT 18:13  wrote 040_MAT_018_013_GOI_It.txt
Done. Wrote 1 verse(s); skipped 0.
MAT 18:14  wrote 040_MAT_018_014_GOI_It.txt
Done. Wrote 1 verse(s); skipped 0.
MAT 18:15  wrote 040_MAT_018_015_GOI_It.txt
Done. Wrote 1 verse(s); skipped 0.
MAT 18:16  wrote 040_MAT_018_016_GOI_It.txt
Done. Wrote 1 verse(s); skipped 0.
MAT 18:17  wrote 040_MAT_018_017_GOI_It.txt
Done. Wrote 1 verse(s); skipped 0.
MAT 18:18  wrote 040_MAT_018_018_GOI_It.txt
Done. Wrote 1 verse(s); skipped 0.
MAT 18:19  wrote 040_MAT_018_019_GOI_It.txt
Done. Wrote 1 verse(s); skipped 0.
MAT 18:20  wrote 040_MAT_018_020_GOI_It.txt
Done. Wrote 1 verse(s); skipped 0.
MAT 18:21  wrote 040_MAT_018_021_GOI_It.txt
Done. Wrote 1 verse(s); skipped 0.
MAT 18:22  wrote 040_MAT_018_022_GOI_It.txt
Done. Wrote 1 verse(s); skipped 0.
MAT 18:23  wrote 040_MAT_018_023_GOI_It.txt
Done. Wrote 1 verse(s); skipped 0.
MAT 18:24  wrote 040_MAT_018_024_GOI_It.txt
Done. Wrote 1 verse(s); skipped 0.
MAT 18:25  wrote 040_MAT_018_025_GOI_It.txt
Done. Wrote 1 verse(s); skipped 0.
MAT 18:26  wrote 040_MAT_018_026_GOI_It.txt
Done. Wrote 1 verse(s); skipped 0.
MAT 18:27  wrote 040_MAT_018_027_GOI_It.txt
Done. Wrote 1 verse(s); skipped 0.
MAT 18:28  wrote 040_MAT_018_028_GOI_It.txt
Done. Wrote 1 verse(s); skipped 0.
MAT 18:29  wrote 040_MAT_018_029_GOI_It.txt
Done. Wrote 1 verse(s); skipped 0.
MAT 18:30  wrote 040_MAT_018_030_GOI_It.txt
Done. Wrote 1 verse(s); skipped 0.
MAT 18:31  wrote 040_MAT_018_031_GOI_It.txt
Done. Wrote 1 verse(s); skipped 0.
MAT 18:32  wrote 040_MAT_018_032_GOI_It.txt
Done. Wrote 1 verse(s); skipped 0.
MAT 18:33  wrote 040_MAT_018_033_GOI_It.txt
Done. Wrote 1 verse(s); skipped 0.
MAT 18:34  wrote 040_MAT_018_034_GOI_It.txt
Done. Wrote 1 verse(s); skipped 0.
MAT 18:35  wrote 040_MAT_018_035_GOI_It.txt
Done. Wrote 1 verse(s); skipped 0.
Traceback (most recent call last):
  File "/home/albert/projects/bible/Meta_Bible_Data/Bible_Noun_Extraction/translate_verses.py", line 601, in <module>
    main()
    ~~~~^^
  File "/home/albert/projects/bible/Meta_Bible_Data/Bible_Noun_Extraction/translate_verses.py", line 577, in main
    raise RuntimeError(
    ...<2 lines>...
    )
RuntimeError: MAT 18:12: rejected before write; missing required noun anchors: ['montagna']; candidate='Che ve ne pare? Se a un uomo accadesse di avere cento pecore e una di esse si smarrisse, non lascerà forse le novantanove sui monti e, andando, cercherà quella smarrita?\n'
Traceback (most recent call last):
  File "/home/albert/projects/bible/Meta_Bible_Data/Bible_Noun_Extraction/translate_verses.py", line 601, in <module>
    main()
    ~~~~^^
  File "/home/albert/projects/bible/Meta_Bible_Data/Bible_Noun_Extraction/translate_verses.py", line 577, in main
    raise RuntimeError(
    ...<2 lines>...
    )
RuntimeError: MAT 18:12: rejected before write; missing required noun anchors: ['montagna']; candidate='Che ve ne pare? Se a un uomo accadesse di avere cento pecore e una di esse si smarrisse, non lascerà forse le novantanove sui monti e, andando, cercherà quella smarrita?\n'
MAT 19:1  wrote 040_MAT_019_001_GOI_It.txt
MAT 19:2  wrote 040_MAT_019_002_GOI_It.txt
MAT 19:3  wrote 040_MAT_019_003_GOI_It.txt
Traceback (most recent call last):
  File "/home/albert/projects/bible/Meta_Bible_Data/Bible_Noun_Extraction/translate_verses.py", line 601, in <module>
    main()
    ~~~~^^
  File "/home/albert/projects/bible/Meta_Bible_Data/Bible_Noun_Extraction/translate_verses.py", line 577, in main
    raise RuntimeError(
    ...<2 lines>...
    )
RuntimeError: MAT 19:4: rejected before write; missing required noun anchors: ['inizio']; candidate='Ed egli, rispondendo, disse loro: "Non avete letto che colui che li fece da principio li fece maschio e femmina?"\n'
MAT 19:1  skipped (already exists)
MAT 19:2  skipped (already exists)
MAT 19:3  skipped (already exists)
Traceback (most recent call last):
  File "/home/albert/projects/bible/Meta_Bible_Data/Bible_Noun_Extraction/translate_verses.py", line 601, in <module>
    main()
    ~~~~^^
  File "/home/albert/projects/bible/Meta_Bible_Data/Bible_Noun_Extraction/translate_verses.py", line 577, in main
    raise RuntimeError(
    ...<2 lines>...
    )
RuntimeError: MAT 19:4: rejected before write; missing required noun anchors: ['inizio']; candidate='Ed egli, rispondendo, disse loro: "Non avete letto che colui che li fece da principio li fece maschio e femmina?"\n'
MAT 19:1  skipped (already exists)
MAT 19:2  skipped (already exists)
MAT 19:3  skipped (already exists)
Traceback (most recent call last):
  File "/home/albert/projects/bible/Meta_Bible_Data/Bible_Noun_Extraction/translate_verses.py", line 601, in <module>
    main()
    ~~~~^^
  File "/home/albert/projects/bible/Meta_Bible_Data/Bible_Noun_Extraction/translate_verses.py", line 577, in main
    raise RuntimeError(
    ...<2 lines>...
    )
RuntimeError: MAT 19:4: rejected before write; missing required noun anchors: ['inizio']; candidate='Ed egli, rispondendo, disse loro: "Non avete letto che colui che li fece da principio li fece maschio e femmina?"\n'
MAT 19:5  wrote 040_MAT_019_005_GOI_It.txt
Done. Wrote 1 verse(s); skipped 0.
MAT 19:6  wrote 040_MAT_019_006_GOI_It.txt
Done. Wrote 1 verse(s); skipped 0.
MAT 19:7  wrote 040_MAT_019_007_GOI_It.txt
Done. Wrote 1 verse(s); skipped 0.
MAT 19:8  wrote 040_MAT_019_008_GOI_It.txt
Done. Wrote 1 verse(s); skipped 0.
MAT 19:9  wrote 040_MAT_019_009_GOI_It.txt
Done. Wrote 1 verse(s); skipped 0.
MAT 19:10  wrote 040_MAT_019_010_GOI_It.txt
Done. Wrote 1 verse(s); skipped 0.
MAT 19:11  wrote 040_MAT_019_011_GOI_It.txt
Done. Wrote 1 verse(s); skipped 0.
MAT 19:12  wrote 040_MAT_019_012_GOI_It.txt
Done. Wrote 1 verse(s); skipped 0.
MAT 19:13  wrote 040_MAT_019_013_GOI_It.txt
Done. Wrote 1 verse(s); skipped 0.
MAT 19:14  wrote 040_MAT_019_014_GOI_It.txt
Done. Wrote 1 verse(s); skipped 0.
MAT 19:15  wrote 040_MAT_019_015_GOI_It.txt
Done. Wrote 1 verse(s); skipped 0.
MAT 19:16  wrote 040_MAT_019_016_GOI_It.txt
Done. Wrote 1 verse(s); skipped 0.
MAT 19:17  wrote 040_MAT_019_017_GOI_It.txt
Done. Wrote 1 verse(s); skipped 0.
MAT 19:18  wrote 040_MAT_019_018_GOI_It.txt
Done. Wrote 1 verse(s); skipped 0.
MAT 19:19  wrote 040_MAT_019_019_GOI_It.txt
Done. Wrote 1 verse(s); skipped 0.
MAT 19:20  wrote 040_MAT_019_020_GOI_It.txt
Done. Wrote 1 verse(s); skipped 0.
MAT 19:21  wrote 040_MAT_019_021_GOI_It.txt
Done. Wrote 1 verse(s); skipped 0.
MAT 19:22  wrote 040_MAT_019_022_GOI_It.txt
Done. Wrote 1 verse(s); skipped 0.
MAT 19:23  wrote 040_MAT_019_023_GOI_It.txt
Done. Wrote 1 verse(s); skipped 0.
MAT 19:24  wrote 040_MAT_019_024_GOI_It.txt
Done. Wrote 1 verse(s); skipped 0.
MAT 19:25  wrote 040_MAT_019_025_GOI_It.txt
Done. Wrote 1 verse(s); skipped 0.
MAT 19:26  wrote 040_MAT_019_026_GOI_It.txt
Done. Wrote 1 verse(s); skipped 0.
MAT 19:27  wrote 040_MAT_019_027_GOI_It.txt
Done. Wrote 1 verse(s); skipped 0.
MAT 19:28  wrote 040_MAT_019_028_GOI_It.txt
Done. Wrote 1 verse(s); skipped 0.
MAT 19:29  wrote 040_MAT_019_029_GOI_It.txt
Done. Wrote 1 verse(s); skipped 0.
MAT 19:30  wrote 040_MAT_019_030_GOI_It.txt
Done. Wrote 1 verse(s); skipped 0.
MAT 20:1  wrote 040_MAT_020_001_GOI_It.txt
MAT 20:2  wrote 040_MAT_020_002_GOI_It.txt
MAT 20:3  wrote 040_MAT_020_003_GOI_It.txt
MAT 20:4  wrote 040_MAT_020_004_GOI_It.txt
MAT 20:5  wrote 040_MAT_020_005_GOI_It.txt
MAT 20:6  wrote 040_MAT_020_006_GOI_It.txt
MAT 20:7  wrote 040_MAT_020_007_GOI_It.txt
MAT 20:8  wrote 040_MAT_020_008_GOI_It.txt
MAT 20:9  wrote 040_MAT_020_009_GOI_It.txt
MAT 20:10  wrote 040_MAT_020_010_GOI_It.txt
MAT 20:11  wrote 040_MAT_020_011_GOI_It.txt
MAT 20:12  wrote 040_MAT_020_012_GOI_It.txt
MAT 20:13  wrote 040_MAT_020_013_GOI_It.txt
MAT 20:14  wrote 040_MAT_020_014_GOI_It.txt
MAT 20:15  wrote 040_MAT_020_015_GOI_It.txt
MAT 20:16  wrote 040_MAT_020_016_GOI_It.txt
MAT 20:17  wrote 040_MAT_020_017_GOI_It.txt
MAT 20:18  wrote 040_MAT_020_018_GOI_It.txt
MAT 20:19  wrote 040_MAT_020_019_GOI_It.txt
MAT 20:20  wrote 040_MAT_020_020_GOI_It.txt
MAT 20:21  wrote 040_MAT_020_021_GOI_It.txt
MAT 20:22  wrote 040_MAT_020_022_GOI_It.txt
MAT 20:23  wrote 040_MAT_020_023_GOI_It.txt
MAT 20:24  wrote 040_MAT_020_024_GOI_It.txt
MAT 20:25  wrote 040_MAT_020_025_GOI_It.txt
MAT 20:26  wrote 040_MAT_020_026_GOI_It.txt
MAT 20:27  wrote 040_MAT_020_027_GOI_It.txt
MAT 20:28  wrote 040_MAT_020_028_GOI_It.txt
MAT 20:29  wrote 040_MAT_020_029_GOI_It.txt
MAT 20:30  wrote 040_MAT_020_030_GOI_It.txt
MAT 20:31  wrote 040_MAT_020_031_GOI_It.txt
MAT 20:32  wrote 040_MAT_020_032_GOI_It.txt
MAT 20:33  wrote 040_MAT_020_033_GOI_It.txt
MAT 20:34  wrote 040_MAT_020_034_GOI_It.txt
Done. Wrote 34 verse(s); skipped 0.
Traceback (most recent call last):
  File "/home/albert/projects/bible/Meta_Bible_Data/Bible_Noun_Extraction/translate_verses.py", line 601, in <module>
    main()
    ~~~~^^
  File "/home/albert/projects/bible/Meta_Bible_Data/Bible_Noun_Extraction/translate_verses.py", line 577, in main
    raise RuntimeError(
    ...<2 lines>...
    )
RuntimeError: MAT 21:1: rejected before write; missing required noun anchors: ['montagna', 'olivo']; candidate='E quando si avvicinarono a Gerusalemme e giunsero a Betfage, verso il monte degli ulivi, allora Gesù inviò due discepoli.\n'
Traceback (most recent call last):
  File "/home/albert/projects/bible/Meta_Bible_Data/Bible_Noun_Extraction/translate_verses.py", line 601, in <module>
    main()
    ~~~~^^
  File "/home/albert/projects/bible/Meta_Bible_Data/Bible_Noun_Extraction/translate_verses.py", line 577, in main
    raise RuntimeError(
    ...<2 lines>...
    )
RuntimeError: MAT 21:1: rejected before write; missing required noun anchors: ['montagna', 'olivo']; candidate='E quando si avvicinarono a Gerusalemme e giunsero a Betfage, verso il monte degli ulivi, allora Gesù inviò due discepoli.\n'
Traceback (most recent call last):
  File "/home/albert/projects/bible/Meta_Bible_Data/Bible_Noun_Extraction/translate_verses.py", line 601, in <module>
    main()
    ~~~~^^
  File "/home/albert/projects/bible/Meta_Bible_Data/Bible_Noun_Extraction/translate_verses.py", line 577, in main
    raise RuntimeError(
    ...<2 lines>...
    )
RuntimeError: MAT 21:1: rejected before write; missing required noun anchors: ['montagna', 'olivo']; candidate='E quando si avvicinarono a Gerusalemme e giunsero a Betfage, verso il monte degli ulivi, allora Gesù inviò due discepoli.\n'
MAT 21:2  wrote 040_MAT_021_002_GOI_It.txt
Done. Wrote 1 verse(s); skipped 0.
MAT 21:3  wrote 040_MAT_021_003_GOI_It.txt
Done. Wrote 1 verse(s); skipped 0.
MAT 21:4  wrote 040_MAT_021_004_GOI_It.txt
Done. Wrote 1 verse(s); skipped 0.
MAT 21:5  wrote 040_MAT_021_005_GOI_It.txt
Done. Wrote 1 verse(s); skipped 0.
MAT 21:6  wrote 040_MAT_021_006_GOI_It.txt
Done. Wrote 1 verse(s); skipped 0.
MAT 21:7  wrote 040_MAT_021_007_GOI_It.txt
Done. Wrote 1 verse(s); skipped 0.
MAT 21:8  wrote 040_MAT_021_008_GOI_It.txt
Done. Wrote 1 verse(s); skipped 0.
MAT 21:9  wrote 040_MAT_021_009_GOI_It.txt
Done. Wrote 1 verse(s); skipped 0.
MAT 21:10  wrote 040_MAT_021_010_GOI_It.txt
Done. Wrote 1 verse(s); skipped 0.
MAT 21:11  wrote 040_MAT_021_011_GOI_It.txt
Done. Wrote 1 verse(s); skipped 0.
MAT 21:12  wrote 040_MAT_021_012_GOI_It.txt
Done. Wrote 1 verse(s); skipped 0.
MAT 21:13  wrote 040_MAT_021_013_GOI_It.txt
Done. Wrote 1 verse(s); skipped 0.
MAT 21:14  wrote 040_MAT_021_014_GOI_It.txt
Done. Wrote 1 verse(s); skipped 0.
MAT 21:15  wrote 040_MAT_021_015_GOI_It.txt
Done. Wrote 1 verse(s); skipped 0.
MAT 21:16  wrote 040_MAT_021_016_GOI_It.txt
Done. Wrote 1 verse(s); skipped 0.
MAT 21:17  wrote 040_MAT_021_017_GOI_It.txt
Done. Wrote 1 verse(s); skipped 0.
MAT 21:18  wrote 040_MAT_021_018_GOI_It.txt
Done. Wrote 1 verse(s); skipped 0.
Traceback (most recent call last):
  File "/home/albert/projects/bible/Meta_Bible_Data/Bible_Noun_Extraction/translate_verses.py", line 601, in <module>
    main()
    ~~~~^^
  File "/home/albert/projects/bible/Meta_Bible_Data/Bible_Noun_Extraction/translate_verses.py", line 577, in main
    raise RuntimeError(
    ...<2 lines>...
    )
RuntimeError: MAT 21:19: rejected before write; missing required noun anchors: ['secolo']; candidate='E vedendo un fico sulla via, venne ad esso e non trovò in esso nulla se non foglie soltanto, e gli disse: "Mai più da te nasca frutto in eterno". E subito il fico si seccò.\n'
MAT 21:20  wrote 040_MAT_021_020_GOI_It.txt
Done. Wrote 1 verse(s); skipped 0.
MAT 21:21  wrote 040_MAT_021_021_GOI_It.txt
Done. Wrote 1 verse(s); skipped 0.
MAT 21:22  wrote 040_MAT_021_022_GOI_It.txt
Done. Wrote 1 verse(s); skipped 0.
MAT 21:23  wrote 040_MAT_021_023_GOI_It.txt
Done. Wrote 1 verse(s); skipped 0.
MAT 21:24  wrote 040_MAT_021_024_GOI_It.txt
Done. Wrote 1 verse(s); skipped 0.
MAT 21:25  wrote 040_MAT_021_025_GOI_It.txt
Done. Wrote 1 verse(s); skipped 0.
MAT 21:26  wrote 040_MAT_021_026_GOI_It.txt
Done. Wrote 1 verse(s); skipped 0.
MAT 21:27  wrote 040_MAT_021_027_GOI_It.txt
Done. Wrote 1 verse(s); skipped 0.
MAT 21:28  wrote 040_MAT_021_028_GOI_It.txt
Done. Wrote 1 verse(s); skipped 0.
MAT 21:29  wrote 040_MAT_021_029_GOI_It.txt
Done. Wrote 1 verse(s); skipped 0.
MAT 21:30  wrote 040_MAT_021_030_GOI_It.txt
Done. Wrote 1 verse(s); skipped 0.
MAT 21:31  wrote 040_MAT_021_031_GOI_It.txt
Done. Wrote 1 verse(s); skipped 0.
MAT 21:32  wrote 040_MAT_021_032_GOI_It.txt
Done. Wrote 1 verse(s); skipped 0.
MAT 21:33  wrote 040_MAT_021_033_GOI_It.txt
Done. Wrote 1 verse(s); skipped 0.
MAT 21:34  wrote 040_MAT_021_034_GOI_It.txt
Done. Wrote 1 verse(s); skipped 0.
MAT 21:35  wrote 040_MAT_021_035_GOI_It.txt
Done. Wrote 1 verse(s); skipped 0.
MAT 21:36  wrote 040_MAT_021_036_GOI_It.txt
Done. Wrote 1 verse(s); skipped 0.
MAT 21:37  wrote 040_MAT_021_037_GOI_It.txt
Done. Wrote 1 verse(s); skipped 0.
MAT 21:38  wrote 040_MAT_021_038_GOI_It.txt
Done. Wrote 1 verse(s); skipped 0.
MAT 21:39  wrote 040_MAT_021_039_GOI_It.txt
Done. Wrote 1 verse(s); skipped 0.
MAT 21:40  wrote 040_MAT_021_040_GOI_It.txt
Done. Wrote 1 verse(s); skipped 0.
MAT 21:41  wrote 040_MAT_021_041_GOI_It.txt
Done. Wrote 1 verse(s); skipped 0.
MAT 21:42  wrote 040_MAT_021_042_GOI_It.txt
Done. Wrote 1 verse(s); skipped 0.
MAT 21:43  wrote 040_MAT_021_043_GOI_It.txt
Done. Wrote 1 verse(s); skipped 0.
MAT 21:44  wrote 040_MAT_021_044_GOI_It.txt
Done. Wrote 1 verse(s); skipped 0.
MAT 21:45  wrote 040_MAT_021_045_GOI_It.txt
Done. Wrote 1 verse(s); skipped 0.
MAT 21:46  wrote 040_MAT_021_046_GOI_It.txt
Done. Wrote 1 verse(s); skipped 0.
Traceback (most recent call last):
  File "/home/albert/projects/bible/Meta_Bible_Data/Bible_Noun_Extraction/translate_verses.py", line 601, in <module>
    main()
    ~~~~^^
  File "/home/albert/projects/bible/Meta_Bible_Data/Bible_Noun_Extraction/translate_verses.py", line 577, in main
    raise RuntimeError(
    ...<2 lines>...
    )
RuntimeError: MAT 21:19: rejected before write; missing required noun anchors: ['secolo']; candidate='E vedendo un fico sulla via, venne ad esso e non trovò in esso nulla se non foglie soltanto, e gli disse: "Mai più da te nasca frutto in eterno". E subito il fico si seccò.\n'
Traceback (most recent call last):
  File "/home/albert/projects/bible/Meta_Bible_Data/Bible_Noun_Extraction/translate_verses.py", line 601, in <module>
    main()
    ~~~~^^
  File "/home/albert/projects/bible/Meta_Bible_Data/Bible_Noun_Extraction/translate_verses.py", line 577, in main
    raise RuntimeError(
    ...<2 lines>...
    )
RuntimeError: MAT 21:19: rejected before write; missing required noun anchors: ['secolo']; candidate='E vedendo un fico sulla via, venne ad esso e non trovò in esso nulla se non foglie soltanto, e gli disse: "Mai più da te nasca frutto in eterno". E subito il fico si seccò.\n'
MAT 22:1  wrote 040_MAT_022_001_GOI_It.txt
MAT 22:2  wrote 040_MAT_022_002_GOI_It.txt
MAT 22:3  wrote 040_MAT_022_003_GOI_It.txt
MAT 22:4  wrote 040_MAT_022_004_GOI_It.txt
MAT 22:5  wrote 040_MAT_022_005_GOI_It.txt
MAT 22:6  wrote 040_MAT_022_006_GOI_It.txt
MAT 22:7  wrote 040_MAT_022_007_GOI_It.txt
MAT 22:8  wrote 040_MAT_022_008_GOI_It.txt
MAT 22:9  wrote 040_MAT_022_009_GOI_It.txt
MAT 22:10  wrote 040_MAT_022_010_GOI_It.txt
MAT 22:11  wrote 040_MAT_022_011_GOI_It.txt
MAT 22:12  wrote 040_MAT_022_012_GOI_It.txt
MAT 22:13  wrote 040_MAT_022_013_GOI_It.txt
MAT 22:14  wrote 040_MAT_022_014_GOI_It.txt
MAT 22:15  wrote 040_MAT_022_015_GOI_It.txt
MAT 22:16  wrote 040_MAT_022_016_GOI_It.txt
MAT 22:17  wrote 040_MAT_022_017_GOI_It.txt
MAT 22:18  wrote 040_MAT_022_018_GOI_It.txt
MAT 22:19  wrote 040_MAT_022_019_GOI_It.txt
MAT 22:20  wrote 040_MAT_022_020_GOI_It.txt
MAT 22:21  wrote 040_MAT_022_021_GOI_It.txt
MAT 22:22  wrote 040_MAT_022_022_GOI_It.txt
MAT 22:23  wrote 040_MAT_022_023_GOI_It.txt
Traceback (most recent call last):
  File "/home/albert/projects/bible/Meta_Bible_Data/Bible_Noun_Extraction/translate_verses.py", line 601, in <module>
    main()
    ~~~~^^
  File "/home/albert/projects/bible/Meta_Bible_Data/Bible_Noun_Extraction/translate_verses.py", line 577, in main
    raise RuntimeError(
    ...<2 lines>...
    )
RuntimeError: MAT 22:24: rejected before write; missing required noun anchors: ['donna']; candidate='dicendo: "Maestro, Mosè disse: se uno muore senza avere figli, suo fratello sposerà sua moglie e susciterà seme a suo fratello".\n'
MAT 22:1  skipped (already exists)
MAT 22:2  skipped (already exists)
MAT 22:3  skipped (already exists)
MAT 22:4  skipped (already exists)
MAT 22:5  skipped (already exists)
MAT 22:6  skipped (already exists)
MAT 22:7  skipped (already exists)
MAT 22:8  skipped (already exists)
MAT 22:9  skipped (already exists)
MAT 22:10  skipped (already exists)
MAT 22:11  skipped (already exists)
MAT 22:12  skipped (already exists)
MAT 22:13  skipped (already exists)
MAT 22:14  skipped (already exists)
MAT 22:15  skipped (already exists)
MAT 22:16  skipped (already exists)
MAT 22:17  skipped (already exists)
MAT 22:18  skipped (already exists)
MAT 22:19  skipped (already exists)
MAT 22:20  skipped (already exists)
MAT 22:21  skipped (already exists)
MAT 22:22  skipped (already exists)
MAT 22:23  skipped (already exists)
Traceback (most recent call last):
  File "/home/albert/projects/bible/Meta_Bible_Data/Bible_Noun_Extraction/translate_verses.py", line 601, in <module>
    main()
    ~~~~^^
  File "/home/albert/projects/bible/Meta_Bible_Data/Bible_Noun_Extraction/translate_verses.py", line 577, in main
    raise RuntimeError(
    ...<2 lines>...
    )
RuntimeError: MAT 22:24: rejected before write; missing required noun anchors: ['donna']; candidate='dicendo: "Maestro, Mosè disse: se uno muore senza avere figli, suo fratello sposerà sua moglie e susciterà seme a suo fratello".\n'
MAT 22:1  skipped (already exists)
MAT 22:2  skipped (already exists)
MAT 22:3  skipped (already exists)
MAT 22:4  skipped (already exists)
MAT 22:5  skipped (already exists)
MAT 22:6  skipped (already exists)
MAT 22:7  skipped (already exists)
MAT 22:8  skipped (already exists)
MAT 22:9  skipped (already exists)
MAT 22:10  skipped (already exists)
MAT 22:11  skipped (already exists)
MAT 22:12  skipped (already exists)
MAT 22:13  skipped (already exists)
MAT 22:14  skipped (already exists)
MAT 22:15  skipped (already exists)
MAT 22:16  skipped (already exists)
MAT 22:17  skipped (already exists)
MAT 22:18  skipped (already exists)
MAT 22:19  skipped (already exists)
MAT 22:20  skipped (already exists)
MAT 22:21  skipped (already exists)
MAT 22:22  skipped (already exists)
MAT 22:23  skipped (already exists)
Traceback (most recent call last):
  File "/home/albert/projects/bible/Meta_Bible_Data/Bible_Noun_Extraction/translate_verses.py", line 601, in <module>
    main()
    ~~~~^^
  File "/home/albert/projects/bible/Meta_Bible_Data/Bible_Noun_Extraction/translate_verses.py", line 577, in main
    raise RuntimeError(
    ...<2 lines>...
    )
RuntimeError: MAT 22:24: rejected before write; missing required noun anchors: ['donna']; candidate='dicendo: "Maestro, Mosè disse: se uno muore senza avere figli, suo fratello sposerà sua moglie e susciterà seme a suo fratello".\n'
MAT 22:25  wrote 040_MAT_022_025_GOI_It.txt
Done. Wrote 1 verse(s); skipped 0.
MAT 22:26  wrote 040_MAT_022_026_GOI_It.txt
Done. Wrote 1 verse(s); skipped 0.
MAT 22:27  wrote 040_MAT_022_027_GOI_It.txt
Done. Wrote 1 verse(s); skipped 0.
MAT 22:28  wrote 040_MAT_022_028_GOI_It.txt
Done. Wrote 1 verse(s); skipped 0.
MAT 22:29  wrote 040_MAT_022_029_GOI_It.txt
Done. Wrote 1 verse(s); skipped 0.
MAT 22:30  wrote 040_MAT_022_030_GOI_It.txt
Done. Wrote 1 verse(s); skipped 0.
MAT 22:31  wrote 040_MAT_022_031_GOI_It.txt
Done. Wrote 1 verse(s); skipped 0.
MAT 22:32  wrote 040_MAT_022_032_GOI_It.txt
Done. Wrote 1 verse(s); skipped 0.
MAT 22:33  wrote 040_MAT_022_033_GOI_It.txt
Done. Wrote 1 verse(s); skipped 0.
MAT 22:34  wrote 040_MAT_022_034_GOI_It.txt
Done. Wrote 1 verse(s); skipped 0.
MAT 22:35  wrote 040_MAT_022_035_GOI_It.txt
Done. Wrote 1 verse(s); skipped 0.
MAT 22:36  wrote 040_MAT_022_036_GOI_It.txt
Done. Wrote 1 verse(s); skipped 0.
MAT 22:37  wrote 040_MAT_022_037_GOI_It.txt
Done. Wrote 1 verse(s); skipped 0.
MAT 22:38  wrote 040_MAT_022_038_GOI_It.txt
Done. Wrote 1 verse(s); skipped 0.
MAT 22:39  wrote 040_MAT_022_039_GOI_It.txt
Done. Wrote 1 verse(s); skipped 0.
MAT 22:40  wrote 040_MAT_022_040_GOI_It.txt
Done. Wrote 1 verse(s); skipped 0.
MAT 22:41  wrote 040_MAT_022_041_GOI_It.txt
Done. Wrote 1 verse(s); skipped 0.
MAT 22:42  wrote 040_MAT_022_042_GOI_It.txt
Done. Wrote 1 verse(s); skipped 0.
MAT 22:43  wrote 040_MAT_022_043_GOI_It.txt
Done. Wrote 1 verse(s); skipped 0.
MAT 22:44  wrote 040_MAT_022_044_GOI_It.txt
Done. Wrote 1 verse(s); skipped 0.
MAT 22:45  wrote 040_MAT_022_045_GOI_It.txt
Done. Wrote 1 verse(s); skipped 0.
MAT 22:46  wrote 040_MAT_022_046_GOI_It.txt
Done. Wrote 1 verse(s); skipped 0.
MAT 23:1  wrote 040_MAT_023_001_GOI_It.txt
MAT 23:2  wrote 040_MAT_023_002_GOI_It.txt
MAT 23:3  wrote 040_MAT_023_003_GOI_It.txt
MAT 23:4  wrote 040_MAT_023_004_GOI_It.txt
MAT 23:5  wrote 040_MAT_023_005_GOI_It.txt
MAT 23:6  wrote 040_MAT_023_006_GOI_It.txt
MAT 23:7  wrote 040_MAT_023_007_GOI_It.txt
MAT 23:8  wrote 040_MAT_023_008_GOI_It.txt
MAT 23:9  wrote 040_MAT_023_009_GOI_It.txt
MAT 23:10  wrote 040_MAT_023_010_GOI_It.txt
MAT 23:11  wrote 040_MAT_023_011_GOI_It.txt
MAT 23:12  wrote 040_MAT_023_012_GOI_It.txt
MAT 23:13  wrote 040_MAT_023_013_GOI_It.txt
MAT 23:14  wrote 040_MAT_023_014_GOI_It.txt
MAT 23:15  wrote 040_MAT_023_015_GOI_It.txt
MAT 23:16  wrote 040_MAT_023_016_GOI_It.txt
MAT 23:17  wrote 040_MAT_023_017_GOI_It.txt
MAT 23:18  wrote 040_MAT_023_018_GOI_It.txt
MAT 23:19  wrote 040_MAT_023_019_GOI_It.txt
MAT 23:20  wrote 040_MAT_023_020_GOI_It.txt
MAT 23:21  wrote 040_MAT_023_021_GOI_It.txt
MAT 23:22  wrote 040_MAT_023_022_GOI_It.txt
MAT 23:23  wrote 040_MAT_023_023_GOI_It.txt
MAT 23:24  wrote 040_MAT_023_024_GOI_It.txt
MAT 23:25  wrote 040_MAT_023_025_GOI_It.txt
MAT 23:26  wrote 040_MAT_023_026_GOI_It.txt
MAT 23:27  wrote 040_MAT_023_027_GOI_It.txt
MAT 23:28  wrote 040_MAT_023_028_GOI_It.txt
MAT 23:29  wrote 040_MAT_023_029_GOI_It.txt
MAT 23:30  wrote 040_MAT_023_030_GOI_It.txt
MAT 23:31  wrote 040_MAT_023_031_GOI_It.txt
MAT 23:32  wrote 040_MAT_023_032_GOI_It.txt
MAT 23:33  wrote 040_MAT_023_033_GOI_It.txt
MAT 23:34  wrote 040_MAT_023_034_GOI_It.txt
MAT 23:35  wrote 040_MAT_023_035_GOI_It.txt
MAT 23:36  wrote 040_MAT_023_036_GOI_It.txt
MAT 23:37  wrote 040_MAT_023_037_GOI_It.txt
MAT 23:38  wrote 040_MAT_023_038_GOI_It.txt
MAT 23:39  wrote 040_MAT_023_039_GOI_It.txt
Done. Wrote 39 verse(s); skipped 0.
MAT 24:1  wrote 040_MAT_024_001_GOI_It.txt
MAT 24:2  wrote 040_MAT_024_002_GOI_It.txt
Traceback (most recent call last):
  File "/home/albert/projects/bible/Meta_Bible_Data/Bible_Noun_Extraction/translate_verses.py", line 601, in <module>
    main()
    ~~~~^^
  File "/home/albert/projects/bible/Meta_Bible_Data/Bible_Noun_Extraction/translate_verses.py", line 577, in main
    raise RuntimeError(
    ...<2 lines>...
    )
RuntimeError: MAT 24:3: rejected before write; missing required noun anchors: ['montagna']; candidate='Mentre egli era seduto sul monte degli olivi, i discepoli gli si avvicinarono in privato, dicendo: "Di\' a noi: quando saranno queste cose, e quale sarà il segno della tua venuta e della fine del secolo?"\n'
MAT 24:1  skipped (already exists)
MAT 24:2  skipped (already exists)
Traceback (most recent call last):
  File "/home/albert/projects/bible/Meta_Bible_Data/Bible_Noun_Extraction/translate_verses.py", line 601, in <module>
    main()
    ~~~~^^
  File "/home/albert/projects/bible/Meta_Bible_Data/Bible_Noun_Extraction/translate_verses.py", line 577, in main
    raise RuntimeError(
    ...<2 lines>...
    )
RuntimeError: MAT 24:3: rejected before write; missing required noun anchors: ['montagna']; candidate='Mentre egli era seduto sul monte degli olivi, i discepoli gli si avvicinarono in privato, dicendo: "Dicci, quando avverranno queste cose, e quale sarà il segno della tua venuta e della fine del secolo?"\n'
MAT 24:1  skipped (already exists)
MAT 24:2  skipped (already exists)
Traceback (most recent call last):
  File "/home/albert/projects/bible/Meta_Bible_Data/Bible_Noun_Extraction/translate_verses.py", line 601, in <module>
    main()
    ~~~~^^
  File "/home/albert/projects/bible/Meta_Bible_Data/Bible_Noun_Extraction/translate_verses.py", line 577, in main
    raise RuntimeError(
    ...<2 lines>...
    )
RuntimeError: MAT 24:3: rejected before write; missing required noun anchors: ['montagna', 'olivo']; candidate='Mentre egli era seduto sul monte degli ulivi, i discepoli gli si avvicinarono in privato, dicendo: "Dicci, quando avverranno queste cose, e quale sarà il segno della tua venuta e della fine del secolo?"\n'
MAT 24:4  wrote 040_MAT_024_004_GOI_It.txt
Done. Wrote 1 verse(s); skipped 0.
MAT 24:5  wrote 040_MAT_024_005_GOI_It.txt
Done. Wrote 1 verse(s); skipped 0.
Traceback (most recent call last):
  File "/home/albert/projects/bible/Meta_Bible_Data/Bible_Noun_Extraction/translate_verses.py", line 601, in <module>
    main()
    ~~~~^^
  File "/home/albert/projects/bible/Meta_Bible_Data/Bible_Noun_Extraction/translate_verses.py", line 577, in main
    raise RuntimeError(
    ...<2 lines>...
    )
RuntimeError: MAT 24:6: rejected before write; missing required noun anchors: ['udito']; candidate='Sentirete guerre e voci di guerre; guardate di non turbarvi, perché tutte queste cose devono accadere, ma non è ancora la fine.\n'
MAT 24:7  wrote 040_MAT_024_007_GOI_It.txt
Done. Wrote 1 verse(s); skipped 0.
MAT 24:8  wrote 040_MAT_024_008_GOI_It.txt
Done. Wrote 1 verse(s); skipped 0.
MAT 24:9  wrote 040_MAT_024_009_GOI_It.txt
Done. Wrote 1 verse(s); skipped 0.
MAT 24:10  wrote 040_MAT_024_010_GOI_It.txt
Done. Wrote 1 verse(s); skipped 0.
MAT 24:11  wrote 040_MAT_024_011_GOI_It.txt
Done. Wrote 1 verse(s); skipped 0.
MAT 24:12  wrote 040_MAT_024_012_GOI_It.txt
Done. Wrote 1 verse(s); skipped 0.
MAT 24:13  wrote 040_MAT_024_013_GOI_It.txt
Done. Wrote 1 verse(s); skipped 0.
MAT 24:14  wrote 040_MAT_024_014_GOI_It.txt
Done. Wrote 1 verse(s); skipped 0.
MAT 24:15  wrote 040_MAT_024_015_GOI_It.txt
Done. Wrote 1 verse(s); skipped 0.
Traceback (most recent call last):
  File "/home/albert/projects/bible/Meta_Bible_Data/Bible_Noun_Extraction/translate_verses.py", line 601, in <module>
    main()
    ~~~~^^
  File "/home/albert/projects/bible/Meta_Bible_Data/Bible_Noun_Extraction/translate_verses.py", line 577, in main
    raise RuntimeError(
    ...<2 lines>...
    )
RuntimeError: MAT 24:16: rejected before write; missing required noun anchors: ['montagna']; candidate='Allora quelli che sono in Giudea fuggano ai monti.\n'
MAT 24:17  wrote 040_MAT_024_017_GOI_It.txt
Done. Wrote 1 verse(s); skipped 0.
MAT 24:18  wrote 040_MAT_024_018_GOI_It.txt
Done. Wrote 1 verse(s); skipped 0.
MAT 24:19  wrote 040_MAT_024_019_GOI_It.txt
Done. Wrote 1 verse(s); skipped 0.
MAT 24:20  wrote 040_MAT_024_020_GOI_It.txt
Done. Wrote 1 verse(s); skipped 0.
MAT 24:21  wrote 040_MAT_024_021_GOI_It.txt
Done. Wrote 1 verse(s); skipped 0.
MAT 24:22  wrote 040_MAT_024_022_GOI_It.txt
Done. Wrote 1 verse(s); skipped 0.
MAT 24:23  wrote 040_MAT_024_023_GOI_It.txt
Done. Wrote 1 verse(s); skipped 0.
MAT 24:24  wrote 040_MAT_024_024_GOI_It.txt
Done. Wrote 1 verse(s); skipped 0.
MAT 24:25  wrote 040_MAT_024_025_GOI_It.txt
Done. Wrote 1 verse(s); skipped 0.
MAT 24:26  wrote 040_MAT_024_026_GOI_It.txt
Done. Wrote 1 verse(s); skipped 0.
MAT 24:27  wrote 040_MAT_024_027_GOI_It.txt
Done. Wrote 1 verse(s); skipped 0.
MAT 24:28  wrote 040_MAT_024_028_GOI_It.txt
Done. Wrote 1 verse(s); skipped 0.
MAT 24:29  wrote 040_MAT_024_029_GOI_It.txt
Done. Wrote 1 verse(s); skipped 0.
MAT 24:30  wrote 040_MAT_024_030_GOI_It.txt
Done. Wrote 1 verse(s); skipped 0.
MAT 24:31  wrote 040_MAT_024_031_GOI_It.txt
Done. Wrote 1 verse(s); skipped 0.
MAT 24:32  wrote 040_MAT_024_032_GOI_It.txt
Done. Wrote 1 verse(s); skipped 0.
MAT 24:33  wrote 040_MAT_024_033_GOI_It.txt
Done. Wrote 1 verse(s); skipped 0.
MAT 24:34  wrote 040_MAT_024_034_GOI_It.txt
Done. Wrote 1 verse(s); skipped 0.
MAT 24:35  wrote 040_MAT_024_035_GOI_It.txt
Done. Wrote 1 verse(s); skipped 0.
MAT 24:36  wrote 040_MAT_024_036_GOI_It.txt
Done. Wrote 1 verse(s); skipped 0.
MAT 24:37  wrote 040_MAT_024_037_GOI_It.txt
Done. Wrote 1 verse(s); skipped 0.
MAT 24:38  wrote 040_MAT_024_038_GOI_It.txt
Done. Wrote 1 verse(s); skipped 0.
MAT 24:39  wrote 040_MAT_024_039_GOI_It.txt
Done. Wrote 1 verse(s); skipped 0.
MAT 24:40  wrote 040_MAT_024_040_GOI_It.txt
Done. Wrote 1 verse(s); skipped 0.
MAT 24:41  wrote 040_MAT_024_041_GOI_It.txt
Done. Wrote 1 verse(s); skipped 0.
MAT 24:42  wrote 040_MAT_024_042_GOI_It.txt
Done. Wrote 1 verse(s); skipped 0.
MAT 24:43  wrote 040_MAT_024_043_GOI_It.txt
Done. Wrote 1 verse(s); skipped 0.
MAT 24:44  wrote 040_MAT_024_044_GOI_It.txt
Done. Wrote 1 verse(s); skipped 0.
MAT 24:45  wrote 040_MAT_024_045_GOI_It.txt
Done. Wrote 1 verse(s); skipped 0.
MAT 24:46  wrote 040_MAT_024_046_GOI_It.txt
Done. Wrote 1 verse(s); skipped 0.
MAT 24:47  wrote 040_MAT_024_047_GOI_It.txt
Done. Wrote 1 verse(s); skipped 0.
MAT 24:48  wrote 040_MAT_024_048_GOI_It.txt
Done. Wrote 1 verse(s); skipped 0.
MAT 24:49  wrote 040_MAT_024_049_GOI_It.txt
Done. Wrote 1 verse(s); skipped 0.
MAT 24:50  wrote 040_MAT_024_050_GOI_It.txt
Done. Wrote 1 verse(s); skipped 0.
MAT 24:51  wrote 040_MAT_024_051_GOI_It.txt
Done. Wrote 1 verse(s); skipped 0.
Traceback (most recent call last):
  File "/home/albert/projects/bible/Meta_Bible_Data/Bible_Noun_Extraction/translate_verses.py", line 601, in <module>
    main()
    ~~~~^^
  File "/home/albert/projects/bible/Meta_Bible_Data/Bible_Noun_Extraction/translate_verses.py", line 577, in main
    raise RuntimeError(
    ...<2 lines>...
    )
RuntimeError: MAT 24:6: rejected before write; missing required noun anchors: ['udito']; candidate='Sentirete guerre e rumori di guerre; guardate di non turbarvi, perché tutte queste cose devono accadere, ma non è ancora la fine.\n'
Traceback (most recent call last):
  File "/home/albert/projects/bible/Meta_Bible_Data/Bible_Noun_Extraction/translate_verses.py", line 601, in <module>
    main()
    ~~~~^^
  File "/home/albert/projects/bible/Meta_Bible_Data/Bible_Noun_Extraction/translate_verses.py", line 577, in main
    raise RuntimeError(
    ...<2 lines>...
    )
RuntimeError: MAT 24:16: rejected before write; missing required noun anchors: ['montagna']; candidate='Allora quelli che sono in Giudea fuggano sui monti.\n'
Traceback (most recent call last):
  File "/home/albert/projects/bible/Meta_Bible_Data/Bible_Noun_Extraction/translate_verses.py", line 601, in <module>
    main()
    ~~~~^^
  File "/home/albert/projects/bible/Meta_Bible_Data/Bible_Noun_Extraction/translate_verses.py", line 577, in main
    raise RuntimeError(
    ...<2 lines>...
    )
RuntimeError: MAT 24:6: rejected before write; missing required noun anchors: ['udito']; candidate='Sentirete guerre e voci di guerre; guardate di non turbarvi, perché tutte queste cose devono accadere, ma non è ancora la fine.\n'
Traceback (most recent call last):
  File "/home/albert/projects/bible/Meta_Bible_Data/Bible_Noun_Extraction/translate_verses.py", line 601, in <module>
    main()
    ~~~~^^
  File "/home/albert/projects/bible/Meta_Bible_Data/Bible_Noun_Extraction/translate_verses.py", line 577, in main
    raise RuntimeError(
    ...<2 lines>...
    )
RuntimeError: MAT 24:16: rejected before write; missing required noun anchors: ['montagna']; candidate='Allora quelli che sono in Giudea fuggano ai monti.\n'
MAT 25:1  wrote 040_MAT_025_001_GOI_It.txt
MAT 25:2  wrote 040_MAT_025_002_GOI_It.txt
MAT 25:3  wrote 040_MAT_025_003_GOI_It.txt
MAT 25:4  wrote 040_MAT_025_004_GOI_It.txt
MAT 25:5  wrote 040_MAT_025_005_GOI_It.txt
MAT 25:6  wrote 040_MAT_025_006_GOI_It.txt
MAT 25:7  wrote 040_MAT_025_007_GOI_It.txt
MAT 25:8  wrote 040_MAT_025_008_GOI_It.txt
MAT 25:9  wrote 040_MAT_025_009_GOI_It.txt
MAT 25:10  wrote 040_MAT_025_010_GOI_It.txt
MAT 25:11  wrote 040_MAT_025_011_GOI_It.txt
MAT 25:12  wrote 040_MAT_025_012_GOI_It.txt
MAT 25:13  wrote 040_MAT_025_013_GOI_It.txt
MAT 25:14  wrote 040_MAT_025_014_GOI_It.txt
MAT 25:15  wrote 040_MAT_025_015_GOI_It.txt
MAT 25:16  wrote 040_MAT_025_016_GOI_It.txt
MAT 25:17  wrote 040_MAT_025_017_GOI_It.txt
MAT 25:18  wrote 040_MAT_025_018_GOI_It.txt
MAT 25:19  wrote 040_MAT_025_019_GOI_It.txt
MAT 25:20  wrote 040_MAT_025_020_GOI_It.txt
MAT 25:21  wrote 040_MAT_025_021_GOI_It.txt
MAT 25:22  wrote 040_MAT_025_022_GOI_It.txt
MAT 25:23  wrote 040_MAT_025_023_GOI_It.txt
MAT 25:24  wrote 040_MAT_025_024_GOI_It.txt
MAT 25:25  wrote 040_MAT_025_025_GOI_It.txt
MAT 25:26  wrote 040_MAT_025_026_GOI_It.txt
MAT 25:27  wrote 040_MAT_025_027_GOI_It.txt
MAT 25:28  wrote 040_MAT_025_028_GOI_It.txt
MAT 25:29  wrote 040_MAT_025_029_GOI_It.txt
MAT 25:30  wrote 040_MAT_025_030_GOI_It.txt
MAT 25:31  wrote 040_MAT_025_031_GOI_It.txt
MAT 25:32  wrote 040_MAT_025_032_GOI_It.txt
MAT 25:33  wrote 040_MAT_025_033_GOI_It.txt
MAT 25:34  wrote 040_MAT_025_034_GOI_It.txt
MAT 25:35  wrote 040_MAT_025_035_GOI_It.txt
MAT 25:36  wrote 040_MAT_025_036_GOI_It.txt
MAT 25:37  wrote 040_MAT_025_037_GOI_It.txt
MAT 25:38  wrote 040_MAT_025_038_GOI_It.txt
MAT 25:39  wrote 040_MAT_025_039_GOI_It.txt
MAT 25:40  wrote 040_MAT_025_040_GOI_It.txt
MAT 25:41  wrote 040_MAT_025_041_GOI_It.txt
MAT 25:42  wrote 040_MAT_025_042_GOI_It.txt
MAT 25:43  wrote 040_MAT_025_043_GOI_It.txt
MAT 25:44  wrote 040_MAT_025_044_GOI_It.txt
MAT 25:45  wrote 040_MAT_025_045_GOI_It.txt
MAT 25:46  wrote 040_MAT_025_046_GOI_It.txt
Done. Wrote 46 verse(s); skipped 0.
MAT 26:1  wrote 040_MAT_026_001_GOI_It.txt
MAT 26:2  wrote 040_MAT_026_002_GOI_It.txt
MAT 26:3  wrote 040_MAT_026_003_GOI_It.txt
MAT 26:4  wrote 040_MAT_026_004_GOI_It.txt
MAT 26:5  wrote 040_MAT_026_005_GOI_It.txt
MAT 26:6  wrote 040_MAT_026_006_GOI_It.txt
MAT 26:7  wrote 040_MAT_026_007_GOI_It.txt
MAT 26:8  wrote 040_MAT_026_008_GOI_It.txt
MAT 26:9  wrote 040_MAT_026_009_GOI_It.txt
MAT 26:10  wrote 040_MAT_026_010_GOI_It.txt
MAT 26:11  wrote 040_MAT_026_011_GOI_It.txt
MAT 26:12  wrote 040_MAT_026_012_GOI_It.txt
MAT 26:13  wrote 040_MAT_026_013_GOI_It.txt
MAT 26:14  wrote 040_MAT_026_014_GOI_It.txt
MAT 26:15  wrote 040_MAT_026_015_GOI_It.txt
MAT 26:16  wrote 040_MAT_026_016_GOI_It.txt
MAT 26:17  wrote 040_MAT_026_017_GOI_It.txt
MAT 26:18  wrote 040_MAT_026_018_GOI_It.txt
MAT 26:19  wrote 040_MAT_026_019_GOI_It.txt
MAT 26:20  wrote 040_MAT_026_020_GOI_It.txt
MAT 26:21  wrote 040_MAT_026_021_GOI_It.txt
MAT 26:22  wrote 040_MAT_026_022_GOI_It.txt
MAT 26:23  wrote 040_MAT_026_023_GOI_It.txt
MAT 26:24  wrote 040_MAT_026_024_GOI_It.txt
MAT 26:25  wrote 040_MAT_026_025_GOI_It.txt
MAT 26:26  wrote 040_MAT_026_026_GOI_It.txt
MAT 26:27  wrote 040_MAT_026_027_GOI_It.txt
MAT 26:28  wrote 040_MAT_026_028_GOI_It.txt
MAT 26:29  wrote 040_MAT_026_029_GOI_It.txt
MAT 26:30  wrote 040_MAT_026_030_GOI_It.txt
MAT 26:31  wrote 040_MAT_026_031_GOI_It.txt
MAT 26:32  wrote 040_MAT_026_032_GOI_It.txt
MAT 26:33  wrote 040_MAT_026_033_GOI_It.txt
MAT 26:34  wrote 040_MAT_026_034_GOI_It.txt
MAT 26:35  wrote 040_MAT_026_035_GOI_It.txt
MAT 26:36  wrote 040_MAT_026_036_GOI_It.txt
MAT 26:37  wrote 040_MAT_026_037_GOI_It.txt
MAT 26:38  wrote 040_MAT_026_038_GOI_It.txt
MAT 26:39  wrote 040_MAT_026_039_GOI_It.txt
MAT 26:40  wrote 040_MAT_026_040_GOI_It.txt
MAT 26:41  wrote 040_MAT_026_041_GOI_It.txt
MAT 26:42  wrote 040_MAT_026_042_GOI_It.txt
MAT 26:43  wrote 040_MAT_026_043_GOI_It.txt
MAT 26:44  wrote 040_MAT_026_044_GOI_It.txt
MAT 26:45  wrote 040_MAT_026_045_GOI_It.txt
MAT 26:46  wrote 040_MAT_026_046_GOI_It.txt
MAT 26:47  wrote 040_MAT_026_047_GOI_It.txt
MAT 26:48  wrote 040_MAT_026_048_GOI_It.txt
MAT 26:49  wrote 040_MAT_026_049_GOI_It.txt
MAT 26:50  wrote 040_MAT_026_050_GOI_It.txt
MAT 26:51  wrote 040_MAT_026_051_GOI_It.txt
MAT 26:52  wrote 040_MAT_026_052_GOI_It.txt
MAT 26:53  wrote 040_MAT_026_053_GOI_It.txt
MAT 26:54  wrote 040_MAT_026_054_GOI_It.txt
MAT 26:55  wrote 040_MAT_026_055_GOI_It.txt
MAT 26:56  wrote 040_MAT_026_056_GOI_It.txt
MAT 26:57  wrote 040_MAT_026_057_GOI_It.txt
MAT 26:58  wrote 040_MAT_026_058_GOI_It.txt
MAT 26:59  wrote 040_MAT_026_059_GOI_It.txt
MAT 26:60  wrote 040_MAT_026_060_GOI_It.txt
MAT 26:61  wrote 040_MAT_026_061_GOI_It.txt
MAT 26:62  wrote 040_MAT_026_062_GOI_It.txt
MAT 26:63  wrote 040_MAT_026_063_GOI_It.txt
MAT 26:64  wrote 040_MAT_026_064_GOI_It.txt
Traceback (most recent call last):
  File "/home/albert/projects/bible/Meta_Bible_Data/Bible_Noun_Extraction/translate_verses.py", line 601, in <module>
    main()
    ~~~~^^
  File "/home/albert/projects/bible/Meta_Bible_Data/Bible_Noun_Extraction/translate_verses.py", line 577, in main
    raise RuntimeError(
    ...<2 lines>...
    )
RuntimeError: MAT 26:65: rejected before write; missing required noun anchors: ['vestito']; candidate='Allora il sommo sacerdote si stracciò le sue vesti, dicendo: Ha bestemmiato! Che necessità abbiamo ancora di testimoni? Ecco, ora avete udito la sua bestemmia.\n'
MAT 26:1  skipped (already exists)
MAT 26:2  skipped (already exists)
MAT 26:3  skipped (already exists)
MAT 26:4  skipped (already exists)
MAT 26:5  skipped (already exists)
MAT 26:6  skipped (already exists)
MAT 26:7  skipped (already exists)
MAT 26:8  skipped (already exists)
MAT 26:9  skipped (already exists)
MAT 26:10  skipped (already exists)
MAT 26:11  skipped (already exists)
MAT 26:12  skipped (already exists)
MAT 26:13  skipped (already exists)
MAT 26:14  skipped (already exists)
MAT 26:15  skipped (already exists)
MAT 26:16  skipped (already exists)
MAT 26:17  skipped (already exists)
MAT 26:18  skipped (already exists)
MAT 26:19  skipped (already exists)
MAT 26:20  skipped (already exists)
MAT 26:21  skipped (already exists)
MAT 26:22  skipped (already exists)
MAT 26:23  skipped (already exists)
MAT 26:24  skipped (already exists)
MAT 26:25  skipped (already exists)
MAT 26:26  skipped (already exists)
MAT 26:27  skipped (already exists)
MAT 26:28  skipped (already exists)
MAT 26:29  skipped (already exists)
MAT 26:30  skipped (already exists)
MAT 26:31  skipped (already exists)
MAT 26:32  skipped (already exists)
MAT 26:33  skipped (already exists)
MAT 26:34  skipped (already exists)
MAT 26:35  skipped (already exists)
MAT 26:36  skipped (already exists)
MAT 26:37  skipped (already exists)
MAT 26:38  skipped (already exists)
MAT 26:39  skipped (already exists)
MAT 26:40  skipped (already exists)
MAT 26:41  skipped (already exists)
MAT 26:42  skipped (already exists)
MAT 26:43  skipped (already exists)
MAT 26:44  skipped (already exists)
MAT 26:45  skipped (already exists)
MAT 26:46  skipped (already exists)
MAT 26:47  skipped (already exists)
MAT 26:48  skipped (already exists)
MAT 26:49  skipped (already exists)
MAT 26:50  skipped (already exists)
MAT 26:51  skipped (already exists)
MAT 26:52  skipped (already exists)
MAT 26:53  skipped (already exists)
MAT 26:54  skipped (already exists)
MAT 26:55  skipped (already exists)
MAT 26:56  skipped (already exists)
MAT 26:57  skipped (already exists)
MAT 26:58  skipped (already exists)
MAT 26:59  skipped (already exists)
MAT 26:60  skipped (already exists)
MAT 26:61  skipped (already exists)
MAT 26:62  skipped (already exists)
MAT 26:63  skipped (already exists)
MAT 26:64  skipped (already exists)
Traceback (most recent call last):
  File "/home/albert/projects/bible/Meta_Bible_Data/Bible_Noun_Extraction/translate_verses.py", line 601, in <module>
    main()
    ~~~~^^
  File "/home/albert/projects/bible/Meta_Bible_Data/Bible_Noun_Extraction/translate_verses.py", line 577, in main
    raise RuntimeError(
    ...<2 lines>...
    )
RuntimeError: MAT 26:65: rejected before write; missing required noun anchors: ['vestito']; candidate='Allora il sommo sacerdote si stracciò le sue vesti, dicendo: Ha bestemmiato! Che necessità abbiamo ancora di testimoni? Ecco, ora avete udito la sua bestemmia.\n'
MAT 26:1  skipped (already exists)
MAT 26:2  skipped (already exists)
MAT 26:3  skipped (already exists)
MAT 26:4  skipped (already exists)
MAT 26:5  skipped (already exists)
MAT 26:6  skipped (already exists)
MAT 26:7  skipped (already exists)
MAT 26:8  skipped (already exists)
MAT 26:9  skipped (already exists)
MAT 26:10  skipped (already exists)
MAT 26:11  skipped (already exists)
MAT 26:12  skipped (already exists)
MAT 26:13  skipped (already exists)
MAT 26:14  skipped (already exists)
MAT 26:15  skipped (already exists)
MAT 26:16  skipped (already exists)
MAT 26:17  skipped (already exists)
MAT 26:18  skipped (already exists)
MAT 26:19  skipped (already exists)
MAT 26:20  skipped (already exists)
MAT 26:21  skipped (already exists)
MAT 26:22  skipped (already exists)
MAT 26:23  skipped (already exists)
MAT 26:24  skipped (already exists)
MAT 26:25  skipped (already exists)
MAT 26:26  skipped (already exists)
MAT 26:27  skipped (already exists)
MAT 26:28  skipped (already exists)
MAT 26:29  skipped (already exists)
MAT 26:30  skipped (already exists)
MAT 26:31  skipped (already exists)
MAT 26:32  skipped (already exists)
MAT 26:33  skipped (already exists)
MAT 26:34  skipped (already exists)
MAT 26:35  skipped (already exists)
MAT 26:36  skipped (already exists)
MAT 26:37  skipped (already exists)
MAT 26:38  skipped (already exists)
MAT 26:39  skipped (already exists)
MAT 26:40  skipped (already exists)
MAT 26:41  skipped (already exists)
MAT 26:42  skipped (already exists)
MAT 26:43  skipped (already exists)
MAT 26:44  skipped (already exists)
MAT 26:45  skipped (already exists)
MAT 26:46  skipped (already exists)
MAT 26:47  skipped (already exists)
MAT 26:48  skipped (already exists)
MAT 26:49  skipped (already exists)
MAT 26:50  skipped (already exists)
MAT 26:51  skipped (already exists)
MAT 26:52  skipped (already exists)
MAT 26:53  skipped (already exists)
MAT 26:54  skipped (already exists)
MAT 26:55  skipped (already exists)
MAT 26:56  skipped (already exists)
MAT 26:57  skipped (already exists)
MAT 26:58  skipped (already exists)
MAT 26:59  skipped (already exists)
MAT 26:60  skipped (already exists)
MAT 26:61  skipped (already exists)
MAT 26:62  skipped (already exists)
MAT 26:63  skipped (already exists)
MAT 26:64  skipped (already exists)
Traceback (most recent call last):
  File "/home/albert/projects/bible/Meta_Bible_Data/Bible_Noun_Extraction/translate_verses.py", line 601, in <module>
    main()
    ~~~~^^
  File "/home/albert/projects/bible/Meta_Bible_Data/Bible_Noun_Extraction/translate_verses.py", line 577, in main
    raise RuntimeError(
    ...<2 lines>...
    )
RuntimeError: MAT 26:65: rejected before write; missing required noun anchors: ['vestito', 'necessità']; candidate='Allora il sommo sacerdote si stracciò le sue vesti, dicendo: Ha bestemmiato! Che bisogno abbiamo ancora di testimoni? Ecco, ora avete udito la sua bestemmia.\n'
MAT 26:66  wrote 040_MAT_026_066_GOI_It.txt
Done. Wrote 1 verse(s); skipped 0.
MAT 26:67  wrote 040_MAT_026_067_GOI_It.txt
Done. Wrote 1 verse(s); skipped 0.
MAT 26:68  wrote 040_MAT_026_068_GOI_It.txt
Done. Wrote 1 verse(s); skipped 0.
MAT 26:69  wrote 040_MAT_026_069_GOI_It.txt
Done. Wrote 1 verse(s); skipped 0.
MAT 26:70  wrote 040_MAT_026_070_GOI_It.txt
Done. Wrote 1 verse(s); skipped 0.
MAT 26:71  wrote 040_MAT_026_071_GOI_It.txt
Done. Wrote 1 verse(s); skipped 0.
MAT 26:72  wrote 040_MAT_026_072_GOI_It.txt
Done. Wrote 1 verse(s); skipped 0.
MAT 26:73  wrote 040_MAT_026_073_GOI_It.txt
Done. Wrote 1 verse(s); skipped 0.
MAT 26:74  wrote 040_MAT_026_074_GOI_It.txt
Done. Wrote 1 verse(s); skipped 0.
MAT 26:75  wrote 040_MAT_026_075_GOI_It.txt
Done. Wrote 1 verse(s); skipped 0.
MAT 27:1  wrote 040_MAT_027_001_GOI_It.txt
MAT 27:2  wrote 040_MAT_027_002_GOI_It.txt
MAT 27:3  wrote 040_MAT_027_003_GOI_It.txt
MAT 27:4  wrote 040_MAT_027_004_GOI_It.txt
MAT 27:5  wrote 040_MAT_027_005_GOI_It.txt
MAT 27:6  wrote 040_MAT_027_006_GOI_It.txt
MAT 27:7  wrote 040_MAT_027_007_GOI_It.txt
MAT 27:8  wrote 040_MAT_027_008_GOI_It.txt
MAT 27:9  wrote 040_MAT_027_009_GOI_It.txt
MAT 27:10  wrote 040_MAT_027_010_GOI_It.txt
MAT 27:11  wrote 040_MAT_027_011_GOI_It.txt
MAT 27:12  wrote 040_MAT_027_012_GOI_It.txt
MAT 27:13  wrote 040_MAT_027_013_GOI_It.txt
MAT 27:14  wrote 040_MAT_027_014_GOI_It.txt
MAT 27:15  wrote 040_MAT_027_015_GOI_It.txt
MAT 27:16  wrote 040_MAT_027_016_GOI_It.txt
MAT 27:17  wrote 040_MAT_027_017_GOI_It.txt
MAT 27:18  wrote 040_MAT_027_018_GOI_It.txt
Traceback (most recent call last):
  File "/home/albert/projects/bible/Meta_Bible_Data/Bible_Noun_Extraction/translate_verses.py", line 601, in <module>
    main()
    ~~~~^^
  File "/home/albert/projects/bible/Meta_Bible_Data/Bible_Noun_Extraction/translate_verses.py", line 577, in main
    raise RuntimeError(
    ...<2 lines>...
    )
RuntimeError: MAT 27:19: rejected before write; missing required noun anchors: ['donna']; candidate='Mentre egli sedeva sul tribunale, sua moglie gli mandò a dire: "Non avere nulla a che fare con quel giusto, perché oggi ho sofferto molto in sogno a causa sua".\n'
MAT 27:1  skipped (already exists)
MAT 27:2  skipped (already exists)
MAT 27:3  skipped (already exists)
MAT 27:4  skipped (already exists)
MAT 27:5  skipped (already exists)
MAT 27:6  skipped (already exists)
MAT 27:7  skipped (already exists)
MAT 27:8  skipped (already exists)
MAT 27:9  skipped (already exists)
MAT 27:10  skipped (already exists)
MAT 27:11  skipped (already exists)
MAT 27:12  skipped (already exists)
MAT 27:13  skipped (already exists)
MAT 27:14  skipped (already exists)
MAT 27:15  skipped (already exists)
MAT 27:16  skipped (already exists)
MAT 27:17  skipped (already exists)
MAT 27:18  skipped (already exists)
Traceback (most recent call last):
  File "/home/albert/projects/bible/Meta_Bible_Data/Bible_Noun_Extraction/translate_verses.py", line 601, in <module>
    main()
    ~~~~^^
  File "/home/albert/projects/bible/Meta_Bible_Data/Bible_Noun_Extraction/translate_verses.py", line 577, in main
    raise RuntimeError(
    ...<2 lines>...
    )
RuntimeError: MAT 27:19: rejected before write; missing required noun anchors: ['donna']; candidate='Mentre egli sedeva sul tribunale, sua moglie gli mandò a dire: "Non avere nulla a che fare con quel giusto, perché oggi ho sofferto molto in sogno a causa sua."\n'
MAT 27:1  skipped (already exists)
MAT 27:2  skipped (already exists)
MAT 27:3  skipped (already exists)
MAT 27:4  skipped (already exists)
MAT 27:5  skipped (already exists)
MAT 27:6  skipped (already exists)
MAT 27:7  skipped (already exists)
MAT 27:8  skipped (already exists)
MAT 27:9  skipped (already exists)
MAT 27:10  skipped (already exists)
MAT 27:11  skipped (already exists)
MAT 27:12  skipped (already exists)
MAT 27:13  skipped (already exists)
MAT 27:14  skipped (already exists)
MAT 27:15  skipped (already exists)
MAT 27:16  skipped (already exists)
MAT 27:17  skipped (already exists)
MAT 27:18  skipped (already exists)
Traceback (most recent call last):
  File "/home/albert/projects/bible/Meta_Bible_Data/Bible_Noun_Extraction/translate_verses.py", line 601, in <module>
    main()
    ~~~~^^
  File "/home/albert/projects/bible/Meta_Bible_Data/Bible_Noun_Extraction/translate_verses.py", line 577, in main
    raise RuntimeError(
    ...<2 lines>...
    )
RuntimeError: MAT 27:19: rejected before write; missing required noun anchors: ['donna']; candidate='Mentre egli sedeva sul tribunale, sua moglie gli mandò a dire: "Non avere nulla a che fare con quel giusto, perché oggi ho sofferto molto in sogno a causa sua".\n'
MAT 27:20  wrote 040_MAT_027_020_GOI_It.txt
Done. Wrote 1 verse(s); skipped 0.
MAT 27:21  wrote 040_MAT_027_021_GOI_It.txt
Done. Wrote 1 verse(s); skipped 0.
MAT 27:22  wrote 040_MAT_027_022_GOI_It.txt
Done. Wrote 1 verse(s); skipped 0.
MAT 27:23  wrote 040_MAT_027_023_GOI_It.txt
Done. Wrote 1 verse(s); skipped 0.
MAT 27:24  wrote 040_MAT_027_024_GOI_It.txt
Done. Wrote 1 verse(s); skipped 0.
MAT 27:25  wrote 040_MAT_027_025_GOI_It.txt
Done. Wrote 1 verse(s); skipped 0.
MAT 27:26  wrote 040_MAT_027_026_GOI_It.txt
Done. Wrote 1 verse(s); skipped 0.
MAT 27:27  wrote 040_MAT_027_027_GOI_It.txt
Done. Wrote 1 verse(s); skipped 0.
MAT 27:28  wrote 040_MAT_027_028_GOI_It.txt
Done. Wrote 1 verse(s); skipped 0.
MAT 27:29  wrote 040_MAT_027_029_GOI_It.txt
Done. Wrote 1 verse(s); skipped 0.
MAT 27:30  wrote 040_MAT_027_030_GOI_It.txt
Done. Wrote 1 verse(s); skipped 0.
MAT 27:31  wrote 040_MAT_027_031_GOI_It.txt
Done. Wrote 1 verse(s); skipped 0.
MAT 27:32  wrote 040_MAT_027_032_GOI_It.txt
Done. Wrote 1 verse(s); skipped 0.
MAT 27:33  wrote 040_MAT_027_033_GOI_It.txt
Done. Wrote 1 verse(s); skipped 0.
MAT 27:34  wrote 040_MAT_027_034_GOI_It.txt
Done. Wrote 1 verse(s); skipped 0.
Traceback (most recent call last):
  File "/home/albert/projects/bible/Meta_Bible_Data/Bible_Noun_Extraction/translate_verses.py", line 601, in <module>
    main()
    ~~~~^^
  File "/home/albert/projects/bible/Meta_Bible_Data/Bible_Noun_Extraction/translate_verses.py", line 577, in main
    raise RuntimeError(
    ...<2 lines>...
    )
RuntimeError: MAT 27:35: rejected before write; missing required noun anchors: ['vestito', 'vestito']; candidate='E crocifissolo, si divisero le sue vesti, gettando la sorte, affinché si adempisse ciò che fu detto dal profeta: "Si divisero le mie vesti tra loro, e sulla mia veste gettarono la sorte."\n'
MAT 27:36  wrote 040_MAT_027_036_GOI_It.txt
Done. Wrote 1 verse(s); skipped 0.
MAT 27:37  wrote 040_MAT_027_037_GOI_It.txt
Done. Wrote 1 verse(s); skipped 0.
MAT 27:38  wrote 040_MAT_027_038_GOI_It.txt
Done. Wrote 1 verse(s); skipped 0.
MAT 27:39  wrote 040_MAT_027_039_GOI_It.txt
Done. Wrote 1 verse(s); skipped 0.
MAT 27:40  wrote 040_MAT_027_040_GOI_It.txt
Done. Wrote 1 verse(s); skipped 0.
MAT 27:41  wrote 040_MAT_027_041_GOI_It.txt
Done. Wrote 1 verse(s); skipped 0.
MAT 27:42  wrote 040_MAT_027_042_GOI_It.txt
Done. Wrote 1 verse(s); skipped 0.
MAT 27:43  wrote 040_MAT_027_043_GOI_It.txt
Done. Wrote 1 verse(s); skipped 0.
MAT 27:44  wrote 040_MAT_027_044_GOI_It.txt
Done. Wrote 1 verse(s); skipped 0.
MAT 27:45  wrote 040_MAT_027_045_GOI_It.txt
Done. Wrote 1 verse(s); skipped 0.
Traceback (most recent call last):
  File "/home/albert/projects/bible/Meta_Bible_Data/Bible_Noun_Extraction/translate_verses.py", line 601, in <module>
    main()
    ~~~~^^
  File "/home/albert/projects/bible/Meta_Bible_Data/Bible_Noun_Extraction/translate_verses.py", line 577, in main
    raise RuntimeError(
    ...<2 lines>...
    )
RuntimeError: MAT 27:46: rejected before write; missing required noun anchors: ['ora']; candidate='Verso le nove, Gesù gridò a gran voce: "Elì, Elì, lemà sabactàni?", cioè: "Dio mio, Dio mio, perché mi hai abbandonato?"\n'
MAT 27:47  wrote 040_MAT_027_047_GOI_It.txt
Done. Wrote 1 verse(s); skipped 0.
MAT 27:48  wrote 040_MAT_027_048_GOI_It.txt
Done. Wrote 1 verse(s); skipped 0.
MAT 27:49  wrote 040_MAT_027_049_GOI_It.txt
Done. Wrote 1 verse(s); skipped 0.
MAT 27:50  wrote 040_MAT_027_050_GOI_It.txt
Done. Wrote 1 verse(s); skipped 0.
MAT 27:51  wrote 040_MAT_027_051_GOI_It.txt
Done. Wrote 1 verse(s); skipped 0.
MAT 27:52  wrote 040_MAT_027_052_GOI_It.txt
Done. Wrote 1 verse(s); skipped 0.
Traceback (most recent call last):
  File "/home/albert/projects/bible/Meta_Bible_Data/Bible_Noun_Extraction/translate_verses.py", line 601, in <module>
    main()
    ~~~~^^
  File "/home/albert/projects/bible/Meta_Bible_Data/Bible_Noun_Extraction/translate_verses.py", line 577, in main
    raise RuntimeError(
    ...<2 lines>...
    )
RuntimeError: MAT 27:53: rejected before write; missing required noun anchors: ['tomba']; candidate='E usciti dai sepolcri, dopo la sua risurrezione, entrarono nella santa città e apparvero a molti.\n'
MAT 27:54  wrote 040_MAT_027_054_GOI_It.txt
Done. Wrote 1 verse(s); skipped 0.
MAT 27:55  wrote 040_MAT_027_055_GOI_It.txt
Done. Wrote 1 verse(s); skipped 0.
MAT 27:56  wrote 040_MAT_027_056_GOI_It.txt
Done. Wrote 1 verse(s); skipped 0.
MAT 27:57  wrote 040_MAT_027_057_GOI_It.txt
Done. Wrote 1 verse(s); skipped 0.
MAT 27:58  wrote 040_MAT_027_058_GOI_It.txt
Done. Wrote 1 verse(s); skipped 0.
MAT 27:59  wrote 040_MAT_027_059_GOI_It.txt
Done. Wrote 1 verse(s); skipped 0.
MAT 27:60  wrote 040_MAT_027_060_GOI_It.txt
Done. Wrote 1 verse(s); skipped 0.
MAT 27:61  wrote 040_MAT_027_061_GOI_It.txt
Done. Wrote 1 verse(s); skipped 0.
MAT 27:62  wrote 040_MAT_027_062_GOI_It.txt
Done. Wrote 1 verse(s); skipped 0.
MAT 27:63  wrote 040_MAT_027_063_GOI_It.txt
Done. Wrote 1 verse(s); skipped 0.
MAT 27:64  wrote 040_MAT_027_064_GOI_It.txt
Done. Wrote 1 verse(s); skipped 0.
MAT 27:65  wrote 040_MAT_027_065_GOI_It.txt
Done. Wrote 1 verse(s); skipped 0.
MAT 27:66  wrote 040_MAT_027_066_GOI_It.txt
Done. Wrote 1 verse(s); skipped 0.
Traceback (most recent call last):
  File "/home/albert/projects/bible/Meta_Bible_Data/Bible_Noun_Extraction/translate_verses.py", line 601, in <module>
    main()
    ~~~~^^
  File "/home/albert/projects/bible/Meta_Bible_Data/Bible_Noun_Extraction/translate_verses.py", line 577, in main
    raise RuntimeError(
    ...<2 lines>...
    )
RuntimeError: MAT 27:35: rejected before write; missing required noun anchors: ['vestito', 'vestito']; candidate='E crocifissolo, si divisero le sue vesti, gettando la sorte, affinché si adempisse ciò che fu detto dal profeta: "Si divisero le mie vesti tra loro, e sulla mia veste gettarono la sorte."\n'
Traceback (most recent call last):
  File "/home/albert/projects/bible/Meta_Bible_Data/Bible_Noun_Extraction/translate_verses.py", line 601, in <module>
    main()
    ~~~~^^
  File "/home/albert/projects/bible/Meta_Bible_Data/Bible_Noun_Extraction/translate_verses.py", line 577, in main
    raise RuntimeError(
    ...<2 lines>...
    )
RuntimeError: MAT 27:46: rejected before write; missing required noun anchors: ['ora']; candidate='Verso le nove, Gesù gridò a gran voce: "Elì, Elì, lemà sabactàni?", cioè: "Dio mio, Dio mio, perché mi hai abbandonato?"\n'
Traceback (most recent call last):
  File "/home/albert/projects/bible/Meta_Bible_Data/Bible_Noun_Extraction/translate_verses.py", line 601, in <module>
    main()
    ~~~~^^
  File "/home/albert/projects/bible/Meta_Bible_Data/Bible_Noun_Extraction/translate_verses.py", line 577, in main
    raise RuntimeError(
    ...<2 lines>...
    )
RuntimeError: MAT 27:53: rejected before write; missing required noun anchors: ['tomba']; candidate='E uscendo dai sepolcri, dopo la sua risurrezione, entrarono nella santa città e apparvero a molti.\n'
Traceback (most recent call last):
  File "/home/albert/projects/bible/Meta_Bible_Data/Bible_Noun_Extraction/translate_verses.py", line 601, in <module>
    main()
    ~~~~^^
  File "/home/albert/projects/bible/Meta_Bible_Data/Bible_Noun_Extraction/translate_verses.py", line 577, in main
    raise RuntimeError(
    ...<2 lines>...
    )
RuntimeError: MAT 27:35: rejected before write; missing required noun anchors: ['vestito', 'vestito']; candidate='E crocifissolo, si divisero le sue vesti, tirando a sorte, affinché si adempisse ciò che fu detto dal profeta: "Si divisero le mie vesti tra loro, e sulla mia veste tirarono a sorte."\n'
MAT 27:46  wrote 040_MAT_027_046_GOI_It.txt
Done. Wrote 1 verse(s); skipped 0.
Traceback (most recent call last):
  File "/home/albert/projects/bible/Meta_Bible_Data/Bible_Noun_Extraction/translate_verses.py", line 601, in <module>
    main()
    ~~~~^^
  File "/home/albert/projects/bible/Meta_Bible_Data/Bible_Noun_Extraction/translate_verses.py", line 577, in main
    raise RuntimeError(
    ...<2 lines>...
    )
RuntimeError: MAT 27:53: rejected before write; missing required noun anchors: ['tomba']; candidate='E uscendo dai sepolcri, dopo la sua risurrezione, entrarono nella santa città e apparvero a molti.\n'
MAT 28:1  wrote 040_MAT_028_001_GOI_It.txt
MAT 28:2  wrote 040_MAT_028_002_GOI_It.txt
MAT 28:3  wrote 040_MAT_028_003_GOI_It.txt
MAT 28:4  wrote 040_MAT_028_004_GOI_It.txt
MAT 28:5  wrote 040_MAT_028_005_GOI_It.txt
MAT 28:6  wrote 040_MAT_028_006_GOI_It.txt
MAT 28:7  wrote 040_MAT_028_007_GOI_It.txt
MAT 28:8  wrote 040_MAT_028_008_GOI_It.txt
MAT 28:9  wrote 040_MAT_028_009_GOI_It.txt
MAT 28:10  wrote 040_MAT_028_010_GOI_It.txt
MAT 28:11  wrote 040_MAT_028_011_GOI_It.txt
MAT 28:12  wrote 040_MAT_028_012_GOI_It.txt
MAT 28:13  wrote 040_MAT_028_013_GOI_It.txt
MAT 28:14  wrote 040_MAT_028_014_GOI_It.txt
MAT 28:15  wrote 040_MAT_028_015_GOI_It.txt
Traceback (most recent call last):
  File "/home/albert/projects/bible/Meta_Bible_Data/Bible_Noun_Extraction/translate_verses.py", line 601, in <module>
    main()
    ~~~~^^
  File "/home/albert/projects/bible/Meta_Bible_Data/Bible_Noun_Extraction/translate_verses.py", line 577, in main
    raise RuntimeError(
    ...<2 lines>...
    )
RuntimeError: MAT 28:16: rejected before write; missing required noun anchors: ['montagna']; candidate='Ma gli undici discepoli andarono in Galilea, al monte dove Gesù aveva loro stabilito.\n'
MAT 28:1  skipped (already exists)
MAT 28:2  skipped (already exists)
MAT 28:3  skipped (already exists)
MAT 28:4  skipped (already exists)
MAT 28:5  skipped (already exists)
MAT 28:6  skipped (already exists)
MAT 28:7  skipped (already exists)
MAT 28:8  skipped (already exists)
MAT 28:9  skipped (already exists)
MAT 28:10  skipped (already exists)
MAT 28:11  skipped (already exists)
MAT 28:12  skipped (already exists)
MAT 28:13  skipped (already exists)
MAT 28:14  skipped (already exists)
MAT 28:15  skipped (already exists)
Traceback (most recent call last):
  File "/home/albert/projects/bible/Meta_Bible_Data/Bible_Noun_Extraction/translate_verses.py", line 601, in <module>
    main()
    ~~~~^^
  File "/home/albert/projects/bible/Meta_Bible_Data/Bible_Noun_Extraction/translate_verses.py", line 577, in main
    raise RuntimeError(
    ...<2 lines>...
    )
RuntimeError: MAT 28:16: rejected before write; missing required noun anchors: ['montagna']; candidate='Ma gli undici discepoli andarono in Galilea, al monte dove Gesù aveva loro stabilito.\n'
MAT 28:1  skipped (already exists)
MAT 28:2  skipped (already exists)
MAT 28:3  skipped (already exists)
MAT 28:4  skipped (already exists)
MAT 28:5  skipped (already exists)
MAT 28:6  skipped (already exists)
MAT 28:7  skipped (already exists)
MAT 28:8  skipped (already exists)
MAT 28:9  skipped (already exists)
MAT 28:10  skipped (already exists)
MAT 28:11  skipped (already exists)
MAT 28:12  skipped (already exists)
MAT 28:13  skipped (already exists)
MAT 28:14  skipped (already exists)
MAT 28:15  skipped (already exists)
Traceback (most recent call last):
  File "/home/albert/projects/bible/Meta_Bible_Data/Bible_Noun_Extraction/translate_verses.py", line 601, in <module>
    main()
    ~~~~^^
  File "/home/albert/projects/bible/Meta_Bible_Data/Bible_Noun_Extraction/translate_verses.py", line 577, in main
    raise RuntimeError(
    ...<2 lines>...
    )
RuntimeError: MAT 28:16: rejected before write; missing required noun anchors: ['montagna']; candidate='Ma gli undici discepoli andarono in Galilea, al monte dove Gesù aveva loro stabilito.\n'
MAT 28:17  wrote 040_MAT_028_017_GOI_It.txt
Done. Wrote 1 verse(s); skipped 0.
MAT 28:18  wrote 040_MAT_028_018_GOI_It.txt
Done. Wrote 1 verse(s); skipped 0.
MAT 28:19  wrote 040_MAT_028_019_GOI_It.txt
Done. Wrote 1 verse(s); skipped 0.
MAT 28:20  wrote 040_MAT_028_020_GOI_It.txt
Done. Wrote 1 verse(s); skipped 0.
MRK 1:1  wrote 041_MRK_001_001_GOI_It.txt
MRK 1:2  wrote 041_MRK_001_002_GOI_It.txt
MRK 1:3  wrote 041_MRK_001_003_GOI_It.txt
MRK 1:4  wrote 041_MRK_001_004_GOI_It.txt
MRK 1:5  wrote 041_MRK_001_005_GOI_It.txt
Traceback (most recent call last):
  File "/home/albert/projects/bible/Meta_Bible_Data/Bible_Noun_Extraction/translate_verses.py", line 601, in <module>
    main()
    ~~~~^^
  File "/home/albert/projects/bible/Meta_Bible_Data/Bible_Noun_Extraction/translate_verses.py", line 577, in main
    raise RuntimeError(
    ...<2 lines>...
    )
RuntimeError: MRK 1:6: rejected before write; missing required noun anchors: ['capello']; candidate='Ora Giovanni era vestito di peli di cammello e con una cintura di cuoio attorno ai lombi, e mangiava locuste e miele selvatico.\n'
MRK 1:1  skipped (already exists)
MRK 1:2  skipped (already exists)
MRK 1:3  skipped (already exists)
MRK 1:4  skipped (already exists)
MRK 1:5  skipped (already exists)
Traceback (most recent call last):
  File "/home/albert/projects/bible/Meta_Bible_Data/Bible_Noun_Extraction/translate_verses.py", line 601, in <module>
    main()
    ~~~~^^
  File "/home/albert/projects/bible/Meta_Bible_Data/Bible_Noun_Extraction/translate_verses.py", line 577, in main
    raise RuntimeError(
    ...<2 lines>...
    )
RuntimeError: MRK 1:6: rejected before write; missing required noun anchors: ['capello']; candidate='Ora Giovanni era vestito di peli di cammello, con una cintura di cuoio attorno ai lombi, e mangiava locuste e miele selvatico.\n'
MRK 1:1  skipped (already exists)
MRK 1:2  skipped (already exists)
MRK 1:3  skipped (already exists)
MRK 1:4  skipped (already exists)
MRK 1:5  skipped (already exists)
Traceback (most recent call last):
  File "/home/albert/projects/bible/Meta_Bible_Data/Bible_Noun_Extraction/translate_verses.py", line 601, in <module>
    main()
    ~~~~^^
  File "/home/albert/projects/bible/Meta_Bible_Data/Bible_Noun_Extraction/translate_verses.py", line 577, in main
    raise RuntimeError(
    ...<2 lines>...
    )
RuntimeError: MRK 1:6: rejected before write; missing required noun anchors: ['capello']; candidate='Ora Giovanni era vestito di peli di cammello, con una cintura di cuoio attorno ai lombi, e mangiava locuste e miele selvatico.\n'
MRK 1:7  wrote 041_MRK_001_007_GOI_It.txt
Done. Wrote 1 verse(s); skipped 0.
MRK 1:8  wrote 041_MRK_001_008_GOI_It.txt
Done. Wrote 1 verse(s); skipped 0.
MRK 1:9  wrote 041_MRK_001_009_GOI_It.txt
Done. Wrote 1 verse(s); skipped 0.
MRK 1:10  wrote 041_MRK_001_010_GOI_It.txt
Done. Wrote 1 verse(s); skipped 0.
MRK 1:11  wrote 041_MRK_001_011_GOI_It.txt
Done. Wrote 1 verse(s); skipped 0.
MRK 1:12  wrote 041_MRK_001_012_GOI_It.txt
Done. Wrote 1 verse(s); skipped 0.
MRK 1:13  wrote 041_MRK_001_013_GOI_It.txt
Done. Wrote 1 verse(s); skipped 0.
MRK 1:14  wrote 041_MRK_001_014_GOI_It.txt
Done. Wrote 1 verse(s); skipped 0.
MRK 1:15  wrote 041_MRK_001_015_GOI_It.txt
Done. Wrote 1 verse(s); skipped 0.
MRK 1:16  wrote 041_MRK_001_016_GOI_It.txt
Done. Wrote 1 verse(s); skipped 0.
MRK 1:17  wrote 041_MRK_001_017_GOI_It.txt
Done. Wrote 1 verse(s); skipped 0.
MRK 1:18  wrote 041_MRK_001_018_GOI_It.txt
Done. Wrote 1 verse(s); skipped 0.
MRK 1:19  wrote 041_MRK_001_019_GOI_It.txt
Done. Wrote 1 verse(s); skipped 0.
MRK 1:20  wrote 041_MRK_001_020_GOI_It.txt
Done. Wrote 1 verse(s); skipped 0.
MRK 1:21  wrote 041_MRK_001_021_GOI_It.txt
Done. Wrote 1 verse(s); skipped 0.
MRK 1:22  wrote 041_MRK_001_022_GOI_It.txt
Done. Wrote 1 verse(s); skipped 0.
MRK 1:23  wrote 041_MRK_001_023_GOI_It.txt
Done. Wrote 1 verse(s); skipped 0.
MRK 1:24  wrote 041_MRK_001_024_GOI_It.txt
Done. Wrote 1 verse(s); skipped 0.
MRK 1:25  wrote 041_MRK_001_025_GOI_It.txt
Done. Wrote 1 verse(s); skipped 0.
MRK 1:26  wrote 041_MRK_001_026_GOI_It.txt
Done. Wrote 1 verse(s); skipped 0.
MRK 1:27  wrote 041_MRK_001_027_GOI_It.txt
Done. Wrote 1 verse(s); skipped 0.
Traceback (most recent call last):
  File "/home/albert/projects/bible/Meta_Bible_Data/Bible_Noun_Extraction/translate_verses.py", line 601, in <module>
    main()
    ~~~~^^
  File "/home/albert/projects/bible/Meta_Bible_Data/Bible_Noun_Extraction/translate_verses.py", line 577, in main
    raise RuntimeError(
    ...<2 lines>...
    )
RuntimeError: MRK 1:28: rejected before write; missing required noun anchors: ['udito']; candidate='E la sua fama si diffuse subito in tutta la regione intorno alla Galilea.\n'
MRK 1:29  wrote 041_MRK_001_029_GOI_It.txt
Done. Wrote 1 verse(s); skipped 0.
MRK 1:30  wrote 041_MRK_001_030_GOI_It.txt
Done. Wrote 1 verse(s); skipped 0.
MRK 1:31  wrote 041_MRK_001_031_GOI_It.txt
Done. Wrote 1 verse(s); skipped 0.
MRK 1:32  wrote 041_MRK_001_032_GOI_It.txt
Done. Wrote 1 verse(s); skipped 0.
MRK 1:33  wrote 041_MRK_001_033_GOI_It.txt
Done. Wrote 1 verse(s); skipped 0.
MRK 1:34  wrote 041_MRK_001_034_GOI_It.txt
Done. Wrote 1 verse(s); skipped 0.
MRK 1:35  wrote 041_MRK_001_035_GOI_It.txt
Done. Wrote 1 verse(s); skipped 0.
MRK 1:36  wrote 041_MRK_001_036_GOI_It.txt
Done. Wrote 1 verse(s); skipped 0.
MRK 1:37  wrote 041_MRK_001_037_GOI_It.txt
Done. Wrote 1 verse(s); skipped 0.
MRK 1:38  wrote 041_MRK_001_038_GOI_It.txt
Done. Wrote 1 verse(s); skipped 0.
MRK 1:39  wrote 041_MRK_001_039_GOI_It.txt
Done. Wrote 1 verse(s); skipped 0.
MRK 1:40  wrote 041_MRK_001_040_GOI_It.txt
Done. Wrote 1 verse(s); skipped 0.
MRK 1:41  wrote 041_MRK_001_041_GOI_It.txt
Done. Wrote 1 verse(s); skipped 0.
MRK 1:42  wrote 041_MRK_001_042_GOI_It.txt
Done. Wrote 1 verse(s); skipped 0.
MRK 1:43  wrote 041_MRK_001_043_GOI_It.txt
Done. Wrote 1 verse(s); skipped 0.
MRK 1:44  wrote 041_MRK_001_044_GOI_It.txt
Done. Wrote 1 verse(s); skipped 0.
MRK 1:45  wrote 041_MRK_001_045_GOI_It.txt
Done. Wrote 1 verse(s); skipped 0.
Traceback (most recent call last):
  File "/home/albert/projects/bible/Meta_Bible_Data/Bible_Noun_Extraction/translate_verses.py", line 601, in <module>
    main()
    ~~~~^^
  File "/home/albert/projects/bible/Meta_Bible_Data/Bible_Noun_Extraction/translate_verses.py", line 577, in main
    raise RuntimeError(
    ...<2 lines>...
    )
RuntimeError: MRK 1:28: rejected before write; missing required noun anchors: ['udito']; candidate='E la sua fama si diffuse subito in tutta la regione intorno alla Galilea.\n'
Traceback (most recent call last):
  File "/home/albert/projects/bible/Meta_Bible_Data/Bible_Noun_Extraction/translate_verses.py", line 601, in <module>
    main()
    ~~~~^^
  File "/home/albert/projects/bible/Meta_Bible_Data/Bible_Noun_Extraction/translate_verses.py", line 577, in main
    raise RuntimeError(
    ...<2 lines>...
    )
RuntimeError: MRK 1:28: rejected before write; missing required noun anchors: ['udito']; candidate='E la sua fama si diffuse subito in tutta la regione intorno alla Galilea.\n'
MRK 2:1  wrote 041_MRK_002_001_GOI_It.txt
MRK 2:2  wrote 041_MRK_002_002_GOI_It.txt
MRK 2:3  wrote 041_MRK_002_003_GOI_It.txt
MRK 2:4  wrote 041_MRK_002_004_GOI_It.txt
MRK 2:5  wrote 041_MRK_002_005_GOI_It.txt
MRK 2:6  wrote 041_MRK_002_006_GOI_It.txt
MRK 2:7  wrote 041_MRK_002_007_GOI_It.txt
MRK 2:8  wrote 041_MRK_002_008_GOI_It.txt
MRK 2:9  wrote 041_MRK_002_009_GOI_It.txt
MRK 2:10  wrote 041_MRK_002_010_GOI_It.txt
MRK 2:11  wrote 041_MRK_002_011_GOI_It.txt
MRK 2:12  wrote 041_MRK_002_012_GOI_It.txt
MRK 2:13  wrote 041_MRK_002_013_GOI_It.txt
MRK 2:14  wrote 041_MRK_002_014_GOI_It.txt
MRK 2:15  wrote 041_MRK_002_015_GOI_It.txt
MRK 2:16  wrote 041_MRK_002_016_GOI_It.txt
MRK 2:17  wrote 041_MRK_002_017_GOI_It.txt
MRK 2:18  wrote 041_MRK_002_018_GOI_It.txt
MRK 2:19  wrote 041_MRK_002_019_GOI_It.txt
MRK 2:20  wrote 041_MRK_002_020_GOI_It.txt
MRK 2:21  wrote 041_MRK_002_021_GOI_It.txt
MRK 2:22  wrote 041_MRK_002_022_GOI_It.txt
MRK 2:23  wrote 041_MRK_002_023_GOI_It.txt
MRK 2:24  wrote 041_MRK_002_024_GOI_It.txt
MRK 2:25  wrote 041_MRK_002_025_GOI_It.txt
MRK 2:26  wrote 041_MRK_002_026_GOI_It.txt
MRK 2:27  wrote 041_MRK_002_027_GOI_It.txt
MRK 2:28  wrote 041_MRK_002_028_GOI_It.txt
Done. Wrote 28 verse(s); skipped 0.
MRK 3:1  wrote 041_MRK_003_001_GOI_It.txt
MRK 3:2  wrote 041_MRK_003_002_GOI_It.txt
MRK 3:3  wrote 041_MRK_003_003_GOI_It.txt
MRK 3:4  wrote 041_MRK_003_004_GOI_It.txt
MRK 3:5  wrote 041_MRK_003_005_GOI_It.txt
MRK 3:6  wrote 041_MRK_003_006_GOI_It.txt
MRK 3:7  wrote 041_MRK_003_007_GOI_It.txt
MRK 3:8  wrote 041_MRK_003_008_GOI_It.txt
MRK 3:9  wrote 041_MRK_003_009_GOI_It.txt
MRK 3:10  wrote 041_MRK_003_010_GOI_It.txt
MRK 3:11  wrote 041_MRK_003_011_GOI_It.txt
MRK 3:12  wrote 041_MRK_003_012_GOI_It.txt
Traceback (most recent call last):
  File "/home/albert/projects/bible/Meta_Bible_Data/Bible_Noun_Extraction/translate_verses.py", line 601, in <module>
    main()
    ~~~~^^
  File "/home/albert/projects/bible/Meta_Bible_Data/Bible_Noun_Extraction/translate_verses.py", line 577, in main
    raise RuntimeError(
    ...<2 lines>...
    )
RuntimeError: MRK 3:13: rejected before write; missing required noun anchors: ['montagna']; candidate='Salì sul monte e chiamò a sé quelli che voleva, ed essi andarono da lui.\n'
MRK 3:1  skipped (already exists)
MRK 3:2  skipped (already exists)
MRK 3:3  skipped (already exists)
MRK 3:4  skipped (already exists)
MRK 3:5  skipped (already exists)
MRK 3:6  skipped (already exists)
MRK 3:7  skipped (already exists)
MRK 3:8  skipped (already exists)
MRK 3:9  skipped (already exists)
MRK 3:10  skipped (already exists)
MRK 3:11  skipped (already exists)
MRK 3:12  skipped (already exists)
Traceback (most recent call last):
  File "/home/albert/projects/bible/Meta_Bible_Data/Bible_Noun_Extraction/translate_verses.py", line 601, in <module>
    main()
    ~~~~^^
  File "/home/albert/projects/bible/Meta_Bible_Data/Bible_Noun_Extraction/translate_verses.py", line 577, in main
    raise RuntimeError(
    ...<2 lines>...
    )
RuntimeError: MRK 3:13: rejected before write; missing required noun anchors: ['montagna']; candidate='Salì sul monte e chiamò a sé quelli che voleva, ed essi andarono da lui.\n'
MRK 3:1  skipped (already exists)
MRK 3:2  skipped (already exists)
MRK 3:3  skipped (already exists)
MRK 3:4  skipped (already exists)
MRK 3:5  skipped (already exists)
MRK 3:6  skipped (already exists)
MRK 3:7  skipped (already exists)
MRK 3:8  skipped (already exists)
MRK 3:9  skipped (already exists)
MRK 3:10  skipped (already exists)
MRK 3:11  skipped (already exists)
MRK 3:12  skipped (already exists)
Traceback (most recent call last):
  File "/home/albert/projects/bible/Meta_Bible_Data/Bible_Noun_Extraction/translate_verses.py", line 601, in <module>
    main()
    ~~~~^^
  File "/home/albert/projects/bible/Meta_Bible_Data/Bible_Noun_Extraction/translate_verses.py", line 577, in main
    raise RuntimeError(
    ...<2 lines>...
    )
RuntimeError: MRK 3:13: rejected before write; missing required noun anchors: ['montagna']; candidate='Salì sul monte e chiamò a sé quelli che voleva, ed essi andarono da lui.\n'
MRK 3:14  wrote 041_MRK_003_014_GOI_It.txt
Done. Wrote 1 verse(s); skipped 0.
MRK 3:15  wrote 041_MRK_003_015_GOI_It.txt
Done. Wrote 1 verse(s); skipped 0.
MRK 3:16  wrote 041_MRK_003_016_GOI_It.txt
Done. Wrote 1 verse(s); skipped 0.
MRK 3:17  wrote 041_MRK_003_017_GOI_It.txt
Done. Wrote 1 verse(s); skipped 0.
MRK 3:18  wrote 041_MRK_003_018_GOI_It.txt
Done. Wrote 1 verse(s); skipped 0.
MRK 3:19  wrote 041_MRK_003_019_GOI_It.txt
Done. Wrote 1 verse(s); skipped 0.
MRK 3:20  wrote 041_MRK_003_020_GOI_It.txt
Done. Wrote 1 verse(s); skipped 0.
MRK 3:21  wrote 041_MRK_003_021_GOI_It.txt
Done. Wrote 1 verse(s); skipped 0.
MRK 3:22  wrote 041_MRK_003_022_GOI_It.txt
Done. Wrote 1 verse(s); skipped 0.
MRK 3:23  wrote 041_MRK_003_023_GOI_It.txt
Done. Wrote 1 verse(s); skipped 0.
MRK 3:24  wrote 041_MRK_003_024_GOI_It.txt
Done. Wrote 1 verse(s); skipped 0.
MRK 3:25  wrote 041_MRK_003_025_GOI_It.txt
Done. Wrote 1 verse(s); skipped 0.
MRK 3:26  wrote 041_MRK_003_026_GOI_It.txt
Done. Wrote 1 verse(s); skipped 0.
MRK 3:27  wrote 041_MRK_003_027_GOI_It.txt
Done. Wrote 1 verse(s); skipped 0.
MRK 3:28  wrote 041_MRK_003_028_GOI_It.txt
Done. Wrote 1 verse(s); skipped 0.
Traceback (most recent call last):
  File "/home/albert/projects/bible/Meta_Bible_Data/Bible_Noun_Extraction/translate_verses.py", line 601, in <module>
    main()
    ~~~~^^
  File "/home/albert/projects/bible/Meta_Bible_Data/Bible_Noun_Extraction/translate_verses.py", line 577, in main
    raise RuntimeError(
    ...<2 lines>...
    )
RuntimeError: MRK 3:29: rejected before write; missing required noun anchors: ['secolo']; candidate='Ma chiunque bestemmierà contro lo Spirito Santo non ha remissione in eterno, ma è colpevole di giudizio eterno.\n'
MRK 3:30  wrote 041_MRK_003_030_GOI_It.txt
Done. Wrote 1 verse(s); skipped 0.
MRK 3:31  wrote 041_MRK_003_031_GOI_It.txt
Done. Wrote 1 verse(s); skipped 0.
MRK 3:32  wrote 041_MRK_003_032_GOI_It.txt
Done. Wrote 1 verse(s); skipped 0.
MRK 3:33  wrote 041_MRK_003_033_GOI_It.txt
Done. Wrote 1 verse(s); skipped 0.
MRK 3:34  wrote 041_MRK_003_034_GOI_It.txt
Done. Wrote 1 verse(s); skipped 0.
MRK 3:35  wrote 041_MRK_003_035_GOI_It.txt
Done. Wrote 1 verse(s); skipped 0.
Traceback (most recent call last):
  File "/home/albert/projects/bible/Meta_Bible_Data/Bible_Noun_Extraction/translate_verses.py", line 601, in <module>
    main()
    ~~~~^^
  File "/home/albert/projects/bible/Meta_Bible_Data/Bible_Noun_Extraction/translate_verses.py", line 577, in main
    raise RuntimeError(
    ...<2 lines>...
    )
RuntimeError: MRK 3:29: rejected before write; missing required noun anchors: ['secolo']; candidate='Ma chiunque bestemmierà contro lo Spirito Santo non ha remissione in eterno, ma è colpevole di giudizio eterno.\n'
Traceback (most recent call last):
  File "/home/albert/projects/bible/Meta_Bible_Data/Bible_Noun_Extraction/translate_verses.py", line 601, in <module>
    main()
    ~~~~^^
  File "/home/albert/projects/bible/Meta_Bible_Data/Bible_Noun_Extraction/translate_verses.py", line 577, in main
    raise RuntimeError(
    ...<2 lines>...
    )
RuntimeError: MRK 3:29: rejected before write; missing required noun anchors: ['secolo']; candidate='Ma chiunque bestemmierà contro lo Spirito Santo non ha remissione in eterno, ma è colpevole di giudizio eterno.\n'
MRK 4:1  wrote 041_MRK_004_001_GOI_It.txt
MRK 4:2  wrote 041_MRK_004_002_GOI_It.txt
MRK 4:3  wrote 041_MRK_004_003_GOI_It.txt
MRK 4:4  wrote 041_MRK_004_004_GOI_It.txt
MRK 4:5  wrote 041_MRK_004_005_GOI_It.txt
MRK 4:6  wrote 041_MRK_004_006_GOI_It.txt
MRK 4:7  wrote 041_MRK_004_007_GOI_It.txt
MRK 4:8  wrote 041_MRK_004_008_GOI_It.txt
MRK 4:9  wrote 041_MRK_004_009_GOI_It.txt
MRK 4:10  wrote 041_MRK_004_010_GOI_It.txt
MRK 4:11  wrote 041_MRK_004_011_GOI_It.txt
MRK 4:12  wrote 041_MRK_004_012_GOI_It.txt
MRK 4:13  wrote 041_MRK_004_013_GOI_It.txt
MRK 4:14  wrote 041_MRK_004_014_GOI_It.txt
MRK 4:15  wrote 041_MRK_004_015_GOI_It.txt
MRK 4:16  wrote 041_MRK_004_016_GOI_It.txt
MRK 4:17  wrote 041_MRK_004_017_GOI_It.txt
MRK 4:18  wrote 041_MRK_004_018_GOI_It.txt
MRK 4:19  wrote 041_MRK_004_019_GOI_It.txt
MRK 4:20  wrote 041_MRK_004_020_GOI_It.txt
MRK 4:21  wrote 041_MRK_004_021_GOI_It.txt
MRK 4:22  wrote 041_MRK_004_022_GOI_It.txt
MRK 4:23  wrote 041_MRK_004_023_GOI_It.txt
MRK 4:24  wrote 041_MRK_004_024_GOI_It.txt
MRK 4:25  wrote 041_MRK_004_025_GOI_It.txt
MRK 4:26  wrote 041_MRK_004_026_GOI_It.txt
MRK 4:27  wrote 041_MRK_004_027_GOI_It.txt
MRK 4:28  wrote 041_MRK_004_028_GOI_It.txt
MRK 4:29  wrote 041_MRK_004_029_GOI_It.txt
MRK 4:30  wrote 041_MRK_004_030_GOI_It.txt
MRK 4:31  wrote 041_MRK_004_031_GOI_It.txt
MRK 4:32  wrote 041_MRK_004_032_GOI_It.txt
MRK 4:33  wrote 041_MRK_004_033_GOI_It.txt
MRK 4:34  wrote 041_MRK_004_034_GOI_It.txt
MRK 4:35  wrote 041_MRK_004_035_GOI_It.txt
MRK 4:36  wrote 041_MRK_004_036_GOI_It.txt
MRK 4:37  wrote 041_MRK_004_037_GOI_It.txt
MRK 4:38  wrote 041_MRK_004_038_GOI_It.txt
MRK 4:39  wrote 041_MRK_004_039_GOI_It.txt
MRK 4:40  wrote 041_MRK_004_040_GOI_It.txt
MRK 4:41  wrote 041_MRK_004_041_GOI_It.txt
Done. Wrote 41 verse(s); skipped 0.
MRK 5:1  wrote 041_MRK_005_001_GOI_It.txt
Traceback (most recent call last):
  File "/home/albert/projects/bible/Meta_Bible_Data/Bible_Noun_Extraction/translate_verses.py", line 601, in <module>
    main()
    ~~~~^^
  File "/home/albert/projects/bible/Meta_Bible_Data/Bible_Noun_Extraction/translate_verses.py", line 577, in main
    raise RuntimeError(
    ...<2 lines>...
    )
RuntimeError: MRK 5:2: rejected before write; missing required noun anchors: ['tomba']; candidate='E mentre usciva dalla barca, subito gli venne incontro dai sepolcri un uomo con uno spirito immondo.\n'
MRK 5:1  skipped (already exists)
Traceback (most recent call last):
  File "/home/albert/projects/bible/Meta_Bible_Data/Bible_Noun_Extraction/translate_verses.py", line 601, in <module>
    main()
    ~~~~^^
  File "/home/albert/projects/bible/Meta_Bible_Data/Bible_Noun_Extraction/translate_verses.py", line 577, in main
    raise RuntimeError(
    ...<2 lines>...
    )
RuntimeError: MRK 5:2: rejected before write; missing required noun anchors: ['tomba']; candidate='E mentre usciva dalla barca, subito gli venne incontro dai sepolcri un uomo con uno spirito immondo.\n'
MRK 5:1  skipped (already exists)
Traceback (most recent call last):
  File "/home/albert/projects/bible/Meta_Bible_Data/Bible_Noun_Extraction/translate_verses.py", line 601, in <module>
    main()
    ~~~~^^
  File "/home/albert/projects/bible/Meta_Bible_Data/Bible_Noun_Extraction/translate_verses.py", line 577, in main
    raise RuntimeError(
    ...<2 lines>...
    )
RuntimeError: MRK 5:2: rejected before write; missing required noun anchors: ['tomba']; candidate='E mentre usciva dalla barca, subito gli venne incontro dai sepolcri un uomo con uno spirito immondo.\n'
MRK 5:3  wrote 041_MRK_005_003_GOI_It.txt
Done. Wrote 1 verse(s); skipped 0.
MRK 5:4  wrote 041_MRK_005_004_GOI_It.txt
Done. Wrote 1 verse(s); skipped 0.
Traceback (most recent call last):
  File "/home/albert/projects/bible/Meta_Bible_Data/Bible_Noun_Extraction/translate_verses.py", line 601, in <module>
    main()
    ~~~~^^
  File "/home/albert/projects/bible/Meta_Bible_Data/Bible_Noun_Extraction/translate_verses.py", line 577, in main
    raise RuntimeError(
    ...<2 lines>...
    )
RuntimeError: MRK 5:5: rejected before write; missing required noun anchors: ['montagna', 'tomba']; candidate='E sempre, di notte e di giorno, nei monti e nei sepolcri, gridava e si tagliava con pietre.\n'
MRK 5:6  wrote 041_MRK_005_006_GOI_It.txt
Done. Wrote 1 verse(s); skipped 0.
MRK 5:7  wrote 041_MRK_005_007_GOI_It.txt
Done. Wrote 1 verse(s); skipped 0.
MRK 5:8  wrote 041_MRK_005_008_GOI_It.txt
Done. Wrote 1 verse(s); skipped 0.
MRK 5:9  wrote 041_MRK_005_009_GOI_It.txt
Done. Wrote 1 verse(s); skipped 0.
MRK 5:10  wrote 041_MRK_005_010_GOI_It.txt
Done. Wrote 1 verse(s); skipped 0.
Traceback (most recent call last):
  File "/home/albert/projects/bible/Meta_Bible_Data/Bible_Noun_Extraction/translate_verses.py", line 601, in <module>
    main()
    ~~~~^^
  File "/home/albert/projects/bible/Meta_Bible_Data/Bible_Noun_Extraction/translate_verses.py", line 577, in main
    raise RuntimeError(
    ...<2 lines>...
    )
RuntimeError: MRK 5:11: rejected before write; missing required noun anchors: ['montagna']; candidate='Vi era là, presso i monti, un grande branco di maiali che pascolava.\n'
MRK 5:12  wrote 041_MRK_005_012_GOI_It.txt
Done. Wrote 1 verse(s); skipped 0.
MRK 5:13  wrote 041_MRK_005_013_GOI_It.txt
Done. Wrote 1 verse(s); skipped 0.
MRK 5:14  wrote 041_MRK_005_014_GOI_It.txt
Done. Wrote 1 verse(s); skipped 0.
MRK 5:15  wrote 041_MRK_005_015_GOI_It.txt
Done. Wrote 1 verse(s); skipped 0.
MRK 5:16  wrote 041_MRK_005_016_GOI_It.txt
Done. Wrote 1 verse(s); skipped 0.
MRK 5:17  wrote 041_MRK_005_017_GOI_It.txt
Done. Wrote 1 verse(s); skipped 0.
MRK 5:18  wrote 041_MRK_005_018_GOI_It.txt
Done. Wrote 1 verse(s); skipped 0.
MRK 5:19  wrote 041_MRK_005_019_GOI_It.txt
Done. Wrote 1 verse(s); skipped 0.
MRK 5:20  wrote 041_MRK_005_020_GOI_It.txt
Done. Wrote 1 verse(s); skipped 0.
MRK 5:21  wrote 041_MRK_005_021_GOI_It.txt
Done. Wrote 1 verse(s); skipped 0.
MRK 5:22  wrote 041_MRK_005_022_GOI_It.txt
Done. Wrote 1 verse(s); skipped 0.
MRK 5:23  wrote 041_MRK_005_023_GOI_It.txt
Done. Wrote 1 verse(s); skipped 0.
MRK 5:24  wrote 041_MRK_005_024_GOI_It.txt
Done. Wrote 1 verse(s); skipped 0.
MRK 5:25  wrote 041_MRK_005_025_GOI_It.txt
Done. Wrote 1 verse(s); skipped 0.
MRK 5:26  wrote 041_MRK_005_026_GOI_It.txt
Done. Wrote 1 verse(s); skipped 0.
MRK 5:27  wrote 041_MRK_005_027_GOI_It.txt
Done. Wrote 1 verse(s); skipped 0.
MRK 5:28  wrote 041_MRK_005_028_GOI_It.txt
Done. Wrote 1 verse(s); skipped 0.
MRK 5:29  wrote 041_MRK_005_029_GOI_It.txt
Done. Wrote 1 verse(s); skipped 0.
MRK 5:30  wrote 041_MRK_005_030_GOI_It.txt
Done. Wrote 1 verse(s); skipped 0.
MRK 5:31  wrote 041_MRK_005_031_GOI_It.txt
Done. Wrote 1 verse(s); skipped 0.
MRK 5:32  wrote 041_MRK_005_032_GOI_It.txt
Done. Wrote 1 verse(s); skipped 0.
MRK 5:33  wrote 041_MRK_005_033_GOI_It.txt
Done. Wrote 1 verse(s); skipped 0.
MRK 5:34  wrote 041_MRK_005_034_GOI_It.txt
Done. Wrote 1 verse(s); skipped 0.
MRK 5:35  wrote 041_MRK_005_035_GOI_It.txt
Done. Wrote 1 verse(s); skipped 0.
MRK 5:36  wrote 041_MRK_005_036_GOI_It.txt
Done. Wrote 1 verse(s); skipped 0.
MRK 5:37  wrote 041_MRK_005_037_GOI_It.txt
Done. Wrote 1 verse(s); skipped 0.
MRK 5:38  wrote 041_MRK_005_038_GOI_It.txt
Done. Wrote 1 verse(s); skipped 0.
MRK 5:39  wrote 041_MRK_005_039_GOI_It.txt
Done. Wrote 1 verse(s); skipped 0.
MRK 5:40  wrote 041_MRK_005_040_GOI_It.txt
Done. Wrote 1 verse(s); skipped 0.
MRK 5:41  wrote 041_MRK_005_041_GOI_It.txt
Done. Wrote 1 verse(s); skipped 0.
MRK 5:42  wrote 041_MRK_005_042_GOI_It.txt
Done. Wrote 1 verse(s); skipped 0.
MRK 5:43  wrote 041_MRK_005_043_GOI_It.txt
Done. Wrote 1 verse(s); skipped 0.
Traceback (most recent call last):
  File "/home/albert/projects/bible/Meta_Bible_Data/Bible_Noun_Extraction/translate_verses.py", line 601, in <module>
    main()
    ~~~~^^
  File "/home/albert/projects/bible/Meta_Bible_Data/Bible_Noun_Extraction/translate_verses.py", line 577, in main
    raise RuntimeError(
    ...<2 lines>...
    )
RuntimeError: MRK 5:5: rejected before write; missing required noun anchors: ['montagna', 'tomba']; candidate='E sempre, di notte e di giorno, nei monti e nei sepolcri, gridava e si tagliava con pietre.\n'
Traceback (most recent call last):
  File "/home/albert/projects/bible/Meta_Bible_Data/Bible_Noun_Extraction/translate_verses.py", line 601, in <module>
    main()
    ~~~~^^
  File "/home/albert/projects/bible/Meta_Bible_Data/Bible_Noun_Extraction/translate_verses.py", line 577, in main
    raise RuntimeError(
    ...<2 lines>...
    )
RuntimeError: MRK 5:11: rejected before write; missing required noun anchors: ['montagna']; candidate='Vi era là, presso i monti, un grande branco di maiali che pascolava.\n'
Traceback (most recent call last):
  File "/home/albert/projects/bible/Meta_Bible_Data/Bible_Noun_Extraction/translate_verses.py", line 601, in <module>
    main()
    ~~~~^^
  File "/home/albert/projects/bible/Meta_Bible_Data/Bible_Noun_Extraction/translate_verses.py", line 577, in main
    raise RuntimeError(
    ...<2 lines>...
    )
RuntimeError: MRK 5:5: rejected before write; missing required noun anchors: ['montagna', 'tomba']; candidate='E sempre, di notte e di giorno, nei monti e nei sepolcri, gridava e si tagliava con pietre.\n'
Traceback (most recent call last):
  File "/home/albert/projects/bible/Meta_Bible_Data/Bible_Noun_Extraction/translate_verses.py", line 601, in <module>
    main()
    ~~~~^^
  File "/home/albert/projects/bible/Meta_Bible_Data/Bible_Noun_Extraction/translate_verses.py", line 577, in main
    raise RuntimeError(
    ...<2 lines>...
    )
RuntimeError: MRK 5:11: rejected before write; missing required noun anchors: ['montagna']; candidate='Vi era là, presso i monti, un grande branco di maiali che pascolava.\n'
MRK 6:1  wrote 041_MRK_006_001_GOI_It.txt
MRK 6:2  wrote 041_MRK_006_002_GOI_It.txt
MRK 6:3  wrote 041_MRK_006_003_GOI_It.txt
MRK 6:4  wrote 041_MRK_006_004_GOI_It.txt
MRK 6:5  wrote 041_MRK_006_005_GOI_It.txt
MRK 6:6  wrote 041_MRK_006_006_GOI_It.txt
MRK 6:7  wrote 041_MRK_006_007_GOI_It.txt
MRK 6:8  wrote 041_MRK_006_008_GOI_It.txt
MRK 6:9  wrote 041_MRK_006_009_GOI_It.txt
MRK 6:10  wrote 041_MRK_006_010_GOI_It.txt
MRK 6:11  wrote 041_MRK_006_011_GOI_It.txt
MRK 6:12  wrote 041_MRK_006_012_GOI_It.txt
MRK 6:13  wrote 041_MRK_006_013_GOI_It.txt
MRK 6:14  wrote 041_MRK_006_014_GOI_It.txt
MRK 6:15  wrote 041_MRK_006_015_GOI_It.txt
MRK 6:16  wrote 041_MRK_006_016_GOI_It.txt
MRK 6:17  wrote 041_MRK_006_017_GOI_It.txt
MRK 6:18  wrote 041_MRK_006_018_GOI_It.txt
MRK 6:19  wrote 041_MRK_006_019_GOI_It.txt
MRK 6:20  wrote 041_MRK_006_020_GOI_It.txt
MRK 6:21  wrote 041_MRK_006_021_GOI_It.txt
MRK 6:22  wrote 041_MRK_006_022_GOI_It.txt
MRK 6:23  wrote 041_MRK_006_023_GOI_It.txt
MRK 6:24  wrote 041_MRK_006_024_GOI_It.txt
MRK 6:25  wrote 041_MRK_006_025_GOI_It.txt
MRK 6:26  wrote 041_MRK_006_026_GOI_It.txt
MRK 6:27  wrote 041_MRK_006_027_GOI_It.txt
MRK 6:28  wrote 041_MRK_006_028_GOI_It.txt
MRK 6:29  wrote 041_MRK_006_029_GOI_It.txt
MRK 6:30  wrote 041_MRK_006_030_GOI_It.txt
MRK 6:31  wrote 041_MRK_006_031_GOI_It.txt
MRK 6:32  wrote 041_MRK_006_032_GOI_It.txt
MRK 6:33  wrote 041_MRK_006_033_GOI_It.txt
MRK 6:34  wrote 041_MRK_006_034_GOI_It.txt
MRK 6:35  wrote 041_MRK_006_035_GOI_It.txt
MRK 6:36  wrote 041_MRK_006_036_GOI_It.txt
MRK 6:37  wrote 041_MRK_006_037_GOI_It.txt
MRK 6:38  wrote 041_MRK_006_038_GOI_It.txt
MRK 6:39  wrote 041_MRK_006_039_GOI_It.txt
MRK 6:40  wrote 041_MRK_006_040_GOI_It.txt
MRK 6:41  wrote 041_MRK_006_041_GOI_It.txt
MRK 6:42  wrote 041_MRK_006_042_GOI_It.txt
MRK 6:43  wrote 041_MRK_006_043_GOI_It.txt
MRK 6:44  wrote 041_MRK_006_044_GOI_It.txt
MRK 6:45  wrote 041_MRK_006_045_GOI_It.txt
MRK 6:46  wrote 041_MRK_006_046_GOI_It.txt
MRK 6:47  wrote 041_MRK_006_047_GOI_It.txt
MRK 6:48  wrote 041_MRK_006_048_GOI_It.txt
MRK 6:49  wrote 041_MRK_006_049_GOI_It.txt
MRK 6:50  wrote 041_MRK_006_050_GOI_It.txt
MRK 6:51  wrote 041_MRK_006_051_GOI_It.txt
MRK 6:52  wrote 041_MRK_006_052_GOI_It.txt
MRK 6:53  wrote 041_MRK_006_053_GOI_It.txt
MRK 6:54  wrote 041_MRK_006_054_GOI_It.txt
MRK 6:55  wrote 041_MRK_006_055_GOI_It.txt
MRK 6:56  wrote 041_MRK_006_056_GOI_It.txt
Done. Wrote 56 verse(s); skipped 0.
MRK 7:1  wrote 041_MRK_007_001_GOI_It.txt
MRK 7:2  wrote 041_MRK_007_002_GOI_It.txt
MRK 7:3  wrote 041_MRK_007_003_GOI_It.txt
MRK 7:4  wrote 041_MRK_007_004_GOI_It.txt
MRK 7:5  wrote 041_MRK_007_005_GOI_It.txt
MRK 7:6  wrote 041_MRK_007_006_GOI_It.txt
MRK 7:7  wrote 041_MRK_007_007_GOI_It.txt
MRK 7:8  wrote 041_MRK_007_008_GOI_It.txt
MRK 7:9  wrote 041_MRK_007_009_GOI_It.txt
MRK 7:10  wrote 041_MRK_007_010_GOI_It.txt
MRK 7:11  wrote 041_MRK_007_011_GOI_It.txt
MRK 7:12  wrote 041_MRK_007_012_GOI_It.txt
MRK 7:13  wrote 041_MRK_007_013_GOI_It.txt
MRK 7:14  wrote 041_MRK_007_014_GOI_It.txt
MRK 7:15  wrote 041_MRK_007_015_GOI_It.txt
MRK 7:16  wrote 041_MRK_007_016_GOI_It.txt
MRK 7:17  wrote 041_MRK_007_017_GOI_It.txt
MRK 7:18  wrote 041_MRK_007_018_GOI_It.txt
MRK 7:19  wrote 041_MRK_007_019_GOI_It.txt
MRK 7:20  wrote 041_MRK_007_020_GOI_It.txt
MRK 7:21  wrote 041_MRK_007_021_GOI_It.txt
MRK 7:22  wrote 041_MRK_007_022_GOI_It.txt
MRK 7:23  wrote 041_MRK_007_023_GOI_It.txt
MRK 7:24  wrote 041_MRK_007_024_GOI_It.txt
MRK 7:25  wrote 041_MRK_007_025_GOI_It.txt
MRK 7:26  wrote 041_MRK_007_026_GOI_It.txt
MRK 7:27  wrote 041_MRK_007_027_GOI_It.txt
MRK 7:28  wrote 041_MRK_007_028_GOI_It.txt
MRK 7:29  wrote 041_MRK_007_029_GOI_It.txt
MRK 7:30  wrote 041_MRK_007_030_GOI_It.txt
MRK 7:31  wrote 041_MRK_007_031_GOI_It.txt
MRK 7:32  wrote 041_MRK_007_032_GOI_It.txt
MRK 7:33  wrote 041_MRK_007_033_GOI_It.txt
MRK 7:34  wrote 041_MRK_007_034_GOI_It.txt
MRK 7:35  wrote 041_MRK_007_035_GOI_It.txt
MRK 7:36  wrote 041_MRK_007_036_GOI_It.txt
MRK 7:37  wrote 041_MRK_007_037_GOI_It.txt
Done. Wrote 37 verse(s); skipped 0.
MRK 8:1  wrote 041_MRK_008_001_GOI_It.txt
MRK 8:2  wrote 041_MRK_008_002_GOI_It.txt
MRK 8:3  wrote 041_MRK_008_003_GOI_It.txt
MRK 8:4  wrote 041_MRK_008_004_GOI_It.txt
MRK 8:5  wrote 041_MRK_008_005_GOI_It.txt
MRK 8:6  wrote 041_MRK_008_006_GOI_It.txt
MRK 8:7  wrote 041_MRK_008_007_GOI_It.txt
MRK 8:8  wrote 041_MRK_008_008_GOI_It.txt
MRK 8:9  wrote 041_MRK_008_009_GOI_It.txt
MRK 8:10  wrote 041_MRK_008_010_GOI_It.txt
MRK 8:11  wrote 041_MRK_008_011_GOI_It.txt
MRK 8:12  wrote 041_MRK_008_012_GOI_It.txt
MRK 8:13  wrote 041_MRK_008_013_GOI_It.txt
MRK 8:14  wrote 041_MRK_008_014_GOI_It.txt
MRK 8:15  wrote 041_MRK_008_015_GOI_It.txt
MRK 8:16  wrote 041_MRK_008_016_GOI_It.txt
MRK 8:17  wrote 041_MRK_008_017_GOI_It.txt
MRK 8:18  wrote 041_MRK_008_018_GOI_It.txt
MRK 8:19  wrote 041_MRK_008_019_GOI_It.txt
MRK 8:20  wrote 041_MRK_008_020_GOI_It.txt
MRK 8:21  wrote 041_MRK_008_021_GOI_It.txt
MRK 8:22  wrote 041_MRK_008_022_GOI_It.txt
MRK 8:23  wrote 041_MRK_008_023_GOI_It.txt
MRK 8:24  wrote 041_MRK_008_024_GOI_It.txt
MRK 8:25  wrote 041_MRK_008_025_GOI_It.txt
MRK 8:26  wrote 041_MRK_008_026_GOI_It.txt
Traceback (most recent call last):
  File "/home/albert/projects/bible/Meta_Bible_Data/Bible_Noun_Extraction/translate_verses.py", line 601, in <module>
    main()
    ~~~~^^
  File "/home/albert/projects/bible/Meta_Bible_Data/Bible_Noun_Extraction/translate_verses.py", line 577, in main
    raise RuntimeError(
    ...<2 lines>...
    )
RuntimeError: MRK 8:27: rejected before write; missing required noun anchors: ['uomo']; candidate='E Gesù uscì con i suoi discepoli verso i villaggi di Cesarea di Filippo, e lungo la via interrogava i suoi discepoli, dicendo loro: "Chi dice la gente che io sia?"\n'
MRK 8:1  skipped (already exists)
MRK 8:2  skipped (already exists)
MRK 8:3  skipped (already exists)
MRK 8:4  skipped (already exists)
MRK 8:5  skipped (already exists)
MRK 8:6  skipped (already exists)
MRK 8:7  skipped (already exists)
MRK 8:8  skipped (already exists)
MRK 8:9  skipped (already exists)
MRK 8:10  skipped (already exists)
MRK 8:11  skipped (already exists)
MRK 8:12  skipped (already exists)
MRK 8:13  skipped (already exists)
MRK 8:14  skipped (already exists)
MRK 8:15  skipped (already exists)
MRK 8:16  skipped (already exists)
MRK 8:17  skipped (already exists)
MRK 8:18  skipped (already exists)
MRK 8:19  skipped (already exists)
MRK 8:20  skipped (already exists)
MRK 8:21  skipped (already exists)
MRK 8:22  skipped (already exists)
MRK 8:23  skipped (already exists)
MRK 8:24  skipped (already exists)
MRK 8:25  skipped (already exists)
MRK 8:26  skipped (already exists)
Traceback (most recent call last):
  File "/home/albert/projects/bible/Meta_Bible_Data/Bible_Noun_Extraction/translate_verses.py", line 601, in <module>
    main()
    ~~~~^^
  File "/home/albert/projects/bible/Meta_Bible_Data/Bible_Noun_Extraction/translate_verses.py", line 577, in main
    raise RuntimeError(
    ...<2 lines>...
    )
RuntimeError: MRK 8:27: rejected before write; missing required noun anchors: ['uomo']; candidate='E Gesù uscì con i suoi discepoli verso i villaggi di Cesarea di Filippo, e lungo la via interrogava i suoi discepoli, dicendo loro: "Chi dice la gente che io sia?"\n'
MRK 8:1  skipped (already exists)
MRK 8:2  skipped (already exists)
MRK 8:3  skipped (already exists)
MRK 8:4  skipped (already exists)
MRK 8:5  skipped (already exists)
MRK 8:6  skipped (already exists)
MRK 8:7  skipped (already exists)
MRK 8:8  skipped (already exists)
MRK 8:9  skipped (already exists)
MRK 8:10  skipped (already exists)
MRK 8:11  skipped (already exists)
MRK 8:12  skipped (already exists)
MRK 8:13  skipped (already exists)
MRK 8:14  skipped (already exists)
MRK 8:15  skipped (already exists)
MRK 8:16  skipped (already exists)
MRK 8:17  skipped (already exists)
MRK 8:18  skipped (already exists)
MRK 8:19  skipped (already exists)
MRK 8:20  skipped (already exists)
MRK 8:21  skipped (already exists)
MRK 8:22  skipped (already exists)
MRK 8:23  skipped (already exists)
MRK 8:24  skipped (already exists)
MRK 8:25  skipped (already exists)
MRK 8:26  skipped (already exists)
Traceback (most recent call last):
  File "/home/albert/projects/bible/Meta_Bible_Data/Bible_Noun_Extraction/translate_verses.py", line 601, in <module>
    main()
    ~~~~^^
  File "/home/albert/projects/bible/Meta_Bible_Data/Bible_Noun_Extraction/translate_verses.py", line 577, in main
    raise RuntimeError(
    ...<2 lines>...
    )
RuntimeError: MRK 8:27: rejected before write; missing required noun anchors: ['uomo']; candidate='E Gesù uscì con i suoi discepoli verso i villaggi di Cesarea di Filippo, e lungo la via interrogava i suoi discepoli, dicendo loro: "Chi dice la gente che io sia?"\n'
MRK 8:28  wrote 041_MRK_008_028_GOI_It.txt
Done. Wrote 1 verse(s); skipped 0.
MRK 8:29  wrote 041_MRK_008_029_GOI_It.txt
Done. Wrote 1 verse(s); skipped 0.
MRK 8:30  wrote 041_MRK_008_030_GOI_It.txt
Done. Wrote 1 verse(s); skipped 0.
MRK 8:31  wrote 041_MRK_008_031_GOI_It.txt
Done. Wrote 1 verse(s); skipped 0.
MRK 8:32  wrote 041_MRK_008_032_GOI_It.txt
Done. Wrote 1 verse(s); skipped 0.
MRK 8:33  wrote 041_MRK_008_033_GOI_It.txt
Done. Wrote 1 verse(s); skipped 0.
MRK 8:34  wrote 041_MRK_008_034_GOI_It.txt
Done. Wrote 1 verse(s); skipped 0.
MRK 8:35  wrote 041_MRK_008_035_GOI_It.txt
Done. Wrote 1 verse(s); skipped 0.
MRK 8:36  wrote 041_MRK_008_036_GOI_It.txt
Done. Wrote 1 verse(s); skipped 0.
MRK 8:37  wrote 041_MRK_008_037_GOI_It.txt
Done. Wrote 1 verse(s); skipped 0.
MRK 8:38  wrote 041_MRK_008_038_GOI_It.txt
Done. Wrote 1 verse(s); skipped 0.
MRK 9:1  wrote 041_MRK_009_001_GOI_It.txt
MRK 9:2  wrote 041_MRK_009_002_GOI_It.txt
MRK 9:3  wrote 041_MRK_009_003_GOI_It.txt
MRK 9:4  wrote 041_MRK_009_004_GOI_It.txt
MRK 9:5  wrote 041_MRK_009_005_GOI_It.txt
MRK 9:6  wrote 041_MRK_009_006_GOI_It.txt
MRK 9:7  wrote 041_MRK_009_007_GOI_It.txt
MRK 9:8  wrote 041_MRK_009_008_GOI_It.txt
Traceback (most recent call last):
  File "/home/albert/projects/bible/Meta_Bible_Data/Bible_Noun_Extraction/translate_verses.py", line 601, in <module>
    main()
    ~~~~^^
  File "/home/albert/projects/bible/Meta_Bible_Data/Bible_Noun_Extraction/translate_verses.py", line 577, in main
    raise RuntimeError(
    ...<2 lines>...
    )
RuntimeError: MRK 9:9: rejected before write; missing required noun anchors: ['montagna']; candidate="Mentre scendevano dal monte, ordinò loro di non raccontare a nessuno ciò che avevano visto, se non quando il Figlio dell'uomo fosse risorto dai morti.\n"
MRK 9:1  skipped (already exists)
MRK 9:2  skipped (already exists)
MRK 9:3  skipped (already exists)
MRK 9:4  skipped (already exists)
MRK 9:5  skipped (already exists)
MRK 9:6  skipped (already exists)
MRK 9:7  skipped (already exists)
MRK 9:8  skipped (already exists)
Traceback (most recent call last):
  File "/home/albert/projects/bible/Meta_Bible_Data/Bible_Noun_Extraction/translate_verses.py", line 601, in <module>
    main()
    ~~~~^^
  File "/home/albert/projects/bible/Meta_Bible_Data/Bible_Noun_Extraction/translate_verses.py", line 577, in main
    raise RuntimeError(
    ...<2 lines>...
    )
RuntimeError: MRK 9:9: rejected before write; missing required noun anchors: ['montagna']; candidate="Mentre scendevano dal monte, comandò loro di non raccontare a nessuno ciò che avevano visto, se non quando il Figlio dell'uomo fosse risorto dai morti.\n"
MRK 9:1  skipped (already exists)
MRK 9:2  skipped (already exists)
MRK 9:3  skipped (already exists)
MRK 9:4  skipped (already exists)
MRK 9:5  skipped (already exists)
MRK 9:6  skipped (already exists)
MRK 9:7  skipped (already exists)
MRK 9:8  skipped (already exists)
Traceback (most recent call last):
  File "/home/albert/projects/bible/Meta_Bible_Data/Bible_Noun_Extraction/translate_verses.py", line 601, in <module>
    main()
    ~~~~^^
  File "/home/albert/projects/bible/Meta_Bible_Data/Bible_Noun_Extraction/translate_verses.py", line 577, in main
    raise RuntimeError(
    ...<2 lines>...
    )
RuntimeError: MRK 9:9: rejected before write; missing required noun anchors: ['montagna']; candidate="Mentre scendevano dal monte, comandò loro di non raccontare a nessuno ciò che avevano visto, se non quando il Figlio dell'uomo fosse risorto dai morti.\n"
MRK 9:10  wrote 041_MRK_009_010_GOI_It.txt
Done. Wrote 1 verse(s); skipped 0.
MRK 9:11  wrote 041_MRK_009_011_GOI_It.txt
Done. Wrote 1 verse(s); skipped 0.
MRK 9:12  wrote 041_MRK_009_012_GOI_It.txt
Done. Wrote 1 verse(s); skipped 0.
MRK 9:13  wrote 041_MRK_009_013_GOI_It.txt
Done. Wrote 1 verse(s); skipped 0.
MRK 9:14  wrote 041_MRK_009_014_GOI_It.txt
Done. Wrote 1 verse(s); skipped 0.
MRK 9:15  wrote 041_MRK_009_015_GOI_It.txt
Done. Wrote 1 verse(s); skipped 0.
MRK 9:16  wrote 041_MRK_009_016_GOI_It.txt
Done. Wrote 1 verse(s); skipped 0.
MRK 9:17  wrote 041_MRK_009_017_GOI_It.txt
Done. Wrote 1 verse(s); skipped 0.
MRK 9:18  wrote 041_MRK_009_018_GOI_It.txt
Done. Wrote 1 verse(s); skipped 0.
MRK 9:19  wrote 041_MRK_009_019_GOI_It.txt
Done. Wrote 1 verse(s); skipped 0.
MRK 9:20  wrote 041_MRK_009_020_GOI_It.txt
Done. Wrote 1 verse(s); skipped 0.
MRK 9:21  wrote 041_MRK_009_021_GOI_It.txt
Done. Wrote 1 verse(s); skipped 0.
MRK 9:22  wrote 041_MRK_009_022_GOI_It.txt
Done. Wrote 1 verse(s); skipped 0.
MRK 9:23  wrote 041_MRK_009_023_GOI_It.txt
Done. Wrote 1 verse(s); skipped 0.
MRK 9:24  wrote 041_MRK_009_024_GOI_It.txt
Done. Wrote 1 verse(s); skipped 0.
MRK 9:25  wrote 041_MRK_009_025_GOI_It.txt
Done. Wrote 1 verse(s); skipped 0.
MRK 9:26  wrote 041_MRK_009_026_GOI_It.txt
Done. Wrote 1 verse(s); skipped 0.
MRK 9:27  wrote 041_MRK_009_027_GOI_It.txt
Done. Wrote 1 verse(s); skipped 0.
MRK 9:28  wrote 041_MRK_009_028_GOI_It.txt
Done. Wrote 1 verse(s); skipped 0.
MRK 9:29  wrote 041_MRK_009_029_GOI_It.txt
Done. Wrote 1 verse(s); skipped 0.
MRK 9:30  wrote 041_MRK_009_030_GOI_It.txt
Done. Wrote 1 verse(s); skipped 0.
MRK 9:31  wrote 041_MRK_009_031_GOI_It.txt
Done. Wrote 1 verse(s); skipped 0.
MRK 9:32  wrote 041_MRK_009_032_GOI_It.txt
Done. Wrote 1 verse(s); skipped 0.
MRK 9:33  wrote 041_MRK_009_033_GOI_It.txt
Done. Wrote 1 verse(s); skipped 0.
MRK 9:34  wrote 041_MRK_009_034_GOI_It.txt
Done. Wrote 1 verse(s); skipped 0.
MRK 9:35  wrote 041_MRK_009_035_GOI_It.txt
Done. Wrote 1 verse(s); skipped 0.
MRK 9:36  wrote 041_MRK_009_036_GOI_It.txt
Done. Wrote 1 verse(s); skipped 0.
MRK 9:37  wrote 041_MRK_009_037_GOI_It.txt
Done. Wrote 1 verse(s); skipped 0.
MRK 9:38  wrote 041_MRK_009_038_GOI_It.txt
Done. Wrote 1 verse(s); skipped 0.
MRK 9:39  wrote 041_MRK_009_039_GOI_It.txt
Done. Wrote 1 verse(s); skipped 0.
MRK 9:40  wrote 041_MRK_009_040_GOI_It.txt
Done. Wrote 1 verse(s); skipped 0.
MRK 9:41  wrote 041_MRK_009_041_GOI_It.txt
Done. Wrote 1 verse(s); skipped 0.
MRK 9:42  wrote 041_MRK_009_042_GOI_It.txt
Done. Wrote 1 verse(s); skipped 0.
MRK 9:43  wrote 041_MRK_009_043_GOI_It.txt
Done. Wrote 1 verse(s); skipped 0.
MRK 9:44  wrote 041_MRK_009_044_GOI_It.txt
Done. Wrote 1 verse(s); skipped 0.
MRK 9:45  wrote 041_MRK_009_045_GOI_It.txt
Done. Wrote 1 verse(s); skipped 0.
MRK 9:46  wrote 041_MRK_009_046_GOI_It.txt
Done. Wrote 1 verse(s); skipped 0.
MRK 9:47  wrote 041_MRK_009_047_GOI_It.txt
Done. Wrote 1 verse(s); skipped 0.
MRK 9:48  wrote 041_MRK_009_048_GOI_It.txt
Done. Wrote 1 verse(s); skipped 0.
MRK 9:49  wrote 041_MRK_009_049_GOI_It.txt
Done. Wrote 1 verse(s); skipped 0.
MRK 9:50  wrote 041_MRK_009_050_GOI_It.txt
Done. Wrote 1 verse(s); skipped 0.
MRK 10:1  wrote 041_MRK_010_001_GOI_It.txt
MRK 10:2  wrote 041_MRK_010_002_GOI_It.txt
MRK 10:3  wrote 041_MRK_010_003_GOI_It.txt
MRK 10:4  wrote 041_MRK_010_004_GOI_It.txt
MRK 10:5  wrote 041_MRK_010_005_GOI_It.txt
MRK 10:6  wrote 041_MRK_010_006_GOI_It.txt
MRK 10:7  wrote 041_MRK_010_007_GOI_It.txt
MRK 10:8  wrote 041_MRK_010_008_GOI_It.txt
MRK 10:9  wrote 041_MRK_010_009_GOI_It.txt
MRK 10:10  wrote 041_MRK_010_010_GOI_It.txt
MRK 10:11  wrote 041_MRK_010_011_GOI_It.txt
MRK 10:12  wrote 041_MRK_010_012_GOI_It.txt
MRK 10:13  wrote 041_MRK_010_013_GOI_It.txt
MRK 10:14  wrote 041_MRK_010_014_GOI_It.txt
MRK 10:15  wrote 041_MRK_010_015_GOI_It.txt
MRK 10:16  wrote 041_MRK_010_016_GOI_It.txt
MRK 10:17  wrote 041_MRK_010_017_GOI_It.txt
MRK 10:18  wrote 041_MRK_010_018_GOI_It.txt
MRK 10:19  wrote 041_MRK_010_019_GOI_It.txt
MRK 10:20  wrote 041_MRK_010_020_GOI_It.txt
MRK 10:21  wrote 041_MRK_010_021_GOI_It.txt
MRK 10:22  wrote 041_MRK_010_022_GOI_It.txt
MRK 10:23  wrote 041_MRK_010_023_GOI_It.txt
MRK 10:24  wrote 041_MRK_010_024_GOI_It.txt
MRK 10:25  wrote 041_MRK_010_025_GOI_It.txt
MRK 10:26  wrote 041_MRK_010_026_GOI_It.txt
MRK 10:27  wrote 041_MRK_010_027_GOI_It.txt
MRK 10:28  wrote 041_MRK_010_028_GOI_It.txt
MRK 10:29  wrote 041_MRK_010_029_GOI_It.txt
MRK 10:30  wrote 041_MRK_010_030_GOI_It.txt
MRK 10:31  wrote 041_MRK_010_031_GOI_It.txt
MRK 10:32  wrote 041_MRK_010_032_GOI_It.txt
MRK 10:33  wrote 041_MRK_010_033_GOI_It.txt
MRK 10:34  wrote 041_MRK_010_034_GOI_It.txt
MRK 10:35  wrote 041_MRK_010_035_GOI_It.txt
MRK 10:36  wrote 041_MRK_010_036_GOI_It.txt
MRK 10:37  wrote 041_MRK_010_037_GOI_It.txt
MRK 10:38  wrote 041_MRK_010_038_GOI_It.txt
MRK 10:39  wrote 041_MRK_010_039_GOI_It.txt
MRK 10:40  wrote 041_MRK_010_040_GOI_It.txt
MRK 10:41  wrote 041_MRK_010_041_GOI_It.txt
MRK 10:42  wrote 041_MRK_010_042_GOI_It.txt
MRK 10:43  wrote 041_MRK_010_043_GOI_It.txt
MRK 10:44  wrote 041_MRK_010_044_GOI_It.txt
MRK 10:45  wrote 041_MRK_010_045_GOI_It.txt
MRK 10:46  wrote 041_MRK_010_046_GOI_It.txt
MRK 10:47  wrote 041_MRK_010_047_GOI_It.txt
MRK 10:48  wrote 041_MRK_010_048_GOI_It.txt
MRK 10:49  wrote 041_MRK_010_049_GOI_It.txt
MRK 10:50  wrote 041_MRK_010_050_GOI_It.txt
MRK 10:51  wrote 041_MRK_010_051_GOI_It.txt
MRK 10:52  wrote 041_MRK_010_052_GOI_It.txt
Done. Wrote 52 verse(s); skipped 0.
Traceback (most recent call last):
  File "/home/albert/projects/bible/Meta_Bible_Data/Bible_Noun_Extraction/translate_verses.py", line 601, in <module>
    main()
    ~~~~^^
  File "/home/albert/projects/bible/Meta_Bible_Data/Bible_Noun_Extraction/translate_verses.py", line 577, in main
    raise RuntimeError(
    ...<2 lines>...
    )
RuntimeError: MRK 11:1: rejected before write; missing required noun anchors: ['montagna']; candidate='E quando si avvicinano a Gerusalemme, a Betfage e a Betania, verso il monte degli olivi, manda due dei suoi discepoli.\n'
Traceback (most recent call last):
  File "/home/albert/projects/bible/Meta_Bible_Data/Bible_Noun_Extraction/translate_verses.py", line 601, in <module>
    main()
    ~~~~^^
  File "/home/albert/projects/bible/Meta_Bible_Data/Bible_Noun_Extraction/translate_verses.py", line 577, in main
    raise RuntimeError(
    ...<2 lines>...
    )
RuntimeError: MRK 11:1: rejected before write; missing required noun anchors: ['montagna', 'olivo']; candidate='E quando si avvicinano a Gerusalemme, a Betfage e a Betania, verso il monte degli ulivi, manda due dei suoi discepoli.\n'
MRK 11:1  wrote 041_MRK_011_001_GOI_It.txt
MRK 11:2  wrote 041_MRK_011_002_GOI_It.txt
MRK 11:3  wrote 041_MRK_011_003_GOI_It.txt
MRK 11:4  wrote 041_MRK_011_004_GOI_It.txt
MRK 11:5  wrote 041_MRK_011_005_GOI_It.txt
MRK 11:6  wrote 041_MRK_011_006_GOI_It.txt
MRK 11:7  wrote 041_MRK_011_007_GOI_It.txt
MRK 11:8  wrote 041_MRK_011_008_GOI_It.txt
MRK 11:9  wrote 041_MRK_011_009_GOI_It.txt
MRK 11:10  wrote 041_MRK_011_010_GOI_It.txt
MRK 11:11  wrote 041_MRK_011_011_GOI_It.txt
MRK 11:12  wrote 041_MRK_011_012_GOI_It.txt
MRK 11:13  wrote 041_MRK_011_013_GOI_It.txt
Traceback (most recent call last):
  File "/home/albert/projects/bible/Meta_Bible_Data/Bible_Noun_Extraction/translate_verses.py", line 601, in <module>
    main()
    ~~~~^^
  File "/home/albert/projects/bible/Meta_Bible_Data/Bible_Noun_Extraction/translate_verses.py", line 577, in main
    raise RuntimeError(
    ...<2 lines>...
    )
RuntimeError: MRK 11:14: rejected before write; missing required noun anchors: ['secolo']; candidate='E rispondendo Gesù le disse: nessuno mangi mai più frutto da te in eterno. E i suoi discepoli udivano.\n'
MRK 11:1  skipped (already exists)
MRK 11:2  skipped (already exists)
MRK 11:3  skipped (already exists)
MRK 11:4  skipped (already exists)
MRK 11:5  skipped (already exists)
MRK 11:6  skipped (already exists)
MRK 11:7  skipped (already exists)
MRK 11:8  skipped (already exists)
MRK 11:9  skipped (already exists)
MRK 11:10  skipped (already exists)
MRK 11:11  skipped (already exists)
MRK 11:12  skipped (already exists)
MRK 11:13  skipped (already exists)
Traceback (most recent call last):
  File "/home/albert/projects/bible/Meta_Bible_Data/Bible_Noun_Extraction/translate_verses.py", line 601, in <module>
    main()
    ~~~~^^
  File "/home/albert/projects/bible/Meta_Bible_Data/Bible_Noun_Extraction/translate_verses.py", line 577, in main
    raise RuntimeError(
    ...<2 lines>...
    )
RuntimeError: MRK 11:14: rejected before write; missing required noun anchors: ['secolo']; candidate='E rispondendo Gesù le disse: nessuno mangi mai più frutto da te in eterno. E i suoi discepoli udivano.\n'
MRK 11:1  skipped (already exists)
MRK 11:2  skipped (already exists)
MRK 11:3  skipped (already exists)
MRK 11:4  skipped (already exists)
MRK 11:5  skipped (already exists)
MRK 11:6  skipped (already exists)
MRK 11:7  skipped (already exists)
MRK 11:8  skipped (already exists)
MRK 11:9  skipped (already exists)
MRK 11:10  skipped (already exists)
MRK 11:11  skipped (already exists)
MRK 11:12  skipped (already exists)
MRK 11:13  skipped (already exists)
Traceback (most recent call last):
  File "/home/albert/projects/bible/Meta_Bible_Data/Bible_Noun_Extraction/translate_verses.py", line 601, in <module>
    main()
    ~~~~^^
  File "/home/albert/projects/bible/Meta_Bible_Data/Bible_Noun_Extraction/translate_verses.py", line 577, in main
    raise RuntimeError(
    ...<2 lines>...
    )
RuntimeError: MRK 11:14: rejected before write; missing required noun anchors: ['secolo']; candidate='E rispondendo Gesù le disse: nessuno mangi mai più frutto da te in eterno. E i suoi discepoli udivano.\n'
MRK 11:15  wrote 041_MRK_011_015_GOI_It.txt
Done. Wrote 1 verse(s); skipped 0.
MRK 11:16  wrote 041_MRK_011_016_GOI_It.txt
Done. Wrote 1 verse(s); skipped 0.
MRK 11:17  wrote 041_MRK_011_017_GOI_It.txt
Done. Wrote 1 verse(s); skipped 0.
MRK 11:18  wrote 041_MRK_011_018_GOI_It.txt
Done. Wrote 1 verse(s); skipped 0.
MRK 11:19  wrote 041_MRK_011_019_GOI_It.txt
Done. Wrote 1 verse(s); skipped 0.
MRK 11:20  wrote 041_MRK_011_020_GOI_It.txt
Done. Wrote 1 verse(s); skipped 0.
MRK 11:21  wrote 041_MRK_011_021_GOI_It.txt
Done. Wrote 1 verse(s); skipped 0.
MRK 11:22  wrote 041_MRK_011_022_GOI_It.txt
Done. Wrote 1 verse(s); skipped 0.
MRK 11:23  wrote 041_MRK_011_023_GOI_It.txt
Done. Wrote 1 verse(s); skipped 0.
MRK 11:24  wrote 041_MRK_011_024_GOI_It.txt
Done. Wrote 1 verse(s); skipped 0.
MRK 11:25  wrote 041_MRK_011_025_GOI_It.txt
Done. Wrote 1 verse(s); skipped 0.
MRK 11:26  wrote 041_MRK_011_026_GOI_It.txt
Done. Wrote 1 verse(s); skipped 0.
MRK 11:27  wrote 041_MRK_011_027_GOI_It.txt
Done. Wrote 1 verse(s); skipped 0.
MRK 11:28  wrote 041_MRK_011_028_GOI_It.txt
Done. Wrote 1 verse(s); skipped 0.
MRK 11:29  wrote 041_MRK_011_029_GOI_It.txt
Done. Wrote 1 verse(s); skipped 0.
MRK 11:30  wrote 041_MRK_011_030_GOI_It.txt
Done. Wrote 1 verse(s); skipped 0.
MRK 11:31  wrote 041_MRK_011_031_GOI_It.txt
Done. Wrote 1 verse(s); skipped 0.
MRK 11:32  wrote 041_MRK_011_032_GOI_It.txt
Done. Wrote 1 verse(s); skipped 0.
MRK 11:33  wrote 041_MRK_011_033_GOI_It.txt
Done. Wrote 1 verse(s); skipped 0.
MRK 12:1  wrote 041_MRK_012_001_GOI_It.txt
MRK 12:2  wrote 041_MRK_012_002_GOI_It.txt
MRK 12:3  wrote 041_MRK_012_003_GOI_It.txt
MRK 12:4  wrote 041_MRK_012_004_GOI_It.txt
MRK 12:5  wrote 041_MRK_012_005_GOI_It.txt
MRK 12:6  wrote 041_MRK_012_006_GOI_It.txt
MRK 12:7  wrote 041_MRK_012_007_GOI_It.txt
MRK 12:8  wrote 041_MRK_012_008_GOI_It.txt
MRK 12:9  wrote 041_MRK_012_009_GOI_It.txt
MRK 12:10  wrote 041_MRK_012_010_GOI_It.txt
MRK 12:11  wrote 041_MRK_012_011_GOI_It.txt
MRK 12:12  wrote 041_MRK_012_012_GOI_It.txt
MRK 12:13  wrote 041_MRK_012_013_GOI_It.txt
MRK 12:14  wrote 041_MRK_012_014_GOI_It.txt
MRK 12:15  wrote 041_MRK_012_015_GOI_It.txt
MRK 12:16  wrote 041_MRK_012_016_GOI_It.txt
MRK 12:17  wrote 041_MRK_012_017_GOI_It.txt
MRK 12:18  wrote 041_MRK_012_018_GOI_It.txt
MRK 12:19  wrote 041_MRK_012_019_GOI_It.txt
MRK 12:20  wrote 041_MRK_012_020_GOI_It.txt
MRK 12:21  wrote 041_MRK_012_021_GOI_It.txt
MRK 12:22  wrote 041_MRK_012_022_GOI_It.txt
MRK 12:23  wrote 041_MRK_012_023_GOI_It.txt
MRK 12:24  wrote 041_MRK_012_024_GOI_It.txt
MRK 12:25  wrote 041_MRK_012_025_GOI_It.txt
Traceback (most recent call last):
  File "/home/albert/projects/bible/Meta_Bible_Data/Bible_Noun_Extraction/translate_verses.py", line 601, in <module>
    main()
    ~~~~^^
  File "/home/albert/projects/bible/Meta_Bible_Data/Bible_Noun_Extraction/translate_verses.py", line 577, in main
    raise RuntimeError(
    ...<2 lines>...
    )
RuntimeError: MRK 12:26: rejected before write; missing required noun anchors: ['rovo']; candidate='E riguardo ai morti, che risuscitano, non avete letto nel libro di Mosè, nel roveto, come Dio gli disse, dicendo: "Io sono il Dio di Abramo, il Dio di Isacco e il Dio di Giacobbe"?\n'
MRK 12:1  skipped (already exists)
MRK 12:2  skipped (already exists)
MRK 12:3  skipped (already exists)
MRK 12:4  skipped (already exists)
MRK 12:5  skipped (already exists)
MRK 12:6  skipped (already exists)
MRK 12:7  skipped (already exists)
MRK 12:8  skipped (already exists)
MRK 12:9  skipped (already exists)
MRK 12:10  skipped (already exists)
MRK 12:11  skipped (already exists)
MRK 12:12  skipped (already exists)
MRK 12:13  skipped (already exists)
MRK 12:14  skipped (already exists)
MRK 12:15  skipped (already exists)
MRK 12:16  skipped (already exists)
MRK 12:17  skipped (already exists)
MRK 12:18  skipped (already exists)
MRK 12:19  skipped (already exists)
MRK 12:20  skipped (already exists)
MRK 12:21  skipped (already exists)
MRK 12:22  skipped (already exists)
MRK 12:23  skipped (already exists)
MRK 12:24  skipped (already exists)
MRK 12:25  skipped (already exists)
Traceback (most recent call last):
  File "/home/albert/projects/bible/Meta_Bible_Data/Bible_Noun_Extraction/translate_verses.py", line 601, in <module>
    main()
    ~~~~^^
  File "/home/albert/projects/bible/Meta_Bible_Data/Bible_Noun_Extraction/translate_verses.py", line 577, in main
    raise RuntimeError(
    ...<2 lines>...
    )
RuntimeError: MRK 12:26: rejected before write; missing required noun anchors: ['rovo']; candidate='E riguardo ai morti, che risuscitano, non avete letto nel libro di Mosè, nel roveto, come Dio gli disse, dicendo: "Io sono il Dio di Abramo, il Dio di Isacco e il Dio di Giacobbe"?\n'
MRK 12:1  skipped (already exists)
MRK 12:2  skipped (already exists)
MRK 12:3  skipped (already exists)
MRK 12:4  skipped (already exists)
MRK 12:5  skipped (already exists)
MRK 12:6  skipped (already exists)
MRK 12:7  skipped (already exists)
MRK 12:8  skipped (already exists)
MRK 12:9  skipped (already exists)
MRK 12:10  skipped (already exists)
MRK 12:11  skipped (already exists)
MRK 12:12  skipped (already exists)
MRK 12:13  skipped (already exists)
MRK 12:14  skipped (already exists)
MRK 12:15  skipped (already exists)
MRK 12:16  skipped (already exists)
MRK 12:17  skipped (already exists)
MRK 12:18  skipped (already exists)
MRK 12:19  skipped (already exists)
MRK 12:20  skipped (already exists)
MRK 12:21  skipped (already exists)
MRK 12:22  skipped (already exists)
MRK 12:23  skipped (already exists)
MRK 12:24  skipped (already exists)
MRK 12:25  skipped (already exists)
Traceback (most recent call last):
  File "/home/albert/projects/bible/Meta_Bible_Data/Bible_Noun_Extraction/translate_verses.py", line 601, in <module>
    main()
    ~~~~^^
  File "/home/albert/projects/bible/Meta_Bible_Data/Bible_Noun_Extraction/translate_verses.py", line 577, in main
    raise RuntimeError(
    ...<2 lines>...
    )
RuntimeError: MRK 12:26: rejected before write; missing required noun anchors: ['rovo']; candidate='E riguardo ai morti, che risorgono, non avete letto nel libro di Mosè, nel roveto, come Dio gli disse, dicendo: "Io sono il Dio di Abramo, e il Dio di Isacco, e il Dio di Giacobbe"?\n'
MRK 12:27  wrote 041_MRK_012_027_GOI_It.txt
Done. Wrote 1 verse(s); skipped 0.
MRK 12:28  wrote 041_MRK_012_028_GOI_It.txt
Done. Wrote 1 verse(s); skipped 0.
MRK 12:29  wrote 041_MRK_012_029_GOI_It.txt
Done. Wrote 1 verse(s); skipped 0.
MRK 12:30  wrote 041_MRK_012_030_GOI_It.txt
Done. Wrote 1 verse(s); skipped 0.
MRK 12:31  wrote 041_MRK_012_031_GOI_It.txt
Done. Wrote 1 verse(s); skipped 0.
MRK 12:32  wrote 041_MRK_012_032_GOI_It.txt
Done. Wrote 1 verse(s); skipped 0.
MRK 12:33  wrote 041_MRK_012_033_GOI_It.txt
Done. Wrote 1 verse(s); skipped 0.
MRK 12:34  wrote 041_MRK_012_034_GOI_It.txt
Done. Wrote 1 verse(s); skipped 0.
MRK 12:35  wrote 041_MRK_012_035_GOI_It.txt
Done. Wrote 1 verse(s); skipped 0.
MRK 12:36  wrote 041_MRK_012_036_GOI_It.txt
Done. Wrote 1 verse(s); skipped 0.
MRK 12:37  wrote 041_MRK_012_037_GOI_It.txt
Done. Wrote 1 verse(s); skipped 0.
MRK 12:38  wrote 041_MRK_012_038_GOI_It.txt
Done. Wrote 1 verse(s); skipped 0.
MRK 12:39  wrote 041_MRK_012_039_GOI_It.txt
Done. Wrote 1 verse(s); skipped 0.
MRK 12:40  wrote 041_MRK_012_040_GOI_It.txt
Done. Wrote 1 verse(s); skipped 0.
MRK 12:41  wrote 041_MRK_012_041_GOI_It.txt
Done. Wrote 1 verse(s); skipped 0.
MRK 12:42  wrote 041_MRK_012_042_GOI_It.txt
Done. Wrote 1 verse(s); skipped 0.
MRK 12:43  wrote 041_MRK_012_043_GOI_It.txt
Done. Wrote 1 verse(s); skipped 0.
Traceback (most recent call last):
  File "/home/albert/projects/bible/Meta_Bible_Data/Bible_Noun_Extraction/translate_verses.py", line 601, in <module>
    main()
    ~~~~^^
  File "/home/albert/projects/bible/Meta_Bible_Data/Bible_Noun_Extraction/translate_verses.py", line 577, in main
    raise RuntimeError(
    ...<2 lines>...
    )
RuntimeError: MRK 12:44: rejected before write; missing required noun anchors: ['bisogno']; candidate='Poiché tutti gettarono del loro superfluo, ma ella, dalla sua indigenza, gettò tutto ciò che aveva, tutto il suo sostentamento.\n'
Traceback (most recent call last):
  File "/home/albert/projects/bible/Meta_Bible_Data/Bible_Noun_Extraction/translate_verses.py", line 601, in <module>
    main()
    ~~~~^^
  File "/home/albert/projects/bible/Meta_Bible_Data/Bible_Noun_Extraction/translate_verses.py", line 577, in main
    raise RuntimeError(
    ...<2 lines>...
    )
RuntimeError: MRK 12:44: rejected before write; missing required noun anchors: ['bisogno']; candidate='Poiché tutti gettarono dal loro superfluo, ma ella, dalla sua indigenza, gettò tutto ciò che aveva, tutto il suo sostentamento.\n'
Traceback (most recent call last):
  File "/home/albert/projects/bible/Meta_Bible_Data/Bible_Noun_Extraction/translate_verses.py", line 601, in <module>
    main()
    ~~~~^^
  File "/home/albert/projects/bible/Meta_Bible_Data/Bible_Noun_Extraction/translate_verses.py", line 577, in main
    raise RuntimeError(
    ...<2 lines>...
    )
RuntimeError: MRK 12:44: rejected before write; missing required noun anchors: ['bisogno']; candidate='Poiché tutti gettarono dal loro superfluo, ma ella, dalla sua indigenza, gettò tutto ciò che aveva, tutto il suo sostentamento.\n'
MRK 13:1  wrote 041_MRK_013_001_GOI_It.txt
MRK 13:2  wrote 041_MRK_013_002_GOI_It.txt
Traceback (most recent call last):
  File "/home/albert/projects/bible/Meta_Bible_Data/Bible_Noun_Extraction/translate_verses.py", line 601, in <module>
    main()
    ~~~~^^
  File "/home/albert/projects/bible/Meta_Bible_Data/Bible_Noun_Extraction/translate_verses.py", line 577, in main
    raise RuntimeError(
    ...<2 lines>...
    )
RuntimeError: MRK 13:3: rejected before write; missing required noun anchors: ['montagna', 'olivo']; candidate='Mentre era seduto sul monte degli ulivi, di fronte al tempio, Pietro, Giacomo, Giovanni e Andrea lo interrogavano in privato.\n'
MRK 13:1  skipped (already exists)
MRK 13:2  skipped (already exists)
Traceback (most recent call last):
  File "/home/albert/projects/bible/Meta_Bible_Data/Bible_Noun_Extraction/translate_verses.py", line 601, in <module>
    main()
    ~~~~^^
  File "/home/albert/projects/bible/Meta_Bible_Data/Bible_Noun_Extraction/translate_verses.py", line 577, in main
    raise RuntimeError(
    ...<2 lines>...
    )
RuntimeError: MRK 13:3: rejected before write; missing required noun anchors: ['montagna', 'olivo']; candidate='Mentre era seduto sul monte degli Ulivi di fronte al tempio, Pietro, Giacomo, Giovanni e Andrea lo interrogavano in privato.\n'
MRK 13:1  skipped (already exists)
MRK 13:2  skipped (already exists)
Traceback (most recent call last):
  File "/home/albert/projects/bible/Meta_Bible_Data/Bible_Noun_Extraction/translate_verses.py", line 601, in <module>
    main()
    ~~~~^^
  File "/home/albert/projects/bible/Meta_Bible_Data/Bible_Noun_Extraction/translate_verses.py", line 577, in main
    raise RuntimeError(
    ...<2 lines>...
    )
RuntimeError: MRK 13:3: rejected before write; missing required noun anchors: ['montagna']; candidate='Mentre era seduto sul monte degli Olivi di fronte al tempio, Pietro, Giacomo, Giovanni e Andrea lo interrogavano in privato.\n'
MRK 13:4  wrote 041_MRK_013_004_GOI_It.txt
Done. Wrote 1 verse(s); skipped 0.
MRK 13:5  wrote 041_MRK_013_005_GOI_It.txt
Done. Wrote 1 verse(s); skipped 0.
MRK 13:6  wrote 041_MRK_013_006_GOI_It.txt
Done. Wrote 1 verse(s); skipped 0.
Traceback (most recent call last):
  File "/home/albert/projects/bible/Meta_Bible_Data/Bible_Noun_Extraction/translate_verses.py", line 601, in <module>
    main()
    ~~~~^^
  File "/home/albert/projects/bible/Meta_Bible_Data/Bible_Noun_Extraction/translate_verses.py", line 577, in main
    raise RuntimeError(
    ...<2 lines>...
    )
RuntimeError: MRK 13:7: rejected before write; missing required noun anchors: ['udito']; candidate='Ma quando udirete di guerre e di voci di guerre, non vi turbate; perché queste cose devono accadere, ma non è ancora la fine.\n'
MRK 13:8  wrote 041_MRK_013_008_GOI_It.txt
Done. Wrote 1 verse(s); skipped 0.
MRK 13:9  wrote 041_MRK_013_009_GOI_It.txt
Done. Wrote 1 verse(s); skipped 0.
MRK 13:10  wrote 041_MRK_013_010_GOI_It.txt
Done. Wrote 1 verse(s); skipped 0.
MRK 13:11  wrote 041_MRK_013_011_GOI_It.txt
Done. Wrote 1 verse(s); skipped 0.
MRK 13:12  wrote 041_MRK_013_012_GOI_It.txt
Done. Wrote 1 verse(s); skipped 0.
MRK 13:13  wrote 041_MRK_013_013_GOI_It.txt
Done. Wrote 1 verse(s); skipped 0.
Traceback (most recent call last):
  File "/home/albert/projects/bible/Meta_Bible_Data/Bible_Noun_Extraction/translate_verses.py", line 601, in <module>
    main()
    ~~~~^^
  File "/home/albert/projects/bible/Meta_Bible_Data/Bible_Noun_Extraction/translate_verses.py", line 577, in main
    raise RuntimeError(
    ...<2 lines>...
    )
RuntimeError: MRK 13:14: rejected before write; missing required noun anchors: ['montagna']; candidate="Ma quando vedrete l'abominio della desolazione, detto da Daniele il profeta, stare dove non deve, chi legge comprenda, allora quelli che sono in Giudea fuggano ai monti.\n"
MRK 13:15  wrote 041_MRK_013_015_GOI_It.txt
Done. Wrote 1 verse(s); skipped 0.
MRK 13:16  wrote 041_MRK_013_016_GOI_It.txt
Done. Wrote 1 verse(s); skipped 0.
MRK 13:17  wrote 041_MRK_013_017_GOI_It.txt
Done. Wrote 1 verse(s); skipped 0.
MRK 13:18  wrote 041_MRK_013_018_GOI_It.txt
Done. Wrote 1 verse(s); skipped 0.
MRK 13:19  wrote 041_MRK_013_019_GOI_It.txt
Done. Wrote 1 verse(s); skipped 0.
MRK 13:20  wrote 041_MRK_013_020_GOI_It.txt
Done. Wrote 1 verse(s); skipped 0.
MRK 13:21  wrote 041_MRK_013_021_GOI_It.txt
Done. Wrote 1 verse(s); skipped 0.
MRK 13:22  wrote 041_MRK_013_022_GOI_It.txt
Done. Wrote 1 verse(s); skipped 0.
MRK 13:23  wrote 041_MRK_013_023_GOI_It.txt
Done. Wrote 1 verse(s); skipped 0.
MRK 13:24  wrote 041_MRK_013_024_GOI_It.txt
Done. Wrote 1 verse(s); skipped 0.
MRK 13:25  wrote 041_MRK_013_025_GOI_It.txt
Done. Wrote 1 verse(s); skipped 0.
MRK 13:26  wrote 041_MRK_013_026_GOI_It.txt
Done. Wrote 1 verse(s); skipped 0.
Traceback (most recent call last):
  File "/home/albert/projects/bible/Meta_Bible_Data/Bible_Noun_Extraction/translate_verses.py", line 601, in <module>
    main()
    ~~~~^^
  File "/home/albert/projects/bible/Meta_Bible_Data/Bible_Noun_Extraction/translate_verses.py", line 577, in main
    raise RuntimeError(
    ...<2 lines>...
    )
RuntimeError: MRK 13:27: rejected before write; missing required noun anchors: ['punta', 'punta']; candidate="E allora manderà i suoi angeli e radunerà i suoi eletti dai quattro venti, dall'estremità della terra fino all'estremità del cielo.\n"
MRK 13:28  wrote 041_MRK_013_028_GOI_It.txt
Done. Wrote 1 verse(s); skipped 0.
MRK 13:29  wrote 041_MRK_013_029_GOI_It.txt
Done. Wrote 1 verse(s); skipped 0.
MRK 13:30  wrote 041_MRK_013_030_GOI_It.txt
Done. Wrote 1 verse(s); skipped 0.
MRK 13:31  wrote 041_MRK_013_031_GOI_It.txt
Done. Wrote 1 verse(s); skipped 0.
MRK 13:32  wrote 041_MRK_013_032_GOI_It.txt
Done. Wrote 1 verse(s); skipped 0.
MRK 13:33  wrote 041_MRK_013_033_GOI_It.txt
Done. Wrote 1 verse(s); skipped 0.
MRK 13:34  wrote 041_MRK_013_034_GOI_It.txt
Done. Wrote 1 verse(s); skipped 0.
MRK 13:35  wrote 041_MRK_013_035_GOI_It.txt
Done. Wrote 1 verse(s); skipped 0.
MRK 13:36  wrote 041_MRK_013_036_GOI_It.txt
Done. Wrote 1 verse(s); skipped 0.
MRK 13:37  wrote 041_MRK_013_037_GOI_It.txt
Done. Wrote 1 verse(s); skipped 0.
Traceback (most recent call last):
  File "/home/albert/projects/bible/Meta_Bible_Data/Bible_Noun_Extraction/translate_verses.py", line 601, in <module>
    main()
    ~~~~^^
  File "/home/albert/projects/bible/Meta_Bible_Data/Bible_Noun_Extraction/translate_verses.py", line 577, in main
    raise RuntimeError(
    ...<2 lines>...
    )
RuntimeError: MRK 13:7: rejected before write; missing required noun anchors: ['udito']; candidate='Ma quando udirete di guerre e di voci di guerre, non vi turbate; perché queste cose devono accadere, ma non è ancora la fine.\n'
Traceback (most recent call last):
  File "/home/albert/projects/bible/Meta_Bible_Data/Bible_Noun_Extraction/translate_verses.py", line 601, in <module>
    main()
    ~~~~^^
  File "/home/albert/projects/bible/Meta_Bible_Data/Bible_Noun_Extraction/translate_verses.py", line 577, in main
    raise RuntimeError(
    ...<2 lines>...
    )
RuntimeError: MRK 13:14: rejected before write; missing required noun anchors: ['montagna']; candidate="Ma quando vedrete l'abominio della desolazione, detto da Daniele il profeta, stare dove non deve, chi legge comprenda, allora quelli che sono in Giudea fuggano ai monti.\n"
Traceback (most recent call last):
  File "/home/albert/projects/bible/Meta_Bible_Data/Bible_Noun_Extraction/translate_verses.py", line 601, in <module>
    main()
    ~~~~^^
  File "/home/albert/projects/bible/Meta_Bible_Data/Bible_Noun_Extraction/translate_verses.py", line 577, in main
    raise RuntimeError(
    ...<2 lines>...
    )
RuntimeError: MRK 13:27: rejected before write; missing required noun anchors: ['punta', 'punta']; candidate="E poi manderà i suoi angeli e radunerà i suoi eletti dai quattro venti, dall'estremità della terra fino all'estremità del cielo.\n"
Traceback (most recent call last):
  File "/home/albert/projects/bible/Meta_Bible_Data/Bible_Noun_Extraction/translate_verses.py", line 601, in <module>
    main()
    ~~~~^^
  File "/home/albert/projects/bible/Meta_Bible_Data/Bible_Noun_Extraction/translate_verses.py", line 577, in main
    raise RuntimeError(
    ...<2 lines>...
    )
RuntimeError: MRK 13:7: rejected before write; missing required noun anchors: ['udito']; candidate='Ma quando udirete di guerre e di voci di guerre, non vi turbate; perché queste cose devono accadere, ma non è ancora la fine.\n'
Traceback (most recent call last):
  File "/home/albert/projects/bible/Meta_Bible_Data/Bible_Noun_Extraction/translate_verses.py", line 601, in <module>
    main()
    ~~~~^^
  File "/home/albert/projects/bible/Meta_Bible_Data/Bible_Noun_Extraction/translate_verses.py", line 577, in main
    raise RuntimeError(
    ...<2 lines>...
    )
RuntimeError: MRK 13:14: rejected before write; missing required noun anchors: ['montagna']; candidate="Ma quando vedrete l'abominio della desolazione, detto da Daniele il profeta, stare dove non deve, chi legge comprenda, allora quelli che sono in Giudea fuggano ai monti.\n"
MRK 13:27  wrote 041_MRK_013_027_GOI_It.txt
Done. Wrote 1 verse(s); skipped 0.
MRK 14:1  wrote 041_MRK_014_001_GOI_It.txt
MRK 14:2  wrote 041_MRK_014_002_GOI_It.txt
MRK 14:3  wrote 041_MRK_014_003_GOI_It.txt
MRK 14:4  wrote 041_MRK_014_004_GOI_It.txt
MRK 14:5  wrote 041_MRK_014_005_GOI_It.txt
MRK 14:6  wrote 041_MRK_014_006_GOI_It.txt
MRK 14:7  wrote 041_MRK_014_007_GOI_It.txt
MRK 14:8  wrote 041_MRK_014_008_GOI_It.txt
MRK 14:9  wrote 041_MRK_014_009_GOI_It.txt
MRK 14:10  wrote 041_MRK_014_010_GOI_It.txt
MRK 14:11  wrote 041_MRK_014_011_GOI_It.txt
MRK 14:12  wrote 041_MRK_014_012_GOI_It.txt
MRK 14:13  wrote 041_MRK_014_013_GOI_It.txt
MRK 14:14  wrote 041_MRK_014_014_GOI_It.txt
MRK 14:15  wrote 041_MRK_014_015_GOI_It.txt
MRK 14:16  wrote 041_MRK_014_016_GOI_It.txt
MRK 14:17  wrote 041_MRK_014_017_GOI_It.txt
MRK 14:18  wrote 041_MRK_014_018_GOI_It.txt
MRK 14:19  wrote 041_MRK_014_019_GOI_It.txt
MRK 14:20  wrote 041_MRK_014_020_GOI_It.txt
MRK 14:21  wrote 041_MRK_014_021_GOI_It.txt
MRK 14:22  wrote 041_MRK_014_022_GOI_It.txt
MRK 14:23  wrote 041_MRK_014_023_GOI_It.txt
MRK 14:24  wrote 041_MRK_014_024_GOI_It.txt
MRK 14:25  wrote 041_MRK_014_025_GOI_It.txt
MRK 14:26  wrote 041_MRK_014_026_GOI_It.txt
MRK 14:27  wrote 041_MRK_014_027_GOI_It.txt
MRK 14:28  wrote 041_MRK_014_028_GOI_It.txt
MRK 14:29  wrote 041_MRK_014_029_GOI_It.txt
MRK 14:30  wrote 041_MRK_014_030_GOI_It.txt
MRK 14:31  wrote 041_MRK_014_031_GOI_It.txt
MRK 14:32  wrote 041_MRK_014_032_GOI_It.txt
MRK 14:33  wrote 041_MRK_014_033_GOI_It.txt
MRK 14:34  wrote 041_MRK_014_034_GOI_It.txt
MRK 14:35  wrote 041_MRK_014_035_GOI_It.txt
MRK 14:36  wrote 041_MRK_014_036_GOI_It.txt
MRK 14:37  wrote 041_MRK_014_037_GOI_It.txt
MRK 14:38  wrote 041_MRK_014_038_GOI_It.txt
MRK 14:39  wrote 041_MRK_014_039_GOI_It.txt
MRK 14:40  wrote 041_MRK_014_040_GOI_It.txt
MRK 14:41  wrote 041_MRK_014_041_GOI_It.txt
MRK 14:42  wrote 041_MRK_014_042_GOI_It.txt
MRK 14:43  wrote 041_MRK_014_043_GOI_It.txt
MRK 14:44  wrote 041_MRK_014_044_GOI_It.txt
MRK 14:45  wrote 041_MRK_014_045_GOI_It.txt
MRK 14:46  wrote 041_MRK_014_046_GOI_It.txt
MRK 14:47  wrote 041_MRK_014_047_GOI_It.txt
MRK 14:48  wrote 041_MRK_014_048_GOI_It.txt
MRK 14:49  wrote 041_MRK_014_049_GOI_It.txt
MRK 14:50  wrote 041_MRK_014_050_GOI_It.txt
MRK 14:51  wrote 041_MRK_014_051_GOI_It.txt
MRK 14:52  wrote 041_MRK_014_052_GOI_It.txt
MRK 14:53  wrote 041_MRK_014_053_GOI_It.txt
MRK 14:54  wrote 041_MRK_014_054_GOI_It.txt
MRK 14:55  wrote 041_MRK_014_055_GOI_It.txt
MRK 14:56  wrote 041_MRK_014_056_GOI_It.txt
MRK 14:57  wrote 041_MRK_014_057_GOI_It.txt
MRK 14:58  wrote 041_MRK_014_058_GOI_It.txt
MRK 14:59  wrote 041_MRK_014_059_GOI_It.txt
MRK 14:60  wrote 041_MRK_014_060_GOI_It.txt
MRK 14:61  wrote 041_MRK_014_061_GOI_It.txt
MRK 14:62  wrote 041_MRK_014_062_GOI_It.txt
MRK 14:63  wrote 041_MRK_014_063_GOI_It.txt
MRK 14:64  wrote 041_MRK_014_064_GOI_It.txt
MRK 14:65  wrote 041_MRK_014_065_GOI_It.txt
MRK 14:66  wrote 041_MRK_014_066_GOI_It.txt
MRK 14:67  wrote 041_MRK_014_067_GOI_It.txt
MRK 14:68  wrote 041_MRK_014_068_GOI_It.txt
MRK 14:69  wrote 041_MRK_014_069_GOI_It.txt
MRK 14:70  wrote 041_MRK_014_070_GOI_It.txt
MRK 14:71  wrote 041_MRK_014_071_GOI_It.txt
MRK 14:72  wrote 041_MRK_014_072_GOI_It.txt
Done. Wrote 72 verse(s); skipped 0.
MRK 15:1  wrote 041_MRK_015_001_GOI_It.txt
MRK 15:2  wrote 041_MRK_015_002_GOI_It.txt
MRK 15:3  wrote 041_MRK_015_003_GOI_It.txt
MRK 15:4  wrote 041_MRK_015_004_GOI_It.txt
MRK 15:5  wrote 041_MRK_015_005_GOI_It.txt
MRK 15:6  wrote 041_MRK_015_006_GOI_It.txt
MRK 15:7  wrote 041_MRK_015_007_GOI_It.txt
MRK 15:8  wrote 041_MRK_015_008_GOI_It.txt
MRK 15:9  wrote 041_MRK_015_009_GOI_It.txt
MRK 15:10  wrote 041_MRK_015_010_GOI_It.txt
MRK 15:11  wrote 041_MRK_015_011_GOI_It.txt
MRK 15:12  wrote 041_MRK_015_012_GOI_It.txt
MRK 15:13  wrote 041_MRK_015_013_GOI_It.txt
MRK 15:14  wrote 041_MRK_015_014_GOI_It.txt
MRK 15:15  wrote 041_MRK_015_015_GOI_It.txt
MRK 15:16  wrote 041_MRK_015_016_GOI_It.txt
MRK 15:17  wrote 041_MRK_015_017_GOI_It.txt
MRK 15:18  wrote 041_MRK_015_018_GOI_It.txt
MRK 15:19  wrote 041_MRK_015_019_GOI_It.txt
MRK 15:20  wrote 041_MRK_015_020_GOI_It.txt
MRK 15:21  wrote 041_MRK_015_021_GOI_It.txt
MRK 15:22  wrote 041_MRK_015_022_GOI_It.txt
MRK 15:23  wrote 041_MRK_015_023_GOI_It.txt
MRK 15:24  wrote 041_MRK_015_024_GOI_It.txt
MRK 15:25  wrote 041_MRK_015_025_GOI_It.txt
MRK 15:26  wrote 041_MRK_015_026_GOI_It.txt
MRK 15:27  wrote 041_MRK_015_027_GOI_It.txt
MRK 15:28  wrote 041_MRK_015_028_GOI_It.txt
MRK 15:29  wrote 041_MRK_015_029_GOI_It.txt
MRK 15:30  wrote 041_MRK_015_030_GOI_It.txt
MRK 15:31  wrote 041_MRK_015_031_GOI_It.txt
MRK 15:32  wrote 041_MRK_015_032_GOI_It.txt
MRK 15:33  wrote 041_MRK_015_033_GOI_It.txt
MRK 15:34  wrote 041_MRK_015_034_GOI_It.txt
MRK 15:35  wrote 041_MRK_015_035_GOI_It.txt
MRK 15:36  wrote 041_MRK_015_036_GOI_It.txt
MRK 15:37  wrote 041_MRK_015_037_GOI_It.txt
MRK 15:38  wrote 041_MRK_015_038_GOI_It.txt
MRK 15:39  wrote 041_MRK_015_039_GOI_It.txt
MRK 15:40  wrote 041_MRK_015_040_GOI_It.txt
MRK 15:41  wrote 041_MRK_015_041_GOI_It.txt
MRK 15:42  wrote 041_MRK_015_042_GOI_It.txt
MRK 15:43  wrote 041_MRK_015_043_GOI_It.txt
MRK 15:44  wrote 041_MRK_015_044_GOI_It.txt
MRK 15:45  wrote 041_MRK_015_045_GOI_It.txt
MRK 15:46  wrote 041_MRK_015_046_GOI_It.txt
MRK 15:47  wrote 041_MRK_015_047_GOI_It.txt
Done. Wrote 47 verse(s); skipped 0.
MRK 16:1  wrote 041_MRK_016_001_GOI_It.txt
Traceback (most recent call last):
  File "/home/albert/projects/bible/Meta_Bible_Data/Bible_Noun_Extraction/translate_verses.py", line 601, in <module>
    main()
    ~~~~^^
  File "/home/albert/projects/bible/Meta_Bible_Data/Bible_Noun_Extraction/translate_verses.py", line 577, in main
    raise RuntimeError(
    ...<2 lines>...
    )
RuntimeError: MRK 16:2: rejected before write; missing required noun anchors: ['sabato', 'tomba']; candidate='E molto presto, il primo giorno della settimana, vengono al sepolcro, essendo sorto il sole.\n'
MRK 16:1  skipped (already exists)
Traceback (most recent call last):
  File "/home/albert/projects/bible/Meta_Bible_Data/Bible_Noun_Extraction/translate_verses.py", line 601, in <module>
    main()
    ~~~~^^
  File "/home/albert/projects/bible/Meta_Bible_Data/Bible_Noun_Extraction/translate_verses.py", line 577, in main
    raise RuntimeError(
    ...<2 lines>...
    )
RuntimeError: MRK 16:2: rejected before write; missing required noun anchors: ['sabato', 'tomba']; candidate='E molto presto, il primo giorno della settimana, vengono al sepolcro, essendo sorto il sole.\n'
MRK 16:1  skipped (already exists)
Traceback (most recent call last):
  File "/home/albert/projects/bible/Meta_Bible_Data/Bible_Noun_Extraction/translate_verses.py", line 601, in <module>
    main()
    ~~~~^^
  File "/home/albert/projects/bible/Meta_Bible_Data/Bible_Noun_Extraction/translate_verses.py", line 577, in main
    raise RuntimeError(
    ...<2 lines>...
    )
RuntimeError: MRK 16:2: rejected before write; missing required noun anchors: ['sabato', 'tomba']; candidate='E molto presto, il primo giorno della settimana, vengono al sepolcro, al levar del sole.\n'
MRK 16:3  wrote 041_MRK_016_003_GOI_It.txt
Done. Wrote 1 verse(s); skipped 0.
MRK 16:4  wrote 041_MRK_016_004_GOI_It.txt
Done. Wrote 1 verse(s); skipped 0.
MRK 16:5  wrote 041_MRK_016_005_GOI_It.txt
Done. Wrote 1 verse(s); skipped 0.
MRK 16:6  wrote 041_MRK_016_006_GOI_It.txt
Done. Wrote 1 verse(s); skipped 0.
MRK 16:7  wrote 041_MRK_016_007_GOI_It.txt
Done. Wrote 1 verse(s); skipped 0.
MRK 16:8  wrote 041_MRK_016_008_GOI_It.txt
Done. Wrote 1 verse(s); skipped 0.
MRK 16:9  wrote 041_MRK_016_009_GOI_It.txt
Done. Wrote 1 verse(s); skipped 0.
MRK 16:10  wrote 041_MRK_016_010_GOI_It.txt
Done. Wrote 1 verse(s); skipped 0.
MRK 16:11  wrote 041_MRK_016_011_GOI_It.txt
Done. Wrote 1 verse(s); skipped 0.
MRK 16:12  wrote 041_MRK_016_012_GOI_It.txt
Done. Wrote 1 verse(s); skipped 0.
MRK 16:13  wrote 041_MRK_016_013_GOI_It.txt
Done. Wrote 1 verse(s); skipped 0.
MRK 16:14  wrote 041_MRK_016_014_GOI_It.txt
Done. Wrote 1 verse(s); skipped 0.
MRK 16:15  wrote 041_MRK_016_015_GOI_It.txt
Done. Wrote 1 verse(s); skipped 0.
MRK 16:16  wrote 041_MRK_016_016_GOI_It.txt
Done. Wrote 1 verse(s); skipped 0.
MRK 16:17  wrote 041_MRK_016_017_GOI_It.txt
Done. Wrote 1 verse(s); skipped 0.
MRK 16:18  wrote 041_MRK_016_018_GOI_It.txt
Done. Wrote 1 verse(s); skipped 0.
MRK 16:19  wrote 041_MRK_016_019_GOI_It.txt
Done. Wrote 1 verse(s); skipped 0.
MRK 16:20  wrote 041_MRK_016_020_GOI_It.txt
Done. Wrote 1 verse(s); skipped 0.
LUK 1:1  wrote 042_LUK_001_001_GOI_It.txt
LUK 1:2  wrote 042_LUK_001_002_GOI_It.txt
LUK 1:3  wrote 042_LUK_001_003_GOI_It.txt
LUK 1:4  wrote 042_LUK_001_004_GOI_It.txt
Traceback (most recent call last):
  File "/home/albert/projects/bible/Meta_Bible_Data/Bible_Noun_Extraction/translate_verses.py", line 601, in <module>
    main()
    ~~~~^^
  File "/home/albert/projects/bible/Meta_Bible_Data/Bible_Noun_Extraction/translate_verses.py", line 577, in main
    raise RuntimeError(
    ...<2 lines>...
    )
RuntimeError: LUK 1:5: rejected before write; missing required noun anchors: ['donna']; candidate='Nei giorni di Erode, re della Giudea, vi fu un sacerdote di nome Zaccaria, della muta di Abia, e sua moglie era delle figlie di Aronne, e il suo nome era Elisabetta.\n'
LUK 1:1  skipped (already exists)
LUK 1:2  skipped (already exists)
LUK 1:3  skipped (already exists)
LUK 1:4  skipped (already exists)
Traceback (most recent call last):
  File "/home/albert/projects/bible/Meta_Bible_Data/Bible_Noun_Extraction/translate_verses.py", line 601, in <module>
    main()
    ~~~~^^
  File "/home/albert/projects/bible/Meta_Bible_Data/Bible_Noun_Extraction/translate_verses.py", line 577, in main
    raise RuntimeError(
    ...<2 lines>...
    )
RuntimeError: LUK 1:5: rejected before write; missing required noun anchors: ['donna']; candidate="Nei giorni di Erode, re della Giudea, c'era un sacerdote di nome Zaccaria, della muta di Abia, e sua moglie era delle figlie di Aronne, e il suo nome era Elisabetta.\n"
LUK 1:1  skipped (already exists)
LUK 1:2  skipped (already exists)
LUK 1:3  skipped (already exists)
LUK 1:4  skipped (already exists)
Traceback (most recent call last):
  File "/home/albert/projects/bible/Meta_Bible_Data/Bible_Noun_Extraction/translate_verses.py", line 601, in <module>
    main()
    ~~~~^^
  File "/home/albert/projects/bible/Meta_Bible_Data/Bible_Noun_Extraction/translate_verses.py", line 577, in main
    raise RuntimeError(
    ...<2 lines>...
    )
RuntimeError: LUK 1:5: rejected before write; missing required noun anchors: ['donna']; candidate="Nei giorni di Erode, re della Giudea, c'era un sacerdote di nome Zaccaria, della muta di Abia, e sua moglie era delle figlie di Aronne, e il suo nome era Elisabetta.\n"
LUK 1:6  wrote 042_LUK_001_006_GOI_It.txt
Done. Wrote 1 verse(s); skipped 0.
LUK 1:7  wrote 042_LUK_001_007_GOI_It.txt
Done. Wrote 1 verse(s); skipped 0.
LUK 1:8  wrote 042_LUK_001_008_GOI_It.txt
Done. Wrote 1 verse(s); skipped 0.
LUK 1:9  wrote 042_LUK_001_009_GOI_It.txt
Done. Wrote 1 verse(s); skipped 0.
LUK 1:10  wrote 042_LUK_001_010_GOI_It.txt
Done. Wrote 1 verse(s); skipped 0.
LUK 1:11  wrote 042_LUK_001_011_GOI_It.txt
Done. Wrote 1 verse(s); skipped 0.
LUK 1:12  wrote 042_LUK_001_012_GOI_It.txt
Done. Wrote 1 verse(s); skipped 0.
Traceback (most recent call last):
  File "/home/albert/projects/bible/Meta_Bible_Data/Bible_Noun_Extraction/translate_verses.py", line 601, in <module>
    main()
    ~~~~^^
  File "/home/albert/projects/bible/Meta_Bible_Data/Bible_Noun_Extraction/translate_verses.py", line 577, in main
    raise RuntimeError(
    ...<2 lines>...
    )
RuntimeError: LUK 1:13: rejected before write; missing required noun anchors: ['donna']; candidate='L\'angelo gli disse: "Non temere, Zaccaria, perché la tua supplica è stata esaudita, e tua moglie Elisabetta ti partorirà un figlio, e chiamerai il suo nome Giovanni."\n'
LUK 1:14  wrote 042_LUK_001_014_GOI_It.txt
Done. Wrote 1 verse(s); skipped 0.
LUK 1:15  wrote 042_LUK_001_015_GOI_It.txt
Done. Wrote 1 verse(s); skipped 0.
LUK 1:16  wrote 042_LUK_001_016_GOI_It.txt
Done. Wrote 1 verse(s); skipped 0.
LUK 1:17  wrote 042_LUK_001_017_GOI_It.txt
Done. Wrote 1 verse(s); skipped 0.
LUK 1:18  wrote 042_LUK_001_018_GOI_It.txt
Done. Wrote 1 verse(s); skipped 0.
LUK 1:19  wrote 042_LUK_001_019_GOI_It.txt
Done. Wrote 1 verse(s); skipped 0.
LUK 1:20  wrote 042_LUK_001_020_GOI_It.txt
Done. Wrote 1 verse(s); skipped 0.
LUK 1:21  wrote 042_LUK_001_021_GOI_It.txt
Done. Wrote 1 verse(s); skipped 0.
LUK 1:22  wrote 042_LUK_001_022_GOI_It.txt
Done. Wrote 1 verse(s); skipped 0.
LUK 1:23  wrote 042_LUK_001_023_GOI_It.txt
Done. Wrote 1 verse(s); skipped 0.
Traceback (most recent call last):
  File "/home/albert/projects/bible/Meta_Bible_Data/Bible_Noun_Extraction/translate_verses.py", line 601, in <module>
    main()
    ~~~~^^
  File "/home/albert/projects/bible/Meta_Bible_Data/Bible_Noun_Extraction/translate_verses.py", line 577, in main
    raise RuntimeError(
    ...<2 lines>...
    )
RuntimeError: LUK 1:24: rejected before write; missing required noun anchors: ['donna']; candidate='Dopo quei giorni, Elisabetta, sua moglie, concepì e si nascose per cinque mesi, dicendo:\n'
LUK 1:25  wrote 042_LUK_001_025_GOI_It.txt
Done. Wrote 1 verse(s); skipped 0.
LUK 1:26  wrote 042_LUK_001_026_GOI_It.txt
Done. Wrote 1 verse(s); skipped 0.
LUK 1:27  wrote 042_LUK_001_027_GOI_It.txt
Done. Wrote 1 verse(s); skipped 0.
LUK 1:28  wrote 042_LUK_001_028_GOI_It.txt
Done. Wrote 1 verse(s); skipped 0.
LUK 1:29  wrote 042_LUK_001_029_GOI_It.txt
Done. Wrote 1 verse(s); skipped 0.
LUK 1:30  wrote 042_LUK_001_030_GOI_It.txt
Done. Wrote 1 verse(s); skipped 0.
Traceback (most recent call last):
  File "/home/albert/projects/bible/Meta_Bible_Data/Bible_Noun_Extraction/translate_verses.py", line 601, in <module>
    main()
    ~~~~^^
  File "/home/albert/projects/bible/Meta_Bible_Data/Bible_Noun_Extraction/translate_verses.py", line 577, in main
    raise RuntimeError(
    ...<2 lines>...
    )
RuntimeError: LUK 1:31: rejected before write; missing required noun anchors: ['gravida']; candidate='Ecco, concepirai nel grembo e partorirai un figlio, e chiamerai il suo nome Gesù.\n'
LUK 1:32  wrote 042_LUK_001_032_GOI_It.txt
Done. Wrote 1 verse(s); skipped 0.
LUK 1:33  wrote 042_LUK_001_033_GOI_It.txt
Done. Wrote 1 verse(s); skipped 0.
LUK 1:34  wrote 042_LUK_001_034_GOI_It.txt
Done. Wrote 1 verse(s); skipped 0.
LUK 1:35  wrote 042_LUK_001_035_GOI_It.txt
Done. Wrote 1 verse(s); skipped 0.
LUK 1:36  wrote 042_LUK_001_036_GOI_It.txt
Done. Wrote 1 verse(s); skipped 0.
LUK 1:37  wrote 042_LUK_001_037_GOI_It.txt
Done. Wrote 1 verse(s); skipped 0.
LUK 1:38  wrote 042_LUK_001_038_GOI_It.txt
Done. Wrote 1 verse(s); skipped 0.
LUK 1:39  wrote 042_LUK_001_039_GOI_It.txt
Done. Wrote 1 verse(s); skipped 0.
LUK 1:40  wrote 042_LUK_001_040_GOI_It.txt
Done. Wrote 1 verse(s); skipped 0.
LUK 1:41  wrote 042_LUK_001_041_GOI_It.txt
Done. Wrote 1 verse(s); skipped 0.
LUK 1:42  wrote 042_LUK_001_042_GOI_It.txt
Done. Wrote 1 verse(s); skipped 0.
LUK 1:43  wrote 042_LUK_001_043_GOI_It.txt
Done. Wrote 1 verse(s); skipped 0.
LUK 1:44  wrote 042_LUK_001_044_GOI_It.txt
Done. Wrote 1 verse(s); skipped 0.
Traceback (most recent call last):
  File "/home/albert/projects/bible/Meta_Bible_Data/Bible_Noun_Extraction/translate_verses.py", line 601, in <module>
    main()
    ~~~~^^
  File "/home/albert/projects/bible/Meta_Bible_Data/Bible_Noun_Extraction/translate_verses.py", line 577, in main
    raise RuntimeError(
    ...<2 lines>...
    )
RuntimeError: LUK 1:45: rejected before write; missing required noun anchors: ['compiimento']; candidate='Beata colei che ha creduto, perché ci sarà compimento delle cose che le sono state dette da parte del Signore.\n'
LUK 1:46  wrote 042_LUK_001_046_GOI_It.txt
Done. Wrote 1 verse(s); skipped 0.
LUK 1:47  wrote 042_LUK_001_047_GOI_It.txt
Done. Wrote 1 verse(s); skipped 0.
LUK 1:48  wrote 042_LUK_001_048_GOI_It.txt
Done. Wrote 1 verse(s); skipped 0.
LUK 1:49  wrote 042_LUK_001_049_GOI_It.txt
Done. Wrote 1 verse(s); skipped 0.
LUK 1:50  wrote 042_LUK_001_050_GOI_It.txt
Done. Wrote 1 verse(s); skipped 0.
LUK 1:51  wrote 042_LUK_001_051_GOI_It.txt
Done. Wrote 1 verse(s); skipped 0.
LUK 1:52  wrote 042_LUK_001_052_GOI_It.txt
Done. Wrote 1 verse(s); skipped 0.
LUK 1:53  wrote 042_LUK_001_053_GOI_It.txt
Done. Wrote 1 verse(s); skipped 0.
LUK 1:54  wrote 042_LUK_001_054_GOI_It.txt
Done. Wrote 1 verse(s); skipped 0.
Traceback (most recent call last):
  File "/home/albert/projects/bible/Meta_Bible_Data/Bible_Noun_Extraction/translate_verses.py", line 601, in <module>
    main()
    ~~~~^^
  File "/home/albert/projects/bible/Meta_Bible_Data/Bible_Noun_Extraction/translate_verses.py", line 577, in main
    raise RuntimeError(
    ...<2 lines>...
    )
RuntimeError: LUK 1:55: rejected before write; missing required noun anchors: ['secolo']; candidate='come parlò ai nostri padri, ad Abramo e al suo seme per sempre.\n'
LUK 1:56  wrote 042_LUK_001_056_GOI_It.txt
Done. Wrote 1 verse(s); skipped 0.
LUK 1:57  wrote 042_LUK_001_057_GOI_It.txt
Done. Wrote 1 verse(s); skipped 0.
LUK 1:58  wrote 042_LUK_001_058_GOI_It.txt
Done. Wrote 1 verse(s); skipped 0.
LUK 1:59  wrote 042_LUK_001_059_GOI_It.txt
Done. Wrote 1 verse(s); skipped 0.
LUK 1:60  wrote 042_LUK_001_060_GOI_It.txt
Done. Wrote 1 verse(s); skipped 0.
LUK 1:61  wrote 042_LUK_001_061_GOI_It.txt
Done. Wrote 1 verse(s); skipped 0.
LUK 1:62  wrote 042_LUK_001_062_GOI_It.txt
Done. Wrote 1 verse(s); skipped 0.
LUK 1:63  wrote 042_LUK_001_063_GOI_It.txt
Done. Wrote 1 verse(s); skipped 0.
LUK 1:64  wrote 042_LUK_001_064_GOI_It.txt
Done. Wrote 1 verse(s); skipped 0.
LUK 1:65  wrote 042_LUK_001_065_GOI_It.txt
Done. Wrote 1 verse(s); skipped 0.
LUK 1:66  wrote 042_LUK_001_066_GOI_It.txt
Done. Wrote 1 verse(s); skipped 0.
LUK 1:67  wrote 042_LUK_001_067_GOI_It.txt
Done. Wrote 1 verse(s); skipped 0.
LUK 1:68  wrote 042_LUK_001_068_GOI_It.txt
Done. Wrote 1 verse(s); skipped 0.
LUK 1:69  wrote 042_LUK_001_069_GOI_It.txt
Done. Wrote 1 verse(s); skipped 0.
LUK 1:70  wrote 042_LUK_001_070_GOI_It.txt
Done. Wrote 1 verse(s); skipped 0.
LUK 1:71  wrote 042_LUK_001_071_GOI_It.txt
Done. Wrote 1 verse(s); skipped 0.
LUK 1:72  wrote 042_LUK_001_072_GOI_It.txt
Done. Wrote 1 verse(s); skipped 0.
LUK 1:73  wrote 042_LUK_001_073_GOI_It.txt
Done. Wrote 1 verse(s); skipped 0.
LUK 1:74  wrote 042_LUK_001_074_GOI_It.txt
Done. Wrote 1 verse(s); skipped 0.
LUK 1:75  wrote 042_LUK_001_075_GOI_It.txt
Done. Wrote 1 verse(s); skipped 0.
LUK 1:76  wrote 042_LUK_001_076_GOI_It.txt
Done. Wrote 1 verse(s); skipped 0.
LUK 1:77  wrote 042_LUK_001_077_GOI_It.txt
Done. Wrote 1 verse(s); skipped 0.
LUK 1:78  wrote 042_LUK_001_078_GOI_It.txt
Done. Wrote 1 verse(s); skipped 0.
LUK 1:79  wrote 042_LUK_001_079_GOI_It.txt
Done. Wrote 1 verse(s); skipped 0.
LUK 1:80  wrote 042_LUK_001_080_GOI_It.txt
Done. Wrote 1 verse(s); skipped 0.
Traceback (most recent call last):
  File "/home/albert/projects/bible/Meta_Bible_Data/Bible_Noun_Extraction/translate_verses.py", line 601, in <module>
    main()
    ~~~~^^
  File "/home/albert/projects/bible/Meta_Bible_Data/Bible_Noun_Extraction/translate_verses.py", line 577, in main
    raise RuntimeError(
    ...<2 lines>...
    )
RuntimeError: LUK 1:13: rejected before write; missing required noun anchors: ['donna']; candidate='L\'angelo gli disse: "Non temere, Zaccaria, perché la tua supplica è stata esaudita, e tua moglie Elisabetta ti partorirà un figlio, e chiamerai il suo nome Giovanni."\n'
Traceback (most recent call last):
  File "/home/albert/projects/bible/Meta_Bible_Data/Bible_Noun_Extraction/translate_verses.py", line 601, in <module>
    main()
    ~~~~^^
  File "/home/albert/projects/bible/Meta_Bible_Data/Bible_Noun_Extraction/translate_verses.py", line 577, in main
    raise RuntimeError(
    ...<2 lines>...
    )
RuntimeError: LUK 1:24: rejected before write; missing required noun anchors: ['donna']; candidate='Dopo quei giorni, Elisabetta, sua moglie, concepì e si nascose per cinque mesi, dicendo:\n'
Traceback (most recent call last):
  File "/home/albert/projects/bible/Meta_Bible_Data/Bible_Noun_Extraction/translate_verses.py", line 601, in <module>
    main()
    ~~~~^^
  File "/home/albert/projects/bible/Meta_Bible_Data/Bible_Noun_Extraction/translate_verses.py", line 577, in main
    raise RuntimeError(
    ...<2 lines>...
    )
RuntimeError: LUK 1:31: rejected before write; missing required noun anchors: ['gravida']; candidate='Ecco, concepirai nel grembo e partorirai un figlio, e chiamerai il suo nome Gesù.\n'
Traceback (most recent call last):
  File "/home/albert/projects/bible/Meta_Bible_Data/Bible_Noun_Extraction/translate_verses.py", line 601, in <module>
    main()
    ~~~~^^
  File "/home/albert/projects/bible/Meta_Bible_Data/Bible_Noun_Extraction/translate_verses.py", line 577, in main
    raise RuntimeError(
    ...<2 lines>...
    )
RuntimeError: LUK 1:45: rejected before write; missing required noun anchors: ['compiimento']; candidate='Beata colei che ha creduto, perché ci sarà compimento delle cose che le sono state dette da parte del Signore.\n'
Traceback (most recent call last):
  File "/home/albert/projects/bible/Meta_Bible_Data/Bible_Noun_Extraction/translate_verses.py", line 601, in <module>
    main()
    ~~~~^^
  File "/home/albert/projects/bible/Meta_Bible_Data/Bible_Noun_Extraction/translate_verses.py", line 577, in main
    raise RuntimeError(
    ...<2 lines>...
    )
RuntimeError: LUK 1:55: rejected before write; missing required noun anchors: ['secolo']; candidate='come parlò ai nostri padri, ad Abramo e al suo seme, per sempre.\n'
Traceback (most recent call last):
  File "/home/albert/projects/bible/Meta_Bible_Data/Bible_Noun_Extraction/translate_verses.py", line 601, in <module>
    main()
    ~~~~^^
  File "/home/albert/projects/bible/Meta_Bible_Data/Bible_Noun_Extraction/translate_verses.py", line 577, in main
    raise RuntimeError(
    ...<2 lines>...
    )
RuntimeError: LUK 1:13: rejected before write; missing required noun anchors: ['donna']; candidate='L\'angelo gli disse: "Non temere, Zaccaria, perché la tua supplica è stata esaudita, e tua moglie Elisabetta ti partorirà un figlio, e chiamerai il suo nome Giovanni".\n'
Traceback (most recent call last):
  File "/home/albert/projects/bible/Meta_Bible_Data/Bible_Noun_Extraction/translate_verses.py", line 601, in <module>
    main()
    ~~~~^^
  File "/home/albert/projects/bible/Meta_Bible_Data/Bible_Noun_Extraction/translate_verses.py", line 577, in main
    raise RuntimeError(
    ...<2 lines>...
    )
RuntimeError: LUK 1:24: rejected before write; missing required noun anchors: ['donna']; candidate='Dopo quei giorni, Elisabetta sua moglie concepì e si nascose per cinque mesi, dicendo:\n'
Traceback (most recent call last):
  File "/home/albert/projects/bible/Meta_Bible_Data/Bible_Noun_Extraction/translate_verses.py", line 601, in <module>
    main()
    ~~~~^^
  File "/home/albert/projects/bible/Meta_Bible_Data/Bible_Noun_Extraction/translate_verses.py", line 577, in main
    raise RuntimeError(
    ...<2 lines>...
    )
RuntimeError: LUK 1:31: rejected before write; missing required noun anchors: ['gravida']; candidate='Ecco, concepirai nel grembo e partorirai un figlio, e chiamerai il suo nome Gesù.\n'
Traceback (most recent call last):
  File "/home/albert/projects/bible/Meta_Bible_Data/Bible_Noun_Extraction/translate_verses.py", line 601, in <module>
    main()
    ~~~~^^
  File "/home/albert/projects/bible/Meta_Bible_Data/Bible_Noun_Extraction/translate_verses.py", line 577, in main
    raise RuntimeError(
    ...<2 lines>...
    )
RuntimeError: LUK 1:45: rejected before write; missing required noun anchors: ['compiimento']; candidate='Beata colei che ha creduto, perché ci sarà compimento delle cose che le sono state dette da parte del Signore.\n'
Traceback (most recent call last):
  File "/home/albert/projects/bible/Meta_Bible_Data/Bible_Noun_Extraction/translate_verses.py", line 601, in <module>
    main()
    ~~~~^^
  File "/home/albert/projects/bible/Meta_Bible_Data/Bible_Noun_Extraction/translate_verses.py", line 577, in main
    raise RuntimeError(
    ...<2 lines>...
    )
RuntimeError: LUK 1:55: rejected before write; missing required noun anchors: ['secolo']; candidate='come parlò ai nostri padri, ad Abramo e al suo seme, per sempre.\n'
LUK 2:1  wrote 042_LUK_002_001_GOI_It.txt
LUK 2:2  wrote 042_LUK_002_002_GOI_It.txt
LUK 2:3  wrote 042_LUK_002_003_GOI_It.txt
LUK 2:4  wrote 042_LUK_002_004_GOI_It.txt
LUK 2:5  wrote 042_LUK_002_005_GOI_It.txt
LUK 2:6  wrote 042_LUK_002_006_GOI_It.txt
LUK 2:7  wrote 042_LUK_002_007_GOI_It.txt
LUK 2:8  wrote 042_LUK_002_008_GOI_It.txt
LUK 2:9  wrote 042_LUK_002_009_GOI_It.txt
LUK 2:10  wrote 042_LUK_002_010_GOI_It.txt
LUK 2:11  wrote 042_LUK_002_011_GOI_It.txt
LUK 2:12  wrote 042_LUK_002_012_GOI_It.txt
LUK 2:13  wrote 042_LUK_002_013_GOI_It.txt
LUK 2:14  wrote 042_LUK_002_014_GOI_It.txt
LUK 2:15  wrote 042_LUK_002_015_GOI_It.txt
LUK 2:16  wrote 042_LUK_002_016_GOI_It.txt
LUK 2:17  wrote 042_LUK_002_017_GOI_It.txt
LUK 2:18  wrote 042_LUK_002_018_GOI_It.txt
LUK 2:19  wrote 042_LUK_002_019_GOI_It.txt
LUK 2:20  wrote 042_LUK_002_020_GOI_It.txt
LUK 2:21  wrote 042_LUK_002_021_GOI_It.txt
LUK 2:22  wrote 042_LUK_002_022_GOI_It.txt
LUK 2:23  wrote 042_LUK_002_023_GOI_It.txt
LUK 2:24  wrote 042_LUK_002_024_GOI_It.txt
LUK 2:25  wrote 042_LUK_002_025_GOI_It.txt
LUK 2:26  wrote 042_LUK_002_026_GOI_It.txt
LUK 2:27  wrote 042_LUK_002_027_GOI_It.txt
LUK 2:28  wrote 042_LUK_002_028_GOI_It.txt
LUK 2:29  wrote 042_LUK_002_029_GOI_It.txt
LUK 2:30  wrote 042_LUK_002_030_GOI_It.txt
LUK 2:31  wrote 042_LUK_002_031_GOI_It.txt
LUK 2:32  wrote 042_LUK_002_032_GOI_It.txt
LUK 2:33  wrote 042_LUK_002_033_GOI_It.txt
LUK 2:34  wrote 042_LUK_002_034_GOI_It.txt
LUK 2:35  wrote 042_LUK_002_035_GOI_It.txt
LUK 2:36  wrote 042_LUK_002_036_GOI_It.txt
LUK 2:37  wrote 042_LUK_002_037_GOI_It.txt
LUK 2:38  wrote 042_LUK_002_038_GOI_It.txt
LUK 2:39  wrote 042_LUK_002_039_GOI_It.txt
LUK 2:40  wrote 042_LUK_002_040_GOI_It.txt
LUK 2:41  wrote 042_LUK_002_041_GOI_It.txt
LUK 2:42  wrote 042_LUK_002_042_GOI_It.txt
LUK 2:43  wrote 042_LUK_002_043_GOI_It.txt
LUK 2:44  wrote 042_LUK_002_044_GOI_It.txt
LUK 2:45  wrote 042_LUK_002_045_GOI_It.txt
LUK 2:46  wrote 042_LUK_002_046_GOI_It.txt
LUK 2:47  wrote 042_LUK_002_047_GOI_It.txt
LUK 2:48  wrote 042_LUK_002_048_GOI_It.txt
LUK 2:49  wrote 042_LUK_002_049_GOI_It.txt
LUK 2:50  wrote 042_LUK_002_050_GOI_It.txt
LUK 2:51  wrote 042_LUK_002_051_GOI_It.txt
LUK 2:52  wrote 042_LUK_002_052_GOI_It.txt
Done. Wrote 52 verse(s); skipped 0.
LUK 3:1  wrote 042_LUK_003_001_GOI_It.txt
LUK 3:2  wrote 042_LUK_003_002_GOI_It.txt
LUK 3:3  wrote 042_LUK_003_003_GOI_It.txt
LUK 3:4  wrote 042_LUK_003_004_GOI_It.txt
LUK 3:5  wrote 042_LUK_003_005_GOI_It.txt
LUK 3:6  wrote 042_LUK_003_006_GOI_It.txt
LUK 3:7  wrote 042_LUK_003_007_GOI_It.txt
LUK 3:8  wrote 042_LUK_003_008_GOI_It.txt
LUK 3:9  wrote 042_LUK_003_009_GOI_It.txt
LUK 3:10  wrote 042_LUK_003_010_GOI_It.txt
LUK 3:11  wrote 042_LUK_003_011_GOI_It.txt
LUK 3:12  wrote 042_LUK_003_012_GOI_It.txt
LUK 3:13  wrote 042_LUK_003_013_GOI_It.txt
LUK 3:14  wrote 042_LUK_003_014_GOI_It.txt
LUK 3:15  wrote 042_LUK_003_015_GOI_It.txt
LUK 3:16  wrote 042_LUK_003_016_GOI_It.txt
LUK 3:17  wrote 042_LUK_003_017_GOI_It.txt
LUK 3:18  wrote 042_LUK_003_018_GOI_It.txt
LUK 3:19  wrote 042_LUK_003_019_GOI_It.txt
LUK 3:20  wrote 042_LUK_003_020_GOI_It.txt
LUK 3:21  wrote 042_LUK_003_021_GOI_It.txt
LUK 3:22  wrote 042_LUK_003_022_GOI_It.txt
LUK 3:23  wrote 042_LUK_003_023_GOI_It.txt
LUK 3:24  wrote 042_LUK_003_024_GOI_It.txt
LUK 3:25  wrote 042_LUK_003_025_GOI_It.txt
LUK 3:26  wrote 042_LUK_003_026_GOI_It.txt
LUK 3:27  wrote 042_LUK_003_027_GOI_It.txt
LUK 3:28  wrote 042_LUK_003_028_GOI_It.txt
LUK 3:29  wrote 042_LUK_003_029_GOI_It.txt
LUK 3:30  wrote 042_LUK_003_030_GOI_It.txt
LUK 3:31  wrote 042_LUK_003_031_GOI_It.txt
LUK 3:32  wrote 042_LUK_003_032_GOI_It.txt
LUK 3:33  wrote 042_LUK_003_033_GOI_It.txt
LUK 3:34  wrote 042_LUK_003_034_GOI_It.txt
LUK 3:35  wrote 042_LUK_003_035_GOI_It.txt
LUK 3:36  wrote 042_LUK_003_036_GOI_It.txt
LUK 3:37  wrote 042_LUK_003_037_GOI_It.txt
LUK 3:38  wrote 042_LUK_003_038_GOI_It.txt
Done. Wrote 38 verse(s); skipped 0.
LUK 4:1  wrote 042_LUK_004_001_GOI_It.txt
LUK 4:2  wrote 042_LUK_004_002_GOI_It.txt
LUK 4:3  wrote 042_LUK_004_003_GOI_It.txt
LUK 4:4  wrote 042_LUK_004_004_GOI_It.txt
Traceback (most recent call last):
  File "/home/albert/projects/bible/Meta_Bible_Data/Bible_Noun_Extraction/translate_verses.py", line 601, in <module>
    main()
    ~~~~^^
  File "/home/albert/projects/bible/Meta_Bible_Data/Bible_Noun_Extraction/translate_verses.py", line 577, in main
    raise RuntimeError(
    ...<2 lines>...
    )
RuntimeError: LUK 4:5: rejected before write; missing required noun anchors: ['montagna']; candidate='E il diavolo, conducendolo su un alto monte, gli mostrò tutti i regni del mondo in un momento di tempo.\n'
LUK 4:1  skipped (already exists)
LUK 4:2  skipped (already exists)
LUK 4:3  skipped (already exists)
LUK 4:4  skipped (already exists)
Traceback (most recent call last):
  File "/home/albert/projects/bible/Meta_Bible_Data/Bible_Noun_Extraction/translate_verses.py", line 601, in <module>
    main()
    ~~~~^^
  File "/home/albert/projects/bible/Meta_Bible_Data/Bible_Noun_Extraction/translate_verses.py", line 577, in main
    raise RuntimeError(
    ...<2 lines>...
    )
RuntimeError: LUK 4:5: rejected before write; missing required noun anchors: ['montagna']; candidate='E il diavolo, conducendolo su un alto monte, gli mostrò tutti i regni del mondo in un momento di tempo.\n'
LUK 4:1  skipped (already exists)
LUK 4:2  skipped (already exists)
LUK 4:3  skipped (already exists)
LUK 4:4  skipped (already exists)
Traceback (most recent call last):
  File "/home/albert/projects/bible/Meta_Bible_Data/Bible_Noun_Extraction/translate_verses.py", line 601, in <module>
    main()
    ~~~~^^
  File "/home/albert/projects/bible/Meta_Bible_Data/Bible_Noun_Extraction/translate_verses.py", line 577, in main
    raise RuntimeError(
    ...<2 lines>...
    )
RuntimeError: LUK 4:5: rejected before write; missing required noun anchors: ['montagna']; candidate='E il diavolo, conducendolo su un alto monte, gli mostrò tutti i regni del mondo in un momento di tempo.\n'
LUK 4:6  wrote 042_LUK_004_006_GOI_It.txt
Done. Wrote 1 verse(s); skipped 0.
LUK 4:7  wrote 042_LUK_004_007_GOI_It.txt
Done. Wrote 1 verse(s); skipped 0.
LUK 4:8  wrote 042_LUK_004_008_GOI_It.txt
Done. Wrote 1 verse(s); skipped 0.
LUK 4:9  wrote 042_LUK_004_009_GOI_It.txt
Done. Wrote 1 verse(s); skipped 0.
LUK 4:10  wrote 042_LUK_004_010_GOI_It.txt
Done. Wrote 1 verse(s); skipped 0.
LUK 4:11  wrote 042_LUK_004_011_GOI_It.txt
Done. Wrote 1 verse(s); skipped 0.
LUK 4:12  wrote 042_LUK_004_012_GOI_It.txt
Done. Wrote 1 verse(s); skipped 0.
LUK 4:13  wrote 042_LUK_004_013_GOI_It.txt
Done. Wrote 1 verse(s); skipped 0.
LUK 4:14  wrote 042_LUK_004_014_GOI_It.txt
Done. Wrote 1 verse(s); skipped 0.
LUK 4:15  wrote 042_LUK_004_015_GOI_It.txt
Done. Wrote 1 verse(s); skipped 0.
LUK 4:16  wrote 042_LUK_004_016_GOI_It.txt
Done. Wrote 1 verse(s); skipped 0.
LUK 4:17  wrote 042_LUK_004_017_GOI_It.txt
Done. Wrote 1 verse(s); skipped 0.
LUK 4:18  wrote 042_LUK_004_018_GOI_It.txt
Done. Wrote 1 verse(s); skipped 0.
LUK 4:19  wrote 042_LUK_004_019_GOI_It.txt
Done. Wrote 1 verse(s); skipped 0.
LUK 4:20  wrote 042_LUK_004_020_GOI_It.txt
Done. Wrote 1 verse(s); skipped 0.
LUK 4:21  wrote 042_LUK_004_021_GOI_It.txt
Done. Wrote 1 verse(s); skipped 0.
LUK 4:22  wrote 042_LUK_004_022_GOI_It.txt
Done. Wrote 1 verse(s); skipped 0.
LUK 4:23  wrote 042_LUK_004_023_GOI_It.txt
Done. Wrote 1 verse(s); skipped 0.
LUK 4:24  wrote 042_LUK_004_024_GOI_It.txt
Done. Wrote 1 verse(s); skipped 0.
LUK 4:25  wrote 042_LUK_004_025_GOI_It.txt
Done. Wrote 1 verse(s); skipped 0.
LUK 4:26  wrote 042_LUK_004_026_GOI_It.txt
Done. Wrote 1 verse(s); skipped 0.
LUK 4:27  wrote 042_LUK_004_027_GOI_It.txt
Done. Wrote 1 verse(s); skipped 0.
LUK 4:28  wrote 042_LUK_004_028_GOI_It.txt
Done. Wrote 1 verse(s); skipped 0.
LUK 4:29  wrote 042_LUK_004_029_GOI_It.txt
Done. Wrote 1 verse(s); skipped 0.
LUK 4:30  wrote 042_LUK_004_030_GOI_It.txt
Done. Wrote 1 verse(s); skipped 0.
LUK 4:31  wrote 042_LUK_004_031_GOI_It.txt
Done. Wrote 1 verse(s); skipped 0.
LUK 4:32  wrote 042_LUK_004_032_GOI_It.txt
Done. Wrote 1 verse(s); skipped 0.
LUK 4:33  wrote 042_LUK_004_033_GOI_It.txt
Done. Wrote 1 verse(s); skipped 0.
LUK 4:34  wrote 042_LUK_004_034_GOI_It.txt
Done. Wrote 1 verse(s); skipped 0.
LUK 4:35  wrote 042_LUK_004_035_GOI_It.txt
Done. Wrote 1 verse(s); skipped 0.
LUK 4:36  wrote 042_LUK_004_036_GOI_It.txt
Done. Wrote 1 verse(s); skipped 0.
LUK 4:37  wrote 042_LUK_004_037_GOI_It.txt
Done. Wrote 1 verse(s); skipped 0.
LUK 4:38  wrote 042_LUK_004_038_GOI_It.txt
Done. Wrote 1 verse(s); skipped 0.
LUK 4:39  wrote 042_LUK_004_039_GOI_It.txt
Done. Wrote 1 verse(s); skipped 0.
LUK 4:40  wrote 042_LUK_004_040_GOI_It.txt
Done. Wrote 1 verse(s); skipped 0.
LUK 4:41  wrote 042_LUK_004_041_GOI_It.txt
Done. Wrote 1 verse(s); skipped 0.
LUK 4:42  wrote 042_LUK_004_042_GOI_It.txt
Done. Wrote 1 verse(s); skipped 0.
LUK 4:43  wrote 042_LUK_004_043_GOI_It.txt
Done. Wrote 1 verse(s); skipped 0.
LUK 4:44  wrote 042_LUK_004_044_GOI_It.txt
Done. Wrote 1 verse(s); skipped 0.
LUK 5:1  wrote 042_LUK_005_001_GOI_It.txt
LUK 5:2  wrote 042_LUK_005_002_GOI_It.txt
LUK 5:3  wrote 042_LUK_005_003_GOI_It.txt
LUK 5:4  wrote 042_LUK_005_004_GOI_It.txt
LUK 5:5  wrote 042_LUK_005_005_GOI_It.txt
LUK 5:6  wrote 042_LUK_005_006_GOI_It.txt
LUK 5:7  wrote 042_LUK_005_007_GOI_It.txt
LUK 5:8  wrote 042_LUK_005_008_GOI_It.txt
LUK 5:9  wrote 042_LUK_005_009_GOI_It.txt
LUK 5:10  wrote 042_LUK_005_010_GOI_It.txt
LUK 5:11  wrote 042_LUK_005_011_GOI_It.txt
LUK 5:12  wrote 042_LUK_005_012_GOI_It.txt
LUK 5:13  wrote 042_LUK_005_013_GOI_It.txt
LUK 5:14  wrote 042_LUK_005_014_GOI_It.txt
LUK 5:15  wrote 042_LUK_005_015_GOI_It.txt
LUK 5:16  wrote 042_LUK_005_016_GOI_It.txt
LUK 5:17  wrote 042_LUK_005_017_GOI_It.txt
LUK 5:18  wrote 042_LUK_005_018_GOI_It.txt
LUK 5:19  wrote 042_LUK_005_019_GOI_It.txt
LUK 5:20  wrote 042_LUK_005_020_GOI_It.txt
LUK 5:21  wrote 042_LUK_005_021_GOI_It.txt
LUK 5:22  wrote 042_LUK_005_022_GOI_It.txt
LUK 5:23  wrote 042_LUK_005_023_GOI_It.txt
LUK 5:24  wrote 042_LUK_005_024_GOI_It.txt
LUK 5:25  wrote 042_LUK_005_025_GOI_It.txt
LUK 5:26  wrote 042_LUK_005_026_GOI_It.txt
LUK 5:27  wrote 042_LUK_005_027_GOI_It.txt
LUK 5:28  wrote 042_LUK_005_028_GOI_It.txt
LUK 5:29  wrote 042_LUK_005_029_GOI_It.txt
LUK 5:30  wrote 042_LUK_005_030_GOI_It.txt
LUK 5:31  wrote 042_LUK_005_031_GOI_It.txt
LUK 5:32  wrote 042_LUK_005_032_GOI_It.txt
LUK 5:33  wrote 042_LUK_005_033_GOI_It.txt
Traceback (most recent call last):
  File "/home/albert/projects/bible/Meta_Bible_Data/Bible_Noun_Extraction/translate_verses.py", line 601, in <module>
    main()
    ~~~~^^
  File "/home/albert/projects/bible/Meta_Bible_Data/Bible_Noun_Extraction/translate_verses.py", line 577, in main
    raise RuntimeError(
    ...<2 lines>...
    )
RuntimeError: LUK 5:34: rejected before write; missing required noun anchors: ['amici dello sposo']; candidate='Ed egli disse loro: "Potete voi far digiunare i figli della camera nuziale mentre lo sposo è con loro?"\n'
LUK 5:1  skipped (already exists)
LUK 5:2  skipped (already exists)
LUK 5:3  skipped (already exists)
LUK 5:4  skipped (already exists)
LUK 5:5  skipped (already exists)
LUK 5:6  skipped (already exists)
LUK 5:7  skipped (already exists)
LUK 5:8  skipped (already exists)
LUK 5:9  skipped (already exists)
LUK 5:10  skipped (already exists)
LUK 5:11  skipped (already exists)
LUK 5:12  skipped (already exists)
LUK 5:13  skipped (already exists)
LUK 5:14  skipped (already exists)
LUK 5:15  skipped (already exists)
LUK 5:16  skipped (already exists)
LUK 5:17  skipped (already exists)
LUK 5:18  skipped (already exists)
LUK 5:19  skipped (already exists)
LUK 5:20  skipped (already exists)
LUK 5:21  skipped (already exists)
LUK 5:22  skipped (already exists)
LUK 5:23  skipped (already exists)
LUK 5:24  skipped (already exists)
LUK 5:25  skipped (already exists)
LUK 5:26  skipped (already exists)
LUK 5:27  skipped (already exists)
LUK 5:28  skipped (already exists)
LUK 5:29  skipped (already exists)
LUK 5:30  skipped (already exists)
LUK 5:31  skipped (already exists)
LUK 5:32  skipped (already exists)
LUK 5:33  skipped (already exists)
Traceback (most recent call last):
  File "/home/albert/projects/bible/Meta_Bible_Data/Bible_Noun_Extraction/translate_verses.py", line 601, in <module>
    main()
    ~~~~^^
  File "/home/albert/projects/bible/Meta_Bible_Data/Bible_Noun_Extraction/translate_verses.py", line 577, in main
    raise RuntimeError(
    ...<2 lines>...
    )
RuntimeError: LUK 5:34: rejected before write; missing required noun anchors: ['amici dello sposo']; candidate='Ed egli disse loro: "Potete voi far digiunare i figli della camera nuziale mentre lo sposo è con loro?"\n'
LUK 5:1  skipped (already exists)
LUK 5:2  skipped (already exists)
LUK 5:3  skipped (already exists)
LUK 5:4  skipped (already exists)
LUK 5:5  skipped (already exists)
LUK 5:6  skipped (already exists)
LUK 5:7  skipped (already exists)
LUK 5:8  skipped (already exists)
LUK 5:9  skipped (already exists)
LUK 5:10  skipped (already exists)
LUK 5:11  skipped (already exists)
LUK 5:12  skipped (already exists)
LUK 5:13  skipped (already exists)
LUK 5:14  skipped (already exists)
LUK 5:15  skipped (already exists)
LUK 5:16  skipped (already exists)
LUK 5:17  skipped (already exists)
LUK 5:18  skipped (already exists)
LUK 5:19  skipped (already exists)
LUK 5:20  skipped (already exists)
LUK 5:21  skipped (already exists)
LUK 5:22  skipped (already exists)
LUK 5:23  skipped (already exists)
LUK 5:24  skipped (already exists)
LUK 5:25  skipped (already exists)
LUK 5:26  skipped (already exists)
LUK 5:27  skipped (already exists)
LUK 5:28  skipped (already exists)
LUK 5:29  skipped (already exists)
LUK 5:30  skipped (already exists)
LUK 5:31  skipped (already exists)
LUK 5:32  skipped (already exists)
LUK 5:33  skipped (already exists)
Traceback (most recent call last):
  File "/home/albert/projects/bible/Meta_Bible_Data/Bible_Noun_Extraction/translate_verses.py", line 601, in <module>
    main()
    ~~~~^^
  File "/home/albert/projects/bible/Meta_Bible_Data/Bible_Noun_Extraction/translate_verses.py", line 577, in main
    raise RuntimeError(
    ...<2 lines>...
    )
RuntimeError: LUK 5:34: rejected before write; missing required noun anchors: ['amici dello sposo']; candidate='Egli disse loro: "Potete forse far digiunare i figli della camera nuziale mentre lo sposo è con loro?"\n'
LUK 5:35  wrote 042_LUK_005_035_GOI_It.txt
Done. Wrote 1 verse(s); skipped 0.
LUK 5:36  wrote 042_LUK_005_036_GOI_It.txt
Done. Wrote 1 verse(s); skipped 0.
LUK 5:37  wrote 042_LUK_005_037_GOI_It.txt
Done. Wrote 1 verse(s); skipped 0.
LUK 5:38  wrote 042_LUK_005_038_GOI_It.txt
Done. Wrote 1 verse(s); skipped 0.
LUK 5:39  wrote 042_LUK_005_039_GOI_It.txt
Done. Wrote 1 verse(s); skipped 0.
LUK 6:1  wrote 042_LUK_006_001_GOI_It.txt
LUK 6:2  wrote 042_LUK_006_002_GOI_It.txt
LUK 6:3  wrote 042_LUK_006_003_GOI_It.txt
LUK 6:4  wrote 042_LUK_006_004_GOI_It.txt
LUK 6:5  wrote 042_LUK_006_005_GOI_It.txt
LUK 6:6  wrote 042_LUK_006_006_GOI_It.txt
LUK 6:7  wrote 042_LUK_006_007_GOI_It.txt
LUK 6:8  wrote 042_LUK_006_008_GOI_It.txt
LUK 6:9  wrote 042_LUK_006_009_GOI_It.txt
LUK 6:10  wrote 042_LUK_006_010_GOI_It.txt
LUK 6:11  wrote 042_LUK_006_011_GOI_It.txt
LUK 6:12  wrote 042_LUK_006_012_GOI_It.txt
LUK 6:13  wrote 042_LUK_006_013_GOI_It.txt
LUK 6:14  wrote 042_LUK_006_014_GOI_It.txt
LUK 6:15  wrote 042_LUK_006_015_GOI_It.txt
LUK 6:16  wrote 042_LUK_006_016_GOI_It.txt
LUK 6:17  wrote 042_LUK_006_017_GOI_It.txt
LUK 6:18  wrote 042_LUK_006_018_GOI_It.txt
LUK 6:19  wrote 042_LUK_006_019_GOI_It.txt
LUK 6:20  wrote 042_LUK_006_020_GOI_It.txt
LUK 6:21  wrote 042_LUK_006_021_GOI_It.txt
LUK 6:22  wrote 042_LUK_006_022_GOI_It.txt
LUK 6:23  wrote 042_LUK_006_023_GOI_It.txt
LUK 6:24  wrote 042_LUK_006_024_GOI_It.txt
LUK 6:25  wrote 042_LUK_006_025_GOI_It.txt
LUK 6:26  wrote 042_LUK_006_026_GOI_It.txt
LUK 6:27  wrote 042_LUK_006_027_GOI_It.txt
LUK 6:28  wrote 042_LUK_006_028_GOI_It.txt
LUK 6:29  wrote 042_LUK_006_029_GOI_It.txt
LUK 6:30  wrote 042_LUK_006_030_GOI_It.txt
LUK 6:31  wrote 042_LUK_006_031_GOI_It.txt
LUK 6:32  wrote 042_LUK_006_032_GOI_It.txt
LUK 6:33  wrote 042_LUK_006_033_GOI_It.txt
LUK 6:34  wrote 042_LUK_006_034_GOI_It.txt
LUK 6:35  wrote 042_LUK_006_035_GOI_It.txt
LUK 6:36  wrote 042_LUK_006_036_GOI_It.txt
LUK 6:37  wrote 042_LUK_006_037_GOI_It.txt
LUK 6:38  wrote 042_LUK_006_038_GOI_It.txt
LUK 6:39  wrote 042_LUK_006_039_GOI_It.txt
LUK 6:40  wrote 042_LUK_006_040_GOI_It.txt
LUK 6:41  wrote 042_LUK_006_041_GOI_It.txt
LUK 6:42  wrote 042_LUK_006_042_GOI_It.txt
LUK 6:43  wrote 042_LUK_006_043_GOI_It.txt
LUK 6:44  wrote 042_LUK_006_044_GOI_It.txt
LUK 6:45  wrote 042_LUK_006_045_GOI_It.txt
LUK 6:46  wrote 042_LUK_006_046_GOI_It.txt
LUK 6:47  wrote 042_LUK_006_047_GOI_It.txt
LUK 6:48  wrote 042_LUK_006_048_GOI_It.txt
LUK 6:49  wrote 042_LUK_006_049_GOI_It.txt
Done. Wrote 49 verse(s); skipped 0.
Traceback (most recent call last):
  File "/home/albert/projects/bible/Meta_Bible_Data/Bible_Noun_Extraction/translate_verses.py", line 601, in <module>
    main()
    ~~~~^^
  File "/home/albert/projects/bible/Meta_Bible_Data/Bible_Noun_Extraction/translate_verses.py", line 577, in main
    raise RuntimeError(
    ...<2 lines>...
    )
RuntimeError: LUK 7:1: rejected before write; missing required noun anchors: ['udito']; candidate='Dopo che ebbe compiuto tutte le sue parole agli orecchi del popolo, entrò in Cafarnao.\n'
LUK 7:1  wrote 042_LUK_007_001_GOI_It.txt
LUK 7:2  wrote 042_LUK_007_002_GOI_It.txt
LUK 7:3  wrote 042_LUK_007_003_GOI_It.txt
LUK 7:4  wrote 042_LUK_007_004_GOI_It.txt
LUK 7:5  wrote 042_LUK_007_005_GOI_It.txt
LUK 7:6  wrote 042_LUK_007_006_GOI_It.txt
LUK 7:7  wrote 042_LUK_007_007_GOI_It.txt
LUK 7:8  wrote 042_LUK_007_008_GOI_It.txt
LUK 7:9  wrote 042_LUK_007_009_GOI_It.txt
LUK 7:10  wrote 042_LUK_007_010_GOI_It.txt
LUK 7:11  wrote 042_LUK_007_011_GOI_It.txt
LUK 7:12  wrote 042_LUK_007_012_GOI_It.txt
LUK 7:13  wrote 042_LUK_007_013_GOI_It.txt
LUK 7:14  wrote 042_LUK_007_014_GOI_It.txt
LUK 7:15  wrote 042_LUK_007_015_GOI_It.txt
LUK 7:16  wrote 042_LUK_007_016_GOI_It.txt
LUK 7:17  wrote 042_LUK_007_017_GOI_It.txt
LUK 7:18  wrote 042_LUK_007_018_GOI_It.txt
LUK 7:19  wrote 042_LUK_007_019_GOI_It.txt
LUK 7:20  wrote 042_LUK_007_020_GOI_It.txt
LUK 7:21  wrote 042_LUK_007_021_GOI_It.txt
LUK 7:22  wrote 042_LUK_007_022_GOI_It.txt
LUK 7:23  wrote 042_LUK_007_023_GOI_It.txt
LUK 7:24  wrote 042_LUK_007_024_GOI_It.txt
LUK 7:25  wrote 042_LUK_007_025_GOI_It.txt
LUK 7:26  wrote 042_LUK_007_026_GOI_It.txt
LUK 7:27  wrote 042_LUK_007_027_GOI_It.txt
LUK 7:28  wrote 042_LUK_007_028_GOI_It.txt
LUK 7:29  wrote 042_LUK_007_029_GOI_It.txt
LUK 7:30  wrote 042_LUK_007_030_GOI_It.txt
LUK 7:31  wrote 042_LUK_007_031_GOI_It.txt
LUK 7:32  wrote 042_LUK_007_032_GOI_It.txt
LUK 7:33  wrote 042_LUK_007_033_GOI_It.txt
LUK 7:34  wrote 042_LUK_007_034_GOI_It.txt
LUK 7:35  wrote 042_LUK_007_035_GOI_It.txt
LUK 7:36  wrote 042_LUK_007_036_GOI_It.txt
LUK 7:37  wrote 042_LUK_007_037_GOI_It.txt
LUK 7:38  wrote 042_LUK_007_038_GOI_It.txt
LUK 7:39  wrote 042_LUK_007_039_GOI_It.txt
LUK 7:40  wrote 042_LUK_007_040_GOI_It.txt
LUK 7:41  wrote 042_LUK_007_041_GOI_It.txt
LUK 7:42  wrote 042_LUK_007_042_GOI_It.txt
LUK 7:43  wrote 042_LUK_007_043_GOI_It.txt
LUK 7:44  wrote 042_LUK_007_044_GOI_It.txt
LUK 7:45  wrote 042_LUK_007_045_GOI_It.txt
LUK 7:46  wrote 042_LUK_007_046_GOI_It.txt
LUK 7:47  wrote 042_LUK_007_047_GOI_It.txt
LUK 7:48  wrote 042_LUK_007_048_GOI_It.txt
LUK 7:49  wrote 042_LUK_007_049_GOI_It.txt
LUK 7:50  wrote 042_LUK_007_050_GOI_It.txt
Done. Wrote 50 verse(s); skipped 0.
LUK 8:1  wrote 042_LUK_008_001_GOI_It.txt
LUK 8:2  wrote 042_LUK_008_002_GOI_It.txt
LUK 8:3  wrote 042_LUK_008_003_GOI_It.txt
LUK 8:4  wrote 042_LUK_008_004_GOI_It.txt
LUK 8:5  wrote 042_LUK_008_005_GOI_It.txt
LUK 8:6  wrote 042_LUK_008_006_GOI_It.txt
LUK 8:7  wrote 042_LUK_008_007_GOI_It.txt
LUK 8:8  wrote 042_LUK_008_008_GOI_It.txt
LUK 8:9  wrote 042_LUK_008_009_GOI_It.txt
LUK 8:10  wrote 042_LUK_008_010_GOI_It.txt
LUK 8:11  wrote 042_LUK_008_011_GOI_It.txt
LUK 8:12  wrote 042_LUK_008_012_GOI_It.txt
LUK 8:13  wrote 042_LUK_008_013_GOI_It.txt
LUK 8:14  wrote 042_LUK_008_014_GOI_It.txt
LUK 8:15  wrote 042_LUK_008_015_GOI_It.txt
LUK 8:16  wrote 042_LUK_008_016_GOI_It.txt
LUK 8:17  wrote 042_LUK_008_017_GOI_It.txt
LUK 8:18  wrote 042_LUK_008_018_GOI_It.txt
LUK 8:19  wrote 042_LUK_008_019_GOI_It.txt
LUK 8:20  wrote 042_LUK_008_020_GOI_It.txt
LUK 8:21  wrote 042_LUK_008_021_GOI_It.txt
LUK 8:22  wrote 042_LUK_008_022_GOI_It.txt
LUK 8:23  wrote 042_LUK_008_023_GOI_It.txt
LUK 8:24  wrote 042_LUK_008_024_GOI_It.txt
LUK 8:25  wrote 042_LUK_008_025_GOI_It.txt
LUK 8:26  wrote 042_LUK_008_026_GOI_It.txt
LUK 8:27  wrote 042_LUK_008_027_GOI_It.txt
LUK 8:28  wrote 042_LUK_008_028_GOI_It.txt
LUK 8:29  wrote 042_LUK_008_029_GOI_It.txt
LUK 8:30  wrote 042_LUK_008_030_GOI_It.txt
LUK 8:31  wrote 042_LUK_008_031_GOI_It.txt
LUK 8:32  wrote 042_LUK_008_032_GOI_It.txt
LUK 8:33  wrote 042_LUK_008_033_GOI_It.txt
LUK 8:34  wrote 042_LUK_008_034_GOI_It.txt
LUK 8:35  wrote 042_LUK_008_035_GOI_It.txt
LUK 8:36  wrote 042_LUK_008_036_GOI_It.txt
LUK 8:37  wrote 042_LUK_008_037_GOI_It.txt
LUK 8:38  wrote 042_LUK_008_038_GOI_It.txt
LUK 8:39  wrote 042_LUK_008_039_GOI_It.txt
LUK 8:40  wrote 042_LUK_008_040_GOI_It.txt
LUK 8:41  wrote 042_LUK_008_041_GOI_It.txt
LUK 8:42  wrote 042_LUK_008_042_GOI_It.txt
LUK 8:43  wrote 042_LUK_008_043_GOI_It.txt
LUK 8:44  wrote 042_LUK_008_044_GOI_It.txt
LUK 8:45  wrote 042_LUK_008_045_GOI_It.txt
LUK 8:46  wrote 042_LUK_008_046_GOI_It.txt
LUK 8:47  wrote 042_LUK_008_047_GOI_It.txt
LUK 8:48  wrote 042_LUK_008_048_GOI_It.txt
LUK 8:49  wrote 042_LUK_008_049_GOI_It.txt
LUK 8:50  wrote 042_LUK_008_050_GOI_It.txt
LUK 8:51  wrote 042_LUK_008_051_GOI_It.txt
LUK 8:52  wrote 042_LUK_008_052_GOI_It.txt
LUK 8:53  wrote 042_LUK_008_053_GOI_It.txt
LUK 8:54  wrote 042_LUK_008_054_GOI_It.txt
LUK 8:55  wrote 042_LUK_008_055_GOI_It.txt
LUK 8:56  wrote 042_LUK_008_056_GOI_It.txt
Done. Wrote 56 verse(s); skipped 0.
LUK 9:1  wrote 042_LUK_009_001_GOI_It.txt
LUK 9:2  wrote 042_LUK_009_002_GOI_It.txt
LUK 9:3  wrote 042_LUK_009_003_GOI_It.txt
LUK 9:4  wrote 042_LUK_009_004_GOI_It.txt
LUK 9:5  wrote 042_LUK_009_005_GOI_It.txt
LUK 9:6  wrote 042_LUK_009_006_GOI_It.txt
LUK 9:7  wrote 042_LUK_009_007_GOI_It.txt
LUK 9:8  wrote 042_LUK_009_008_GOI_It.txt
LUK 9:9  wrote 042_LUK_009_009_GOI_It.txt
LUK 9:10  wrote 042_LUK_009_010_GOI_It.txt
LUK 9:11  wrote 042_LUK_009_011_GOI_It.txt
LUK 9:12  wrote 042_LUK_009_012_GOI_It.txt
LUK 9:13  wrote 042_LUK_009_013_GOI_It.txt
LUK 9:14  wrote 042_LUK_009_014_GOI_It.txt
LUK 9:15  wrote 042_LUK_009_015_GOI_It.txt
LUK 9:16  wrote 042_LUK_009_016_GOI_It.txt
LUK 9:17  wrote 042_LUK_009_017_GOI_It.txt
LUK 9:18  wrote 042_LUK_009_018_GOI_It.txt
LUK 9:19  wrote 042_LUK_009_019_GOI_It.txt
LUK 9:20  wrote 042_LUK_009_020_GOI_It.txt
LUK 9:21  wrote 042_LUK_009_021_GOI_It.txt
LUK 9:22  wrote 042_LUK_009_022_GOI_It.txt
LUK 9:23  wrote 042_LUK_009_023_GOI_It.txt
LUK 9:24  wrote 042_LUK_009_024_GOI_It.txt
LUK 9:25  wrote 042_LUK_009_025_GOI_It.txt
LUK 9:26  wrote 042_LUK_009_026_GOI_It.txt
LUK 9:27  wrote 042_LUK_009_027_GOI_It.txt
LUK 9:28  wrote 042_LUK_009_028_GOI_It.txt
LUK 9:29  wrote 042_LUK_009_029_GOI_It.txt
LUK 9:30  wrote 042_LUK_009_030_GOI_It.txt
LUK 9:31  wrote 042_LUK_009_031_GOI_It.txt
LUK 9:32  wrote 042_LUK_009_032_GOI_It.txt
LUK 9:33  wrote 042_LUK_009_033_GOI_It.txt
LUK 9:34  wrote 042_LUK_009_034_GOI_It.txt
LUK 9:35  wrote 042_LUK_009_035_GOI_It.txt
LUK 9:36  wrote 042_LUK_009_036_GOI_It.txt
Traceback (most recent call last):
  File "/home/albert/projects/bible/Meta_Bible_Data/Bible_Noun_Extraction/translate_verses.py", line 601, in <module>
    main()
    ~~~~^^
  File "/home/albert/projects/bible/Meta_Bible_Data/Bible_Noun_Extraction/translate_verses.py", line 577, in main
    raise RuntimeError(
    ...<2 lines>...
    )
RuntimeError: LUK 9:37: rejected before write; missing required noun anchors: ['montagna']; candidate='Il giorno seguente, mentre scendevano dal monte, una grande folla gli venne incontro.\n'
LUK 9:1  skipped (already exists)
LUK 9:2  skipped (already exists)
LUK 9:3  skipped (already exists)
LUK 9:4  skipped (already exists)
LUK 9:5  skipped (already exists)
LUK 9:6  skipped (already exists)
LUK 9:7  skipped (already exists)
LUK 9:8  skipped (already exists)
LUK 9:9  skipped (already exists)
LUK 9:10  skipped (already exists)
LUK 9:11  skipped (already exists)
LUK 9:12  skipped (already exists)
LUK 9:13  skipped (already exists)
LUK 9:14  skipped (already exists)
LUK 9:15  skipped (already exists)
LUK 9:16  skipped (already exists)
LUK 9:17  skipped (already exists)
LUK 9:18  skipped (already exists)
LUK 9:19  skipped (already exists)
LUK 9:20  skipped (already exists)
LUK 9:21  skipped (already exists)
LUK 9:22  skipped (already exists)
LUK 9:23  skipped (already exists)
LUK 9:24  skipped (already exists)
LUK 9:25  skipped (already exists)
LUK 9:26  skipped (already exists)
LUK 9:27  skipped (already exists)
LUK 9:28  skipped (already exists)
LUK 9:29  skipped (already exists)
LUK 9:30  skipped (already exists)
LUK 9:31  skipped (already exists)
LUK 9:32  skipped (already exists)
LUK 9:33  skipped (already exists)
LUK 9:34  skipped (already exists)
LUK 9:35  skipped (already exists)
LUK 9:36  skipped (already exists)
Traceback (most recent call last):
  File "/home/albert/projects/bible/Meta_Bible_Data/Bible_Noun_Extraction/translate_verses.py", line 601, in <module>
    main()
    ~~~~^^
  File "/home/albert/projects/bible/Meta_Bible_Data/Bible_Noun_Extraction/translate_verses.py", line 577, in main
    raise RuntimeError(
    ...<2 lines>...
    )
RuntimeError: LUK 9:37: rejected before write; missing required noun anchors: ['montagna']; candidate='Il giorno seguente, mentre scendevano dal monte, una grande folla gli venne incontro.\n'
LUK 9:1  skipped (already exists)
LUK 9:2  skipped (already exists)
LUK 9:3  skipped (already exists)
LUK 9:4  skipped (already exists)
LUK 9:5  skipped (already exists)
LUK 9:6  skipped (already exists)
LUK 9:7  skipped (already exists)
LUK 9:8  skipped (already exists)
LUK 9:9  skipped (already exists)
LUK 9:10  skipped (already exists)
LUK 9:11  skipped (already exists)
LUK 9:12  skipped (already exists)
LUK 9:13  skipped (already exists)
LUK 9:14  skipped (already exists)
LUK 9:15  skipped (already exists)
LUK 9:16  skipped (already exists)
LUK 9:17  skipped (already exists)
LUK 9:18  skipped (already exists)
LUK 9:19  skipped (already exists)
LUK 9:20  skipped (already exists)
LUK 9:21  skipped (already exists)
LUK 9:22  skipped (already exists)
LUK 9:23  skipped (already exists)
LUK 9:24  skipped (already exists)
LUK 9:25  skipped (already exists)
LUK 9:26  skipped (already exists)
LUK 9:27  skipped (already exists)
LUK 9:28  skipped (already exists)
LUK 9:29  skipped (already exists)
LUK 9:30  skipped (already exists)
LUK 9:31  skipped (already exists)
LUK 9:32  skipped (already exists)
LUK 9:33  skipped (already exists)
LUK 9:34  skipped (already exists)
LUK 9:35  skipped (already exists)
LUK 9:36  skipped (already exists)
LUK 9:37  wrote 042_LUK_009_037_GOI_It.txt
LUK 9:38  wrote 042_LUK_009_038_GOI_It.txt
LUK 9:39  wrote 042_LUK_009_039_GOI_It.txt
LUK 9:40  wrote 042_LUK_009_040_GOI_It.txt
LUK 9:41  wrote 042_LUK_009_041_GOI_It.txt
LUK 9:42  wrote 042_LUK_009_042_GOI_It.txt
LUK 9:43  wrote 042_LUK_009_043_GOI_It.txt
LUK 9:44  wrote 042_LUK_009_044_GOI_It.txt
LUK 9:45  wrote 042_LUK_009_045_GOI_It.txt
LUK 9:46  wrote 042_LUK_009_046_GOI_It.txt
LUK 9:47  wrote 042_LUK_009_047_GOI_It.txt
LUK 9:48  wrote 042_LUK_009_048_GOI_It.txt
LUK 9:49  wrote 042_LUK_009_049_GOI_It.txt
LUK 9:50  wrote 042_LUK_009_050_GOI_It.txt
LUK 9:51  wrote 042_LUK_009_051_GOI_It.txt
LUK 9:52  wrote 042_LUK_009_052_GOI_It.txt
LUK 9:53  wrote 042_LUK_009_053_GOI_It.txt
LUK 9:54  wrote 042_LUK_009_054_GOI_It.txt
LUK 9:55  wrote 042_LUK_009_055_GOI_It.txt
LUK 9:56  wrote 042_LUK_009_056_GOI_It.txt
LUK 9:57  wrote 042_LUK_009_057_GOI_It.txt
LUK 9:58  wrote 042_LUK_009_058_GOI_It.txt
LUK 9:59  wrote 042_LUK_009_059_GOI_It.txt
LUK 9:60  wrote 042_LUK_009_060_GOI_It.txt
LUK 9:61  wrote 042_LUK_009_061_GOI_It.txt
LUK 9:62  wrote 042_LUK_009_062_GOI_It.txt
Done. Wrote 26 verse(s); skipped 36.
LUK 10:1  wrote 042_LUK_010_001_GOI_It.txt
LUK 10:2  wrote 042_LUK_010_002_GOI_It.txt
LUK 10:3  wrote 042_LUK_010_003_GOI_It.txt
LUK 10:4  wrote 042_LUK_010_004_GOI_It.txt
LUK 10:5  wrote 042_LUK_010_005_GOI_It.txt
LUK 10:6  wrote 042_LUK_010_006_GOI_It.txt
LUK 10:7  wrote 042_LUK_010_007_GOI_It.txt
LUK 10:8  wrote 042_LUK_010_008_GOI_It.txt
LUK 10:9  wrote 042_LUK_010_009_GOI_It.txt
LUK 10:10  wrote 042_LUK_010_010_GOI_It.txt
LUK 10:11  wrote 042_LUK_010_011_GOI_It.txt
LUK 10:12  wrote 042_LUK_010_012_GOI_It.txt
LUK 10:13  wrote 042_LUK_010_013_GOI_It.txt
LUK 10:14  wrote 042_LUK_010_014_GOI_It.txt
LUK 10:15  wrote 042_LUK_010_015_GOI_It.txt
LUK 10:16  wrote 042_LUK_010_016_GOI_It.txt
LUK 10:17  wrote 042_LUK_010_017_GOI_It.txt
LUK 10:18  wrote 042_LUK_010_018_GOI_It.txt
LUK 10:19  wrote 042_LUK_010_019_GOI_It.txt
LUK 10:20  wrote 042_LUK_010_020_GOI_It.txt
LUK 10:21  wrote 042_LUK_010_021_GOI_It.txt
LUK 10:22  wrote 042_LUK_010_022_GOI_It.txt
LUK 10:23  wrote 042_LUK_010_023_GOI_It.txt
LUK 10:24  wrote 042_LUK_010_024_GOI_It.txt
LUK 10:25  wrote 042_LUK_010_025_GOI_It.txt
LUK 10:26  wrote 042_LUK_010_026_GOI_It.txt
LUK 10:27  wrote 042_LUK_010_027_GOI_It.txt
LUK 10:28  wrote 042_LUK_010_028_GOI_It.txt
LUK 10:29  wrote 042_LUK_010_029_GOI_It.txt
LUK 10:30  wrote 042_LUK_010_030_GOI_It.txt
LUK 10:31  wrote 042_LUK_010_031_GOI_It.txt
LUK 10:32  wrote 042_LUK_010_032_GOI_It.txt
LUK 10:33  wrote 042_LUK_010_033_GOI_It.txt
LUK 10:34  wrote 042_LUK_010_034_GOI_It.txt
LUK 10:35  wrote 042_LUK_010_035_GOI_It.txt
LUK 10:36  wrote 042_LUK_010_036_GOI_It.txt
LUK 10:37  wrote 042_LUK_010_037_GOI_It.txt
LUK 10:38  wrote 042_LUK_010_038_GOI_It.txt
LUK 10:39  wrote 042_LUK_010_039_GOI_It.txt
LUK 10:40  wrote 042_LUK_010_040_GOI_It.txt
LUK 10:41  wrote 042_LUK_010_041_GOI_It.txt
Traceback (most recent call last):
  File "/home/albert/projects/bible/Meta_Bible_Data/Bible_Noun_Extraction/translate_verses.py", line 601, in <module>
    main()
    ~~~~^^
  File "/home/albert/projects/bible/Meta_Bible_Data/Bible_Noun_Extraction/translate_verses.py", line 577, in main
    raise RuntimeError(
    ...<2 lines>...
    )
RuntimeError: LUK 10:42: rejected before write; missing required noun anchors: ['necessità']; candidate='ma una sola cosa è necessaria, e Maria ha scelto la buona parte, che non le sarà tolta.\n'
LUK 10:1  skipped (already exists)
LUK 10:2  skipped (already exists)
LUK 10:3  skipped (already exists)
LUK 10:4  skipped (already exists)
LUK 10:5  skipped (already exists)
LUK 10:6  skipped (already exists)
LUK 10:7  skipped (already exists)
LUK 10:8  skipped (already exists)
LUK 10:9  skipped (already exists)
LUK 10:10  skipped (already exists)
LUK 10:11  skipped (already exists)
LUK 10:12  skipped (already exists)
LUK 10:13  skipped (already exists)
LUK 10:14  skipped (already exists)
LUK 10:15  skipped (already exists)
LUK 10:16  skipped (already exists)
LUK 10:17  skipped (already exists)
LUK 10:18  skipped (already exists)
LUK 10:19  skipped (already exists)
LUK 10:20  skipped (already exists)
LUK 10:21  skipped (already exists)
LUK 10:22  skipped (already exists)
LUK 10:23  skipped (already exists)
LUK 10:24  skipped (already exists)
LUK 10:25  skipped (already exists)
LUK 10:26  skipped (already exists)
LUK 10:27  skipped (already exists)
LUK 10:28  skipped (already exists)
LUK 10:29  skipped (already exists)
LUK 10:30  skipped (already exists)
LUK 10:31  skipped (already exists)
LUK 10:32  skipped (already exists)
LUK 10:33  skipped (already exists)
LUK 10:34  skipped (already exists)
LUK 10:35  skipped (already exists)
LUK 10:36  skipped (already exists)
LUK 10:37  skipped (already exists)
LUK 10:38  skipped (already exists)
LUK 10:39  skipped (already exists)
LUK 10:40  skipped (already exists)
LUK 10:41  skipped (already exists)
Traceback (most recent call last):
  File "/home/albert/projects/bible/Meta_Bible_Data/Bible_Noun_Extraction/translate_verses.py", line 601, in <module>
    main()
    ~~~~^^
  File "/home/albert/projects/bible/Meta_Bible_Data/Bible_Noun_Extraction/translate_verses.py", line 577, in main
    raise RuntimeError(
    ...<2 lines>...
    )
RuntimeError: LUK 10:42: rejected before write; missing required noun anchors: ['necessità']; candidate='ma una sola cosa è necessaria, e Maria ha scelto la buona parte, che non le sarà tolta.\n'
LUK 10:1  skipped (already exists)
LUK 10:2  skipped (already exists)
LUK 10:3  skipped (already exists)
LUK 10:4  skipped (already exists)
LUK 10:5  skipped (already exists)
LUK 10:6  skipped (already exists)
LUK 10:7  skipped (already exists)
LUK 10:8  skipped (already exists)
LUK 10:9  skipped (already exists)
LUK 10:10  skipped (already exists)
LUK 10:11  skipped (already exists)
LUK 10:12  skipped (already exists)
LUK 10:13  skipped (already exists)
LUK 10:14  skipped (already exists)
LUK 10:15  skipped (already exists)
LUK 10:16  skipped (already exists)
LUK 10:17  skipped (already exists)
LUK 10:18  skipped (already exists)
LUK 10:19  skipped (already exists)
LUK 10:20  skipped (already exists)
LUK 10:21  skipped (already exists)
LUK 10:22  skipped (already exists)
LUK 10:23  skipped (already exists)
LUK 10:24  skipped (already exists)
LUK 10:25  skipped (already exists)
LUK 10:26  skipped (already exists)
LUK 10:27  skipped (already exists)
LUK 10:28  skipped (already exists)
LUK 10:29  skipped (already exists)
LUK 10:30  skipped (already exists)
LUK 10:31  skipped (already exists)
LUK 10:32  skipped (already exists)
LUK 10:33  skipped (already exists)
LUK 10:34  skipped (already exists)
LUK 10:35  skipped (already exists)
LUK 10:36  skipped (already exists)
LUK 10:37  skipped (already exists)
LUK 10:38  skipped (already exists)
LUK 10:39  skipped (already exists)
LUK 10:40  skipped (already exists)
LUK 10:41  skipped (already exists)
Traceback (most recent call last):
  File "/home/albert/projects/bible/Meta_Bible_Data/Bible_Noun_Extraction/translate_verses.py", line 601, in <module>
    main()
    ~~~~^^
  File "/home/albert/projects/bible/Meta_Bible_Data/Bible_Noun_Extraction/translate_verses.py", line 577, in main
    raise RuntimeError(
    ...<2 lines>...
    )
RuntimeError: LUK 10:42: rejected before write; missing required noun anchors: ['necessità']; candidate='ma una sola cosa è necessaria, e Maria ha scelto la buona parte, che non le sarà tolta.\n'
LUK 11:1  wrote 042_LUK_011_001_GOI_It.txt
LUK 11:2  wrote 042_LUK_011_002_GOI_It.txt
LUK 11:3  wrote 042_LUK_011_003_GOI_It.txt
LUK 11:4  wrote 042_LUK_011_004_GOI_It.txt
LUK 11:5  wrote 042_LUK_011_005_GOI_It.txt
Traceback (most recent call last):
  File "/home/albert/projects/bible/Meta_Bible_Data/Bible_Noun_Extraction/translate_verses.py", line 601, in <module>
    main()
    ~~~~^^
  File "/home/albert/projects/bible/Meta_Bible_Data/Bible_Noun_Extraction/translate_verses.py", line 577, in main
    raise RuntimeError(
    ...<2 lines>...
    )
RuntimeError: LUK 11:6: rejected before write; missing required noun anchors: ['via']; candidate='perché un amico mio è venuto da me da un viaggio, e non ho nulla da mettere davanti a lui.\n'
LUK 11:1  skipped (already exists)
LUK 11:2  skipped (already exists)
LUK 11:3  skipped (already exists)
LUK 11:4  skipped (already exists)
LUK 11:5  skipped (already exists)
Traceback (most recent call last):
  File "/home/albert/projects/bible/Meta_Bible_Data/Bible_Noun_Extraction/translate_verses.py", line 601, in <module>
    main()
    ~~~~^^
  File "/home/albert/projects/bible/Meta_Bible_Data/Bible_Noun_Extraction/translate_verses.py", line 577, in main
    raise RuntimeError(
    ...<2 lines>...
    )
RuntimeError: LUK 11:6: rejected before write; missing required noun anchors: ['via']; candidate='perché un mio amico è venuto da me da un viaggio, e non ho nulla da mettergli davanti.\n'
LUK 11:1  skipped (already exists)
LUK 11:2  skipped (already exists)
LUK 11:3  skipped (already exists)
LUK 11:4  skipped (already exists)
LUK 11:5  skipped (already exists)
Traceback (most recent call last):
  File "/home/albert/projects/bible/Meta_Bible_Data/Bible_Noun_Extraction/translate_verses.py", line 601, in <module>
    main()
    ~~~~^^
  File "/home/albert/projects/bible/Meta_Bible_Data/Bible_Noun_Extraction/translate_verses.py", line 577, in main
    raise RuntimeError(
    ...<2 lines>...
    )
RuntimeError: LUK 11:6: rejected before write; missing required noun anchors: ['via']; candidate='perché un mio amico è venuto a me da un viaggio, e non ho nulla da mettere davanti a lui.\n'
LUK 11:7  wrote 042_LUK_011_007_GOI_It.txt
Done. Wrote 1 verse(s); skipped 0.
LUK 11:8  wrote 042_LUK_011_008_GOI_It.txt
Done. Wrote 1 verse(s); skipped 0.
LUK 11:9  wrote 042_LUK_011_009_GOI_It.txt
Done. Wrote 1 verse(s); skipped 0.
LUK 11:10  wrote 042_LUK_011_010_GOI_It.txt
Done. Wrote 1 verse(s); skipped 0.
LUK 11:11  wrote 042_LUK_011_011_GOI_It.txt
Done. Wrote 1 verse(s); skipped 0.
LUK 11:12  wrote 042_LUK_011_012_GOI_It.txt
Done. Wrote 1 verse(s); skipped 0.
LUK 11:13  wrote 042_LUK_011_013_GOI_It.txt
Done. Wrote 1 verse(s); skipped 0.
LUK 11:14  wrote 042_LUK_011_014_GOI_It.txt
Done. Wrote 1 verse(s); skipped 0.
LUK 11:15  wrote 042_LUK_011_015_GOI_It.txt
Done. Wrote 1 verse(s); skipped 0.
LUK 11:16  wrote 042_LUK_011_016_GOI_It.txt
Done. Wrote 1 verse(s); skipped 0.
LUK 11:17  wrote 042_LUK_011_017_GOI_It.txt
Done. Wrote 1 verse(s); skipped 0.
LUK 11:18  wrote 042_LUK_011_018_GOI_It.txt
Done. Wrote 1 verse(s); skipped 0.
LUK 11:19  wrote 042_LUK_011_019_GOI_It.txt
Done. Wrote 1 verse(s); skipped 0.
LUK 11:20  wrote 042_LUK_011_020_GOI_It.txt
Done. Wrote 1 verse(s); skipped 0.
LUK 11:21  wrote 042_LUK_011_021_GOI_It.txt
Done. Wrote 1 verse(s); skipped 0.
LUK 11:22  wrote 042_LUK_011_022_GOI_It.txt
Done. Wrote 1 verse(s); skipped 0.
LUK 11:23  wrote 042_LUK_011_023_GOI_It.txt
Done. Wrote 1 verse(s); skipped 0.
LUK 11:24  wrote 042_LUK_011_024_GOI_It.txt
Done. Wrote 1 verse(s); skipped 0.
LUK 11:25  wrote 042_LUK_011_025_GOI_It.txt
Done. Wrote 1 verse(s); skipped 0.
LUK 11:26  wrote 042_LUK_011_026_GOI_It.txt
Done. Wrote 1 verse(s); skipped 0.
LUK 11:27  wrote 042_LUK_011_027_GOI_It.txt
Done. Wrote 1 verse(s); skipped 0.
LUK 11:28  wrote 042_LUK_011_028_GOI_It.txt
Done. Wrote 1 verse(s); skipped 0.
LUK 11:29  wrote 042_LUK_011_029_GOI_It.txt
Done. Wrote 1 verse(s); skipped 0.
LUK 11:30  wrote 042_LUK_011_030_GOI_It.txt
Done. Wrote 1 verse(s); skipped 0.
Traceback (most recent call last):
  File "/home/albert/projects/bible/Meta_Bible_Data/Bible_Noun_Extraction/translate_verses.py", line 601, in <module>
    main()
    ~~~~^^
  File "/home/albert/projects/bible/Meta_Bible_Data/Bible_Noun_Extraction/translate_verses.py", line 577, in main
    raise RuntimeError(
    ...<2 lines>...
    )
RuntimeError: LUK 11:31: rejected before write; missing required noun anchors: ['fine']; candidate="La regina del mezzogiorno si alzerà nel giudizio con gli uomini di questa generazione e li condannerà, perché venne dalle estremità della terra per ascoltare la sapienza di Salomone; ed ecco, qui c'è più di Salomone.\n"
LUK 11:32  wrote 042_LUK_011_032_GOI_It.txt
Done. Wrote 1 verse(s); skipped 0.
LUK 11:33  wrote 042_LUK_011_033_GOI_It.txt
Done. Wrote 1 verse(s); skipped 0.
LUK 11:34  wrote 042_LUK_011_034_GOI_It.txt
Done. Wrote 1 verse(s); skipped 0.
LUK 11:35  wrote 042_LUK_011_035_GOI_It.txt
Done. Wrote 1 verse(s); skipped 0.
LUK 11:36  wrote 042_LUK_011_036_GOI_It.txt
Done. Wrote 1 verse(s); skipped 0.
LUK 11:37  wrote 042_LUK_011_037_GOI_It.txt
Done. Wrote 1 verse(s); skipped 0.
LUK 11:38  wrote 042_LUK_011_038_GOI_It.txt
Done. Wrote 1 verse(s); skipped 0.
LUK 11:39  wrote 042_LUK_011_039_GOI_It.txt
Done. Wrote 1 verse(s); skipped 0.
LUK 11:40  wrote 042_LUK_011_040_GOI_It.txt
Done. Wrote 1 verse(s); skipped 0.
LUK 11:41  wrote 042_LUK_011_041_GOI_It.txt
Done. Wrote 1 verse(s); skipped 0.
LUK 11:42  wrote 042_LUK_011_042_GOI_It.txt
Done. Wrote 1 verse(s); skipped 0.
LUK 11:43  wrote 042_LUK_011_043_GOI_It.txt
Done. Wrote 1 verse(s); skipped 0.
LUK 11:44  wrote 042_LUK_011_044_GOI_It.txt
Done. Wrote 1 verse(s); skipped 0.
LUK 11:45  wrote 042_LUK_011_045_GOI_It.txt
Done. Wrote 1 verse(s); skipped 0.
LUK 11:46  wrote 042_LUK_011_046_GOI_It.txt
Done. Wrote 1 verse(s); skipped 0.
LUK 11:47  wrote 042_LUK_011_047_GOI_It.txt
Done. Wrote 1 verse(s); skipped 0.
LUK 11:48  wrote 042_LUK_011_048_GOI_It.txt
Done. Wrote 1 verse(s); skipped 0.
LUK 11:49  wrote 042_LUK_011_049_GOI_It.txt
Done. Wrote 1 verse(s); skipped 0.
LUK 11:50  wrote 042_LUK_011_050_GOI_It.txt
Done. Wrote 1 verse(s); skipped 0.
LUK 11:51  wrote 042_LUK_011_051_GOI_It.txt
Done. Wrote 1 verse(s); skipped 0.
LUK 11:52  wrote 042_LUK_011_052_GOI_It.txt
Done. Wrote 1 verse(s); skipped 0.
LUK 11:53  wrote 042_LUK_011_053_GOI_It.txt
Done. Wrote 1 verse(s); skipped 0.
LUK 11:54  wrote 042_LUK_011_054_GOI_It.txt
Done. Wrote 1 verse(s); skipped 0.
Traceback (most recent call last):
  File "/home/albert/projects/bible/Meta_Bible_Data/Bible_Noun_Extraction/translate_verses.py", line 601, in <module>
    main()
    ~~~~^^
  File "/home/albert/projects/bible/Meta_Bible_Data/Bible_Noun_Extraction/translate_verses.py", line 577, in main
    raise RuntimeError(
    ...<2 lines>...
    )
RuntimeError: LUK 11:31: rejected before write; missing required noun anchors: ['fine']; candidate="La regina del mezzogiorno si alzerà nel giudizio con gli uomini di questa generazione e li condannerà, perché venne dalle estremità della terra per ascoltare la sapienza di Salomone; ed ecco, qui c'è più di Salomone.\n"
Traceback (most recent call last):
  File "/home/albert/projects/bible/Meta_Bible_Data/Bible_Noun_Extraction/translate_verses.py", line 601, in <module>
    main()
    ~~~~^^
  File "/home/albert/projects/bible/Meta_Bible_Data/Bible_Noun_Extraction/translate_verses.py", line 577, in main
    raise RuntimeError(
    ...<2 lines>...
    )
RuntimeError: LUK 11:31: rejected before write; missing required noun anchors: ['fine']; candidate="La regina del mezzogiorno si alzerà nel giudizio con gli uomini di questa generazione e li condannerà, perché venne dalle estremità della terra per ascoltare la sapienza di Salomone; ed ecco, qui c'è più di Salomone.\n"
LUK 12:1  wrote 042_LUK_012_001_GOI_It.txt
LUK 12:2  wrote 042_LUK_012_002_GOI_It.txt
LUK 12:3  wrote 042_LUK_012_003_GOI_It.txt
LUK 12:4  wrote 042_LUK_012_004_GOI_It.txt
LUK 12:5  wrote 042_LUK_012_005_GOI_It.txt
LUK 12:6  wrote 042_LUK_012_006_GOI_It.txt
LUK 12:7  wrote 042_LUK_012_007_GOI_It.txt
LUK 12:8  wrote 042_LUK_012_008_GOI_It.txt
LUK 12:9  wrote 042_LUK_012_009_GOI_It.txt
LUK 12:10  wrote 042_LUK_012_010_GOI_It.txt
LUK 12:11  wrote 042_LUK_012_011_GOI_It.txt
LUK 12:12  wrote 042_LUK_012_012_GOI_It.txt
LUK 12:13  wrote 042_LUK_012_013_GOI_It.txt
LUK 12:14  wrote 042_LUK_012_014_GOI_It.txt
LUK 12:15  wrote 042_LUK_012_015_GOI_It.txt
LUK 12:16  wrote 042_LUK_012_016_GOI_It.txt
LUK 12:17  wrote 042_LUK_012_017_GOI_It.txt
LUK 12:18  wrote 042_LUK_012_018_GOI_It.txt
LUK 12:19  wrote 042_LUK_012_019_GOI_It.txt
LUK 12:20  wrote 042_LUK_012_020_GOI_It.txt
LUK 12:21  wrote 042_LUK_012_021_GOI_It.txt
LUK 12:22  wrote 042_LUK_012_022_GOI_It.txt
LUK 12:23  wrote 042_LUK_012_023_GOI_It.txt
LUK 12:24  wrote 042_LUK_012_024_GOI_It.txt
LUK 12:25  wrote 042_LUK_012_025_GOI_It.txt
LUK 12:26  wrote 042_LUK_012_026_GOI_It.txt
LUK 12:27  wrote 042_LUK_012_027_GOI_It.txt
LUK 12:28  wrote 042_LUK_012_028_GOI_It.txt
LUK 12:29  wrote 042_LUK_012_029_GOI_It.txt
LUK 12:30  wrote 042_LUK_012_030_GOI_It.txt
LUK 12:31  wrote 042_LUK_012_031_GOI_It.txt
LUK 12:32  wrote 042_LUK_012_032_GOI_It.txt
LUK 12:33  wrote 042_LUK_012_033_GOI_It.txt
LUK 12:34  wrote 042_LUK_012_034_GOI_It.txt
LUK 12:35  wrote 042_LUK_012_035_GOI_It.txt
LUK 12:36  wrote 042_LUK_012_036_GOI_It.txt
LUK 12:37  wrote 042_LUK_012_037_GOI_It.txt
LUK 12:38  wrote 042_LUK_012_038_GOI_It.txt
LUK 12:39  wrote 042_LUK_012_039_GOI_It.txt
LUK 12:40  wrote 042_LUK_012_040_GOI_It.txt
LUK 12:41  wrote 042_LUK_012_041_GOI_It.txt
LUK 12:42  wrote 042_LUK_012_042_GOI_It.txt
LUK 12:43  wrote 042_LUK_012_043_GOI_It.txt
LUK 12:44  wrote 042_LUK_012_044_GOI_It.txt
LUK 12:45  wrote 042_LUK_012_045_GOI_It.txt
LUK 12:46  wrote 042_LUK_012_046_GOI_It.txt
LUK 12:47  wrote 042_LUK_012_047_GOI_It.txt
LUK 12:48  wrote 042_LUK_012_048_GOI_It.txt
LUK 12:49  wrote 042_LUK_012_049_GOI_It.txt
LUK 12:50  wrote 042_LUK_012_050_GOI_It.txt
LUK 12:51  wrote 042_LUK_012_051_GOI_It.txt
LUK 12:52  wrote 042_LUK_012_052_GOI_It.txt
LUK 12:53  wrote 042_LUK_012_053_GOI_It.txt
LUK 12:54  wrote 042_LUK_012_054_GOI_It.txt
LUK 12:55  wrote 042_LUK_012_055_GOI_It.txt
LUK 12:56  wrote 042_LUK_012_056_GOI_It.txt
LUK 12:57  wrote 042_LUK_012_057_GOI_It.txt
LUK 12:58  wrote 042_LUK_012_058_GOI_It.txt
LUK 12:59  wrote 042_LUK_012_059_GOI_It.txt
Done. Wrote 59 verse(s); skipped 0.
LUK 13:1  wrote 042_LUK_013_001_GOI_It.txt
LUK 13:2  wrote 042_LUK_013_002_GOI_It.txt
LUK 13:3  wrote 042_LUK_013_003_GOI_It.txt
LUK 13:4  wrote 042_LUK_013_004_GOI_It.txt
LUK 13:5  wrote 042_LUK_013_005_GOI_It.txt
LUK 13:6  wrote 042_LUK_013_006_GOI_It.txt
LUK 13:7  wrote 042_LUK_013_007_GOI_It.txt
LUK 13:8  wrote 042_LUK_013_008_GOI_It.txt
LUK 13:9  wrote 042_LUK_013_009_GOI_It.txt
LUK 13:10  wrote 042_LUK_013_010_GOI_It.txt
LUK 13:11  wrote 042_LUK_013_011_GOI_It.txt
LUK 13:12  wrote 042_LUK_013_012_GOI_It.txt
LUK 13:13  wrote 042_LUK_013_013_GOI_It.txt
LUK 13:14  wrote 042_LUK_013_014_GOI_It.txt
LUK 13:15  wrote 042_LUK_013_015_GOI_It.txt
LUK 13:16  wrote 042_LUK_013_016_GOI_It.txt
LUK 13:17  wrote 042_LUK_013_017_GOI_It.txt
LUK 13:18  wrote 042_LUK_013_018_GOI_It.txt
LUK 13:19  wrote 042_LUK_013_019_GOI_It.txt
LUK 13:20  wrote 042_LUK_013_020_GOI_It.txt
LUK 13:21  wrote 042_LUK_013_021_GOI_It.txt
LUK 13:22  wrote 042_LUK_013_022_GOI_It.txt
LUK 13:23  wrote 042_LUK_013_023_GOI_It.txt
LUK 13:24  wrote 042_LUK_013_024_GOI_It.txt
LUK 13:25  wrote 042_LUK_013_025_GOI_It.txt
LUK 13:26  wrote 042_LUK_013_026_GOI_It.txt
Traceback (most recent call last):
  File "/home/albert/projects/bible/Meta_Bible_Data/Bible_Noun_Extraction/translate_verses.py", line 601, in <module>
    main()
    ~~~~^^
  File "/home/albert/projects/bible/Meta_Bible_Data/Bible_Noun_Extraction/translate_verses.py", line 577, in main
    raise RuntimeError(
    ...<2 lines>...
    )
RuntimeError: LUK 13:27: rejected before write; missing required noun anchors: ['lavoratore']; candidate='E dirà: vi dico che non vi conosco, da dove siete; allontanatevi da me, tutti voi operatori di ingiustizia.\n'
LUK 13:1  skipped (already exists)
LUK 13:2  skipped (already exists)
LUK 13:3  skipped (already exists)
LUK 13:4  skipped (already exists)
LUK 13:5  skipped (already exists)
LUK 13:6  skipped (already exists)
LUK 13:7  skipped (already exists)
LUK 13:8  skipped (already exists)
LUK 13:9  skipped (already exists)
LUK 13:10  skipped (already exists)
LUK 13:11  skipped (already exists)
LUK 13:12  skipped (already exists)
LUK 13:13  skipped (already exists)
LUK 13:14  skipped (already exists)
LUK 13:15  skipped (already exists)
LUK 13:16  skipped (already exists)
LUK 13:17  skipped (already exists)
LUK 13:18  skipped (already exists)
LUK 13:19  skipped (already exists)
LUK 13:20  skipped (already exists)
LUK 13:21  skipped (already exists)
LUK 13:22  skipped (already exists)
LUK 13:23  skipped (already exists)
LUK 13:24  skipped (already exists)
LUK 13:25  skipped (already exists)
LUK 13:26  skipped (already exists)
LUK 13:27  wrote 042_LUK_013_027_GOI_It.txt
LUK 13:28  wrote 042_LUK_013_028_GOI_It.txt
LUK 13:29  wrote 042_LUK_013_029_GOI_It.txt
LUK 13:30  wrote 042_LUK_013_030_GOI_It.txt
LUK 13:31  wrote 042_LUK_013_031_GOI_It.txt
LUK 13:32  wrote 042_LUK_013_032_GOI_It.txt
LUK 13:33  wrote 042_LUK_013_033_GOI_It.txt
LUK 13:34  wrote 042_LUK_013_034_GOI_It.txt
LUK 13:35  wrote 042_LUK_013_035_GOI_It.txt
Done. Wrote 9 verse(s); skipped 26.
LUK 14:1  wrote 042_LUK_014_001_GOI_It.txt
LUK 14:2  wrote 042_LUK_014_002_GOI_It.txt
LUK 14:3  wrote 042_LUK_014_003_GOI_It.txt
LUK 14:4  wrote 042_LUK_014_004_GOI_It.txt
LUK 14:5  wrote 042_LUK_014_005_GOI_It.txt
LUK 14:6  wrote 042_LUK_014_006_GOI_It.txt
LUK 14:7  wrote 042_LUK_014_007_GOI_It.txt
LUK 14:8  wrote 042_LUK_014_008_GOI_It.txt
LUK 14:9  wrote 042_LUK_014_009_GOI_It.txt
LUK 14:10  wrote 042_LUK_014_010_GOI_It.txt
LUK 14:11  wrote 042_LUK_014_011_GOI_It.txt
LUK 14:12  wrote 042_LUK_014_012_GOI_It.txt
LUK 14:13  wrote 042_LUK_014_013_GOI_It.txt
LUK 14:14  wrote 042_LUK_014_014_GOI_It.txt
LUK 14:15  wrote 042_LUK_014_015_GOI_It.txt
LUK 14:16  wrote 042_LUK_014_016_GOI_It.txt
LUK 14:17  wrote 042_LUK_014_017_GOI_It.txt
LUK 14:18  wrote 042_LUK_014_018_GOI_It.txt
LUK 14:19  wrote 042_LUK_014_019_GOI_It.txt
LUK 14:20  wrote 042_LUK_014_020_GOI_It.txt
LUK 14:21  wrote 042_LUK_014_021_GOI_It.txt
LUK 14:22  wrote 042_LUK_014_022_GOI_It.txt
LUK 14:23  wrote 042_LUK_014_023_GOI_It.txt
LUK 14:24  wrote 042_LUK_014_024_GOI_It.txt
LUK 14:25  wrote 042_LUK_014_025_GOI_It.txt
LUK 14:26  wrote 042_LUK_014_026_GOI_It.txt
LUK 14:27  wrote 042_LUK_014_027_GOI_It.txt
LUK 14:28  wrote 042_LUK_014_028_GOI_It.txt
LUK 14:29  wrote 042_LUK_014_029_GOI_It.txt
LUK 14:30  wrote 042_LUK_014_030_GOI_It.txt
Traceback (most recent call last):
  File "/home/albert/projects/bible/Meta_Bible_Data/Bible_Noun_Extraction/translate_verses.py", line 601, in <module>
    main()
    ~~~~^^
  File "/home/albert/projects/bible/Meta_Bible_Data/Bible_Noun_Extraction/translate_verses.py", line 577, in main
    raise RuntimeError(
    ...<2 lines>...
    )
RuntimeError: LUK 14:31: rejected before write; missing required noun anchors: ['migliaio', 'migliaio']; candidate='O quale re, andando a incontrare un altro re in guerra, non si siede prima e delibera se è capace con diecimila di affrontare colui che viene contro di lui con ventimila?\n'
LUK 14:1  skipped (already exists)
LUK 14:2  skipped (already exists)
LUK 14:3  skipped (already exists)
LUK 14:4  skipped (already exists)
LUK 14:5  skipped (already exists)
LUK 14:6  skipped (already exists)
LUK 14:7  skipped (already exists)
LUK 14:8  skipped (already exists)
LUK 14:9  skipped (already exists)
LUK 14:10  skipped (already exists)
LUK 14:11  skipped (already exists)
LUK 14:12  skipped (already exists)
LUK 14:13  skipped (already exists)
LUK 14:14  skipped (already exists)
LUK 14:15  skipped (already exists)
LUK 14:16  skipped (already exists)
LUK 14:17  skipped (already exists)
LUK 14:18  skipped (already exists)
LUK 14:19  skipped (already exists)
LUK 14:20  skipped (already exists)
LUK 14:21  skipped (already exists)
LUK 14:22  skipped (already exists)
LUK 14:23  skipped (already exists)
LUK 14:24  skipped (already exists)
LUK 14:25  skipped (already exists)
LUK 14:26  skipped (already exists)
LUK 14:27  skipped (already exists)
LUK 14:28  skipped (already exists)
LUK 14:29  skipped (already exists)
LUK 14:30  skipped (already exists)
LUK 14:31  wrote 042_LUK_014_031_GOI_It.txt
LUK 14:32  wrote 042_LUK_014_032_GOI_It.txt
LUK 14:33  wrote 042_LUK_014_033_GOI_It.txt
LUK 14:34  wrote 042_LUK_014_034_GOI_It.txt
LUK 14:35  wrote 042_LUK_014_035_GOI_It.txt
Done. Wrote 5 verse(s); skipped 30.
LUK 15:1  wrote 042_LUK_015_001_GOI_It.txt
LUK 15:2  wrote 042_LUK_015_002_GOI_It.txt
LUK 15:3  wrote 042_LUK_015_003_GOI_It.txt
LUK 15:4  wrote 042_LUK_015_004_GOI_It.txt
LUK 15:5  wrote 042_LUK_015_005_GOI_It.txt
LUK 15:6  wrote 042_LUK_015_006_GOI_It.txt
LUK 15:7  wrote 042_LUK_015_007_GOI_It.txt
LUK 15:8  wrote 042_LUK_015_008_GOI_It.txt
LUK 15:9  wrote 042_LUK_015_009_GOI_It.txt
LUK 15:10  wrote 042_LUK_015_010_GOI_It.txt
LUK 15:11  wrote 042_LUK_015_011_GOI_It.txt
LUK 15:12  wrote 042_LUK_015_012_GOI_It.txt
LUK 15:13  wrote 042_LUK_015_013_GOI_It.txt
LUK 15:14  wrote 042_LUK_015_014_GOI_It.txt
LUK 15:15  wrote 042_LUK_015_015_GOI_It.txt
LUK 15:16  wrote 042_LUK_015_016_GOI_It.txt
LUK 15:17  wrote 042_LUK_015_017_GOI_It.txt
LUK 15:18  wrote 042_LUK_015_018_GOI_It.txt
LUK 15:19  wrote 042_LUK_015_019_GOI_It.txt
LUK 15:20  wrote 042_LUK_015_020_GOI_It.txt
LUK 15:21  wrote 042_LUK_015_021_GOI_It.txt
LUK 15:22  wrote 042_LUK_015_022_GOI_It.txt
LUK 15:23  wrote 042_LUK_015_023_GOI_It.txt
LUK 15:24  wrote 042_LUK_015_024_GOI_It.txt
LUK 15:25  wrote 042_LUK_015_025_GOI_It.txt
LUK 15:26  wrote 042_LUK_015_026_GOI_It.txt
LUK 15:27  wrote 042_LUK_015_027_GOI_It.txt
LUK 15:28  wrote 042_LUK_015_028_GOI_It.txt
LUK 15:29  wrote 042_LUK_015_029_GOI_It.txt
LUK 15:30  wrote 042_LUK_015_030_GOI_It.txt
LUK 15:31  wrote 042_LUK_015_031_GOI_It.txt
LUK 15:32  wrote 042_LUK_015_032_GOI_It.txt
Done. Wrote 32 verse(s); skipped 0.
LUK 16:1  wrote 042_LUK_016_001_GOI_It.txt
LUK 16:2  wrote 042_LUK_016_002_GOI_It.txt
LUK 16:3  wrote 042_LUK_016_003_GOI_It.txt
LUK 16:4  wrote 042_LUK_016_004_GOI_It.txt
LUK 16:5  wrote 042_LUK_016_005_GOI_It.txt
LUK 16:6  wrote 042_LUK_016_006_GOI_It.txt
LUK 16:7  wrote 042_LUK_016_007_GOI_It.txt
LUK 16:8  wrote 042_LUK_016_008_GOI_It.txt
LUK 16:9  wrote 042_LUK_016_009_GOI_It.txt
LUK 16:10  wrote 042_LUK_016_010_GOI_It.txt
LUK 16:11  wrote 042_LUK_016_011_GOI_It.txt
LUK 16:12  wrote 042_LUK_016_012_GOI_It.txt
LUK 16:13  wrote 042_LUK_016_013_GOI_It.txt
LUK 16:14  wrote 042_LUK_016_014_GOI_It.txt
LUK 16:15  wrote 042_LUK_016_015_GOI_It.txt
LUK 16:16  wrote 042_LUK_016_016_GOI_It.txt
LUK 16:17  wrote 042_LUK_016_017_GOI_It.txt
LUK 16:18  wrote 042_LUK_016_018_GOI_It.txt
LUK 16:19  wrote 042_LUK_016_019_GOI_It.txt
LUK 16:20  wrote 042_LUK_016_020_GOI_It.txt
LUK 16:21  wrote 042_LUK_016_021_GOI_It.txt
LUK 16:22  wrote 042_LUK_016_022_GOI_It.txt
LUK 16:23  wrote 042_LUK_016_023_GOI_It.txt
LUK 16:24  wrote 042_LUK_016_024_GOI_It.txt
LUK 16:25  wrote 042_LUK_016_025_GOI_It.txt
LUK 16:26  wrote 042_LUK_016_026_GOI_It.txt
LUK 16:27  wrote 042_LUK_016_027_GOI_It.txt
LUK 16:28  wrote 042_LUK_016_028_GOI_It.txt
LUK 16:29  wrote 042_LUK_016_029_GOI_It.txt
LUK 16:30  wrote 042_LUK_016_030_GOI_It.txt
LUK 16:31  wrote 042_LUK_016_031_GOI_It.txt
Done. Wrote 31 verse(s); skipped 0.
LUK 17:1  wrote 042_LUK_017_001_GOI_It.txt
LUK 17:2  wrote 042_LUK_017_002_GOI_It.txt
LUK 17:3  wrote 042_LUK_017_003_GOI_It.txt
LUK 17:4  wrote 042_LUK_017_004_GOI_It.txt
LUK 17:5  wrote 042_LUK_017_005_GOI_It.txt
LUK 17:6  wrote 042_LUK_017_006_GOI_It.txt
LUK 17:7  wrote 042_LUK_017_007_GOI_It.txt
LUK 17:8  wrote 042_LUK_017_008_GOI_It.txt
LUK 17:9  wrote 042_LUK_017_009_GOI_It.txt
LUK 17:10  wrote 042_LUK_017_010_GOI_It.txt
LUK 17:11  wrote 042_LUK_017_011_GOI_It.txt
LUK 17:12  wrote 042_LUK_017_012_GOI_It.txt
LUK 17:13  wrote 042_LUK_017_013_GOI_It.txt
LUK 17:14  wrote 042_LUK_017_014_GOI_It.txt
LUK 17:15  wrote 042_LUK_017_015_GOI_It.txt
LUK 17:16  wrote 042_LUK_017_016_GOI_It.txt
LUK 17:17  wrote 042_LUK_017_017_GOI_It.txt
LUK 17:18  wrote 042_LUK_017_018_GOI_It.txt
LUK 17:19  wrote 042_LUK_017_019_GOI_It.txt
LUK 17:20  wrote 042_LUK_017_020_GOI_It.txt
LUK 17:21  wrote 042_LUK_017_021_GOI_It.txt
LUK 17:22  wrote 042_LUK_017_022_GOI_It.txt
LUK 17:23  wrote 042_LUK_017_023_GOI_It.txt
LUK 17:24  wrote 042_LUK_017_024_GOI_It.txt
LUK 17:25  wrote 042_LUK_017_025_GOI_It.txt
LUK 17:26  wrote 042_LUK_017_026_GOI_It.txt
LUK 17:27  wrote 042_LUK_017_027_GOI_It.txt
LUK 17:28  wrote 042_LUK_017_028_GOI_It.txt
LUK 17:29  wrote 042_LUK_017_029_GOI_It.txt
LUK 17:30  wrote 042_LUK_017_030_GOI_It.txt
LUK 17:31  wrote 042_LUK_017_031_GOI_It.txt
LUK 17:32  wrote 042_LUK_017_032_GOI_It.txt
LUK 17:33  wrote 042_LUK_017_033_GOI_It.txt
LUK 17:34  wrote 042_LUK_017_034_GOI_It.txt
LUK 17:35  wrote 042_LUK_017_035_GOI_It.txt
LUK 17:36  wrote 042_LUK_017_036_GOI_It.txt
LUK 17:37  wrote 042_LUK_017_037_GOI_It.txt
Done. Wrote 37 verse(s); skipped 0.
LUK 18:1  wrote 042_LUK_018_001_GOI_It.txt
LUK 18:2  wrote 042_LUK_018_002_GOI_It.txt
LUK 18:3  wrote 042_LUK_018_003_GOI_It.txt
LUK 18:4  wrote 042_LUK_018_004_GOI_It.txt
LUK 18:5  wrote 042_LUK_018_005_GOI_It.txt
LUK 18:6  wrote 042_LUK_018_006_GOI_It.txt
LUK 18:7  wrote 042_LUK_018_007_GOI_It.txt
LUK 18:8  wrote 042_LUK_018_008_GOI_It.txt
LUK 18:9  wrote 042_LUK_018_009_GOI_It.txt
LUK 18:10  wrote 042_LUK_018_010_GOI_It.txt
LUK 18:11  wrote 042_LUK_018_011_GOI_It.txt
LUK 18:12  wrote 042_LUK_018_012_GOI_It.txt
LUK 18:13  wrote 042_LUK_018_013_GOI_It.txt
LUK 18:14  wrote 042_LUK_018_014_GOI_It.txt
LUK 18:15  wrote 042_LUK_018_015_GOI_It.txt
LUK 18:16  wrote 042_LUK_018_016_GOI_It.txt
LUK 18:17  wrote 042_LUK_018_017_GOI_It.txt
LUK 18:18  wrote 042_LUK_018_018_GOI_It.txt
LUK 18:19  wrote 042_LUK_018_019_GOI_It.txt
LUK 18:20  wrote 042_LUK_018_020_GOI_It.txt
LUK 18:21  wrote 042_LUK_018_021_GOI_It.txt
LUK 18:22  wrote 042_LUK_018_022_GOI_It.txt
LUK 18:23  wrote 042_LUK_018_023_GOI_It.txt
LUK 18:24  wrote 042_LUK_018_024_GOI_It.txt
LUK 18:25  wrote 042_LUK_018_025_GOI_It.txt
LUK 18:26  wrote 042_LUK_018_026_GOI_It.txt
LUK 18:27  wrote 042_LUK_018_027_GOI_It.txt
LUK 18:28  wrote 042_LUK_018_028_GOI_It.txt
LUK 18:29  wrote 042_LUK_018_029_GOI_It.txt
LUK 18:30  wrote 042_LUK_018_030_GOI_It.txt
LUK 18:31  wrote 042_LUK_018_031_GOI_It.txt
LUK 18:32  wrote 042_LUK_018_032_GOI_It.txt
LUK 18:33  wrote 042_LUK_018_033_GOI_It.txt
LUK 18:34  wrote 042_LUK_018_034_GOI_It.txt
LUK 18:35  wrote 042_LUK_018_035_GOI_It.txt
LUK 18:36  wrote 042_LUK_018_036_GOI_It.txt
LUK 18:37  wrote 042_LUK_018_037_GOI_It.txt
LUK 18:38  wrote 042_LUK_018_038_GOI_It.txt
LUK 18:39  wrote 042_LUK_018_039_GOI_It.txt
LUK 18:40  wrote 042_LUK_018_040_GOI_It.txt
LUK 18:41  wrote 042_LUK_018_041_GOI_It.txt
LUK 18:42  wrote 042_LUK_018_042_GOI_It.txt
LUK 18:43  wrote 042_LUK_018_043_GOI_It.txt
Done. Wrote 43 verse(s); skipped 0.
LUK 19:1  wrote 042_LUK_019_001_GOI_It.txt
LUK 19:2  wrote 042_LUK_019_002_GOI_It.txt
LUK 19:3  wrote 042_LUK_019_003_GOI_It.txt
LUK 19:4  wrote 042_LUK_019_004_GOI_It.txt
LUK 19:5  wrote 042_LUK_019_005_GOI_It.txt
LUK 19:6  wrote 042_LUK_019_006_GOI_It.txt
LUK 19:7  wrote 042_LUK_019_007_GOI_It.txt
LUK 19:8  wrote 042_LUK_019_008_GOI_It.txt
LUK 19:9  wrote 042_LUK_019_009_GOI_It.txt
LUK 19:10  wrote 042_LUK_019_010_GOI_It.txt
LUK 19:11  wrote 042_LUK_019_011_GOI_It.txt
LUK 19:12  wrote 042_LUK_019_012_GOI_It.txt
LUK 19:13  wrote 042_LUK_019_013_GOI_It.txt
LUK 19:14  wrote 042_LUK_019_014_GOI_It.txt
LUK 19:15  wrote 042_LUK_019_015_GOI_It.txt
LUK 19:16  wrote 042_LUK_019_016_GOI_It.txt
LUK 19:17  wrote 042_LUK_019_017_GOI_It.txt
LUK 19:18  wrote 042_LUK_019_018_GOI_It.txt
LUK 19:19  wrote 042_LUK_019_019_GOI_It.txt
LUK 19:20  wrote 042_LUK_019_020_GOI_It.txt
LUK 19:21  wrote 042_LUK_019_021_GOI_It.txt
LUK 19:22  wrote 042_LUK_019_022_GOI_It.txt
LUK 19:23  wrote 042_LUK_019_023_GOI_It.txt
LUK 19:24  wrote 042_LUK_019_024_GOI_It.txt
LUK 19:25  wrote 042_LUK_019_025_GOI_It.txt
LUK 19:26  wrote 042_LUK_019_026_GOI_It.txt
LUK 19:27  wrote 042_LUK_019_027_GOI_It.txt
LUK 19:28  wrote 042_LUK_019_028_GOI_It.txt
Traceback (most recent call last):
  File "/home/albert/projects/bible/Meta_Bible_Data/Bible_Noun_Extraction/translate_verses.py", line 601, in <module>
    main()
    ~~~~^^
  File "/home/albert/projects/bible/Meta_Bible_Data/Bible_Noun_Extraction/translate_verses.py", line 577, in main
    raise RuntimeError(
    ...<2 lines>...
    )
RuntimeError: LUK 19:29: rejected before write; missing required noun anchors: ['montagna', 'olivo']; candidate='E avvenne che, avvicinandosi a Betfage e a Betania, verso il monte chiamato degli ulivi, mandò due dei suoi discepoli.\n'
LUK 19:1  skipped (already exists)
LUK 19:2  skipped (already exists)
LUK 19:3  skipped (already exists)
LUK 19:4  skipped (already exists)
LUK 19:5  skipped (already exists)
LUK 19:6  skipped (already exists)
LUK 19:7  skipped (already exists)
LUK 19:8  skipped (already exists)
LUK 19:9  skipped (already exists)
LUK 19:10  skipped (already exists)
LUK 19:11  skipped (already exists)
LUK 19:12  skipped (already exists)
LUK 19:13  skipped (already exists)
LUK 19:14  skipped (already exists)
LUK 19:15  skipped (already exists)
LUK 19:16  skipped (already exists)
LUK 19:17  skipped (already exists)
LUK 19:18  skipped (already exists)
LUK 19:19  skipped (already exists)
LUK 19:20  skipped (already exists)
LUK 19:21  skipped (already exists)
LUK 19:22  skipped (already exists)
LUK 19:23  skipped (already exists)
LUK 19:24  skipped (already exists)
LUK 19:25  skipped (already exists)
LUK 19:26  skipped (already exists)
LUK 19:27  skipped (already exists)
LUK 19:28  skipped (already exists)
Traceback (most recent call last):
  File "/home/albert/projects/bible/Meta_Bible_Data/Bible_Noun_Extraction/translate_verses.py", line 601, in <module>
    main()
    ~~~~^^
  File "/home/albert/projects/bible/Meta_Bible_Data/Bible_Noun_Extraction/translate_verses.py", line 577, in main
    raise RuntimeError(
    ...<2 lines>...
    )
RuntimeError: LUK 19:29: rejected before write; missing required noun anchors: ['montagna']; candidate='E avvenne che, avvicinandosi a Betfage e a Betania, verso il monte chiamato degli Olivi, mandò due dei suoi discepoli.\n'
LUK 19:1  skipped (already exists)
LUK 19:2  skipped (already exists)
LUK 19:3  skipped (already exists)
LUK 19:4  skipped (already exists)
LUK 19:5  skipped (already exists)
LUK 19:6  skipped (already exists)
LUK 19:7  skipped (already exists)
LUK 19:8  skipped (already exists)
LUK 19:9  skipped (already exists)
LUK 19:10  skipped (already exists)
LUK 19:11  skipped (already exists)
LUK 19:12  skipped (already exists)
LUK 19:13  skipped (already exists)
LUK 19:14  skipped (already exists)
LUK 19:15  skipped (already exists)
LUK 19:16  skipped (already exists)
LUK 19:17  skipped (already exists)
LUK 19:18  skipped (already exists)
LUK 19:19  skipped (already exists)
LUK 19:20  skipped (already exists)
LUK 19:21  skipped (already exists)
LUK 19:22  skipped (already exists)
LUK 19:23  skipped (already exists)
LUK 19:24  skipped (already exists)
LUK 19:25  skipped (already exists)
LUK 19:26  skipped (already exists)
LUK 19:27  skipped (already exists)
LUK 19:28  skipped (already exists)
Traceback (most recent call last):
  File "/home/albert/projects/bible/Meta_Bible_Data/Bible_Noun_Extraction/translate_verses.py", line 601, in <module>
    main()
    ~~~~^^
  File "/home/albert/projects/bible/Meta_Bible_Data/Bible_Noun_Extraction/translate_verses.py", line 577, in main
    raise RuntimeError(
    ...<2 lines>...
    )
RuntimeError: LUK 19:29: rejected before write; missing required noun anchors: ['montagna', 'olivo']; candidate='E avvenne che, avvicinandosi a Betfage e a Betania, verso il monte chiamato degli ulivi, mandò due dei suoi discepoli.\n'
LUK 19:30  wrote 042_LUK_019_030_GOI_It.txt
Done. Wrote 1 verse(s); skipped 0.
LUK 19:31  wrote 042_LUK_019_031_GOI_It.txt
Done. Wrote 1 verse(s); skipped 0.
LUK 19:32  wrote 042_LUK_019_032_GOI_It.txt
Done. Wrote 1 verse(s); skipped 0.
LUK 19:33  wrote 042_LUK_019_033_GOI_It.txt
Done. Wrote 1 verse(s); skipped 0.
LUK 19:34  wrote 042_LUK_019_034_GOI_It.txt
Done. Wrote 1 verse(s); skipped 0.
LUK 19:35  wrote 042_LUK_019_035_GOI_It.txt
Done. Wrote 1 verse(s); skipped 0.
LUK 19:36  wrote 042_LUK_019_036_GOI_It.txt
Done. Wrote 1 verse(s); skipped 0.
LUK 19:37  wrote 042_LUK_019_037_GOI_It.txt
Done. Wrote 1 verse(s); skipped 0.
LUK 19:38  wrote 042_LUK_019_038_GOI_It.txt
Done. Wrote 1 verse(s); skipped 0.
LUK 19:39  wrote 042_LUK_019_039_GOI_It.txt
Done. Wrote 1 verse(s); skipped 0.
LUK 19:40  wrote 042_LUK_019_040_GOI_It.txt
Done. Wrote 1 verse(s); skipped 0.
LUK 19:41  wrote 042_LUK_019_041_GOI_It.txt
Done. Wrote 1 verse(s); skipped 0.
LUK 19:42  wrote 042_LUK_019_042_GOI_It.txt
Done. Wrote 1 verse(s); skipped 0.
LUK 19:43  wrote 042_LUK_019_043_GOI_It.txt
Done. Wrote 1 verse(s); skipped 0.
LUK 19:44  wrote 042_LUK_019_044_GOI_It.txt
Done. Wrote 1 verse(s); skipped 0.
LUK 19:45  wrote 042_LUK_019_045_GOI_It.txt
Done. Wrote 1 verse(s); skipped 0.
LUK 19:46  wrote 042_LUK_019_046_GOI_It.txt
Done. Wrote 1 verse(s); skipped 0.
LUK 19:47  wrote 042_LUK_019_047_GOI_It.txt
Done. Wrote 1 verse(s); skipped 0.
LUK 19:48  wrote 042_LUK_019_048_GOI_It.txt
Done. Wrote 1 verse(s); skipped 0.
LUK 20:1  wrote 042_LUK_020_001_GOI_It.txt
LUK 20:2  wrote 042_LUK_020_002_GOI_It.txt
LUK 20:3  wrote 042_LUK_020_003_GOI_It.txt
LUK 20:4  wrote 042_LUK_020_004_GOI_It.txt
LUK 20:5  wrote 042_LUK_020_005_GOI_It.txt
LUK 20:6  wrote 042_LUK_020_006_GOI_It.txt
LUK 20:7  wrote 042_LUK_020_007_GOI_It.txt
LUK 20:8  wrote 042_LUK_020_008_GOI_It.txt
LUK 20:9  wrote 042_LUK_020_009_GOI_It.txt
LUK 20:10  wrote 042_LUK_020_010_GOI_It.txt
LUK 20:11  wrote 042_LUK_020_011_GOI_It.txt
LUK 20:12  wrote 042_LUK_020_012_GOI_It.txt
LUK 20:13  wrote 042_LUK_020_013_GOI_It.txt
LUK 20:14  wrote 042_LUK_020_014_GOI_It.txt
LUK 20:15  wrote 042_LUK_020_015_GOI_It.txt
LUK 20:16  wrote 042_LUK_020_016_GOI_It.txt
LUK 20:17  wrote 042_LUK_020_017_GOI_It.txt
LUK 20:18  wrote 042_LUK_020_018_GOI_It.txt
LUK 20:19  wrote 042_LUK_020_019_GOI_It.txt
LUK 20:20  wrote 042_LUK_020_020_GOI_It.txt
LUK 20:21  wrote 042_LUK_020_021_GOI_It.txt
LUK 20:22  wrote 042_LUK_020_022_GOI_It.txt
LUK 20:23  wrote 042_LUK_020_023_GOI_It.txt
LUK 20:24  wrote 042_LUK_020_024_GOI_It.txt
LUK 20:25  wrote 042_LUK_020_025_GOI_It.txt
LUK 20:26  wrote 042_LUK_020_026_GOI_It.txt
LUK 20:27  wrote 042_LUK_020_027_GOI_It.txt
LUK 20:28  wrote 042_LUK_020_028_GOI_It.txt
LUK 20:29  wrote 042_LUK_020_029_GOI_It.txt
LUK 20:30  wrote 042_LUK_020_030_GOI_It.txt
LUK 20:31  wrote 042_LUK_020_031_GOI_It.txt
LUK 20:32  wrote 042_LUK_020_032_GOI_It.txt
LUK 20:33  wrote 042_LUK_020_033_GOI_It.txt
LUK 20:34  wrote 042_LUK_020_034_GOI_It.txt
LUK 20:35  wrote 042_LUK_020_035_GOI_It.txt
LUK 20:36  wrote 042_LUK_020_036_GOI_It.txt
LUK 20:37  wrote 042_LUK_020_037_GOI_It.txt
LUK 20:38  wrote 042_LUK_020_038_GOI_It.txt
LUK 20:39  wrote 042_LUK_020_039_GOI_It.txt
LUK 20:40  wrote 042_LUK_020_040_GOI_It.txt
LUK 20:41  wrote 042_LUK_020_041_GOI_It.txt
LUK 20:42  wrote 042_LUK_020_042_GOI_It.txt
LUK 20:43  wrote 042_LUK_020_043_GOI_It.txt
LUK 20:44  wrote 042_LUK_020_044_GOI_It.txt
LUK 20:45  wrote 042_LUK_020_045_GOI_It.txt
LUK 20:46  wrote 042_LUK_020_046_GOI_It.txt
LUK 20:47  wrote 042_LUK_020_047_GOI_It.txt
Done. Wrote 47 verse(s); skipped 0.
LUK 21:1  wrote 042_LUK_021_001_GOI_It.txt
LUK 21:2  wrote 042_LUK_021_002_GOI_It.txt
LUK 21:3  wrote 042_LUK_021_003_GOI_It.txt
Traceback (most recent call last):
  File "/home/albert/projects/bible/Meta_Bible_Data/Bible_Noun_Extraction/translate_verses.py", line 601, in <module>
    main()
    ~~~~^^
  File "/home/albert/projects/bible/Meta_Bible_Data/Bible_Noun_Extraction/translate_verses.py", line 577, in main
    raise RuntimeError(
    ...<2 lines>...
    )
RuntimeError: LUK 21:4: rejected before write; missing required noun anchors: ['bisogno']; candidate='Poiché tutti questi gettarono nei doni di Dio dal loro superfluo, ma ella, dalla sua mancanza, gettò tutto il sostentamento che aveva.\n'
LUK 21:1  skipped (already exists)
LUK 21:2  skipped (already exists)
LUK 21:3  skipped (already exists)
LUK 21:4  wrote 042_LUK_021_004_GOI_It.txt
LUK 21:5  wrote 042_LUK_021_005_GOI_It.txt
LUK 21:6  wrote 042_LUK_021_006_GOI_It.txt
LUK 21:7  wrote 042_LUK_021_007_GOI_It.txt
LUK 21:8  wrote 042_LUK_021_008_GOI_It.txt
LUK 21:9  wrote 042_LUK_021_009_GOI_It.txt
LUK 21:10  wrote 042_LUK_021_010_GOI_It.txt
LUK 21:11  wrote 042_LUK_021_011_GOI_It.txt
LUK 21:12  wrote 042_LUK_021_012_GOI_It.txt
LUK 21:13  wrote 042_LUK_021_013_GOI_It.txt
LUK 21:14  wrote 042_LUK_021_014_GOI_It.txt
LUK 21:15  wrote 042_LUK_021_015_GOI_It.txt
LUK 21:16  wrote 042_LUK_021_016_GOI_It.txt
LUK 21:17  wrote 042_LUK_021_017_GOI_It.txt
LUK 21:18  wrote 042_LUK_021_018_GOI_It.txt
LUK 21:19  wrote 042_LUK_021_019_GOI_It.txt
LUK 21:20  wrote 042_LUK_021_020_GOI_It.txt
Traceback (most recent call last):
  File "/home/albert/projects/bible/Meta_Bible_Data/Bible_Noun_Extraction/translate_verses.py", line 601, in <module>
    main()
    ~~~~^^
  File "/home/albert/projects/bible/Meta_Bible_Data/Bible_Noun_Extraction/translate_verses.py", line 577, in main
    raise RuntimeError(
    ...<2 lines>...
    )
RuntimeError: LUK 21:21: rejected before write; missing required noun anchors: ['montagna']; candidate='Allora quelli che sono in Giudea fuggano ai monti, e quelli che sono in mezzo ad essa se ne vadano, e quelli che sono nelle regioni non entrino in essa.\n'
LUK 21:1  skipped (already exists)
LUK 21:2  skipped (already exists)
LUK 21:3  skipped (already exists)
LUK 21:4  skipped (already exists)
LUK 21:5  skipped (already exists)
LUK 21:6  skipped (already exists)
LUK 21:7  skipped (already exists)
LUK 21:8  skipped (already exists)
LUK 21:9  skipped (already exists)
LUK 21:10  skipped (already exists)
LUK 21:11  skipped (already exists)
LUK 21:12  skipped (already exists)
LUK 21:13  skipped (already exists)
LUK 21:14  skipped (already exists)
LUK 21:15  skipped (already exists)
LUK 21:16  skipped (already exists)
LUK 21:17  skipped (already exists)
LUK 21:18  skipped (already exists)
LUK 21:19  skipped (already exists)
LUK 21:20  skipped (already exists)
Traceback (most recent call last):
  File "/home/albert/projects/bible/Meta_Bible_Data/Bible_Noun_Extraction/translate_verses.py", line 601, in <module>
    main()
    ~~~~^^
  File "/home/albert/projects/bible/Meta_Bible_Data/Bible_Noun_Extraction/translate_verses.py", line 577, in main
    raise RuntimeError(
    ...<2 lines>...
    )
RuntimeError: LUK 21:21: rejected before write; missing required noun anchors: ['montagna']; candidate='Allora quelli che sono in Giudea fuggano ai monti, e quelli che sono in mezzo ad essa se ne vadano, e quelli che sono nelle regioni non entrino in essa.\n'
LUK 21:1  skipped (already exists)
LUK 21:2  skipped (already exists)
LUK 21:3  skipped (already exists)
LUK 21:4  skipped (already exists)
LUK 21:5  skipped (already exists)
LUK 21:6  skipped (already exists)
LUK 21:7  skipped (already exists)
LUK 21:8  skipped (already exists)
LUK 21:9  skipped (already exists)
LUK 21:10  skipped (already exists)
LUK 21:11  skipped (already exists)
LUK 21:12  skipped (already exists)
LUK 21:13  skipped (already exists)
LUK 21:14  skipped (already exists)
LUK 21:15  skipped (already exists)
LUK 21:16  skipped (already exists)
LUK 21:17  skipped (already exists)
LUK 21:18  skipped (already exists)
LUK 21:19  skipped (already exists)
LUK 21:20  skipped (already exists)
Traceback (most recent call last):
  File "/home/albert/projects/bible/Meta_Bible_Data/Bible_Noun_Extraction/translate_verses.py", line 601, in <module>
    main()
    ~~~~^^
  File "/home/albert/projects/bible/Meta_Bible_Data/Bible_Noun_Extraction/translate_verses.py", line 577, in main
    raise RuntimeError(
    ...<2 lines>...
    )
RuntimeError: LUK 21:21: rejected before write; missing required noun anchors: ['montagna']; candidate='Allora quelli che sono in Giudea fuggano ai monti, e quelli che sono in mezzo ad essa se ne vadano, e quelli che sono nelle regioni non entrino in essa.\n'
LUK 21:22  wrote 042_LUK_021_022_GOI_It.txt
Done. Wrote 1 verse(s); skipped 0.
LUK 21:23  wrote 042_LUK_021_023_GOI_It.txt
Done. Wrote 1 verse(s); skipped 0.
Traceback (most recent call last):
  File "/home/albert/projects/bible/Meta_Bible_Data/Bible_Noun_Extraction/translate_verses.py", line 601, in <module>
    main()
    ~~~~^^
  File "/home/albert/projects/bible/Meta_Bible_Data/Bible_Noun_Extraction/translate_verses.py", line 577, in main
    raise RuntimeError(
    ...<2 lines>...
    )
RuntimeError: LUK 21:24: rejected before write; missing required noun anchors: ['bocca']; candidate='Cadranno a fil di spada e saranno condotti prigionieri in tutte le nazioni; e Gerusalemme sarà calpestata dai gentili, finché i tempi dei gentili siano compiuti.\n'
LUK 21:25  wrote 042_LUK_021_025_GOI_It.txt
Done. Wrote 1 verse(s); skipped 0.
LUK 21:26  wrote 042_LUK_021_026_GOI_It.txt
Done. Wrote 1 verse(s); skipped 0.
LUK 21:27  wrote 042_LUK_021_027_GOI_It.txt
Done. Wrote 1 verse(s); skipped 0.
LUK 21:28  wrote 042_LUK_021_028_GOI_It.txt
Done. Wrote 1 verse(s); skipped 0.
LUK 21:29  wrote 042_LUK_021_029_GOI_It.txt
Done. Wrote 1 verse(s); skipped 0.
LUK 21:30  wrote 042_LUK_021_030_GOI_It.txt
Done. Wrote 1 verse(s); skipped 0.
LUK 21:31  wrote 042_LUK_021_031_GOI_It.txt
Done. Wrote 1 verse(s); skipped 0.
LUK 21:32  wrote 042_LUK_021_032_GOI_It.txt
Done. Wrote 1 verse(s); skipped 0.
LUK 21:33  wrote 042_LUK_021_033_GOI_It.txt
Done. Wrote 1 verse(s); skipped 0.
LUK 21:34  wrote 042_LUK_021_034_GOI_It.txt
Done. Wrote 1 verse(s); skipped 0.
LUK 21:35  wrote 042_LUK_021_035_GOI_It.txt
Done. Wrote 1 verse(s); skipped 0.
LUK 21:36  wrote 042_LUK_021_036_GOI_It.txt
Done. Wrote 1 verse(s); skipped 0.
Traceback (most recent call last):
  File "/home/albert/projects/bible/Meta_Bible_Data/Bible_Noun_Extraction/translate_verses.py", line 601, in <module>
    main()
    ~~~~^^
  File "/home/albert/projects/bible/Meta_Bible_Data/Bible_Noun_Extraction/translate_verses.py", line 577, in main
    raise RuntimeError(
    ...<2 lines>...
    )
RuntimeError: LUK 21:37: rejected before write; missing required noun anchors: ['montagna']; candidate='Di giorno insegnava nel tempio, ma di notte usciva e pernottava sul monte chiamato degli Olivi.\n'
LUK 21:38  wrote 042_LUK_021_038_GOI_It.txt
Done. Wrote 1 verse(s); skipped 0.
Traceback (most recent call last):
  File "/home/albert/projects/bible/Meta_Bible_Data/Bible_Noun_Extraction/translate_verses.py", line 601, in <module>
    main()
    ~~~~^^
  File "/home/albert/projects/bible/Meta_Bible_Data/Bible_Noun_Extraction/translate_verses.py", line 577, in main
    raise RuntimeError(
    ...<2 lines>...
    )
RuntimeError: LUK 21:24: rejected before write; missing required noun anchors: ['bocca']; candidate='Cadranno a fil di spada e saranno condotti prigionieri in tutte le nazioni, e Gerusalemme sarà calpestata dai gentili finché i tempi dei gentili siano compiuti.\n'
Traceback (most recent call last):
  File "/home/albert/projects/bible/Meta_Bible_Data/Bible_Noun_Extraction/translate_verses.py", line 601, in <module>
    main()
    ~~~~^^
  File "/home/albert/projects/bible/Meta_Bible_Data/Bible_Noun_Extraction/translate_verses.py", line 577, in main
    raise RuntimeError(
    ...<2 lines>...
    )
RuntimeError: LUK 21:37: rejected before write; missing required noun anchors: ['montagna']; candidate='Di giorno insegnava nel tempio, ma di notte, uscendo, pernottava sul monte chiamato degli Olivi.\n'
Traceback (most recent call last):
  File "/home/albert/projects/bible/Meta_Bible_Data/Bible_Noun_Extraction/translate_verses.py", line 601, in <module>
    main()
    ~~~~^^
  File "/home/albert/projects/bible/Meta_Bible_Data/Bible_Noun_Extraction/translate_verses.py", line 577, in main
    raise RuntimeError(
    ...<2 lines>...
    )
RuntimeError: LUK 21:24: rejected before write; missing required noun anchors: ['bocca']; candidate='Cadranno a fil di spada e saranno condotti prigionieri in tutte le nazioni; e Gerusalemme sarà calpestata dai gentili, finché i tempi dei gentili siano compiuti.\n'
Traceback (most recent call last):
  File "/home/albert/projects/bible/Meta_Bible_Data/Bible_Noun_Extraction/translate_verses.py", line 601, in <module>
    main()
    ~~~~^^
  File "/home/albert/projects/bible/Meta_Bible_Data/Bible_Noun_Extraction/translate_verses.py", line 577, in main
    raise RuntimeError(
    ...<2 lines>...
    )
RuntimeError: LUK 21:37: rejected before write; missing required noun anchors: ['montagna']; candidate='Di giorno insegnava nel tempio, ma di notte, uscendo, pernottava sul monte chiamato degli Olivi.\n'
LUK 22:1  wrote 042_LUK_022_001_GOI_It.txt
LUK 22:2  wrote 042_LUK_022_002_GOI_It.txt
LUK 22:3  wrote 042_LUK_022_003_GOI_It.txt
LUK 22:4  wrote 042_LUK_022_004_GOI_It.txt
LUK 22:5  wrote 042_LUK_022_005_GOI_It.txt
LUK 22:6  wrote 042_LUK_022_006_GOI_It.txt
LUK 22:7  wrote 042_LUK_022_007_GOI_It.txt
LUK 22:8  wrote 042_LUK_022_008_GOI_It.txt
LUK 22:9  wrote 042_LUK_022_009_GOI_It.txt
LUK 22:10  wrote 042_LUK_022_010_GOI_It.txt
LUK 22:11  wrote 042_LUK_022_011_GOI_It.txt
LUK 22:12  wrote 042_LUK_022_012_GOI_It.txt
LUK 22:13  wrote 042_LUK_022_013_GOI_It.txt
LUK 22:14  wrote 042_LUK_022_014_GOI_It.txt
LUK 22:15  wrote 042_LUK_022_015_GOI_It.txt
LUK 22:16  wrote 042_LUK_022_016_GOI_It.txt
LUK 22:17  wrote 042_LUK_022_017_GOI_It.txt
LUK 22:18  wrote 042_LUK_022_018_GOI_It.txt
LUK 22:19  wrote 042_LUK_022_019_GOI_It.txt
LUK 22:20  wrote 042_LUK_022_020_GOI_It.txt
LUK 22:21  wrote 042_LUK_022_021_GOI_It.txt
LUK 22:22  wrote 042_LUK_022_022_GOI_It.txt
LUK 22:23  wrote 042_LUK_022_023_GOI_It.txt
LUK 22:24  wrote 042_LUK_022_024_GOI_It.txt
LUK 22:25  wrote 042_LUK_022_025_GOI_It.txt
LUK 22:26  wrote 042_LUK_022_026_GOI_It.txt
LUK 22:27  wrote 042_LUK_022_027_GOI_It.txt
LUK 22:28  wrote 042_LUK_022_028_GOI_It.txt
LUK 22:29  wrote 042_LUK_022_029_GOI_It.txt
LUK 22:30  wrote 042_LUK_022_030_GOI_It.txt
LUK 22:31  wrote 042_LUK_022_031_GOI_It.txt
LUK 22:32  wrote 042_LUK_022_032_GOI_It.txt
LUK 22:33  wrote 042_LUK_022_033_GOI_It.txt
LUK 22:34  wrote 042_LUK_022_034_GOI_It.txt
LUK 22:35  wrote 042_LUK_022_035_GOI_It.txt
LUK 22:36  wrote 042_LUK_022_036_GOI_It.txt
LUK 22:37  wrote 042_LUK_022_037_GOI_It.txt
LUK 22:38  wrote 042_LUK_022_038_GOI_It.txt
Traceback (most recent call last):
  File "/home/albert/projects/bible/Meta_Bible_Data/Bible_Noun_Extraction/translate_verses.py", line 601, in <module>
    main()
    ~~~~^^
  File "/home/albert/projects/bible/Meta_Bible_Data/Bible_Noun_Extraction/translate_verses.py", line 577, in main
    raise RuntimeError(
    ...<2 lines>...
    )
RuntimeError: LUK 22:39: rejected before write; missing required noun anchors: ['montagna', 'olivo']; candidate='Uscito, andò secondo la sua usanza al monte degli ulivi, e anche i suoi discepoli lo seguirono.\n'
LUK 22:1  skipped (already exists)
LUK 22:2  skipped (already exists)
LUK 22:3  skipped (already exists)
LUK 22:4  skipped (already exists)
LUK 22:5  skipped (already exists)
LUK 22:6  skipped (already exists)
LUK 22:7  skipped (already exists)
LUK 22:8  skipped (already exists)
LUK 22:9  skipped (already exists)
LUK 22:10  skipped (already exists)
LUK 22:11  skipped (already exists)
LUK 22:12  skipped (already exists)
LUK 22:13  skipped (already exists)
LUK 22:14  skipped (already exists)
LUK 22:15  skipped (already exists)
LUK 22:16  skipped (already exists)
LUK 22:17  skipped (already exists)
LUK 22:18  skipped (already exists)
LUK 22:19  skipped (already exists)
LUK 22:20  skipped (already exists)
LUK 22:21  skipped (already exists)
LUK 22:22  skipped (already exists)
LUK 22:23  skipped (already exists)
LUK 22:24  skipped (already exists)
LUK 22:25  skipped (already exists)
LUK 22:26  skipped (already exists)
LUK 22:27  skipped (already exists)
LUK 22:28  skipped (already exists)
LUK 22:29  skipped (already exists)
LUK 22:30  skipped (already exists)
LUK 22:31  skipped (already exists)
LUK 22:32  skipped (already exists)
LUK 22:33  skipped (already exists)
LUK 22:34  skipped (already exists)
LUK 22:35  skipped (already exists)
LUK 22:36  skipped (already exists)
LUK 22:37  skipped (already exists)
LUK 22:38  skipped (already exists)
Traceback (most recent call last):
  File "/home/albert/projects/bible/Meta_Bible_Data/Bible_Noun_Extraction/translate_verses.py", line 601, in <module>
    main()
    ~~~~^^
  File "/home/albert/projects/bible/Meta_Bible_Data/Bible_Noun_Extraction/translate_verses.py", line 577, in main
    raise RuntimeError(
    ...<2 lines>...
    )
RuntimeError: LUK 22:39: rejected before write; missing required noun anchors: ['montagna', 'olivo']; candidate='Uscito, andò secondo la sua usanza al monte degli ulivi; e anche i suoi discepoli lo seguirono.\n'
LUK 22:1  skipped (already exists)
LUK 22:2  skipped (already exists)
LUK 22:3  skipped (already exists)
LUK 22:4  skipped (already exists)
LUK 22:5  skipped (already exists)
LUK 22:6  skipped (already exists)
LUK 22:7  skipped (already exists)
LUK 22:8  skipped (already exists)
LUK 22:9  skipped (already exists)
LUK 22:10  skipped (already exists)
LUK 22:11  skipped (already exists)
LUK 22:12  skipped (already exists)
LUK 22:13  skipped (already exists)
LUK 22:14  skipped (already exists)
LUK 22:15  skipped (already exists)
LUK 22:16  skipped (already exists)
LUK 22:17  skipped (already exists)
LUK 22:18  skipped (already exists)
LUK 22:19  skipped (already exists)
LUK 22:20  skipped (already exists)
LUK 22:21  skipped (already exists)
LUK 22:22  skipped (already exists)
LUK 22:23  skipped (already exists)
LUK 22:24  skipped (already exists)
LUK 22:25  skipped (already exists)
LUK 22:26  skipped (already exists)
LUK 22:27  skipped (already exists)
LUK 22:28  skipped (already exists)
LUK 22:29  skipped (already exists)
LUK 22:30  skipped (already exists)
LUK 22:31  skipped (already exists)
LUK 22:32  skipped (already exists)
LUK 22:33  skipped (already exists)
LUK 22:34  skipped (already exists)
LUK 22:35  skipped (already exists)
LUK 22:36  skipped (already exists)
LUK 22:37  skipped (already exists)
LUK 22:38  skipped (already exists)
Traceback (most recent call last):
  File "/home/albert/projects/bible/Meta_Bible_Data/Bible_Noun_Extraction/translate_verses.py", line 601, in <module>
    main()
    ~~~~^^
  File "/home/albert/projects/bible/Meta_Bible_Data/Bible_Noun_Extraction/translate_verses.py", line 577, in main
    raise RuntimeError(
    ...<2 lines>...
    )
RuntimeError: LUK 22:39: rejected before write; missing required noun anchors: ['montagna', 'olivo']; candidate='Uscito, andò secondo la sua usanza al monte degli ulivi, e anche i suoi discepoli lo seguirono.\n'
LUK 22:40  wrote 042_LUK_022_040_GOI_It.txt
Done. Wrote 1 verse(s); skipped 0.
LUK 22:41  wrote 042_LUK_022_041_GOI_It.txt
Done. Wrote 1 verse(s); skipped 0.
LUK 22:42  wrote 042_LUK_022_042_GOI_It.txt
Done. Wrote 1 verse(s); skipped 0.
LUK 22:43  wrote 042_LUK_022_043_GOI_It.txt
Done. Wrote 1 verse(s); skipped 0.
LUK 22:44  wrote 042_LUK_022_044_GOI_It.txt
Done. Wrote 1 verse(s); skipped 0.
LUK 22:45  wrote 042_LUK_022_045_GOI_It.txt
Done. Wrote 1 verse(s); skipped 0.
LUK 22:46  wrote 042_LUK_022_046_GOI_It.txt
Done. Wrote 1 verse(s); skipped 0.
LUK 22:47  wrote 042_LUK_022_047_GOI_It.txt
Done. Wrote 1 verse(s); skipped 0.
LUK 22:48  wrote 042_LUK_022_048_GOI_It.txt
Done. Wrote 1 verse(s); skipped 0.
LUK 22:49  wrote 042_LUK_022_049_GOI_It.txt
Done. Wrote 1 verse(s); skipped 0.
LUK 22:50  wrote 042_LUK_022_050_GOI_It.txt
Done. Wrote 1 verse(s); skipped 0.
LUK 22:51  wrote 042_LUK_022_051_GOI_It.txt
Done. Wrote 1 verse(s); skipped 0.
LUK 22:52  wrote 042_LUK_022_052_GOI_It.txt
Done. Wrote 1 verse(s); skipped 0.
LUK 22:53  wrote 042_LUK_022_053_GOI_It.txt
Done. Wrote 1 verse(s); skipped 0.
LUK 22:54  wrote 042_LUK_022_054_GOI_It.txt
Done. Wrote 1 verse(s); skipped 0.
LUK 22:55  wrote 042_LUK_022_055_GOI_It.txt
Done. Wrote 1 verse(s); skipped 0.
LUK 22:56  wrote 042_LUK_022_056_GOI_It.txt
Done. Wrote 1 verse(s); skipped 0.
LUK 22:57  wrote 042_LUK_022_057_GOI_It.txt
Done. Wrote 1 verse(s); skipped 0.
LUK 22:58  wrote 042_LUK_022_058_GOI_It.txt
Done. Wrote 1 verse(s); skipped 0.
LUK 22:59  wrote 042_LUK_022_059_GOI_It.txt
Done. Wrote 1 verse(s); skipped 0.
LUK 22:60  wrote 042_LUK_022_060_GOI_It.txt
Done. Wrote 1 verse(s); skipped 0.
LUK 22:61  wrote 042_LUK_022_061_GOI_It.txt
Done. Wrote 1 verse(s); skipped 0.
LUK 22:62  wrote 042_LUK_022_062_GOI_It.txt
Done. Wrote 1 verse(s); skipped 0.
LUK 22:63  wrote 042_LUK_022_063_GOI_It.txt
Done. Wrote 1 verse(s); skipped 0.
LUK 22:64  wrote 042_LUK_022_064_GOI_It.txt
Done. Wrote 1 verse(s); skipped 0.
LUK 22:65  wrote 042_LUK_022_065_GOI_It.txt
Done. Wrote 1 verse(s); skipped 0.
LUK 22:66  wrote 042_LUK_022_066_GOI_It.txt
Done. Wrote 1 verse(s); skipped 0.
LUK 22:67  wrote 042_LUK_022_067_GOI_It.txt
Done. Wrote 1 verse(s); skipped 0.
LUK 22:68  wrote 042_LUK_022_068_GOI_It.txt
Done. Wrote 1 verse(s); skipped 0.
LUK 22:69  wrote 042_LUK_022_069_GOI_It.txt
Done. Wrote 1 verse(s); skipped 0.
LUK 22:70  wrote 042_LUK_022_070_GOI_It.txt
Done. Wrote 1 verse(s); skipped 0.
Traceback (most recent call last):
  File "/home/albert/projects/bible/Meta_Bible_Data/Bible_Noun_Extraction/translate_verses.py", line 601, in <module>
    main()
    ~~~~^^
  File "/home/albert/projects/bible/Meta_Bible_Data/Bible_Noun_Extraction/translate_verses.py", line 577, in main
    raise RuntimeError(
    ...<2 lines>...
    )
RuntimeError: LUK 22:71: rejected before write; missing required noun anchors: ['necessità']; candidate='Ed essi dissero: "Che bisogno abbiamo ancora di testimonianza? Poiché noi stessi l\'abbiamo udito dalla sua bocca".\n'
Traceback (most recent call last):
  File "/home/albert/projects/bible/Meta_Bible_Data/Bible_Noun_Extraction/translate_verses.py", line 601, in <module>
    main()
    ~~~~^^
  File "/home/albert/projects/bible/Meta_Bible_Data/Bible_Noun_Extraction/translate_verses.py", line 577, in main
    raise RuntimeError(
    ...<2 lines>...
    )
RuntimeError: LUK 22:71: rejected before write; missing required noun anchors: ['necessità']; candidate='Ed essi dissero: "Che bisogno abbiamo ancora di testimonianza? Poiché noi stessi l\'abbiamo udito dalla sua bocca".\n'
Traceback (most recent call last):
  File "/home/albert/projects/bible/Meta_Bible_Data/Bible_Noun_Extraction/translate_verses.py", line 601, in <module>
    main()
    ~~~~^^
  File "/home/albert/projects/bible/Meta_Bible_Data/Bible_Noun_Extraction/translate_verses.py", line 577, in main
    raise RuntimeError(
    ...<2 lines>...
    )
RuntimeError: LUK 22:71: rejected before write; missing required noun anchors: ['necessità']; candidate='Ed essi dissero: "Che bisogno abbiamo ancora di testimonianza? Poiché noi stessi l\'abbiamo udito dalla sua bocca".\n'
LUK 23:1  wrote 042_LUK_023_001_GOI_It.txt
LUK 23:2  wrote 042_LUK_023_002_GOI_It.txt
LUK 23:3  wrote 042_LUK_023_003_GOI_It.txt
LUK 23:4  wrote 042_LUK_023_004_GOI_It.txt
LUK 23:5  wrote 042_LUK_023_005_GOI_It.txt
LUK 23:6  wrote 042_LUK_023_006_GOI_It.txt
LUK 23:7  wrote 042_LUK_023_007_GOI_It.txt
LUK 23:8  wrote 042_LUK_023_008_GOI_It.txt
LUK 23:9  wrote 042_LUK_023_009_GOI_It.txt
LUK 23:10  wrote 042_LUK_023_010_GOI_It.txt
LUK 23:11  wrote 042_LUK_023_011_GOI_It.txt
LUK 23:12  wrote 042_LUK_023_012_GOI_It.txt
LUK 23:13  wrote 042_LUK_023_013_GOI_It.txt
LUK 23:14  wrote 042_LUK_023_014_GOI_It.txt
LUK 23:15  wrote 042_LUK_023_015_GOI_It.txt
LUK 23:16  wrote 042_LUK_023_016_GOI_It.txt
LUK 23:17  wrote 042_LUK_023_017_GOI_It.txt
LUK 23:18  wrote 042_LUK_023_018_GOI_It.txt
LUK 23:19  wrote 042_LUK_023_019_GOI_It.txt
LUK 23:20  wrote 042_LUK_023_020_GOI_It.txt
LUK 23:21  wrote 042_LUK_023_021_GOI_It.txt
LUK 23:22  wrote 042_LUK_023_022_GOI_It.txt
LUK 23:23  wrote 042_LUK_023_023_GOI_It.txt
LUK 23:24  wrote 042_LUK_023_024_GOI_It.txt
LUK 23:25  wrote 042_LUK_023_025_GOI_It.txt
LUK 23:26  wrote 042_LUK_023_026_GOI_It.txt
LUK 23:27  wrote 042_LUK_023_027_GOI_It.txt
LUK 23:28  wrote 042_LUK_023_028_GOI_It.txt
LUK 23:29  wrote 042_LUK_023_029_GOI_It.txt
Traceback (most recent call last):
  File "/home/albert/projects/bible/Meta_Bible_Data/Bible_Noun_Extraction/translate_verses.py", line 601, in <module>
    main()
    ~~~~^^
  File "/home/albert/projects/bible/Meta_Bible_Data/Bible_Noun_Extraction/translate_verses.py", line 577, in main
    raise RuntimeError(
    ...<2 lines>...
    )
RuntimeError: LUK 23:30: rejected before write; missing required noun anchors: ['montagna']; candidate='Allora cominceranno a dire ai monti: "Cadete su di noi", e alle colline: "Copriteci".\n'
LUK 23:1  skipped (already exists)
LUK 23:2  skipped (already exists)
LUK 23:3  skipped (already exists)
LUK 23:4  skipped (already exists)
LUK 23:5  skipped (already exists)
LUK 23:6  skipped (already exists)
LUK 23:7  skipped (already exists)
LUK 23:8  skipped (already exists)
LUK 23:9  skipped (already exists)
LUK 23:10  skipped (already exists)
LUK 23:11  skipped (already exists)
LUK 23:12  skipped (already exists)
LUK 23:13  skipped (already exists)
LUK 23:14  skipped (already exists)
LUK 23:15  skipped (already exists)
LUK 23:16  skipped (already exists)
LUK 23:17  skipped (already exists)
LUK 23:18  skipped (already exists)
LUK 23:19  skipped (already exists)
LUK 23:20  skipped (already exists)
LUK 23:21  skipped (already exists)
LUK 23:22  skipped (already exists)
LUK 23:23  skipped (already exists)
LUK 23:24  skipped (already exists)
LUK 23:25  skipped (already exists)
LUK 23:26  skipped (already exists)
LUK 23:27  skipped (already exists)
LUK 23:28  skipped (already exists)
LUK 23:29  skipped (already exists)
Traceback (most recent call last):
  File "/home/albert/projects/bible/Meta_Bible_Data/Bible_Noun_Extraction/translate_verses.py", line 601, in <module>
    main()
    ~~~~^^
  File "/home/albert/projects/bible/Meta_Bible_Data/Bible_Noun_Extraction/translate_verses.py", line 577, in main
    raise RuntimeError(
    ...<2 lines>...
    )
RuntimeError: LUK 23:30: rejected before write; missing required noun anchors: ['montagna']; candidate='Allora cominceranno a dire ai monti: "Cadete su di noi", e alle colline: "Copriteci".\n'
LUK 23:1  skipped (already exists)
LUK 23:2  skipped (already exists)
LUK 23:3  skipped (already exists)
LUK 23:4  skipped (already exists)
LUK 23:5  skipped (already exists)
LUK 23:6  skipped (already exists)
LUK 23:7  skipped (already exists)
LUK 23:8  skipped (already exists)
LUK 23:9  skipped (already exists)
LUK 23:10  skipped (already exists)
LUK 23:11  skipped (already exists)
LUK 23:12  skipped (already exists)
LUK 23:13  skipped (already exists)
LUK 23:14  skipped (already exists)
LUK 23:15  skipped (already exists)
LUK 23:16  skipped (already exists)
LUK 23:17  skipped (already exists)
LUK 23:18  skipped (already exists)
LUK 23:19  skipped (already exists)
LUK 23:20  skipped (already exists)
LUK 23:21  skipped (already exists)
LUK 23:22  skipped (already exists)
LUK 23:23  skipped (already exists)
LUK 23:24  skipped (already exists)
LUK 23:25  skipped (already exists)
LUK 23:26  skipped (already exists)
LUK 23:27  skipped (already exists)
LUK 23:28  skipped (already exists)
LUK 23:29  skipped (already exists)
Traceback (most recent call last):
  File "/home/albert/projects/bible/Meta_Bible_Data/Bible_Noun_Extraction/translate_verses.py", line 601, in <module>
    main()
    ~~~~^^
  File "/home/albert/projects/bible/Meta_Bible_Data/Bible_Noun_Extraction/translate_verses.py", line 577, in main
    raise RuntimeError(
    ...<2 lines>...
    )
RuntimeError: LUK 23:30: rejected before write; missing required noun anchors: ['montagna']; candidate='Allora cominceranno a dire ai monti: "Cadete su di noi", e alle colline: "Copriteci".\n'
LUK 23:31  wrote 042_LUK_023_031_GOI_It.txt
Done. Wrote 1 verse(s); skipped 0.
LUK 23:32  wrote 042_LUK_023_032_GOI_It.txt
Done. Wrote 1 verse(s); skipped 0.
LUK 23:33  wrote 042_LUK_023_033_GOI_It.txt
Done. Wrote 1 verse(s); skipped 0.
Traceback (most recent call last):
  File "/home/albert/projects/bible/Meta_Bible_Data/Bible_Noun_Extraction/translate_verses.py", line 601, in <module>
    main()
    ~~~~^^
  File "/home/albert/projects/bible/Meta_Bible_Data/Bible_Noun_Extraction/translate_verses.py", line 577, in main
    raise RuntimeError(
    ...<2 lines>...
    )
RuntimeError: LUK 23:34: rejected before write; missing required noun anchors: ['vestito']; candidate='Ma Gesù diceva: Padre, perdona loro, perché non sanno quello che fanno. E dividendo le sue vesti, gettarono la sorte.\n'
LUK 23:35  wrote 042_LUK_023_035_GOI_It.txt
Done. Wrote 1 verse(s); skipped 0.
LUK 23:36  wrote 042_LUK_023_036_GOI_It.txt
Done. Wrote 1 verse(s); skipped 0.
LUK 23:37  wrote 042_LUK_023_037_GOI_It.txt
Done. Wrote 1 verse(s); skipped 0.
LUK 23:38  wrote 042_LUK_023_038_GOI_It.txt
Done. Wrote 1 verse(s); skipped 0.
LUK 23:39  wrote 042_LUK_023_039_GOI_It.txt
Done. Wrote 1 verse(s); skipped 0.
LUK 23:40  wrote 042_LUK_023_040_GOI_It.txt
Done. Wrote 1 verse(s); skipped 0.
LUK 23:41  wrote 042_LUK_023_041_GOI_It.txt
Done. Wrote 1 verse(s); skipped 0.
LUK 23:42  wrote 042_LUK_023_042_GOI_It.txt
Done. Wrote 1 verse(s); skipped 0.
LUK 23:43  wrote 042_LUK_023_043_GOI_It.txt
Done. Wrote 1 verse(s); skipped 0.
LUK 23:44  wrote 042_LUK_023_044_GOI_It.txt
Done. Wrote 1 verse(s); skipped 0.
LUK 23:45  wrote 042_LUK_023_045_GOI_It.txt
Done. Wrote 1 verse(s); skipped 0.
LUK 23:46  wrote 042_LUK_023_046_GOI_It.txt
Done. Wrote 1 verse(s); skipped 0.
LUK 23:47  wrote 042_LUK_023_047_GOI_It.txt
Done. Wrote 1 verse(s); skipped 0.
LUK 23:48  wrote 042_LUK_023_048_GOI_It.txt
Done. Wrote 1 verse(s); skipped 0.
LUK 23:49  wrote 042_LUK_023_049_GOI_It.txt
Done. Wrote 1 verse(s); skipped 0.
LUK 23:50  wrote 042_LUK_023_050_GOI_It.txt
Done. Wrote 1 verse(s); skipped 0.
LUK 23:51  wrote 042_LUK_023_051_GOI_It.txt
Done. Wrote 1 verse(s); skipped 0.
LUK 23:52  wrote 042_LUK_023_052_GOI_It.txt
Done. Wrote 1 verse(s); skipped 0.
LUK 23:53  wrote 042_LUK_023_053_GOI_It.txt
Done. Wrote 1 verse(s); skipped 0.
LUK 23:54  wrote 042_LUK_023_054_GOI_It.txt
Done. Wrote 1 verse(s); skipped 0.
LUK 23:55  wrote 042_LUK_023_055_GOI_It.txt
Done. Wrote 1 verse(s); skipped 0.
LUK 23:56  wrote 042_LUK_023_056_GOI_It.txt
Done. Wrote 1 verse(s); skipped 0.
Traceback (most recent call last):
  File "/home/albert/projects/bible/Meta_Bible_Data/Bible_Noun_Extraction/translate_verses.py", line 601, in <module>
    main()
    ~~~~^^
  File "/home/albert/projects/bible/Meta_Bible_Data/Bible_Noun_Extraction/translate_verses.py", line 577, in main
    raise RuntimeError(
    ...<2 lines>...
    )
RuntimeError: LUK 23:34: rejected before write; missing required noun anchors: ['vestito']; candidate='Ma Gesù diceva: Padre, perdona loro, perché non sanno quello che fanno. E dividendo le sue vesti, gettarono la sorte.\n'
Traceback (most recent call last):
  File "/home/albert/projects/bible/Meta_Bible_Data/Bible_Noun_Extraction/translate_verses.py", line 601, in <module>
    main()
    ~~~~^^
  File "/home/albert/projects/bible/Meta_Bible_Data/Bible_Noun_Extraction/translate_verses.py", line 577, in main
    raise RuntimeError(
    ...<2 lines>...
    )
RuntimeError: LUK 23:34: rejected before write; missing required noun anchors: ['vestito']; candidate='Ma Gesù diceva: Padre, perdona loro, perché non sanno quello che fanno. E dividendo le sue vesti, gettarono la sorte.\n'
Traceback (most recent call last):
  File "/home/albert/projects/bible/Meta_Bible_Data/Bible_Noun_Extraction/translate_verses.py", line 601, in <module>
    main()
    ~~~~^^
  File "/home/albert/projects/bible/Meta_Bible_Data/Bible_Noun_Extraction/translate_verses.py", line 577, in main
    raise RuntimeError(
    ...<2 lines>...
    )
RuntimeError: LUK 24:1: rejected before write; missing required noun anchors: ['sabato', 'tomba']; candidate='Ma il primo giorno della settimana, di buon mattino, vennero al sepolcro portando gli aromi che avevano preparato, e alcune altre donne con loro.\n'
Traceback (most recent call last):
  File "/home/albert/projects/bible/Meta_Bible_Data/Bible_Noun_Extraction/translate_verses.py", line 601, in <module>
    main()
    ~~~~^^
  File "/home/albert/projects/bible/Meta_Bible_Data/Bible_Noun_Extraction/translate_verses.py", line 577, in main
    raise RuntimeError(
    ...<2 lines>...
    )
RuntimeError: LUK 24:1: rejected before write; missing required noun anchors: ['sabato', 'tomba']; candidate='Ma il primo giorno della settimana, di buon mattino, vennero al sepolcro portando gli aromi che avevano preparato, e alcune altre donne con loro.\n'
Traceback (most recent call last):
  File "/home/albert/projects/bible/Meta_Bible_Data/Bible_Noun_Extraction/translate_verses.py", line 601, in <module>
    main()
    ~~~~^^
  File "/home/albert/projects/bible/Meta_Bible_Data/Bible_Noun_Extraction/translate_verses.py", line 577, in main
    raise RuntimeError(
    ...<2 lines>...
    )
RuntimeError: LUK 24:1: rejected before write; missing required noun anchors: ['sabato', 'tomba']; candidate='Ma il primo giorno della settimana, di buon mattino, vennero al sepolcro portando gli aromi che avevano preparato, e alcune altre donne con loro.\n'
LUK 24:2  wrote 042_LUK_024_002_GOI_It.txt
Done. Wrote 1 verse(s); skipped 0.
LUK 24:3  wrote 042_LUK_024_003_GOI_It.txt
Done. Wrote 1 verse(s); skipped 0.
LUK 24:4  wrote 042_LUK_024_004_GOI_It.txt
Done. Wrote 1 verse(s); skipped 0.
LUK 24:5  wrote 042_LUK_024_005_GOI_It.txt
Done. Wrote 1 verse(s); skipped 0.
LUK 24:6  wrote 042_LUK_024_006_GOI_It.txt
Done. Wrote 1 verse(s); skipped 0.
LUK 24:7  wrote 042_LUK_024_007_GOI_It.txt
Done. Wrote 1 verse(s); skipped 0.
LUK 24:8  wrote 042_LUK_024_008_GOI_It.txt
Done. Wrote 1 verse(s); skipped 0.
Traceback (most recent call last):
  File "/home/albert/projects/bible/Meta_Bible_Data/Bible_Noun_Extraction/translate_verses.py", line 601, in <module>
    main()
    ~~~~^^
  File "/home/albert/projects/bible/Meta_Bible_Data/Bible_Noun_Extraction/translate_verses.py", line 577, in main
    raise RuntimeError(
    ...<2 lines>...
    )
RuntimeError: LUK 24:9: rejected before write; missing required noun anchors: ['tomba']; candidate='E tornando dal sepolcro, riferirono tutte queste cose agli undici e a tutti gli altri.\n'
LUK 24:10  wrote 042_LUK_024_010_GOI_It.txt
Done. Wrote 1 verse(s); skipped 0.
LUK 24:11  wrote 042_LUK_024_011_GOI_It.txt
Done. Wrote 1 verse(s); skipped 0.
LUK 24:12  wrote 042_LUK_024_012_GOI_It.txt
Done. Wrote 1 verse(s); skipped 0.
LUK 24:13  wrote 042_LUK_024_013_GOI_It.txt
Done. Wrote 1 verse(s); skipped 0.
LUK 24:14  wrote 042_LUK_024_014_GOI_It.txt
Done. Wrote 1 verse(s); skipped 0.
LUK 24:15  wrote 042_LUK_024_015_GOI_It.txt
Done. Wrote 1 verse(s); skipped 0.
LUK 24:16  wrote 042_LUK_024_016_GOI_It.txt
Done. Wrote 1 verse(s); skipped 0.
LUK 24:17  wrote 042_LUK_024_017_GOI_It.txt
Done. Wrote 1 verse(s); skipped 0.
LUK 24:18  wrote 042_LUK_024_018_GOI_It.txt
Done. Wrote 1 verse(s); skipped 0.
LUK 24:19  wrote 042_LUK_024_019_GOI_It.txt
Done. Wrote 1 verse(s); skipped 0.
LUK 24:20  wrote 042_LUK_024_020_GOI_It.txt
Done. Wrote 1 verse(s); skipped 0.
LUK 24:21  wrote 042_LUK_024_021_GOI_It.txt
Done. Wrote 1 verse(s); skipped 0.
Traceback (most recent call last):
  File "/home/albert/projects/bible/Meta_Bible_Data/Bible_Noun_Extraction/translate_verses.py", line 601, in <module>
    main()
    ~~~~^^
  File "/home/albert/projects/bible/Meta_Bible_Data/Bible_Noun_Extraction/translate_verses.py", line 577, in main
    raise RuntimeError(
    ...<2 lines>...
    )
RuntimeError: LUK 24:22: rejected before write; missing required noun anchors: ['tomba']; candidate='Ma anche alcune donne tra di noi ci hanno sconvolte, essendo giunte di buon mattino al sepolcro.\n'
LUK 24:23  wrote 042_LUK_024_023_GOI_It.txt
Done. Wrote 1 verse(s); skipped 0.
Traceback (most recent call last):
  File "/home/albert/projects/bible/Meta_Bible_Data/Bible_Noun_Extraction/translate_verses.py", line 601, in <module>
    main()
    ~~~~^^
  File "/home/albert/projects/bible/Meta_Bible_Data/Bible_Noun_Extraction/translate_verses.py", line 577, in main
    raise RuntimeError(
    ...<2 lines>...
    )
RuntimeError: LUK 24:24: rejected before write; missing required noun anchors: ['tomba']; candidate='E alcuni di quelli che erano con noi andarono al sepolcro e trovarono proprio come le donne avevano detto, ma lui non lo videro.\n'
LUK 24:25  wrote 042_LUK_024_025_GOI_It.txt
Done. Wrote 1 verse(s); skipped 0.
LUK 24:26  wrote 042_LUK_024_026_GOI_It.txt
Done. Wrote 1 verse(s); skipped 0.
LUK 24:27  wrote 042_LUK_024_027_GOI_It.txt
Done. Wrote 1 verse(s); skipped 0.
LUK 24:28  wrote 042_LUK_024_028_GOI_It.txt
Done. Wrote 1 verse(s); skipped 0.
LUK 24:29  wrote 042_LUK_024_029_GOI_It.txt
Done. Wrote 1 verse(s); skipped 0.
LUK 24:30  wrote 042_LUK_024_030_GOI_It.txt
Done. Wrote 1 verse(s); skipped 0.
LUK 24:31  wrote 042_LUK_024_031_GOI_It.txt
Done. Wrote 1 verse(s); skipped 0.
LUK 24:32  wrote 042_LUK_024_032_GOI_It.txt
Done. Wrote 1 verse(s); skipped 0.
LUK 24:33  wrote 042_LUK_024_033_GOI_It.txt
Done. Wrote 1 verse(s); skipped 0.
LUK 24:34  wrote 042_LUK_024_034_GOI_It.txt
Done. Wrote 1 verse(s); skipped 0.
LUK 24:35  wrote 042_LUK_024_035_GOI_It.txt
Done. Wrote 1 verse(s); skipped 0.
LUK 24:36  wrote 042_LUK_024_036_GOI_It.txt
Done. Wrote 1 verse(s); skipped 0.
LUK 24:37  wrote 042_LUK_024_037_GOI_It.txt
Done. Wrote 1 verse(s); skipped 0.
LUK 24:38  wrote 042_LUK_024_038_GOI_It.txt
Done. Wrote 1 verse(s); skipped 0.
LUK 24:39  wrote 042_LUK_024_039_GOI_It.txt
Done. Wrote 1 verse(s); skipped 0.
LUK 24:40  wrote 042_LUK_024_040_GOI_It.txt
Done. Wrote 1 verse(s); skipped 0.
LUK 24:41  wrote 042_LUK_024_041_GOI_It.txt
Done. Wrote 1 verse(s); skipped 0.
LUK 24:42  wrote 042_LUK_024_042_GOI_It.txt
Done. Wrote 1 verse(s); skipped 0.
LUK 24:43  wrote 042_LUK_024_043_GOI_It.txt
Done. Wrote 1 verse(s); skipped 0.
LUK 24:44  wrote 042_LUK_024_044_GOI_It.txt
Done. Wrote 1 verse(s); skipped 0.
LUK 24:45  wrote 042_LUK_024_045_GOI_It.txt
Done. Wrote 1 verse(s); skipped 0.
LUK 24:46  wrote 042_LUK_024_046_GOI_It.txt
Done. Wrote 1 verse(s); skipped 0.
LUK 24:47  wrote 042_LUK_024_047_GOI_It.txt
Done. Wrote 1 verse(s); skipped 0.
LUK 24:48  wrote 042_LUK_024_048_GOI_It.txt
Done. Wrote 1 verse(s); skipped 0.
LUK 24:49  wrote 042_LUK_024_049_GOI_It.txt
Done. Wrote 1 verse(s); skipped 0.
LUK 24:50  wrote 042_LUK_024_050_GOI_It.txt
Done. Wrote 1 verse(s); skipped 0.
LUK 24:51  wrote 042_LUK_024_051_GOI_It.txt
Done. Wrote 1 verse(s); skipped 0.
LUK 24:52  wrote 042_LUK_024_052_GOI_It.txt
Done. Wrote 1 verse(s); skipped 0.
LUK 24:53  wrote 042_LUK_024_053_GOI_It.txt
Done. Wrote 1 verse(s); skipped 0.
Traceback (most recent call last):
  File "/home/albert/projects/bible/Meta_Bible_Data/Bible_Noun_Extraction/translate_verses.py", line 601, in <module>
    main()
    ~~~~^^
  File "/home/albert/projects/bible/Meta_Bible_Data/Bible_Noun_Extraction/translate_verses.py", line 577, in main
    raise RuntimeError(
    ...<2 lines>...
    )
RuntimeError: LUK 24:9: rejected before write; missing required noun anchors: ['tomba']; candidate='E tornando dal sepolcro, riferirono tutte queste cose agli undici e a tutti gli altri.\n'
Traceback (most recent call last):
  File "/home/albert/projects/bible/Meta_Bible_Data/Bible_Noun_Extraction/translate_verses.py", line 601, in <module>
    main()
    ~~~~^^
  File "/home/albert/projects/bible/Meta_Bible_Data/Bible_Noun_Extraction/translate_verses.py", line 577, in main
    raise RuntimeError(
    ...<2 lines>...
    )
RuntimeError: LUK 24:22: rejected before write; missing required noun anchors: ['tomba']; candidate='Ma anche alcune donne tra di noi ci hanno sconvolti, essendo giunte di buon mattino al sepolcro.\n'
Traceback (most recent call last):
  File "/home/albert/projects/bible/Meta_Bible_Data/Bible_Noun_Extraction/translate_verses.py", line 601, in <module>
    main()
    ~~~~^^
  File "/home/albert/projects/bible/Meta_Bible_Data/Bible_Noun_Extraction/translate_verses.py", line 577, in main
    raise RuntimeError(
    ...<2 lines>...
    )
RuntimeError: LUK 24:24: rejected before write; missing required noun anchors: ['tomba']; candidate='E alcuni di quelli che erano con noi andarono al sepolcro e trovarono proprio come le donne avevano detto, ma lui non lo videro.\n'
Traceback (most recent call last):
  File "/home/albert/projects/bible/Meta_Bible_Data/Bible_Noun_Extraction/translate_verses.py", line 601, in <module>
    main()
    ~~~~^^
  File "/home/albert/projects/bible/Meta_Bible_Data/Bible_Noun_Extraction/translate_verses.py", line 577, in main
    raise RuntimeError(
    ...<2 lines>...
    )
RuntimeError: LUK 24:9: rejected before write; missing required noun anchors: ['tomba']; candidate='E tornando dal sepolcro, riferirono tutte queste cose agli undici e a tutti gli altri.\n'
Traceback (most recent call last):
  File "/home/albert/projects/bible/Meta_Bible_Data/Bible_Noun_Extraction/translate_verses.py", line 601, in <module>
    main()
    ~~~~^^
  File "/home/albert/projects/bible/Meta_Bible_Data/Bible_Noun_Extraction/translate_verses.py", line 577, in main
    raise RuntimeError(
    ...<2 lines>...
    )
RuntimeError: LUK 24:22: rejected before write; missing required noun anchors: ['tomba']; candidate='Ma anche alcune donne tra di noi ci hanno sbalordite, essendo andate di buon mattino al sepolcro.\n'
Traceback (most recent call last):
  File "/home/albert/projects/bible/Meta_Bible_Data/Bible_Noun_Extraction/translate_verses.py", line 601, in <module>
    main()
    ~~~~^^
  File "/home/albert/projects/bible/Meta_Bible_Data/Bible_Noun_Extraction/translate_verses.py", line 577, in main
    raise RuntimeError(
    ...<2 lines>...
    )
RuntimeError: LUK 24:24: rejected before write; missing required noun anchors: ['tomba']; candidate='E alcuni di quelli che erano con noi andarono al sepolcro e trovarono così come le donne avevano detto, ma lui non lo videro.\n'
Traceback (most recent call last):
  File "/home/albert/projects/bible/Meta_Bible_Data/Bible_Noun_Extraction/translate_verses.py", line 601, in <module>
    main()
    ~~~~^^
  File "/home/albert/projects/bible/Meta_Bible_Data/Bible_Noun_Extraction/translate_verses.py", line 577, in main
    raise RuntimeError(
    ...<2 lines>...
    )
RuntimeError: JHN 1:1: rejected before write; missing required noun anchors: ['inizio']; candidate='In principio era la Parola, e la Parola era con Dio, e la Parola era Dio.\n'
Traceback (most recent call last):
  File "/home/albert/projects/bible/Meta_Bible_Data/Bible_Noun_Extraction/translate_verses.py", line 601, in <module>
    main()
    ~~~~^^
  File "/home/albert/projects/bible/Meta_Bible_Data/Bible_Noun_Extraction/translate_verses.py", line 577, in main
    raise RuntimeError(
    ...<2 lines>...
    )
RuntimeError: JHN 1:1: rejected before write; missing required noun anchors: ['inizio']; candidate='In principio era la Parola, e la Parola era con Dio, e la Parola era Dio.\n'
Traceback (most recent call last):
  File "/home/albert/projects/bible/Meta_Bible_Data/Bible_Noun_Extraction/translate_verses.py", line 601, in <module>
    main()
    ~~~~^^
  File "/home/albert/projects/bible/Meta_Bible_Data/Bible_Noun_Extraction/translate_verses.py", line 577, in main
    raise RuntimeError(
    ...<2 lines>...
    )
RuntimeError: JHN 1:1: rejected before write; missing required noun anchors: ['inizio']; candidate='In principio era la Parola, e la Parola era con Dio, e la Parola era Dio.\n'
Traceback (most recent call last):
  File "/home/albert/projects/bible/Meta_Bible_Data/Bible_Noun_Extraction/translate_verses.py", line 601, in <module>
    main()
    ~~~~^^
  File "/home/albert/projects/bible/Meta_Bible_Data/Bible_Noun_Extraction/translate_verses.py", line 577, in main
    raise RuntimeError(
    ...<2 lines>...
    )
RuntimeError: JHN 1:2: rejected before write; missing required noun anchors: ['inizio']; candidate='Egli era in principio con Dio.\n'
JHN 1:3  wrote 043_JHN_001_003_GOI_It.txt
Done. Wrote 1 verse(s); skipped 0.
JHN 1:4  wrote 043_JHN_001_004_GOI_It.txt
Done. Wrote 1 verse(s); skipped 0.
JHN 1:5  wrote 043_JHN_001_005_GOI_It.txt
Done. Wrote 1 verse(s); skipped 0.
JHN 1:6  wrote 043_JHN_001_006_GOI_It.txt
Done. Wrote 1 verse(s); skipped 0.
JHN 1:7  wrote 043_JHN_001_007_GOI_It.txt
Done. Wrote 1 verse(s); skipped 0.
JHN 1:8  wrote 043_JHN_001_008_GOI_It.txt
Done. Wrote 1 verse(s); skipped 0.
JHN 1:9  wrote 043_JHN_001_009_GOI_It.txt
Done. Wrote 1 verse(s); skipped 0.
JHN 1:10  wrote 043_JHN_001_010_GOI_It.txt
Done. Wrote 1 verse(s); skipped 0.
JHN 1:11  wrote 043_JHN_001_011_GOI_It.txt
Done. Wrote 1 verse(s); skipped 0.
JHN 1:12  wrote 043_JHN_001_012_GOI_It.txt
Done. Wrote 1 verse(s); skipped 0.
JHN 1:13  wrote 043_JHN_001_013_GOI_It.txt
Done. Wrote 1 verse(s); skipped 0.
JHN 1:14  wrote 043_JHN_001_014_GOI_It.txt
Done. Wrote 1 verse(s); skipped 0.
JHN 1:15  wrote 043_JHN_001_015_GOI_It.txt
Done. Wrote 1 verse(s); skipped 0.
JHN 1:16  wrote 043_JHN_001_016_GOI_It.txt
Done. Wrote 1 verse(s); skipped 0.
JHN 1:17  wrote 043_JHN_001_017_GOI_It.txt
Done. Wrote 1 verse(s); skipped 0.
JHN 1:18  wrote 043_JHN_001_018_GOI_It.txt
Done. Wrote 1 verse(s); skipped 0.
JHN 1:19  wrote 043_JHN_001_019_GOI_It.txt
Done. Wrote 1 verse(s); skipped 0.
JHN 1:20  wrote 043_JHN_001_020_GOI_It.txt
Done. Wrote 1 verse(s); skipped 0.
JHN 1:21  wrote 043_JHN_001_021_GOI_It.txt
Done. Wrote 1 verse(s); skipped 0.
JHN 1:22  wrote 043_JHN_001_022_GOI_It.txt
Done. Wrote 1 verse(s); skipped 0.
JHN 1:23  wrote 043_JHN_001_023_GOI_It.txt
Done. Wrote 1 verse(s); skipped 0.
JHN 1:24  wrote 043_JHN_001_024_GOI_It.txt
Done. Wrote 1 verse(s); skipped 0.
JHN 1:25  wrote 043_JHN_001_025_GOI_It.txt
Done. Wrote 1 verse(s); skipped 0.
JHN 1:26  wrote 043_JHN_001_026_GOI_It.txt
Done. Wrote 1 verse(s); skipped 0.
JHN 1:27  wrote 043_JHN_001_027_GOI_It.txt
Done. Wrote 1 verse(s); skipped 0.
JHN 1:28  wrote 043_JHN_001_028_GOI_It.txt
Done. Wrote 1 verse(s); skipped 0.
JHN 1:29  wrote 043_JHN_001_029_GOI_It.txt
Done. Wrote 1 verse(s); skipped 0.
JHN 1:30  wrote 043_JHN_001_030_GOI_It.txt
Done. Wrote 1 verse(s); skipped 0.
JHN 1:31  wrote 043_JHN_001_031_GOI_It.txt
Done. Wrote 1 verse(s); skipped 0.
JHN 1:32  wrote 043_JHN_001_032_GOI_It.txt
Done. Wrote 1 verse(s); skipped 0.
JHN 1:33  wrote 043_JHN_001_033_GOI_It.txt
Done. Wrote 1 verse(s); skipped 0.
JHN 1:34  wrote 043_JHN_001_034_GOI_It.txt
Done. Wrote 1 verse(s); skipped 0.
JHN 1:35  wrote 043_JHN_001_035_GOI_It.txt
Done. Wrote 1 verse(s); skipped 0.
JHN 1:36  wrote 043_JHN_001_036_GOI_It.txt
Done. Wrote 1 verse(s); skipped 0.
JHN 1:37  wrote 043_JHN_001_037_GOI_It.txt
Done. Wrote 1 verse(s); skipped 0.
JHN 1:38  wrote 043_JHN_001_038_GOI_It.txt
Done. Wrote 1 verse(s); skipped 0.
JHN 1:39  wrote 043_JHN_001_039_GOI_It.txt
Done. Wrote 1 verse(s); skipped 0.
JHN 1:40  wrote 043_JHN_001_040_GOI_It.txt
Done. Wrote 1 verse(s); skipped 0.
JHN 1:41  wrote 043_JHN_001_041_GOI_It.txt
Done. Wrote 1 verse(s); skipped 0.
JHN 1:42  wrote 043_JHN_001_042_GOI_It.txt
Done. Wrote 1 verse(s); skipped 0.
JHN 1:43  wrote 043_JHN_001_043_GOI_It.txt
Done. Wrote 1 verse(s); skipped 0.
JHN 1:44  wrote 043_JHN_001_044_GOI_It.txt
Done. Wrote 1 verse(s); skipped 0.
JHN 1:45  wrote 043_JHN_001_045_GOI_It.txt
Done. Wrote 1 verse(s); skipped 0.
JHN 1:46  wrote 043_JHN_001_046_GOI_It.txt
Done. Wrote 1 verse(s); skipped 0.
JHN 1:47  wrote 043_JHN_001_047_GOI_It.txt
Done. Wrote 1 verse(s); skipped 0.
JHN 1:48  wrote 043_JHN_001_048_GOI_It.txt
Done. Wrote 1 verse(s); skipped 0.
JHN 1:49  wrote 043_JHN_001_049_GOI_It.txt
Done. Wrote 1 verse(s); skipped 0.
JHN 1:50  wrote 043_JHN_001_050_GOI_It.txt
Done. Wrote 1 verse(s); skipped 0.
JHN 1:51  wrote 043_JHN_001_051_GOI_It.txt
Done. Wrote 1 verse(s); skipped 0.
Traceback (most recent call last):
  File "/home/albert/projects/bible/Meta_Bible_Data/Bible_Noun_Extraction/translate_verses.py", line 601, in <module>
    main()
    ~~~~^^
  File "/home/albert/projects/bible/Meta_Bible_Data/Bible_Noun_Extraction/translate_verses.py", line 577, in main
    raise RuntimeError(
    ...<2 lines>...
    )
RuntimeError: JHN 1:2: rejected before write; missing required noun anchors: ['inizio']; candidate='Egli era in principio con Dio.\n'
Traceback (most recent call last):
  File "/home/albert/projects/bible/Meta_Bible_Data/Bible_Noun_Extraction/translate_verses.py", line 601, in <module>
    main()
    ~~~~^^
  File "/home/albert/projects/bible/Meta_Bible_Data/Bible_Noun_Extraction/translate_verses.py", line 577, in main
    raise RuntimeError(
    ...<2 lines>...
    )
RuntimeError: JHN 1:2: rejected before write; missing required noun anchors: ['inizio']; candidate='Egli era in principio con Dio.\n'
JHN 2:1  wrote 043_JHN_002_001_GOI_It.txt
JHN 2:2  wrote 043_JHN_002_002_GOI_It.txt
JHN 2:3  wrote 043_JHN_002_003_GOI_It.txt
JHN 2:4  wrote 043_JHN_002_004_GOI_It.txt
JHN 2:5  wrote 043_JHN_002_005_GOI_It.txt
JHN 2:6  wrote 043_JHN_002_006_GOI_It.txt
JHN 2:7  wrote 043_JHN_002_007_GOI_It.txt
JHN 2:8  wrote 043_JHN_002_008_GOI_It.txt
JHN 2:9  wrote 043_JHN_002_009_GOI_It.txt
JHN 2:10  wrote 043_JHN_002_010_GOI_It.txt
JHN 2:11  wrote 043_JHN_002_011_GOI_It.txt
JHN 2:12  wrote 043_JHN_002_012_GOI_It.txt
JHN 2:13  wrote 043_JHN_002_013_GOI_It.txt
JHN 2:14  wrote 043_JHN_002_014_GOI_It.txt
JHN 2:15  wrote 043_JHN_002_015_GOI_It.txt
JHN 2:16  wrote 043_JHN_002_016_GOI_It.txt
JHN 2:17  wrote 043_JHN_002_017_GOI_It.txt
JHN 2:18  wrote 043_JHN_002_018_GOI_It.txt
JHN 2:19  wrote 043_JHN_002_019_GOI_It.txt
JHN 2:20  wrote 043_JHN_002_020_GOI_It.txt
JHN 2:21  wrote 043_JHN_002_021_GOI_It.txt
JHN 2:22  wrote 043_JHN_002_022_GOI_It.txt
JHN 2:23  wrote 043_JHN_002_023_GOI_It.txt
JHN 2:24  wrote 043_JHN_002_024_GOI_It.txt
JHN 2:25  wrote 043_JHN_002_025_GOI_It.txt
Done. Wrote 25 verse(s); skipped 0.
JHN 3:1  wrote 043_JHN_003_001_GOI_It.txt
JHN 3:2  wrote 043_JHN_003_002_GOI_It.txt
JHN 3:3  wrote 043_JHN_003_003_GOI_It.txt
JHN 3:4  wrote 043_JHN_003_004_GOI_It.txt
JHN 3:5  wrote 043_JHN_003_005_GOI_It.txt
JHN 3:6  wrote 043_JHN_003_006_GOI_It.txt
JHN 3:7  wrote 043_JHN_003_007_GOI_It.txt
JHN 3:8  wrote 043_JHN_003_008_GOI_It.txt
JHN 3:9  wrote 043_JHN_003_009_GOI_It.txt
JHN 3:10  wrote 043_JHN_003_010_GOI_It.txt
JHN 3:11  wrote 043_JHN_003_011_GOI_It.txt
JHN 3:12  wrote 043_JHN_003_012_GOI_It.txt
JHN 3:13  wrote 043_JHN_003_013_GOI_It.txt
JHN 3:14  wrote 043_JHN_003_014_GOI_It.txt
JHN 3:15  wrote 043_JHN_003_015_GOI_It.txt
JHN 3:16  wrote 043_JHN_003_016_GOI_It.txt
JHN 3:17  wrote 043_JHN_003_017_GOI_It.txt
JHN 3:18  wrote 043_JHN_003_018_GOI_It.txt
JHN 3:19  wrote 043_JHN_003_019_GOI_It.txt
JHN 3:20  wrote 043_JHN_003_020_GOI_It.txt
JHN 3:21  wrote 043_JHN_003_021_GOI_It.txt
JHN 3:22  wrote 043_JHN_003_022_GOI_It.txt
JHN 3:23  wrote 043_JHN_003_023_GOI_It.txt
JHN 3:24  wrote 043_JHN_003_024_GOI_It.txt
JHN 3:25  wrote 043_JHN_003_025_GOI_It.txt
JHN 3:26  wrote 043_JHN_003_026_GOI_It.txt
JHN 3:27  wrote 043_JHN_003_027_GOI_It.txt
JHN 3:28  wrote 043_JHN_003_028_GOI_It.txt
JHN 3:29  wrote 043_JHN_003_029_GOI_It.txt
JHN 3:30  wrote 043_JHN_003_030_GOI_It.txt
JHN 3:31  wrote 043_JHN_003_031_GOI_It.txt
JHN 3:32  wrote 043_JHN_003_032_GOI_It.txt
JHN 3:33  wrote 043_JHN_003_033_GOI_It.txt
JHN 3:34  wrote 043_JHN_003_034_GOI_It.txt
JHN 3:35  wrote 043_JHN_003_035_GOI_It.txt
JHN 3:36  wrote 043_JHN_003_036_GOI_It.txt
Done. Wrote 36 verse(s); skipped 0.
JHN 4:1  wrote 043_JHN_004_001_GOI_It.txt
JHN 4:2  wrote 043_JHN_004_002_GOI_It.txt
JHN 4:3  wrote 043_JHN_004_003_GOI_It.txt
JHN 4:4  wrote 043_JHN_004_004_GOI_It.txt
JHN 4:5  wrote 043_JHN_004_005_GOI_It.txt
JHN 4:6  wrote 043_JHN_004_006_GOI_It.txt
JHN 4:7  wrote 043_JHN_004_007_GOI_It.txt
JHN 4:8  wrote 043_JHN_004_008_GOI_It.txt
JHN 4:9  wrote 043_JHN_004_009_GOI_It.txt
JHN 4:10  wrote 043_JHN_004_010_GOI_It.txt
JHN 4:11  wrote 043_JHN_004_011_GOI_It.txt
JHN 4:12  wrote 043_JHN_004_012_GOI_It.txt
JHN 4:13  wrote 043_JHN_004_013_GOI_It.txt
Traceback (most recent call last):
  File "/home/albert/projects/bible/Meta_Bible_Data/Bible_Noun_Extraction/translate_verses.py", line 601, in <module>
    main()
    ~~~~^^
  File "/home/albert/projects/bible/Meta_Bible_Data/Bible_Noun_Extraction/translate_verses.py", line 577, in main
    raise RuntimeError(
    ...<2 lines>...
    )
RuntimeError: JHN 4:14: rejected before write; missing required noun anchors: ['secolo']; candidate="ma chiunque beva dell'acqua che io gli darò non avrà mai sete in eterno, ma l'acqua che io gli darò diventerà in lui una fonte d'acqua che zampilla per la vita eterna.\n"
JHN 4:1  skipped (already exists)
JHN 4:2  skipped (already exists)
JHN 4:3  skipped (already exists)
JHN 4:4  skipped (already exists)
JHN 4:5  skipped (already exists)
JHN 4:6  skipped (already exists)
JHN 4:7  skipped (already exists)
JHN 4:8  skipped (already exists)
JHN 4:9  skipped (already exists)
JHN 4:10  skipped (already exists)
JHN 4:11  skipped (already exists)
JHN 4:12  skipped (already exists)
JHN 4:13  skipped (already exists)
Traceback (most recent call last):
  File "/home/albert/projects/bible/Meta_Bible_Data/Bible_Noun_Extraction/translate_verses.py", line 601, in <module>
    main()
    ~~~~^^
  File "/home/albert/projects/bible/Meta_Bible_Data/Bible_Noun_Extraction/translate_verses.py", line 577, in main
    raise RuntimeError(
    ...<2 lines>...
    )
RuntimeError: JHN 4:14: rejected before write; missing required noun anchors: ['secolo']; candidate="ma chiunque beva dell'acqua che io gli darò non avrà mai sete in eterno, ma l'acqua che io gli darò diventerà in lui una fonte d'acqua che zampilla per la vita eterna.\n"
JHN 4:1  skipped (already exists)
JHN 4:2  skipped (already exists)
JHN 4:3  skipped (already exists)
JHN 4:4  skipped (already exists)
JHN 4:5  skipped (already exists)
JHN 4:6  skipped (already exists)
JHN 4:7  skipped (already exists)
JHN 4:8  skipped (already exists)
JHN 4:9  skipped (already exists)
JHN 4:10  skipped (already exists)
JHN 4:11  skipped (already exists)
JHN 4:12  skipped (already exists)
JHN 4:13  skipped (already exists)
Traceback (most recent call last):
  File "/home/albert/projects/bible/Meta_Bible_Data/Bible_Noun_Extraction/translate_verses.py", line 601, in <module>
    main()
    ~~~~^^
  File "/home/albert/projects/bible/Meta_Bible_Data/Bible_Noun_Extraction/translate_verses.py", line 577, in main
    raise RuntimeError(
    ...<2 lines>...
    )
RuntimeError: JHN 4:14: rejected before write; missing required noun anchors: ['secolo']; candidate="ma chiunque beva dell'acqua che io gli darò non avrà mai sete in eterno, ma l'acqua che io gli darò diventerà in lui una fonte d'acqua che zampilla per la vita eterna.\n"
JHN 4:15  wrote 043_JHN_004_015_GOI_It.txt
Done. Wrote 1 verse(s); skipped 0.
JHN 4:16  wrote 043_JHN_004_016_GOI_It.txt
Done. Wrote 1 verse(s); skipped 0.
JHN 4:17  wrote 043_JHN_004_017_GOI_It.txt
Done. Wrote 1 verse(s); skipped 0.
JHN 4:18  wrote 043_JHN_004_018_GOI_It.txt
Done. Wrote 1 verse(s); skipped 0.
JHN 4:19  wrote 043_JHN_004_019_GOI_It.txt
Done. Wrote 1 verse(s); skipped 0.
JHN 4:20  wrote 043_JHN_004_020_GOI_It.txt
Done. Wrote 1 verse(s); skipped 0.
JHN 4:21  wrote 043_JHN_004_021_GOI_It.txt
Done. Wrote 1 verse(s); skipped 0.
JHN 4:22  wrote 043_JHN_004_022_GOI_It.txt
Done. Wrote 1 verse(s); skipped 0.
JHN 4:23  wrote 043_JHN_004_023_GOI_It.txt
Done. Wrote 1 verse(s); skipped 0.
JHN 4:24  wrote 043_JHN_004_024_GOI_It.txt
Done. Wrote 1 verse(s); skipped 0.
JHN 4:25  wrote 043_JHN_004_025_GOI_It.txt
Done. Wrote 1 verse(s); skipped 0.
JHN 4:26  wrote 043_JHN_004_026_GOI_It.txt
Done. Wrote 1 verse(s); skipped 0.
JHN 4:27  wrote 043_JHN_004_027_GOI_It.txt
Done. Wrote 1 verse(s); skipped 0.
JHN 4:28  wrote 043_JHN_004_028_GOI_It.txt
Done. Wrote 1 verse(s); skipped 0.
JHN 4:29  wrote 043_JHN_004_029_GOI_It.txt
Done. Wrote 1 verse(s); skipped 0.
JHN 4:30  wrote 043_JHN_004_030_GOI_It.txt
Done. Wrote 1 verse(s); skipped 0.
JHN 4:31  wrote 043_JHN_004_031_GOI_It.txt
Done. Wrote 1 verse(s); skipped 0.
JHN 4:32  wrote 043_JHN_004_032_GOI_It.txt
Done. Wrote 1 verse(s); skipped 0.
JHN 4:33  wrote 043_JHN_004_033_GOI_It.txt
Done. Wrote 1 verse(s); skipped 0.
JHN 4:34  wrote 043_JHN_004_034_GOI_It.txt
Done. Wrote 1 verse(s); skipped 0.
JHN 4:35  wrote 043_JHN_004_035_GOI_It.txt
Done. Wrote 1 verse(s); skipped 0.
JHN 4:36  wrote 043_JHN_004_036_GOI_It.txt
Done. Wrote 1 verse(s); skipped 0.
JHN 4:37  wrote 043_JHN_004_037_GOI_It.txt
Done. Wrote 1 verse(s); skipped 0.
JHN 4:38  wrote 043_JHN_004_038_GOI_It.txt
Done. Wrote 1 verse(s); skipped 0.
JHN 4:39  wrote 043_JHN_004_039_GOI_It.txt
Done. Wrote 1 verse(s); skipped 0.
JHN 4:40  wrote 043_JHN_004_040_GOI_It.txt
Done. Wrote 1 verse(s); skipped 0.
JHN 4:41  wrote 043_JHN_004_041_GOI_It.txt
Done. Wrote 1 verse(s); skipped 0.
JHN 4:42  wrote 043_JHN_004_042_GOI_It.txt
Done. Wrote 1 verse(s); skipped 0.
JHN 4:43  wrote 043_JHN_004_043_GOI_It.txt
Done. Wrote 1 verse(s); skipped 0.
JHN 4:44  wrote 043_JHN_004_044_GOI_It.txt
Done. Wrote 1 verse(s); skipped 0.
JHN 4:45  wrote 043_JHN_004_045_GOI_It.txt
Done. Wrote 1 verse(s); skipped 0.
JHN 4:46  wrote 043_JHN_004_046_GOI_It.txt
Done. Wrote 1 verse(s); skipped 0.
JHN 4:47  wrote 043_JHN_004_047_GOI_It.txt
Done. Wrote 1 verse(s); skipped 0.
JHN 4:48  wrote 043_JHN_004_048_GOI_It.txt
Done. Wrote 1 verse(s); skipped 0.
JHN 4:49  wrote 043_JHN_004_049_GOI_It.txt
Done. Wrote 1 verse(s); skipped 0.
JHN 4:50  wrote 043_JHN_004_050_GOI_It.txt
Done. Wrote 1 verse(s); skipped 0.
JHN 4:51  wrote 043_JHN_004_051_GOI_It.txt
Done. Wrote 1 verse(s); skipped 0.
JHN 4:52  wrote 043_JHN_004_052_GOI_It.txt
Done. Wrote 1 verse(s); skipped 0.
JHN 4:53  wrote 043_JHN_004_053_GOI_It.txt
Done. Wrote 1 verse(s); skipped 0.
JHN 4:54  wrote 043_JHN_004_054_GOI_It.txt
Done. Wrote 1 verse(s); skipped 0.
JHN 5:1  wrote 043_JHN_005_001_GOI_It.txt
JHN 5:2  wrote 043_JHN_005_002_GOI_It.txt
JHN 5:3  wrote 043_JHN_005_003_GOI_It.txt
JHN 5:4  wrote 043_JHN_005_004_GOI_It.txt
JHN 5:5  wrote 043_JHN_005_005_GOI_It.txt
JHN 5:6  wrote 043_JHN_005_006_GOI_It.txt
JHN 5:7  wrote 043_JHN_005_007_GOI_It.txt
JHN 5:8  wrote 043_JHN_005_008_GOI_It.txt
JHN 5:9  wrote 043_JHN_005_009_GOI_It.txt
JHN 5:10  wrote 043_JHN_005_010_GOI_It.txt
JHN 5:11  wrote 043_JHN_005_011_GOI_It.txt
JHN 5:12  wrote 043_JHN_005_012_GOI_It.txt
JHN 5:13  wrote 043_JHN_005_013_GOI_It.txt
JHN 5:14  wrote 043_JHN_005_014_GOI_It.txt
JHN 5:15  wrote 043_JHN_005_015_GOI_It.txt
JHN 5:16  wrote 043_JHN_005_016_GOI_It.txt
JHN 5:17  wrote 043_JHN_005_017_GOI_It.txt
JHN 5:18  wrote 043_JHN_005_018_GOI_It.txt
JHN 5:19  wrote 043_JHN_005_019_GOI_It.txt
JHN 5:20  wrote 043_JHN_005_020_GOI_It.txt
JHN 5:21  wrote 043_JHN_005_021_GOI_It.txt
JHN 5:22  wrote 043_JHN_005_022_GOI_It.txt
JHN 5:23  wrote 043_JHN_005_023_GOI_It.txt
JHN 5:24  wrote 043_JHN_005_024_GOI_It.txt
JHN 5:25  wrote 043_JHN_005_025_GOI_It.txt
JHN 5:26  wrote 043_JHN_005_026_GOI_It.txt
JHN 5:27  wrote 043_JHN_005_027_GOI_It.txt
Traceback (most recent call last):
  File "/home/albert/projects/bible/Meta_Bible_Data/Bible_Noun_Extraction/translate_verses.py", line 601, in <module>
    main()
    ~~~~^^
  File "/home/albert/projects/bible/Meta_Bible_Data/Bible_Noun_Extraction/translate_verses.py", line 577, in main
    raise RuntimeError(
    ...<2 lines>...
    )
RuntimeError: JHN 5:28: rejected before write; missing required noun anchors: ['tomba']; candidate="Non vi meravigliate di questo, perché viene l'ora in cui tutti quelli che sono nei sepolcri udranno la sua voce.\n"
JHN 5:1  skipped (already exists)
JHN 5:2  skipped (already exists)
JHN 5:3  skipped (already exists)
JHN 5:4  skipped (already exists)
JHN 5:5  skipped (already exists)
JHN 5:6  skipped (already exists)
JHN 5:7  skipped (already exists)
JHN 5:8  skipped (already exists)
JHN 5:9  skipped (already exists)
JHN 5:10  skipped (already exists)
JHN 5:11  skipped (already exists)
JHN 5:12  skipped (already exists)
JHN 5:13  skipped (already exists)
JHN 5:14  skipped (already exists)
JHN 5:15  skipped (already exists)
JHN 5:16  skipped (already exists)
JHN 5:17  skipped (already exists)
JHN 5:18  skipped (already exists)
JHN 5:19  skipped (already exists)
JHN 5:20  skipped (already exists)
JHN 5:21  skipped (already exists)
JHN 5:22  skipped (already exists)
JHN 5:23  skipped (already exists)
JHN 5:24  skipped (already exists)
JHN 5:25  skipped (already exists)
JHN 5:26  skipped (already exists)
JHN 5:27  skipped (already exists)
Traceback (most recent call last):
  File "/home/albert/projects/bible/Meta_Bible_Data/Bible_Noun_Extraction/translate_verses.py", line 601, in <module>
    main()
    ~~~~^^
  File "/home/albert/projects/bible/Meta_Bible_Data/Bible_Noun_Extraction/translate_verses.py", line 577, in main
    raise RuntimeError(
    ...<2 lines>...
    )
RuntimeError: JHN 5:28: rejected before write; missing required noun anchors: ['tomba']; candidate="Non vi meravigliate di questo, perché viene l'ora in cui tutti quelli che sono nei sepolcri udranno la sua voce.\n"
JHN 5:1  skipped (already exists)
JHN 5:2  skipped (already exists)
JHN 5:3  skipped (already exists)
JHN 5:4  skipped (already exists)
JHN 5:5  skipped (already exists)
JHN 5:6  skipped (already exists)
JHN 5:7  skipped (already exists)
JHN 5:8  skipped (already exists)
JHN 5:9  skipped (already exists)
JHN 5:10  skipped (already exists)
JHN 5:11  skipped (already exists)
JHN 5:12  skipped (already exists)
JHN 5:13  skipped (already exists)
JHN 5:14  skipped (already exists)
JHN 5:15  skipped (already exists)
JHN 5:16  skipped (already exists)
JHN 5:17  skipped (already exists)
JHN 5:18  skipped (already exists)
JHN 5:19  skipped (already exists)
JHN 5:20  skipped (already exists)
JHN 5:21  skipped (already exists)
JHN 5:22  skipped (already exists)
JHN 5:23  skipped (already exists)
JHN 5:24  skipped (already exists)
JHN 5:25  skipped (already exists)
JHN 5:26  skipped (already exists)
JHN 5:27  skipped (already exists)
Traceback (most recent call last):
  File "/home/albert/projects/bible/Meta_Bible_Data/Bible_Noun_Extraction/translate_verses.py", line 601, in <module>
    main()
    ~~~~^^
  File "/home/albert/projects/bible/Meta_Bible_Data/Bible_Noun_Extraction/translate_verses.py", line 577, in main
    raise RuntimeError(
    ...<2 lines>...
    )
RuntimeError: JHN 5:28: rejected before write; missing required noun anchors: ['tomba']; candidate="Non vi meravigliate di questo, perché viene l'ora in cui tutti quelli che sono nei sepolcri udranno la sua voce.\n"
JHN 5:29  wrote 043_JHN_005_029_GOI_It.txt
Done. Wrote 1 verse(s); skipped 0.
JHN 5:30  wrote 043_JHN_005_030_GOI_It.txt
Done. Wrote 1 verse(s); skipped 0.
JHN 5:31  wrote 043_JHN_005_031_GOI_It.txt
Done. Wrote 1 verse(s); skipped 0.
JHN 5:32  wrote 043_JHN_005_032_GOI_It.txt
Done. Wrote 1 verse(s); skipped 0.
JHN 5:33  wrote 043_JHN_005_033_GOI_It.txt
Done. Wrote 1 verse(s); skipped 0.
JHN 5:34  wrote 043_JHN_005_034_GOI_It.txt
Done. Wrote 1 verse(s); skipped 0.
JHN 5:35  wrote 043_JHN_005_035_GOI_It.txt
Done. Wrote 1 verse(s); skipped 0.
JHN 5:36  wrote 043_JHN_005_036_GOI_It.txt
Done. Wrote 1 verse(s); skipped 0.
JHN 5:37  wrote 043_JHN_005_037_GOI_It.txt
Done. Wrote 1 verse(s); skipped 0.
JHN 5:38  wrote 043_JHN_005_038_GOI_It.txt
Done. Wrote 1 verse(s); skipped 0.
JHN 5:39  wrote 043_JHN_005_039_GOI_It.txt
Done. Wrote 1 verse(s); skipped 0.
JHN 5:40  wrote 043_JHN_005_040_GOI_It.txt
Done. Wrote 1 verse(s); skipped 0.
JHN 5:41  wrote 043_JHN_005_041_GOI_It.txt
Done. Wrote 1 verse(s); skipped 0.
JHN 5:42  wrote 043_JHN_005_042_GOI_It.txt
Done. Wrote 1 verse(s); skipped 0.
JHN 5:43  wrote 043_JHN_005_043_GOI_It.txt
Done. Wrote 1 verse(s); skipped 0.
JHN 5:44  wrote 043_JHN_005_044_GOI_It.txt
Done. Wrote 1 verse(s); skipped 0.
JHN 5:45  wrote 043_JHN_005_045_GOI_It.txt
Done. Wrote 1 verse(s); skipped 0.
JHN 5:46  wrote 043_JHN_005_046_GOI_It.txt
Done. Wrote 1 verse(s); skipped 0.
JHN 5:47  wrote 043_JHN_005_047_GOI_It.txt
Done. Wrote 1 verse(s); skipped 0.
JHN 6:1  wrote 043_JHN_006_001_GOI_It.txt
JHN 6:2  wrote 043_JHN_006_002_GOI_It.txt
JHN 6:3  wrote 043_JHN_006_003_GOI_It.txt
JHN 6:4  wrote 043_JHN_006_004_GOI_It.txt
JHN 6:5  wrote 043_JHN_006_005_GOI_It.txt
JHN 6:6  wrote 043_JHN_006_006_GOI_It.txt
JHN 6:7  wrote 043_JHN_006_007_GOI_It.txt
JHN 6:8  wrote 043_JHN_006_008_GOI_It.txt
JHN 6:9  wrote 043_JHN_006_009_GOI_It.txt
JHN 6:10  wrote 043_JHN_006_010_GOI_It.txt
JHN 6:11  wrote 043_JHN_006_011_GOI_It.txt
JHN 6:12  wrote 043_JHN_006_012_GOI_It.txt
JHN 6:13  wrote 043_JHN_006_013_GOI_It.txt
JHN 6:14  wrote 043_JHN_006_014_GOI_It.txt
JHN 6:15  wrote 043_JHN_006_015_GOI_It.txt
JHN 6:16  wrote 043_JHN_006_016_GOI_It.txt
JHN 6:17  wrote 043_JHN_006_017_GOI_It.txt
JHN 6:18  wrote 043_JHN_006_018_GOI_It.txt
JHN 6:19  wrote 043_JHN_006_019_GOI_It.txt
JHN 6:20  wrote 043_JHN_006_020_GOI_It.txt
JHN 6:21  wrote 043_JHN_006_021_GOI_It.txt
JHN 6:22  wrote 043_JHN_006_022_GOI_It.txt
JHN 6:23  wrote 043_JHN_006_023_GOI_It.txt
JHN 6:24  wrote 043_JHN_006_024_GOI_It.txt
JHN 6:25  wrote 043_JHN_006_025_GOI_It.txt
JHN 6:26  wrote 043_JHN_006_026_GOI_It.txt
JHN 6:27  wrote 043_JHN_006_027_GOI_It.txt
JHN 6:28  wrote 043_JHN_006_028_GOI_It.txt
JHN 6:29  wrote 043_JHN_006_029_GOI_It.txt
JHN 6:30  wrote 043_JHN_006_030_GOI_It.txt
JHN 6:31  wrote 043_JHN_006_031_GOI_It.txt
JHN 6:32  wrote 043_JHN_006_032_GOI_It.txt
JHN 6:33  wrote 043_JHN_006_033_GOI_It.txt
JHN 6:34  wrote 043_JHN_006_034_GOI_It.txt
JHN 6:35  wrote 043_JHN_006_035_GOI_It.txt
JHN 6:36  wrote 043_JHN_006_036_GOI_It.txt
JHN 6:37  wrote 043_JHN_006_037_GOI_It.txt
JHN 6:38  wrote 043_JHN_006_038_GOI_It.txt
JHN 6:39  wrote 043_JHN_006_039_GOI_It.txt
JHN 6:40  wrote 043_JHN_006_040_GOI_It.txt
JHN 6:41  wrote 043_JHN_006_041_GOI_It.txt
JHN 6:42  wrote 043_JHN_006_042_GOI_It.txt
JHN 6:43  wrote 043_JHN_006_043_GOI_It.txt
JHN 6:44  wrote 043_JHN_006_044_GOI_It.txt
JHN 6:45  wrote 043_JHN_006_045_GOI_It.txt
JHN 6:46  wrote 043_JHN_006_046_GOI_It.txt
JHN 6:47  wrote 043_JHN_006_047_GOI_It.txt
JHN 6:48  wrote 043_JHN_006_048_GOI_It.txt
JHN 6:49  wrote 043_JHN_006_049_GOI_It.txt
JHN 6:50  wrote 043_JHN_006_050_GOI_It.txt
Traceback (most recent call last):
  File "/home/albert/projects/bible/Meta_Bible_Data/Bible_Noun_Extraction/translate_verses.py", line 601, in <module>
    main()
    ~~~~^^
  File "/home/albert/projects/bible/Meta_Bible_Data/Bible_Noun_Extraction/translate_verses.py", line 577, in main
    raise RuntimeError(
    ...<2 lines>...
    )
RuntimeError: JHN 6:51: rejected before write; missing required noun anchors: ['secolo']; candidate='Io sono il pane vivente che è disceso dal cielo; se uno mangia di questo pane, vivrà in eterno; e il pane che io darò è la mia carne, che io darò per la vita del mondo.\n'
JHN 6:1  skipped (already exists)
JHN 6:2  skipped (already exists)
JHN 6:3  skipped (already exists)
JHN 6:4  skipped (already exists)
JHN 6:5  skipped (already exists)
JHN 6:6  skipped (already exists)
JHN 6:7  skipped (already exists)
JHN 6:8  skipped (already exists)
JHN 6:9  skipped (already exists)
JHN 6:10  skipped (already exists)
JHN 6:11  skipped (already exists)
JHN 6:12  skipped (already exists)
JHN 6:13  skipped (already exists)
JHN 6:14  skipped (already exists)
JHN 6:15  skipped (already exists)
JHN 6:16  skipped (already exists)
JHN 6:17  skipped (already exists)
JHN 6:18  skipped (already exists)
JHN 6:19  skipped (already exists)
JHN 6:20  skipped (already exists)
JHN 6:21  skipped (already exists)
JHN 6:22  skipped (already exists)
JHN 6:23  skipped (already exists)
JHN 6:24  skipped (already exists)
JHN 6:25  skipped (already exists)
JHN 6:26  skipped (already exists)
JHN 6:27  skipped (already exists)
JHN 6:28  skipped (already exists)
JHN 6:29  skipped (already exists)
JHN 6:30  skipped (already exists)
JHN 6:31  skipped (already exists)
JHN 6:32  skipped (already exists)
JHN 6:33  skipped (already exists)
JHN 6:34  skipped (already exists)
JHN 6:35  skipped (already exists)
JHN 6:36  skipped (already exists)
JHN 6:37  skipped (already exists)
JHN 6:38  skipped (already exists)
JHN 6:39  skipped (already exists)
JHN 6:40  skipped (already exists)
JHN 6:41  skipped (already exists)
JHN 6:42  skipped (already exists)
JHN 6:43  skipped (already exists)
JHN 6:44  skipped (already exists)
JHN 6:45  skipped (already exists)
JHN 6:46  skipped (already exists)
JHN 6:47  skipped (already exists)
JHN 6:48  skipped (already exists)
JHN 6:49  skipped (already exists)
JHN 6:50  skipped (already exists)
Traceback (most recent call last):
  File "/home/albert/projects/bible/Meta_Bible_Data/Bible_Noun_Extraction/translate_verses.py", line 601, in <module>
    main()
    ~~~~^^
  File "/home/albert/projects/bible/Meta_Bible_Data/Bible_Noun_Extraction/translate_verses.py", line 577, in main
    raise RuntimeError(
    ...<2 lines>...
    )
RuntimeError: JHN 6:51: rejected before write; missing required noun anchors: ['secolo']; candidate='Io sono il pane vivente che è disceso dal cielo; se uno mangia di questo pane, vivrà in eterno; e il pane che io darò è la mia carne, che io darò per la vita del mondo.\n'
JHN 6:1  skipped (already exists)
JHN 6:2  skipped (already exists)
JHN 6:3  skipped (already exists)
JHN 6:4  skipped (already exists)
JHN 6:5  skipped (already exists)
JHN 6:6  skipped (already exists)
JHN 6:7  skipped (already exists)
JHN 6:8  skipped (already exists)
JHN 6:9  skipped (already exists)
JHN 6:10  skipped (already exists)
JHN 6:11  skipped (already exists)
JHN 6:12  skipped (already exists)
JHN 6:13  skipped (already exists)
JHN 6:14  skipped (already exists)
JHN 6:15  skipped (already exists)
JHN 6:16  skipped (already exists)
JHN 6:17  skipped (already exists)
JHN 6:18  skipped (already exists)
JHN 6:19  skipped (already exists)
JHN 6:20  skipped (already exists)
JHN 6:21  skipped (already exists)
JHN 6:22  skipped (already exists)
JHN 6:23  skipped (already exists)
JHN 6:24  skipped (already exists)
JHN 6:25  skipped (already exists)
JHN 6:26  skipped (already exists)
JHN 6:27  skipped (already exists)
JHN 6:28  skipped (already exists)
JHN 6:29  skipped (already exists)
JHN 6:30  skipped (already exists)
JHN 6:31  skipped (already exists)
JHN 6:32  skipped (already exists)
JHN 6:33  skipped (already exists)
JHN 6:34  skipped (already exists)
JHN 6:35  skipped (already exists)
JHN 6:36  skipped (already exists)
JHN 6:37  skipped (already exists)
JHN 6:38  skipped (already exists)
JHN 6:39  skipped (already exists)
JHN 6:40  skipped (already exists)
JHN 6:41  skipped (already exists)
JHN 6:42  skipped (already exists)
JHN 6:43  skipped (already exists)
JHN 6:44  skipped (already exists)
JHN 6:45  skipped (already exists)
JHN 6:46  skipped (already exists)
JHN 6:47  skipped (already exists)
JHN 6:48  skipped (already exists)
JHN 6:49  skipped (already exists)
JHN 6:50  skipped (already exists)
Traceback (most recent call last):
  File "/home/albert/projects/bible/Meta_Bible_Data/Bible_Noun_Extraction/translate_verses.py", line 601, in <module>
    main()
    ~~~~^^
  File "/home/albert/projects/bible/Meta_Bible_Data/Bible_Noun_Extraction/translate_verses.py", line 577, in main
    raise RuntimeError(
    ...<2 lines>...
    )
RuntimeError: JHN 6:51: rejected before write; missing required noun anchors: ['secolo']; candidate='Io sono il pane vivente che è disceso dal cielo; se uno mangia di questo pane, vivrà in eterno; e il pane che io darò è la mia carne, che io darò per la vita del mondo.\n'
JHN 6:52  wrote 043_JHN_006_052_GOI_It.txt
Done. Wrote 1 verse(s); skipped 0.
JHN 6:53  wrote 043_JHN_006_053_GOI_It.txt
Done. Wrote 1 verse(s); skipped 0.
JHN 6:54  wrote 043_JHN_006_054_GOI_It.txt
Done. Wrote 1 verse(s); skipped 0.
JHN 6:55  wrote 043_JHN_006_055_GOI_It.txt
Done. Wrote 1 verse(s); skipped 0.
JHN 6:56  wrote 043_JHN_006_056_GOI_It.txt
Done. Wrote 1 verse(s); skipped 0.
JHN 6:57  wrote 043_JHN_006_057_GOI_It.txt
Done. Wrote 1 verse(s); skipped 0.
Traceback (most recent call last):
  File "/home/albert/projects/bible/Meta_Bible_Data/Bible_Noun_Extraction/translate_verses.py", line 601, in <module>
    main()
    ~~~~^^
  File "/home/albert/projects/bible/Meta_Bible_Data/Bible_Noun_Extraction/translate_verses.py", line 577, in main
    raise RuntimeError(
    ...<2 lines>...
    )
RuntimeError: JHN 6:58: rejected before write; missing required noun anchors: ['secolo']; candidate='Questo è il pane che è disceso dal cielo, non come i vostri padri mangiarono la manna e morirono; chi mangia questo pane vivrà in eterno.\n'
JHN 6:59  wrote 043_JHN_006_059_GOI_It.txt
Done. Wrote 1 verse(s); skipped 0.
JHN 6:60  wrote 043_JHN_006_060_GOI_It.txt
Done. Wrote 1 verse(s); skipped 0.
JHN 6:61  wrote 043_JHN_006_061_GOI_It.txt
Done. Wrote 1 verse(s); skipped 0.
JHN 6:62  wrote 043_JHN_006_062_GOI_It.txt
Done. Wrote 1 verse(s); skipped 0.
JHN 6:63  wrote 043_JHN_006_063_GOI_It.txt
Done. Wrote 1 verse(s); skipped 0.
Traceback (most recent call last):
  File "/home/albert/projects/bible/Meta_Bible_Data/Bible_Noun_Extraction/translate_verses.py", line 601, in <module>
    main()
    ~~~~^^
  File "/home/albert/projects/bible/Meta_Bible_Data/Bible_Noun_Extraction/translate_verses.py", line 577, in main
    raise RuntimeError(
    ...<2 lines>...
    )
RuntimeError: JHN 6:64: rejected before write; missing required noun anchors: ['inizio']; candidate='Ma ci sono alcuni di voi che non credono; Gesù infatti sapeva da principio chi erano quelli che non credevano e chi era colui che lo avrebbe tradito.\n'
JHN 6:65  wrote 043_JHN_006_065_GOI_It.txt
Done. Wrote 1 verse(s); skipped 0.
JHN 6:66  wrote 043_JHN_006_066_GOI_It.txt
Done. Wrote 1 verse(s); skipped 0.
JHN 6:67  wrote 043_JHN_006_067_GOI_It.txt
Done. Wrote 1 verse(s); skipped 0.
JHN 6:68  wrote 043_JHN_006_068_GOI_It.txt
Done. Wrote 1 verse(s); skipped 0.
JHN 6:69  wrote 043_JHN_006_069_GOI_It.txt
Done. Wrote 1 verse(s); skipped 0.
JHN 6:70  wrote 043_JHN_006_070_GOI_It.txt
Done. Wrote 1 verse(s); skipped 0.
JHN 6:71  wrote 043_JHN_006_071_GOI_It.txt
Done. Wrote 1 verse(s); skipped 0.
Traceback (most recent call last):
  File "/home/albert/projects/bible/Meta_Bible_Data/Bible_Noun_Extraction/translate_verses.py", line 601, in <module>
    main()
    ~~~~^^
  File "/home/albert/projects/bible/Meta_Bible_Data/Bible_Noun_Extraction/translate_verses.py", line 577, in main
    raise RuntimeError(
    ...<2 lines>...
    )
RuntimeError: JHN 6:58: rejected before write; missing required noun anchors: ['secolo']; candidate='Questo è il pane che è disceso dal cielo, non come i vostri padri mangiarono la manna e morirono; chi mangia questo pane vivrà in eterno.\n'
Traceback (most recent call last):
  File "/home/albert/projects/bible/Meta_Bible_Data/Bible_Noun_Extraction/translate_verses.py", line 601, in <module>
    main()
    ~~~~^^
  File "/home/albert/projects/bible/Meta_Bible_Data/Bible_Noun_Extraction/translate_verses.py", line 577, in main
    raise RuntimeError(
    ...<2 lines>...
    )
RuntimeError: JHN 6:64: rejected before write; missing required noun anchors: ['inizio']; candidate='Ma ci sono alcuni di voi che non credono; Gesù infatti sapeva fin dal principio chi erano quelli che non credevano e chi era colui che lo avrebbe tradito.\n'
Traceback (most recent call last):
  File "/home/albert/projects/bible/Meta_Bible_Data/Bible_Noun_Extraction/translate_verses.py", line 601, in <module>
    main()
    ~~~~^^
  File "/home/albert/projects/bible/Meta_Bible_Data/Bible_Noun_Extraction/translate_verses.py", line 577, in main
    raise RuntimeError(
    ...<2 lines>...
    )
RuntimeError: JHN 6:58: rejected before write; missing required noun anchors: ['secolo']; candidate='Questo è il pane che è disceso dal cielo, non come i vostri padri mangiarono la manna e morirono; chi mangia questo pane vivrà in eterno.\n'
Traceback (most recent call last):
  File "/home/albert/projects/bible/Meta_Bible_Data/Bible_Noun_Extraction/translate_verses.py", line 601, in <module>
    main()
    ~~~~^^
  File "/home/albert/projects/bible/Meta_Bible_Data/Bible_Noun_Extraction/translate_verses.py", line 577, in main
    raise RuntimeError(
    ...<2 lines>...
    )
RuntimeError: JHN 6:64: rejected before write; missing required noun anchors: ['inizio']; candidate='Ma ci sono alcuni di voi che non credono; Gesù infatti sapeva fin dal principio chi erano quelli che non credevano e chi era colui che lo avrebbe tradito.\n'
JHN 7:1  wrote 043_JHN_007_001_GOI_It.txt
JHN 7:2  wrote 043_JHN_007_002_GOI_It.txt
JHN 7:3  wrote 043_JHN_007_003_GOI_It.txt
JHN 7:4  wrote 043_JHN_007_004_GOI_It.txt
JHN 7:5  wrote 043_JHN_007_005_GOI_It.txt
JHN 7:6  wrote 043_JHN_007_006_GOI_It.txt
JHN 7:7  wrote 043_JHN_007_007_GOI_It.txt
JHN 7:8  wrote 043_JHN_007_008_GOI_It.txt
JHN 7:9  wrote 043_JHN_007_009_GOI_It.txt
JHN 7:10  wrote 043_JHN_007_010_GOI_It.txt
JHN 7:11  wrote 043_JHN_007_011_GOI_It.txt
JHN 7:12  wrote 043_JHN_007_012_GOI_It.txt
JHN 7:13  wrote 043_JHN_007_013_GOI_It.txt
JHN 7:14  wrote 043_JHN_007_014_GOI_It.txt
JHN 7:15  wrote 043_JHN_007_015_GOI_It.txt
JHN 7:16  wrote 043_JHN_007_016_GOI_It.txt
JHN 7:17  wrote 043_JHN_007_017_GOI_It.txt
JHN 7:18  wrote 043_JHN_007_018_GOI_It.txt
JHN 7:19  wrote 043_JHN_007_019_GOI_It.txt
JHN 7:20  wrote 043_JHN_007_020_GOI_It.txt
JHN 7:21  wrote 043_JHN_007_021_GOI_It.txt
JHN 7:22  wrote 043_JHN_007_022_GOI_It.txt
JHN 7:23  wrote 043_JHN_007_023_GOI_It.txt
JHN 7:24  wrote 043_JHN_007_024_GOI_It.txt
JHN 7:25  wrote 043_JHN_007_025_GOI_It.txt
JHN 7:26  wrote 043_JHN_007_026_GOI_It.txt
JHN 7:27  wrote 043_JHN_007_027_GOI_It.txt
JHN 7:28  wrote 043_JHN_007_028_GOI_It.txt
JHN 7:29  wrote 043_JHN_007_029_GOI_It.txt
JHN 7:30  wrote 043_JHN_007_030_GOI_It.txt
JHN 7:31  wrote 043_JHN_007_031_GOI_It.txt
JHN 7:32  wrote 043_JHN_007_032_GOI_It.txt
JHN 7:33  wrote 043_JHN_007_033_GOI_It.txt
JHN 7:34  wrote 043_JHN_007_034_GOI_It.txt
JHN 7:35  wrote 043_JHN_007_035_GOI_It.txt
JHN 7:36  wrote 043_JHN_007_036_GOI_It.txt
JHN 7:37  wrote 043_JHN_007_037_GOI_It.txt
JHN 7:38  wrote 043_JHN_007_038_GOI_It.txt
JHN 7:39  wrote 043_JHN_007_039_GOI_It.txt
JHN 7:40  wrote 043_JHN_007_040_GOI_It.txt
JHN 7:41  wrote 043_JHN_007_041_GOI_It.txt
JHN 7:42  wrote 043_JHN_007_042_GOI_It.txt
JHN 7:43  wrote 043_JHN_007_043_GOI_It.txt
JHN 7:44  wrote 043_JHN_007_044_GOI_It.txt
JHN 7:45  wrote 043_JHN_007_045_GOI_It.txt
JHN 7:46  wrote 043_JHN_007_046_GOI_It.txt
JHN 7:47  wrote 043_JHN_007_047_GOI_It.txt
JHN 7:48  wrote 043_JHN_007_048_GOI_It.txt
JHN 7:49  wrote 043_JHN_007_049_GOI_It.txt
JHN 7:50  wrote 043_JHN_007_050_GOI_It.txt
JHN 7:51  wrote 043_JHN_007_051_GOI_It.txt
JHN 7:52  wrote 043_JHN_007_052_GOI_It.txt
JHN 7:53  wrote 043_JHN_007_053_GOI_It.txt
Done. Wrote 53 verse(s); skipped 0.
JHN 8:1  wrote 043_JHN_008_001_GOI_It.txt
JHN 8:2  wrote 043_JHN_008_002_GOI_It.txt
JHN 8:3  wrote 043_JHN_008_003_GOI_It.txt
JHN 8:4  wrote 043_JHN_008_004_GOI_It.txt
JHN 8:5  wrote 043_JHN_008_005_GOI_It.txt
JHN 8:6  wrote 043_JHN_008_006_GOI_It.txt
JHN 8:7  wrote 043_JHN_008_007_GOI_It.txt
JHN 8:8  wrote 043_JHN_008_008_GOI_It.txt
JHN 8:9  wrote 043_JHN_008_009_GOI_It.txt
JHN 8:10  wrote 043_JHN_008_010_GOI_It.txt
JHN 8:11  wrote 043_JHN_008_011_GOI_It.txt
JHN 8:12  wrote 043_JHN_008_012_GOI_It.txt
JHN 8:13  wrote 043_JHN_008_013_GOI_It.txt
JHN 8:14  wrote 043_JHN_008_014_GOI_It.txt
JHN 8:15  wrote 043_JHN_008_015_GOI_It.txt
JHN 8:16  wrote 043_JHN_008_016_GOI_It.txt
JHN 8:17  wrote 043_JHN_008_017_GOI_It.txt
JHN 8:18  wrote 043_JHN_008_018_GOI_It.txt
JHN 8:19  wrote 043_JHN_008_019_GOI_It.txt
JHN 8:20  wrote 043_JHN_008_020_GOI_It.txt
JHN 8:21  wrote 043_JHN_008_021_GOI_It.txt
JHN 8:22  wrote 043_JHN_008_022_GOI_It.txt
JHN 8:23  wrote 043_JHN_008_023_GOI_It.txt
JHN 8:24  wrote 043_JHN_008_024_GOI_It.txt
Traceback (most recent call last):
  File "/home/albert/projects/bible/Meta_Bible_Data/Bible_Noun_Extraction/translate_verses.py", line 601, in <module>
    main()
    ~~~~^^
  File "/home/albert/projects/bible/Meta_Bible_Data/Bible_Noun_Extraction/translate_verses.py", line 577, in main
    raise RuntimeError(
    ...<2 lines>...
    )
RuntimeError: JHN 8:25: rejected before write; missing required noun anchors: ['inizio']; candidate='Dicevano dunque a lui: "Tu chi sei?" E Gesù disse loro: "Il principio, ciò che anche vi parlo".\n'
JHN 8:1  skipped (already exists)
JHN 8:2  skipped (already exists)
JHN 8:3  skipped (already exists)
JHN 8:4  skipped (already exists)
JHN 8:5  skipped (already exists)
JHN 8:6  skipped (already exists)
JHN 8:7  skipped (already exists)
JHN 8:8  skipped (already exists)
JHN 8:9  skipped (already exists)
JHN 8:10  skipped (already exists)
JHN 8:11  skipped (already exists)
JHN 8:12  skipped (already exists)
JHN 8:13  skipped (already exists)
JHN 8:14  skipped (already exists)
JHN 8:15  skipped (already exists)
JHN 8:16  skipped (already exists)
JHN 8:17  skipped (already exists)
JHN 8:18  skipped (already exists)
JHN 8:19  skipped (already exists)
JHN 8:20  skipped (already exists)
JHN 8:21  skipped (already exists)
JHN 8:22  skipped (already exists)
JHN 8:23  skipped (already exists)
JHN 8:24  skipped (already exists)
Traceback (most recent call last):
  File "/home/albert/projects/bible/Meta_Bible_Data/Bible_Noun_Extraction/translate_verses.py", line 601, in <module>
    main()
    ~~~~^^
  File "/home/albert/projects/bible/Meta_Bible_Data/Bible_Noun_Extraction/translate_verses.py", line 577, in main
    raise RuntimeError(
    ...<2 lines>...
    )
RuntimeError: JHN 8:25: rejected before write; missing required noun anchors: ['inizio']; candidate='Allora gli dicevano: "Tu chi sei?" E Gesù disse loro: "Il principio, ciò che anche vi parlo".\n'
JHN 8:1  skipped (already exists)
JHN 8:2  skipped (already exists)
JHN 8:3  skipped (already exists)
JHN 8:4  skipped (already exists)
JHN 8:5  skipped (already exists)
JHN 8:6  skipped (already exists)
JHN 8:7  skipped (already exists)
JHN 8:8  skipped (already exists)
JHN 8:9  skipped (already exists)
JHN 8:10  skipped (already exists)
JHN 8:11  skipped (already exists)
JHN 8:12  skipped (already exists)
JHN 8:13  skipped (already exists)
JHN 8:14  skipped (already exists)
JHN 8:15  skipped (already exists)
JHN 8:16  skipped (already exists)
JHN 8:17  skipped (already exists)
JHN 8:18  skipped (already exists)
JHN 8:19  skipped (already exists)
JHN 8:20  skipped (already exists)
JHN 8:21  skipped (already exists)
JHN 8:22  skipped (already exists)
JHN 8:23  skipped (already exists)
JHN 8:24  skipped (already exists)
Traceback (most recent call last):
  File "/home/albert/projects/bible/Meta_Bible_Data/Bible_Noun_Extraction/translate_verses.py", line 601, in <module>
    main()
    ~~~~^^
  File "/home/albert/projects/bible/Meta_Bible_Data/Bible_Noun_Extraction/translate_verses.py", line 577, in main
    raise RuntimeError(
    ...<2 lines>...
    )
RuntimeError: JHN 8:25: rejected before write; missing required noun anchors: ['inizio']; candidate='Dicevano dunque a lui: "Tu chi sei?" E Gesù disse loro: "Il principio, ciò che anche vi parlo".\n'
JHN 8:26  wrote 043_JHN_008_026_GOI_It.txt
Done. Wrote 1 verse(s); skipped 0.
JHN 8:27  wrote 043_JHN_008_027_GOI_It.txt
Done. Wrote 1 verse(s); skipped 0.
JHN 8:28  wrote 043_JHN_008_028_GOI_It.txt
Done. Wrote 1 verse(s); skipped 0.
JHN 8:29  wrote 043_JHN_008_029_GOI_It.txt
Done. Wrote 1 verse(s); skipped 0.
JHN 8:30  wrote 043_JHN_008_030_GOI_It.txt
Done. Wrote 1 verse(s); skipped 0.
JHN 8:31  wrote 043_JHN_008_031_GOI_It.txt
Done. Wrote 1 verse(s); skipped 0.
JHN 8:32  wrote 043_JHN_008_032_GOI_It.txt
Done. Wrote 1 verse(s); skipped 0.
JHN 8:33  wrote 043_JHN_008_033_GOI_It.txt
Done. Wrote 1 verse(s); skipped 0.
JHN 8:34  wrote 043_JHN_008_034_GOI_It.txt
Done. Wrote 1 verse(s); skipped 0.
Traceback (most recent call last):
  File "/home/albert/projects/bible/Meta_Bible_Data/Bible_Noun_Extraction/translate_verses.py", line 601, in <module>
    main()
    ~~~~^^
  File "/home/albert/projects/bible/Meta_Bible_Data/Bible_Noun_Extraction/translate_verses.py", line 577, in main
    raise RuntimeError(
    ...<2 lines>...
    )
RuntimeError: JHN 8:35: rejected before write; missing required noun anchors: ['secolo', 'secolo']; candidate='Il servo non rimane nella casa per sempre; il figlio rimane per sempre.\n'
JHN 8:36  wrote 043_JHN_008_036_GOI_It.txt
Done. Wrote 1 verse(s); skipped 0.
JHN 8:37  wrote 043_JHN_008_037_GOI_It.txt
Done. Wrote 1 verse(s); skipped 0.
JHN 8:38  wrote 043_JHN_008_038_GOI_It.txt
Done. Wrote 1 verse(s); skipped 0.
JHN 8:39  wrote 043_JHN_008_039_GOI_It.txt
Done. Wrote 1 verse(s); skipped 0.
JHN 8:40  wrote 043_JHN_008_040_GOI_It.txt
Done. Wrote 1 verse(s); skipped 0.
JHN 8:41  wrote 043_JHN_008_041_GOI_It.txt
Done. Wrote 1 verse(s); skipped 0.
JHN 8:42  wrote 043_JHN_008_042_GOI_It.txt
Done. Wrote 1 verse(s); skipped 0.
JHN 8:43  wrote 043_JHN_008_043_GOI_It.txt
Done. Wrote 1 verse(s); skipped 0.
JHN 8:44  wrote 043_JHN_008_044_GOI_It.txt
Done. Wrote 1 verse(s); skipped 0.
JHN 8:45  wrote 043_JHN_008_045_GOI_It.txt
Done. Wrote 1 verse(s); skipped 0.
JHN 8:46  wrote 043_JHN_008_046_GOI_It.txt
Done. Wrote 1 verse(s); skipped 0.
JHN 8:47  wrote 043_JHN_008_047_GOI_It.txt
Done. Wrote 1 verse(s); skipped 0.
JHN 8:48  wrote 043_JHN_008_048_GOI_It.txt
Done. Wrote 1 verse(s); skipped 0.
JHN 8:49  wrote 043_JHN_008_049_GOI_It.txt
Done. Wrote 1 verse(s); skipped 0.
JHN 8:50  wrote 043_JHN_008_050_GOI_It.txt
Done. Wrote 1 verse(s); skipped 0.
JHN 8:51  wrote 043_JHN_008_051_GOI_It.txt
Done. Wrote 1 verse(s); skipped 0.
JHN 8:52  wrote 043_JHN_008_052_GOI_It.txt
Done. Wrote 1 verse(s); skipped 0.
JHN 8:53  wrote 043_JHN_008_053_GOI_It.txt
Done. Wrote 1 verse(s); skipped 0.
JHN 8:54  wrote 043_JHN_008_054_GOI_It.txt
Done. Wrote 1 verse(s); skipped 0.
JHN 8:55  wrote 043_JHN_008_055_GOI_It.txt
Done. Wrote 1 verse(s); skipped 0.
JHN 8:56  wrote 043_JHN_008_056_GOI_It.txt
Done. Wrote 1 verse(s); skipped 0.
JHN 8:57  wrote 043_JHN_008_057_GOI_It.txt
Done. Wrote 1 verse(s); skipped 0.
JHN 8:58  wrote 043_JHN_008_058_GOI_It.txt
Done. Wrote 1 verse(s); skipped 0.
JHN 8:59  wrote 043_JHN_008_059_GOI_It.txt
Done. Wrote 1 verse(s); skipped 0.
Traceback (most recent call last):
  File "/home/albert/projects/bible/Meta_Bible_Data/Bible_Noun_Extraction/translate_verses.py", line 601, in <module>
    main()
    ~~~~^^
  File "/home/albert/projects/bible/Meta_Bible_Data/Bible_Noun_Extraction/translate_verses.py", line 577, in main
    raise RuntimeError(
    ...<2 lines>...
    )
RuntimeError: JHN 8:35: rejected before write; missing required noun anchors: ['secolo', 'secolo']; candidate='Il servo non rimane nella casa per sempre; il figlio rimane per sempre.\n'
Traceback (most recent call last):
  File "/home/albert/projects/bible/Meta_Bible_Data/Bible_Noun_Extraction/translate_verses.py", line 601, in <module>
    main()
    ~~~~^^
  File "/home/albert/projects/bible/Meta_Bible_Data/Bible_Noun_Extraction/translate_verses.py", line 577, in main
    raise RuntimeError(
    ...<2 lines>...
    )
RuntimeError: JHN 8:35: rejected before write; missing required noun anchors: ['secolo', 'secolo']; candidate='Il servo non rimane nella casa per sempre; il figlio rimane per sempre.\n'
JHN 9:1  wrote 043_JHN_009_001_GOI_It.txt
JHN 9:2  wrote 043_JHN_009_002_GOI_It.txt
JHN 9:3  wrote 043_JHN_009_003_GOI_It.txt
JHN 9:4  wrote 043_JHN_009_004_GOI_It.txt
JHN 9:5  wrote 043_JHN_009_005_GOI_It.txt
JHN 9:6  wrote 043_JHN_009_006_GOI_It.txt
JHN 9:7  wrote 043_JHN_009_007_GOI_It.txt
JHN 9:8  wrote 043_JHN_009_008_GOI_It.txt
JHN 9:9  wrote 043_JHN_009_009_GOI_It.txt
JHN 9:10  wrote 043_JHN_009_010_GOI_It.txt
JHN 9:11  wrote 043_JHN_009_011_GOI_It.txt
JHN 9:12  wrote 043_JHN_009_012_GOI_It.txt
JHN 9:13  wrote 043_JHN_009_013_GOI_It.txt
JHN 9:14  wrote 043_JHN_009_014_GOI_It.txt
JHN 9:15  wrote 043_JHN_009_015_GOI_It.txt
JHN 9:16  wrote 043_JHN_009_016_GOI_It.txt
JHN 9:17  wrote 043_JHN_009_017_GOI_It.txt
JHN 9:18  wrote 043_JHN_009_018_GOI_It.txt
JHN 9:19  wrote 043_JHN_009_019_GOI_It.txt
JHN 9:20  wrote 043_JHN_009_020_GOI_It.txt
JHN 9:21  wrote 043_JHN_009_021_GOI_It.txt
JHN 9:22  wrote 043_JHN_009_022_GOI_It.txt
JHN 9:23  wrote 043_JHN_009_023_GOI_It.txt
JHN 9:24  wrote 043_JHN_009_024_GOI_It.txt
JHN 9:25  wrote 043_JHN_009_025_GOI_It.txt
JHN 9:26  wrote 043_JHN_009_026_GOI_It.txt
JHN 9:27  wrote 043_JHN_009_027_GOI_It.txt
JHN 9:28  wrote 043_JHN_009_028_GOI_It.txt
JHN 9:29  wrote 043_JHN_009_029_GOI_It.txt
JHN 9:30  wrote 043_JHN_009_030_GOI_It.txt
JHN 9:31  wrote 043_JHN_009_031_GOI_It.txt
JHN 9:32  wrote 043_JHN_009_032_GOI_It.txt
JHN 9:33  wrote 043_JHN_009_033_GOI_It.txt
JHN 9:34  wrote 043_JHN_009_034_GOI_It.txt
JHN 9:35  wrote 043_JHN_009_035_GOI_It.txt
JHN 9:36  wrote 043_JHN_009_036_GOI_It.txt
JHN 9:37  wrote 043_JHN_009_037_GOI_It.txt
JHN 9:38  wrote 043_JHN_009_038_GOI_It.txt
JHN 9:39  wrote 043_JHN_009_039_GOI_It.txt
JHN 9:40  wrote 043_JHN_009_040_GOI_It.txt
JHN 9:41  wrote 043_JHN_009_041_GOI_It.txt
Done. Wrote 41 verse(s); skipped 0.
JHN 10:1  wrote 043_JHN_010_001_GOI_It.txt
JHN 10:2  wrote 043_JHN_010_002_GOI_It.txt
JHN 10:3  wrote 043_JHN_010_003_GOI_It.txt
JHN 10:4  wrote 043_JHN_010_004_GOI_It.txt
JHN 10:5  wrote 043_JHN_010_005_GOI_It.txt
JHN 10:6  wrote 043_JHN_010_006_GOI_It.txt
JHN 10:7  wrote 043_JHN_010_007_GOI_It.txt
JHN 10:8  wrote 043_JHN_010_008_GOI_It.txt
JHN 10:9  wrote 043_JHN_010_009_GOI_It.txt
JHN 10:10  wrote 043_JHN_010_010_GOI_It.txt
JHN 10:11  wrote 043_JHN_010_011_GOI_It.txt
JHN 10:12  wrote 043_JHN_010_012_GOI_It.txt
JHN 10:13  wrote 043_JHN_010_013_GOI_It.txt
JHN 10:14  wrote 043_JHN_010_014_GOI_It.txt
JHN 10:15  wrote 043_JHN_010_015_GOI_It.txt
JHN 10:16  wrote 043_JHN_010_016_GOI_It.txt
JHN 10:17  wrote 043_JHN_010_017_GOI_It.txt
JHN 10:18  wrote 043_JHN_010_018_GOI_It.txt
JHN 10:19  wrote 043_JHN_010_019_GOI_It.txt
JHN 10:20  wrote 043_JHN_010_020_GOI_It.txt
JHN 10:21  wrote 043_JHN_010_021_GOI_It.txt
Traceback (most recent call last):
  File "/home/albert/projects/bible/Meta_Bible_Data/Bible_Noun_Extraction/translate_verses.py", line 601, in <module>
    main()
    ~~~~^^
  File "/home/albert/projects/bible/Meta_Bible_Data/Bible_Noun_Extraction/translate_verses.py", line 577, in main
    raise RuntimeError(
    ...<2 lines>...
    )
RuntimeError: JHN 10:22: rejected before write; missing required noun anchors: ['dedica']; candidate='Avvenne allora la dedicazione in Gerusalemme, ed era inverno.\n'
JHN 10:1  skipped (already exists)
JHN 10:2  skipped (already exists)
JHN 10:3  skipped (already exists)
JHN 10:4  skipped (already exists)
JHN 10:5  skipped (already exists)
JHN 10:6  skipped (already exists)
JHN 10:7  skipped (already exists)
JHN 10:8  skipped (already exists)
JHN 10:9  skipped (already exists)
JHN 10:10  skipped (already exists)
JHN 10:11  skipped (already exists)
JHN 10:12  skipped (already exists)
JHN 10:13  skipped (already exists)
JHN 10:14  skipped (already exists)
JHN 10:15  skipped (already exists)
JHN 10:16  skipped (already exists)
JHN 10:17  skipped (already exists)
JHN 10:18  skipped (already exists)
JHN 10:19  skipped (already exists)
JHN 10:20  skipped (already exists)
JHN 10:21  skipped (already exists)
Traceback (most recent call last):
  File "/home/albert/projects/bible/Meta_Bible_Data/Bible_Noun_Extraction/translate_verses.py", line 601, in <module>
    main()
    ~~~~^^
  File "/home/albert/projects/bible/Meta_Bible_Data/Bible_Noun_Extraction/translate_verses.py", line 577, in main
    raise RuntimeError(
    ...<2 lines>...
    )
RuntimeError: JHN 10:22: rejected before write; missing required noun anchors: ['dedica']; candidate='Allora ebbe luogo la dedicazione in Gerusalemme, ed era inverno.\n'
JHN 10:1  skipped (already exists)
JHN 10:2  skipped (already exists)
JHN 10:3  skipped (already exists)
JHN 10:4  skipped (already exists)
JHN 10:5  skipped (already exists)
JHN 10:6  skipped (already exists)
JHN 10:7  skipped (already exists)
JHN 10:8  skipped (already exists)
JHN 10:9  skipped (already exists)
JHN 10:10  skipped (already exists)
JHN 10:11  skipped (already exists)
JHN 10:12  skipped (already exists)
JHN 10:13  skipped (already exists)
JHN 10:14  skipped (already exists)
JHN 10:15  skipped (already exists)
JHN 10:16  skipped (already exists)
JHN 10:17  skipped (already exists)
JHN 10:18  skipped (already exists)
JHN 10:19  skipped (already exists)
JHN 10:20  skipped (already exists)
JHN 10:21  skipped (already exists)
Traceback (most recent call last):
  File "/home/albert/projects/bible/Meta_Bible_Data/Bible_Noun_Extraction/translate_verses.py", line 601, in <module>
    main()
    ~~~~^^
  File "/home/albert/projects/bible/Meta_Bible_Data/Bible_Noun_Extraction/translate_verses.py", line 577, in main
    raise RuntimeError(
    ...<2 lines>...
    )
RuntimeError: JHN 10:22: rejected before write; missing required noun anchors: ['dedica']; candidate='Allora ebbe luogo la dedicazione in Gerusalemme, ed era inverno.\n'
JHN 10:23  wrote 043_JHN_010_023_GOI_It.txt
Done. Wrote 1 verse(s); skipped 0.
JHN 10:24  wrote 043_JHN_010_024_GOI_It.txt
Done. Wrote 1 verse(s); skipped 0.
JHN 10:25  wrote 043_JHN_010_025_GOI_It.txt
Done. Wrote 1 verse(s); skipped 0.
JHN 10:26  wrote 043_JHN_010_026_GOI_It.txt
Done. Wrote 1 verse(s); skipped 0.
JHN 10:27  wrote 043_JHN_010_027_GOI_It.txt
Done. Wrote 1 verse(s); skipped 0.
Traceback (most recent call last):
  File "/home/albert/projects/bible/Meta_Bible_Data/Bible_Noun_Extraction/translate_verses.py", line 601, in <module>
    main()
    ~~~~^^
  File "/home/albert/projects/bible/Meta_Bible_Data/Bible_Noun_Extraction/translate_verses.py", line 577, in main
    raise RuntimeError(
    ...<2 lines>...
    )
RuntimeError: JHN 10:28: rejected before write; missing required noun anchors: ['secolo']; candidate='Io do loro la vita eterna, e non periranno mai, e nessuno le strapperà dalla mia mano.\n'
JHN 10:29  wrote 043_JHN_010_029_GOI_It.txt
Done. Wrote 1 verse(s); skipped 0.
JHN 10:30  wrote 043_JHN_010_030_GOI_It.txt
Done. Wrote 1 verse(s); skipped 0.
JHN 10:31  wrote 043_JHN_010_031_GOI_It.txt
Done. Wrote 1 verse(s); skipped 0.
JHN 10:32  wrote 043_JHN_010_032_GOI_It.txt
Done. Wrote 1 verse(s); skipped 0.
JHN 10:33  wrote 043_JHN_010_033_GOI_It.txt
Done. Wrote 1 verse(s); skipped 0.
JHN 10:34  wrote 043_JHN_010_034_GOI_It.txt
Done. Wrote 1 verse(s); skipped 0.
JHN 10:35  wrote 043_JHN_010_035_GOI_It.txt
Done. Wrote 1 verse(s); skipped 0.
JHN 10:36  wrote 043_JHN_010_036_GOI_It.txt
Done. Wrote 1 verse(s); skipped 0.
JHN 10:37  wrote 043_JHN_010_037_GOI_It.txt
Done. Wrote 1 verse(s); skipped 0.
JHN 10:38  wrote 043_JHN_010_038_GOI_It.txt
Done. Wrote 1 verse(s); skipped 0.
JHN 10:39  wrote 043_JHN_010_039_GOI_It.txt
Done. Wrote 1 verse(s); skipped 0.
JHN 10:40  wrote 043_JHN_010_040_GOI_It.txt
Done. Wrote 1 verse(s); skipped 0.
JHN 10:41  wrote 043_JHN_010_041_GOI_It.txt
Done. Wrote 1 verse(s); skipped 0.
JHN 10:42  wrote 043_JHN_010_042_GOI_It.txt
Done. Wrote 1 verse(s); skipped 0.
Traceback (most recent call last):
  File "/home/albert/projects/bible/Meta_Bible_Data/Bible_Noun_Extraction/translate_verses.py", line 601, in <module>
    main()
    ~~~~^^
  File "/home/albert/projects/bible/Meta_Bible_Data/Bible_Noun_Extraction/translate_verses.py", line 577, in main
    raise RuntimeError(
    ...<2 lines>...
    )
RuntimeError: JHN 10:28: rejected before write; missing required noun anchors: ['secolo']; candidate='Io do loro la vita eterna, e non periranno mai, e nessuno le strapperà dalla mia mano.\n'
Traceback (most recent call last):
  File "/home/albert/projects/bible/Meta_Bible_Data/Bible_Noun_Extraction/translate_verses.py", line 601, in <module>
    main()
    ~~~~^^
  File "/home/albert/projects/bible/Meta_Bible_Data/Bible_Noun_Extraction/translate_verses.py", line 577, in main
    raise RuntimeError(
    ...<2 lines>...
    )
RuntimeError: JHN 10:28: rejected before write; missing required noun anchors: ['secolo']; candidate='Io do loro la vita eterna, e non periranno mai in eterno, e nessuno le strapperà dalla mia mano.\n'
JHN 11:1  wrote 043_JHN_011_001_GOI_It.txt
JHN 11:2  wrote 043_JHN_011_002_GOI_It.txt
JHN 11:3  wrote 043_JHN_011_003_GOI_It.txt
JHN 11:4  wrote 043_JHN_011_004_GOI_It.txt
JHN 11:5  wrote 043_JHN_011_005_GOI_It.txt
JHN 11:6  wrote 043_JHN_011_006_GOI_It.txt
JHN 11:7  wrote 043_JHN_011_007_GOI_It.txt
JHN 11:8  wrote 043_JHN_011_008_GOI_It.txt
JHN 11:9  wrote 043_JHN_011_009_GOI_It.txt
JHN 11:10  wrote 043_JHN_011_010_GOI_It.txt
JHN 11:11  wrote 043_JHN_011_011_GOI_It.txt
JHN 11:12  wrote 043_JHN_011_012_GOI_It.txt
JHN 11:13  wrote 043_JHN_011_013_GOI_It.txt
JHN 11:14  wrote 043_JHN_011_014_GOI_It.txt
JHN 11:15  wrote 043_JHN_011_015_GOI_It.txt
JHN 11:16  wrote 043_JHN_011_016_GOI_It.txt
JHN 11:17  wrote 043_JHN_011_017_GOI_It.txt
JHN 11:18  wrote 043_JHN_011_018_GOI_It.txt
JHN 11:19  wrote 043_JHN_011_019_GOI_It.txt
JHN 11:20  wrote 043_JHN_011_020_GOI_It.txt
JHN 11:21  wrote 043_JHN_011_021_GOI_It.txt
JHN 11:22  wrote 043_JHN_011_022_GOI_It.txt
JHN 11:23  wrote 043_JHN_011_023_GOI_It.txt
JHN 11:24  wrote 043_JHN_011_024_GOI_It.txt
JHN 11:25  wrote 043_JHN_011_025_GOI_It.txt
JHN 11:26  wrote 043_JHN_011_026_GOI_It.txt
JHN 11:27  wrote 043_JHN_011_027_GOI_It.txt
JHN 11:28  wrote 043_JHN_011_028_GOI_It.txt
JHN 11:29  wrote 043_JHN_011_029_GOI_It.txt
JHN 11:30  wrote 043_JHN_011_030_GOI_It.txt
Traceback (most recent call last):
  File "/home/albert/projects/bible/Meta_Bible_Data/Bible_Noun_Extraction/translate_verses.py", line 601, in <module>
    main()
    ~~~~^^
  File "/home/albert/projects/bible/Meta_Bible_Data/Bible_Noun_Extraction/translate_verses.py", line 577, in main
    raise RuntimeError(
    ...<2 lines>...
    )
RuntimeError: JHN 11:31: rejected before write; missing required noun anchors: ['tomba']; candidate='Allora i Giudei che erano con lei in casa e la consolavano, vedendo Maria che si era alzata in fretta ed era uscita, la seguirono, dicendo: "Va al sepolcro per piangere là".\n'
JHN 11:1  skipped (already exists)
JHN 11:2  skipped (already exists)
JHN 11:3  skipped (already exists)
JHN 11:4  skipped (already exists)
JHN 11:5  skipped (already exists)
JHN 11:6  skipped (already exists)
JHN 11:7  skipped (already exists)
JHN 11:8  skipped (already exists)
JHN 11:9  skipped (already exists)
JHN 11:10  skipped (already exists)
JHN 11:11  skipped (already exists)
JHN 11:12  skipped (already exists)
JHN 11:13  skipped (already exists)
JHN 11:14  skipped (already exists)
JHN 11:15  skipped (already exists)
JHN 11:16  skipped (already exists)
JHN 11:17  skipped (already exists)
JHN 11:18  skipped (already exists)
JHN 11:19  skipped (already exists)
JHN 11:20  skipped (already exists)
JHN 11:21  skipped (already exists)
JHN 11:22  skipped (already exists)
JHN 11:23  skipped (already exists)
JHN 11:24  skipped (already exists)
JHN 11:25  skipped (already exists)
JHN 11:26  skipped (already exists)
JHN 11:27  skipped (already exists)
JHN 11:28  skipped (already exists)
JHN 11:29  skipped (already exists)
JHN 11:30  skipped (already exists)
Traceback (most recent call last):
  File "/home/albert/projects/bible/Meta_Bible_Data/Bible_Noun_Extraction/translate_verses.py", line 601, in <module>
    main()
    ~~~~^^
  File "/home/albert/projects/bible/Meta_Bible_Data/Bible_Noun_Extraction/translate_verses.py", line 577, in main
    raise RuntimeError(
    ...<2 lines>...
    )
RuntimeError: JHN 11:31: rejected before write; missing required noun anchors: ['tomba']; candidate='Allora i Giudei che erano con lei in casa e la consolavano, vedendo Maria che si era alzata in fretta ed era uscita, la seguirono, dicendo: "Va al sepolcro per piangere là".\n'
JHN 11:1  skipped (already exists)
JHN 11:2  skipped (already exists)
JHN 11:3  skipped (already exists)
JHN 11:4  skipped (already exists)
JHN 11:5  skipped (already exists)
JHN 11:6  skipped (already exists)
JHN 11:7  skipped (already exists)
JHN 11:8  skipped (already exists)
JHN 11:9  skipped (already exists)
JHN 11:10  skipped (already exists)
JHN 11:11  skipped (already exists)
JHN 11:12  skipped (already exists)
JHN 11:13  skipped (already exists)
JHN 11:14  skipped (already exists)
JHN 11:15  skipped (already exists)
JHN 11:16  skipped (already exists)
JHN 11:17  skipped (already exists)
JHN 11:18  skipped (already exists)
JHN 11:19  skipped (already exists)
JHN 11:20  skipped (already exists)
JHN 11:21  skipped (already exists)
JHN 11:22  skipped (already exists)
JHN 11:23  skipped (already exists)
JHN 11:24  skipped (already exists)
JHN 11:25  skipped (already exists)
JHN 11:26  skipped (already exists)
JHN 11:27  skipped (already exists)
JHN 11:28  skipped (already exists)
JHN 11:29  skipped (already exists)
JHN 11:30  skipped (already exists)
JHN 11:31  wrote 043_JHN_011_031_GOI_It.txt
JHN 11:32  wrote 043_JHN_011_032_GOI_It.txt
JHN 11:33  wrote 043_JHN_011_033_GOI_It.txt
JHN 11:34  wrote 043_JHN_011_034_GOI_It.txt
JHN 11:35  wrote 043_JHN_011_035_GOI_It.txt
JHN 11:36  wrote 043_JHN_011_036_GOI_It.txt
JHN 11:37  wrote 043_JHN_011_037_GOI_It.txt
JHN 11:38  wrote 043_JHN_011_038_GOI_It.txt
JHN 11:39  wrote 043_JHN_011_039_GOI_It.txt
JHN 11:40  wrote 043_JHN_011_040_GOI_It.txt
JHN 11:41  wrote 043_JHN_011_041_GOI_It.txt
JHN 11:42  wrote 043_JHN_011_042_GOI_It.txt
JHN 11:43  wrote 043_JHN_011_043_GOI_It.txt
JHN 11:44  wrote 043_JHN_011_044_GOI_It.txt
JHN 11:45  wrote 043_JHN_011_045_GOI_It.txt
JHN 11:46  wrote 043_JHN_011_046_GOI_It.txt
JHN 11:47  wrote 043_JHN_011_047_GOI_It.txt
JHN 11:48  wrote 043_JHN_011_048_GOI_It.txt
JHN 11:49  wrote 043_JHN_011_049_GOI_It.txt
JHN 11:50  wrote 043_JHN_011_050_GOI_It.txt
JHN 11:51  wrote 043_JHN_011_051_GOI_It.txt
JHN 11:52  wrote 043_JHN_011_052_GOI_It.txt
JHN 11:53  wrote 043_JHN_011_053_GOI_It.txt
JHN 11:54  wrote 043_JHN_011_054_GOI_It.txt
JHN 11:55  wrote 043_JHN_011_055_GOI_It.txt
JHN 11:56  wrote 043_JHN_011_056_GOI_It.txt
JHN 11:57  wrote 043_JHN_011_057_GOI_It.txt
Done. Wrote 27 verse(s); skipped 30.
JHN 12:1  wrote 043_JHN_012_001_GOI_It.txt
JHN 12:2  wrote 043_JHN_012_002_GOI_It.txt
JHN 12:3  wrote 043_JHN_012_003_GOI_It.txt
JHN 12:4  wrote 043_JHN_012_004_GOI_It.txt
JHN 12:5  wrote 043_JHN_012_005_GOI_It.txt
JHN 12:6  wrote 043_JHN_012_006_GOI_It.txt
JHN 12:7  wrote 043_JHN_012_007_GOI_It.txt
JHN 12:8  wrote 043_JHN_012_008_GOI_It.txt
JHN 12:9  wrote 043_JHN_012_009_GOI_It.txt
JHN 12:10  wrote 043_JHN_012_010_GOI_It.txt
JHN 12:11  wrote 043_JHN_012_011_GOI_It.txt
JHN 12:12  wrote 043_JHN_012_012_GOI_It.txt
JHN 12:13  wrote 043_JHN_012_013_GOI_It.txt
JHN 12:14  wrote 043_JHN_012_014_GOI_It.txt
JHN 12:15  wrote 043_JHN_012_015_GOI_It.txt
JHN 12:16  wrote 043_JHN_012_016_GOI_It.txt
JHN 12:17  wrote 043_JHN_012_017_GOI_It.txt
JHN 12:18  wrote 043_JHN_012_018_GOI_It.txt
JHN 12:19  wrote 043_JHN_012_019_GOI_It.txt
JHN 12:20  wrote 043_JHN_012_020_GOI_It.txt
JHN 12:21  wrote 043_JHN_012_021_GOI_It.txt
JHN 12:22  wrote 043_JHN_012_022_GOI_It.txt
JHN 12:23  wrote 043_JHN_012_023_GOI_It.txt
JHN 12:24  wrote 043_JHN_012_024_GOI_It.txt
JHN 12:25  wrote 043_JHN_012_025_GOI_It.txt
JHN 12:26  wrote 043_JHN_012_026_GOI_It.txt
JHN 12:27  wrote 043_JHN_012_027_GOI_It.txt
JHN 12:28  wrote 043_JHN_012_028_GOI_It.txt
JHN 12:29  wrote 043_JHN_012_029_GOI_It.txt
JHN 12:30  wrote 043_JHN_012_030_GOI_It.txt
JHN 12:31  wrote 043_JHN_012_031_GOI_It.txt
JHN 12:32  wrote 043_JHN_012_032_GOI_It.txt
JHN 12:33  wrote 043_JHN_012_033_GOI_It.txt
Traceback (most recent call last):
  File "/home/albert/projects/bible/Meta_Bible_Data/Bible_Noun_Extraction/translate_verses.py", line 601, in <module>
    main()
    ~~~~^^
  File "/home/albert/projects/bible/Meta_Bible_Data/Bible_Noun_Extraction/translate_verses.py", line 577, in main
    raise RuntimeError(
    ...<2 lines>...
    )
RuntimeError: JHN 12:34: rejected before write; missing required noun anchors: ['secolo']; candidate='La folla gli rispose: "Noi abbiamo udito dalla legge che il Cristo rimane in eterno; e come dici tu che il Figlio dell\'uomo deve essere esaltato? Chi è questo Figlio dell\'uomo?"\n'
JHN 12:1  skipped (already exists)
JHN 12:2  skipped (already exists)
JHN 12:3  skipped (already exists)
JHN 12:4  skipped (already exists)
JHN 12:5  skipped (already exists)
JHN 12:6  skipped (already exists)
JHN 12:7  skipped (already exists)
JHN 12:8  skipped (already exists)
JHN 12:9  skipped (already exists)
JHN 12:10  skipped (already exists)
JHN 12:11  skipped (already exists)
JHN 12:12  skipped (already exists)
JHN 12:13  skipped (already exists)
JHN 12:14  skipped (already exists)
JHN 12:15  skipped (already exists)
JHN 12:16  skipped (already exists)
JHN 12:17  skipped (already exists)
JHN 12:18  skipped (already exists)
JHN 12:19  skipped (already exists)
JHN 12:20  skipped (already exists)
JHN 12:21  skipped (already exists)
JHN 12:22  skipped (already exists)
JHN 12:23  skipped (already exists)
JHN 12:24  skipped (already exists)
JHN 12:25  skipped (already exists)
JHN 12:26  skipped (already exists)
JHN 12:27  skipped (already exists)
JHN 12:28  skipped (already exists)
JHN 12:29  skipped (already exists)
JHN 12:30  skipped (already exists)
JHN 12:31  skipped (already exists)
JHN 12:32  skipped (already exists)
JHN 12:33  skipped (already exists)
Traceback (most recent call last):
  File "/home/albert/projects/bible/Meta_Bible_Data/Bible_Noun_Extraction/translate_verses.py", line 601, in <module>
    main()
    ~~~~^^
  File "/home/albert/projects/bible/Meta_Bible_Data/Bible_Noun_Extraction/translate_verses.py", line 577, in main
    raise RuntimeError(
    ...<2 lines>...
    )
RuntimeError: JHN 12:34: rejected before write; missing required noun anchors: ['secolo']; candidate='La folla gli rispose: "Noi abbiamo udito dalla legge che il Cristo rimane in eterno; e come dici tu che il Figlio dell\'uomo deve essere esaltato? Chi è questo Figlio dell\'uomo?"\n'
JHN 12:1  skipped (already exists)
JHN 12:2  skipped (already exists)
JHN 12:3  skipped (already exists)
JHN 12:4  skipped (already exists)
JHN 12:5  skipped (already exists)
JHN 12:6  skipped (already exists)
JHN 12:7  skipped (already exists)
JHN 12:8  skipped (already exists)
JHN 12:9  skipped (already exists)
JHN 12:10  skipped (already exists)
JHN 12:11  skipped (already exists)
JHN 12:12  skipped (already exists)
JHN 12:13  skipped (already exists)
JHN 12:14  skipped (already exists)
JHN 12:15  skipped (already exists)
JHN 12:16  skipped (already exists)
JHN 12:17  skipped (already exists)
JHN 12:18  skipped (already exists)
JHN 12:19  skipped (already exists)
JHN 12:20  skipped (already exists)
JHN 12:21  skipped (already exists)
JHN 12:22  skipped (already exists)
JHN 12:23  skipped (already exists)
JHN 12:24  skipped (already exists)
JHN 12:25  skipped (already exists)
JHN 12:26  skipped (already exists)
JHN 12:27  skipped (already exists)
JHN 12:28  skipped (already exists)
JHN 12:29  skipped (already exists)
JHN 12:30  skipped (already exists)
JHN 12:31  skipped (already exists)
JHN 12:32  skipped (already exists)
JHN 12:33  skipped (already exists)
Traceback (most recent call last):
  File "/home/albert/projects/bible/Meta_Bible_Data/Bible_Noun_Extraction/translate_verses.py", line 601, in <module>
    main()
    ~~~~^^
  File "/home/albert/projects/bible/Meta_Bible_Data/Bible_Noun_Extraction/translate_verses.py", line 577, in main
    raise RuntimeError(
    ...<2 lines>...
    )
RuntimeError: JHN 12:34: rejected before write; missing required noun anchors: ['secolo']; candidate='La folla gli rispose: "Noi abbiamo udito dalla legge che il Cristo rimane per sempre; e come dici tu che il Figlio dell\'uomo deve essere esaltato? Chi è questo Figlio dell\'uomo?"\n'
JHN 12:35  wrote 043_JHN_012_035_GOI_It.txt
Done. Wrote 1 verse(s); skipped 0.
JHN 12:36  wrote 043_JHN_012_036_GOI_It.txt
Done. Wrote 1 verse(s); skipped 0.
JHN 12:37  wrote 043_JHN_012_037_GOI_It.txt
Done. Wrote 1 verse(s); skipped 0.
JHN 12:38  wrote 043_JHN_012_038_GOI_It.txt
Done. Wrote 1 verse(s); skipped 0.
JHN 12:39  wrote 043_JHN_012_039_GOI_It.txt
Done. Wrote 1 verse(s); skipped 0.
JHN 12:40  wrote 043_JHN_012_040_GOI_It.txt
Done. Wrote 1 verse(s); skipped 0.
JHN 12:41  wrote 043_JHN_012_041_GOI_It.txt
Done. Wrote 1 verse(s); skipped 0.
JHN 12:42  wrote 043_JHN_012_042_GOI_It.txt
Done. Wrote 1 verse(s); skipped 0.
JHN 12:43  wrote 043_JHN_012_043_GOI_It.txt
Done. Wrote 1 verse(s); skipped 0.
JHN 12:44  wrote 043_JHN_012_044_GOI_It.txt
Done. Wrote 1 verse(s); skipped 0.
JHN 12:45  wrote 043_JHN_012_045_GOI_It.txt
Done. Wrote 1 verse(s); skipped 0.
JHN 12:46  wrote 043_JHN_012_046_GOI_It.txt
Done. Wrote 1 verse(s); skipped 0.
JHN 12:47  wrote 043_JHN_012_047_GOI_It.txt
Done. Wrote 1 verse(s); skipped 0.
JHN 12:48  wrote 043_JHN_012_048_GOI_It.txt
Done. Wrote 1 verse(s); skipped 0.
JHN 12:49  wrote 043_JHN_012_049_GOI_It.txt
Done. Wrote 1 verse(s); skipped 0.
JHN 12:50  wrote 043_JHN_012_050_GOI_It.txt
Done. Wrote 1 verse(s); skipped 0.
JHN 13:1  wrote 043_JHN_013_001_GOI_It.txt
JHN 13:2  wrote 043_JHN_013_002_GOI_It.txt
JHN 13:3  wrote 043_JHN_013_003_GOI_It.txt
JHN 13:4  wrote 043_JHN_013_004_GOI_It.txt
JHN 13:5  wrote 043_JHN_013_005_GOI_It.txt
JHN 13:6  wrote 043_JHN_013_006_GOI_It.txt
JHN 13:7  wrote 043_JHN_013_007_GOI_It.txt
Traceback (most recent call last):
  File "/home/albert/projects/bible/Meta_Bible_Data/Bible_Noun_Extraction/translate_verses.py", line 601, in <module>
    main()
    ~~~~^^
  File "/home/albert/projects/bible/Meta_Bible_Data/Bible_Noun_Extraction/translate_verses.py", line 577, in main
    raise RuntimeError(
    ...<2 lines>...
    )
RuntimeError: JHN 13:8: rejected before write; missing required noun anchors: ['secolo']; candidate='Pietro gli dice: "Non mi laverai mai i piedi in eterno". Gesù gli rispose: "Se non ti lavo, non hai parte con me".\n'
JHN 13:1  skipped (already exists)
JHN 13:2  skipped (already exists)
JHN 13:3  skipped (already exists)
JHN 13:4  skipped (already exists)
JHN 13:5  skipped (already exists)
JHN 13:6  skipped (already exists)
JHN 13:7  skipped (already exists)
Traceback (most recent call last):
  File "/home/albert/projects/bible/Meta_Bible_Data/Bible_Noun_Extraction/translate_verses.py", line 601, in <module>
    main()
    ~~~~^^
  File "/home/albert/projects/bible/Meta_Bible_Data/Bible_Noun_Extraction/translate_verses.py", line 577, in main
    raise RuntimeError(
    ...<2 lines>...
    )
RuntimeError: JHN 13:8: rejected before write; missing required noun anchors: ['secolo']; candidate='Pietro gli dice: "Non mi laverai mai i piedi in eterno". Gesù gli rispose: "Se non ti lavo, non hai parte con me".\n'
JHN 13:1  skipped (already exists)
JHN 13:2  skipped (already exists)
JHN 13:3  skipped (already exists)
JHN 13:4  skipped (already exists)
JHN 13:5  skipped (already exists)
JHN 13:6  skipped (already exists)
JHN 13:7  skipped (already exists)
Traceback (most recent call last):
  File "/home/albert/projects/bible/Meta_Bible_Data/Bible_Noun_Extraction/translate_verses.py", line 601, in <module>
    main()
    ~~~~^^
  File "/home/albert/projects/bible/Meta_Bible_Data/Bible_Noun_Extraction/translate_verses.py", line 577, in main
    raise RuntimeError(
    ...<2 lines>...
    )
RuntimeError: JHN 13:8: rejected before write; missing required noun anchors: ['secolo']; candidate='Pietro gli dice: "Non mi laverai mai i piedi in eterno". Gesù gli rispose: "Se non ti lavo, non hai parte con me".\n'
JHN 13:9  wrote 043_JHN_013_009_GOI_It.txt
Done. Wrote 1 verse(s); skipped 0.
JHN 13:10  wrote 043_JHN_013_010_GOI_It.txt
Done. Wrote 1 verse(s); skipped 0.
JHN 13:11  wrote 043_JHN_013_011_GOI_It.txt
Done. Wrote 1 verse(s); skipped 0.
JHN 13:12  wrote 043_JHN_013_012_GOI_It.txt
Done. Wrote 1 verse(s); skipped 0.
JHN 13:13  wrote 043_JHN_013_013_GOI_It.txt
Done. Wrote 1 verse(s); skipped 0.
JHN 13:14  wrote 043_JHN_013_014_GOI_It.txt
Done. Wrote 1 verse(s); skipped 0.
JHN 13:15  wrote 043_JHN_013_015_GOI_It.txt
Done. Wrote 1 verse(s); skipped 0.
JHN 13:16  wrote 043_JHN_013_016_GOI_It.txt
Done. Wrote 1 verse(s); skipped 0.
JHN 13:17  wrote 043_JHN_013_017_GOI_It.txt
Done. Wrote 1 verse(s); skipped 0.
JHN 13:18  wrote 043_JHN_013_018_GOI_It.txt
Done. Wrote 1 verse(s); skipped 0.
JHN 13:19  wrote 043_JHN_013_019_GOI_It.txt
Done. Wrote 1 verse(s); skipped 0.
JHN 13:20  wrote 043_JHN_013_020_GOI_It.txt
Done. Wrote 1 verse(s); skipped 0.
JHN 13:21  wrote 043_JHN_013_021_GOI_It.txt
Done. Wrote 1 verse(s); skipped 0.
JHN 13:22  wrote 043_JHN_013_022_GOI_It.txt
Done. Wrote 1 verse(s); skipped 0.
JHN 13:23  wrote 043_JHN_013_023_GOI_It.txt
Done. Wrote 1 verse(s); skipped 0.
JHN 13:24  wrote 043_JHN_013_024_GOI_It.txt
Done. Wrote 1 verse(s); skipped 0.
JHN 13:25  wrote 043_JHN_013_025_GOI_It.txt
Done. Wrote 1 verse(s); skipped 0.
JHN 13:26  wrote 043_JHN_013_026_GOI_It.txt
Done. Wrote 1 verse(s); skipped 0.
JHN 13:27  wrote 043_JHN_013_027_GOI_It.txt
Done. Wrote 1 verse(s); skipped 0.
JHN 13:28  wrote 043_JHN_013_028_GOI_It.txt
Done. Wrote 1 verse(s); skipped 0.
JHN 13:29  wrote 043_JHN_013_029_GOI_It.txt
Done. Wrote 1 verse(s); skipped 0.
JHN 13:30  wrote 043_JHN_013_030_GOI_It.txt
Done. Wrote 1 verse(s); skipped 0.
JHN 13:31  wrote 043_JHN_013_031_GOI_It.txt
Done. Wrote 1 verse(s); skipped 0.
JHN 13:32  wrote 043_JHN_013_032_GOI_It.txt
Done. Wrote 1 verse(s); skipped 0.
JHN 13:33  wrote 043_JHN_013_033_GOI_It.txt
Done. Wrote 1 verse(s); skipped 0.
JHN 13:34  wrote 043_JHN_013_034_GOI_It.txt
Done. Wrote 1 verse(s); skipped 0.
JHN 13:35  wrote 043_JHN_013_035_GOI_It.txt
Done. Wrote 1 verse(s); skipped 0.
JHN 13:36  wrote 043_JHN_013_036_GOI_It.txt
Done. Wrote 1 verse(s); skipped 0.
JHN 13:37  wrote 043_JHN_013_037_GOI_It.txt
Done. Wrote 1 verse(s); skipped 0.
JHN 13:38  wrote 043_JHN_013_038_GOI_It.txt
Done. Wrote 1 verse(s); skipped 0.
JHN 14:1  wrote 043_JHN_014_001_GOI_It.txt
JHN 14:2  wrote 043_JHN_014_002_GOI_It.txt
JHN 14:3  wrote 043_JHN_014_003_GOI_It.txt
JHN 14:4  wrote 043_JHN_014_004_GOI_It.txt
JHN 14:5  wrote 043_JHN_014_005_GOI_It.txt
JHN 14:6  wrote 043_JHN_014_006_GOI_It.txt
JHN 14:7  wrote 043_JHN_014_007_GOI_It.txt
JHN 14:8  wrote 043_JHN_014_008_GOI_It.txt
JHN 14:9  wrote 043_JHN_014_009_GOI_It.txt
JHN 14:10  wrote 043_JHN_014_010_GOI_It.txt
JHN 14:11  wrote 043_JHN_014_011_GOI_It.txt
JHN 14:12  wrote 043_JHN_014_012_GOI_It.txt
JHN 14:13  wrote 043_JHN_014_013_GOI_It.txt
JHN 14:14  wrote 043_JHN_014_014_GOI_It.txt
JHN 14:15  wrote 043_JHN_014_015_GOI_It.txt
JHN 14:16  wrote 043_JHN_014_016_GOI_It.txt
JHN 14:17  wrote 043_JHN_014_017_GOI_It.txt
JHN 14:18  wrote 043_JHN_014_018_GOI_It.txt
JHN 14:19  wrote 043_JHN_014_019_GOI_It.txt
JHN 14:20  wrote 043_JHN_014_020_GOI_It.txt
JHN 14:21  wrote 043_JHN_014_021_GOI_It.txt
JHN 14:22  wrote 043_JHN_014_022_GOI_It.txt
JHN 14:23  wrote 043_JHN_014_023_GOI_It.txt
JHN 14:24  wrote 043_JHN_014_024_GOI_It.txt
JHN 14:25  wrote 043_JHN_014_025_GOI_It.txt
JHN 14:26  wrote 043_JHN_014_026_GOI_It.txt
JHN 14:27  wrote 043_JHN_014_027_GOI_It.txt
JHN 14:28  wrote 043_JHN_014_028_GOI_It.txt
JHN 14:29  wrote 043_JHN_014_029_GOI_It.txt
JHN 14:30  wrote 043_JHN_014_030_GOI_It.txt
JHN 14:31  wrote 043_JHN_014_031_GOI_It.txt
Done. Wrote 31 verse(s); skipped 0.
JHN 15:1  wrote 043_JHN_015_001_GOI_It.txt
JHN 15:2  wrote 043_JHN_015_002_GOI_It.txt
JHN 15:3  wrote 043_JHN_015_003_GOI_It.txt
JHN 15:4  wrote 043_JHN_015_004_GOI_It.txt
JHN 15:5  wrote 043_JHN_015_005_GOI_It.txt
JHN 15:6  wrote 043_JHN_015_006_GOI_It.txt
JHN 15:7  wrote 043_JHN_015_007_GOI_It.txt
JHN 15:8  wrote 043_JHN_015_008_GOI_It.txt
JHN 15:9  wrote 043_JHN_015_009_GOI_It.txt
JHN 15:10  wrote 043_JHN_015_010_GOI_It.txt
JHN 15:11  wrote 043_JHN_015_011_GOI_It.txt
JHN 15:12  wrote 043_JHN_015_012_GOI_It.txt
JHN 15:13  wrote 043_JHN_015_013_GOI_It.txt
JHN 15:14  wrote 043_JHN_015_014_GOI_It.txt
JHN 15:15  wrote 043_JHN_015_015_GOI_It.txt
JHN 15:16  wrote 043_JHN_015_016_GOI_It.txt
JHN 15:17  wrote 043_JHN_015_017_GOI_It.txt
JHN 15:18  wrote 043_JHN_015_018_GOI_It.txt
JHN 15:19  wrote 043_JHN_015_019_GOI_It.txt
JHN 15:20  wrote 043_JHN_015_020_GOI_It.txt
JHN 15:21  wrote 043_JHN_015_021_GOI_It.txt
JHN 15:22  wrote 043_JHN_015_022_GOI_It.txt
JHN 15:23  wrote 043_JHN_015_023_GOI_It.txt
JHN 15:24  wrote 043_JHN_015_024_GOI_It.txt
JHN 15:25  wrote 043_JHN_015_025_GOI_It.txt
JHN 15:26  wrote 043_JHN_015_026_GOI_It.txt
JHN 15:27  wrote 043_JHN_015_027_GOI_It.txt
Done. Wrote 27 verse(s); skipped 0.
JHN 16:1  wrote 043_JHN_016_001_GOI_It.txt
JHN 16:2  wrote 043_JHN_016_002_GOI_It.txt
JHN 16:3  wrote 043_JHN_016_003_GOI_It.txt
JHN 16:4  wrote 043_JHN_016_004_GOI_It.txt
JHN 16:5  wrote 043_JHN_016_005_GOI_It.txt
JHN 16:6  wrote 043_JHN_016_006_GOI_It.txt
JHN 16:7  wrote 043_JHN_016_007_GOI_It.txt
JHN 16:8  wrote 043_JHN_016_008_GOI_It.txt
JHN 16:9  wrote 043_JHN_016_009_GOI_It.txt
JHN 16:10  wrote 043_JHN_016_010_GOI_It.txt
JHN 16:11  wrote 043_JHN_016_011_GOI_It.txt
JHN 16:12  wrote 043_JHN_016_012_GOI_It.txt
JHN 16:13  wrote 043_JHN_016_013_GOI_It.txt
JHN 16:14  wrote 043_JHN_016_014_GOI_It.txt
JHN 16:15  wrote 043_JHN_016_015_GOI_It.txt
JHN 16:16  wrote 043_JHN_016_016_GOI_It.txt
JHN 16:17  wrote 043_JHN_016_017_GOI_It.txt
JHN 16:18  wrote 043_JHN_016_018_GOI_It.txt
JHN 16:19  wrote 043_JHN_016_019_GOI_It.txt
JHN 16:20  wrote 043_JHN_016_020_GOI_It.txt
JHN 16:21  wrote 043_JHN_016_021_GOI_It.txt
JHN 16:22  wrote 043_JHN_016_022_GOI_It.txt
JHN 16:23  wrote 043_JHN_016_023_GOI_It.txt
JHN 16:24  wrote 043_JHN_016_024_GOI_It.txt
JHN 16:25  wrote 043_JHN_016_025_GOI_It.txt
JHN 16:26  wrote 043_JHN_016_026_GOI_It.txt
JHN 16:27  wrote 043_JHN_016_027_GOI_It.txt
JHN 16:28  wrote 043_JHN_016_028_GOI_It.txt
JHN 16:29  wrote 043_JHN_016_029_GOI_It.txt
JHN 16:30  wrote 043_JHN_016_030_GOI_It.txt
JHN 16:31  wrote 043_JHN_016_031_GOI_It.txt
JHN 16:32  wrote 043_JHN_016_032_GOI_It.txt
JHN 16:33  wrote 043_JHN_016_033_GOI_It.txt
Done. Wrote 33 verse(s); skipped 0.
JHN 17:1  wrote 043_JHN_017_001_GOI_It.txt
JHN 17:2  wrote 043_JHN_017_002_GOI_It.txt
JHN 17:3  wrote 043_JHN_017_003_GOI_It.txt
JHN 17:4  wrote 043_JHN_017_004_GOI_It.txt
JHN 17:5  wrote 043_JHN_017_005_GOI_It.txt
JHN 17:6  wrote 043_JHN_017_006_GOI_It.txt
JHN 17:7  wrote 043_JHN_017_007_GOI_It.txt
JHN 17:8  wrote 043_JHN_017_008_GOI_It.txt
JHN 17:9  wrote 043_JHN_017_009_GOI_It.txt
JHN 17:10  wrote 043_JHN_017_010_GOI_It.txt
JHN 17:11  wrote 043_JHN_017_011_GOI_It.txt
JHN 17:12  wrote 043_JHN_017_012_GOI_It.txt
JHN 17:13  wrote 043_JHN_017_013_GOI_It.txt
JHN 17:14  wrote 043_JHN_017_014_GOI_It.txt
JHN 17:15  wrote 043_JHN_017_015_GOI_It.txt
JHN 17:16  wrote 043_JHN_017_016_GOI_It.txt
JHN 17:17  wrote 043_JHN_017_017_GOI_It.txt
JHN 17:18  wrote 043_JHN_017_018_GOI_It.txt
JHN 17:19  wrote 043_JHN_017_019_GOI_It.txt
JHN 17:20  wrote 043_JHN_017_020_GOI_It.txt
JHN 17:21  wrote 043_JHN_017_021_GOI_It.txt
JHN 17:22  wrote 043_JHN_017_022_GOI_It.txt
JHN 17:23  wrote 043_JHN_017_023_GOI_It.txt
JHN 17:24  wrote 043_JHN_017_024_GOI_It.txt
JHN 17:25  wrote 043_JHN_017_025_GOI_It.txt
JHN 17:26  wrote 043_JHN_017_026_GOI_It.txt
Done. Wrote 26 verse(s); skipped 0.
JHN 18:1  wrote 043_JHN_018_001_GOI_It.txt
JHN 18:2  wrote 043_JHN_018_002_GOI_It.txt
JHN 18:3  wrote 043_JHN_018_003_GOI_It.txt
JHN 18:4  wrote 043_JHN_018_004_GOI_It.txt
JHN 18:5  wrote 043_JHN_018_005_GOI_It.txt
JHN 18:6  wrote 043_JHN_018_006_GOI_It.txt
JHN 18:7  wrote 043_JHN_018_007_GOI_It.txt
JHN 18:8  wrote 043_JHN_018_008_GOI_It.txt
JHN 18:9  wrote 043_JHN_018_009_GOI_It.txt
JHN 18:10  wrote 043_JHN_018_010_GOI_It.txt
JHN 18:11  wrote 043_JHN_018_011_GOI_It.txt
JHN 18:12  wrote 043_JHN_018_012_GOI_It.txt
JHN 18:13  wrote 043_JHN_018_013_GOI_It.txt
JHN 18:14  wrote 043_JHN_018_014_GOI_It.txt
JHN 18:15  wrote 043_JHN_018_015_GOI_It.txt
JHN 18:16  wrote 043_JHN_018_016_GOI_It.txt
JHN 18:17  wrote 043_JHN_018_017_GOI_It.txt
JHN 18:18  wrote 043_JHN_018_018_GOI_It.txt
JHN 18:19  wrote 043_JHN_018_019_GOI_It.txt
JHN 18:20  wrote 043_JHN_018_020_GOI_It.txt
JHN 18:21  wrote 043_JHN_018_021_GOI_It.txt
JHN 18:22  wrote 043_JHN_018_022_GOI_It.txt
JHN 18:23  wrote 043_JHN_018_023_GOI_It.txt
JHN 18:24  wrote 043_JHN_018_024_GOI_It.txt
JHN 18:25  wrote 043_JHN_018_025_GOI_It.txt
JHN 18:26  wrote 043_JHN_018_026_GOI_It.txt
JHN 18:27  wrote 043_JHN_018_027_GOI_It.txt
JHN 18:28  wrote 043_JHN_018_028_GOI_It.txt
JHN 18:29  wrote 043_JHN_018_029_GOI_It.txt
JHN 18:30  wrote 043_JHN_018_030_GOI_It.txt
JHN 18:31  wrote 043_JHN_018_031_GOI_It.txt
JHN 18:32  wrote 043_JHN_018_032_GOI_It.txt
JHN 18:33  wrote 043_JHN_018_033_GOI_It.txt
JHN 18:34  wrote 043_JHN_018_034_GOI_It.txt
JHN 18:35  wrote 043_JHN_018_035_GOI_It.txt
JHN 18:36  wrote 043_JHN_018_036_GOI_It.txt
JHN 18:37  wrote 043_JHN_018_037_GOI_It.txt
JHN 18:38  wrote 043_JHN_018_038_GOI_It.txt
JHN 18:39  wrote 043_JHN_018_039_GOI_It.txt
JHN 18:40  wrote 043_JHN_018_040_GOI_It.txt
Done. Wrote 40 verse(s); skipped 0.
JHN 19:1  wrote 043_JHN_019_001_GOI_It.txt
JHN 19:2  wrote 043_JHN_019_002_GOI_It.txt
JHN 19:3  wrote 043_JHN_019_003_GOI_It.txt
JHN 19:4  wrote 043_JHN_019_004_GOI_It.txt
JHN 19:5  wrote 043_JHN_019_005_GOI_It.txt
JHN 19:6  wrote 043_JHN_019_006_GOI_It.txt
JHN 19:7  wrote 043_JHN_019_007_GOI_It.txt
JHN 19:8  wrote 043_JHN_019_008_GOI_It.txt
JHN 19:9  wrote 043_JHN_019_009_GOI_It.txt
JHN 19:10  wrote 043_JHN_019_010_GOI_It.txt
JHN 19:11  wrote 043_JHN_019_011_GOI_It.txt
JHN 19:12  wrote 043_JHN_019_012_GOI_It.txt
JHN 19:13  wrote 043_JHN_019_013_GOI_It.txt
JHN 19:14  wrote 043_JHN_019_014_GOI_It.txt
JHN 19:15  wrote 043_JHN_019_015_GOI_It.txt
JHN 19:16  wrote 043_JHN_019_016_GOI_It.txt
JHN 19:17  wrote 043_JHN_019_017_GOI_It.txt
JHN 19:18  wrote 043_JHN_019_018_GOI_It.txt
JHN 19:19  wrote 043_JHN_019_019_GOI_It.txt
JHN 19:20  wrote 043_JHN_019_020_GOI_It.txt
JHN 19:21  wrote 043_JHN_019_021_GOI_It.txt
JHN 19:22  wrote 043_JHN_019_022_GOI_It.txt
JHN 19:23  wrote 043_JHN_019_023_GOI_It.txt
JHN 19:24  wrote 043_JHN_019_024_GOI_It.txt
JHN 19:25  wrote 043_JHN_019_025_GOI_It.txt
JHN 19:26  wrote 043_JHN_019_026_GOI_It.txt
JHN 19:27  wrote 043_JHN_019_027_GOI_It.txt
JHN 19:28  wrote 043_JHN_019_028_GOI_It.txt
JHN 19:29  wrote 043_JHN_019_029_GOI_It.txt
JHN 19:30  wrote 043_JHN_019_030_GOI_It.txt
JHN 19:31  wrote 043_JHN_019_031_GOI_It.txt
JHN 19:32  wrote 043_JHN_019_032_GOI_It.txt
JHN 19:33  wrote 043_JHN_019_033_GOI_It.txt
JHN 19:34  wrote 043_JHN_019_034_GOI_It.txt
JHN 19:35  wrote 043_JHN_019_035_GOI_It.txt
JHN 19:36  wrote 043_JHN_019_036_GOI_It.txt
JHN 19:37  wrote 043_JHN_019_037_GOI_It.txt
JHN 19:38  wrote 043_JHN_019_038_GOI_It.txt
JHN 19:39  wrote 043_JHN_019_039_GOI_It.txt
JHN 19:40  wrote 043_JHN_019_040_GOI_It.txt
JHN 19:41  wrote 043_JHN_019_041_GOI_It.txt
JHN 19:42  wrote 043_JHN_019_042_GOI_It.txt
Done. Wrote 42 verse(s); skipped 0.
Traceback (most recent call last):
  File "/home/albert/projects/bible/Meta_Bible_Data/Bible_Noun_Extraction/translate_verses.py", line 601, in <module>
    main()
    ~~~~^^
  File "/home/albert/projects/bible/Meta_Bible_Data/Bible_Noun_Extraction/translate_verses.py", line 577, in main
    raise RuntimeError(
    ...<2 lines>...
    )
RuntimeError: JHN 20:1: rejected before write; missing required noun anchors: ['sabato']; candidate='Il primo giorno della settimana, Maria Maddalena viene al mattino, essendo ancora tenebre, alla tomba, e vede la pietra rimossa dalla tomba.\n'
Traceback (most recent call last):
  File "/home/albert/projects/bible/Meta_Bible_Data/Bible_Noun_Extraction/translate_verses.py", line 601, in <module>
    main()
    ~~~~^^
  File "/home/albert/projects/bible/Meta_Bible_Data/Bible_Noun_Extraction/translate_verses.py", line 577, in main
    raise RuntimeError(
    ...<2 lines>...
    )
RuntimeError: JHN 20:1: rejected before write; missing required noun anchors: ['sabato']; candidate='Il primo giorno della settimana, Maria Maddalena viene al mattino, essendo ancora tenebre, alla tomba, e vede la pietra rimossa dalla tomba.\n'
Traceback (most recent call last):
  File "/home/albert/projects/bible/Meta_Bible_Data/Bible_Noun_Extraction/translate_verses.py", line 601, in <module>
    main()
    ~~~~^^
  File "/home/albert/projects/bible/Meta_Bible_Data/Bible_Noun_Extraction/translate_verses.py", line 577, in main
    raise RuntimeError(
    ...<2 lines>...
    )
RuntimeError: JHN 20:1: rejected before write; missing required noun anchors: ['sabato']; candidate='Il primo giorno della settimana, Maria Maddalena viene al mattino, essendo ancora tenebre, alla tomba, e vede la pietra rimossa dalla tomba.\n'
JHN 20:2  wrote 043_JHN_020_002_GOI_It.txt
Done. Wrote 1 verse(s); skipped 0.
JHN 20:3  wrote 043_JHN_020_003_GOI_It.txt
Done. Wrote 1 verse(s); skipped 0.
JHN 20:4  wrote 043_JHN_020_004_GOI_It.txt
Done. Wrote 1 verse(s); skipped 0.
JHN 20:5  wrote 043_JHN_020_005_GOI_It.txt
Done. Wrote 1 verse(s); skipped 0.
JHN 20:6  wrote 043_JHN_020_006_GOI_It.txt
Done. Wrote 1 verse(s); skipped 0.
JHN 20:7  wrote 043_JHN_020_007_GOI_It.txt
Done. Wrote 1 verse(s); skipped 0.
JHN 20:8  wrote 043_JHN_020_008_GOI_It.txt
Done. Wrote 1 verse(s); skipped 0.
JHN 20:9  wrote 043_JHN_020_009_GOI_It.txt
Done. Wrote 1 verse(s); skipped 0.
JHN 20:10  wrote 043_JHN_020_010_GOI_It.txt
Done. Wrote 1 verse(s); skipped 0.
JHN 20:11  wrote 043_JHN_020_011_GOI_It.txt
Done. Wrote 1 verse(s); skipped 0.
JHN 20:12  wrote 043_JHN_020_012_GOI_It.txt
Done. Wrote 1 verse(s); skipped 0.
JHN 20:13  wrote 043_JHN_020_013_GOI_It.txt
Done. Wrote 1 verse(s); skipped 0.
JHN 20:14  wrote 043_JHN_020_014_GOI_It.txt
Done. Wrote 1 verse(s); skipped 0.
JHN 20:15  wrote 043_JHN_020_015_GOI_It.txt
Done. Wrote 1 verse(s); skipped 0.
JHN 20:16  wrote 043_JHN_020_016_GOI_It.txt
Done. Wrote 1 verse(s); skipped 0.
JHN 20:17  wrote 043_JHN_020_017_GOI_It.txt
Done. Wrote 1 verse(s); skipped 0.
JHN 20:18  wrote 043_JHN_020_018_GOI_It.txt
Done. Wrote 1 verse(s); skipped 0.
JHN 20:19  wrote 043_JHN_020_019_GOI_It.txt
Done. Wrote 1 verse(s); skipped 0.
JHN 20:20  wrote 043_JHN_020_020_GOI_It.txt
Done. Wrote 1 verse(s); skipped 0.
JHN 20:21  wrote 043_JHN_020_021_GOI_It.txt
Done. Wrote 1 verse(s); skipped 0.
JHN 20:22  wrote 043_JHN_020_022_GOI_It.txt
Done. Wrote 1 verse(s); skipped 0.
JHN 20:23  wrote 043_JHN_020_023_GOI_It.txt
Done. Wrote 1 verse(s); skipped 0.
JHN 20:24  wrote 043_JHN_020_024_GOI_It.txt
Done. Wrote 1 verse(s); skipped 0.
JHN 20:25  wrote 043_JHN_020_025_GOI_It.txt
Done. Wrote 1 verse(s); skipped 0.
JHN 20:26  wrote 043_JHN_020_026_GOI_It.txt
Done. Wrote 1 verse(s); skipped 0.
JHN 20:27  wrote 043_JHN_020_027_GOI_It.txt
Done. Wrote 1 verse(s); skipped 0.
JHN 20:28  wrote 043_JHN_020_028_GOI_It.txt
Done. Wrote 1 verse(s); skipped 0.
JHN 20:29  wrote 043_JHN_020_029_GOI_It.txt
Done. Wrote 1 verse(s); skipped 0.
JHN 20:30  wrote 043_JHN_020_030_GOI_It.txt
Done. Wrote 1 verse(s); skipped 0.
JHN 20:31  wrote 043_JHN_020_031_GOI_It.txt
Done. Wrote 1 verse(s); skipped 0.
JHN 21:1  wrote 043_JHN_021_001_GOI_It.txt
JHN 21:2  wrote 043_JHN_021_002_GOI_It.txt
JHN 21:3  wrote 043_JHN_021_003_GOI_It.txt
JHN 21:4  wrote 043_JHN_021_004_GOI_It.txt
JHN 21:5  wrote 043_JHN_021_005_GOI_It.txt
Traceback (most recent call last):
  File "/home/albert/projects/bible/Meta_Bible_Data/Bible_Noun_Extraction/translate_verses.py", line 601, in <module>
    main()
    ~~~~^^
  File "/home/albert/projects/bible/Meta_Bible_Data/Bible_Noun_Extraction/translate_verses.py", line 577, in main
    raise RuntimeError(
    ...<2 lines>...
    )
RuntimeError: JHN 21:6: rejected before write; missing required noun anchors: ['parte']; candidate='Ed egli disse loro: "Gettate la rete dal lato destro della barca e troverete". Essi la gettarono, e non potevano più tirarla su per la moltitudine dei pesci.\n'
JHN 21:1  skipped (already exists)
JHN 21:2  skipped (already exists)
JHN 21:3  skipped (already exists)
JHN 21:4  skipped (already exists)
JHN 21:5  skipped (already exists)
Traceback (most recent call last):
  File "/home/albert/projects/bible/Meta_Bible_Data/Bible_Noun_Extraction/translate_verses.py", line 601, in <module>
    main()
    ~~~~^^
  File "/home/albert/projects/bible/Meta_Bible_Data/Bible_Noun_Extraction/translate_verses.py", line 577, in main
    raise RuntimeError(
    ...<2 lines>...
    )
RuntimeError: JHN 21:6: rejected before write; missing required noun anchors: ['parte']; candidate='Ed egli disse loro: "Gettate la rete dal lato destro della barca e troverete". Essi la gettarono, e non potevano più tirarla su per la moltitudine dei pesci.\n'
JHN 21:1  skipped (already exists)
JHN 21:2  skipped (already exists)
JHN 21:3  skipped (already exists)
JHN 21:4  skipped (already exists)
JHN 21:5  skipped (already exists)
Traceback (most recent call last):
  File "/home/albert/projects/bible/Meta_Bible_Data/Bible_Noun_Extraction/translate_verses.py", line 601, in <module>
    main()
    ~~~~^^
  File "/home/albert/projects/bible/Meta_Bible_Data/Bible_Noun_Extraction/translate_verses.py", line 577, in main
    raise RuntimeError(
    ...<2 lines>...
    )
RuntimeError: JHN 21:6: rejected before write; missing required noun anchors: ['parte']; candidate='Ed egli disse loro: "Gettate la rete dal lato destro della barca e troverete". Essi la gettarono, e non riuscivano più a tirarla su per la moltitudine dei pesci.\n'
JHN 21:7  wrote 043_JHN_021_007_GOI_It.txt
Done. Wrote 1 verse(s); skipped 0.
JHN 21:8  wrote 043_JHN_021_008_GOI_It.txt
Done. Wrote 1 verse(s); skipped 0.
JHN 21:9  wrote 043_JHN_021_009_GOI_It.txt
Done. Wrote 1 verse(s); skipped 0.
JHN 21:10  wrote 043_JHN_021_010_GOI_It.txt
Done. Wrote 1 verse(s); skipped 0.
JHN 21:11  wrote 043_JHN_021_011_GOI_It.txt
Done. Wrote 1 verse(s); skipped 0.
JHN 21:12  wrote 043_JHN_021_012_GOI_It.txt
Done. Wrote 1 verse(s); skipped 0.
JHN 21:13  wrote 043_JHN_021_013_GOI_It.txt
Done. Wrote 1 verse(s); skipped 0.
JHN 21:14  wrote 043_JHN_021_014_GOI_It.txt
Done. Wrote 1 verse(s); skipped 0.
JHN 21:15  wrote 043_JHN_021_015_GOI_It.txt
Done. Wrote 1 verse(s); skipped 0.
JHN 21:16  wrote 043_JHN_021_016_GOI_It.txt
Done. Wrote 1 verse(s); skipped 0.
JHN 21:17  wrote 043_JHN_021_017_GOI_It.txt
Done. Wrote 1 verse(s); skipped 0.
JHN 21:18  wrote 043_JHN_021_018_GOI_It.txt
Done. Wrote 1 verse(s); skipped 0.
JHN 21:19  wrote 043_JHN_021_019_GOI_It.txt
Done. Wrote 1 verse(s); skipped 0.
JHN 21:20  wrote 043_JHN_021_020_GOI_It.txt
Done. Wrote 1 verse(s); skipped 0.
JHN 21:21  wrote 043_JHN_021_021_GOI_It.txt
Done. Wrote 1 verse(s); skipped 0.
JHN 21:22  wrote 043_JHN_021_022_GOI_It.txt
Done. Wrote 1 verse(s); skipped 0.
JHN 21:23  wrote 043_JHN_021_023_GOI_It.txt
Done. Wrote 1 verse(s); skipped 0.
JHN 21:24  wrote 043_JHN_021_024_GOI_It.txt
Done. Wrote 1 verse(s); skipped 0.
JHN 21:25  wrote 043_JHN_021_025_GOI_It.txt
Done. Wrote 1 verse(s); skipped 0.
Traceback (most recent call last):
  File "/home/albert/projects/bible/Meta_Bible_Data/Bible_Noun_Extraction/translate_verses.py", line 601, in <module>
    main()
    ~~~~^^
  File "/home/albert/projects/bible/Meta_Bible_Data/Bible_Noun_Extraction/translate_verses.py", line 577, in main
    raise RuntimeError(
    ...<2 lines>...
    )
RuntimeError: ACT 1:1: rejected before write; missing required noun anchors: ['parola']; candidate='Nel primo racconto, o Teofilo, ho scritto di tutte le cose che Gesù cominciò a fare e a insegnare.\n'
Traceback (most recent call last):
  File "/home/albert/projects/bible/Meta_Bible_Data/Bible_Noun_Extraction/translate_verses.py", line 601, in <module>
    main()
    ~~~~^^
  File "/home/albert/projects/bible/Meta_Bible_Data/Bible_Noun_Extraction/translate_verses.py", line 577, in main
    raise RuntimeError(
    ...<2 lines>...
    )
RuntimeError: ACT 1:1: rejected before write; missing required noun anchors: ['parola']; candidate='Nel primo racconto, o Teofilo, ho scritto di tutte le cose che Gesù cominciò a fare e a insegnare.\n'
Traceback (most recent call last):
  File "/home/albert/projects/bible/Meta_Bible_Data/Bible_Noun_Extraction/translate_verses.py", line 601, in <module>
    main()
    ~~~~^^
  File "/home/albert/projects/bible/Meta_Bible_Data/Bible_Noun_Extraction/translate_verses.py", line 577, in main
    raise RuntimeError(
    ...<2 lines>...
    )
RuntimeError: ACT 1:1: rejected before write; missing required noun anchors: ['parola']; candidate='Nel primo racconto, o Teofilo, ho scritto di tutte le cose che Gesù cominciò a fare e a insegnare.\n'
ACT 1:2  wrote 044_ACT_001_002_GOI_It.txt
Done. Wrote 1 verse(s); skipped 0.
ACT 1:3  wrote 044_ACT_001_003_GOI_It.txt
Done. Wrote 1 verse(s); skipped 0.
ACT 1:4  wrote 044_ACT_001_004_GOI_It.txt
Done. Wrote 1 verse(s); skipped 0.
ACT 1:5  wrote 044_ACT_001_005_GOI_It.txt
Done. Wrote 1 verse(s); skipped 0.
ACT 1:6  wrote 044_ACT_001_006_GOI_It.txt
Done. Wrote 1 verse(s); skipped 0.
ACT 1:7  wrote 044_ACT_001_007_GOI_It.txt
Done. Wrote 1 verse(s); skipped 0.
ACT 1:8  wrote 044_ACT_001_008_GOI_It.txt
Done. Wrote 1 verse(s); skipped 0.
ACT 1:9  wrote 044_ACT_001_009_GOI_It.txt
Done. Wrote 1 verse(s); skipped 0.
ACT 1:10  wrote 044_ACT_001_010_GOI_It.txt
Done. Wrote 1 verse(s); skipped 0.
ACT 1:11  wrote 044_ACT_001_011_GOI_It.txt
Done. Wrote 1 verse(s); skipped 0.
Traceback (most recent call last):
  File "/home/albert/projects/bible/Meta_Bible_Data/Bible_Noun_Extraction/translate_verses.py", line 601, in <module>
    main()
    ~~~~^^
  File "/home/albert/projects/bible/Meta_Bible_Data/Bible_Noun_Extraction/translate_verses.py", line 577, in main
    raise RuntimeError(
    ...<2 lines>...
    )
RuntimeError: ACT 1:12: rejected before write; missing required noun anchors: ['montagna', 'via']; candidate='Allora ritornarono a Gerusalemme dal monte chiamato Uliveto, che è vicino a Gerusalemme, distante un cammino di sabato.\n'
ACT 1:13  wrote 044_ACT_001_013_GOI_It.txt
Done. Wrote 1 verse(s); skipped 0.
ACT 1:14  wrote 044_ACT_001_014_GOI_It.txt
Done. Wrote 1 verse(s); skipped 0.
ACT 1:15  wrote 044_ACT_001_015_GOI_It.txt
Done. Wrote 1 verse(s); skipped 0.
ACT 1:16  wrote 044_ACT_001_016_GOI_It.txt
Done. Wrote 1 verse(s); skipped 0.
ACT 1:17  wrote 044_ACT_001_017_GOI_It.txt
Done. Wrote 1 verse(s); skipped 0.
ACT 1:18  wrote 044_ACT_001_018_GOI_It.txt
Done. Wrote 1 verse(s); skipped 0.
ACT 1:19  wrote 044_ACT_001_019_GOI_It.txt
Done. Wrote 1 verse(s); skipped 0.
ACT 1:20  wrote 044_ACT_001_020_GOI_It.txt
Done. Wrote 1 verse(s); skipped 0.
ACT 1:21  wrote 044_ACT_001_021_GOI_It.txt
Done. Wrote 1 verse(s); skipped 0.
ACT 1:22  wrote 044_ACT_001_022_GOI_It.txt
Done. Wrote 1 verse(s); skipped 0.
ACT 1:23  wrote 044_ACT_001_023_GOI_It.txt
Done. Wrote 1 verse(s); skipped 0.
ACT 1:24  wrote 044_ACT_001_024_GOI_It.txt
Done. Wrote 1 verse(s); skipped 0.
ACT 1:25  wrote 044_ACT_001_025_GOI_It.txt
Done. Wrote 1 verse(s); skipped 0.
ACT 1:26  wrote 044_ACT_001_026_GOI_It.txt
Done. Wrote 1 verse(s); skipped 0.
Traceback (most recent call last):
  File "/home/albert/projects/bible/Meta_Bible_Data/Bible_Noun_Extraction/translate_verses.py", line 601, in <module>
    main()
    ~~~~^^
  File "/home/albert/projects/bible/Meta_Bible_Data/Bible_Noun_Extraction/translate_verses.py", line 577, in main
    raise RuntimeError(
    ...<2 lines>...
    )
RuntimeError: ACT 1:12: rejected before write; missing required noun anchors: ['montagna', 'via']; candidate='Allora ritornarono a Gerusalemme dal monte chiamato Uliveto, che è vicino a Gerusalemme, distante un cammino di sabato.\n'
Traceback (most recent call last):
  File "/home/albert/projects/bible/Meta_Bible_Data/Bible_Noun_Extraction/translate_verses.py", line 601, in <module>
    main()
    ~~~~^^
  File "/home/albert/projects/bible/Meta_Bible_Data/Bible_Noun_Extraction/translate_verses.py", line 577, in main
    raise RuntimeError(
    ...<2 lines>...
    )
RuntimeError: ACT 1:12: rejected before write; missing required noun anchors: ['montagna', 'via']; candidate='Allora ritornarono a Gerusalemme dal monte chiamato Uliveto, che è vicino a Gerusalemme, distante un cammino di sabato.\n'
ACT 2:1  wrote 044_ACT_002_001_GOI_It.txt
ACT 2:2  wrote 044_ACT_002_002_GOI_It.txt
ACT 2:3  wrote 044_ACT_002_003_GOI_It.txt
ACT 2:4  wrote 044_ACT_002_004_GOI_It.txt
ACT 2:5  wrote 044_ACT_002_005_GOI_It.txt
ACT 2:6  wrote 044_ACT_002_006_GOI_It.txt
ACT 2:7  wrote 044_ACT_002_007_GOI_It.txt
ACT 2:8  wrote 044_ACT_002_008_GOI_It.txt
ACT 2:9  wrote 044_ACT_002_009_GOI_It.txt
ACT 2:10  wrote 044_ACT_002_010_GOI_It.txt
ACT 2:11  wrote 044_ACT_002_011_GOI_It.txt
ACT 2:12  wrote 044_ACT_002_012_GOI_It.txt
ACT 2:13  wrote 044_ACT_002_013_GOI_It.txt
ACT 2:14  wrote 044_ACT_002_014_GOI_It.txt
ACT 2:15  wrote 044_ACT_002_015_GOI_It.txt
ACT 2:16  wrote 044_ACT_002_016_GOI_It.txt
Traceback (most recent call last):
  File "/home/albert/projects/bible/Meta_Bible_Data/Bible_Noun_Extraction/translate_verses.py", line 601, in <module>
    main()
    ~~~~^^
  File "/home/albert/projects/bible/Meta_Bible_Data/Bible_Noun_Extraction/translate_verses.py", line 577, in main
    raise RuntimeError(
    ...<2 lines>...
    )
RuntimeError: ACT 2:17: rejected before write; missing required noun anchors: ['vista']; candidate='E avverrà negli ultimi giorni, dice Dio: io spanderò del mio Spirito sopra ogni carne, e i vostri figli e le vostre figlie profetizzeranno, e i vostri giovani vedranno visioni, e i vostri anziani sogneranno sogni.\n'
ACT 2:1  skipped (already exists)
ACT 2:2  skipped (already exists)
ACT 2:3  skipped (already exists)
ACT 2:4  skipped (already exists)
ACT 2:5  skipped (already exists)
ACT 2:6  skipped (already exists)
ACT 2:7  skipped (already exists)
ACT 2:8  skipped (already exists)
ACT 2:9  skipped (already exists)
ACT 2:10  skipped (already exists)
ACT 2:11  skipped (already exists)
ACT 2:12  skipped (already exists)
ACT 2:13  skipped (already exists)
ACT 2:14  skipped (already exists)
ACT 2:15  skipped (already exists)
ACT 2:16  skipped (already exists)
Traceback (most recent call last):
  File "/home/albert/projects/bible/Meta_Bible_Data/Bible_Noun_Extraction/translate_verses.py", line 601, in <module>
    main()
    ~~~~^^
  File "/home/albert/projects/bible/Meta_Bible_Data/Bible_Noun_Extraction/translate_verses.py", line 577, in main
    raise RuntimeError(
    ...<2 lines>...
    )
RuntimeError: ACT 2:17: rejected before write; missing required noun anchors: ['vista']; candidate='E avverrà negli ultimi giorni, dice Dio: io spanderò del mio Spirito sopra ogni carne, e i vostri figli e le vostre figlie profetizzeranno, e i vostri giovani vedranno visioni, e i vostri anziani sogneranno sogni.\n'
ACT 2:1  skipped (already exists)
ACT 2:2  skipped (already exists)
ACT 2:3  skipped (already exists)
ACT 2:4  skipped (already exists)
ACT 2:5  skipped (already exists)
ACT 2:6  skipped (already exists)
ACT 2:7  skipped (already exists)
ACT 2:8  skipped (already exists)
ACT 2:9  skipped (already exists)
ACT 2:10  skipped (already exists)
ACT 2:11  skipped (already exists)
ACT 2:12  skipped (already exists)
ACT 2:13  skipped (already exists)
ACT 2:14  skipped (already exists)
ACT 2:15  skipped (already exists)
ACT 2:16  skipped (already exists)
Traceback (most recent call last):
  File "/home/albert/projects/bible/Meta_Bible_Data/Bible_Noun_Extraction/translate_verses.py", line 601, in <module>
    main()
    ~~~~^^
  File "/home/albert/projects/bible/Meta_Bible_Data/Bible_Noun_Extraction/translate_verses.py", line 577, in main
    raise RuntimeError(
    ...<2 lines>...
    )
RuntimeError: ACT 2:17: rejected before write; missing required noun anchors: ['vista']; candidate='E avverrà negli ultimi giorni, dice Dio: io spanderò del mio Spirito sopra ogni carne, e i vostri figli e le vostre figlie profetizzeranno, e i vostri giovani vedranno visioni, e i vostri anziani sogneranno sogni.\n'
ACT 2:18  wrote 044_ACT_002_018_GOI_It.txt
Done. Wrote 1 verse(s); skipped 0.
ACT 2:19  wrote 044_ACT_002_019_GOI_It.txt
Done. Wrote 1 verse(s); skipped 0.
ACT 2:20  wrote 044_ACT_002_020_GOI_It.txt
Done. Wrote 1 verse(s); skipped 0.
ACT 2:21  wrote 044_ACT_002_021_GOI_It.txt
Done. Wrote 1 verse(s); skipped 0.
ACT 2:22  wrote 044_ACT_002_022_GOI_It.txt
Done. Wrote 1 verse(s); skipped 0.
ACT 2:23  wrote 044_ACT_002_023_GOI_It.txt
Done. Wrote 1 verse(s); skipped 0.
ACT 2:24  wrote 044_ACT_002_024_GOI_It.txt
Done. Wrote 1 verse(s); skipped 0.
ACT 2:25  wrote 044_ACT_002_025_GOI_It.txt
Done. Wrote 1 verse(s); skipped 0.
ACT 2:26  wrote 044_ACT_002_026_GOI_It.txt
Done. Wrote 1 verse(s); skipped 0.
ACT 2:27  wrote 044_ACT_002_027_GOI_It.txt
Done. Wrote 1 verse(s); skipped 0.
ACT 2:28  wrote 044_ACT_002_028_GOI_It.txt
Done. Wrote 1 verse(s); skipped 0.
ACT 2:29  wrote 044_ACT_002_029_GOI_It.txt
Done. Wrote 1 verse(s); skipped 0.
ACT 2:30  wrote 044_ACT_002_030_GOI_It.txt
Done. Wrote 1 verse(s); skipped 0.
ACT 2:31  wrote 044_ACT_002_031_GOI_It.txt
Done. Wrote 1 verse(s); skipped 0.
ACT 2:32  wrote 044_ACT_002_032_GOI_It.txt
Done. Wrote 1 verse(s); skipped 0.
ACT 2:33  wrote 044_ACT_002_033_GOI_It.txt
Done. Wrote 1 verse(s); skipped 0.
ACT 2:34  wrote 044_ACT_002_034_GOI_It.txt
Done. Wrote 1 verse(s); skipped 0.
ACT 2:35  wrote 044_ACT_002_035_GOI_It.txt
Done. Wrote 1 verse(s); skipped 0.
ACT 2:36  wrote 044_ACT_002_036_GOI_It.txt
Done. Wrote 1 verse(s); skipped 0.
ACT 2:37  wrote 044_ACT_002_037_GOI_It.txt
Done. Wrote 1 verse(s); skipped 0.
ACT 2:38  wrote 044_ACT_002_038_GOI_It.txt
Done. Wrote 1 verse(s); skipped 0.
ACT 2:39  wrote 044_ACT_002_039_GOI_It.txt
Done. Wrote 1 verse(s); skipped 0.
ACT 2:40  wrote 044_ACT_002_040_GOI_It.txt
Done. Wrote 1 verse(s); skipped 0.
ACT 2:41  wrote 044_ACT_002_041_GOI_It.txt
Done. Wrote 1 verse(s); skipped 0.
ACT 2:42  wrote 044_ACT_002_042_GOI_It.txt
Done. Wrote 1 verse(s); skipped 0.
ACT 2:43  wrote 044_ACT_002_043_GOI_It.txt
Done. Wrote 1 verse(s); skipped 0.
ACT 2:44  wrote 044_ACT_002_044_GOI_It.txt
Done. Wrote 1 verse(s); skipped 0.
ACT 2:45  wrote 044_ACT_002_045_GOI_It.txt
Done. Wrote 1 verse(s); skipped 0.
ACT 2:46  wrote 044_ACT_002_046_GOI_It.txt
Done. Wrote 1 verse(s); skipped 0.
ACT 2:47  wrote 044_ACT_002_047_GOI_It.txt
Done. Wrote 1 verse(s); skipped 0.
ACT 3:1  wrote 044_ACT_003_001_GOI_It.txt
ACT 3:2  wrote 044_ACT_003_002_GOI_It.txt
ACT 3:3  wrote 044_ACT_003_003_GOI_It.txt
ACT 3:4  wrote 044_ACT_003_004_GOI_It.txt
ACT 3:5  wrote 044_ACT_003_005_GOI_It.txt
ACT 3:6  wrote 044_ACT_003_006_GOI_It.txt
ACT 3:7  wrote 044_ACT_003_007_GOI_It.txt
ACT 3:8  wrote 044_ACT_003_008_GOI_It.txt
ACT 3:9  wrote 044_ACT_003_009_GOI_It.txt
ACT 3:10  wrote 044_ACT_003_010_GOI_It.txt
ACT 3:11  wrote 044_ACT_003_011_GOI_It.txt
ACT 3:12  wrote 044_ACT_003_012_GOI_It.txt
ACT 3:13  wrote 044_ACT_003_013_GOI_It.txt
ACT 3:14  wrote 044_ACT_003_014_GOI_It.txt
ACT 3:15  wrote 044_ACT_003_015_GOI_It.txt
ACT 3:16  wrote 044_ACT_003_016_GOI_It.txt
ACT 3:17  wrote 044_ACT_003_017_GOI_It.txt
ACT 3:18  wrote 044_ACT_003_018_GOI_It.txt
ACT 3:19  wrote 044_ACT_003_019_GOI_It.txt
ACT 3:20  wrote 044_ACT_003_020_GOI_It.txt
ACT 3:21  wrote 044_ACT_003_021_GOI_It.txt
ACT 3:22  wrote 044_ACT_003_022_GOI_It.txt
ACT 3:23  wrote 044_ACT_003_023_GOI_It.txt
ACT 3:24  wrote 044_ACT_003_024_GOI_It.txt
ACT 3:25  wrote 044_ACT_003_025_GOI_It.txt
ACT 3:26  wrote 044_ACT_003_026_GOI_It.txt
Done. Wrote 26 verse(s); skipped 0.
ACT 4:1  wrote 044_ACT_004_001_GOI_It.txt
ACT 4:2  wrote 044_ACT_004_002_GOI_It.txt
ACT 4:3  wrote 044_ACT_004_003_GOI_It.txt
Traceback (most recent call last):
  File "/home/albert/projects/bible/Meta_Bible_Data/Bible_Noun_Extraction/translate_verses.py", line 601, in <module>
    main()
    ~~~~^^
  File "/home/albert/projects/bible/Meta_Bible_Data/Bible_Noun_Extraction/translate_verses.py", line 577, in main
    raise RuntimeError(
    ...<2 lines>...
    )
RuntimeError: ACT 4:4: rejected before write; missing required noun anchors: ['migliaio']; candidate='Molti di quelli che avevano udito la parola credettero, e il numero degli uomini divenne circa cinquemila.\n'
ACT 4:1  skipped (already exists)
ACT 4:2  skipped (already exists)
ACT 4:3  skipped (already exists)
Traceback (most recent call last):
  File "/home/albert/projects/bible/Meta_Bible_Data/Bible_Noun_Extraction/translate_verses.py", line 601, in <module>
    main()
    ~~~~^^
  File "/home/albert/projects/bible/Meta_Bible_Data/Bible_Noun_Extraction/translate_verses.py", line 577, in main
    raise RuntimeError(
    ...<2 lines>...
    )
RuntimeError: ACT 4:4: rejected before write; missing required noun anchors: ['migliaio']; candidate='Molti di quelli che avevano udito la parola credettero, e il numero degli uomini divenne circa cinquemila.\n'
ACT 4:1  skipped (already exists)
ACT 4:2  skipped (already exists)
ACT 4:3  skipped (already exists)
Traceback (most recent call last):
  File "/home/albert/projects/bible/Meta_Bible_Data/Bible_Noun_Extraction/translate_verses.py", line 601, in <module>
    main()
    ~~~~^^
  File "/home/albert/projects/bible/Meta_Bible_Data/Bible_Noun_Extraction/translate_verses.py", line 577, in main
    raise RuntimeError(
    ...<2 lines>...
    )
RuntimeError: ACT 4:4: rejected before write; missing required noun anchors: ['migliaio']; candidate='Molti di quelli che udirono la parola credettero, e il numero degli uomini divenne circa cinquemila.\n'
ACT 4:5  wrote 044_ACT_004_005_GOI_It.txt
Done. Wrote 1 verse(s); skipped 0.
ACT 4:6  wrote 044_ACT_004_006_GOI_It.txt
Done. Wrote 1 verse(s); skipped 0.
ACT 4:7  wrote 044_ACT_004_007_GOI_It.txt
Done. Wrote 1 verse(s); skipped 0.
ACT 4:8  wrote 044_ACT_004_008_GOI_It.txt
Done. Wrote 1 verse(s); skipped 0.
ACT 4:9  wrote 044_ACT_004_009_GOI_It.txt
Done. Wrote 1 verse(s); skipped 0.
ACT 4:10  wrote 044_ACT_004_010_GOI_It.txt
Done. Wrote 1 verse(s); skipped 0.
ACT 4:11  wrote 044_ACT_004_011_GOI_It.txt
Done. Wrote 1 verse(s); skipped 0.
ACT 4:12  wrote 044_ACT_004_012_GOI_It.txt
Done. Wrote 1 verse(s); skipped 0.
ACT 4:13  wrote 044_ACT_004_013_GOI_It.txt
Done. Wrote 1 verse(s); skipped 0.
ACT 4:14  wrote 044_ACT_004_014_GOI_It.txt
Done. Wrote 1 verse(s); skipped 0.
ACT 4:15  wrote 044_ACT_004_015_GOI_It.txt
Done. Wrote 1 verse(s); skipped 0.
ACT 4:16  wrote 044_ACT_004_016_GOI_It.txt
Done. Wrote 1 verse(s); skipped 0.
ACT 4:17  wrote 044_ACT_004_017_GOI_It.txt
Done. Wrote 1 verse(s); skipped 0.
ACT 4:18  wrote 044_ACT_004_018_GOI_It.txt
Done. Wrote 1 verse(s); skipped 0.
ACT 4:19  wrote 044_ACT_004_019_GOI_It.txt
Done. Wrote 1 verse(s); skipped 0.
ACT 4:20  wrote 044_ACT_004_020_GOI_It.txt
Done. Wrote 1 verse(s); skipped 0.
ACT 4:21  wrote 044_ACT_004_021_GOI_It.txt
Done. Wrote 1 verse(s); skipped 0.
ACT 4:22  wrote 044_ACT_004_022_GOI_It.txt
Done. Wrote 1 verse(s); skipped 0.
ACT 4:23  wrote 044_ACT_004_023_GOI_It.txt
Done. Wrote 1 verse(s); skipped 0.
ACT 4:24  wrote 044_ACT_004_024_GOI_It.txt
Done. Wrote 1 verse(s); skipped 0.
ACT 4:25  wrote 044_ACT_004_025_GOI_It.txt
Done. Wrote 1 verse(s); skipped 0.
ACT 4:26  wrote 044_ACT_004_026_GOI_It.txt
Done. Wrote 1 verse(s); skipped 0.
ACT 4:27  wrote 044_ACT_004_027_GOI_It.txt
Done. Wrote 1 verse(s); skipped 0.
ACT 4:28  wrote 044_ACT_004_028_GOI_It.txt
Done. Wrote 1 verse(s); skipped 0.
ACT 4:29  wrote 044_ACT_004_029_GOI_It.txt
Done. Wrote 1 verse(s); skipped 0.
ACT 4:30  wrote 044_ACT_004_030_GOI_It.txt
Done. Wrote 1 verse(s); skipped 0.
ACT 4:31  wrote 044_ACT_004_031_GOI_It.txt
Done. Wrote 1 verse(s); skipped 0.
ACT 4:32  wrote 044_ACT_004_032_GOI_It.txt
Done. Wrote 1 verse(s); skipped 0.
ACT 4:33  wrote 044_ACT_004_033_GOI_It.txt
Done. Wrote 1 verse(s); skipped 0.
ACT 4:34  wrote 044_ACT_004_034_GOI_It.txt
Done. Wrote 1 verse(s); skipped 0.
ACT 4:35  wrote 044_ACT_004_035_GOI_It.txt
Done. Wrote 1 verse(s); skipped 0.
ACT 4:36  wrote 044_ACT_004_036_GOI_It.txt
Done. Wrote 1 verse(s); skipped 0.
ACT 4:37  wrote 044_ACT_004_037_GOI_It.txt
Done. Wrote 1 verse(s); skipped 0.
ACT 5:1  wrote 044_ACT_005_001_GOI_It.txt
Traceback (most recent call last):
  File "/home/albert/projects/bible/Meta_Bible_Data/Bible_Noun_Extraction/translate_verses.py", line 601, in <module>
    main()
    ~~~~^^
  File "/home/albert/projects/bible/Meta_Bible_Data/Bible_Noun_Extraction/translate_verses.py", line 577, in main
    raise RuntimeError(
    ...<2 lines>...
    )
RuntimeError: ACT 5:2: rejected before write; missing required noun anchors: ['donna']; candidate='E tenne per sé parte del prezzo, essendone consapevole anche sua moglie, e portata una parte, la depose ai piedi degli apostoli.\n'
ACT 5:1  skipped (already exists)
Traceback (most recent call last):
  File "/home/albert/projects/bible/Meta_Bible_Data/Bible_Noun_Extraction/translate_verses.py", line 601, in <module>
    main()
    ~~~~^^
  File "/home/albert/projects/bible/Meta_Bible_Data/Bible_Noun_Extraction/translate_verses.py", line 577, in main
    raise RuntimeError(
    ...<2 lines>...
    )
RuntimeError: ACT 5:2: rejected before write; missing required noun anchors: ['donna']; candidate='E tenne per sé parte del prezzo, essendone consapevole anche sua moglie, e portata una parte, la depose ai piedi degli apostoli.\n'
ACT 5:1  skipped (already exists)
Traceback (most recent call last):
  File "/home/albert/projects/bible/Meta_Bible_Data/Bible_Noun_Extraction/translate_verses.py", line 601, in <module>
    main()
    ~~~~^^
  File "/home/albert/projects/bible/Meta_Bible_Data/Bible_Noun_Extraction/translate_verses.py", line 577, in main
    raise RuntimeError(
    ...<2 lines>...
    )
RuntimeError: ACT 5:2: rejected before write; missing required noun anchors: ['donna']; candidate='E tenne per sé parte del prezzo, essendone consapevole anche sua moglie, e portata una parte, la depose ai piedi degli apostoli.\n'
ACT 5:3  wrote 044_ACT_005_003_GOI_It.txt
Done. Wrote 1 verse(s); skipped 0.
ACT 5:4  wrote 044_ACT_005_004_GOI_It.txt
Done. Wrote 1 verse(s); skipped 0.
ACT 5:5  wrote 044_ACT_005_005_GOI_It.txt
Done. Wrote 1 verse(s); skipped 0.
ACT 5:6  wrote 044_ACT_005_006_GOI_It.txt
Done. Wrote 1 verse(s); skipped 0.
Traceback (most recent call last):
  File "/home/albert/projects/bible/Meta_Bible_Data/Bible_Noun_Extraction/translate_verses.py", line 601, in <module>
    main()
    ~~~~^^
  File "/home/albert/projects/bible/Meta_Bible_Data/Bible_Noun_Extraction/translate_verses.py", line 577, in main
    raise RuntimeError(
    ...<2 lines>...
    )
RuntimeError: ACT 5:7: rejected before write; missing required noun anchors: ['donna']; candidate='Ma dopo uno spazio di circa tre ore, sua moglie, non sapendo ciò che era accaduto, entrò.\n'
ACT 5:8  wrote 044_ACT_005_008_GOI_It.txt
Done. Wrote 1 verse(s); skipped 0.
ACT 5:9  wrote 044_ACT_005_009_GOI_It.txt
Done. Wrote 1 verse(s); skipped 0.
ACT 5:10  wrote 044_ACT_005_010_GOI_It.txt
Done. Wrote 1 verse(s); skipped 0.
ACT 5:11  wrote 044_ACT_005_011_GOI_It.txt
Done. Wrote 1 verse(s); skipped 0.
ACT 5:12  wrote 044_ACT_005_012_GOI_It.txt
Done. Wrote 1 verse(s); skipped 0.
ACT 5:13  wrote 044_ACT_005_013_GOI_It.txt
Done. Wrote 1 verse(s); skipped 0.
ACT 5:14  wrote 044_ACT_005_014_GOI_It.txt
Done. Wrote 1 verse(s); skipped 0.
ACT 5:15  wrote 044_ACT_005_015_GOI_It.txt
Done. Wrote 1 verse(s); skipped 0.
ACT 5:16  wrote 044_ACT_005_016_GOI_It.txt
Done. Wrote 1 verse(s); skipped 0.
ACT 5:17  wrote 044_ACT_005_017_GOI_It.txt
Done. Wrote 1 verse(s); skipped 0.
ACT 5:18  wrote 044_ACT_005_018_GOI_It.txt
Done. Wrote 1 verse(s); skipped 0.
ACT 5:19  wrote 044_ACT_005_019_GOI_It.txt
Done. Wrote 1 verse(s); skipped 0.
ACT 5:20  wrote 044_ACT_005_020_GOI_It.txt
Done. Wrote 1 verse(s); skipped 0.
ACT 5:21  wrote 044_ACT_005_021_GOI_It.txt
Done. Wrote 1 verse(s); skipped 0.
ACT 5:22  wrote 044_ACT_005_022_GOI_It.txt
Done. Wrote 1 verse(s); skipped 0.
ACT 5:23  wrote 044_ACT_005_023_GOI_It.txt
Done. Wrote 1 verse(s); skipped 0.
ACT 5:24  wrote 044_ACT_005_024_GOI_It.txt
Done. Wrote 1 verse(s); skipped 0.
ACT 5:25  wrote 044_ACT_005_025_GOI_It.txt
Done. Wrote 1 verse(s); skipped 0.
ACT 5:26  wrote 044_ACT_005_026_GOI_It.txt
Done. Wrote 1 verse(s); skipped 0.
ACT 5:27  wrote 044_ACT_005_027_GOI_It.txt
Done. Wrote 1 verse(s); skipped 0.
ACT 5:28  wrote 044_ACT_005_028_GOI_It.txt
Done. Wrote 1 verse(s); skipped 0.
ACT 5:29  wrote 044_ACT_005_029_GOI_It.txt
Done. Wrote 1 verse(s); skipped 0.
ACT 5:30  wrote 044_ACT_005_030_GOI_It.txt
Done. Wrote 1 verse(s); skipped 0.
ACT 5:31  wrote 044_ACT_005_031_GOI_It.txt
Done. Wrote 1 verse(s); skipped 0.
ACT 5:32  wrote 044_ACT_005_032_GOI_It.txt
Done. Wrote 1 verse(s); skipped 0.
ACT 5:33  wrote 044_ACT_005_033_GOI_It.txt
Done. Wrote 1 verse(s); skipped 0.
ACT 5:34  wrote 044_ACT_005_034_GOI_It.txt
Done. Wrote 1 verse(s); skipped 0.
ACT 5:35  wrote 044_ACT_005_035_GOI_It.txt
Done. Wrote 1 verse(s); skipped 0.
ACT 5:36  wrote 044_ACT_005_036_GOI_It.txt
Done. Wrote 1 verse(s); skipped 0.
ACT 5:37  wrote 044_ACT_005_037_GOI_It.txt
Done. Wrote 1 verse(s); skipped 0.
ACT 5:38  wrote 044_ACT_005_038_GOI_It.txt
Done. Wrote 1 verse(s); skipped 0.
ACT 5:39  wrote 044_ACT_005_039_GOI_It.txt
Done. Wrote 1 verse(s); skipped 0.
ACT 5:40  wrote 044_ACT_005_040_GOI_It.txt
Done. Wrote 1 verse(s); skipped 0.
ACT 5:41  wrote 044_ACT_005_041_GOI_It.txt
Done. Wrote 1 verse(s); skipped 0.
ACT 5:42  wrote 044_ACT_005_042_GOI_It.txt
Done. Wrote 1 verse(s); skipped 0.
Traceback (most recent call last):
  File "/home/albert/projects/bible/Meta_Bible_Data/Bible_Noun_Extraction/translate_verses.py", line 601, in <module>
    main()
    ~~~~^^
  File "/home/albert/projects/bible/Meta_Bible_Data/Bible_Noun_Extraction/translate_verses.py", line 577, in main
    raise RuntimeError(
    ...<2 lines>...
    )
RuntimeError: ACT 5:7: rejected before write; missing required noun anchors: ['donna']; candidate='Ma dopo uno spazio di circa tre ore, sua moglie, non sapendo ciò che era accaduto, entrò.\n'
Traceback (most recent call last):
  File "/home/albert/projects/bible/Meta_Bible_Data/Bible_Noun_Extraction/translate_verses.py", line 601, in <module>
    main()
    ~~~~^^
  File "/home/albert/projects/bible/Meta_Bible_Data/Bible_Noun_Extraction/translate_verses.py", line 577, in main
    raise RuntimeError(
    ...<2 lines>...
    )
RuntimeError: ACT 5:7: rejected before write; missing required noun anchors: ['donna']; candidate='Avvenne però che, trascorso uno spazio di circa tre ore, sua moglie, non sapendo ciò che era accaduto, entrò.\n'
ACT 6:1  wrote 044_ACT_006_001_GOI_It.txt
ACT 6:2  wrote 044_ACT_006_002_GOI_It.txt
ACT 6:3  wrote 044_ACT_006_003_GOI_It.txt
ACT 6:4  wrote 044_ACT_006_004_GOI_It.txt
Traceback (most recent call last):
  File "/home/albert/projects/bible/Meta_Bible_Data/Bible_Noun_Extraction/translate_verses.py", line 601, in <module>
    main()
    ~~~~^^
  File "/home/albert/projects/bible/Meta_Bible_Data/Bible_Noun_Extraction/translate_verses.py", line 577, in main
    raise RuntimeError(
    ...<2 lines>...
    )
RuntimeError: ACT 6:5: rejected before write; missing required noun anchors: ['Antiocheno']; candidate='Il discorso piacque davanti a tutta la moltitudine, e scelsero Stefano, uomo pieno di fede e di Spirito Santo, e Filippo, e Procoro, e Nicanore, e Timone, e Parmena, e Nicola, proselito di Antiochia.\n'
ACT 6:1  skipped (already exists)
ACT 6:2  skipped (already exists)
ACT 6:3  skipped (already exists)
ACT 6:4  skipped (already exists)
Traceback (most recent call last):
  File "/home/albert/projects/bible/Meta_Bible_Data/Bible_Noun_Extraction/translate_verses.py", line 601, in <module>
    main()
    ~~~~^^
  File "/home/albert/projects/bible/Meta_Bible_Data/Bible_Noun_Extraction/translate_verses.py", line 577, in main
    raise RuntimeError(
    ...<2 lines>...
    )
RuntimeError: ACT 6:5: rejected before write; missing required noun anchors: ['Antiocheno']; candidate='Il discorso piacque davanti a tutta la moltitudine, e scelsero Stefano, uomo pieno di fede e di Spirito Santo, e Filippo, e Procoro, e Nicanore, e Timone, e Parmena, e Nicola, proselito di Antiochia.\n'
ACT 6:1  skipped (already exists)
ACT 6:2  skipped (already exists)
ACT 6:3  skipped (already exists)
ACT 6:4  skipped (already exists)
ACT 6:5  wrote 044_ACT_006_005_GOI_It.txt
ACT 6:6  wrote 044_ACT_006_006_GOI_It.txt
ACT 6:7  wrote 044_ACT_006_007_GOI_It.txt
ACT 6:8  wrote 044_ACT_006_008_GOI_It.txt
ACT 6:9  wrote 044_ACT_006_009_GOI_It.txt
ACT 6:10  wrote 044_ACT_006_010_GOI_It.txt
ACT 6:11  wrote 044_ACT_006_011_GOI_It.txt
ACT 6:12  wrote 044_ACT_006_012_GOI_It.txt
ACT 6:13  wrote 044_ACT_006_013_GOI_It.txt
ACT 6:14  wrote 044_ACT_006_014_GOI_It.txt
ACT 6:15  wrote 044_ACT_006_015_GOI_It.txt
Done. Wrote 11 verse(s); skipped 4.
ACT 7:1  wrote 044_ACT_007_001_GOI_It.txt
ACT 7:2  wrote 044_ACT_007_002_GOI_It.txt
ACT 7:3  wrote 044_ACT_007_003_GOI_It.txt
ACT 7:4  wrote 044_ACT_007_004_GOI_It.txt
ACT 7:5  wrote 044_ACT_007_005_GOI_It.txt
ACT 7:6  wrote 044_ACT_007_006_GOI_It.txt
ACT 7:7  wrote 044_ACT_007_007_GOI_It.txt
Traceback (most recent call last):
  File "/home/albert/projects/bible/Meta_Bible_Data/Bible_Noun_Extraction/translate_verses.py", line 601, in <module>
    main()
    ~~~~^^
  File "/home/albert/projects/bible/Meta_Bible_Data/Bible_Noun_Extraction/translate_verses.py", line 577, in main
    raise RuntimeError(
    ...<2 lines>...
    )
RuntimeError: ACT 7:8: rejected before write; missing required noun anchors: ['patriarca']; candidate="E gli diede il patto della circoncisione; e così generò Isacco e lo circoncise l'ottavo giorno; e Isacco generò Giacobbe, e Giacobbe i dodici patriarchi.\n"
ACT 7:1  skipped (already exists)
ACT 7:2  skipped (already exists)
ACT 7:3  skipped (already exists)
ACT 7:4  skipped (already exists)
ACT 7:5  skipped (already exists)
ACT 7:6  skipped (already exists)
ACT 7:7  skipped (already exists)
Traceback (most recent call last):
  File "/home/albert/projects/bible/Meta_Bible_Data/Bible_Noun_Extraction/translate_verses.py", line 601, in <module>
    main()
    ~~~~^^
  File "/home/albert/projects/bible/Meta_Bible_Data/Bible_Noun_Extraction/translate_verses.py", line 577, in main
    raise RuntimeError(
    ...<2 lines>...
    )
RuntimeError: ACT 7:8: rejected before write; missing required noun anchors: ['patriarca']; candidate="E gli diede il patto della circoncisione; e così generò Isacco, e lo circoncise l'ottavo giorno; e Isacco generò Giacobbe, e Giacobbe i dodici patriarchi.\n"
ACT 7:1  skipped (already exists)
ACT 7:2  skipped (already exists)
ACT 7:3  skipped (already exists)
ACT 7:4  skipped (already exists)
ACT 7:5  skipped (already exists)
ACT 7:6  skipped (already exists)
ACT 7:7  skipped (already exists)
Traceback (most recent call last):
  File "/home/albert/projects/bible/Meta_Bible_Data/Bible_Noun_Extraction/translate_verses.py", line 601, in <module>
    main()
    ~~~~^^
  File "/home/albert/projects/bible/Meta_Bible_Data/Bible_Noun_Extraction/translate_verses.py", line 577, in main
    raise RuntimeError(
    ...<2 lines>...
    )
RuntimeError: ACT 7:8: rejected before write; missing required noun anchors: ['patriarca']; candidate="E gli diede il patto della circoncisione; e così generò Isacco, e lo circoncise l'ottavo giorno; e Isacco generò Giacobbe, e Giacobbe i dodici patriarchi.\n"
Traceback (most recent call last):
  File "/home/albert/projects/bible/Meta_Bible_Data/Bible_Noun_Extraction/translate_verses.py", line 601, in <module>
    main()
    ~~~~^^
  File "/home/albert/projects/bible/Meta_Bible_Data/Bible_Noun_Extraction/translate_verses.py", line 577, in main
    raise RuntimeError(
    ...<2 lines>...
    )
RuntimeError: ACT 7:9: rejected before write; missing required noun anchors: ['patriarca']; candidate='I patriarchi, invidiosi di Giuseppe, lo vendettero in Egitto; e Dio era con lui.\n'
ACT 7:10  wrote 044_ACT_007_010_GOI_It.txt
Done. Wrote 1 verse(s); skipped 0.
ACT 7:11  wrote 044_ACT_007_011_GOI_It.txt
Done. Wrote 1 verse(s); skipped 0.
ACT 7:12  wrote 044_ACT_007_012_GOI_It.txt
Done. Wrote 1 verse(s); skipped 0.
ACT 7:13  wrote 044_ACT_007_013_GOI_It.txt
Done. Wrote 1 verse(s); skipped 0.
ACT 7:14  wrote 044_ACT_007_014_GOI_It.txt
Done. Wrote 1 verse(s); skipped 0.
ACT 7:15  wrote 044_ACT_007_015_GOI_It.txt
Done. Wrote 1 verse(s); skipped 0.
ACT 7:16  wrote 044_ACT_007_016_GOI_It.txt
Done. Wrote 1 verse(s); skipped 0.
ACT 7:17  wrote 044_ACT_007_017_GOI_It.txt
Done. Wrote 1 verse(s); skipped 0.
ACT 7:18  wrote 044_ACT_007_018_GOI_It.txt
Done. Wrote 1 verse(s); skipped 0.
ACT 7:19  wrote 044_ACT_007_019_GOI_It.txt
Done. Wrote 1 verse(s); skipped 0.
ACT 7:20  wrote 044_ACT_007_020_GOI_It.txt
Done. Wrote 1 verse(s); skipped 0.
ACT 7:21  wrote 044_ACT_007_021_GOI_It.txt
Done. Wrote 1 verse(s); skipped 0.
ACT 7:22  wrote 044_ACT_007_022_GOI_It.txt
Done. Wrote 1 verse(s); skipped 0.
ACT 7:23  wrote 044_ACT_007_023_GOI_It.txt
Done. Wrote 1 verse(s); skipped 0.
ACT 7:24  wrote 044_ACT_007_024_GOI_It.txt
Done. Wrote 1 verse(s); skipped 0.
ACT 7:25  wrote 044_ACT_007_025_GOI_It.txt
Done. Wrote 1 verse(s); skipped 0.
ACT 7:26  wrote 044_ACT_007_026_GOI_It.txt
Done. Wrote 1 verse(s); skipped 0.
ACT 7:27  wrote 044_ACT_007_027_GOI_It.txt
Done. Wrote 1 verse(s); skipped 0.
ACT 7:28  wrote 044_ACT_007_028_GOI_It.txt
Done. Wrote 1 verse(s); skipped 0.
ACT 7:29  wrote 044_ACT_007_029_GOI_It.txt
Done. Wrote 1 verse(s); skipped 0.
Traceback (most recent call last):
  File "/home/albert/projects/bible/Meta_Bible_Data/Bible_Noun_Extraction/translate_verses.py", line 601, in <module>
    main()
    ~~~~^^
  File "/home/albert/projects/bible/Meta_Bible_Data/Bible_Noun_Extraction/translate_verses.py", line 577, in main
    raise RuntimeError(
    ...<2 lines>...
    )
RuntimeError: ACT 7:30: rejected before write; missing required noun anchors: ['montagna']; candidate='E quando furono compiuti quaranta anni, gli apparve nel deserto del monte Sinai un angelo del Signore in una fiamma di fuoco, in un rovo.\n'
ACT 7:31  wrote 044_ACT_007_031_GOI_It.txt
Done. Wrote 1 verse(s); skipped 0.
ACT 7:32  wrote 044_ACT_007_032_GOI_It.txt
Done. Wrote 1 verse(s); skipped 0.
ACT 7:33  wrote 044_ACT_007_033_GOI_It.txt
Done. Wrote 1 verse(s); skipped 0.
ACT 7:34  wrote 044_ACT_007_034_GOI_It.txt
Done. Wrote 1 verse(s); skipped 0.
ACT 7:35  wrote 044_ACT_007_035_GOI_It.txt
Done. Wrote 1 verse(s); skipped 0.
ACT 7:36  wrote 044_ACT_007_036_GOI_It.txt
Done. Wrote 1 verse(s); skipped 0.
ACT 7:37  wrote 044_ACT_007_037_GOI_It.txt
Done. Wrote 1 verse(s); skipped 0.
Traceback (most recent call last):
  File "/home/albert/projects/bible/Meta_Bible_Data/Bible_Noun_Extraction/translate_verses.py", line 601, in <module>
    main()
    ~~~~^^
  File "/home/albert/projects/bible/Meta_Bible_Data/Bible_Noun_Extraction/translate_verses.py", line 577, in main
    raise RuntimeError(
    ...<2 lines>...
    )
RuntimeError: ACT 7:38: rejected before write; missing required noun anchors: ['montagna']; candidate="Questi è colui che fu nella chiesa nel deserto con l'angelo che gli parlava sul monte Sinai e con i nostri padri; egli ricevette oracoli viventi per darli a noi.\n"
ACT 7:39  wrote 044_ACT_007_039_GOI_It.txt
Done. Wrote 1 verse(s); skipped 0.
ACT 7:40  wrote 044_ACT_007_040_GOI_It.txt
Done. Wrote 1 verse(s); skipped 0.
ACT 7:41  wrote 044_ACT_007_041_GOI_It.txt
Done. Wrote 1 verse(s); skipped 0.
ACT 7:42  wrote 044_ACT_007_042_GOI_It.txt
Done. Wrote 1 verse(s); skipped 0.
ACT 7:43  wrote 044_ACT_007_043_GOI_It.txt
Done. Wrote 1 verse(s); skipped 0.
ACT 7:44  wrote 044_ACT_007_044_GOI_It.txt
Done. Wrote 1 verse(s); skipped 0.
ACT 7:45  wrote 044_ACT_007_045_GOI_It.txt
Done. Wrote 1 verse(s); skipped 0.
ACT 7:46  wrote 044_ACT_007_046_GOI_It.txt
Done. Wrote 1 verse(s); skipped 0.
ACT 7:47  wrote 044_ACT_007_047_GOI_It.txt
Done. Wrote 1 verse(s); skipped 0.
ACT 7:48  wrote 044_ACT_007_048_GOI_It.txt
Done. Wrote 1 verse(s); skipped 0.
ACT 7:49  wrote 044_ACT_007_049_GOI_It.txt
Done. Wrote 1 verse(s); skipped 0.
ACT 7:50  wrote 044_ACT_007_050_GOI_It.txt
Done. Wrote 1 verse(s); skipped 0.
ACT 7:51  wrote 044_ACT_007_051_GOI_It.txt
Done. Wrote 1 verse(s); skipped 0.
ACT 7:52  wrote 044_ACT_007_052_GOI_It.txt
Done. Wrote 1 verse(s); skipped 0.
ACT 7:53  wrote 044_ACT_007_053_GOI_It.txt
Done. Wrote 1 verse(s); skipped 0.
ACT 7:54  wrote 044_ACT_007_054_GOI_It.txt
Done. Wrote 1 verse(s); skipped 0.
ACT 7:55  wrote 044_ACT_007_055_GOI_It.txt
Done. Wrote 1 verse(s); skipped 0.
ACT 7:56  wrote 044_ACT_007_056_GOI_It.txt
Done. Wrote 1 verse(s); skipped 0.
ACT 7:57  wrote 044_ACT_007_057_GOI_It.txt
Done. Wrote 1 verse(s); skipped 0.
ACT 7:58  wrote 044_ACT_007_058_GOI_It.txt
Done. Wrote 1 verse(s); skipped 0.
ACT 7:59  wrote 044_ACT_007_059_GOI_It.txt
Done. Wrote 1 verse(s); skipped 0.
ACT 7:60  wrote 044_ACT_007_060_GOI_It.txt
Done. Wrote 1 verse(s); skipped 0.
Traceback (most recent call last):
  File "/home/albert/projects/bible/Meta_Bible_Data/Bible_Noun_Extraction/translate_verses.py", line 601, in <module>
    main()
    ~~~~^^
  File "/home/albert/projects/bible/Meta_Bible_Data/Bible_Noun_Extraction/translate_verses.py", line 577, in main
    raise RuntimeError(
    ...<2 lines>...
    )
RuntimeError: ACT 7:9: rejected before write; missing required noun anchors: ['patriarca']; candidate='I patriarchi, invidiosi di Giuseppe, lo vendettero in Egitto; e Dio era con lui.\n'
Traceback (most recent call last):
  File "/home/albert/projects/bible/Meta_Bible_Data/Bible_Noun_Extraction/translate_verses.py", line 601, in <module>
    main()
    ~~~~^^
  File "/home/albert/projects/bible/Meta_Bible_Data/Bible_Noun_Extraction/translate_verses.py", line 577, in main
    raise RuntimeError(
    ...<2 lines>...
    )
RuntimeError: ACT 7:30: rejected before write; missing required noun anchors: ['montagna']; candidate='E quando furono compiuti quaranta anni, gli apparve nel deserto del monte Sinai un angelo del Signore in una fiamma di fuoco, in un rovo.\n'
Traceback (most recent call last):
  File "/home/albert/projects/bible/Meta_Bible_Data/Bible_Noun_Extraction/translate_verses.py", line 601, in <module>
    main()
    ~~~~^^
  File "/home/albert/projects/bible/Meta_Bible_Data/Bible_Noun_Extraction/translate_verses.py", line 577, in main
    raise RuntimeError(
    ...<2 lines>...
    )
RuntimeError: ACT 7:38: rejected before write; missing required noun anchors: ['montagna']; candidate="Questi è colui che fu nella chiesa nel deserto con l'angelo che gli parlava sul monte Sinai e con i nostri padri; egli ricevette oracoli viventi per darli a noi.\n"
Traceback (most recent call last):
  File "/home/albert/projects/bible/Meta_Bible_Data/Bible_Noun_Extraction/translate_verses.py", line 601, in <module>
    main()
    ~~~~^^
  File "/home/albert/projects/bible/Meta_Bible_Data/Bible_Noun_Extraction/translate_verses.py", line 577, in main
    raise RuntimeError(
    ...<2 lines>...
    )
RuntimeError: ACT 7:9: rejected before write; missing required noun anchors: ['patriarca']; candidate='I patriarchi, invidiosi di Giuseppe, lo vendettero in Egitto; e Dio era con lui.\n'
Traceback (most recent call last):
  File "/home/albert/projects/bible/Meta_Bible_Data/Bible_Noun_Extraction/translate_verses.py", line 601, in <module>
    main()
    ~~~~^^
  File "/home/albert/projects/bible/Meta_Bible_Data/Bible_Noun_Extraction/translate_verses.py", line 577, in main
    raise RuntimeError(
    ...<2 lines>...
    )
RuntimeError: ACT 7:30: rejected before write; missing required noun anchors: ['montagna']; candidate='E quando furono compiuti quaranta anni, gli apparve nel deserto del monte Sinai un angelo del Signore in una fiamma di fuoco, in un rovo.\n'
Traceback (most recent call last):
  File "/home/albert/projects/bible/Meta_Bible_Data/Bible_Noun_Extraction/translate_verses.py", line 601, in <module>
    main()
    ~~~~^^
  File "/home/albert/projects/bible/Meta_Bible_Data/Bible_Noun_Extraction/translate_verses.py", line 577, in main
    raise RuntimeError(
    ...<2 lines>...
    )
RuntimeError: ACT 7:38: rejected before write; missing required noun anchors: ['montagna']; candidate="Questi è colui che fu nella chiesa nel deserto con l'angelo che gli parlava sul monte Sinai e con i nostri padri; egli ricevette oracoli viventi per darli a noi.\n"
ACT 8:1  wrote 044_ACT_008_001_GOI_It.txt
ACT 8:2  wrote 044_ACT_008_002_GOI_It.txt
ACT 8:3  wrote 044_ACT_008_003_GOI_It.txt
ACT 8:4  wrote 044_ACT_008_004_GOI_It.txt
ACT 8:5  wrote 044_ACT_008_005_GOI_It.txt
ACT 8:6  wrote 044_ACT_008_006_GOI_It.txt
ACT 8:7  wrote 044_ACT_008_007_GOI_It.txt
ACT 8:8  wrote 044_ACT_008_008_GOI_It.txt
ACT 8:9  wrote 044_ACT_008_009_GOI_It.txt
ACT 8:10  wrote 044_ACT_008_010_GOI_It.txt
ACT 8:11  wrote 044_ACT_008_011_GOI_It.txt
ACT 8:12  wrote 044_ACT_008_012_GOI_It.txt
ACT 8:13  wrote 044_ACT_008_013_GOI_It.txt
ACT 8:14  wrote 044_ACT_008_014_GOI_It.txt
ACT 8:15  wrote 044_ACT_008_015_GOI_It.txt
ACT 8:16  wrote 044_ACT_008_016_GOI_It.txt
ACT 8:17  wrote 044_ACT_008_017_GOI_It.txt
ACT 8:18  wrote 044_ACT_008_018_GOI_It.txt
ACT 8:19  wrote 044_ACT_008_019_GOI_It.txt
ACT 8:20  wrote 044_ACT_008_020_GOI_It.txt
ACT 8:21  wrote 044_ACT_008_021_GOI_It.txt
ACT 8:22  wrote 044_ACT_008_022_GOI_It.txt
ACT 8:23  wrote 044_ACT_008_023_GOI_It.txt
ACT 8:24  wrote 044_ACT_008_024_GOI_It.txt
ACT 8:25  wrote 044_ACT_008_025_GOI_It.txt
ACT 8:26  wrote 044_ACT_008_026_GOI_It.txt
ACT 8:27  wrote 044_ACT_008_027_GOI_It.txt
ACT 8:28  wrote 044_ACT_008_028_GOI_It.txt
ACT 8:29  wrote 044_ACT_008_029_GOI_It.txt
ACT 8:30  wrote 044_ACT_008_030_GOI_It.txt
ACT 8:31  wrote 044_ACT_008_031_GOI_It.txt
ACT 8:32  wrote 044_ACT_008_032_GOI_It.txt
ACT 8:33  wrote 044_ACT_008_033_GOI_It.txt
ACT 8:34  wrote 044_ACT_008_034_GOI_It.txt
ACT 8:35  wrote 044_ACT_008_035_GOI_It.txt
ACT 8:36  wrote 044_ACT_008_036_GOI_It.txt
ACT 8:37  wrote 044_ACT_008_037_GOI_It.txt
ACT 8:38  wrote 044_ACT_008_038_GOI_It.txt
ACT 8:39  wrote 044_ACT_008_039_GOI_It.txt
ACT 8:40  wrote 044_ACT_008_040_GOI_It.txt
Done. Wrote 40 verse(s); skipped 0.
ACT 9:1  wrote 044_ACT_009_001_GOI_It.txt
ACT 9:2  wrote 044_ACT_009_002_GOI_It.txt
ACT 9:3  wrote 044_ACT_009_003_GOI_It.txt
ACT 9:4  wrote 044_ACT_009_004_GOI_It.txt
ACT 9:5  wrote 044_ACT_009_005_GOI_It.txt
ACT 9:6  wrote 044_ACT_009_006_GOI_It.txt
ACT 9:7  wrote 044_ACT_009_007_GOI_It.txt
ACT 9:8  wrote 044_ACT_009_008_GOI_It.txt
ACT 9:9  wrote 044_ACT_009_009_GOI_It.txt
ACT 9:10  wrote 044_ACT_009_010_GOI_It.txt
ACT 9:11  wrote 044_ACT_009_011_GOI_It.txt
ACT 9:12  wrote 044_ACT_009_012_GOI_It.txt
ACT 9:13  wrote 044_ACT_009_013_GOI_It.txt
ACT 9:14  wrote 044_ACT_009_014_GOI_It.txt
ACT 9:15  wrote 044_ACT_009_015_GOI_It.txt
ACT 9:16  wrote 044_ACT_009_016_GOI_It.txt
ACT 9:17  wrote 044_ACT_009_017_GOI_It.txt
ACT 9:18  wrote 044_ACT_009_018_GOI_It.txt
ACT 9:19  wrote 044_ACT_009_019_GOI_It.txt
ACT 9:20  wrote 044_ACT_009_020_GOI_It.txt
ACT 9:21  wrote 044_ACT_009_021_GOI_It.txt
ACT 9:22  wrote 044_ACT_009_022_GOI_It.txt
ACT 9:23  wrote 044_ACT_009_023_GOI_It.txt
ACT 9:24  wrote 044_ACT_009_024_GOI_It.txt
ACT 9:25  wrote 044_ACT_009_025_GOI_It.txt
ACT 9:26  wrote 044_ACT_009_026_GOI_It.txt
ACT 9:27  wrote 044_ACT_009_027_GOI_It.txt
ACT 9:28  wrote 044_ACT_009_028_GOI_It.txt
ACT 9:29  wrote 044_ACT_009_029_GOI_It.txt
ACT 9:30  wrote 044_ACT_009_030_GOI_It.txt
ACT 9:31  wrote 044_ACT_009_031_GOI_It.txt
ACT 9:32  wrote 044_ACT_009_032_GOI_It.txt
ACT 9:33  wrote 044_ACT_009_033_GOI_It.txt
ACT 9:34  wrote 044_ACT_009_034_GOI_It.txt
ACT 9:35  wrote 044_ACT_009_035_GOI_It.txt
ACT 9:36  wrote 044_ACT_009_036_GOI_It.txt
ACT 9:37  wrote 044_ACT_009_037_GOI_It.txt
ACT 9:38  wrote 044_ACT_009_038_GOI_It.txt
ACT 9:39  wrote 044_ACT_009_039_GOI_It.txt
ACT 9:40  wrote 044_ACT_009_040_GOI_It.txt
ACT 9:41  wrote 044_ACT_009_041_GOI_It.txt
ACT 9:42  wrote 044_ACT_009_042_GOI_It.txt
ACT 9:43  wrote 044_ACT_009_043_GOI_It.txt
Done. Wrote 43 verse(s); skipped 0.
ACT 10:1  wrote 044_ACT_010_001_GOI_It.txt
ACT 10:2  wrote 044_ACT_010_002_GOI_It.txt
ACT 10:3  wrote 044_ACT_010_003_GOI_It.txt
ACT 10:4  wrote 044_ACT_010_004_GOI_It.txt
ACT 10:5  wrote 044_ACT_010_005_GOI_It.txt
ACT 10:6  wrote 044_ACT_010_006_GOI_It.txt
ACT 10:7  wrote 044_ACT_010_007_GOI_It.txt
ACT 10:8  wrote 044_ACT_010_008_GOI_It.txt
ACT 10:9  wrote 044_ACT_010_009_GOI_It.txt
ACT 10:10  wrote 044_ACT_010_010_GOI_It.txt
ACT 10:11  wrote 044_ACT_010_011_GOI_It.txt
ACT 10:12  wrote 044_ACT_010_012_GOI_It.txt
ACT 10:13  wrote 044_ACT_010_013_GOI_It.txt
ACT 10:14  wrote 044_ACT_010_014_GOI_It.txt
ACT 10:15  wrote 044_ACT_010_015_GOI_It.txt
ACT 10:16  wrote 044_ACT_010_016_GOI_It.txt
ACT 10:17  wrote 044_ACT_010_017_GOI_It.txt
ACT 10:18  wrote 044_ACT_010_018_GOI_It.txt
ACT 10:19  wrote 044_ACT_010_019_GOI_It.txt
ACT 10:20  wrote 044_ACT_010_020_GOI_It.txt
ACT 10:21  wrote 044_ACT_010_021_GOI_It.txt
ACT 10:22  wrote 044_ACT_010_022_GOI_It.txt
ACT 10:23  wrote 044_ACT_010_023_GOI_It.txt
ACT 10:24  wrote 044_ACT_010_024_GOI_It.txt
ACT 10:25  wrote 044_ACT_010_025_GOI_It.txt
ACT 10:26  wrote 044_ACT_010_026_GOI_It.txt
ACT 10:27  wrote 044_ACT_010_027_GOI_It.txt
ACT 10:28  wrote 044_ACT_010_028_GOI_It.txt
ACT 10:29  wrote 044_ACT_010_029_GOI_It.txt
ACT 10:30  wrote 044_ACT_010_030_GOI_It.txt
ACT 10:31  wrote 044_ACT_010_031_GOI_It.txt
ACT 10:32  wrote 044_ACT_010_032_GOI_It.txt
ACT 10:33  wrote 044_ACT_010_033_GOI_It.txt
ACT 10:34  wrote 044_ACT_010_034_GOI_It.txt
ACT 10:35  wrote 044_ACT_010_035_GOI_It.txt
ACT 10:36  wrote 044_ACT_010_036_GOI_It.txt
ACT 10:37  wrote 044_ACT_010_037_GOI_It.txt
ACT 10:38  wrote 044_ACT_010_038_GOI_It.txt
ACT 10:39  wrote 044_ACT_010_039_GOI_It.txt
ACT 10:40  wrote 044_ACT_010_040_GOI_It.txt
ACT 10:41  wrote 044_ACT_010_041_GOI_It.txt
ACT 10:42  wrote 044_ACT_010_042_GOI_It.txt
ACT 10:43  wrote 044_ACT_010_043_GOI_It.txt
ACT 10:44  wrote 044_ACT_010_044_GOI_It.txt
ACT 10:45  wrote 044_ACT_010_045_GOI_It.txt
ACT 10:46  wrote 044_ACT_010_046_GOI_It.txt
ACT 10:47  wrote 044_ACT_010_047_GOI_It.txt
ACT 10:48  wrote 044_ACT_010_048_GOI_It.txt
Done. Wrote 48 verse(s); skipped 0.
ACT 11:1  wrote 044_ACT_011_001_GOI_It.txt
ACT 11:2  wrote 044_ACT_011_002_GOI_It.txt
ACT 11:3  wrote 044_ACT_011_003_GOI_It.txt
ACT 11:4  wrote 044_ACT_011_004_GOI_It.txt
ACT 11:5  wrote 044_ACT_011_005_GOI_It.txt
ACT 11:6  wrote 044_ACT_011_006_GOI_It.txt
ACT 11:7  wrote 044_ACT_011_007_GOI_It.txt
ACT 11:8  wrote 044_ACT_011_008_GOI_It.txt
ACT 11:9  wrote 044_ACT_011_009_GOI_It.txt
ACT 11:10  wrote 044_ACT_011_010_GOI_It.txt
ACT 11:11  wrote 044_ACT_011_011_GOI_It.txt
ACT 11:12  wrote 044_ACT_011_012_GOI_It.txt
ACT 11:13  wrote 044_ACT_011_013_GOI_It.txt
ACT 11:14  wrote 044_ACT_011_014_GOI_It.txt
Traceback (most recent call last):
  File "/home/albert/projects/bible/Meta_Bible_Data/Bible_Noun_Extraction/translate_verses.py", line 601, in <module>
    main()
    ~~~~^^
  File "/home/albert/projects/bible/Meta_Bible_Data/Bible_Noun_Extraction/translate_verses.py", line 577, in main
    raise RuntimeError(
    ...<2 lines>...
    )
RuntimeError: ACT 11:15: rejected before write; missing required noun anchors: ['inizio']; candidate='E mentre cominciavo a parlare, lo Spirito Santo cadde su di loro, come anche su di noi in principio.\n'
ACT 11:1  skipped (already exists)
ACT 11:2  skipped (already exists)
ACT 11:3  skipped (already exists)
ACT 11:4  skipped (already exists)
ACT 11:5  skipped (already exists)
ACT 11:6  skipped (already exists)
ACT 11:7  skipped (already exists)
ACT 11:8  skipped (already exists)
ACT 11:9  skipped (already exists)
ACT 11:10  skipped (already exists)
ACT 11:11  skipped (already exists)
ACT 11:12  skipped (already exists)
ACT 11:13  skipped (already exists)
ACT 11:14  skipped (already exists)
Traceback (most recent call last):
  File "/home/albert/projects/bible/Meta_Bible_Data/Bible_Noun_Extraction/translate_verses.py", line 601, in <module>
    main()
    ~~~~^^
  File "/home/albert/projects/bible/Meta_Bible_Data/Bible_Noun_Extraction/translate_verses.py", line 577, in main
    raise RuntimeError(
    ...<2 lines>...
    )
RuntimeError: ACT 11:15: rejected before write; missing required noun anchors: ['inizio']; candidate='E mentre cominciavo a parlare, lo Spirito Santo cadde su di loro, come anche su di noi in principio.\n'
ACT 11:1  skipped (already exists)
ACT 11:2  skipped (already exists)
ACT 11:3  skipped (already exists)
ACT 11:4  skipped (already exists)
ACT 11:5  skipped (already exists)
ACT 11:6  skipped (already exists)
ACT 11:7  skipped (already exists)
ACT 11:8  skipped (already exists)
ACT 11:9  skipped (already exists)
ACT 11:10  skipped (already exists)
ACT 11:11  skipped (already exists)
ACT 11:12  skipped (already exists)
ACT 11:13  skipped (already exists)
ACT 11:14  skipped (already exists)
Traceback (most recent call last):
  File "/home/albert/projects/bible/Meta_Bible_Data/Bible_Noun_Extraction/translate_verses.py", line 601, in <module>
    main()
    ~~~~^^
  File "/home/albert/projects/bible/Meta_Bible_Data/Bible_Noun_Extraction/translate_verses.py", line 577, in main
    raise RuntimeError(
    ...<2 lines>...
    )
RuntimeError: ACT 11:15: rejected before write; missing required noun anchors: ['inizio']; candidate='E mentre cominciavo a parlare, lo Spirito Santo cadde su di loro, come anche su di noi in principio.\n'
ACT 11:16  wrote 044_ACT_011_016_GOI_It.txt
Done. Wrote 1 verse(s); skipped 0.
ACT 11:17  wrote 044_ACT_011_017_GOI_It.txt
Done. Wrote 1 verse(s); skipped 0.
ACT 11:18  wrote 044_ACT_011_018_GOI_It.txt
Done. Wrote 1 verse(s); skipped 0.
ACT 11:19  wrote 044_ACT_011_019_GOI_It.txt
Done. Wrote 1 verse(s); skipped 0.
ACT 11:20  wrote 044_ACT_011_020_GOI_It.txt
Done. Wrote 1 verse(s); skipped 0.
ACT 11:21  wrote 044_ACT_011_021_GOI_It.txt
Done. Wrote 1 verse(s); skipped 0.
ACT 11:22  wrote 044_ACT_011_022_GOI_It.txt
Done. Wrote 1 verse(s); skipped 0.
ACT 11:23  wrote 044_ACT_011_023_GOI_It.txt
Done. Wrote 1 verse(s); skipped 0.
ACT 11:24  wrote 044_ACT_011_024_GOI_It.txt
Done. Wrote 1 verse(s); skipped 0.
ACT 11:25  wrote 044_ACT_011_025_GOI_It.txt
Done. Wrote 1 verse(s); skipped 0.
ACT 11:26  wrote 044_ACT_011_026_GOI_It.txt
Done. Wrote 1 verse(s); skipped 0.
ACT 11:27  wrote 044_ACT_011_027_GOI_It.txt
Done. Wrote 1 verse(s); skipped 0.
ACT 11:28  wrote 044_ACT_011_028_GOI_It.txt
Done. Wrote 1 verse(s); skipped 0.
ACT 11:29  wrote 044_ACT_011_029_GOI_It.txt
Done. Wrote 1 verse(s); skipped 0.
ACT 11:30  wrote 044_ACT_011_030_GOI_It.txt
Done. Wrote 1 verse(s); skipped 0.
ACT 12:1  wrote 044_ACT_012_001_GOI_It.txt
ACT 12:2  wrote 044_ACT_012_002_GOI_It.txt
ACT 12:3  wrote 044_ACT_012_003_GOI_It.txt
ACT 12:4  wrote 044_ACT_012_004_GOI_It.txt
ACT 12:5  wrote 044_ACT_012_005_GOI_It.txt
ACT 12:6  wrote 044_ACT_012_006_GOI_It.txt
ACT 12:7  wrote 044_ACT_012_007_GOI_It.txt
ACT 12:8  wrote 044_ACT_012_008_GOI_It.txt
ACT 12:9  wrote 044_ACT_012_009_GOI_It.txt
ACT 12:10  wrote 044_ACT_012_010_GOI_It.txt
ACT 12:11  wrote 044_ACT_012_011_GOI_It.txt
ACT 12:12  wrote 044_ACT_012_012_GOI_It.txt
ACT 12:13  wrote 044_ACT_012_013_GOI_It.txt
ACT 12:14  wrote 044_ACT_012_014_GOI_It.txt
ACT 12:15  wrote 044_ACT_012_015_GOI_It.txt
ACT 12:16  wrote 044_ACT_012_016_GOI_It.txt
ACT 12:17  wrote 044_ACT_012_017_GOI_It.txt
ACT 12:18  wrote 044_ACT_012_018_GOI_It.txt
ACT 12:19  wrote 044_ACT_012_019_GOI_It.txt
ACT 12:20  wrote 044_ACT_012_020_GOI_It.txt
ACT 12:21  wrote 044_ACT_012_021_GOI_It.txt
ACT 12:22  wrote 044_ACT_012_022_GOI_It.txt
ACT 12:23  wrote 044_ACT_012_023_GOI_It.txt
ACT 12:24  wrote 044_ACT_012_024_GOI_It.txt
ACT 12:25  wrote 044_ACT_012_025_GOI_It.txt
Done. Wrote 25 verse(s); skipped 0.
ACT 13:1  wrote 044_ACT_013_001_GOI_It.txt
ACT 13:2  wrote 044_ACT_013_002_GOI_It.txt
ACT 13:3  wrote 044_ACT_013_003_GOI_It.txt
ACT 13:4  wrote 044_ACT_013_004_GOI_It.txt
ACT 13:5  wrote 044_ACT_013_005_GOI_It.txt
ACT 13:6  wrote 044_ACT_013_006_GOI_It.txt
ACT 13:7  wrote 044_ACT_013_007_GOI_It.txt
ACT 13:8  wrote 044_ACT_013_008_GOI_It.txt
ACT 13:9  wrote 044_ACT_013_009_GOI_It.txt
ACT 13:10  wrote 044_ACT_013_010_GOI_It.txt
ACT 13:11  wrote 044_ACT_013_011_GOI_It.txt
ACT 13:12  wrote 044_ACT_013_012_GOI_It.txt
ACT 13:13  wrote 044_ACT_013_013_GOI_It.txt
ACT 13:14  wrote 044_ACT_013_014_GOI_It.txt
ACT 13:15  wrote 044_ACT_013_015_GOI_It.txt
ACT 13:16  wrote 044_ACT_013_016_GOI_It.txt
ACT 13:17  wrote 044_ACT_013_017_GOI_It.txt
ACT 13:18  wrote 044_ACT_013_018_GOI_It.txt
ACT 13:19  wrote 044_ACT_013_019_GOI_It.txt
ACT 13:20  wrote 044_ACT_013_020_GOI_It.txt
ACT 13:21  wrote 044_ACT_013_021_GOI_It.txt
ACT 13:22  wrote 044_ACT_013_022_GOI_It.txt
ACT 13:23  wrote 044_ACT_013_023_GOI_It.txt
ACT 13:24  wrote 044_ACT_013_024_GOI_It.txt
ACT 13:25  wrote 044_ACT_013_025_GOI_It.txt
ACT 13:26  wrote 044_ACT_013_026_GOI_It.txt
ACT 13:27  wrote 044_ACT_013_027_GOI_It.txt
ACT 13:28  wrote 044_ACT_013_028_GOI_It.txt
ACT 13:29  wrote 044_ACT_013_029_GOI_It.txt
ACT 13:30  wrote 044_ACT_013_030_GOI_It.txt
ACT 13:31  wrote 044_ACT_013_031_GOI_It.txt
ACT 13:32  wrote 044_ACT_013_032_GOI_It.txt
ACT 13:33  wrote 044_ACT_013_033_GOI_It.txt
ACT 13:34  wrote 044_ACT_013_034_GOI_It.txt
ACT 13:35  wrote 044_ACT_013_035_GOI_It.txt
ACT 13:36  wrote 044_ACT_013_036_GOI_It.txt
ACT 13:37  wrote 044_ACT_013_037_GOI_It.txt
ACT 13:38  wrote 044_ACT_013_038_GOI_It.txt
ACT 13:39  wrote 044_ACT_013_039_GOI_It.txt
ACT 13:40  wrote 044_ACT_013_040_GOI_It.txt
ACT 13:41  wrote 044_ACT_013_041_GOI_It.txt
ACT 13:42  wrote 044_ACT_013_042_GOI_It.txt
ACT 13:43  wrote 044_ACT_013_043_GOI_It.txt
ACT 13:44  wrote 044_ACT_013_044_GOI_It.txt
ACT 13:45  wrote 044_ACT_013_045_GOI_It.txt
ACT 13:46  wrote 044_ACT_013_046_GOI_It.txt
ACT 13:47  wrote 044_ACT_013_047_GOI_It.txt
Traceback (most recent call last):
  File "/home/albert/projects/bible/Meta_Bible_Data/Bible_Noun_Extraction/translate_verses.py", line 601, in <module>
    main()
    ~~~~^^
  File "/home/albert/projects/bible/Meta_Bible_Data/Bible_Noun_Extraction/translate_verses.py", line 577, in main
    raise RuntimeError(
    ...<2 lines>...
    )
RuntimeError: ACT 13:48: rejected before write; missing required noun anchors: ['gentile']; candidate='Udendo ciò, le genti si rallegravano e glorificavano la parola del Signore, e credettero quanti erano stati ordinati alla vita eterna.\n'
ACT 13:1  skipped (already exists)
ACT 13:2  skipped (already exists)
ACT 13:3  skipped (already exists)
ACT 13:4  skipped (already exists)
ACT 13:5  skipped (already exists)
ACT 13:6  skipped (already exists)
ACT 13:7  skipped (already exists)
ACT 13:8  skipped (already exists)
ACT 13:9  skipped (already exists)
ACT 13:10  skipped (already exists)
ACT 13:11  skipped (already exists)
ACT 13:12  skipped (already exists)
ACT 13:13  skipped (already exists)
ACT 13:14  skipped (already exists)
ACT 13:15  skipped (already exists)
ACT 13:16  skipped (already exists)
ACT 13:17  skipped (already exists)
ACT 13:18  skipped (already exists)
ACT 13:19  skipped (already exists)
ACT 13:20  skipped (already exists)
ACT 13:21  skipped (already exists)
ACT 13:22  skipped (already exists)
ACT 13:23  skipped (already exists)
ACT 13:24  skipped (already exists)
ACT 13:25  skipped (already exists)
ACT 13:26  skipped (already exists)
ACT 13:27  skipped (already exists)
ACT 13:28  skipped (already exists)
ACT 13:29  skipped (already exists)
ACT 13:30  skipped (already exists)
ACT 13:31  skipped (already exists)
ACT 13:32  skipped (already exists)
ACT 13:33  skipped (already exists)
ACT 13:34  skipped (already exists)
ACT 13:35  skipped (already exists)
ACT 13:36  skipped (already exists)
ACT 13:37  skipped (already exists)
ACT 13:38  skipped (already exists)
ACT 13:39  skipped (already exists)
ACT 13:40  skipped (already exists)
ACT 13:41  skipped (already exists)
ACT 13:42  skipped (already exists)
ACT 13:43  skipped (already exists)
ACT 13:44  skipped (already exists)
ACT 13:45  skipped (already exists)
ACT 13:46  skipped (already exists)
ACT 13:47  skipped (already exists)
Traceback (most recent call last):
  File "/home/albert/projects/bible/Meta_Bible_Data/Bible_Noun_Extraction/translate_verses.py", line 601, in <module>
    main()
    ~~~~^^
  File "/home/albert/projects/bible/Meta_Bible_Data/Bible_Noun_Extraction/translate_verses.py", line 577, in main
    raise RuntimeError(
    ...<2 lines>...
    )
RuntimeError: ACT 13:48: rejected before write; missing required noun anchors: ['gentile']; candidate='Udendo ciò, le genti si rallegravano e glorificavano la parola del Signore, e credettero quanti erano stati ordinati alla vita eterna.\n'
ACT 13:1  skipped (already exists)
ACT 13:2  skipped (already exists)
ACT 13:3  skipped (already exists)
ACT 13:4  skipped (already exists)
ACT 13:5  skipped (already exists)
ACT 13:6  skipped (already exists)
ACT 13:7  skipped (already exists)
ACT 13:8  skipped (already exists)
ACT 13:9  skipped (already exists)
ACT 13:10  skipped (already exists)
ACT 13:11  skipped (already exists)
ACT 13:12  skipped (already exists)
ACT 13:13  skipped (already exists)
ACT 13:14  skipped (already exists)
ACT 13:15  skipped (already exists)
ACT 13:16  skipped (already exists)
ACT 13:17  skipped (already exists)
ACT 13:18  skipped (already exists)
ACT 13:19  skipped (already exists)
ACT 13:20  skipped (already exists)
ACT 13:21  skipped (already exists)
ACT 13:22  skipped (already exists)
ACT 13:23  skipped (already exists)
ACT 13:24  skipped (already exists)
ACT 13:25  skipped (already exists)
ACT 13:26  skipped (already exists)
ACT 13:27  skipped (already exists)
ACT 13:28  skipped (already exists)
ACT 13:29  skipped (already exists)
ACT 13:30  skipped (already exists)
ACT 13:31  skipped (already exists)
ACT 13:32  skipped (already exists)
ACT 13:33  skipped (already exists)
ACT 13:34  skipped (already exists)
ACT 13:35  skipped (already exists)
ACT 13:36  skipped (already exists)
ACT 13:37  skipped (already exists)
ACT 13:38  skipped (already exists)
ACT 13:39  skipped (already exists)
ACT 13:40  skipped (already exists)
ACT 13:41  skipped (already exists)
ACT 13:42  skipped (already exists)
ACT 13:43  skipped (already exists)
ACT 13:44  skipped (already exists)
ACT 13:45  skipped (already exists)
ACT 13:46  skipped (already exists)
ACT 13:47  skipped (already exists)
Traceback (most recent call last):
  File "/home/albert/projects/bible/Meta_Bible_Data/Bible_Noun_Extraction/translate_verses.py", line 601, in <module>
    main()
    ~~~~^^
  File "/home/albert/projects/bible/Meta_Bible_Data/Bible_Noun_Extraction/translate_verses.py", line 577, in main
    raise RuntimeError(
    ...<2 lines>...
    )
RuntimeError: ACT 13:48: rejected before write; missing required noun anchors: ['gentile']; candidate='Udendo ciò, le genti si rallegravano e glorificavano la parola del Signore, e credettero quanti erano stati ordinati alla vita eterna.\n'
ACT 13:49  wrote 044_ACT_013_049_GOI_It.txt
Done. Wrote 1 verse(s); skipped 0.
ACT 13:50  wrote 044_ACT_013_050_GOI_It.txt
Done. Wrote 1 verse(s); skipped 0.
ACT 13:51  wrote 044_ACT_013_051_GOI_It.txt
Done. Wrote 1 verse(s); skipped 0.
ACT 13:52  wrote 044_ACT_013_052_GOI_It.txt
Done. Wrote 1 verse(s); skipped 0.
ACT 14:1  wrote 044_ACT_014_001_GOI_It.txt
ACT 14:2  wrote 044_ACT_014_002_GOI_It.txt
ACT 14:3  wrote 044_ACT_014_003_GOI_It.txt
ACT 14:4  wrote 044_ACT_014_004_GOI_It.txt
ACT 14:5  wrote 044_ACT_014_005_GOI_It.txt
ACT 14:6  wrote 044_ACT_014_006_GOI_It.txt
ACT 14:7  wrote 044_ACT_014_007_GOI_It.txt
ACT 14:8  wrote 044_ACT_014_008_GOI_It.txt
ACT 14:9  wrote 044_ACT_014_009_GOI_It.txt
ACT 14:10  wrote 044_ACT_014_010_GOI_It.txt
ACT 14:11  wrote 044_ACT_014_011_GOI_It.txt
ACT 14:12  wrote 044_ACT_014_012_GOI_It.txt
ACT 14:13  wrote 044_ACT_014_013_GOI_It.txt
ACT 14:14  wrote 044_ACT_014_014_GOI_It.txt
ACT 14:15  wrote 044_ACT_014_015_GOI_It.txt
ACT 14:16  wrote 044_ACT_014_016_GOI_It.txt
ACT 14:17  wrote 044_ACT_014_017_GOI_It.txt
ACT 14:18  wrote 044_ACT_014_018_GOI_It.txt
ACT 14:19  wrote 044_ACT_014_019_GOI_It.txt
ACT 14:20  wrote 044_ACT_014_020_GOI_It.txt
ACT 14:21  wrote 044_ACT_014_021_GOI_It.txt
ACT 14:22  wrote 044_ACT_014_022_GOI_It.txt
ACT 14:23  wrote 044_ACT_014_023_GOI_It.txt
ACT 14:24  wrote 044_ACT_014_024_GOI_It.txt
ACT 14:25  wrote 044_ACT_014_025_GOI_It.txt
ACT 14:26  wrote 044_ACT_014_026_GOI_It.txt
ACT 14:27  wrote 044_ACT_014_027_GOI_It.txt
ACT 14:28  wrote 044_ACT_014_028_GOI_It.txt
Done. Wrote 28 verse(s); skipped 0.
ACT 15:1  wrote 044_ACT_015_001_GOI_It.txt
ACT 15:2  wrote 044_ACT_015_002_GOI_It.txt
ACT 15:3  wrote 044_ACT_015_003_GOI_It.txt
ACT 15:4  wrote 044_ACT_015_004_GOI_It.txt
ACT 15:5  wrote 044_ACT_015_005_GOI_It.txt
ACT 15:6  wrote 044_ACT_015_006_GOI_It.txt
ACT 15:7  wrote 044_ACT_015_007_GOI_It.txt
ACT 15:8  wrote 044_ACT_015_008_GOI_It.txt
ACT 15:9  wrote 044_ACT_015_009_GOI_It.txt
ACT 15:10  wrote 044_ACT_015_010_GOI_It.txt
ACT 15:11  wrote 044_ACT_015_011_GOI_It.txt
ACT 15:12  wrote 044_ACT_015_012_GOI_It.txt
ACT 15:13  wrote 044_ACT_015_013_GOI_It.txt
ACT 15:14  wrote 044_ACT_015_014_GOI_It.txt
ACT 15:15  wrote 044_ACT_015_015_GOI_It.txt
ACT 15:16  wrote 044_ACT_015_016_GOI_It.txt
ACT 15:17  wrote 044_ACT_015_017_GOI_It.txt
ACT 15:18  wrote 044_ACT_015_018_GOI_It.txt
ACT 15:19  wrote 044_ACT_015_019_GOI_It.txt
ACT 15:20  wrote 044_ACT_015_020_GOI_It.txt
ACT 15:21  wrote 044_ACT_015_021_GOI_It.txt
ACT 15:22  wrote 044_ACT_015_022_GOI_It.txt
ACT 15:23  wrote 044_ACT_015_023_GOI_It.txt
ACT 15:24  wrote 044_ACT_015_024_GOI_It.txt
ACT 15:25  wrote 044_ACT_015_025_GOI_It.txt
ACT 15:26  wrote 044_ACT_015_026_GOI_It.txt
Traceback (most recent call last):
  File "/home/albert/projects/bible/Meta_Bible_Data/Bible_Noun_Extraction/translate_verses.py", line 601, in <module>
    main()
    ~~~~^^
  File "/home/albert/projects/bible/Meta_Bible_Data/Bible_Noun_Extraction/translate_verses.py", line 577, in main
    raise RuntimeError(
    ...<2 lines>...
    )
RuntimeError: ACT 15:27: rejected before write; missing required noun anchors: ['discorso']; candidate="Abbiamo quindi mandato Giuda e Sila, i quali anch'essi riferiranno le stesse cose a voce.\n"
ACT 15:1  skipped (already exists)
ACT 15:2  skipped (already exists)
ACT 15:3  skipped (already exists)
ACT 15:4  skipped (already exists)
ACT 15:5  skipped (already exists)
ACT 15:6  skipped (already exists)
ACT 15:7  skipped (already exists)
ACT 15:8  skipped (already exists)
ACT 15:9  skipped (already exists)
ACT 15:10  skipped (already exists)
ACT 15:11  skipped (already exists)
ACT 15:12  skipped (already exists)
ACT 15:13  skipped (already exists)
ACT 15:14  skipped (already exists)
ACT 15:15  skipped (already exists)
ACT 15:16  skipped (already exists)
ACT 15:17  skipped (already exists)
ACT 15:18  skipped (already exists)
ACT 15:19  skipped (already exists)
ACT 15:20  skipped (already exists)
ACT 15:21  skipped (already exists)
ACT 15:22  skipped (already exists)
ACT 15:23  skipped (already exists)
ACT 15:24  skipped (already exists)
ACT 15:25  skipped (already exists)
ACT 15:26  skipped (already exists)
Traceback (most recent call last):
  File "/home/albert/projects/bible/Meta_Bible_Data/Bible_Noun_Extraction/translate_verses.py", line 601, in <module>
    main()
    ~~~~^^
  File "/home/albert/projects/bible/Meta_Bible_Data/Bible_Noun_Extraction/translate_verses.py", line 577, in main
    raise RuntimeError(
    ...<2 lines>...
    )
RuntimeError: ACT 15:27: rejected before write; missing required noun anchors: ['discorso']; candidate="Abbiamo quindi inviato Giuda e Sila, i quali anch'essi riferiranno le stesse cose a parole.\n"
ACT 15:1  skipped (already exists)
ACT 15:2  skipped (already exists)
ACT 15:3  skipped (already exists)
ACT 15:4  skipped (already exists)
ACT 15:5  skipped (already exists)
ACT 15:6  skipped (already exists)
ACT 15:7  skipped (already exists)
ACT 15:8  skipped (already exists)
ACT 15:9  skipped (already exists)
ACT 15:10  skipped (already exists)
ACT 15:11  skipped (already exists)
ACT 15:12  skipped (already exists)
ACT 15:13  skipped (already exists)
ACT 15:14  skipped (already exists)
ACT 15:15  skipped (already exists)
ACT 15:16  skipped (already exists)
ACT 15:17  skipped (already exists)
ACT 15:18  skipped (already exists)
ACT 15:19  skipped (already exists)
ACT 15:20  skipped (already exists)
ACT 15:21  skipped (already exists)
ACT 15:22  skipped (already exists)
ACT 15:23  skipped (already exists)
ACT 15:24  skipped (already exists)
ACT 15:25  skipped (already exists)
ACT 15:26  skipped (already exists)
Traceback (most recent call last):
  File "/home/albert/projects/bible/Meta_Bible_Data/Bible_Noun_Extraction/translate_verses.py", line 601, in <module>
    main()
    ~~~~^^
  File "/home/albert/projects/bible/Meta_Bible_Data/Bible_Noun_Extraction/translate_verses.py", line 577, in main
    raise RuntimeError(
    ...<2 lines>...
    )
RuntimeError: ACT 15:27: rejected before write; missing required noun anchors: ['discorso']; candidate="Abbiamo quindi mandato Giuda e Sila, i quali anch'essi riferiranno a voce le stesse cose.\n"
ACT 15:28  wrote 044_ACT_015_028_GOI_It.txt
Done. Wrote 1 verse(s); skipped 0.
ACT 15:29  wrote 044_ACT_015_029_GOI_It.txt
Done. Wrote 1 verse(s); skipped 0.
ACT 15:30  wrote 044_ACT_015_030_GOI_It.txt
Done. Wrote 1 verse(s); skipped 0.
ACT 15:31  wrote 044_ACT_015_031_GOI_It.txt
Done. Wrote 1 verse(s); skipped 0.
ACT 15:32  wrote 044_ACT_015_032_GOI_It.txt
Done. Wrote 1 verse(s); skipped 0.
ACT 15:33  wrote 044_ACT_015_033_GOI_It.txt
Done. Wrote 1 verse(s); skipped 0.
ACT 15:34  wrote 044_ACT_015_034_GOI_It.txt
Done. Wrote 1 verse(s); skipped 0.
ACT 15:35  wrote 044_ACT_015_035_GOI_It.txt
Done. Wrote 1 verse(s); skipped 0.
ACT 15:36  wrote 044_ACT_015_036_GOI_It.txt
Done. Wrote 1 verse(s); skipped 0.
ACT 15:37  wrote 044_ACT_015_037_GOI_It.txt
Done. Wrote 1 verse(s); skipped 0.
ACT 15:38  wrote 044_ACT_015_038_GOI_It.txt
Done. Wrote 1 verse(s); skipped 0.
ACT 15:39  wrote 044_ACT_015_039_GOI_It.txt
Done. Wrote 1 verse(s); skipped 0.
ACT 15:40  wrote 044_ACT_015_040_GOI_It.txt
Done. Wrote 1 verse(s); skipped 0.
ACT 15:41  wrote 044_ACT_015_041_GOI_It.txt
Done. Wrote 1 verse(s); skipped 0.
ACT 16:1  wrote 044_ACT_016_001_GOI_It.txt
ACT 16:2  wrote 044_ACT_016_002_GOI_It.txt
ACT 16:3  wrote 044_ACT_016_003_GOI_It.txt
ACT 16:4  wrote 044_ACT_016_004_GOI_It.txt
ACT 16:5  wrote 044_ACT_016_005_GOI_It.txt
ACT 16:6  wrote 044_ACT_016_006_GOI_It.txt
ACT 16:7  wrote 044_ACT_016_007_GOI_It.txt
ACT 16:8  wrote 044_ACT_016_008_GOI_It.txt
ACT 16:9  wrote 044_ACT_016_009_GOI_It.txt
ACT 16:10  wrote 044_ACT_016_010_GOI_It.txt
ACT 16:11  wrote 044_ACT_016_011_GOI_It.txt
ACT 16:12  wrote 044_ACT_016_012_GOI_It.txt
ACT 16:13  wrote 044_ACT_016_013_GOI_It.txt
ACT 16:14  wrote 044_ACT_016_014_GOI_It.txt
ACT 16:15  wrote 044_ACT_016_015_GOI_It.txt
ACT 16:16  wrote 044_ACT_016_016_GOI_It.txt
ACT 16:17  wrote 044_ACT_016_017_GOI_It.txt
ACT 16:18  wrote 044_ACT_016_018_GOI_It.txt
ACT 16:19  wrote 044_ACT_016_019_GOI_It.txt
ACT 16:20  wrote 044_ACT_016_020_GOI_It.txt
ACT 16:21  wrote 044_ACT_016_021_GOI_It.txt
ACT 16:22  wrote 044_ACT_016_022_GOI_It.txt
ACT 16:23  wrote 044_ACT_016_023_GOI_It.txt
ACT 16:24  wrote 044_ACT_016_024_GOI_It.txt
ACT 16:25  wrote 044_ACT_016_025_GOI_It.txt
ACT 16:26  wrote 044_ACT_016_026_GOI_It.txt
ACT 16:27  wrote 044_ACT_016_027_GOI_It.txt
ACT 16:28  wrote 044_ACT_016_028_GOI_It.txt
ACT 16:29  wrote 044_ACT_016_029_GOI_It.txt
Traceback (most recent call last):
  File "/home/albert/projects/bible/Meta_Bible_Data/Bible_Noun_Extraction/translate_verses.py", line 601, in <module>
    main()
    ~~~~^^
  File "/home/albert/projects/bible/Meta_Bible_Data/Bible_Noun_Extraction/translate_verses.py", line 577, in main
    raise RuntimeError(
    ...<2 lines>...
    )
RuntimeError: ACT 16:30: rejected before write; missing required noun anchors: ['padrone']; candidate='E, conducendoli fuori, disse: "Signori, che devo fare per essere salvato?"\n'
ACT 16:1  skipped (already exists)
ACT 16:2  skipped (already exists)
ACT 16:3  skipped (already exists)
ACT 16:4  skipped (already exists)
ACT 16:5  skipped (already exists)
ACT 16:6  skipped (already exists)
ACT 16:7  skipped (already exists)
ACT 16:8  skipped (already exists)
ACT 16:9  skipped (already exists)
ACT 16:10  skipped (already exists)
ACT 16:11  skipped (already exists)
ACT 16:12  skipped (already exists)
ACT 16:13  skipped (already exists)
ACT 16:14  skipped (already exists)
ACT 16:15  skipped (already exists)
ACT 16:16  skipped (already exists)
ACT 16:17  skipped (already exists)
ACT 16:18  skipped (already exists)
ACT 16:19  skipped (already exists)
ACT 16:20  skipped (already exists)
ACT 16:21  skipped (already exists)
ACT 16:22  skipped (already exists)
ACT 16:23  skipped (already exists)
ACT 16:24  skipped (already exists)
ACT 16:25  skipped (already exists)
ACT 16:26  skipped (already exists)
ACT 16:27  skipped (already exists)
ACT 16:28  skipped (already exists)
ACT 16:29  skipped (already exists)
Traceback (most recent call last):
  File "/home/albert/projects/bible/Meta_Bible_Data/Bible_Noun_Extraction/translate_verses.py", line 601, in <module>
    main()
    ~~~~^^
  File "/home/albert/projects/bible/Meta_Bible_Data/Bible_Noun_Extraction/translate_verses.py", line 577, in main
    raise RuntimeError(
    ...<2 lines>...
    )
RuntimeError: ACT 16:30: rejected before write; missing required noun anchors: ['padrone']; candidate='E, conducendoli fuori, disse: "Signori, che devo fare per essere salvato?"\n'
ACT 16:1  skipped (already exists)
ACT 16:2  skipped (already exists)
ACT 16:3  skipped (already exists)
ACT 16:4  skipped (already exists)
ACT 16:5  skipped (already exists)
ACT 16:6  skipped (already exists)
ACT 16:7  skipped (already exists)
ACT 16:8  skipped (already exists)
ACT 16:9  skipped (already exists)
ACT 16:10  skipped (already exists)
ACT 16:11  skipped (already exists)
ACT 16:12  skipped (already exists)
ACT 16:13  skipped (already exists)
ACT 16:14  skipped (already exists)
ACT 16:15  skipped (already exists)
ACT 16:16  skipped (already exists)
ACT 16:17  skipped (already exists)
ACT 16:18  skipped (already exists)
ACT 16:19  skipped (already exists)
ACT 16:20  skipped (already exists)
ACT 16:21  skipped (already exists)
ACT 16:22  skipped (already exists)
ACT 16:23  skipped (already exists)
ACT 16:24  skipped (already exists)
ACT 16:25  skipped (already exists)
ACT 16:26  skipped (already exists)
ACT 16:27  skipped (already exists)
ACT 16:28  skipped (already exists)
ACT 16:29  skipped (already exists)
Traceback (most recent call last):
  File "/home/albert/projects/bible/Meta_Bible_Data/Bible_Noun_Extraction/translate_verses.py", line 601, in <module>
    main()
    ~~~~^^
  File "/home/albert/projects/bible/Meta_Bible_Data/Bible_Noun_Extraction/translate_verses.py", line 577, in main
    raise RuntimeError(
    ...<2 lines>...
    )
RuntimeError: ACT 16:30: rejected before write; missing required noun anchors: ['padrone']; candidate='E, conducendoli fuori, disse: "Signori, che devo fare per essere salvato?"\n'
ACT 16:31  wrote 044_ACT_016_031_GOI_It.txt
Done. Wrote 1 verse(s); skipped 0.
ACT 16:32  wrote 044_ACT_016_032_GOI_It.txt
Done. Wrote 1 verse(s); skipped 0.
ACT 16:33  wrote 044_ACT_016_033_GOI_It.txt
Done. Wrote 1 verse(s); skipped 0.
ACT 16:34  wrote 044_ACT_016_034_GOI_It.txt
Done. Wrote 1 verse(s); skipped 0.
ACT 16:35  wrote 044_ACT_016_035_GOI_It.txt
Done. Wrote 1 verse(s); skipped 0.
ACT 16:36  wrote 044_ACT_016_036_GOI_It.txt
Done. Wrote 1 verse(s); skipped 0.
ACT 16:37  wrote 044_ACT_016_037_GOI_It.txt
Done. Wrote 1 verse(s); skipped 0.
ACT 16:38  wrote 044_ACT_016_038_GOI_It.txt
Done. Wrote 1 verse(s); skipped 0.
ACT 16:39  wrote 044_ACT_016_039_GOI_It.txt
Done. Wrote 1 verse(s); skipped 0.
ACT 16:40  wrote 044_ACT_016_040_GOI_It.txt
Done. Wrote 1 verse(s); skipped 0.
ACT 17:1  wrote 044_ACT_017_001_GOI_It.txt
ACT 17:2  wrote 044_ACT_017_002_GOI_It.txt
ACT 17:3  wrote 044_ACT_017_003_GOI_It.txt
ACT 17:4  wrote 044_ACT_017_004_GOI_It.txt
ACT 17:5  wrote 044_ACT_017_005_GOI_It.txt
ACT 17:6  wrote 044_ACT_017_006_GOI_It.txt
ACT 17:7  wrote 044_ACT_017_007_GOI_It.txt
ACT 17:8  wrote 044_ACT_017_008_GOI_It.txt
ACT 17:9  wrote 044_ACT_017_009_GOI_It.txt
ACT 17:10  wrote 044_ACT_017_010_GOI_It.txt
ACT 17:11  wrote 044_ACT_017_011_GOI_It.txt
ACT 17:12  wrote 044_ACT_017_012_GOI_It.txt
ACT 17:13  wrote 044_ACT_017_013_GOI_It.txt
ACT 17:14  wrote 044_ACT_017_014_GOI_It.txt
ACT 17:15  wrote 044_ACT_017_015_GOI_It.txt
ACT 17:16  wrote 044_ACT_017_016_GOI_It.txt
ACT 17:17  wrote 044_ACT_017_017_GOI_It.txt
ACT 17:18  wrote 044_ACT_017_018_GOI_It.txt
ACT 17:19  wrote 044_ACT_017_019_GOI_It.txt
ACT 17:20  wrote 044_ACT_017_020_GOI_It.txt
ACT 17:21  wrote 044_ACT_017_021_GOI_It.txt
ACT 17:22  wrote 044_ACT_017_022_GOI_It.txt
ACT 17:23  wrote 044_ACT_017_023_GOI_It.txt
ACT 17:24  wrote 044_ACT_017_024_GOI_It.txt
ACT 17:25  wrote 044_ACT_017_025_GOI_It.txt
ACT 17:26  wrote 044_ACT_017_026_GOI_It.txt
ACT 17:27  wrote 044_ACT_017_027_GOI_It.txt
ACT 17:28  wrote 044_ACT_017_028_GOI_It.txt
ACT 17:29  wrote 044_ACT_017_029_GOI_It.txt
ACT 17:30  wrote 044_ACT_017_030_GOI_It.txt
ACT 17:31  wrote 044_ACT_017_031_GOI_It.txt
ACT 17:32  wrote 044_ACT_017_032_GOI_It.txt
ACT 17:33  wrote 044_ACT_017_033_GOI_It.txt
ACT 17:34  wrote 044_ACT_017_034_GOI_It.txt
Done. Wrote 34 verse(s); skipped 0.
ACT 18:1  wrote 044_ACT_018_001_GOI_It.txt
ACT 18:2  wrote 044_ACT_018_002_GOI_It.txt
ACT 18:3  wrote 044_ACT_018_003_GOI_It.txt
ACT 18:4  wrote 044_ACT_018_004_GOI_It.txt
ACT 18:5  wrote 044_ACT_018_005_GOI_It.txt
ACT 18:6  wrote 044_ACT_018_006_GOI_It.txt
ACT 18:7  wrote 044_ACT_018_007_GOI_It.txt
ACT 18:8  wrote 044_ACT_018_008_GOI_It.txt
ACT 18:9  wrote 044_ACT_018_009_GOI_It.txt
ACT 18:10  wrote 044_ACT_018_010_GOI_It.txt
ACT 18:11  wrote 044_ACT_018_011_GOI_It.txt
ACT 18:12  wrote 044_ACT_018_012_GOI_It.txt
ACT 18:13  wrote 044_ACT_018_013_GOI_It.txt
ACT 18:14  wrote 044_ACT_018_014_GOI_It.txt
ACT 18:15  wrote 044_ACT_018_015_GOI_It.txt
ACT 18:16  wrote 044_ACT_018_016_GOI_It.txt
ACT 18:17  wrote 044_ACT_018_017_GOI_It.txt
ACT 18:18  wrote 044_ACT_018_018_GOI_It.txt
ACT 18:19  wrote 044_ACT_018_019_GOI_It.txt
ACT 18:20  wrote 044_ACT_018_020_GOI_It.txt
ACT 18:21  wrote 044_ACT_018_021_GOI_It.txt
ACT 18:22  wrote 044_ACT_018_022_GOI_It.txt
ACT 18:23  wrote 044_ACT_018_023_GOI_It.txt
ACT 18:24  wrote 044_ACT_018_024_GOI_It.txt
ACT 18:25  wrote 044_ACT_018_025_GOI_It.txt
ACT 18:26  wrote 044_ACT_018_026_GOI_It.txt
ACT 18:27  wrote 044_ACT_018_027_GOI_It.txt
ACT 18:28  wrote 044_ACT_018_028_GOI_It.txt
Done. Wrote 28 verse(s); skipped 0.
Traceback (most recent call last):
  File "/home/albert/projects/bible/Meta_Bible_Data/Bible_Noun_Extraction/translate_verses.py", line 601, in <module>
    main()
    ~~~~^^
  File "/home/albert/projects/bible/Meta_Bible_Data/Bible_Noun_Extraction/translate_verses.py", line 577, in main
    raise RuntimeError(
    ...<2 lines>...
    )
RuntimeError: ACT 19:1: rejected before write; missing required noun anchors: ['parte']; candidate='Mentre Apollo era a Corinto, Paolo, attraversate le regioni superiori, giunse a Efeso e, trovati alcuni discepoli,\n'
Traceback (most recent call last):
  File "/home/albert/projects/bible/Meta_Bible_Data/Bible_Noun_Extraction/translate_verses.py", line 601, in <module>
    main()
    ~~~~^^
  File "/home/albert/projects/bible/Meta_Bible_Data/Bible_Noun_Extraction/translate_verses.py", line 577, in main
    raise RuntimeError(
    ...<2 lines>...
    )
RuntimeError: ACT 19:1: rejected before write; missing required noun anchors: ['parte']; candidate='Mentre Apollo era a Corinto, Paolo, attraversate le regioni superiori, giunse a Efeso e, trovati alcuni discepoli,\n'
Traceback (most recent call last):
  File "/home/albert/projects/bible/Meta_Bible_Data/Bible_Noun_Extraction/translate_verses.py", line 601, in <module>
    main()
    ~~~~^^
  File "/home/albert/projects/bible/Meta_Bible_Data/Bible_Noun_Extraction/translate_verses.py", line 577, in main
    raise RuntimeError(
    ...<2 lines>...
    )
RuntimeError: ACT 19:1: rejected before write; missing required noun anchors: ['parte']; candidate='Mentre Apollo era a Corinto, Paolo, attraversate le regioni superiori, giunse a Efeso e, trovati alcuni discepoli,\n'
ACT 19:2  wrote 044_ACT_019_002_GOI_It.txt
Done. Wrote 1 verse(s); skipped 0.
ACT 19:3  wrote 044_ACT_019_003_GOI_It.txt
Done. Wrote 1 verse(s); skipped 0.
ACT 19:4  wrote 044_ACT_019_004_GOI_It.txt
Done. Wrote 1 verse(s); skipped 0.
ACT 19:5  wrote 044_ACT_019_005_GOI_It.txt
Done. Wrote 1 verse(s); skipped 0.
ACT 19:6  wrote 044_ACT_019_006_GOI_It.txt
Done. Wrote 1 verse(s); skipped 0.
ACT 19:7  wrote 044_ACT_019_007_GOI_It.txt
Done. Wrote 1 verse(s); skipped 0.
ACT 19:8  wrote 044_ACT_019_008_GOI_It.txt
Done. Wrote 1 verse(s); skipped 0.
ACT 19:9  wrote 044_ACT_019_009_GOI_It.txt
Done. Wrote 1 verse(s); skipped 0.
ACT 19:10  wrote 044_ACT_019_010_GOI_It.txt
Done. Wrote 1 verse(s); skipped 0.
ACT 19:11  wrote 044_ACT_019_011_GOI_It.txt
Done. Wrote 1 verse(s); skipped 0.
ACT 19:12  wrote 044_ACT_019_012_GOI_It.txt
Done. Wrote 1 verse(s); skipped 0.
ACT 19:13  wrote 044_ACT_019_013_GOI_It.txt
Done. Wrote 1 verse(s); skipped 0.
ACT 19:14  wrote 044_ACT_019_014_GOI_It.txt
Done. Wrote 1 verse(s); skipped 0.
ACT 19:15  wrote 044_ACT_019_015_GOI_It.txt
Done. Wrote 1 verse(s); skipped 0.
ACT 19:16  wrote 044_ACT_019_016_GOI_It.txt
Done. Wrote 1 verse(s); skipped 0.
ACT 19:17  wrote 044_ACT_019_017_GOI_It.txt
Done. Wrote 1 verse(s); skipped 0.
ACT 19:18  wrote 044_ACT_019_018_GOI_It.txt
Done. Wrote 1 verse(s); skipped 0.
ACT 19:19  wrote 044_ACT_019_019_GOI_It.txt
Done. Wrote 1 verse(s); skipped 0.
ACT 19:20  wrote 044_ACT_019_020_GOI_It.txt
Done. Wrote 1 verse(s); skipped 0.
ACT 19:21  wrote 044_ACT_019_021_GOI_It.txt
Done. Wrote 1 verse(s); skipped 0.
ACT 19:22  wrote 044_ACT_019_022_GOI_It.txt
Done. Wrote 1 verse(s); skipped 0.
ACT 19:23  wrote 044_ACT_019_023_GOI_It.txt
Done. Wrote 1 verse(s); skipped 0.
ACT 19:24  wrote 044_ACT_019_024_GOI_It.txt
Done. Wrote 1 verse(s); skipped 0.
ACT 19:25  wrote 044_ACT_019_025_GOI_It.txt
Done. Wrote 1 verse(s); skipped 0.
ACT 19:26  wrote 044_ACT_019_026_GOI_It.txt
Done. Wrote 1 verse(s); skipped 0.
ACT 19:27  wrote 044_ACT_019_027_GOI_It.txt
Done. Wrote 1 verse(s); skipped 0.
ACT 19:28  wrote 044_ACT_019_028_GOI_It.txt
Done. Wrote 1 verse(s); skipped 0.
ACT 19:29  wrote 044_ACT_019_029_GOI_It.txt
Done. Wrote 1 verse(s); skipped 0.
ACT 19:30  wrote 044_ACT_019_030_GOI_It.txt
Done. Wrote 1 verse(s); skipped 0.
ACT 19:31  wrote 044_ACT_019_031_GOI_It.txt
Done. Wrote 1 verse(s); skipped 0.
ACT 19:32  wrote 044_ACT_019_032_GOI_It.txt
Done. Wrote 1 verse(s); skipped 0.
ACT 19:33  wrote 044_ACT_019_033_GOI_It.txt
Done. Wrote 1 verse(s); skipped 0.
ACT 19:34  wrote 044_ACT_019_034_GOI_It.txt
Done. Wrote 1 verse(s); skipped 0.
Traceback (most recent call last):
  File "/home/albert/projects/bible/Meta_Bible_Data/Bible_Noun_Extraction/translate_verses.py", line 601, in <module>
    main()
    ~~~~^^
  File "/home/albert/projects/bible/Meta_Bible_Data/Bible_Noun_Extraction/translate_verses.py", line 577, in main
    raise RuntimeError(
    ...<2 lines>...
    )
RuntimeError: ACT 19:35: rejected before write; missing required noun anchors: ['scriba', 'guardiano del tempio']; candidate='Il segretario, dopo aver calmato la folla, dice: "Uomini di Efeso, quale uomo c\'è che non sappia che la città degli Efesini è guardiana del tempio della grande dea Diana e dell\'immagine caduta da Giove?"\n'
ACT 19:36  wrote 044_ACT_019_036_GOI_It.txt
Done. Wrote 1 verse(s); skipped 0.
ACT 19:37  wrote 044_ACT_019_037_GOI_It.txt
Done. Wrote 1 verse(s); skipped 0.
ACT 19:38  wrote 044_ACT_019_038_GOI_It.txt
Done. Wrote 1 verse(s); skipped 0.
ACT 19:39  wrote 044_ACT_019_039_GOI_It.txt
Done. Wrote 1 verse(s); skipped 0.
ACT 19:40  wrote 044_ACT_019_040_GOI_It.txt
Done. Wrote 1 verse(s); skipped 0.
ACT 19:41  wrote 044_ACT_019_041_GOI_It.txt
Done. Wrote 1 verse(s); skipped 0.
Traceback (most recent call last):
  File "/home/albert/projects/bible/Meta_Bible_Data/Bible_Noun_Extraction/translate_verses.py", line 601, in <module>
    main()
    ~~~~^^
  File "/home/albert/projects/bible/Meta_Bible_Data/Bible_Noun_Extraction/translate_verses.py", line 577, in main
    raise RuntimeError(
    ...<2 lines>...
    )
RuntimeError: ACT 19:35: rejected before write; missing required noun anchors: ['scriba', 'guardiano del tempio']; candidate='Il segretario, dopo aver placato la folla, dice: "Uomini di Efeso, quale uomo non sa che la città degli Efesini è guardiana del tempio della grande dea Diana e dell\'immagine caduta da Giove?"\n'
Traceback (most recent call last):
  File "/home/albert/projects/bible/Meta_Bible_Data/Bible_Noun_Extraction/translate_verses.py", line 601, in <module>
    main()
    ~~~~^^
  File "/home/albert/projects/bible/Meta_Bible_Data/Bible_Noun_Extraction/translate_verses.py", line 577, in main
    raise RuntimeError(
    ...<2 lines>...
    )
RuntimeError: ACT 19:35: rejected before write; missing required noun anchors: ['scriba', 'guardiano del tempio']; candidate='Il segretario, dopo aver placato la folla, dice: "Uomini di Efeso, quale uomo infatti non sa che la città degli Efesini è guardiana del tempio della grande dea Diana e dell\'immagine caduta da Giove?"\n'
ACT 20:1  wrote 044_ACT_020_001_GOI_It.txt
ACT 20:2  wrote 044_ACT_020_002_GOI_It.txt
ACT 20:3  wrote 044_ACT_020_003_GOI_It.txt
ACT 20:4  wrote 044_ACT_020_004_GOI_It.txt
ACT 20:5  wrote 044_ACT_020_005_GOI_It.txt
ACT 20:6  wrote 044_ACT_020_006_GOI_It.txt
Traceback (most recent call last):
  File "/home/albert/projects/bible/Meta_Bible_Data/Bible_Noun_Extraction/translate_verses.py", line 601, in <module>
    main()
    ~~~~^^
  File "/home/albert/projects/bible/Meta_Bible_Data/Bible_Noun_Extraction/translate_verses.py", line 577, in main
    raise RuntimeError(
    ...<2 lines>...
    )
RuntimeError: ACT 20:7: rejected before write; missing required noun anchors: ['sabato']; candidate='Ora, nel primo giorno della settimana, essendo i discepoli riuniti per spezzare il pane, Paolo discorreva con loro, dovendo partire il giorno seguente, e prolungò la parola fino a mezzanotte.\n'
ACT 20:1  skipped (already exists)
ACT 20:2  skipped (already exists)
ACT 20:3  skipped (already exists)
ACT 20:4  skipped (already exists)
ACT 20:5  skipped (already exists)
ACT 20:6  skipped (already exists)
Traceback (most recent call last):
  File "/home/albert/projects/bible/Meta_Bible_Data/Bible_Noun_Extraction/translate_verses.py", line 601, in <module>
    main()
    ~~~~^^
  File "/home/albert/projects/bible/Meta_Bible_Data/Bible_Noun_Extraction/translate_verses.py", line 577, in main
    raise RuntimeError(
    ...<2 lines>...
    )
RuntimeError: ACT 20:7: rejected before write; missing required noun anchors: ['sabato']; candidate='Ora, nel primo giorno della settimana, essendo i discepoli riuniti per spezzare il pane, Paolo discorreva con loro, dovendo partire il giorno seguente, e prolungò la parola fino a mezzanotte.\n'
ACT 20:1  skipped (already exists)
ACT 20:2  skipped (already exists)
ACT 20:3  skipped (already exists)
ACT 20:4  skipped (already exists)
ACT 20:5  skipped (already exists)
ACT 20:6  skipped (already exists)
Traceback (most recent call last):
  File "/home/albert/projects/bible/Meta_Bible_Data/Bible_Noun_Extraction/translate_verses.py", line 601, in <module>
    main()
    ~~~~^^
  File "/home/albert/projects/bible/Meta_Bible_Data/Bible_Noun_Extraction/translate_verses.py", line 577, in main
    raise RuntimeError(
    ...<2 lines>...
    )
RuntimeError: ACT 20:7: rejected before write; missing required noun anchors: ['sabato']; candidate='Ora, nel primo giorno della settimana, essendo i discepoli riuniti per spezzare il pane, Paolo discorreva con loro, dovendo partire il giorno seguente, e prolungò la parola fino a mezzanotte.\n'
ACT 20:8  wrote 044_ACT_020_008_GOI_It.txt
Done. Wrote 1 verse(s); skipped 0.
ACT 20:9  wrote 044_ACT_020_009_GOI_It.txt
Done. Wrote 1 verse(s); skipped 0.
ACT 20:10  wrote 044_ACT_020_010_GOI_It.txt
Done. Wrote 1 verse(s); skipped 0.
ACT 20:11  wrote 044_ACT_020_011_GOI_It.txt
Done. Wrote 1 verse(s); skipped 0.
ACT 20:12  wrote 044_ACT_020_012_GOI_It.txt
Done. Wrote 1 verse(s); skipped 0.
ACT 20:13  wrote 044_ACT_020_013_GOI_It.txt
Done. Wrote 1 verse(s); skipped 0.
ACT 20:14  wrote 044_ACT_020_014_GOI_It.txt
Done. Wrote 1 verse(s); skipped 0.
ACT 20:15  wrote 044_ACT_020_015_GOI_It.txt
Done. Wrote 1 verse(s); skipped 0.
ACT 20:16  wrote 044_ACT_020_016_GOI_It.txt
Done. Wrote 1 verse(s); skipped 0.
ACT 20:17  wrote 044_ACT_020_017_GOI_It.txt
Done. Wrote 1 verse(s); skipped 0.
ACT 20:18  wrote 044_ACT_020_018_GOI_It.txt
Done. Wrote 1 verse(s); skipped 0.
ACT 20:19  wrote 044_ACT_020_019_GOI_It.txt
Done. Wrote 1 verse(s); skipped 0.
ACT 20:20  wrote 044_ACT_020_020_GOI_It.txt
Done. Wrote 1 verse(s); skipped 0.
ACT 20:21  wrote 044_ACT_020_021_GOI_It.txt
Done. Wrote 1 verse(s); skipped 0.
ACT 20:22  wrote 044_ACT_020_022_GOI_It.txt
Done. Wrote 1 verse(s); skipped 0.
ACT 20:23  wrote 044_ACT_020_023_GOI_It.txt
Done. Wrote 1 verse(s); skipped 0.
ACT 20:24  wrote 044_ACT_020_024_GOI_It.txt
Done. Wrote 1 verse(s); skipped 0.
ACT 20:25  wrote 044_ACT_020_025_GOI_It.txt
Done. Wrote 1 verse(s); skipped 0.
ACT 20:26  wrote 044_ACT_020_026_GOI_It.txt
Done. Wrote 1 verse(s); skipped 0.
ACT 20:27  wrote 044_ACT_020_027_GOI_It.txt
Done. Wrote 1 verse(s); skipped 0.
ACT 20:28  wrote 044_ACT_020_028_GOI_It.txt
Done. Wrote 1 verse(s); skipped 0.
ACT 20:29  wrote 044_ACT_020_029_GOI_It.txt
Done. Wrote 1 verse(s); skipped 0.
ACT 20:30  wrote 044_ACT_020_030_GOI_It.txt
Done. Wrote 1 verse(s); skipped 0.
ACT 20:31  wrote 044_ACT_020_031_GOI_It.txt
Done. Wrote 1 verse(s); skipped 0.
ACT 20:32  wrote 044_ACT_020_032_GOI_It.txt
Done. Wrote 1 verse(s); skipped 0.
ACT 20:33  wrote 044_ACT_020_033_GOI_It.txt
Done. Wrote 1 verse(s); skipped 0.
ACT 20:34  wrote 044_ACT_020_034_GOI_It.txt
Done. Wrote 1 verse(s); skipped 0.
ACT 20:35  wrote 044_ACT_020_035_GOI_It.txt
Done. Wrote 1 verse(s); skipped 0.
ACT 20:36  wrote 044_ACT_020_036_GOI_It.txt
Done. Wrote 1 verse(s); skipped 0.
ACT 20:37  wrote 044_ACT_020_037_GOI_It.txt
Done. Wrote 1 verse(s); skipped 0.
ACT 20:38  wrote 044_ACT_020_038_GOI_It.txt
Done. Wrote 1 verse(s); skipped 0.
ACT 21:1  wrote 044_ACT_021_001_GOI_It.txt
ACT 21:2  wrote 044_ACT_021_002_GOI_It.txt
ACT 21:3  wrote 044_ACT_021_003_GOI_It.txt
ACT 21:4  wrote 044_ACT_021_004_GOI_It.txt
ACT 21:5  wrote 044_ACT_021_005_GOI_It.txt
ACT 21:6  wrote 044_ACT_021_006_GOI_It.txt
ACT 21:7  wrote 044_ACT_021_007_GOI_It.txt
ACT 21:8  wrote 044_ACT_021_008_GOI_It.txt
ACT 21:9  wrote 044_ACT_021_009_GOI_It.txt
ACT 21:10  wrote 044_ACT_021_010_GOI_It.txt
ACT 21:11  wrote 044_ACT_021_011_GOI_It.txt
ACT 21:12  wrote 044_ACT_021_012_GOI_It.txt
ACT 21:13  wrote 044_ACT_021_013_GOI_It.txt
ACT 21:14  wrote 044_ACT_021_014_GOI_It.txt
ACT 21:15  wrote 044_ACT_021_015_GOI_It.txt
ACT 21:16  wrote 044_ACT_021_016_GOI_It.txt
ACT 21:17  wrote 044_ACT_021_017_GOI_It.txt
ACT 21:18  wrote 044_ACT_021_018_GOI_It.txt
ACT 21:19  wrote 044_ACT_021_019_GOI_It.txt
ACT 21:20  wrote 044_ACT_021_020_GOI_It.txt
ACT 21:21  wrote 044_ACT_021_021_GOI_It.txt
ACT 21:22  wrote 044_ACT_021_022_GOI_It.txt
ACT 21:23  wrote 044_ACT_021_023_GOI_It.txt
ACT 21:24  wrote 044_ACT_021_024_GOI_It.txt
ACT 21:25  wrote 044_ACT_021_025_GOI_It.txt
Traceback (most recent call last):
  File "/home/albert/projects/bible/Meta_Bible_Data/Bible_Noun_Extraction/translate_verses.py", line 601, in <module>
    main()
    ~~~~^^
  File "/home/albert/projects/bible/Meta_Bible_Data/Bible_Noun_Extraction/translate_verses.py", line 577, in main
    raise RuntimeError(
    ...<2 lines>...
    )
RuntimeError: ACT 21:26: rejected before write; missing required noun anchors: ['compiimento']; candidate="Allora Paolo, avendo preso con sé quegli uomini, il giorno seguente, essendosi purificato con loro, entrò nel tempio, annunciando il compimento dei giorni della purificazione, finché non fu offerta l'offerta per ciascuno di loro.\n"
ACT 21:1  skipped (already exists)
ACT 21:2  skipped (already exists)
ACT 21:3  skipped (already exists)
ACT 21:4  skipped (already exists)
ACT 21:5  skipped (already exists)
ACT 21:6  skipped (already exists)
ACT 21:7  skipped (already exists)
ACT 21:8  skipped (already exists)
ACT 21:9  skipped (already exists)
ACT 21:10  skipped (already exists)
ACT 21:11  skipped (already exists)
ACT 21:12  skipped (already exists)
ACT 21:13  skipped (already exists)
ACT 21:14  skipped (already exists)
ACT 21:15  skipped (already exists)
ACT 21:16  skipped (already exists)
ACT 21:17  skipped (already exists)
ACT 21:18  skipped (already exists)
ACT 21:19  skipped (already exists)
ACT 21:20  skipped (already exists)
ACT 21:21  skipped (already exists)
ACT 21:22  skipped (already exists)
ACT 21:23  skipped (already exists)
ACT 21:24  skipped (already exists)
ACT 21:25  skipped (already exists)
ACT 21:26  wrote 044_ACT_021_026_GOI_It.txt
ACT 21:27  wrote 044_ACT_021_027_GOI_It.txt
ACT 21:28  wrote 044_ACT_021_028_GOI_It.txt
ACT 21:29  wrote 044_ACT_021_029_GOI_It.txt
ACT 21:30  wrote 044_ACT_021_030_GOI_It.txt
ACT 21:31  wrote 044_ACT_021_031_GOI_It.txt
ACT 21:32  wrote 044_ACT_021_032_GOI_It.txt
ACT 21:33  wrote 044_ACT_021_033_GOI_It.txt
ACT 21:34  wrote 044_ACT_021_034_GOI_It.txt
ACT 21:35  wrote 044_ACT_021_035_GOI_It.txt
ACT 21:36  wrote 044_ACT_021_036_GOI_It.txt
ACT 21:37  wrote 044_ACT_021_037_GOI_It.txt
ACT 21:38  wrote 044_ACT_021_038_GOI_It.txt
ACT 21:39  wrote 044_ACT_021_039_GOI_It.txt
ACT 21:40  wrote 044_ACT_021_040_GOI_It.txt
Done. Wrote 15 verse(s); skipped 25.
ACT 22:1  wrote 044_ACT_022_001_GOI_It.txt
ACT 22:2  wrote 044_ACT_022_002_GOI_It.txt
ACT 22:3  wrote 044_ACT_022_003_GOI_It.txt
ACT 22:4  wrote 044_ACT_022_004_GOI_It.txt
ACT 22:5  wrote 044_ACT_022_005_GOI_It.txt
ACT 22:6  wrote 044_ACT_022_006_GOI_It.txt
Traceback (most recent call last):
  File "/home/albert/projects/bible/Meta_Bible_Data/Bible_Noun_Extraction/translate_verses.py", line 601, in <module>
    main()
    ~~~~^^
  File "/home/albert/projects/bible/Meta_Bible_Data/Bible_Noun_Extraction/translate_verses.py", line 577, in main
    raise RuntimeError(
    ...<2 lines>...
    )
RuntimeError: ACT 22:7: rejected before write; missing required noun anchors: ['terreno']; candidate='Caddi a terra e udii una voce che mi diceva: Saulo, Saulo, perché mi perseguiti?\n'
ACT 22:1  skipped (already exists)
ACT 22:2  skipped (already exists)
ACT 22:3  skipped (already exists)
ACT 22:4  skipped (already exists)
ACT 22:5  skipped (already exists)
ACT 22:6  skipped (already exists)
Traceback (most recent call last):
  File "/home/albert/projects/bible/Meta_Bible_Data/Bible_Noun_Extraction/translate_verses.py", line 601, in <module>
    main()
    ~~~~^^
  File "/home/albert/projects/bible/Meta_Bible_Data/Bible_Noun_Extraction/translate_verses.py", line 577, in main
    raise RuntimeError(
    ...<2 lines>...
    )
RuntimeError: ACT 22:7: rejected before write; missing required noun anchors: ['terreno']; candidate='Caddi a terra e udii una voce che mi diceva: Saulo, Saulo, perché mi perseguiti?\n'
ACT 22:1  skipped (already exists)
ACT 22:2  skipped (already exists)
ACT 22:3  skipped (already exists)
ACT 22:4  skipped (already exists)
ACT 22:5  skipped (already exists)
ACT 22:6  skipped (already exists)
Traceback (most recent call last):
  File "/home/albert/projects/bible/Meta_Bible_Data/Bible_Noun_Extraction/translate_verses.py", line 601, in <module>
    main()
    ~~~~^^
  File "/home/albert/projects/bible/Meta_Bible_Data/Bible_Noun_Extraction/translate_verses.py", line 577, in main
    raise RuntimeError(
    ...<2 lines>...
    )
RuntimeError: ACT 22:7: rejected before write; missing required noun anchors: ['terreno']; candidate='Caddi a terra e udii una voce che mi diceva: Saulo, Saulo, perché mi perseguiti?\n'
ACT 22:8  wrote 044_ACT_022_008_GOI_It.txt
Done. Wrote 1 verse(s); skipped 0.
ACT 22:9  wrote 044_ACT_022_009_GOI_It.txt
Done. Wrote 1 verse(s); skipped 0.
ACT 22:10  wrote 044_ACT_022_010_GOI_It.txt
Done. Wrote 1 verse(s); skipped 0.
ACT 22:11  wrote 044_ACT_022_011_GOI_It.txt
Done. Wrote 1 verse(s); skipped 0.
ACT 22:12  wrote 044_ACT_022_012_GOI_It.txt
Done. Wrote 1 verse(s); skipped 0.
ACT 22:13  wrote 044_ACT_022_013_GOI_It.txt
Done. Wrote 1 verse(s); skipped 0.
ACT 22:14  wrote 044_ACT_022_014_GOI_It.txt
Done. Wrote 1 verse(s); skipped 0.
ACT 22:15  wrote 044_ACT_022_015_GOI_It.txt
Done. Wrote 1 verse(s); skipped 0.
ACT 22:16  wrote 044_ACT_022_016_GOI_It.txt
Done. Wrote 1 verse(s); skipped 0.
ACT 22:17  wrote 044_ACT_022_017_GOI_It.txt
Done. Wrote 1 verse(s); skipped 0.
ACT 22:18  wrote 044_ACT_022_018_GOI_It.txt
Done. Wrote 1 verse(s); skipped 0.
ACT 22:19  wrote 044_ACT_022_019_GOI_It.txt
Done. Wrote 1 verse(s); skipped 0.
ACT 22:20  wrote 044_ACT_022_020_GOI_It.txt
Done. Wrote 1 verse(s); skipped 0.
ACT 22:21  wrote 044_ACT_022_021_GOI_It.txt
Done. Wrote 1 verse(s); skipped 0.
ACT 22:22  wrote 044_ACT_022_022_GOI_It.txt
Done. Wrote 1 verse(s); skipped 0.
ACT 22:23  wrote 044_ACT_022_023_GOI_It.txt
Done. Wrote 1 verse(s); skipped 0.
ACT 22:24  wrote 044_ACT_022_024_GOI_It.txt
Done. Wrote 1 verse(s); skipped 0.
ACT 22:25  wrote 044_ACT_022_025_GOI_It.txt
Done. Wrote 1 verse(s); skipped 0.
ACT 22:26  wrote 044_ACT_022_026_GOI_It.txt
Done. Wrote 1 verse(s); skipped 0.
ACT 22:27  wrote 044_ACT_022_027_GOI_It.txt
Done. Wrote 1 verse(s); skipped 0.
ACT 22:28  wrote 044_ACT_022_028_GOI_It.txt
Done. Wrote 1 verse(s); skipped 0.
ACT 22:29  wrote 044_ACT_022_029_GOI_It.txt
Done. Wrote 1 verse(s); skipped 0.
ACT 22:30  wrote 044_ACT_022_030_GOI_It.txt
Done. Wrote 1 verse(s); skipped 0.
ACT 23:1  wrote 044_ACT_023_001_GOI_It.txt
ACT 23:2  wrote 044_ACT_023_002_GOI_It.txt
ACT 23:3  wrote 044_ACT_023_003_GOI_It.txt
ACT 23:4  wrote 044_ACT_023_004_GOI_It.txt
ACT 23:5  wrote 044_ACT_023_005_GOI_It.txt
ACT 23:6  wrote 044_ACT_023_006_GOI_It.txt
ACT 23:7  wrote 044_ACT_023_007_GOI_It.txt
ACT 23:8  wrote 044_ACT_023_008_GOI_It.txt
ACT 23:9  wrote 044_ACT_023_009_GOI_It.txt
ACT 23:10  wrote 044_ACT_023_010_GOI_It.txt
ACT 23:11  wrote 044_ACT_023_011_GOI_It.txt
ACT 23:12  wrote 044_ACT_023_012_GOI_It.txt
ACT 23:13  wrote 044_ACT_023_013_GOI_It.txt
ACT 23:14  wrote 044_ACT_023_014_GOI_It.txt
ACT 23:15  wrote 044_ACT_023_015_GOI_It.txt
ACT 23:16  wrote 044_ACT_023_016_GOI_It.txt
ACT 23:17  wrote 044_ACT_023_017_GOI_It.txt
ACT 23:18  wrote 044_ACT_023_018_GOI_It.txt
ACT 23:19  wrote 044_ACT_023_019_GOI_It.txt
ACT 23:20  wrote 044_ACT_023_020_GOI_It.txt
ACT 23:21  wrote 044_ACT_023_021_GOI_It.txt
ACT 23:22  wrote 044_ACT_023_022_GOI_It.txt
ACT 23:23  wrote 044_ACT_023_023_GOI_It.txt
ACT 23:24  wrote 044_ACT_023_024_GOI_It.txt
ACT 23:25  wrote 044_ACT_023_025_GOI_It.txt
ACT 23:26  wrote 044_ACT_023_026_GOI_It.txt
ACT 23:27  wrote 044_ACT_023_027_GOI_It.txt
ACT 23:28  wrote 044_ACT_023_028_GOI_It.txt
ACT 23:29  wrote 044_ACT_023_029_GOI_It.txt
ACT 23:30  wrote 044_ACT_023_030_GOI_It.txt
ACT 23:31  wrote 044_ACT_023_031_GOI_It.txt
ACT 23:32  wrote 044_ACT_023_032_GOI_It.txt
ACT 23:33  wrote 044_ACT_023_033_GOI_It.txt
ACT 23:34  wrote 044_ACT_023_034_GOI_It.txt
ACT 23:35  wrote 044_ACT_023_035_GOI_It.txt
Done. Wrote 35 verse(s); skipped 0.
ACT 24:1  wrote 044_ACT_024_001_GOI_It.txt
ACT 24:2  wrote 044_ACT_024_002_GOI_It.txt
ACT 24:3  wrote 044_ACT_024_003_GOI_It.txt
ACT 24:4  wrote 044_ACT_024_004_GOI_It.txt
ACT 24:5  wrote 044_ACT_024_005_GOI_It.txt
ACT 24:6  wrote 044_ACT_024_006_GOI_It.txt
ACT 24:7  wrote 044_ACT_024_007_GOI_It.txt
ACT 24:8  wrote 044_ACT_024_008_GOI_It.txt
ACT 24:9  wrote 044_ACT_024_009_GOI_It.txt
ACT 24:10  wrote 044_ACT_024_010_GOI_It.txt
ACT 24:11  wrote 044_ACT_024_011_GOI_It.txt
ACT 24:12  wrote 044_ACT_024_012_GOI_It.txt
ACT 24:13  wrote 044_ACT_024_013_GOI_It.txt
ACT 24:14  wrote 044_ACT_024_014_GOI_It.txt
ACT 24:15  wrote 044_ACT_024_015_GOI_It.txt
ACT 24:16  wrote 044_ACT_024_016_GOI_It.txt
ACT 24:17  wrote 044_ACT_024_017_GOI_It.txt
ACT 24:18  wrote 044_ACT_024_018_GOI_It.txt
ACT 24:19  wrote 044_ACT_024_019_GOI_It.txt
ACT 24:20  wrote 044_ACT_024_020_GOI_It.txt
ACT 24:21  wrote 044_ACT_024_021_GOI_It.txt
ACT 24:22  wrote 044_ACT_024_022_GOI_It.txt
ACT 24:23  wrote 044_ACT_024_023_GOI_It.txt
Traceback (most recent call last):
  File "/home/albert/projects/bible/Meta_Bible_Data/Bible_Noun_Extraction/translate_verses.py", line 601, in <module>
    main()
    ~~~~^^
  File "/home/albert/projects/bible/Meta_Bible_Data/Bible_Noun_Extraction/translate_verses.py", line 577, in main
    raise RuntimeError(
    ...<2 lines>...
    )
RuntimeError: ACT 24:24: rejected before write; missing required noun anchors: ['donna']; candidate='Dopo alcuni giorni, Felice venne con Drusilla, sua moglie, che era giudea, e fece chiamare Paolo e lo ascoltò riguardo alla fede in Cristo.\n'
ACT 24:1  skipped (already exists)
ACT 24:2  skipped (already exists)
ACT 24:3  skipped (already exists)
ACT 24:4  skipped (already exists)
ACT 24:5  skipped (already exists)
ACT 24:6  skipped (already exists)
ACT 24:7  skipped (already exists)
ACT 24:8  skipped (already exists)
ACT 24:9  skipped (already exists)
ACT 24:10  skipped (already exists)
ACT 24:11  skipped (already exists)
ACT 24:12  skipped (already exists)
ACT 24:13  skipped (already exists)
ACT 24:14  skipped (already exists)
ACT 24:15  skipped (already exists)
ACT 24:16  skipped (already exists)
ACT 24:17  skipped (already exists)
ACT 24:18  skipped (already exists)
ACT 24:19  skipped (already exists)
ACT 24:20  skipped (already exists)
ACT 24:21  skipped (already exists)
ACT 24:22  skipped (already exists)
ACT 24:23  skipped (already exists)
Traceback (most recent call last):
  File "/home/albert/projects/bible/Meta_Bible_Data/Bible_Noun_Extraction/translate_verses.py", line 601, in <module>
    main()
    ~~~~^^
  File "/home/albert/projects/bible/Meta_Bible_Data/Bible_Noun_Extraction/translate_verses.py", line 577, in main
    raise RuntimeError(
    ...<2 lines>...
    )
RuntimeError: ACT 24:24: rejected before write; missing required noun anchors: ['donna']; candidate='Dopo alcuni giorni, Felice venne con Drusilla, sua moglie, che era giudea, e fece chiamare Paolo e lo ascoltò riguardo alla fede in Cristo.\n'
ACT 24:1  skipped (already exists)
ACT 24:2  skipped (already exists)
ACT 24:3  skipped (already exists)
ACT 24:4  skipped (already exists)
ACT 24:5  skipped (already exists)
ACT 24:6  skipped (already exists)
ACT 24:7  skipped (already exists)
ACT 24:8  skipped (already exists)
ACT 24:9  skipped (already exists)
ACT 24:10  skipped (already exists)
ACT 24:11  skipped (already exists)
ACT 24:12  skipped (already exists)
ACT 24:13  skipped (already exists)
ACT 24:14  skipped (already exists)
ACT 24:15  skipped (already exists)
ACT 24:16  skipped (already exists)
ACT 24:17  skipped (already exists)
ACT 24:18  skipped (already exists)
ACT 24:19  skipped (already exists)
ACT 24:20  skipped (already exists)
ACT 24:21  skipped (already exists)
ACT 24:22  skipped (already exists)
ACT 24:23  skipped (already exists)
Traceback (most recent call last):
  File "/home/albert/projects/bible/Meta_Bible_Data/Bible_Noun_Extraction/translate_verses.py", line 601, in <module>
    main()
    ~~~~^^
  File "/home/albert/projects/bible/Meta_Bible_Data/Bible_Noun_Extraction/translate_verses.py", line 577, in main
    raise RuntimeError(
    ...<2 lines>...
    )
RuntimeError: ACT 24:24: rejected before write; missing required noun anchors: ['donna']; candidate='Dopo alcuni giorni, Felice venne con Drusilla, sua moglie, che era giudea, e fece chiamare Paolo e lo ascoltò riguardo alla fede in Cristo.\n'
ACT 24:25  wrote 044_ACT_024_025_GOI_It.txt
Done. Wrote 1 verse(s); skipped 0.
ACT 24:26  wrote 044_ACT_024_026_GOI_It.txt
Done. Wrote 1 verse(s); skipped 0.
Traceback (most recent call last):
  File "/home/albert/projects/bible/Meta_Bible_Data/Bible_Noun_Extraction/translate_verses.py", line 601, in <module>
    main()
    ~~~~^^
  File "/home/albert/projects/bible/Meta_Bible_Data/Bible_Noun_Extraction/translate_verses.py", line 577, in main
    raise RuntimeError(
    ...<2 lines>...
    )
RuntimeError: ACT 24:27: rejected before write; missing required noun anchors: ['grazia']; candidate='Trascorsi due anni, Felice ebbe come successore Porcio Festo; e volendo fare un favore ai Giudei, Felice lasciò Paolo in catene.\n'
Traceback (most recent call last):
  File "/home/albert/projects/bible/Meta_Bible_Data/Bible_Noun_Extraction/translate_verses.py", line 601, in <module>
    main()
    ~~~~^^
  File "/home/albert/projects/bible/Meta_Bible_Data/Bible_Noun_Extraction/translate_verses.py", line 577, in main
    raise RuntimeError(
    ...<2 lines>...
    )
RuntimeError: ACT 24:27: rejected before write; missing required noun anchors: ['grazia']; candidate='Trascorsi due anni, Felice ebbe come successore Porcio Festo; e volendo fare un favore ai Giudei, Felice lasciò Paolo in catene.\n'
Traceback (most recent call last):
  File "/home/albert/projects/bible/Meta_Bible_Data/Bible_Noun_Extraction/translate_verses.py", line 601, in <module>
    main()
    ~~~~^^
  File "/home/albert/projects/bible/Meta_Bible_Data/Bible_Noun_Extraction/translate_verses.py", line 577, in main
    raise RuntimeError(
    ...<2 lines>...
    )
RuntimeError: ACT 24:27: rejected before write; missing required noun anchors: ['grazia']; candidate='Trascorsi due anni, Felice ebbe come successore Porcio Festo; e volendo fare un favore ai Giudei, Felice lasciò Paolo in catene.\n'
ACT 25:1  wrote 044_ACT_025_001_GOI_It.txt
ACT 25:2  wrote 044_ACT_025_002_GOI_It.txt
ACT 25:3  wrote 044_ACT_025_003_GOI_It.txt
ACT 25:4  wrote 044_ACT_025_004_GOI_It.txt
ACT 25:5  wrote 044_ACT_025_005_GOI_It.txt
ACT 25:6  wrote 044_ACT_025_006_GOI_It.txt
ACT 25:7  wrote 044_ACT_025_007_GOI_It.txt
ACT 25:8  wrote 044_ACT_025_008_GOI_It.txt
ACT 25:9  wrote 044_ACT_025_009_GOI_It.txt
ACT 25:10  wrote 044_ACT_025_010_GOI_It.txt
ACT 25:11  wrote 044_ACT_025_011_GOI_It.txt
ACT 25:12  wrote 044_ACT_025_012_GOI_It.txt
ACT 25:13  wrote 044_ACT_025_013_GOI_It.txt
ACT 25:14  wrote 044_ACT_025_014_GOI_It.txt
ACT 25:15  wrote 044_ACT_025_015_GOI_It.txt
ACT 25:16  wrote 044_ACT_025_016_GOI_It.txt
ACT 25:17  wrote 044_ACT_025_017_GOI_It.txt
ACT 25:18  wrote 044_ACT_025_018_GOI_It.txt
ACT 25:19  wrote 044_ACT_025_019_GOI_It.txt
ACT 25:20  wrote 044_ACT_025_020_GOI_It.txt
ACT 25:21  wrote 044_ACT_025_021_GOI_It.txt
ACT 25:22  wrote 044_ACT_025_022_GOI_It.txt
Traceback (most recent call last):
  File "/home/albert/projects/bible/Meta_Bible_Data/Bible_Noun_Extraction/translate_verses.py", line 601, in <module>
    main()
    ~~~~^^
  File "/home/albert/projects/bible/Meta_Bible_Data/Bible_Noun_Extraction/translate_verses.py", line 577, in main
    raise RuntimeError(
    ...<2 lines>...
    )
RuntimeError: ACT 25:23: rejected before write; missing required noun anchors: ['principalità']; candidate="Il giorno seguente, essendo venuti Agrippa e Berenice con grande pompa, ed essendo entrati nel luogo d'udienza insieme con i tribuni e gli uomini principali della città, e avendo Festo comandato, Paolo fu condotto.\n"
ACT 25:1  skipped (already exists)
ACT 25:2  skipped (already exists)
ACT 25:3  skipped (already exists)
ACT 25:4  skipped (already exists)
ACT 25:5  skipped (already exists)
ACT 25:6  skipped (already exists)
ACT 25:7  skipped (already exists)
ACT 25:8  skipped (already exists)
ACT 25:9  skipped (already exists)
ACT 25:10  skipped (already exists)
ACT 25:11  skipped (already exists)
ACT 25:12  skipped (already exists)
ACT 25:13  skipped (already exists)
ACT 25:14  skipped (already exists)
ACT 25:15  skipped (already exists)
ACT 25:16  skipped (already exists)
ACT 25:17  skipped (already exists)
ACT 25:18  skipped (already exists)
ACT 25:19  skipped (already exists)
ACT 25:20  skipped (already exists)
ACT 25:21  skipped (already exists)
ACT 25:22  skipped (already exists)
Traceback (most recent call last):
  File "/home/albert/projects/bible/Meta_Bible_Data/Bible_Noun_Extraction/translate_verses.py", line 601, in <module>
    main()
    ~~~~^^
  File "/home/albert/projects/bible/Meta_Bible_Data/Bible_Noun_Extraction/translate_verses.py", line 577, in main
    raise RuntimeError(
    ...<2 lines>...
    )
RuntimeError: ACT 25:23: rejected before write; missing required noun anchors: ['principalità']; candidate="Il giorno seguente, essendo venuti Agrippa e Berenice con grande pompa, ed essendo entrati nel luogo d'udienza insieme con i tribuni e gli uomini principali della città, e avendo Festo comandato, Paolo fu condotto.\n"
ACT 25:1  skipped (already exists)
ACT 25:2  skipped (already exists)
ACT 25:3  skipped (already exists)
ACT 25:4  skipped (already exists)
ACT 25:5  skipped (already exists)
ACT 25:6  skipped (already exists)
ACT 25:7  skipped (already exists)
ACT 25:8  skipped (already exists)
ACT 25:9  skipped (already exists)
ACT 25:10  skipped (already exists)
ACT 25:11  skipped (already exists)
ACT 25:12  skipped (already exists)
ACT 25:13  skipped (already exists)
ACT 25:14  skipped (already exists)
ACT 25:15  skipped (already exists)
ACT 25:16  skipped (already exists)
ACT 25:17  skipped (already exists)
ACT 25:18  skipped (already exists)
ACT 25:19  skipped (already exists)
ACT 25:20  skipped (already exists)
ACT 25:21  skipped (already exists)
ACT 25:22  skipped (already exists)
Traceback (most recent call last):
  File "/home/albert/projects/bible/Meta_Bible_Data/Bible_Noun_Extraction/translate_verses.py", line 601, in <module>
    main()
    ~~~~^^
  File "/home/albert/projects/bible/Meta_Bible_Data/Bible_Noun_Extraction/translate_verses.py", line 577, in main
    raise RuntimeError(
    ...<2 lines>...
    )
RuntimeError: ACT 25:23: rejected before write; missing required noun anchors: ['principalità']; candidate="Il giorno seguente, essendo venuti Agrippa e Berenice con grande pompa, ed essendo entrati nel luogo d'udienza insieme con i tribuni e gli uomini principali della città, e avendo Festo comandato, Paolo fu condotto.\n"
ACT 25:24  wrote 044_ACT_025_024_GOI_It.txt
Done. Wrote 1 verse(s); skipped 0.
ACT 25:25  wrote 044_ACT_025_025_GOI_It.txt
Done. Wrote 1 verse(s); skipped 0.
ACT 25:26  wrote 044_ACT_025_026_GOI_It.txt
Done. Wrote 1 verse(s); skipped 0.
ACT 25:27  wrote 044_ACT_025_027_GOI_It.txt
Done. Wrote 1 verse(s); skipped 0.
ACT 26:1  wrote 044_ACT_026_001_GOI_It.txt
ACT 26:2  wrote 044_ACT_026_002_GOI_It.txt
ACT 26:3  wrote 044_ACT_026_003_GOI_It.txt
ACT 26:4  wrote 044_ACT_026_004_GOI_It.txt
ACT 26:5  wrote 044_ACT_026_005_GOI_It.txt
ACT 26:6  wrote 044_ACT_026_006_GOI_It.txt
ACT 26:7  wrote 044_ACT_026_007_GOI_It.txt
ACT 26:8  wrote 044_ACT_026_008_GOI_It.txt
ACT 26:9  wrote 044_ACT_026_009_GOI_It.txt
ACT 26:10  wrote 044_ACT_026_010_GOI_It.txt
ACT 26:11  wrote 044_ACT_026_011_GOI_It.txt
ACT 26:12  wrote 044_ACT_026_012_GOI_It.txt
ACT 26:13  wrote 044_ACT_026_013_GOI_It.txt
ACT 26:14  wrote 044_ACT_026_014_GOI_It.txt
ACT 26:15  wrote 044_ACT_026_015_GOI_It.txt
ACT 26:16  wrote 044_ACT_026_016_GOI_It.txt
ACT 26:17  wrote 044_ACT_026_017_GOI_It.txt
ACT 26:18  wrote 044_ACT_026_018_GOI_It.txt
ACT 26:19  wrote 044_ACT_026_019_GOI_It.txt
ACT 26:20  wrote 044_ACT_026_020_GOI_It.txt
ACT 26:21  wrote 044_ACT_026_021_GOI_It.txt
ACT 26:22  wrote 044_ACT_026_022_GOI_It.txt
Traceback (most recent call last):
  File "/home/albert/projects/bible/Meta_Bible_Data/Bible_Noun_Extraction/translate_verses.py", line 601, in <module>
    main()
    ~~~~^^
  File "/home/albert/projects/bible/Meta_Bible_Data/Bible_Noun_Extraction/translate_verses.py", line 577, in main
    raise RuntimeError(
    ...<2 lines>...
    )
RuntimeError: ACT 26:23: rejected before write; missing required noun anchors: ['risurrezione', 'gentile']; candidate='che il Cristo doveva essere soggetto a sofferenza, e che, primo fra i risorti dai morti, avrebbe annunciato la luce al popolo e alle genti.\n'
ACT 26:1  skipped (already exists)
ACT 26:2  skipped (already exists)
ACT 26:3  skipped (already exists)
ACT 26:4  skipped (already exists)
ACT 26:5  skipped (already exists)
ACT 26:6  skipped (already exists)
ACT 26:7  skipped (already exists)
ACT 26:8  skipped (already exists)
ACT 26:9  skipped (already exists)
ACT 26:10  skipped (already exists)
ACT 26:11  skipped (already exists)
ACT 26:12  skipped (already exists)
ACT 26:13  skipped (already exists)
ACT 26:14  skipped (already exists)
ACT 26:15  skipped (already exists)
ACT 26:16  skipped (already exists)
ACT 26:17  skipped (already exists)
ACT 26:18  skipped (already exists)
ACT 26:19  skipped (already exists)
ACT 26:20  skipped (already exists)
ACT 26:21  skipped (already exists)
ACT 26:22  skipped (already exists)
Traceback (most recent call last):
  File "/home/albert/projects/bible/Meta_Bible_Data/Bible_Noun_Extraction/translate_verses.py", line 601, in <module>
    main()
    ~~~~^^
  File "/home/albert/projects/bible/Meta_Bible_Data/Bible_Noun_Extraction/translate_verses.py", line 577, in main
    raise RuntimeError(
    ...<2 lines>...
    )
RuntimeError: ACT 26:23: rejected before write; missing required noun anchors: ['risurrezione', 'gentile']; candidate='Che il Cristo dovesse essere soggetto a sofferenza, e che, primo fra i morti, sarebbe risorto per annunciare la luce al popolo e alle genti.\n'
ACT 26:1  skipped (already exists)
ACT 26:2  skipped (already exists)
ACT 26:3  skipped (already exists)
ACT 26:4  skipped (already exists)
ACT 26:5  skipped (already exists)
ACT 26:6  skipped (already exists)
ACT 26:7  skipped (already exists)
ACT 26:8  skipped (already exists)
ACT 26:9  skipped (already exists)
ACT 26:10  skipped (already exists)
ACT 26:11  skipped (already exists)
ACT 26:12  skipped (already exists)
ACT 26:13  skipped (already exists)
ACT 26:14  skipped (already exists)
ACT 26:15  skipped (already exists)
ACT 26:16  skipped (already exists)
ACT 26:17  skipped (already exists)
ACT 26:18  skipped (already exists)
ACT 26:19  skipped (already exists)
ACT 26:20  skipped (already exists)
ACT 26:21  skipped (already exists)
ACT 26:22  skipped (already exists)
ACT 26:23  wrote 044_ACT_026_023_GOI_It.txt
ACT 26:24  wrote 044_ACT_026_024_GOI_It.txt
ACT 26:25  wrote 044_ACT_026_025_GOI_It.txt
ACT 26:26  wrote 044_ACT_026_026_GOI_It.txt
ACT 26:27  wrote 044_ACT_026_027_GOI_It.txt
ACT 26:28  wrote 044_ACT_026_028_GOI_It.txt
ACT 26:29  wrote 044_ACT_026_029_GOI_It.txt
ACT 26:30  wrote 044_ACT_026_030_GOI_It.txt
ACT 26:31  wrote 044_ACT_026_031_GOI_It.txt
ACT 26:32  wrote 044_ACT_026_032_GOI_It.txt
Done. Wrote 10 verse(s); skipped 22.
ACT 27:1  wrote 044_ACT_027_001_GOI_It.txt
ACT 27:2  wrote 044_ACT_027_002_GOI_It.txt
ACT 27:3  wrote 044_ACT_027_003_GOI_It.txt
ACT 27:4  wrote 044_ACT_027_004_GOI_It.txt
ACT 27:5  wrote 044_ACT_027_005_GOI_It.txt
ACT 27:6  wrote 044_ACT_027_006_GOI_It.txt
ACT 27:7  wrote 044_ACT_027_007_GOI_It.txt
ACT 27:8  wrote 044_ACT_027_008_GOI_It.txt
ACT 27:9  wrote 044_ACT_027_009_GOI_It.txt
ACT 27:10  wrote 044_ACT_027_010_GOI_It.txt
ACT 27:11  wrote 044_ACT_027_011_GOI_It.txt
ACT 27:12  wrote 044_ACT_027_012_GOI_It.txt
ACT 27:13  wrote 044_ACT_027_013_GOI_It.txt
ACT 27:14  wrote 044_ACT_027_014_GOI_It.txt
ACT 27:15  wrote 044_ACT_027_015_GOI_It.txt
ACT 27:16  wrote 044_ACT_027_016_GOI_It.txt
ACT 27:17  wrote 044_ACT_027_017_GOI_It.txt
ACT 27:18  wrote 044_ACT_027_018_GOI_It.txt
ACT 27:19  wrote 044_ACT_027_019_GOI_It.txt
ACT 27:20  wrote 044_ACT_027_020_GOI_It.txt
ACT 27:21  wrote 044_ACT_027_021_GOI_It.txt
ACT 27:22  wrote 044_ACT_027_022_GOI_It.txt
ACT 27:23  wrote 044_ACT_027_023_GOI_It.txt
ACT 27:24  wrote 044_ACT_027_024_GOI_It.txt
ACT 27:25  wrote 044_ACT_027_025_GOI_It.txt
ACT 27:26  wrote 044_ACT_027_026_GOI_It.txt
ACT 27:27  wrote 044_ACT_027_027_GOI_It.txt
ACT 27:28  wrote 044_ACT_027_028_GOI_It.txt
ACT 27:29  wrote 044_ACT_027_029_GOI_It.txt
ACT 27:30  wrote 044_ACT_027_030_GOI_It.txt
ACT 27:31  wrote 044_ACT_027_031_GOI_It.txt
ACT 27:32  wrote 044_ACT_027_032_GOI_It.txt
ACT 27:33  wrote 044_ACT_027_033_GOI_It.txt
ACT 27:34  wrote 044_ACT_027_034_GOI_It.txt
ACT 27:35  wrote 044_ACT_027_035_GOI_It.txt
ACT 27:36  wrote 044_ACT_027_036_GOI_It.txt
ACT 27:37  wrote 044_ACT_027_037_GOI_It.txt
ACT 27:38  wrote 044_ACT_027_038_GOI_It.txt
ACT 27:39  wrote 044_ACT_027_039_GOI_It.txt
ACT 27:40  wrote 044_ACT_027_040_GOI_It.txt
ACT 27:41  wrote 044_ACT_027_041_GOI_It.txt
ACT 27:42  wrote 044_ACT_027_042_GOI_It.txt
ACT 27:43  wrote 044_ACT_027_043_GOI_It.txt
ACT 27:44  wrote 044_ACT_027_044_GOI_It.txt
Done. Wrote 44 verse(s); skipped 0.
ACT 28:1  wrote 044_ACT_028_001_GOI_It.txt
ACT 28:2  wrote 044_ACT_028_002_GOI_It.txt
ACT 28:3  wrote 044_ACT_028_003_GOI_It.txt
ACT 28:4  wrote 044_ACT_028_004_GOI_It.txt
ACT 28:5  wrote 044_ACT_028_005_GOI_It.txt
ACT 28:6  wrote 044_ACT_028_006_GOI_It.txt
ACT 28:7  wrote 044_ACT_028_007_GOI_It.txt
ACT 28:8  wrote 044_ACT_028_008_GOI_It.txt
ACT 28:9  wrote 044_ACT_028_009_GOI_It.txt
ACT 28:10  wrote 044_ACT_028_010_GOI_It.txt
ACT 28:11  wrote 044_ACT_028_011_GOI_It.txt
ACT 28:12  wrote 044_ACT_028_012_GOI_It.txt
ACT 28:13  wrote 044_ACT_028_013_GOI_It.txt
ACT 28:14  wrote 044_ACT_028_014_GOI_It.txt
ACT 28:15  wrote 044_ACT_028_015_GOI_It.txt
ACT 28:16  wrote 044_ACT_028_016_GOI_It.txt
ACT 28:17  wrote 044_ACT_028_017_GOI_It.txt
ACT 28:18  wrote 044_ACT_028_018_GOI_It.txt
ACT 28:19  wrote 044_ACT_028_019_GOI_It.txt
ACT 28:20  wrote 044_ACT_028_020_GOI_It.txt
ACT 28:21  wrote 044_ACT_028_021_GOI_It.txt
ACT 28:22  wrote 044_ACT_028_022_GOI_It.txt
ACT 28:23  wrote 044_ACT_028_023_GOI_It.txt
ACT 28:24  wrote 044_ACT_028_024_GOI_It.txt
ACT 28:25  wrote 044_ACT_028_025_GOI_It.txt
ACT 28:26  wrote 044_ACT_028_026_GOI_It.txt
ACT 28:27  wrote 044_ACT_028_027_GOI_It.txt
ACT 28:28  wrote 044_ACT_028_028_GOI_It.txt
ACT 28:29  wrote 044_ACT_028_029_GOI_It.txt
ACT 28:30  wrote 044_ACT_028_030_GOI_It.txt
ACT 28:31  wrote 044_ACT_028_031_GOI_It.txt
Done. Wrote 31 verse(s); skipped 0.
ROM 1:1  wrote 045_ROM_001_001_GOI_It.txt
ROM 1:2  wrote 045_ROM_001_002_GOI_It.txt
ROM 1:3  wrote 045_ROM_001_003_GOI_It.txt
ROM 1:4  wrote 045_ROM_001_004_GOI_It.txt
ROM 1:5  wrote 045_ROM_001_005_GOI_It.txt
ROM 1:6  wrote 045_ROM_001_006_GOI_It.txt
ROM 1:7  wrote 045_ROM_001_007_GOI_It.txt
ROM 1:8  wrote 045_ROM_001_008_GOI_It.txt
ROM 1:9  wrote 045_ROM_001_009_GOI_It.txt
ROM 1:10  wrote 045_ROM_001_010_GOI_It.txt
ROM 1:11  wrote 045_ROM_001_011_GOI_It.txt
ROM 1:12  wrote 045_ROM_001_012_GOI_It.txt
ROM 1:13  wrote 045_ROM_001_013_GOI_It.txt
ROM 1:14  wrote 045_ROM_001_014_GOI_It.txt
ROM 1:15  wrote 045_ROM_001_015_GOI_It.txt
ROM 1:16  wrote 045_ROM_001_016_GOI_It.txt
ROM 1:17  wrote 045_ROM_001_017_GOI_It.txt
ROM 1:18  wrote 045_ROM_001_018_GOI_It.txt
ROM 1:19  wrote 045_ROM_001_019_GOI_It.txt
ROM 1:20  wrote 045_ROM_001_020_GOI_It.txt
ROM 1:21  wrote 045_ROM_001_021_GOI_It.txt
ROM 1:22  wrote 045_ROM_001_022_GOI_It.txt
ROM 1:23  wrote 045_ROM_001_023_GOI_It.txt
ROM 1:24  wrote 045_ROM_001_024_GOI_It.txt
ROM 1:25  wrote 045_ROM_001_025_GOI_It.txt
ROM 1:26  wrote 045_ROM_001_026_GOI_It.txt
ROM 1:27  wrote 045_ROM_001_027_GOI_It.txt
ROM 1:28  wrote 045_ROM_001_028_GOI_It.txt
ROM 1:29  wrote 045_ROM_001_029_GOI_It.txt
ROM 1:30  wrote 045_ROM_001_030_GOI_It.txt
ROM 1:31  wrote 045_ROM_001_031_GOI_It.txt
ROM 1:32  wrote 045_ROM_001_032_GOI_It.txt
Done. Wrote 32 verse(s); skipped 0.
ROM 2:1  wrote 045_ROM_002_001_GOI_It.txt
ROM 2:2  wrote 045_ROM_002_002_GOI_It.txt
ROM 2:3  wrote 045_ROM_002_003_GOI_It.txt
ROM 2:4  wrote 045_ROM_002_004_GOI_It.txt
Traceback (most recent call last):
  File "/home/albert/projects/bible/Meta_Bible_Data/Bible_Noun_Extraction/translate_verses.py", line 601, in <module>
    main()
    ~~~~^^
  File "/home/albert/projects/bible/Meta_Bible_Data/Bible_Noun_Extraction/translate_verses.py", line 577, in main
    raise RuntimeError(
    ...<2 lines>...
    )
RuntimeError: ROM 2:5: rejected before write; missing required noun anchors: ['indurimento']; candidate="Ma, per la tua durezza e il tuo cuore impenitente, accumuli per te stesso ira per il giorno dell'ira e della rivelazione del giusto giudizio di Dio.\n"
ROM 2:1  skipped (already exists)
ROM 2:2  skipped (already exists)
ROM 2:3  skipped (already exists)
ROM 2:4  skipped (already exists)
Traceback (most recent call last):
  File "/home/albert/projects/bible/Meta_Bible_Data/Bible_Noun_Extraction/translate_verses.py", line 601, in <module>
    main()
    ~~~~^^
  File "/home/albert/projects/bible/Meta_Bible_Data/Bible_Noun_Extraction/translate_verses.py", line 577, in main
    raise RuntimeError(
    ...<2 lines>...
    )
RuntimeError: ROM 2:5: rejected before write; missing required noun anchors: ['indurimento']; candidate="Ma, per la tua durezza e il tuo cuore impenitente, accumuli per te stesso ira per il giorno dell'ira e della rivelazione del giusto giudizio di Dio.\n"
ROM 2:1  skipped (already exists)
ROM 2:2  skipped (already exists)
ROM 2:3  skipped (already exists)
ROM 2:4  skipped (already exists)
Traceback (most recent call last):
  File "/home/albert/projects/bible/Meta_Bible_Data/Bible_Noun_Extraction/translate_verses.py", line 601, in <module>
    main()
    ~~~~^^
  File "/home/albert/projects/bible/Meta_Bible_Data/Bible_Noun_Extraction/translate_verses.py", line 577, in main
    raise RuntimeError(
    ...<2 lines>...
    )
RuntimeError: ROM 2:5: rejected before write; missing required noun anchors: ['indurimento']; candidate="Ma, per la tua durezza e il tuo cuore impenitente, accumuli per te stesso ira per il giorno dell'ira e della rivelazione del giusto giudizio di Dio.\n"
ROM 2:6  wrote 045_ROM_002_006_GOI_It.txt
Done. Wrote 1 verse(s); skipped 0.
ROM 2:7  wrote 045_ROM_002_007_GOI_It.txt
Done. Wrote 1 verse(s); skipped 0.
ROM 2:8  wrote 045_ROM_002_008_GOI_It.txt
Done. Wrote 1 verse(s); skipped 0.
ROM 2:9  wrote 045_ROM_002_009_GOI_It.txt
Done. Wrote 1 verse(s); skipped 0.
ROM 2:10  wrote 045_ROM_002_010_GOI_It.txt
Done. Wrote 1 verse(s); skipped 0.
ROM 2:11  wrote 045_ROM_002_011_GOI_It.txt
Done. Wrote 1 verse(s); skipped 0.
ROM 2:12  wrote 045_ROM_002_012_GOI_It.txt
Done. Wrote 1 verse(s); skipped 0.
ROM 2:13  wrote 045_ROM_002_013_GOI_It.txt
Done. Wrote 1 verse(s); skipped 0.
ROM 2:14  wrote 045_ROM_002_014_GOI_It.txt
Done. Wrote 1 verse(s); skipped 0.
ROM 2:15  wrote 045_ROM_002_015_GOI_It.txt
Done. Wrote 1 verse(s); skipped 0.
ROM 2:16  wrote 045_ROM_002_016_GOI_It.txt
Done. Wrote 1 verse(s); skipped 0.
ROM 2:17  wrote 045_ROM_002_017_GOI_It.txt
Done. Wrote 1 verse(s); skipped 0.
ROM 2:18  wrote 045_ROM_002_018_GOI_It.txt
Done. Wrote 1 verse(s); skipped 0.
ROM 2:19  wrote 045_ROM_002_019_GOI_It.txt
Done. Wrote 1 verse(s); skipped 0.
ROM 2:20  wrote 045_ROM_002_020_GOI_It.txt
Done. Wrote 1 verse(s); skipped 0.
ROM 2:21  wrote 045_ROM_002_021_GOI_It.txt
Done. Wrote 1 verse(s); skipped 0.
ROM 2:22  wrote 045_ROM_002_022_GOI_It.txt
Done. Wrote 1 verse(s); skipped 0.
ROM 2:23  wrote 045_ROM_002_023_GOI_It.txt
Done. Wrote 1 verse(s); skipped 0.
ROM 2:23 request failed (The read operation timed out); retrying in 3s (1/5)
ROM 2:24  wrote 045_ROM_002_024_GOI_It.txt
Done. Wrote 1 verse(s); skipped 0.
ROM 2:25  wrote 045_ROM_002_025_GOI_It.txt
Done. Wrote 1 verse(s); skipped 0.
ROM 2:26  wrote 045_ROM_002_026_GOI_It.txt
Done. Wrote 1 verse(s); skipped 0.
ROM 2:27  wrote 045_ROM_002_027_GOI_It.txt
Done. Wrote 1 verse(s); skipped 0.
ROM 2:28  wrote 045_ROM_002_028_GOI_It.txt
Done. Wrote 1 verse(s); skipped 0.
ROM 2:29  wrote 045_ROM_002_029_GOI_It.txt
Done. Wrote 1 verse(s); skipped 0.
ROM 3:1  wrote 045_ROM_003_001_GOI_It.txt
ROM 3:2  wrote 045_ROM_003_002_GOI_It.txt
ROM 3:3  wrote 045_ROM_003_003_GOI_It.txt
ROM 3:4  wrote 045_ROM_003_004_GOI_It.txt
ROM 3:5  wrote 045_ROM_003_005_GOI_It.txt
ROM 3:6  wrote 045_ROM_003_006_GOI_It.txt
ROM 3:7  wrote 045_ROM_003_007_GOI_It.txt
ROM 3:8  wrote 045_ROM_003_008_GOI_It.txt
ROM 3:9  wrote 045_ROM_003_009_GOI_It.txt
ROM 3:10  wrote 045_ROM_003_010_GOI_It.txt
ROM 3:11  wrote 045_ROM_003_011_GOI_It.txt
ROM 3:12  wrote 045_ROM_003_012_GOI_It.txt
ROM 3:13  wrote 045_ROM_003_013_GOI_It.txt
ROM 3:14  wrote 045_ROM_003_014_GOI_It.txt
ROM 3:15  wrote 045_ROM_003_015_GOI_It.txt
ROM 3:16  wrote 045_ROM_003_016_GOI_It.txt
ROM 3:17  wrote 045_ROM_003_017_GOI_It.txt
ROM 3:18  wrote 045_ROM_003_018_GOI_It.txt
ROM 3:19  wrote 045_ROM_003_019_GOI_It.txt
ROM 3:20  wrote 045_ROM_003_020_GOI_It.txt
ROM 3:21  wrote 045_ROM_003_021_GOI_It.txt
ROM 3:22  wrote 045_ROM_003_022_GOI_It.txt
ROM 3:23  wrote 045_ROM_003_023_GOI_It.txt
ROM 3:24  wrote 045_ROM_003_024_GOI_It.txt
ROM 3:25  wrote 045_ROM_003_025_GOI_It.txt
ROM 3:26  wrote 045_ROM_003_026_GOI_It.txt
ROM 3:27  wrote 045_ROM_003_027_GOI_It.txt
ROM 3:28  wrote 045_ROM_003_028_GOI_It.txt
ROM 3:29  wrote 045_ROM_003_029_GOI_It.txt
ROM 3:30  wrote 045_ROM_003_030_GOI_It.txt
ROM 3:31  wrote 045_ROM_003_031_GOI_It.txt
Done. Wrote 31 verse(s); skipped 0.
ROM 4:1  wrote 045_ROM_004_001_GOI_It.txt
ROM 4:2  wrote 045_ROM_004_002_GOI_It.txt
ROM 4:3  wrote 045_ROM_004_003_GOI_It.txt
ROM 4:4  wrote 045_ROM_004_004_GOI_It.txt
ROM 4:5  wrote 045_ROM_004_005_GOI_It.txt
ROM 4:6  wrote 045_ROM_004_006_GOI_It.txt
ROM 4:7  wrote 045_ROM_004_007_GOI_It.txt
ROM 4:8  wrote 045_ROM_004_008_GOI_It.txt
ROM 4:9  wrote 045_ROM_004_009_GOI_It.txt
ROM 4:10  wrote 045_ROM_004_010_GOI_It.txt
ROM 4:11  wrote 045_ROM_004_011_GOI_It.txt
ROM 4:12  wrote 045_ROM_004_012_GOI_It.txt
Traceback (most recent call last):
  File "/home/albert/projects/bible/Meta_Bible_Data/Bible_Noun_Extraction/translate_verses.py", line 601, in <module>
    main()
    ~~~~^^
  File "/home/albert/projects/bible/Meta_Bible_Data/Bible_Noun_Extraction/translate_verses.py", line 577, in main
    raise RuntimeError(
    ...<2 lines>...
    )
RuntimeError: ROM 4:13: rejected before write; missing required noun anchors: ['seme']; candidate='Poiché non per la legge fu fatta la promessa ad Abramo o alla sua discendenza che sarebbe erede del mondo, ma per la giustizia della fede.\n'
ROM 4:1  skipped (already exists)
ROM 4:2  skipped (already exists)
ROM 4:3  skipped (already exists)
ROM 4:4  skipped (already exists)
ROM 4:5  skipped (already exists)
ROM 4:6  skipped (already exists)
ROM 4:7  skipped (already exists)
ROM 4:8  skipped (already exists)
ROM 4:9  skipped (already exists)
ROM 4:10  skipped (already exists)
ROM 4:11  skipped (already exists)
ROM 4:12  skipped (already exists)
Traceback (most recent call last):
  File "/home/albert/projects/bible/Meta_Bible_Data/Bible_Noun_Extraction/translate_verses.py", line 601, in <module>
    main()
    ~~~~^^
  File "/home/albert/projects/bible/Meta_Bible_Data/Bible_Noun_Extraction/translate_verses.py", line 577, in main
    raise RuntimeError(
    ...<2 lines>...
    )
RuntimeError: ROM 4:13: rejected before write; missing required noun anchors: ['seme']; candidate='Poiché non per la legge fu fatta la promessa ad Abramo o alla sua discendenza, che egli sarebbe erede del mondo, ma per la giustizia della fede.\n'
ROM 4:1  skipped (already exists)
ROM 4:2  skipped (already exists)
ROM 4:3  skipped (already exists)
ROM 4:4  skipped (already exists)
ROM 4:5  skipped (already exists)
ROM 4:6  skipped (already exists)
ROM 4:7  skipped (already exists)
ROM 4:8  skipped (already exists)
ROM 4:9  skipped (already exists)
ROM 4:10  skipped (already exists)
ROM 4:11  skipped (already exists)
ROM 4:12  skipped (already exists)
Traceback (most recent call last):
  File "/home/albert/projects/bible/Meta_Bible_Data/Bible_Noun_Extraction/translate_verses.py", line 601, in <module>
    main()
    ~~~~^^
  File "/home/albert/projects/bible/Meta_Bible_Data/Bible_Noun_Extraction/translate_verses.py", line 577, in main
    raise RuntimeError(
    ...<2 lines>...
    )
RuntimeError: ROM 4:13: rejected before write; missing required noun anchors: ['seme']; candidate='Poiché non per la legge fu fatta la promessa ad Abramo o alla sua discendenza, che sarebbe erede del mondo, ma per la giustizia della fede.\n'
ROM 4:14  wrote 045_ROM_004_014_GOI_It.txt
Done. Wrote 1 verse(s); skipped 0.
ROM 4:15  wrote 045_ROM_004_015_GOI_It.txt
Done. Wrote 1 verse(s); skipped 0.
ROM 4:16  wrote 045_ROM_004_016_GOI_It.txt
Done. Wrote 1 verse(s); skipped 0.
ROM 4:17  wrote 045_ROM_004_017_GOI_It.txt
Done. Wrote 1 verse(s); skipped 0.
ROM 4:18  wrote 045_ROM_004_018_GOI_It.txt
Done. Wrote 1 verse(s); skipped 0.
ROM 4:19  wrote 045_ROM_004_019_GOI_It.txt
Done. Wrote 1 verse(s); skipped 0.
ROM 4:20  wrote 045_ROM_004_020_GOI_It.txt
Done. Wrote 1 verse(s); skipped 0.
ROM 4:21  wrote 045_ROM_004_021_GOI_It.txt
Done. Wrote 1 verse(s); skipped 0.
ROM 4:22  wrote 045_ROM_004_022_GOI_It.txt
Done. Wrote 1 verse(s); skipped 0.
ROM 4:23  wrote 045_ROM_004_023_GOI_It.txt
Done. Wrote 1 verse(s); skipped 0.
ROM 4:24  wrote 045_ROM_004_024_GOI_It.txt
Done. Wrote 1 verse(s); skipped 0.
ROM 4:25  wrote 045_ROM_004_025_GOI_It.txt
Done. Wrote 1 verse(s); skipped 0.
ROM 5:1  wrote 045_ROM_005_001_GOI_It.txt
ROM 5:2  wrote 045_ROM_005_002_GOI_It.txt
ROM 5:3  wrote 045_ROM_005_003_GOI_It.txt
ROM 5:4  wrote 045_ROM_005_004_GOI_It.txt
ROM 5:5  wrote 045_ROM_005_005_GOI_It.txt
ROM 5:6  wrote 045_ROM_005_006_GOI_It.txt
ROM 5:7  wrote 045_ROM_005_007_GOI_It.txt
ROM 5:8  wrote 045_ROM_005_008_GOI_It.txt
ROM 5:9  wrote 045_ROM_005_009_GOI_It.txt
ROM 5:10  wrote 045_ROM_005_010_GOI_It.txt
ROM 5:11  wrote 045_ROM_005_011_GOI_It.txt
ROM 5:12  wrote 045_ROM_005_012_GOI_It.txt
ROM 5:13  wrote 045_ROM_005_013_GOI_It.txt
ROM 5:14  wrote 045_ROM_005_014_GOI_It.txt
ROM 5:15  wrote 045_ROM_005_015_GOI_It.txt
ROM 5:16  wrote 045_ROM_005_016_GOI_It.txt
ROM 5:17  wrote 045_ROM_005_017_GOI_It.txt
ROM 5:18  wrote 045_ROM_005_018_GOI_It.txt
ROM 5:19  wrote 045_ROM_005_019_GOI_It.txt
ROM 5:20  wrote 045_ROM_005_020_GOI_It.txt
ROM 5:21  wrote 045_ROM_005_021_GOI_It.txt
Done. Wrote 21 verse(s); skipped 0.
ROM 6:1  wrote 045_ROM_006_001_GOI_It.txt
ROM 6:2  wrote 045_ROM_006_002_GOI_It.txt
ROM 6:3  wrote 045_ROM_006_003_GOI_It.txt
ROM 6:4  wrote 045_ROM_006_004_GOI_It.txt
ROM 6:5  wrote 045_ROM_006_005_GOI_It.txt
ROM 6:6  wrote 045_ROM_006_006_GOI_It.txt
ROM 6:7  wrote 045_ROM_006_007_GOI_It.txt
ROM 6:8  wrote 045_ROM_006_008_GOI_It.txt
ROM 6:9  wrote 045_ROM_006_009_GOI_It.txt
ROM 6:10  wrote 045_ROM_006_010_GOI_It.txt
ROM 6:11  wrote 045_ROM_006_011_GOI_It.txt
ROM 6:12  wrote 045_ROM_006_012_GOI_It.txt
ROM 6:13  wrote 045_ROM_006_013_GOI_It.txt
ROM 6:14  wrote 045_ROM_006_014_GOI_It.txt
ROM 6:15  wrote 045_ROM_006_015_GOI_It.txt
ROM 6:16  wrote 045_ROM_006_016_GOI_It.txt
ROM 6:17  wrote 045_ROM_006_017_GOI_It.txt
ROM 6:18  wrote 045_ROM_006_018_GOI_It.txt
ROM 6:19  wrote 045_ROM_006_019_GOI_It.txt
ROM 6:20  wrote 045_ROM_006_020_GOI_It.txt
ROM 6:21  wrote 045_ROM_006_021_GOI_It.txt
ROM 6:22  wrote 045_ROM_006_022_GOI_It.txt
ROM 6:23  wrote 045_ROM_006_023_GOI_It.txt
Done. Wrote 23 verse(s); skipped 0.
ROM 7:1  wrote 045_ROM_007_001_GOI_It.txt
ROM 7:2  wrote 045_ROM_007_002_GOI_It.txt
ROM 7:3  wrote 045_ROM_007_003_GOI_It.txt
ROM 7:4  wrote 045_ROM_007_004_GOI_It.txt
ROM 7:5  wrote 045_ROM_007_005_GOI_It.txt
ROM 7:6  wrote 045_ROM_007_006_GOI_It.txt
ROM 7:7  wrote 045_ROM_007_007_GOI_It.txt
ROM 7:8  wrote 045_ROM_007_008_GOI_It.txt
ROM 7:9  wrote 045_ROM_007_009_GOI_It.txt
ROM 7:10  wrote 045_ROM_007_010_GOI_It.txt
ROM 7:11  wrote 045_ROM_007_011_GOI_It.txt
ROM 7:12  wrote 045_ROM_007_012_GOI_It.txt
ROM 7:13  wrote 045_ROM_007_013_GOI_It.txt
ROM 7:14  wrote 045_ROM_007_014_GOI_It.txt
ROM 7:15  wrote 045_ROM_007_015_GOI_It.txt
ROM 7:16  wrote 045_ROM_007_016_GOI_It.txt
ROM 7:17  wrote 045_ROM_007_017_GOI_It.txt
ROM 7:18  wrote 045_ROM_007_018_GOI_It.txt
ROM 7:19  wrote 045_ROM_007_019_GOI_It.txt
ROM 7:20  wrote 045_ROM_007_020_GOI_It.txt
ROM 7:21  wrote 045_ROM_007_021_GOI_It.txt
ROM 7:22  wrote 045_ROM_007_022_GOI_It.txt
ROM 7:23  wrote 045_ROM_007_023_GOI_It.txt
ROM 7:24  wrote 045_ROM_007_024_GOI_It.txt
ROM 7:25  wrote 045_ROM_007_025_GOI_It.txt
Done. Wrote 25 verse(s); skipped 0.
ROM 8:1  wrote 045_ROM_008_001_GOI_It.txt
ROM 8:2  wrote 045_ROM_008_002_GOI_It.txt
ROM 8:3  wrote 045_ROM_008_003_GOI_It.txt
ROM 8:4  wrote 045_ROM_008_004_GOI_It.txt
ROM 8:5  wrote 045_ROM_008_005_GOI_It.txt
ROM 8:6  wrote 045_ROM_008_006_GOI_It.txt
ROM 8:7  wrote 045_ROM_008_007_GOI_It.txt
ROM 8:8  wrote 045_ROM_008_008_GOI_It.txt
ROM 8:9  wrote 045_ROM_008_009_GOI_It.txt
ROM 8:10  wrote 045_ROM_008_010_GOI_It.txt
ROM 8:11  wrote 045_ROM_008_011_GOI_It.txt
ROM 8:12  wrote 045_ROM_008_012_GOI_It.txt
ROM 8:13  wrote 045_ROM_008_013_GOI_It.txt
ROM 8:14  wrote 045_ROM_008_014_GOI_It.txt
ROM 8:15  wrote 045_ROM_008_015_GOI_It.txt
ROM 8:16  wrote 045_ROM_008_016_GOI_It.txt
ROM 8:17  wrote 045_ROM_008_017_GOI_It.txt
ROM 8:18  wrote 045_ROM_008_018_GOI_It.txt
ROM 8:19  wrote 045_ROM_008_019_GOI_It.txt
ROM 8:20  wrote 045_ROM_008_020_GOI_It.txt
ROM 8:21  wrote 045_ROM_008_021_GOI_It.txt
ROM 8:22  wrote 045_ROM_008_022_GOI_It.txt
ROM 8:23  wrote 045_ROM_008_023_GOI_It.txt
ROM 8:24  wrote 045_ROM_008_024_GOI_It.txt
ROM 8:25  wrote 045_ROM_008_025_GOI_It.txt
ROM 8:26  wrote 045_ROM_008_026_GOI_It.txt
ROM 8:27  wrote 045_ROM_008_027_GOI_It.txt
ROM 8:28  wrote 045_ROM_008_028_GOI_It.txt
ROM 8:29  wrote 045_ROM_008_029_GOI_It.txt
ROM 8:30  wrote 045_ROM_008_030_GOI_It.txt
ROM 8:31  wrote 045_ROM_008_031_GOI_It.txt
ROM 8:32  wrote 045_ROM_008_032_GOI_It.txt
ROM 8:33  wrote 045_ROM_008_033_GOI_It.txt
ROM 8:34  wrote 045_ROM_008_034_GOI_It.txt
ROM 8:35  wrote 045_ROM_008_035_GOI_It.txt
ROM 8:36  wrote 045_ROM_008_036_GOI_It.txt
ROM 8:37  wrote 045_ROM_008_037_GOI_It.txt
ROM 8:38  wrote 045_ROM_008_038_GOI_It.txt
ROM 8:39  wrote 045_ROM_008_039_GOI_It.txt
Done. Wrote 39 verse(s); skipped 0.
ROM 9:1  wrote 045_ROM_009_001_GOI_It.txt
ROM 9:2  wrote 045_ROM_009_002_GOI_It.txt
ROM 9:3  wrote 045_ROM_009_003_GOI_It.txt
ROM 9:4  wrote 045_ROM_009_004_GOI_It.txt
ROM 9:5  wrote 045_ROM_009_005_GOI_It.txt
ROM 9:6  wrote 045_ROM_009_006_GOI_It.txt
ROM 9:7  wrote 045_ROM_009_007_GOI_It.txt
ROM 9:8  wrote 045_ROM_009_008_GOI_It.txt
ROM 9:9  wrote 045_ROM_009_009_GOI_It.txt
ROM 9:10  wrote 045_ROM_009_010_GOI_It.txt
ROM 9:11  wrote 045_ROM_009_011_GOI_It.txt
ROM 9:12  wrote 045_ROM_009_012_GOI_It.txt
ROM 9:13  wrote 045_ROM_009_013_GOI_It.txt
ROM 9:14  wrote 045_ROM_009_014_GOI_It.txt
ROM 9:15  wrote 045_ROM_009_015_GOI_It.txt
ROM 9:16  wrote 045_ROM_009_016_GOI_It.txt
ROM 9:17  wrote 045_ROM_009_017_GOI_It.txt
ROM 9:18  wrote 045_ROM_009_018_GOI_It.txt
ROM 9:19  wrote 045_ROM_009_019_GOI_It.txt
ROM 9:20  wrote 045_ROM_009_020_GOI_It.txt
ROM 9:21  wrote 045_ROM_009_021_GOI_It.txt
ROM 9:22  wrote 045_ROM_009_022_GOI_It.txt
ROM 9:23  wrote 045_ROM_009_023_GOI_It.txt
ROM 9:24  wrote 045_ROM_009_024_GOI_It.txt
ROM 9:25  wrote 045_ROM_009_025_GOI_It.txt
ROM 9:26  wrote 045_ROM_009_026_GOI_It.txt
ROM 9:27  wrote 045_ROM_009_027_GOI_It.txt
ROM 9:28  wrote 045_ROM_009_028_GOI_It.txt
ROM 9:29  wrote 045_ROM_009_029_GOI_It.txt
Traceback (most recent call last):
  File "/home/albert/projects/bible/Meta_Bible_Data/Bible_Noun_Extraction/translate_verses.py", line 601, in <module>
    main()
    ~~~~^^
  File "/home/albert/projects/bible/Meta_Bible_Data/Bible_Noun_Extraction/translate_verses.py", line 577, in main
    raise RuntimeError(
    ...<2 lines>...
    )
RuntimeError: ROM 9:30: rejected before write; missing required noun anchors: ['gentile']; candidate='Che diremo dunque? Che le genti, che non perseguivano la giustizia, hanno raggiunto la giustizia, la giustizia che è dalla fede.\n'
ROM 9:1  skipped (already exists)
ROM 9:2  skipped (already exists)
ROM 9:3  skipped (already exists)
ROM 9:4  skipped (already exists)
ROM 9:5  skipped (already exists)
ROM 9:6  skipped (already exists)
ROM 9:7  skipped (already exists)
ROM 9:8  skipped (already exists)
ROM 9:9  skipped (already exists)
ROM 9:10  skipped (already exists)
ROM 9:11  skipped (already exists)
ROM 9:12  skipped (already exists)
ROM 9:13  skipped (already exists)
ROM 9:14  skipped (already exists)
ROM 9:15  skipped (already exists)
ROM 9:16  skipped (already exists)
ROM 9:17  skipped (already exists)
ROM 9:18  skipped (already exists)
ROM 9:19  skipped (already exists)
ROM 9:20  skipped (already exists)
ROM 9:21  skipped (already exists)
ROM 9:22  skipped (already exists)
ROM 9:23  skipped (already exists)
ROM 9:24  skipped (already exists)
ROM 9:25  skipped (already exists)
ROM 9:26  skipped (already exists)
ROM 9:27  skipped (already exists)
ROM 9:28  skipped (already exists)
ROM 9:29  skipped (already exists)
Traceback (most recent call last):
  File "/home/albert/projects/bible/Meta_Bible_Data/Bible_Noun_Extraction/translate_verses.py", line 601, in <module>
    main()
    ~~~~^^
  File "/home/albert/projects/bible/Meta_Bible_Data/Bible_Noun_Extraction/translate_verses.py", line 577, in main
    raise RuntimeError(
    ...<2 lines>...
    )
RuntimeError: ROM 9:30: rejected before write; missing required noun anchors: ['gentile']; candidate='Che diremo dunque? Che le genti, che non perseguivano la giustizia, hanno raggiunto la giustizia, la giustizia che è dalla fede.\n'
ROM 9:1  skipped (already exists)
ROM 9:2  skipped (already exists)
ROM 9:3  skipped (already exists)
ROM 9:4  skipped (already exists)
ROM 9:5  skipped (already exists)
ROM 9:6  skipped (already exists)
ROM 9:7  skipped (already exists)
ROM 9:8  skipped (already exists)
ROM 9:9  skipped (already exists)
ROM 9:10  skipped (already exists)
ROM 9:11  skipped (already exists)
ROM 9:12  skipped (already exists)
ROM 9:13  skipped (already exists)
ROM 9:14  skipped (already exists)
ROM 9:15  skipped (already exists)
ROM 9:16  skipped (already exists)
ROM 9:17  skipped (already exists)
ROM 9:18  skipped (already exists)
ROM 9:19  skipped (already exists)
ROM 9:20  skipped (already exists)
ROM 9:21  skipped (already exists)
ROM 9:22  skipped (already exists)
ROM 9:23  skipped (already exists)
ROM 9:24  skipped (already exists)
ROM 9:25  skipped (already exists)
ROM 9:26  skipped (already exists)
ROM 9:27  skipped (already exists)
ROM 9:28  skipped (already exists)
ROM 9:29  skipped (already exists)
ROM 9:30  wrote 045_ROM_009_030_GOI_It.txt
ROM 9:31  wrote 045_ROM_009_031_GOI_It.txt
ROM 9:32  wrote 045_ROM_009_032_GOI_It.txt
ROM 9:33  wrote 045_ROM_009_033_GOI_It.txt
Done. Wrote 4 verse(s); skipped 29.
ROM 10:1  wrote 045_ROM_010_001_GOI_It.txt
ROM 10:2  wrote 045_ROM_010_002_GOI_It.txt
ROM 10:3  wrote 045_ROM_010_003_GOI_It.txt
ROM 10:4  wrote 045_ROM_010_004_GOI_It.txt
ROM 10:5  wrote 045_ROM_010_005_GOI_It.txt
ROM 10:6  wrote 045_ROM_010_006_GOI_It.txt
ROM 10:7  wrote 045_ROM_010_007_GOI_It.txt
ROM 10:8  wrote 045_ROM_010_008_GOI_It.txt
ROM 10:9  wrote 045_ROM_010_009_GOI_It.txt
ROM 10:10  wrote 045_ROM_010_010_GOI_It.txt
ROM 10:11  wrote 045_ROM_010_011_GOI_It.txt
ROM 10:12  wrote 045_ROM_010_012_GOI_It.txt
ROM 10:13  wrote 045_ROM_010_013_GOI_It.txt
ROM 10:14  wrote 045_ROM_010_014_GOI_It.txt
ROM 10:15  wrote 045_ROM_010_015_GOI_It.txt
ROM 10:16  wrote 045_ROM_010_016_GOI_It.txt
ROM 10:17  wrote 045_ROM_010_017_GOI_It.txt
Traceback (most recent call last):
  File "/home/albert/projects/bible/Meta_Bible_Data/Bible_Noun_Extraction/translate_verses.py", line 601, in <module>
    main()
    ~~~~^^
  File "/home/albert/projects/bible/Meta_Bible_Data/Bible_Noun_Extraction/translate_verses.py", line 577, in main
    raise RuntimeError(
    ...<2 lines>...
    )
RuntimeError: ROM 10:18: rejected before write; missing required noun anchors: ['fine']; candidate='Ma dico: non hanno forse udito? Certamente, per tutta la terra è uscito il loro suono, e fino alle estremità del mondo le loro parole.\n'
ROM 10:1  skipped (already exists)
ROM 10:2  skipped (already exists)
ROM 10:3  skipped (already exists)
ROM 10:4  skipped (already exists)
ROM 10:5  skipped (already exists)
ROM 10:6  skipped (already exists)
ROM 10:7  skipped (already exists)
ROM 10:8  skipped (already exists)
ROM 10:9  skipped (already exists)
ROM 10:10  skipped (already exists)
ROM 10:11  skipped (already exists)
ROM 10:12  skipped (already exists)
ROM 10:13  skipped (already exists)
ROM 10:14  skipped (already exists)
ROM 10:15  skipped (already exists)
ROM 10:16  skipped (already exists)
ROM 10:17  skipped (already exists)
Traceback (most recent call last):
  File "/home/albert/projects/bible/Meta_Bible_Data/Bible_Noun_Extraction/translate_verses.py", line 601, in <module>
    main()
    ~~~~^^
  File "/home/albert/projects/bible/Meta_Bible_Data/Bible_Noun_Extraction/translate_verses.py", line 577, in main
    raise RuntimeError(
    ...<2 lines>...
    )
RuntimeError: ROM 10:18: rejected before write; missing required noun anchors: ['fine']; candidate='Ma io dico: non hanno forse udito? Certamente, per tutta la terra è uscito il loro suono, e fino alle estremità del mondo le loro parole.\n'
ROM 10:1  skipped (already exists)
ROM 10:2  skipped (already exists)
ROM 10:3  skipped (already exists)
ROM 10:4  skipped (already exists)
ROM 10:5  skipped (already exists)
ROM 10:6  skipped (already exists)
ROM 10:7  skipped (already exists)
ROM 10:8  skipped (already exists)
ROM 10:9  skipped (already exists)
ROM 10:10  skipped (already exists)
ROM 10:11  skipped (already exists)
ROM 10:12  skipped (already exists)
ROM 10:13  skipped (already exists)
ROM 10:14  skipped (already exists)
ROM 10:15  skipped (already exists)
ROM 10:16  skipped (already exists)
ROM 10:17  skipped (already exists)
Traceback (most recent call last):
  File "/home/albert/projects/bible/Meta_Bible_Data/Bible_Noun_Extraction/translate_verses.py", line 601, in <module>
    main()
    ~~~~^^
  File "/home/albert/projects/bible/Meta_Bible_Data/Bible_Noun_Extraction/translate_verses.py", line 577, in main
    raise RuntimeError(
    ...<2 lines>...
    )
RuntimeError: ROM 10:18: rejected before write; missing required noun anchors: ['fine']; candidate='Ma dico: non hanno forse udito? Certamente per tutta la terra è uscito il loro suono, e fino alle estremità del mondo le loro parole.\n'
ROM 10:19  wrote 045_ROM_010_019_GOI_It.txt
Done. Wrote 1 verse(s); skipped 0.
ROM 10:20  wrote 045_ROM_010_020_GOI_It.txt
Done. Wrote 1 verse(s); skipped 0.
ROM 10:21  wrote 045_ROM_010_021_GOI_It.txt
Done. Wrote 1 verse(s); skipped 0.
ROM 11:1  wrote 045_ROM_011_001_GOI_It.txt
ROM 11:2  wrote 045_ROM_011_002_GOI_It.txt
ROM 11:3  wrote 045_ROM_011_003_GOI_It.txt
ROM 11:4  wrote 045_ROM_011_004_GOI_It.txt
ROM 11:5  wrote 045_ROM_011_005_GOI_It.txt
ROM 11:6  wrote 045_ROM_011_006_GOI_It.txt
ROM 11:7  wrote 045_ROM_011_007_GOI_It.txt
ROM 11:8  wrote 045_ROM_011_008_GOI_It.txt
ROM 11:9  wrote 045_ROM_011_009_GOI_It.txt
ROM 11:10  wrote 045_ROM_011_010_GOI_It.txt
ROM 11:11  wrote 045_ROM_011_011_GOI_It.txt
ROM 11:12  wrote 045_ROM_011_012_GOI_It.txt
ROM 11:13  wrote 045_ROM_011_013_GOI_It.txt
ROM 11:14  wrote 045_ROM_011_014_GOI_It.txt
ROM 11:15  wrote 045_ROM_011_015_GOI_It.txt
ROM 11:16  wrote 045_ROM_011_016_GOI_It.txt
ROM 11:17  wrote 045_ROM_011_017_GOI_It.txt
ROM 11:18  wrote 045_ROM_011_018_GOI_It.txt
ROM 11:19  wrote 045_ROM_011_019_GOI_It.txt
ROM 11:20  wrote 045_ROM_011_020_GOI_It.txt
Traceback (most recent call last):
  File "/home/albert/projects/bible/Meta_Bible_Data/Bible_Noun_Extraction/translate_verses.py", line 601, in <module>
    main()
    ~~~~^^
  File "/home/albert/projects/bible/Meta_Bible_Data/Bible_Noun_Extraction/translate_verses.py", line 577, in main
    raise RuntimeError(
    ...<2 lines>...
    )
RuntimeError: ROM 11:21: rejected before write; missing required noun anchors: ['natura']; candidate='Se infatti Dio non risparmiò i rami naturali, temi che non risparmi nemmeno te.\n'
ROM 11:1  skipped (already exists)
ROM 11:2  skipped (already exists)
ROM 11:3  skipped (already exists)
ROM 11:4  skipped (already exists)
ROM 11:5  skipped (already exists)
ROM 11:6  skipped (already exists)
ROM 11:7  skipped (already exists)
ROM 11:8  skipped (already exists)
ROM 11:9  skipped (already exists)
ROM 11:10  skipped (already exists)
ROM 11:11  skipped (already exists)
ROM 11:12  skipped (already exists)
ROM 11:13  skipped (already exists)
ROM 11:14  skipped (already exists)
ROM 11:15  skipped (already exists)
ROM 11:16  skipped (already exists)
ROM 11:17  skipped (already exists)
ROM 11:18  skipped (already exists)
ROM 11:19  skipped (already exists)
ROM 11:20  skipped (already exists)
Traceback (most recent call last):
  File "/home/albert/projects/bible/Meta_Bible_Data/Bible_Noun_Extraction/translate_verses.py", line 601, in <module>
    main()
    ~~~~^^
  File "/home/albert/projects/bible/Meta_Bible_Data/Bible_Noun_Extraction/translate_verses.py", line 577, in main
    raise RuntimeError(
    ...<2 lines>...
    )
RuntimeError: ROM 11:21: rejected before write; missing required noun anchors: ['natura']; candidate='Se infatti Dio non risparmiò i rami naturali, temi che non risparmi nemmeno te.\n'
ROM 11:1  skipped (already exists)
ROM 11:2  skipped (already exists)
ROM 11:3  skipped (already exists)
ROM 11:4  skipped (already exists)
ROM 11:5  skipped (already exists)
ROM 11:6  skipped (already exists)
ROM 11:7  skipped (already exists)
ROM 11:8  skipped (already exists)
ROM 11:9  skipped (already exists)
ROM 11:10  skipped (already exists)
ROM 11:11  skipped (already exists)
ROM 11:12  skipped (already exists)
ROM 11:13  skipped (already exists)
ROM 11:14  skipped (already exists)
ROM 11:15  skipped (already exists)
ROM 11:16  skipped (already exists)
ROM 11:17  skipped (already exists)
ROM 11:18  skipped (already exists)
ROM 11:19  skipped (already exists)
ROM 11:20  skipped (already exists)
Traceback (most recent call last):
  File "/home/albert/projects/bible/Meta_Bible_Data/Bible_Noun_Extraction/translate_verses.py", line 601, in <module>
    main()
    ~~~~^^
  File "/home/albert/projects/bible/Meta_Bible_Data/Bible_Noun_Extraction/translate_verses.py", line 577, in main
    raise RuntimeError(
    ...<2 lines>...
    )
RuntimeError: ROM 11:21: rejected before write; missing required noun anchors: ['natura']; candidate='Se infatti Dio non risparmiò i rami naturali, temi che non risparmi nemmeno te.\n'
ROM 11:22  wrote 045_ROM_011_022_GOI_It.txt
Done. Wrote 1 verse(s); skipped 0.
ROM 11:23  wrote 045_ROM_011_023_GOI_It.txt
Done. Wrote 1 verse(s); skipped 0.
ROM 11:24  wrote 045_ROM_011_024_GOI_It.txt
Done. Wrote 1 verse(s); skipped 0.
ROM 11:25  wrote 045_ROM_011_025_GOI_It.txt
Done. Wrote 1 verse(s); skipped 0.
ROM 11:26  wrote 045_ROM_011_026_GOI_It.txt
Done. Wrote 1 verse(s); skipped 0.
ROM 11:27  wrote 045_ROM_011_027_GOI_It.txt
Done. Wrote 1 verse(s); skipped 0.
ROM 11:28  wrote 045_ROM_011_028_GOI_It.txt
Done. Wrote 1 verse(s); skipped 0.
ROM 11:29  wrote 045_ROM_011_029_GOI_It.txt
Done. Wrote 1 verse(s); skipped 0.
ROM 11:30  wrote 045_ROM_011_030_GOI_It.txt
Done. Wrote 1 verse(s); skipped 0.
ROM 11:31  wrote 045_ROM_011_031_GOI_It.txt
Done. Wrote 1 verse(s); skipped 0.
ROM 11:32  wrote 045_ROM_011_032_GOI_It.txt
Done. Wrote 1 verse(s); skipped 0.
ROM 11:33  wrote 045_ROM_011_033_GOI_It.txt
Done. Wrote 1 verse(s); skipped 0.
ROM 11:34  wrote 045_ROM_011_034_GOI_It.txt
Done. Wrote 1 verse(s); skipped 0.
ROM 11:35  wrote 045_ROM_011_035_GOI_It.txt
Done. Wrote 1 verse(s); skipped 0.
ROM 11:36  wrote 045_ROM_011_036_GOI_It.txt
Done. Wrote 1 verse(s); skipped 0.
ROM 12:1  wrote 045_ROM_012_001_GOI_It.txt
ROM 12:2  wrote 045_ROM_012_002_GOI_It.txt
ROM 12:3  wrote 045_ROM_012_003_GOI_It.txt
ROM 12:4  wrote 045_ROM_012_004_GOI_It.txt
ROM 12:5  wrote 045_ROM_012_005_GOI_It.txt
ROM 12:6  wrote 045_ROM_012_006_GOI_It.txt
ROM 12:7  wrote 045_ROM_012_007_GOI_It.txt
ROM 12:8  wrote 045_ROM_012_008_GOI_It.txt
ROM 12:9  wrote 045_ROM_012_009_GOI_It.txt
ROM 12:10  wrote 045_ROM_012_010_GOI_It.txt
ROM 12:11  wrote 045_ROM_012_011_GOI_It.txt
ROM 12:12  wrote 045_ROM_012_012_GOI_It.txt
ROM 12:13  wrote 045_ROM_012_013_GOI_It.txt
ROM 12:14  wrote 045_ROM_012_014_GOI_It.txt
ROM 12:15  wrote 045_ROM_012_015_GOI_It.txt
ROM 12:16  wrote 045_ROM_012_016_GOI_It.txt
ROM 12:17  wrote 045_ROM_012_017_GOI_It.txt
ROM 12:18  wrote 045_ROM_012_018_GOI_It.txt
ROM 12:19  wrote 045_ROM_012_019_GOI_It.txt
ROM 12:20  wrote 045_ROM_012_020_GOI_It.txt
ROM 12:21  wrote 045_ROM_012_021_GOI_It.txt
Done. Wrote 21 verse(s); skipped 0.
ROM 13:1  wrote 045_ROM_013_001_GOI_It.txt
ROM 13:2  wrote 045_ROM_013_002_GOI_It.txt
ROM 13:3  wrote 045_ROM_013_003_GOI_It.txt
ROM 13:4  wrote 045_ROM_013_004_GOI_It.txt
ROM 13:5  wrote 045_ROM_013_005_GOI_It.txt
ROM 13:6  wrote 045_ROM_013_006_GOI_It.txt
Traceback (most recent call last):
  File "/home/albert/projects/bible/Meta_Bible_Data/Bible_Noun_Extraction/translate_verses.py", line 601, in <module>
    main()
    ~~~~^^
  File "/home/albert/projects/bible/Meta_Bible_Data/Bible_Noun_Extraction/translate_verses.py", line 577, in main
    raise RuntimeError(
    ...<2 lines>...
    )
RuntimeError: ROM 13:7: rejected before write; missing required noun anchors: ['debito']; candidate="Rendete a tutti ciò che è dovuto: a chi il tributo, il tributo; a chi il tributo, il tributo; a chi il timore, il timore; a chi l'onore, l'onore.\n"
ROM 13:1  skipped (already exists)
ROM 13:2  skipped (already exists)
ROM 13:3  skipped (already exists)
ROM 13:4  skipped (already exists)
ROM 13:5  skipped (already exists)
ROM 13:6  skipped (already exists)
Traceback (most recent call last):
  File "/home/albert/projects/bible/Meta_Bible_Data/Bible_Noun_Extraction/translate_verses.py", line 601, in <module>
    main()
    ~~~~^^
  File "/home/albert/projects/bible/Meta_Bible_Data/Bible_Noun_Extraction/translate_verses.py", line 577, in main
    raise RuntimeError(
    ...<2 lines>...
    )
RuntimeError: ROM 13:7: rejected before write; missing required noun anchors: ['debito']; candidate="Rendete a tutti ciò che è dovuto: a chi il tributo, il tributo; a chi il tributo, il tributo; a chi il timore, il timore; a chi l'onore, l'onore.\n"
ROM 13:1  skipped (already exists)
ROM 13:2  skipped (already exists)
ROM 13:3  skipped (already exists)
ROM 13:4  skipped (already exists)
ROM 13:5  skipped (already exists)
ROM 13:6  skipped (already exists)
Traceback (most recent call last):
  File "/home/albert/projects/bible/Meta_Bible_Data/Bible_Noun_Extraction/translate_verses.py", line 601, in <module>
    main()
    ~~~~^^
  File "/home/albert/projects/bible/Meta_Bible_Data/Bible_Noun_Extraction/translate_verses.py", line 577, in main
    raise RuntimeError(
    ...<2 lines>...
    )
RuntimeError: ROM 13:7: rejected before write; missing required noun anchors: ['debito']; candidate="Rendete a tutti ciò che è dovuto: a chi il tributo, il tributo; a chi il tributo, il tributo; a chi il timore, il timore; a chi l'onore, l'onore.\n"
ROM 13:8  wrote 045_ROM_013_008_GOI_It.txt
Done. Wrote 1 verse(s); skipped 0.
ROM 13:9  wrote 045_ROM_013_009_GOI_It.txt
Done. Wrote 1 verse(s); skipped 0.
ROM 13:10  wrote 045_ROM_013_010_GOI_It.txt
Done. Wrote 1 verse(s); skipped 0.
ROM 13:11  wrote 045_ROM_013_011_GOI_It.txt
Done. Wrote 1 verse(s); skipped 0.
ROM 13:12  wrote 045_ROM_013_012_GOI_It.txt
Done. Wrote 1 verse(s); skipped 0.
ROM 13:13  wrote 045_ROM_013_013_GOI_It.txt
Done. Wrote 1 verse(s); skipped 0.
ROM 13:14  wrote 045_ROM_013_014_GOI_It.txt
Done. Wrote 1 verse(s); skipped 0.
ROM 14:1  wrote 045_ROM_014_001_GOI_It.txt
ROM 14:2  wrote 045_ROM_014_002_GOI_It.txt
ROM 14:3  wrote 045_ROM_014_003_GOI_It.txt
ROM 14:4  wrote 045_ROM_014_004_GOI_It.txt
ROM 14:5  wrote 045_ROM_014_005_GOI_It.txt
ROM 14:6  wrote 045_ROM_014_006_GOI_It.txt
ROM 14:7  wrote 045_ROM_014_007_GOI_It.txt
ROM 14:8  wrote 045_ROM_014_008_GOI_It.txt
ROM 14:9  wrote 045_ROM_014_009_GOI_It.txt
ROM 14:10  wrote 045_ROM_014_010_GOI_It.txt
ROM 14:11  wrote 045_ROM_014_011_GOI_It.txt
ROM 14:12  wrote 045_ROM_014_012_GOI_It.txt
ROM 14:13  wrote 045_ROM_014_013_GOI_It.txt
ROM 14:14  wrote 045_ROM_014_014_GOI_It.txt
ROM 14:15  wrote 045_ROM_014_015_GOI_It.txt
ROM 14:16  wrote 045_ROM_014_016_GOI_It.txt
ROM 14:17  wrote 045_ROM_014_017_GOI_It.txt
ROM 14:18  wrote 045_ROM_014_018_GOI_It.txt
ROM 14:19  wrote 045_ROM_014_019_GOI_It.txt
ROM 14:20  wrote 045_ROM_014_020_GOI_It.txt
ROM 14:21  wrote 045_ROM_014_021_GOI_It.txt
ROM 14:22  wrote 045_ROM_014_022_GOI_It.txt
ROM 14:23  wrote 045_ROM_014_023_GOI_It.txt
Done. Wrote 23 verse(s); skipped 0.
ROM 15:1  wrote 045_ROM_015_001_GOI_It.txt
ROM 15:2  wrote 045_ROM_015_002_GOI_It.txt
ROM 15:3  wrote 045_ROM_015_003_GOI_It.txt
ROM 15:4  wrote 045_ROM_015_004_GOI_It.txt
ROM 15:5  wrote 045_ROM_015_005_GOI_It.txt
ROM 15:6  wrote 045_ROM_015_006_GOI_It.txt
ROM 15:7  wrote 045_ROM_015_007_GOI_It.txt
ROM 15:8  wrote 045_ROM_015_008_GOI_It.txt
ROM 15:9  wrote 045_ROM_015_009_GOI_It.txt
ROM 15:10  wrote 045_ROM_015_010_GOI_It.txt
Traceback (most recent call last):
  File "/home/albert/projects/bible/Meta_Bible_Data/Bible_Noun_Extraction/translate_verses.py", line 601, in <module>
    main()
    ~~~~^^
  File "/home/albert/projects/bible/Meta_Bible_Data/Bible_Noun_Extraction/translate_verses.py", line 577, in main
    raise RuntimeError(
    ...<2 lines>...
    )
RuntimeError: ROM 15:11: rejected before write; missing required noun anchors: ['gentile']; candidate='E ancora: lodate il Signore, tutte le genti, e lodatelo, tutti i popoli.\n'
ROM 15:1  skipped (already exists)
ROM 15:2  skipped (already exists)
ROM 15:3  skipped (already exists)
ROM 15:4  skipped (already exists)
ROM 15:5  skipped (already exists)
ROM 15:6  skipped (already exists)
ROM 15:7  skipped (already exists)
ROM 15:8  skipped (already exists)
ROM 15:9  skipped (already exists)
ROM 15:10  skipped (already exists)
Traceback (most recent call last):
  File "/home/albert/projects/bible/Meta_Bible_Data/Bible_Noun_Extraction/translate_verses.py", line 601, in <module>
    main()
    ~~~~^^
  File "/home/albert/projects/bible/Meta_Bible_Data/Bible_Noun_Extraction/translate_verses.py", line 577, in main
    raise RuntimeError(
    ...<2 lines>...
    )
RuntimeError: ROM 15:11: rejected before write; missing required noun anchors: ['gentile']; candidate='E ancora: lodate il Signore, tutte le genti, e lodatelo, tutti i popoli.\n'
ROM 15:1  skipped (already exists)
ROM 15:2  skipped (already exists)
ROM 15:3  skipped (already exists)
ROM 15:4  skipped (already exists)
ROM 15:5  skipped (already exists)
ROM 15:6  skipped (already exists)
ROM 15:7  skipped (already exists)
ROM 15:8  skipped (already exists)
ROM 15:9  skipped (already exists)
ROM 15:10  skipped (already exists)
Traceback (most recent call last):
  File "/home/albert/projects/bible/Meta_Bible_Data/Bible_Noun_Extraction/translate_verses.py", line 601, in <module>
    main()
    ~~~~^^
  File "/home/albert/projects/bible/Meta_Bible_Data/Bible_Noun_Extraction/translate_verses.py", line 577, in main
    raise RuntimeError(
    ...<2 lines>...
    )
RuntimeError: ROM 15:11: rejected before write; missing required noun anchors: ['gentile']; candidate='E ancora: lodate il Signore, tutte le genti, e lodatelo, tutti i popoli.\n'
Traceback (most recent call last):
  File "/home/albert/projects/bible/Meta_Bible_Data/Bible_Noun_Extraction/translate_verses.py", line 601, in <module>
    main()
    ~~~~^^
  File "/home/albert/projects/bible/Meta_Bible_Data/Bible_Noun_Extraction/translate_verses.py", line 577, in main
    raise RuntimeError(
    ...<2 lines>...
    )
RuntimeError: ROM 15:12: rejected before write; missing required noun anchors: ['gentile']; candidate='E ancora Isaia dice: sarà la radice di Iesse, e colui che sorge per governare le nazioni; in lui le genti spereranno.\n'
ROM 15:13  wrote 045_ROM_015_013_GOI_It.txt
Done. Wrote 1 verse(s); skipped 0.
ROM 15:14  wrote 045_ROM_015_014_GOI_It.txt
Done. Wrote 1 verse(s); skipped 0.
ROM 15:15  wrote 045_ROM_015_015_GOI_It.txt
Done. Wrote 1 verse(s); skipped 0.
ROM 15:16  wrote 045_ROM_015_016_GOI_It.txt
Done. Wrote 1 verse(s); skipped 0.
ROM 15:17  wrote 045_ROM_015_017_GOI_It.txt
Done. Wrote 1 verse(s); skipped 0.
ROM 15:18  wrote 045_ROM_015_018_GOI_It.txt
Done. Wrote 1 verse(s); skipped 0.
ROM 15:19  wrote 045_ROM_015_019_GOI_It.txt
Done. Wrote 1 verse(s); skipped 0.
ROM 15:20  wrote 045_ROM_015_020_GOI_It.txt
Done. Wrote 1 verse(s); skipped 0.
ROM 15:21  wrote 045_ROM_015_021_GOI_It.txt
Done. Wrote 1 verse(s); skipped 0.
ROM 15:22  wrote 045_ROM_015_022_GOI_It.txt
Done. Wrote 1 verse(s); skipped 0.
ROM 15:23  wrote 045_ROM_015_023_GOI_It.txt
Done. Wrote 1 verse(s); skipped 0.
ROM 15:24  wrote 045_ROM_015_024_GOI_It.txt
Done. Wrote 1 verse(s); skipped 0.
ROM 15:25  wrote 045_ROM_015_025_GOI_It.txt
Done. Wrote 1 verse(s); skipped 0.
ROM 15:26  wrote 045_ROM_015_026_GOI_It.txt
Done. Wrote 1 verse(s); skipped 0.
ROM 15:27  wrote 045_ROM_015_027_GOI_It.txt
Done. Wrote 1 verse(s); skipped 0.
ROM 15:28  wrote 045_ROM_015_028_GOI_It.txt
Done. Wrote 1 verse(s); skipped 0.
ROM 15:29  wrote 045_ROM_015_029_GOI_It.txt
Done. Wrote 1 verse(s); skipped 0.
ROM 15:30  wrote 045_ROM_015_030_GOI_It.txt
Done. Wrote 1 verse(s); skipped 0.
ROM 15:31  wrote 045_ROM_015_031_GOI_It.txt
Done. Wrote 1 verse(s); skipped 0.
ROM 15:32  wrote 045_ROM_015_032_GOI_It.txt
Done. Wrote 1 verse(s); skipped 0.
ROM 15:33  wrote 045_ROM_015_033_GOI_It.txt
Done. Wrote 1 verse(s); skipped 0.
ROM 15:12  wrote 045_ROM_015_012_GOI_It.txt
Done. Wrote 1 verse(s); skipped 0.
ROM 16:1  wrote 045_ROM_016_001_GOI_It.txt
ROM 16:2  wrote 045_ROM_016_002_GOI_It.txt
ROM 16:3  wrote 045_ROM_016_003_GOI_It.txt
ROM 16:4  wrote 045_ROM_016_004_GOI_It.txt
ROM 16:5  wrote 045_ROM_016_005_GOI_It.txt
ROM 16:6  wrote 045_ROM_016_006_GOI_It.txt
ROM 16:7  wrote 045_ROM_016_007_GOI_It.txt
ROM 16:8  wrote 045_ROM_016_008_GOI_It.txt
ROM 16:9  wrote 045_ROM_016_009_GOI_It.txt
ROM 16:10  wrote 045_ROM_016_010_GOI_It.txt
ROM 16:11  wrote 045_ROM_016_011_GOI_It.txt
ROM 16:12  wrote 045_ROM_016_012_GOI_It.txt
ROM 16:13  wrote 045_ROM_016_013_GOI_It.txt
ROM 16:14  wrote 045_ROM_016_014_GOI_It.txt
ROM 16:15  wrote 045_ROM_016_015_GOI_It.txt
ROM 16:16  wrote 045_ROM_016_016_GOI_It.txt
ROM 16:17  wrote 045_ROM_016_017_GOI_It.txt
ROM 16:18  wrote 045_ROM_016_018_GOI_It.txt
ROM 16:19  wrote 045_ROM_016_019_GOI_It.txt
ROM 16:20  wrote 045_ROM_016_020_GOI_It.txt
ROM 16:21  wrote 045_ROM_016_021_GOI_It.txt
ROM 16:22  wrote 045_ROM_016_022_GOI_It.txt
ROM 16:23  wrote 045_ROM_016_023_GOI_It.txt
ROM 16:24  wrote 045_ROM_016_024_GOI_It.txt
ROM 16:25  wrote 045_ROM_016_025_GOI_It.txt
ROM 16:26  wrote 045_ROM_016_026_GOI_It.txt
ROM 16:27  wrote 045_ROM_016_027_GOI_It.txt
Done. Wrote 27 verse(s); skipped 0.
1CO 1:1  wrote 046_1CO_001_001_GOI_It.txt
1CO 1:2  wrote 046_1CO_001_002_GOI_It.txt
1CO 1:3  wrote 046_1CO_001_003_GOI_It.txt
1CO 1:4  wrote 046_1CO_001_004_GOI_It.txt
1CO 1:5  wrote 046_1CO_001_005_GOI_It.txt
1CO 1:6  wrote 046_1CO_001_006_GOI_It.txt
1CO 1:7  wrote 046_1CO_001_007_GOI_It.txt
1CO 1:8  wrote 046_1CO_001_008_GOI_It.txt
1CO 1:9  wrote 046_1CO_001_009_GOI_It.txt
1CO 1:10  wrote 046_1CO_001_010_GOI_It.txt
1CO 1:11  wrote 046_1CO_001_011_GOI_It.txt
1CO 1:12  wrote 046_1CO_001_012_GOI_It.txt
1CO 1:13  wrote 046_1CO_001_013_GOI_It.txt
1CO 1:14  wrote 046_1CO_001_014_GOI_It.txt
1CO 1:15  wrote 046_1CO_001_015_GOI_It.txt
1CO 1:16  wrote 046_1CO_001_016_GOI_It.txt
1CO 1:17  wrote 046_1CO_001_017_GOI_It.txt
1CO 1:18  wrote 046_1CO_001_018_GOI_It.txt
1CO 1:19  wrote 046_1CO_001_019_GOI_It.txt
1CO 1:20  wrote 046_1CO_001_020_GOI_It.txt
1CO 1:21  wrote 046_1CO_001_021_GOI_It.txt
1CO 1:22  wrote 046_1CO_001_022_GOI_It.txt
1CO 1:23  wrote 046_1CO_001_023_GOI_It.txt
1CO 1:24  wrote 046_1CO_001_024_GOI_It.txt
1CO 1:25  wrote 046_1CO_001_025_GOI_It.txt
1CO 1:26  wrote 046_1CO_001_026_GOI_It.txt
1CO 1:27  wrote 046_1CO_001_027_GOI_It.txt
1CO 1:28  wrote 046_1CO_001_028_GOI_It.txt
1CO 1:29  wrote 046_1CO_001_029_GOI_It.txt
1CO 1:30  wrote 046_1CO_001_030_GOI_It.txt
1CO 1:31  wrote 046_1CO_001_031_GOI_It.txt
Done. Wrote 31 verse(s); skipped 0.
1CO 2:1  wrote 046_1CO_002_001_GOI_It.txt
1CO 2:2  wrote 046_1CO_002_002_GOI_It.txt
1CO 2:3  wrote 046_1CO_002_003_GOI_It.txt
1CO 2:4  wrote 046_1CO_002_004_GOI_It.txt
1CO 2:5  wrote 046_1CO_002_005_GOI_It.txt
1CO 2:6  wrote 046_1CO_002_006_GOI_It.txt
1CO 2:7  wrote 046_1CO_002_007_GOI_It.txt
1CO 2:8  wrote 046_1CO_002_008_GOI_It.txt
1CO 2:9  wrote 046_1CO_002_009_GOI_It.txt
1CO 2:10  wrote 046_1CO_002_010_GOI_It.txt
1CO 2:11  wrote 046_1CO_002_011_GOI_It.txt
1CO 2:12  wrote 046_1CO_002_012_GOI_It.txt
1CO 2:13  wrote 046_1CO_002_013_GOI_It.txt
1CO 2:14  wrote 046_1CO_002_014_GOI_It.txt
1CO 2:15  wrote 046_1CO_002_015_GOI_It.txt
1CO 2:16  wrote 046_1CO_002_016_GOI_It.txt
Done. Wrote 16 verse(s); skipped 0.
1CO 3:1  wrote 046_1CO_003_001_GOI_It.txt
1CO 3:2  wrote 046_1CO_003_002_GOI_It.txt
1CO 3:3  wrote 046_1CO_003_003_GOI_It.txt
1CO 3:4  wrote 046_1CO_003_004_GOI_It.txt
1CO 3:5  wrote 046_1CO_003_005_GOI_It.txt
1CO 3:6  wrote 046_1CO_003_006_GOI_It.txt
1CO 3:7  wrote 046_1CO_003_007_GOI_It.txt
1CO 3:8  wrote 046_1CO_003_008_GOI_It.txt
1CO 3:9  wrote 046_1CO_003_009_GOI_It.txt
1CO 3:10  wrote 046_1CO_003_010_GOI_It.txt
1CO 3:11  wrote 046_1CO_003_011_GOI_It.txt
1CO 3:12  wrote 046_1CO_003_012_GOI_It.txt
1CO 3:13  wrote 046_1CO_003_013_GOI_It.txt
1CO 3:14  wrote 046_1CO_003_014_GOI_It.txt
1CO 3:15  wrote 046_1CO_003_015_GOI_It.txt
1CO 3:16  wrote 046_1CO_003_016_GOI_It.txt
1CO 3:17  wrote 046_1CO_003_017_GOI_It.txt
1CO 3:18  wrote 046_1CO_003_018_GOI_It.txt
1CO 3:19  wrote 046_1CO_003_019_GOI_It.txt
1CO 3:20  wrote 046_1CO_003_020_GOI_It.txt
1CO 3:21  wrote 046_1CO_003_021_GOI_It.txt
1CO 3:22  wrote 046_1CO_003_022_GOI_It.txt
1CO 3:23  wrote 046_1CO_003_023_GOI_It.txt
Done. Wrote 23 verse(s); skipped 0.
1CO 4:1  wrote 046_1CO_004_001_GOI_It.txt
1CO 4:2  wrote 046_1CO_004_002_GOI_It.txt
1CO 4:3  wrote 046_1CO_004_003_GOI_It.txt
1CO 4:4  wrote 046_1CO_004_004_GOI_It.txt
1CO 4:5  wrote 046_1CO_004_005_GOI_It.txt
1CO 4:6  wrote 046_1CO_004_006_GOI_It.txt
1CO 4:7  wrote 046_1CO_004_007_GOI_It.txt
1CO 4:8  wrote 046_1CO_004_008_GOI_It.txt
1CO 4:9  wrote 046_1CO_004_009_GOI_It.txt
1CO 4:10  wrote 046_1CO_004_010_GOI_It.txt
1CO 4:11  wrote 046_1CO_004_011_GOI_It.txt
1CO 4:12  wrote 046_1CO_004_012_GOI_It.txt
1CO 4:13  wrote 046_1CO_004_013_GOI_It.txt
1CO 4:14  wrote 046_1CO_004_014_GOI_It.txt
1CO 4:15  wrote 046_1CO_004_015_GOI_It.txt
1CO 4:16  wrote 046_1CO_004_016_GOI_It.txt
1CO 4:17  wrote 046_1CO_004_017_GOI_It.txt
1CO 4:18  wrote 046_1CO_004_018_GOI_It.txt
1CO 4:19  wrote 046_1CO_004_019_GOI_It.txt
1CO 4:20  wrote 046_1CO_004_020_GOI_It.txt
1CO 4:21  wrote 046_1CO_004_021_GOI_It.txt
Done. Wrote 21 verse(s); skipped 0.
1CO 5:1  wrote 046_1CO_005_001_GOI_It.txt
1CO 5:2  wrote 046_1CO_005_002_GOI_It.txt
1CO 5:3  wrote 046_1CO_005_003_GOI_It.txt
1CO 5:4  wrote 046_1CO_005_004_GOI_It.txt
1CO 5:5  wrote 046_1CO_005_005_GOI_It.txt
1CO 5:6  wrote 046_1CO_005_006_GOI_It.txt
1CO 5:7  wrote 046_1CO_005_007_GOI_It.txt
1CO 5:8  wrote 046_1CO_005_008_GOI_It.txt
1CO 5:9  wrote 046_1CO_005_009_GOI_It.txt
1CO 5:10  wrote 046_1CO_005_010_GOI_It.txt
1CO 5:11  wrote 046_1CO_005_011_GOI_It.txt
1CO 5:12  wrote 046_1CO_005_012_GOI_It.txt
1CO 5:13  wrote 046_1CO_005_013_GOI_It.txt
Done. Wrote 13 verse(s); skipped 0.
1CO 6:1  wrote 046_1CO_006_001_GOI_It.txt
1CO 6:2  wrote 046_1CO_006_002_GOI_It.txt
1CO 6:3  wrote 046_1CO_006_003_GOI_It.txt
1CO 6:4  wrote 046_1CO_006_004_GOI_It.txt
1CO 6:5  wrote 046_1CO_006_005_GOI_It.txt
1CO 6:6  wrote 046_1CO_006_006_GOI_It.txt
1CO 6:7  wrote 046_1CO_006_007_GOI_It.txt
1CO 6:8  wrote 046_1CO_006_008_GOI_It.txt
1CO 6:9  wrote 046_1CO_006_009_GOI_It.txt
1CO 6:10  wrote 046_1CO_006_010_GOI_It.txt
1CO 6:11  wrote 046_1CO_006_011_GOI_It.txt
1CO 6:12  wrote 046_1CO_006_012_GOI_It.txt
1CO 6:13  wrote 046_1CO_006_013_GOI_It.txt
1CO 6:14  wrote 046_1CO_006_014_GOI_It.txt
1CO 6:15  wrote 046_1CO_006_015_GOI_It.txt
1CO 6:16  wrote 046_1CO_006_016_GOI_It.txt
1CO 6:17  wrote 046_1CO_006_017_GOI_It.txt
1CO 6:18  wrote 046_1CO_006_018_GOI_It.txt
1CO 6:19  wrote 046_1CO_006_019_GOI_It.txt
1CO 6:20  wrote 046_1CO_006_020_GOI_It.txt
Done. Wrote 20 verse(s); skipped 0.
1CO 7:1  wrote 046_1CO_007_001_GOI_It.txt
1CO 7:2  wrote 046_1CO_007_002_GOI_It.txt
1CO 7:3  wrote 046_1CO_007_003_GOI_It.txt
1CO 7:4  wrote 046_1CO_007_004_GOI_It.txt
1CO 7:5  wrote 046_1CO_007_005_GOI_It.txt
1CO 7:6  wrote 046_1CO_007_006_GOI_It.txt
1CO 7:7  wrote 046_1CO_007_007_GOI_It.txt
1CO 7:8  wrote 046_1CO_007_008_GOI_It.txt
1CO 7:9  wrote 046_1CO_007_009_GOI_It.txt
1CO 7:10  wrote 046_1CO_007_010_GOI_It.txt
1CO 7:11  wrote 046_1CO_007_011_GOI_It.txt
1CO 7:12  wrote 046_1CO_007_012_GOI_It.txt
1CO 7:13  wrote 046_1CO_007_013_GOI_It.txt
1CO 7:14  wrote 046_1CO_007_014_GOI_It.txt
1CO 7:15  wrote 046_1CO_007_015_GOI_It.txt
1CO 7:16  wrote 046_1CO_007_016_GOI_It.txt
1CO 7:17  wrote 046_1CO_007_017_GOI_It.txt
1CO 7:18  wrote 046_1CO_007_018_GOI_It.txt
1CO 7:19  wrote 046_1CO_007_019_GOI_It.txt
1CO 7:20  wrote 046_1CO_007_020_GOI_It.txt
1CO 7:21  wrote 046_1CO_007_021_GOI_It.txt
1CO 7:22  wrote 046_1CO_007_022_GOI_It.txt
1CO 7:23  wrote 046_1CO_007_023_GOI_It.txt
1CO 7:24  wrote 046_1CO_007_024_GOI_It.txt
1CO 7:25  wrote 046_1CO_007_025_GOI_It.txt
1CO 7:26  wrote 046_1CO_007_026_GOI_It.txt
1CO 7:27  wrote 046_1CO_007_027_GOI_It.txt
1CO 7:28  wrote 046_1CO_007_028_GOI_It.txt
Traceback (most recent call last):
  File "/home/albert/projects/bible/Meta_Bible_Data/Bible_Noun_Extraction/translate_verses.py", line 601, in <module>
    main()
    ~~~~^^
  File "/home/albert/projects/bible/Meta_Bible_Data/Bible_Noun_Extraction/translate_verses.py", line 577, in main
    raise RuntimeError(
    ...<2 lines>...
    )
RuntimeError: 1CO 7:29: rejected before write; missing required noun anchors: ['donna']; candidate='Ma questo dico, fratelli: il tempo è abbreviato; il rimanente è che anche quelli che hanno mogli siano come se non le avessero.\n'
1CO 7:1  skipped (already exists)
1CO 7:2  skipped (already exists)
1CO 7:3  skipped (already exists)
1CO 7:4  skipped (already exists)
1CO 7:5  skipped (already exists)
1CO 7:6  skipped (already exists)
1CO 7:7  skipped (already exists)
1CO 7:8  skipped (already exists)
1CO 7:9  skipped (already exists)
1CO 7:10  skipped (already exists)
1CO 7:11  skipped (already exists)
1CO 7:12  skipped (already exists)
1CO 7:13  skipped (already exists)
1CO 7:14  skipped (already exists)
1CO 7:15  skipped (already exists)
1CO 7:16  skipped (already exists)
1CO 7:17  skipped (already exists)
1CO 7:18  skipped (already exists)
1CO 7:19  skipped (already exists)
1CO 7:20  skipped (already exists)
1CO 7:21  skipped (already exists)
1CO 7:22  skipped (already exists)
1CO 7:23  skipped (already exists)
1CO 7:24  skipped (already exists)
1CO 7:25  skipped (already exists)
1CO 7:26  skipped (already exists)
1CO 7:27  skipped (already exists)
1CO 7:28  skipped (already exists)
Traceback (most recent call last):
  File "/home/albert/projects/bible/Meta_Bible_Data/Bible_Noun_Extraction/translate_verses.py", line 601, in <module>
    main()
    ~~~~^^
  File "/home/albert/projects/bible/Meta_Bible_Data/Bible_Noun_Extraction/translate_verses.py", line 577, in main
    raise RuntimeError(
    ...<2 lines>...
    )
RuntimeError: 1CO 7:29: rejected before write; missing required noun anchors: ['donna']; candidate='Ma questo dico, fratelli: il tempo è abbreviato; il resto è che anche quelli che hanno mogli siano come se non le avessero.\n'
1CO 7:1  skipped (already exists)
1CO 7:2  skipped (already exists)
1CO 7:3  skipped (already exists)
1CO 7:4  skipped (already exists)
1CO 7:5  skipped (already exists)
1CO 7:6  skipped (already exists)
1CO 7:7  skipped (already exists)
1CO 7:8  skipped (already exists)
1CO 7:9  skipped (already exists)
1CO 7:10  skipped (already exists)
1CO 7:11  skipped (already exists)
1CO 7:12  skipped (already exists)
1CO 7:13  skipped (already exists)
1CO 7:14  skipped (already exists)
1CO 7:15  skipped (already exists)
1CO 7:16  skipped (already exists)
1CO 7:17  skipped (already exists)
1CO 7:18  skipped (already exists)
1CO 7:19  skipped (already exists)
1CO 7:20  skipped (already exists)
1CO 7:21  skipped (already exists)
1CO 7:22  skipped (already exists)
1CO 7:23  skipped (already exists)
1CO 7:24  skipped (already exists)
1CO 7:25  skipped (already exists)
1CO 7:26  skipped (already exists)
1CO 7:27  skipped (already exists)
1CO 7:28  skipped (already exists)
Traceback (most recent call last):
  File "/home/albert/projects/bible/Meta_Bible_Data/Bible_Noun_Extraction/translate_verses.py", line 601, in <module>
    main()
    ~~~~^^
  File "/home/albert/projects/bible/Meta_Bible_Data/Bible_Noun_Extraction/translate_verses.py", line 577, in main
    raise RuntimeError(
    ...<2 lines>...
    )
RuntimeError: 1CO 7:29: rejected before write; missing required noun anchors: ['donna']; candidate='Ma questo dico, fratelli: il tempo è abbreviato; il rimanente è che anche quelli che hanno mogli siano come se non le avessero.\n'
1CO 7:30  wrote 046_1CO_007_030_GOI_It.txt
Done. Wrote 1 verse(s); skipped 0.
1CO 7:31  wrote 046_1CO_007_031_GOI_It.txt
Done. Wrote 1 verse(s); skipped 0.
1CO 7:32  wrote 046_1CO_007_032_GOI_It.txt
Done. Wrote 1 verse(s); skipped 0.
1CO 7:33  wrote 046_1CO_007_033_GOI_It.txt
Done. Wrote 1 verse(s); skipped 0.
1CO 7:34  wrote 046_1CO_007_034_GOI_It.txt
Done. Wrote 1 verse(s); skipped 0.
1CO 7:35  wrote 046_1CO_007_035_GOI_It.txt
Done. Wrote 1 verse(s); skipped 0.
1CO 7:36  wrote 046_1CO_007_036_GOI_It.txt
Done. Wrote 1 verse(s); skipped 0.
1CO 7:37  wrote 046_1CO_007_037_GOI_It.txt
Done. Wrote 1 verse(s); skipped 0.
1CO 7:38  wrote 046_1CO_007_038_GOI_It.txt
Done. Wrote 1 verse(s); skipped 0.
1CO 7:39  wrote 046_1CO_007_039_GOI_It.txt
Done. Wrote 1 verse(s); skipped 0.
1CO 7:40  wrote 046_1CO_007_040_GOI_It.txt
Done. Wrote 1 verse(s); skipped 0.
1CO 8:1  wrote 046_1CO_008_001_GOI_It.txt
1CO 8:2  wrote 046_1CO_008_002_GOI_It.txt
1CO 8:3  wrote 046_1CO_008_003_GOI_It.txt
1CO 8:4  wrote 046_1CO_008_004_GOI_It.txt
1CO 8:5  wrote 046_1CO_008_005_GOI_It.txt
1CO 8:6  wrote 046_1CO_008_006_GOI_It.txt
1CO 8:7  wrote 046_1CO_008_007_GOI_It.txt
1CO 8:8  wrote 046_1CO_008_008_GOI_It.txt
1CO 8:9  wrote 046_1CO_008_009_GOI_It.txt
1CO 8:10  wrote 046_1CO_008_010_GOI_It.txt
1CO 8:11  wrote 046_1CO_008_011_GOI_It.txt
1CO 8:12  wrote 046_1CO_008_012_GOI_It.txt
Traceback (most recent call last):
  File "/home/albert/projects/bible/Meta_Bible_Data/Bible_Noun_Extraction/translate_verses.py", line 601, in <module>
    main()
    ~~~~^^
  File "/home/albert/projects/bible/Meta_Bible_Data/Bible_Noun_Extraction/translate_verses.py", line 577, in main
    raise RuntimeError(
    ...<2 lines>...
    )
RuntimeError: 1CO 8:13: rejected before write; missing required noun anchors: ['secolo']; candidate='Perciò, se il cibo scandalizza mio fratello, non mangerò carne mai più, per non scandalizzare mio fratello.\n'
1CO 8:1  skipped (already exists)
1CO 8:2  skipped (already exists)
1CO 8:3  skipped (already exists)
1CO 8:4  skipped (already exists)
1CO 8:5  skipped (already exists)
1CO 8:6  skipped (already exists)
1CO 8:7  skipped (already exists)
1CO 8:8  skipped (already exists)
1CO 8:9  skipped (already exists)
1CO 8:10  skipped (already exists)
1CO 8:11  skipped (already exists)
1CO 8:12  skipped (already exists)
Traceback (most recent call last):
  File "/home/albert/projects/bible/Meta_Bible_Data/Bible_Noun_Extraction/translate_verses.py", line 601, in <module>
    main()
    ~~~~^^
  File "/home/albert/projects/bible/Meta_Bible_Data/Bible_Noun_Extraction/translate_verses.py", line 577, in main
    raise RuntimeError(
    ...<2 lines>...
    )
RuntimeError: 1CO 8:13: rejected before write; missing required noun anchors: ['secolo']; candidate='Perciò, se il cibo scandalizza mio fratello, non mangerò carne in eterno, per non scandalizzare mio fratello.\n'
1CO 8:1  skipped (already exists)
1CO 8:2  skipped (already exists)
1CO 8:3  skipped (already exists)
1CO 8:4  skipped (already exists)
1CO 8:5  skipped (already exists)
1CO 8:6  skipped (already exists)
1CO 8:7  skipped (already exists)
1CO 8:8  skipped (already exists)
1CO 8:9  skipped (already exists)
1CO 8:10  skipped (already exists)
1CO 8:11  skipped (already exists)
1CO 8:12  skipped (already exists)
Traceback (most recent call last):
  File "/home/albert/projects/bible/Meta_Bible_Data/Bible_Noun_Extraction/translate_verses.py", line 601, in <module>
    main()
    ~~~~^^
  File "/home/albert/projects/bible/Meta_Bible_Data/Bible_Noun_Extraction/translate_verses.py", line 577, in main
    raise RuntimeError(
    ...<2 lines>...
    )
RuntimeError: 1CO 8:13: rejected before write; missing required noun anchors: ['secolo']; candidate='Perciò, se il cibo scandalizza mio fratello, non mangerò carne mai più, per non scandalizzare mio fratello.\n'
1CO 9:1  wrote 046_1CO_009_001_GOI_It.txt
1CO 9:2  wrote 046_1CO_009_002_GOI_It.txt
1CO 9:3  wrote 046_1CO_009_003_GOI_It.txt
1CO 9:4  wrote 046_1CO_009_004_GOI_It.txt
1CO 9:5  wrote 046_1CO_009_005_GOI_It.txt
1CO 9:6  wrote 046_1CO_009_006_GOI_It.txt
1CO 9:7  wrote 046_1CO_009_007_GOI_It.txt
1CO 9:8  wrote 046_1CO_009_008_GOI_It.txt
1CO 9:9  wrote 046_1CO_009_009_GOI_It.txt
1CO 9:10  wrote 046_1CO_009_010_GOI_It.txt
1CO 9:11  wrote 046_1CO_009_011_GOI_It.txt
1CO 9:12  wrote 046_1CO_009_012_GOI_It.txt
1CO 9:13  wrote 046_1CO_009_013_GOI_It.txt
1CO 9:14  wrote 046_1CO_009_014_GOI_It.txt
1CO 9:15  wrote 046_1CO_009_015_GOI_It.txt
1CO 9:16  wrote 046_1CO_009_016_GOI_It.txt
1CO 9:17  wrote 046_1CO_009_017_GOI_It.txt
1CO 9:18  wrote 046_1CO_009_018_GOI_It.txt
1CO 9:19  wrote 046_1CO_009_019_GOI_It.txt
1CO 9:20  wrote 046_1CO_009_020_GOI_It.txt
1CO 9:21  wrote 046_1CO_009_021_GOI_It.txt
1CO 9:22  wrote 046_1CO_009_022_GOI_It.txt
1CO 9:23  wrote 046_1CO_009_023_GOI_It.txt
1CO 9:24  wrote 046_1CO_009_024_GOI_It.txt
1CO 9:25  wrote 046_1CO_009_025_GOI_It.txt
1CO 9:26  wrote 046_1CO_009_026_GOI_It.txt
1CO 9:27  wrote 046_1CO_009_027_GOI_It.txt
Done. Wrote 27 verse(s); skipped 0.
1CO 10:1  wrote 046_1CO_010_001_GOI_It.txt
1CO 10:2  wrote 046_1CO_010_002_GOI_It.txt
1CO 10:3  wrote 046_1CO_010_003_GOI_It.txt
1CO 10:4  wrote 046_1CO_010_004_GOI_It.txt
1CO 10:5  wrote 046_1CO_010_005_GOI_It.txt
1CO 10:6  wrote 046_1CO_010_006_GOI_It.txt
1CO 10:7  wrote 046_1CO_010_007_GOI_It.txt
1CO 10:8  wrote 046_1CO_010_008_GOI_It.txt
1CO 10:9  wrote 046_1CO_010_009_GOI_It.txt
1CO 10:10  wrote 046_1CO_010_010_GOI_It.txt
1CO 10:11  wrote 046_1CO_010_011_GOI_It.txt
1CO 10:12  wrote 046_1CO_010_012_GOI_It.txt
1CO 10:13  wrote 046_1CO_010_013_GOI_It.txt
1CO 10:14  wrote 046_1CO_010_014_GOI_It.txt
1CO 10:15  wrote 046_1CO_010_015_GOI_It.txt
1CO 10:16  wrote 046_1CO_010_016_GOI_It.txt
1CO 10:17  wrote 046_1CO_010_017_GOI_It.txt
1CO 10:18  wrote 046_1CO_010_018_GOI_It.txt
1CO 10:19  wrote 046_1CO_010_019_GOI_It.txt
1CO 10:20  wrote 046_1CO_010_020_GOI_It.txt
1CO 10:21  wrote 046_1CO_010_021_GOI_It.txt
1CO 10:22  wrote 046_1CO_010_022_GOI_It.txt
1CO 10:23  wrote 046_1CO_010_023_GOI_It.txt
1CO 10:24  wrote 046_1CO_010_024_GOI_It.txt
1CO 10:25  wrote 046_1CO_010_025_GOI_It.txt
1CO 10:26  wrote 046_1CO_010_026_GOI_It.txt
1CO 10:27  wrote 046_1CO_010_027_GOI_It.txt
1CO 10:28  wrote 046_1CO_010_028_GOI_It.txt
1CO 10:29  wrote 046_1CO_010_029_GOI_It.txt
1CO 10:30  wrote 046_1CO_010_030_GOI_It.txt
1CO 10:31  wrote 046_1CO_010_031_GOI_It.txt
1CO 10:32  wrote 046_1CO_010_032_GOI_It.txt
1CO 10:33  wrote 046_1CO_010_033_GOI_It.txt
Done. Wrote 33 verse(s); skipped 0.
1CO 11:1  wrote 046_1CO_011_001_GOI_It.txt
1CO 11:2  wrote 046_1CO_011_002_GOI_It.txt
1CO 11:3  wrote 046_1CO_011_003_GOI_It.txt
1CO 11:4  wrote 046_1CO_011_004_GOI_It.txt
1CO 11:5  wrote 046_1CO_011_005_GOI_It.txt
1CO 11:6  wrote 046_1CO_011_006_GOI_It.txt
1CO 11:7  wrote 046_1CO_011_007_GOI_It.txt
1CO 11:8  wrote 046_1CO_011_008_GOI_It.txt
1CO 11:9  wrote 046_1CO_011_009_GOI_It.txt
1CO 11:10  wrote 046_1CO_011_010_GOI_It.txt
1CO 11:11  wrote 046_1CO_011_011_GOI_It.txt
1CO 11:12  wrote 046_1CO_011_012_GOI_It.txt
1CO 11:13  wrote 046_1CO_011_013_GOI_It.txt
1CO 11:14  wrote 046_1CO_011_014_GOI_It.txt
1CO 11:15  wrote 046_1CO_011_015_GOI_It.txt
1CO 11:16  wrote 046_1CO_011_016_GOI_It.txt
1CO 11:17  wrote 046_1CO_011_017_GOI_It.txt
1CO 11:18  wrote 046_1CO_011_018_GOI_It.txt
1CO 11:19  wrote 046_1CO_011_019_GOI_It.txt
1CO 11:20  wrote 046_1CO_011_020_GOI_It.txt
1CO 11:21  wrote 046_1CO_011_021_GOI_It.txt
1CO 11:22  wrote 046_1CO_011_022_GOI_It.txt
1CO 11:23  wrote 046_1CO_011_023_GOI_It.txt
1CO 11:24  wrote 046_1CO_011_024_GOI_It.txt
1CO 11:25  wrote 046_1CO_011_025_GOI_It.txt
1CO 11:26  wrote 046_1CO_011_026_GOI_It.txt
1CO 11:27  wrote 046_1CO_011_027_GOI_It.txt
1CO 11:28  wrote 046_1CO_011_028_GOI_It.txt
1CO 11:29  wrote 046_1CO_011_029_GOI_It.txt
1CO 11:30  wrote 046_1CO_011_030_GOI_It.txt
1CO 11:31  wrote 046_1CO_011_031_GOI_It.txt
1CO 11:32  wrote 046_1CO_011_032_GOI_It.txt
1CO 11:33  wrote 046_1CO_011_033_GOI_It.txt
1CO 11:34  wrote 046_1CO_011_034_GOI_It.txt
Done. Wrote 34 verse(s); skipped 0.
1CO 12:1  wrote 046_1CO_012_001_GOI_It.txt
1CO 12:2  wrote 046_1CO_012_002_GOI_It.txt
1CO 12:3  wrote 046_1CO_012_003_GOI_It.txt
1CO 12:4  wrote 046_1CO_012_004_GOI_It.txt
1CO 12:5  wrote 046_1CO_012_005_GOI_It.txt
1CO 12:6  wrote 046_1CO_012_006_GOI_It.txt
1CO 12:7  wrote 046_1CO_012_007_GOI_It.txt
1CO 12:8  wrote 046_1CO_012_008_GOI_It.txt
1CO 12:9  wrote 046_1CO_012_009_GOI_It.txt
1CO 12:10  wrote 046_1CO_012_010_GOI_It.txt
1CO 12:11  wrote 046_1CO_012_011_GOI_It.txt
1CO 12:12  wrote 046_1CO_012_012_GOI_It.txt
1CO 12:13  wrote 046_1CO_012_013_GOI_It.txt
1CO 12:14  wrote 046_1CO_012_014_GOI_It.txt
1CO 12:15  wrote 046_1CO_012_015_GOI_It.txt
1CO 12:16  wrote 046_1CO_012_016_GOI_It.txt
1CO 12:17  wrote 046_1CO_012_017_GOI_It.txt
1CO 12:18  wrote 046_1CO_012_018_GOI_It.txt
1CO 12:19  wrote 046_1CO_012_019_GOI_It.txt
1CO 12:20  wrote 046_1CO_012_020_GOI_It.txt
1CO 12:21  wrote 046_1CO_012_021_GOI_It.txt
1CO 12:22  wrote 046_1CO_012_022_GOI_It.txt
1CO 12:23  wrote 046_1CO_012_023_GOI_It.txt
1CO 12:24  wrote 046_1CO_012_024_GOI_It.txt
1CO 12:25  wrote 046_1CO_012_025_GOI_It.txt
1CO 12:26  wrote 046_1CO_012_026_GOI_It.txt
1CO 12:27  wrote 046_1CO_012_027_GOI_It.txt
1CO 12:28  wrote 046_1CO_012_028_GOI_It.txt
1CO 12:29  wrote 046_1CO_012_029_GOI_It.txt
1CO 12:30  wrote 046_1CO_012_030_GOI_It.txt
1CO 12:31  wrote 046_1CO_012_031_GOI_It.txt
Done. Wrote 31 verse(s); skipped 0.
1CO 13:1  wrote 046_1CO_013_001_GOI_It.txt
1CO 13:2  wrote 046_1CO_013_002_GOI_It.txt
1CO 13:3  wrote 046_1CO_013_003_GOI_It.txt
1CO 13:4  wrote 046_1CO_013_004_GOI_It.txt
1CO 13:5  wrote 046_1CO_013_005_GOI_It.txt
1CO 13:6  wrote 046_1CO_013_006_GOI_It.txt
1CO 13:7  wrote 046_1CO_013_007_GOI_It.txt
1CO 13:8  wrote 046_1CO_013_008_GOI_It.txt
1CO 13:9  wrote 046_1CO_013_009_GOI_It.txt
1CO 13:10  wrote 046_1CO_013_010_GOI_It.txt
1CO 13:11  wrote 046_1CO_013_011_GOI_It.txt
1CO 13:12  wrote 046_1CO_013_012_GOI_It.txt
1CO 13:13  wrote 046_1CO_013_013_GOI_It.txt
Done. Wrote 13 verse(s); skipped 0.
1CO 14:1  wrote 046_1CO_014_001_GOI_It.txt
1CO 14:2  wrote 046_1CO_014_002_GOI_It.txt
1CO 14:3  wrote 046_1CO_014_003_GOI_It.txt
1CO 14:4  wrote 046_1CO_014_004_GOI_It.txt
1CO 14:5  wrote 046_1CO_014_005_GOI_It.txt
1CO 14:6  wrote 046_1CO_014_006_GOI_It.txt
1CO 14:7  wrote 046_1CO_014_007_GOI_It.txt
1CO 14:8  wrote 046_1CO_014_008_GOI_It.txt
Traceback (most recent call last):
  File "/home/albert/projects/bible/Meta_Bible_Data/Bible_Noun_Extraction/translate_verses.py", line 601, in <module>
    main()
    ~~~~^^
  File "/home/albert/projects/bible/Meta_Bible_Data/Bible_Noun_Extraction/translate_verses.py", line 577, in main
    raise RuntimeError(
    ...<2 lines>...
    )
RuntimeError: 1CO 14:9: rejected before write; missing required noun anchors: ['aria']; candidate='Così anche voi, se per mezzo della lingua non date una parola chiara, come si conoscerà ciò che si dice? Poiché parlerete al vento.\n'
1CO 14:1  skipped (already exists)
1CO 14:2  skipped (already exists)
1CO 14:3  skipped (already exists)
1CO 14:4  skipped (already exists)
1CO 14:5  skipped (already exists)
1CO 14:6  skipped (already exists)
1CO 14:7  skipped (already exists)
1CO 14:8  skipped (already exists)
Traceback (most recent call last):
  File "/home/albert/projects/bible/Meta_Bible_Data/Bible_Noun_Extraction/translate_verses.py", line 601, in <module>
    main()
    ~~~~^^
  File "/home/albert/projects/bible/Meta_Bible_Data/Bible_Noun_Extraction/translate_verses.py", line 577, in main
    raise RuntimeError(
    ...<2 lines>...
    )
RuntimeError: 1CO 14:9: rejected before write; missing required noun anchors: ['aria']; candidate='Così anche voi, se per mezzo della lingua non date una parola chiara, come si conoscerà ciò che si dice? Poiché parlerete al vento.\n'
1CO 14:1  skipped (already exists)
1CO 14:2  skipped (already exists)
1CO 14:3  skipped (already exists)
1CO 14:4  skipped (already exists)
1CO 14:5  skipped (already exists)
1CO 14:6  skipped (already exists)
1CO 14:7  skipped (already exists)
1CO 14:8  skipped (already exists)
1CO 14:9  wrote 046_1CO_014_009_GOI_It.txt
1CO 14:10  wrote 046_1CO_014_010_GOI_It.txt
1CO 14:11  wrote 046_1CO_014_011_GOI_It.txt
1CO 14:12  wrote 046_1CO_014_012_GOI_It.txt
1CO 14:13  wrote 046_1CO_014_013_GOI_It.txt
1CO 14:14  wrote 046_1CO_014_014_GOI_It.txt
1CO 14:15  wrote 046_1CO_014_015_GOI_It.txt
1CO 14:16  wrote 046_1CO_014_016_GOI_It.txt
1CO 14:17  wrote 046_1CO_014_017_GOI_It.txt
1CO 14:18  wrote 046_1CO_014_018_GOI_It.txt
1CO 14:19  wrote 046_1CO_014_019_GOI_It.txt
1CO 14:20  wrote 046_1CO_014_020_GOI_It.txt
1CO 14:21  wrote 046_1CO_014_021_GOI_It.txt
1CO 14:22  wrote 046_1CO_014_022_GOI_It.txt
1CO 14:23  wrote 046_1CO_014_023_GOI_It.txt
1CO 14:24  wrote 046_1CO_014_024_GOI_It.txt
1CO 14:25  wrote 046_1CO_014_025_GOI_It.txt
1CO 14:26  wrote 046_1CO_014_026_GOI_It.txt
1CO 14:27  wrote 046_1CO_014_027_GOI_It.txt
1CO 14:28  wrote 046_1CO_014_028_GOI_It.txt
1CO 14:29  wrote 046_1CO_014_029_GOI_It.txt
1CO 14:30  wrote 046_1CO_014_030_GOI_It.txt
1CO 14:31  wrote 046_1CO_014_031_GOI_It.txt
1CO 14:32  wrote 046_1CO_014_032_GOI_It.txt
1CO 14:33  wrote 046_1CO_014_033_GOI_It.txt
1CO 14:34  wrote 046_1CO_014_034_GOI_It.txt
1CO 14:35  wrote 046_1CO_014_035_GOI_It.txt
1CO 14:36  wrote 046_1CO_014_036_GOI_It.txt
1CO 14:37  wrote 046_1CO_014_037_GOI_It.txt
1CO 14:38  wrote 046_1CO_014_038_GOI_It.txt
1CO 14:39  wrote 046_1CO_014_039_GOI_It.txt
1CO 14:40  wrote 046_1CO_014_040_GOI_It.txt
Done. Wrote 32 verse(s); skipped 8.
1CO 15:1  wrote 046_1CO_015_001_GOI_It.txt
1CO 15:2  wrote 046_1CO_015_002_GOI_It.txt
1CO 15:3  wrote 046_1CO_015_003_GOI_It.txt
1CO 15:4  wrote 046_1CO_015_004_GOI_It.txt
1CO 15:5  wrote 046_1CO_015_005_GOI_It.txt
1CO 15:6  wrote 046_1CO_015_006_GOI_It.txt
1CO 15:7  wrote 046_1CO_015_007_GOI_It.txt
1CO 15:8  wrote 046_1CO_015_008_GOI_It.txt
1CO 15:9  wrote 046_1CO_015_009_GOI_It.txt
1CO 15:10  wrote 046_1CO_015_010_GOI_It.txt
1CO 15:11  wrote 046_1CO_015_011_GOI_It.txt
1CO 15:12  wrote 046_1CO_015_012_GOI_It.txt
1CO 15:13  wrote 046_1CO_015_013_GOI_It.txt
1CO 15:14  wrote 046_1CO_015_014_GOI_It.txt
1CO 15:15  wrote 046_1CO_015_015_GOI_It.txt
1CO 15:16  wrote 046_1CO_015_016_GOI_It.txt
1CO 15:17  wrote 046_1CO_015_017_GOI_It.txt
1CO 15:18  wrote 046_1CO_015_018_GOI_It.txt
1CO 15:19  wrote 046_1CO_015_019_GOI_It.txt
1CO 15:20  wrote 046_1CO_015_020_GOI_It.txt
1CO 15:21  wrote 046_1CO_015_021_GOI_It.txt
1CO 15:22  wrote 046_1CO_015_022_GOI_It.txt
1CO 15:23  wrote 046_1CO_015_023_GOI_It.txt
1CO 15:24  wrote 046_1CO_015_024_GOI_It.txt
1CO 15:25  wrote 046_1CO_015_025_GOI_It.txt
1CO 15:26  wrote 046_1CO_015_026_GOI_It.txt
1CO 15:27  wrote 046_1CO_015_027_GOI_It.txt
1CO 15:28  wrote 046_1CO_015_028_GOI_It.txt
1CO 15:29  wrote 046_1CO_015_029_GOI_It.txt
1CO 15:30  wrote 046_1CO_015_030_GOI_It.txt
1CO 15:31  wrote 046_1CO_015_031_GOI_It.txt
1CO 15:32  wrote 046_1CO_015_032_GOI_It.txt
1CO 15:33  wrote 046_1CO_015_033_GOI_It.txt
1CO 15:34  wrote 046_1CO_015_034_GOI_It.txt
1CO 15:35  wrote 046_1CO_015_035_GOI_It.txt
1CO 15:36  wrote 046_1CO_015_036_GOI_It.txt
1CO 15:37  wrote 046_1CO_015_037_GOI_It.txt
1CO 15:38  wrote 046_1CO_015_038_GOI_It.txt
1CO 15:39  wrote 046_1CO_015_039_GOI_It.txt
1CO 15:40  wrote 046_1CO_015_040_GOI_It.txt
1CO 15:41  wrote 046_1CO_015_041_GOI_It.txt
1CO 15:42  wrote 046_1CO_015_042_GOI_It.txt
1CO 15:43  wrote 046_1CO_015_043_GOI_It.txt
1CO 15:44  wrote 046_1CO_015_044_GOI_It.txt
1CO 15:45  wrote 046_1CO_015_045_GOI_It.txt
1CO 15:46  wrote 046_1CO_015_046_GOI_It.txt
1CO 15:47  wrote 046_1CO_015_047_GOI_It.txt
1CO 15:48  wrote 046_1CO_015_048_GOI_It.txt
1CO 15:49  wrote 046_1CO_015_049_GOI_It.txt
1CO 15:50  wrote 046_1CO_015_050_GOI_It.txt
1CO 15:51  wrote 046_1CO_015_051_GOI_It.txt
1CO 15:52  wrote 046_1CO_015_052_GOI_It.txt
1CO 15:53  wrote 046_1CO_015_053_GOI_It.txt
1CO 15:54  wrote 046_1CO_015_054_GOI_It.txt
1CO 15:55  wrote 046_1CO_015_055_GOI_It.txt
1CO 15:56  wrote 046_1CO_015_056_GOI_It.txt
1CO 15:57  wrote 046_1CO_015_057_GOI_It.txt
1CO 15:58  wrote 046_1CO_015_058_GOI_It.txt
Done. Wrote 58 verse(s); skipped 0.
1CO 16:1  wrote 046_1CO_016_001_GOI_It.txt
Traceback (most recent call last):
  File "/home/albert/projects/bible/Meta_Bible_Data/Bible_Noun_Extraction/translate_verses.py", line 601, in <module>
    main()
    ~~~~^^
  File "/home/albert/projects/bible/Meta_Bible_Data/Bible_Noun_Extraction/translate_verses.py", line 577, in main
    raise RuntimeError(
    ...<2 lines>...
    )
RuntimeError: 1CO 16:2: rejected before write; missing required noun anchors: ['sabato']; candidate='Nel primo giorno della settimana, ciascuno di voi metta da parte presso di sé, tesoreggiando quanto gli è prosperato, affinché quando vengo non ci siano allora collette.\n'
1CO 16:1  skipped (already exists)
Traceback (most recent call last):
  File "/home/albert/projects/bible/Meta_Bible_Data/Bible_Noun_Extraction/translate_verses.py", line 601, in <module>
    main()
    ~~~~^^
  File "/home/albert/projects/bible/Meta_Bible_Data/Bible_Noun_Extraction/translate_verses.py", line 577, in main
    raise RuntimeError(
    ...<2 lines>...
    )
RuntimeError: 1CO 16:2: rejected before write; missing required noun anchors: ['sabato']; candidate='Nel primo giorno della settimana, ciascuno di voi metta da parte presso di sé, tesoreggiando quanto gli è prosperato, affinché quando vengo non ci siano allora collette.\n'
1CO 16:1  skipped (already exists)
Traceback (most recent call last):
  File "/home/albert/projects/bible/Meta_Bible_Data/Bible_Noun_Extraction/translate_verses.py", line 601, in <module>
    main()
    ~~~~^^
  File "/home/albert/projects/bible/Meta_Bible_Data/Bible_Noun_Extraction/translate_verses.py", line 577, in main
    raise RuntimeError(
    ...<2 lines>...
    )
RuntimeError: 1CO 16:2: rejected before write; missing required noun anchors: ['sabato']; candidate='Nel primo giorno della settimana, ciascuno di voi metta da parte presso di sé, tesoreggiando quanto gli è prosperato, affinché quando vengo non ci siano allora collette.\n'
1CO 16:3  wrote 046_1CO_016_003_GOI_It.txt
Done. Wrote 1 verse(s); skipped 0.
1CO 16:4  wrote 046_1CO_016_004_GOI_It.txt
Done. Wrote 1 verse(s); skipped 0.
1CO 16:5  wrote 046_1CO_016_005_GOI_It.txt
Done. Wrote 1 verse(s); skipped 0.
1CO 16:6  wrote 046_1CO_016_006_GOI_It.txt
Done. Wrote 1 verse(s); skipped 0.
1CO 16:7  wrote 046_1CO_016_007_GOI_It.txt
Done. Wrote 1 verse(s); skipped 0.
1CO 16:8  wrote 046_1CO_016_008_GOI_It.txt
Done. Wrote 1 verse(s); skipped 0.
1CO 16:9  wrote 046_1CO_016_009_GOI_It.txt
Done. Wrote 1 verse(s); skipped 0.
1CO 16:10  wrote 046_1CO_016_010_GOI_It.txt
Done. Wrote 1 verse(s); skipped 0.
1CO 16:11  wrote 046_1CO_016_011_GOI_It.txt
Done. Wrote 1 verse(s); skipped 0.
1CO 16:12  wrote 046_1CO_016_012_GOI_It.txt
Done. Wrote 1 verse(s); skipped 0.
1CO 16:13  wrote 046_1CO_016_013_GOI_It.txt
Done. Wrote 1 verse(s); skipped 0.
1CO 16:14  wrote 046_1CO_016_014_GOI_It.txt
Done. Wrote 1 verse(s); skipped 0.
1CO 16:15  wrote 046_1CO_016_015_GOI_It.txt
Done. Wrote 1 verse(s); skipped 0.
1CO 16:16  wrote 046_1CO_016_016_GOI_It.txt
Done. Wrote 1 verse(s); skipped 0.
1CO 16:17  wrote 046_1CO_016_017_GOI_It.txt
Done. Wrote 1 verse(s); skipped 0.
1CO 16:18  wrote 046_1CO_016_018_GOI_It.txt
Done. Wrote 1 verse(s); skipped 0.
1CO 16:19  wrote 046_1CO_016_019_GOI_It.txt
Done. Wrote 1 verse(s); skipped 0.
1CO 16:20  wrote 046_1CO_016_020_GOI_It.txt
Done. Wrote 1 verse(s); skipped 0.
1CO 16:21  wrote 046_1CO_016_021_GOI_It.txt
Done. Wrote 1 verse(s); skipped 0.
1CO 16:22  wrote 046_1CO_016_022_GOI_It.txt
Done. Wrote 1 verse(s); skipped 0.
1CO 16:23  wrote 046_1CO_016_023_GOI_It.txt
Done. Wrote 1 verse(s); skipped 0.
1CO 16:24  wrote 046_1CO_016_024_GOI_It.txt
Done. Wrote 1 verse(s); skipped 0.
2CO 1:1  wrote 047_2CO_001_001_GOI_It.txt
2CO 1:2  wrote 047_2CO_001_002_GOI_It.txt
2CO 1:3  wrote 047_2CO_001_003_GOI_It.txt
2CO 1:4  wrote 047_2CO_001_004_GOI_It.txt
2CO 1:5  wrote 047_2CO_001_005_GOI_It.txt
2CO 1:6  wrote 047_2CO_001_006_GOI_It.txt
2CO 1:7  wrote 047_2CO_001_007_GOI_It.txt
Traceback (most recent call last):
  File "/home/albert/projects/bible/Meta_Bible_Data/Bible_Noun_Extraction/translate_verses.py", line 601, in <module>
    main()
    ~~~~^^
  File "/home/albert/projects/bible/Meta_Bible_Data/Bible_Noun_Extraction/translate_verses.py", line 577, in main
    raise RuntimeError(
    ...<2 lines>...
    )
RuntimeError: 2CO 1:8: rejected before write; missing required noun anchors: ['eccesso']; candidate="Poiché non vogliamo che voi siate nell'ignoranza, fratelli, riguardo alla nostra tribolazione che ci è accaduta in Asia, che siamo stati gravati oltre misura, oltre la potenza, tanto da disperare anche della vita.\n"
2CO 1:1  skipped (already exists)
2CO 1:2  skipped (already exists)
2CO 1:3  skipped (already exists)
2CO 1:4  skipped (already exists)
2CO 1:5  skipped (already exists)
2CO 1:6  skipped (already exists)
2CO 1:7  skipped (already exists)
Traceback (most recent call last):
  File "/home/albert/projects/bible/Meta_Bible_Data/Bible_Noun_Extraction/translate_verses.py", line 601, in <module>
    main()
    ~~~~^^
  File "/home/albert/projects/bible/Meta_Bible_Data/Bible_Noun_Extraction/translate_verses.py", line 577, in main
    raise RuntimeError(
    ...<2 lines>...
    )
RuntimeError: 2CO 1:8: rejected before write; missing required noun anchors: ['eccesso']; candidate="Poiché non vogliamo che voi siate nell'ignoranza, fratelli, riguardo alla nostra tribolazione che ci è accaduta in Asia, che siamo stati gravati oltre misura, oltre la potenza, tanto da disperare perfino della vita.\n"
2CO 1:1  skipped (already exists)
2CO 1:2  skipped (already exists)
2CO 1:3  skipped (already exists)
2CO 1:4  skipped (already exists)
2CO 1:5  skipped (already exists)
2CO 1:6  skipped (already exists)
2CO 1:7  skipped (already exists)
Traceback (most recent call last):
  File "/home/albert/projects/bible/Meta_Bible_Data/Bible_Noun_Extraction/translate_verses.py", line 601, in <module>
    main()
    ~~~~^^
  File "/home/albert/projects/bible/Meta_Bible_Data/Bible_Noun_Extraction/translate_verses.py", line 577, in main
    raise RuntimeError(
    ...<2 lines>...
    )
RuntimeError: 2CO 1:8: rejected before write; missing required noun anchors: ['eccesso']; candidate="Poiché non vogliamo che voi siate nell'ignoranza, fratelli, riguardo alla nostra tribolazione che ci è accaduta in Asia, che siamo stati gravati oltre misura, oltre la potenza, tanto da disperare anche della vita.\n"
2CO 1:9  wrote 047_2CO_001_009_GOI_It.txt
Done. Wrote 1 verse(s); skipped 0.
2CO 1:10  wrote 047_2CO_001_010_GOI_It.txt
Done. Wrote 1 verse(s); skipped 0.
2CO 1:11  wrote 047_2CO_001_011_GOI_It.txt
Done. Wrote 1 verse(s); skipped 0.
2CO 1:12  wrote 047_2CO_001_012_GOI_It.txt
Done. Wrote 1 verse(s); skipped 0.
2CO 1:13  wrote 047_2CO_001_013_GOI_It.txt
Done. Wrote 1 verse(s); skipped 0.
2CO 1:14  wrote 047_2CO_001_014_GOI_It.txt
Done. Wrote 1 verse(s); skipped 0.
2CO 1:15  wrote 047_2CO_001_015_GOI_It.txt
Done. Wrote 1 verse(s); skipped 0.
2CO 1:16  wrote 047_2CO_001_016_GOI_It.txt
Done. Wrote 1 verse(s); skipped 0.
2CO 1:17  wrote 047_2CO_001_017_GOI_It.txt
Done. Wrote 1 verse(s); skipped 0.
2CO 1:18  wrote 047_2CO_001_018_GOI_It.txt
Done. Wrote 1 verse(s); skipped 0.
2CO 1:19  wrote 047_2CO_001_019_GOI_It.txt
Done. Wrote 1 verse(s); skipped 0.
2CO 1:20  wrote 047_2CO_001_020_GOI_It.txt
Done. Wrote 1 verse(s); skipped 0.
2CO 1:21  wrote 047_2CO_001_021_GOI_It.txt
Done. Wrote 1 verse(s); skipped 0.
2CO 1:22  wrote 047_2CO_001_022_GOI_It.txt
Done. Wrote 1 verse(s); skipped 0.
2CO 1:23  wrote 047_2CO_001_023_GOI_It.txt
Done. Wrote 1 verse(s); skipped 0.
2CO 1:24  wrote 047_2CO_001_024_GOI_It.txt
Done. Wrote 1 verse(s); skipped 0.
2CO 2:1  wrote 047_2CO_002_001_GOI_It.txt
2CO 2:2  wrote 047_2CO_002_002_GOI_It.txt
2CO 2:3  wrote 047_2CO_002_003_GOI_It.txt
2CO 2:4  wrote 047_2CO_002_004_GOI_It.txt
2CO 2:5  wrote 047_2CO_002_005_GOI_It.txt
2CO 2:6  wrote 047_2CO_002_006_GOI_It.txt
2CO 2:7  wrote 047_2CO_002_007_GOI_It.txt
2CO 2:8  wrote 047_2CO_002_008_GOI_It.txt
2CO 2:9  wrote 047_2CO_002_009_GOI_It.txt
2CO 2:10  wrote 047_2CO_002_010_GOI_It.txt
2CO 2:11  wrote 047_2CO_002_011_GOI_It.txt
2CO 2:12  wrote 047_2CO_002_012_GOI_It.txt
2CO 2:13  wrote 047_2CO_002_013_GOI_It.txt
2CO 2:14  wrote 047_2CO_002_014_GOI_It.txt
2CO 2:15  wrote 047_2CO_002_015_GOI_It.txt
Traceback (most recent call last):
  File "/home/albert/projects/bible/Meta_Bible_Data/Bible_Noun_Extraction/translate_verses.py", line 601, in <module>
    main()
    ~~~~^^
  File "/home/albert/projects/bible/Meta_Bible_Data/Bible_Noun_Extraction/translate_verses.py", line 577, in main
    raise RuntimeError(
    ...<2 lines>...
    )
RuntimeError: 2CO 2:16: rejected before write; missing required noun anchors: ['fragranza', 'fragranza']; candidate='A questi un profumo di morte per la morte, a quelli un profumo di vita per la vita; e per queste cose chi è sufficiente?\n'
2CO 2:1  skipped (already exists)
2CO 2:2  skipped (already exists)
2CO 2:3  skipped (already exists)
2CO 2:4  skipped (already exists)
2CO 2:5  skipped (already exists)
2CO 2:6  skipped (already exists)
2CO 2:7  skipped (already exists)
2CO 2:8  skipped (already exists)
2CO 2:9  skipped (already exists)
2CO 2:10  skipped (already exists)
2CO 2:11  skipped (already exists)
2CO 2:12  skipped (already exists)
2CO 2:13  skipped (already exists)
2CO 2:14  skipped (already exists)
2CO 2:15  skipped (already exists)
Traceback (most recent call last):
  File "/home/albert/projects/bible/Meta_Bible_Data/Bible_Noun_Extraction/translate_verses.py", line 601, in <module>
    main()
    ~~~~^^
  File "/home/albert/projects/bible/Meta_Bible_Data/Bible_Noun_Extraction/translate_verses.py", line 577, in main
    raise RuntimeError(
    ...<2 lines>...
    )
RuntimeError: 2CO 2:16: rejected before write; missing required noun anchors: ['fragranza', 'fragranza']; candidate='A questi un profumo di morte per la morte, a quelli un profumo di vita per la vita; e per queste cose chi è sufficiente?\n'
2CO 2:1  skipped (already exists)
2CO 2:2  skipped (already exists)
2CO 2:3  skipped (already exists)
2CO 2:4  skipped (already exists)
2CO 2:5  skipped (already exists)
2CO 2:6  skipped (already exists)
2CO 2:7  skipped (already exists)
2CO 2:8  skipped (already exists)
2CO 2:9  skipped (already exists)
2CO 2:10  skipped (already exists)
2CO 2:11  skipped (already exists)
2CO 2:12  skipped (already exists)
2CO 2:13  skipped (already exists)
2CO 2:14  skipped (already exists)
2CO 2:15  skipped (already exists)
2CO 2:16  wrote 047_2CO_002_016_GOI_It.txt
2CO 2:17  wrote 047_2CO_002_017_GOI_It.txt
Done. Wrote 2 verse(s); skipped 15.
2CO 3:1  wrote 047_2CO_003_001_GOI_It.txt
2CO 3:2  wrote 047_2CO_003_002_GOI_It.txt
2CO 3:3  wrote 047_2CO_003_003_GOI_It.txt
2CO 3:4  wrote 047_2CO_003_004_GOI_It.txt
2CO 3:5  wrote 047_2CO_003_005_GOI_It.txt
2CO 3:6  wrote 047_2CO_003_006_GOI_It.txt
2CO 3:7  wrote 047_2CO_003_007_GOI_It.txt
2CO 3:8  wrote 047_2CO_003_008_GOI_It.txt
2CO 3:9  wrote 047_2CO_003_009_GOI_It.txt
2CO 3:10  wrote 047_2CO_003_010_GOI_It.txt
2CO 3:11  wrote 047_2CO_003_011_GOI_It.txt
2CO 3:12  wrote 047_2CO_003_012_GOI_It.txt
2CO 3:13  wrote 047_2CO_003_013_GOI_It.txt
2CO 3:14  wrote 047_2CO_003_014_GOI_It.txt
2CO 3:15  wrote 047_2CO_003_015_GOI_It.txt
2CO 3:16  wrote 047_2CO_003_016_GOI_It.txt
2CO 3:17  wrote 047_2CO_003_017_GOI_It.txt
2CO 3:18  wrote 047_2CO_003_018_GOI_It.txt
Done. Wrote 18 verse(s); skipped 0.
2CO 4:1  wrote 047_2CO_004_001_GOI_It.txt
2CO 4:2  wrote 047_2CO_004_002_GOI_It.txt
2CO 4:3  wrote 047_2CO_004_003_GOI_It.txt
2CO 4:4  wrote 047_2CO_004_004_GOI_It.txt
2CO 4:5  wrote 047_2CO_004_005_GOI_It.txt
2CO 4:6  wrote 047_2CO_004_006_GOI_It.txt
2CO 4:7  wrote 047_2CO_004_007_GOI_It.txt
2CO 4:8  wrote 047_2CO_004_008_GOI_It.txt
2CO 4:9  wrote 047_2CO_004_009_GOI_It.txt
2CO 4:10  wrote 047_2CO_004_010_GOI_It.txt
2CO 4:11  wrote 047_2CO_004_011_GOI_It.txt
2CO 4:12  wrote 047_2CO_004_012_GOI_It.txt
2CO 4:13  wrote 047_2CO_004_013_GOI_It.txt
2CO 4:14  wrote 047_2CO_004_014_GOI_It.txt
2CO 4:15  wrote 047_2CO_004_015_GOI_It.txt
2CO 4:16  wrote 047_2CO_004_016_GOI_It.txt
2CO 4:17  wrote 047_2CO_004_017_GOI_It.txt
2CO 4:18  wrote 047_2CO_004_018_GOI_It.txt
Done. Wrote 18 verse(s); skipped 0.
2CO 5:1  wrote 047_2CO_005_001_GOI_It.txt
2CO 5:2  wrote 047_2CO_005_002_GOI_It.txt
2CO 5:3  wrote 047_2CO_005_003_GOI_It.txt
2CO 5:4  wrote 047_2CO_005_004_GOI_It.txt
2CO 5:5  wrote 047_2CO_005_005_GOI_It.txt
2CO 5:6  wrote 047_2CO_005_006_GOI_It.txt
2CO 5:7  wrote 047_2CO_005_007_GOI_It.txt
2CO 5:8  wrote 047_2CO_005_008_GOI_It.txt
2CO 5:9  wrote 047_2CO_005_009_GOI_It.txt
2CO 5:10  wrote 047_2CO_005_010_GOI_It.txt
2CO 5:11  wrote 047_2CO_005_011_GOI_It.txt
2CO 5:12  wrote 047_2CO_005_012_GOI_It.txt
2CO 5:13  wrote 047_2CO_005_013_GOI_It.txt
2CO 5:14  wrote 047_2CO_005_014_GOI_It.txt
2CO 5:15  wrote 047_2CO_005_015_GOI_It.txt
2CO 5:16  wrote 047_2CO_005_016_GOI_It.txt
2CO 5:17  wrote 047_2CO_005_017_GOI_It.txt
2CO 5:18  wrote 047_2CO_005_018_GOI_It.txt
2CO 5:19  wrote 047_2CO_005_019_GOI_It.txt
2CO 5:20  wrote 047_2CO_005_020_GOI_It.txt
2CO 5:21  wrote 047_2CO_005_021_GOI_It.txt
Done. Wrote 21 verse(s); skipped 0.
2CO 6:1  wrote 047_2CO_006_001_GOI_It.txt
2CO 6:2  wrote 047_2CO_006_002_GOI_It.txt
2CO 6:3  wrote 047_2CO_006_003_GOI_It.txt
2CO 6:4  wrote 047_2CO_006_004_GOI_It.txt
2CO 6:5  wrote 047_2CO_006_005_GOI_It.txt
2CO 6:6  wrote 047_2CO_006_006_GOI_It.txt
2CO 6:7  wrote 047_2CO_006_007_GOI_It.txt
2CO 6:8  wrote 047_2CO_006_008_GOI_It.txt
2CO 6:9  wrote 047_2CO_006_009_GOI_It.txt
2CO 6:10  wrote 047_2CO_006_010_GOI_It.txt
2CO 6:11  wrote 047_2CO_006_011_GOI_It.txt
2CO 6:12  wrote 047_2CO_006_012_GOI_It.txt
2CO 6:13  wrote 047_2CO_006_013_GOI_It.txt
2CO 6:14  wrote 047_2CO_006_014_GOI_It.txt
2CO 6:15  wrote 047_2CO_006_015_GOI_It.txt
2CO 6:16  wrote 047_2CO_006_016_GOI_It.txt
2CO 6:17  wrote 047_2CO_006_017_GOI_It.txt
2CO 6:18  wrote 047_2CO_006_018_GOI_It.txt
Done. Wrote 18 verse(s); skipped 0.
2CO 7:1  wrote 047_2CO_007_001_GOI_It.txt
2CO 7:2  wrote 047_2CO_007_002_GOI_It.txt
2CO 7:3  wrote 047_2CO_007_003_GOI_It.txt
2CO 7:4  wrote 047_2CO_007_004_GOI_It.txt
2CO 7:5  wrote 047_2CO_007_005_GOI_It.txt
2CO 7:6  wrote 047_2CO_007_006_GOI_It.txt
2CO 7:7  wrote 047_2CO_007_007_GOI_It.txt
2CO 7:8  wrote 047_2CO_007_008_GOI_It.txt
2CO 7:9  wrote 047_2CO_007_009_GOI_It.txt
2CO 7:10  wrote 047_2CO_007_010_GOI_It.txt
2CO 7:11  wrote 047_2CO_007_011_GOI_It.txt
2CO 7:12  wrote 047_2CO_007_012_GOI_It.txt
2CO 7:13  wrote 047_2CO_007_013_GOI_It.txt
2CO 7:14  wrote 047_2CO_007_014_GOI_It.txt
2CO 7:15  wrote 047_2CO_007_015_GOI_It.txt
2CO 7:16  wrote 047_2CO_007_016_GOI_It.txt
Done. Wrote 16 verse(s); skipped 0.
2CO 8:1  wrote 047_2CO_008_001_GOI_It.txt
Traceback (most recent call last):
  File "/home/albert/projects/bible/Meta_Bible_Data/Bible_Noun_Extraction/translate_verses.py", line 601, in <module>
    main()
    ~~~~^^
  File "/home/albert/projects/bible/Meta_Bible_Data/Bible_Noun_Extraction/translate_verses.py", line 577, in main
    raise RuntimeError(
    ...<2 lines>...
    )
RuntimeError: 2CO 8:2: rejected before write; missing required noun anchors: ['profondità']; candidate="che in molta prova di tribolazione l'abbondanza della loro gioia e la loro profonda povertà abbondarono nella ricchezza della loro semplicità.\n"
2CO 8:1  skipped (already exists)
Traceback (most recent call last):
  File "/home/albert/projects/bible/Meta_Bible_Data/Bible_Noun_Extraction/translate_verses.py", line 601, in <module>
    main()
    ~~~~^^
  File "/home/albert/projects/bible/Meta_Bible_Data/Bible_Noun_Extraction/translate_verses.py", line 577, in main
    raise RuntimeError(
    ...<2 lines>...
    )
RuntimeError: 2CO 8:2: rejected before write; missing required noun anchors: ['profondità']; candidate="che in molta prova di tribolazione l'abbondanza della loro gioia e la loro profonda povertà abbondò nella ricchezza della loro semplicità.\n"
2CO 8:1  skipped (already exists)
Traceback (most recent call last):
  File "/home/albert/projects/bible/Meta_Bible_Data/Bible_Noun_Extraction/translate_verses.py", line 601, in <module>
    main()
    ~~~~^^
  File "/home/albert/projects/bible/Meta_Bible_Data/Bible_Noun_Extraction/translate_verses.py", line 577, in main
    raise RuntimeError(
    ...<2 lines>...
    )
RuntimeError: 2CO 8:2: rejected before write; missing required noun anchors: ['profondità']; candidate="che in molta prova di tribolazione l'abbondanza della loro gioia e la loro profonda povertà abbondò nella ricchezza della loro semplicità.\n"
2CO 8:3  wrote 047_2CO_008_003_GOI_It.txt
Done. Wrote 1 verse(s); skipped 0.
2CO 8:4  wrote 047_2CO_008_004_GOI_It.txt
Done. Wrote 1 verse(s); skipped 0.
2CO 8:5  wrote 047_2CO_008_005_GOI_It.txt
Done. Wrote 1 verse(s); skipped 0.
2CO 8:6  wrote 047_2CO_008_006_GOI_It.txt
Done. Wrote 1 verse(s); skipped 0.
2CO 8:7  wrote 047_2CO_008_007_GOI_It.txt
Done. Wrote 1 verse(s); skipped 0.
2CO 8:8  wrote 047_2CO_008_008_GOI_It.txt
Done. Wrote 1 verse(s); skipped 0.
2CO 8:9  wrote 047_2CO_008_009_GOI_It.txt
Done. Wrote 1 verse(s); skipped 0.
2CO 8:10  wrote 047_2CO_008_010_GOI_It.txt
Done. Wrote 1 verse(s); skipped 0.
2CO 8:11  wrote 047_2CO_008_011_GOI_It.txt
Done. Wrote 1 verse(s); skipped 0.
2CO 8:12  wrote 047_2CO_008_012_GOI_It.txt
Done. Wrote 1 verse(s); skipped 0.
Traceback (most recent call last):
  File "/home/albert/projects/bible/Meta_Bible_Data/Bible_Noun_Extraction/translate_verses.py", line 601, in <module>
    main()
    ~~~~^^
  File "/home/albert/projects/bible/Meta_Bible_Data/Bible_Noun_Extraction/translate_verses.py", line 577, in main
    raise RuntimeError(
    ...<2 lines>...
    )
RuntimeError: 2CO 8:13: rejected before write; missing required noun anchors: ['requie']; candidate='Poiché non si tratta che vi sia sollievo per altri e tribolazione per voi, ma per uguaglianza, nel tempo presente, la vostra abbondanza supplisca al loro bisogno.\n'
2CO 8:14  wrote 047_2CO_008_014_GOI_It.txt
Done. Wrote 1 verse(s); skipped 0.
2CO 8:15  wrote 047_2CO_008_015_GOI_It.txt
Done. Wrote 1 verse(s); skipped 0.
2CO 8:16  wrote 047_2CO_008_016_GOI_It.txt
Done. Wrote 1 verse(s); skipped 0.
2CO 8:17  wrote 047_2CO_008_017_GOI_It.txt
Done. Wrote 1 verse(s); skipped 0.
2CO 8:18  wrote 047_2CO_008_018_GOI_It.txt
Done. Wrote 1 verse(s); skipped 0.
2CO 8:19  wrote 047_2CO_008_019_GOI_It.txt
Done. Wrote 1 verse(s); skipped 0.
2CO 8:20  wrote 047_2CO_008_020_GOI_It.txt
Done. Wrote 1 verse(s); skipped 0.
2CO 8:21  wrote 047_2CO_008_021_GOI_It.txt
Done. Wrote 1 verse(s); skipped 0.
2CO 8:22  wrote 047_2CO_008_022_GOI_It.txt
Done. Wrote 1 verse(s); skipped 0.
2CO 8:23  wrote 047_2CO_008_023_GOI_It.txt
Done. Wrote 1 verse(s); skipped 0.
2CO 8:24  wrote 047_2CO_008_024_GOI_It.txt
Done. Wrote 1 verse(s); skipped 0.
2CO 8:13  wrote 047_2CO_008_013_GOI_It.txt
Done. Wrote 1 verse(s); skipped 0.
2CO 9:1  wrote 047_2CO_009_001_GOI_It.txt
2CO 9:2  wrote 047_2CO_009_002_GOI_It.txt
2CO 9:3  wrote 047_2CO_009_003_GOI_It.txt
2CO 9:4  wrote 047_2CO_009_004_GOI_It.txt
2CO 9:5  wrote 047_2CO_009_005_GOI_It.txt
2CO 9:6  wrote 047_2CO_009_006_GOI_It.txt
2CO 9:7  wrote 047_2CO_009_007_GOI_It.txt
2CO 9:8  wrote 047_2CO_009_008_GOI_It.txt
Traceback (most recent call last):
  File "/home/albert/projects/bible/Meta_Bible_Data/Bible_Noun_Extraction/translate_verses.py", line 601, in <module>
    main()
    ~~~~^^
  File "/home/albert/projects/bible/Meta_Bible_Data/Bible_Noun_Extraction/translate_verses.py", line 577, in main
    raise RuntimeError(
    ...<2 lines>...
    )
RuntimeError: 2CO 9:9: rejected before write; missing required noun anchors: ['secolo']; candidate='Come sta scritto: ha sparso, ha dato ai poveri; la sua giustizia rimane per sempre.\n'
2CO 9:1  skipped (already exists)
2CO 9:2  skipped (already exists)
2CO 9:3  skipped (already exists)
2CO 9:4  skipped (already exists)
2CO 9:5  skipped (already exists)
2CO 9:6  skipped (already exists)
2CO 9:7  skipped (already exists)
2CO 9:8  skipped (already exists)
Traceback (most recent call last):
  File "/home/albert/projects/bible/Meta_Bible_Data/Bible_Noun_Extraction/translate_verses.py", line 601, in <module>
    main()
    ~~~~^^
  File "/home/albert/projects/bible/Meta_Bible_Data/Bible_Noun_Extraction/translate_verses.py", line 577, in main
    raise RuntimeError(
    ...<2 lines>...
    )
RuntimeError: 2CO 9:9: rejected before write; missing required noun anchors: ['secolo']; candidate='Come sta scritto: ha sparso, ha dato ai poveri; la sua giustizia rimane per sempre.\n'
2CO 9:1  skipped (already exists)
2CO 9:2  skipped (already exists)
2CO 9:3  skipped (already exists)
2CO 9:4  skipped (already exists)
2CO 9:5  skipped (already exists)
2CO 9:6  skipped (already exists)
2CO 9:7  skipped (already exists)
2CO 9:8  skipped (already exists)
Traceback (most recent call last):
  File "/home/albert/projects/bible/Meta_Bible_Data/Bible_Noun_Extraction/translate_verses.py", line 601, in <module>
    main()
    ~~~~^^
  File "/home/albert/projects/bible/Meta_Bible_Data/Bible_Noun_Extraction/translate_verses.py", line 577, in main
    raise RuntimeError(
    ...<2 lines>...
    )
RuntimeError: 2CO 9:9: rejected before write; missing required noun anchors: ['secolo']; candidate='Come sta scritto: ha sparso, ha dato ai poveri; la sua giustizia rimane per sempre.\n'
2CO 9:10  wrote 047_2CO_009_010_GOI_It.txt
Done. Wrote 1 verse(s); skipped 0.
2CO 9:11  wrote 047_2CO_009_011_GOI_It.txt
Done. Wrote 1 verse(s); skipped 0.
2CO 9:12  wrote 047_2CO_009_012_GOI_It.txt
Done. Wrote 1 verse(s); skipped 0.
2CO 9:13  wrote 047_2CO_009_013_GOI_It.txt
Done. Wrote 1 verse(s); skipped 0.
2CO 9:14  wrote 047_2CO_009_014_GOI_It.txt
Done. Wrote 1 verse(s); skipped 0.
2CO 9:15  wrote 047_2CO_009_015_GOI_It.txt
Done. Wrote 1 verse(s); skipped 0.
Traceback (most recent call last):
  File "/home/albert/projects/bible/Meta_Bible_Data/Bible_Noun_Extraction/translate_verses.py", line 601, in <module>
    main()
    ~~~~^^
  File "/home/albert/projects/bible/Meta_Bible_Data/Bible_Noun_Extraction/translate_verses.py", line 577, in main
    raise RuntimeError(
    ...<2 lines>...
    )
RuntimeError: 2CO 10:1: rejected before write; missing required noun anchors: ['volto']; candidate='Io stesso, Paolo, vi esorto per la mansuetudine e la mitezza di Cristo, io che di presenza sono umile tra voi, ma assente sono fiducioso verso di voi.\n'
Traceback (most recent call last):
  File "/home/albert/projects/bible/Meta_Bible_Data/Bible_Noun_Extraction/translate_verses.py", line 601, in <module>
    main()
    ~~~~^^
  File "/home/albert/projects/bible/Meta_Bible_Data/Bible_Noun_Extraction/translate_verses.py", line 577, in main
    raise RuntimeError(
    ...<2 lines>...
    )
RuntimeError: 2CO 10:1: rejected before write; missing required noun anchors: ['volto']; candidate='Io stesso, Paolo, vi esorto per la mansuetudine e la mitezza di Cristo, io che di presenza sono umile tra voi, ma assente sono fiducioso verso di voi.\n'
Traceback (most recent call last):
  File "/home/albert/projects/bible/Meta_Bible_Data/Bible_Noun_Extraction/translate_verses.py", line 601, in <module>
    main()
    ~~~~^^
  File "/home/albert/projects/bible/Meta_Bible_Data/Bible_Noun_Extraction/translate_verses.py", line 577, in main
    raise RuntimeError(
    ...<2 lines>...
    )
RuntimeError: 2CO 10:1: rejected before write; missing required noun anchors: ['volto']; candidate='Io stesso, Paolo, vi esorto per la mansuetudine e la mitezza di Cristo, io che di presenza sono umile tra voi, ma assente sono fiducioso verso di voi.\n'
2CO 10:2  wrote 047_2CO_010_002_GOI_It.txt
Done. Wrote 1 verse(s); skipped 0.
2CO 10:3  wrote 047_2CO_010_003_GOI_It.txt
Done. Wrote 1 verse(s); skipped 0.
2CO 10:4  wrote 047_2CO_010_004_GOI_It.txt
Done. Wrote 1 verse(s); skipped 0.
2CO 10:5  wrote 047_2CO_010_005_GOI_It.txt
Done. Wrote 1 verse(s); skipped 0.
2CO 10:6  wrote 047_2CO_010_006_GOI_It.txt
Done. Wrote 1 verse(s); skipped 0.
Traceback (most recent call last):
  File "/home/albert/projects/bible/Meta_Bible_Data/Bible_Noun_Extraction/translate_verses.py", line 601, in <module>
    main()
    ~~~~^^
  File "/home/albert/projects/bible/Meta_Bible_Data/Bible_Noun_Extraction/translate_verses.py", line 577, in main
    raise RuntimeError(
    ...<2 lines>...
    )
RuntimeError: 2CO 10:7: rejected before write; missing required noun anchors: ['volto']; candidate="Guardate le cose secondo l'apparenza: se qualcuno è persuaso in sé stesso di essere di Cristo, consideri di nuovo questo da sé stesso, che come egli è di Cristo, così anche noi siamo di Cristo.\n"
2CO 10:8  wrote 047_2CO_010_008_GOI_It.txt
Done. Wrote 1 verse(s); skipped 0.
2CO 10:9  wrote 047_2CO_010_009_GOI_It.txt
Done. Wrote 1 verse(s); skipped 0.
2CO 10:10  wrote 047_2CO_010_010_GOI_It.txt
Done. Wrote 1 verse(s); skipped 0.
2CO 10:11  wrote 047_2CO_010_011_GOI_It.txt
Done. Wrote 1 verse(s); skipped 0.
2CO 10:12  wrote 047_2CO_010_012_GOI_It.txt
Done. Wrote 1 verse(s); skipped 0.
2CO 10:13  wrote 047_2CO_010_013_GOI_It.txt
Done. Wrote 1 verse(s); skipped 0.
2CO 10:13 request failed (The read operation timed out); retrying in 3s (1/5)
2CO 10:14  wrote 047_2CO_010_014_GOI_It.txt
Done. Wrote 1 verse(s); skipped 0.
2CO 10:15  wrote 047_2CO_010_015_GOI_It.txt
Done. Wrote 1 verse(s); skipped 0.
2CO 10:16  wrote 047_2CO_010_016_GOI_It.txt
Done. Wrote 1 verse(s); skipped 0.
2CO 10:17  wrote 047_2CO_010_017_GOI_It.txt
Done. Wrote 1 verse(s); skipped 0.
2CO 10:18  wrote 047_2CO_010_018_GOI_It.txt
Done. Wrote 1 verse(s); skipped 0.
Traceback (most recent call last):
  File "/home/albert/projects/bible/Meta_Bible_Data/Bible_Noun_Extraction/translate_verses.py", line 601, in <module>
    main()
    ~~~~^^
  File "/home/albert/projects/bible/Meta_Bible_Data/Bible_Noun_Extraction/translate_verses.py", line 577, in main
    raise RuntimeError(
    ...<2 lines>...
    )
RuntimeError: 2CO 10:7: rejected before write; missing required noun anchors: ['volto']; candidate="Guardate le cose secondo l'apparenza. Se qualcuno è persuaso in sé stesso di essere di Cristo, consideri questo di nuovo da sé stesso: come egli è di Cristo, così anche noi siamo di Cristo.\n"
Traceback (most recent call last):
  File "/home/albert/projects/bible/Meta_Bible_Data/Bible_Noun_Extraction/translate_verses.py", line 601, in <module>
    main()
    ~~~~^^
  File "/home/albert/projects/bible/Meta_Bible_Data/Bible_Noun_Extraction/translate_verses.py", line 577, in main
    raise RuntimeError(
    ...<2 lines>...
    )
RuntimeError: 2CO 10:7: rejected before write; missing required noun anchors: ['volto']; candidate="Guardate le cose secondo l'apparenza: se qualcuno è persuaso in sé stesso di essere di Cristo, consideri di nuovo questo da sé stesso, che come egli è di Cristo, così anche noi siamo di Cristo.\n"
2CO 11:1  wrote 047_2CO_011_001_GOI_It.txt
Traceback (most recent call last):
  File "/home/albert/projects/bible/Meta_Bible_Data/Bible_Noun_Extraction/translate_verses.py", line 601, in <module>
    main()
    ~~~~^^
  File "/home/albert/projects/bible/Meta_Bible_Data/Bible_Noun_Extraction/translate_verses.py", line 577, in main
    raise RuntimeError(
    ...<2 lines>...
    )
RuntimeError: 2CO 11:2: rejected before write; missing required noun anchors: ['Dio', 'zelo']; candidate='Perché vi sono geloso di gelosia divina, poiché vi ho promessi a un solo uomo, per presentarvi come vergine pura a Cristo.\n'
2CO 11:1  skipped (already exists)
Traceback (most recent call last):
  File "/home/albert/projects/bible/Meta_Bible_Data/Bible_Noun_Extraction/translate_verses.py", line 601, in <module>
    main()
    ~~~~^^
  File "/home/albert/projects/bible/Meta_Bible_Data/Bible_Noun_Extraction/translate_verses.py", line 577, in main
    raise RuntimeError(
    ...<2 lines>...
    )
RuntimeError: 2CO 11:2: rejected before write; missing required noun anchors: ['zelo']; candidate='Perché vi sono geloso di gelosia di Dio; poiché vi ho fidanzati a un solo uomo, per presentarvi come vergine pura a Cristo.\n'
2CO 11:1  skipped (already exists)
Traceback (most recent call last):
  File "/home/albert/projects/bible/Meta_Bible_Data/Bible_Noun_Extraction/translate_verses.py", line 601, in <module>
    main()
    ~~~~^^
  File "/home/albert/projects/bible/Meta_Bible_Data/Bible_Noun_Extraction/translate_verses.py", line 577, in main
    raise RuntimeError(
    ...<2 lines>...
    )
RuntimeError: 2CO 11:2: rejected before write; missing required noun anchors: ['zelo']; candidate='Perché vi sono geloso di gelo di Dio; poiché vi ho fidanzati a un solo uomo, per presentarvi come vergine pura a Cristo.\n'
2CO 11:3  wrote 047_2CO_011_003_GOI_It.txt
Done. Wrote 1 verse(s); skipped 0.
2CO 11:4  wrote 047_2CO_011_004_GOI_It.txt
Done. Wrote 1 verse(s); skipped 0.
2CO 11:5  wrote 047_2CO_011_005_GOI_It.txt
Done. Wrote 1 verse(s); skipped 0.
2CO 11:6  wrote 047_2CO_011_006_GOI_It.txt
Done. Wrote 1 verse(s); skipped 0.
2CO 11:7  wrote 047_2CO_011_007_GOI_It.txt
Done. Wrote 1 verse(s); skipped 0.
2CO 11:8  wrote 047_2CO_011_008_GOI_It.txt
Done. Wrote 1 verse(s); skipped 0.
2CO 11:9  wrote 047_2CO_011_009_GOI_It.txt
Done. Wrote 1 verse(s); skipped 0.
2CO 11:10  wrote 047_2CO_011_010_GOI_It.txt
Done. Wrote 1 verse(s); skipped 0.
2CO 11:11  wrote 047_2CO_011_011_GOI_It.txt
Done. Wrote 1 verse(s); skipped 0.
2CO 11:12  wrote 047_2CO_011_012_GOI_It.txt
Done. Wrote 1 verse(s); skipped 0.
2CO 11:13  wrote 047_2CO_011_013_GOI_It.txt
Done. Wrote 1 verse(s); skipped 0.
2CO 11:14  wrote 047_2CO_011_014_GOI_It.txt
Done. Wrote 1 verse(s); skipped 0.
2CO 11:15  wrote 047_2CO_011_015_GOI_It.txt
Done. Wrote 1 verse(s); skipped 0.
2CO 11:16  wrote 047_2CO_011_016_GOI_It.txt
Done. Wrote 1 verse(s); skipped 0.
2CO 11:17  wrote 047_2CO_011_017_GOI_It.txt
Done. Wrote 1 verse(s); skipped 0.
2CO 11:18  wrote 047_2CO_011_018_GOI_It.txt
Done. Wrote 1 verse(s); skipped 0.
2CO 11:19  wrote 047_2CO_011_019_GOI_It.txt
Done. Wrote 1 verse(s); skipped 0.
2CO 11:20  wrote 047_2CO_011_020_GOI_It.txt
Done. Wrote 1 verse(s); skipped 0.
2CO 11:21  wrote 047_2CO_011_021_GOI_It.txt
Done. Wrote 1 verse(s); skipped 0.
2CO 11:22  wrote 047_2CO_011_022_GOI_It.txt
Done. Wrote 1 verse(s); skipped 0.
2CO 11:23  wrote 047_2CO_011_023_GOI_It.txt
Done. Wrote 1 verse(s); skipped 0.
2CO 11:24  wrote 047_2CO_011_024_GOI_It.txt
Done. Wrote 1 verse(s); skipped 0.
2CO 11:25  wrote 047_2CO_011_025_GOI_It.txt
Done. Wrote 1 verse(s); skipped 0.
2CO 11:26  wrote 047_2CO_011_026_GOI_It.txt
Done. Wrote 1 verse(s); skipped 0.
2CO 11:27  wrote 047_2CO_011_027_GOI_It.txt
Done. Wrote 1 verse(s); skipped 0.
2CO 11:28  wrote 047_2CO_011_028_GOI_It.txt
Done. Wrote 1 verse(s); skipped 0.
2CO 11:29  wrote 047_2CO_011_029_GOI_It.txt
Done. Wrote 1 verse(s); skipped 0.
2CO 11:30  wrote 047_2CO_011_030_GOI_It.txt
Done. Wrote 1 verse(s); skipped 0.
2CO 11:31  wrote 047_2CO_011_031_GOI_It.txt
Done. Wrote 1 verse(s); skipped 0.
2CO 11:32  wrote 047_2CO_011_032_GOI_It.txt
Done. Wrote 1 verse(s); skipped 0.
2CO 11:33  wrote 047_2CO_011_033_GOI_It.txt
Done. Wrote 1 verse(s); skipped 0.
2CO 12:1  wrote 047_2CO_012_001_GOI_It.txt
2CO 12:2  wrote 047_2CO_012_002_GOI_It.txt
2CO 12:3  wrote 047_2CO_012_003_GOI_It.txt
2CO 12:4  wrote 047_2CO_012_004_GOI_It.txt
2CO 12:5  wrote 047_2CO_012_005_GOI_It.txt
2CO 12:6  wrote 047_2CO_012_006_GOI_It.txt
2CO 12:7  wrote 047_2CO_012_007_GOI_It.txt
2CO 12:8  wrote 047_2CO_012_008_GOI_It.txt
2CO 12:9  wrote 047_2CO_012_009_GOI_It.txt
2CO 12:10  wrote 047_2CO_012_010_GOI_It.txt
2CO 12:11  wrote 047_2CO_012_011_GOI_It.txt
2CO 12:12  wrote 047_2CO_012_012_GOI_It.txt
2CO 12:13  wrote 047_2CO_012_013_GOI_It.txt
2CO 12:14  wrote 047_2CO_012_014_GOI_It.txt
2CO 12:15  wrote 047_2CO_012_015_GOI_It.txt
2CO 12:16  wrote 047_2CO_012_016_GOI_It.txt
2CO 12:17  wrote 047_2CO_012_017_GOI_It.txt
2CO 12:18  wrote 047_2CO_012_018_GOI_It.txt
2CO 12:19  wrote 047_2CO_012_019_GOI_It.txt
2CO 12:20  wrote 047_2CO_012_020_GOI_It.txt
2CO 12:21  wrote 047_2CO_012_021_GOI_It.txt
Done. Wrote 21 verse(s); skipped 0.
2CO 13:1  wrote 047_2CO_013_001_GOI_It.txt
2CO 13:2  wrote 047_2CO_013_002_GOI_It.txt
2CO 13:3  wrote 047_2CO_013_003_GOI_It.txt
2CO 13:4  wrote 047_2CO_013_004_GOI_It.txt
2CO 13:5  wrote 047_2CO_013_005_GOI_It.txt
2CO 13:6  wrote 047_2CO_013_006_GOI_It.txt
2CO 13:7  wrote 047_2CO_013_007_GOI_It.txt
2CO 13:8  wrote 047_2CO_013_008_GOI_It.txt
2CO 13:9  wrote 047_2CO_013_009_GOI_It.txt
2CO 13:10  wrote 047_2CO_013_010_GOI_It.txt
2CO 13:11  wrote 047_2CO_013_011_GOI_It.txt
2CO 13:12  wrote 047_2CO_013_012_GOI_It.txt
2CO 13:13  wrote 047_2CO_013_013_GOI_It.txt
2CO 13:14  wrote 047_2CO_013_014_GOI_It.txt
Done. Wrote 14 verse(s); skipped 0.
GAL 1:1  wrote 048_GAL_001_001_GOI_It.txt
GAL 1:2  wrote 048_GAL_001_002_GOI_It.txt
GAL 1:3  wrote 048_GAL_001_003_GOI_It.txt
GAL 1:4  wrote 048_GAL_001_004_GOI_It.txt
GAL 1:5  wrote 048_GAL_001_005_GOI_It.txt
GAL 1:6  wrote 048_GAL_001_006_GOI_It.txt
GAL 1:7  wrote 048_GAL_001_007_GOI_It.txt
GAL 1:8  wrote 048_GAL_001_008_GOI_It.txt
GAL 1:9  wrote 048_GAL_001_009_GOI_It.txt
GAL 1:10  wrote 048_GAL_001_010_GOI_It.txt
GAL 1:11  wrote 048_GAL_001_011_GOI_It.txt
GAL 1:12  wrote 048_GAL_001_012_GOI_It.txt
GAL 1:13  wrote 048_GAL_001_013_GOI_It.txt
GAL 1:14  wrote 048_GAL_001_014_GOI_It.txt
GAL 1:15  wrote 048_GAL_001_015_GOI_It.txt
GAL 1:16  wrote 048_GAL_001_016_GOI_It.txt
GAL 1:17  wrote 048_GAL_001_017_GOI_It.txt
GAL 1:18  wrote 048_GAL_001_018_GOI_It.txt
GAL 1:19  wrote 048_GAL_001_019_GOI_It.txt
GAL 1:20  wrote 048_GAL_001_020_GOI_It.txt
GAL 1:21  wrote 048_GAL_001_021_GOI_It.txt
GAL 1:22  wrote 048_GAL_001_022_GOI_It.txt
GAL 1:23  wrote 048_GAL_001_023_GOI_It.txt
GAL 1:24  wrote 048_GAL_001_024_GOI_It.txt
Done. Wrote 24 verse(s); skipped 0.
GAL 2:1  wrote 048_GAL_002_001_GOI_It.txt
GAL 2:2  wrote 048_GAL_002_002_GOI_It.txt
GAL 2:3  wrote 048_GAL_002_003_GOI_It.txt
GAL 2:4  wrote 048_GAL_002_004_GOI_It.txt
GAL 2:5  wrote 048_GAL_002_005_GOI_It.txt
GAL 2:6  wrote 048_GAL_002_006_GOI_It.txt
GAL 2:7  wrote 048_GAL_002_007_GOI_It.txt
GAL 2:8  wrote 048_GAL_002_008_GOI_It.txt
GAL 2:9  wrote 048_GAL_002_009_GOI_It.txt
GAL 2:10  wrote 048_GAL_002_010_GOI_It.txt
GAL 2:11  wrote 048_GAL_002_011_GOI_It.txt
GAL 2:12  wrote 048_GAL_002_012_GOI_It.txt
GAL 2:13  wrote 048_GAL_002_013_GOI_It.txt
GAL 2:14  wrote 048_GAL_002_014_GOI_It.txt
GAL 2:15  wrote 048_GAL_002_015_GOI_It.txt
GAL 2:16  wrote 048_GAL_002_016_GOI_It.txt
GAL 2:17  wrote 048_GAL_002_017_GOI_It.txt
GAL 2:18  wrote 048_GAL_002_018_GOI_It.txt
GAL 2:19  wrote 048_GAL_002_019_GOI_It.txt
GAL 2:20  wrote 048_GAL_002_020_GOI_It.txt
GAL 2:21  wrote 048_GAL_002_021_GOI_It.txt
Done. Wrote 21 verse(s); skipped 0.
GAL 3:1  wrote 048_GAL_003_001_GOI_It.txt
GAL 3:2  wrote 048_GAL_003_002_GOI_It.txt
GAL 3:3  wrote 048_GAL_003_003_GOI_It.txt
GAL 3:4  wrote 048_GAL_003_004_GOI_It.txt
GAL 3:5  wrote 048_GAL_003_005_GOI_It.txt
GAL 3:6  wrote 048_GAL_003_006_GOI_It.txt
GAL 3:7  wrote 048_GAL_003_007_GOI_It.txt
GAL 3:8  wrote 048_GAL_003_008_GOI_It.txt
GAL 3:9  wrote 048_GAL_003_009_GOI_It.txt
GAL 3:10  wrote 048_GAL_003_010_GOI_It.txt
GAL 3:11  wrote 048_GAL_003_011_GOI_It.txt
GAL 3:12  wrote 048_GAL_003_012_GOI_It.txt
GAL 3:13  wrote 048_GAL_003_013_GOI_It.txt
GAL 3:14  wrote 048_GAL_003_014_GOI_It.txt
GAL 3:15  wrote 048_GAL_003_015_GOI_It.txt
Traceback (most recent call last):
  File "/home/albert/projects/bible/Meta_Bible_Data/Bible_Noun_Extraction/translate_verses.py", line 601, in <module>
    main()
    ~~~~^^
  File "/home/albert/projects/bible/Meta_Bible_Data/Bible_Noun_Extraction/translate_verses.py", line 577, in main
    raise RuntimeError(
    ...<2 lines>...
    )
RuntimeError: GAL 3:16: rejected before write; missing required noun anchors: ['seme', 'seme', 'seme']; candidate='Ora ad Abramo furono fatte le promesse e alla sua discendenza. Non dice: "e alle discendenze", come se si trattasse di molte, ma come di una sola: "e alla tua discendenza", che è Cristo.\n'
GAL 3:1  skipped (already exists)
GAL 3:2  skipped (already exists)
GAL 3:3  skipped (already exists)
GAL 3:4  skipped (already exists)
GAL 3:5  skipped (already exists)
GAL 3:6  skipped (already exists)
GAL 3:7  skipped (already exists)
GAL 3:8  skipped (already exists)
GAL 3:9  skipped (already exists)
GAL 3:10  skipped (already exists)
GAL 3:11  skipped (already exists)
GAL 3:12  skipped (already exists)
GAL 3:13  skipped (already exists)
GAL 3:14  skipped (already exists)
GAL 3:15  skipped (already exists)
GAL 3:16  wrote 048_GAL_003_016_GOI_It.txt
GAL 3:17  wrote 048_GAL_003_017_GOI_It.txt
GAL 3:18  wrote 048_GAL_003_018_GOI_It.txt
GAL 3:19  wrote 048_GAL_003_019_GOI_It.txt
GAL 3:20  wrote 048_GAL_003_020_GOI_It.txt
GAL 3:21  wrote 048_GAL_003_021_GOI_It.txt
GAL 3:22  wrote 048_GAL_003_022_GOI_It.txt
GAL 3:23  wrote 048_GAL_003_023_GOI_It.txt
GAL 3:24  wrote 048_GAL_003_024_GOI_It.txt
GAL 3:25  wrote 048_GAL_003_025_GOI_It.txt
GAL 3:26  wrote 048_GAL_003_026_GOI_It.txt
GAL 3:27  wrote 048_GAL_003_027_GOI_It.txt
GAL 3:28  wrote 048_GAL_003_028_GOI_It.txt
GAL 3:29  wrote 048_GAL_003_029_GOI_It.txt
Done. Wrote 14 verse(s); skipped 15.
GAL 4:1  wrote 048_GAL_004_001_GOI_It.txt
GAL 4:2  wrote 048_GAL_004_002_GOI_It.txt
GAL 4:3  wrote 048_GAL_004_003_GOI_It.txt
GAL 4:4  wrote 048_GAL_004_004_GOI_It.txt
GAL 4:5  wrote 048_GAL_004_005_GOI_It.txt
GAL 4:6  wrote 048_GAL_004_006_GOI_It.txt
GAL 4:7  wrote 048_GAL_004_007_GOI_It.txt
GAL 4:8  wrote 048_GAL_004_008_GOI_It.txt
GAL 4:9  wrote 048_GAL_004_009_GOI_It.txt
GAL 4:10  wrote 048_GAL_004_010_GOI_It.txt
GAL 4:11  wrote 048_GAL_004_011_GOI_It.txt
GAL 4:12  wrote 048_GAL_004_012_GOI_It.txt
GAL 4:13  wrote 048_GAL_004_013_GOI_It.txt
GAL 4:14  wrote 048_GAL_004_014_GOI_It.txt
GAL 4:15  wrote 048_GAL_004_015_GOI_It.txt
GAL 4:16  wrote 048_GAL_004_016_GOI_It.txt
GAL 4:17  wrote 048_GAL_004_017_GOI_It.txt
GAL 4:18  wrote 048_GAL_004_018_GOI_It.txt
GAL 4:19  wrote 048_GAL_004_019_GOI_It.txt
GAL 4:20  wrote 048_GAL_004_020_GOI_It.txt
GAL 4:21  wrote 048_GAL_004_021_GOI_It.txt
GAL 4:22  wrote 048_GAL_004_022_GOI_It.txt
GAL 4:23  wrote 048_GAL_004_023_GOI_It.txt
Traceback (most recent call last):
  File "/home/albert/projects/bible/Meta_Bible_Data/Bible_Noun_Extraction/translate_verses.py", line 601, in <module>
    main()
    ~~~~^^
  File "/home/albert/projects/bible/Meta_Bible_Data/Bible_Noun_Extraction/translate_verses.py", line 577, in main
    raise RuntimeError(
    ...<2 lines>...
    )
RuntimeError: GAL 4:24: rejected before write; missing required noun anchors: ['montagna']; candidate='Queste cose sono allegoriche: queste infatti sono i due patti: uno dal monte Sinai, che genera per la servitù, ed è Agar.\n'
GAL 4:1  skipped (already exists)
GAL 4:2  skipped (already exists)
GAL 4:3  skipped (already exists)
GAL 4:4  skipped (already exists)
GAL 4:5  skipped (already exists)
GAL 4:6  skipped (already exists)
GAL 4:7  skipped (already exists)
GAL 4:8  skipped (already exists)
GAL 4:9  skipped (already exists)
GAL 4:10  skipped (already exists)
GAL 4:11  skipped (already exists)
GAL 4:12  skipped (already exists)
GAL 4:13  skipped (already exists)
GAL 4:14  skipped (already exists)
GAL 4:15  skipped (already exists)
GAL 4:16  skipped (already exists)
GAL 4:17  skipped (already exists)
GAL 4:18  skipped (already exists)
GAL 4:19  skipped (already exists)
GAL 4:20  skipped (already exists)
GAL 4:21  skipped (already exists)
GAL 4:22  skipped (already exists)
GAL 4:23  skipped (already exists)
Traceback (most recent call last):
  File "/home/albert/projects/bible/Meta_Bible_Data/Bible_Noun_Extraction/translate_verses.py", line 601, in <module>
    main()
    ~~~~^^
  File "/home/albert/projects/bible/Meta_Bible_Data/Bible_Noun_Extraction/translate_verses.py", line 577, in main
    raise RuntimeError(
    ...<2 lines>...
    )
RuntimeError: GAL 4:24: rejected before write; missing required noun anchors: ['montagna']; candidate='Queste cose sono allegoriche: queste infatti sono i due patti: uno dal monte Sinai, che genera per la servitù, ed è Agar.\n'
GAL 4:1  skipped (already exists)
GAL 4:2  skipped (already exists)
GAL 4:3  skipped (already exists)
GAL 4:4  skipped (already exists)
GAL 4:5  skipped (already exists)
GAL 4:6  skipped (already exists)
GAL 4:7  skipped (already exists)
GAL 4:8  skipped (already exists)
GAL 4:9  skipped (already exists)
GAL 4:10  skipped (already exists)
GAL 4:11  skipped (already exists)
GAL 4:12  skipped (already exists)
GAL 4:13  skipped (already exists)
GAL 4:14  skipped (already exists)
GAL 4:15  skipped (already exists)
GAL 4:16  skipped (already exists)
GAL 4:17  skipped (already exists)
GAL 4:18  skipped (already exists)
GAL 4:19  skipped (already exists)
GAL 4:20  skipped (already exists)
GAL 4:21  skipped (already exists)
GAL 4:22  skipped (already exists)
GAL 4:23  skipped (already exists)
Traceback (most recent call last):
  File "/home/albert/projects/bible/Meta_Bible_Data/Bible_Noun_Extraction/translate_verses.py", line 601, in <module>
    main()
    ~~~~^^
  File "/home/albert/projects/bible/Meta_Bible_Data/Bible_Noun_Extraction/translate_verses.py", line 577, in main
    raise RuntimeError(
    ...<2 lines>...
    )
RuntimeError: GAL 4:24: rejected before write; missing required noun anchors: ['montagna']; candidate='Queste cose sono allegoriche: queste infatti sono i due patti: uno dal monte Sinai, che genera per la servitù, ed è Agar.\n'
Traceback (most recent call last):
  File "/home/albert/projects/bible/Meta_Bible_Data/Bible_Noun_Extraction/translate_verses.py", line 601, in <module>
    main()
    ~~~~^^
  File "/home/albert/projects/bible/Meta_Bible_Data/Bible_Noun_Extraction/translate_verses.py", line 577, in main
    raise RuntimeError(
    ...<2 lines>...
    )
RuntimeError: GAL 4:25: rejected before write; missing required noun anchors: ['montagna']; candidate='Infatti Agar è il monte Sinai in Arabia, e corrisponde alla Gerusalemme attuale, che serve con i suoi figli.\n'
GAL 4:26  wrote 048_GAL_004_026_GOI_It.txt
Done. Wrote 1 verse(s); skipped 0.
GAL 4:27  wrote 048_GAL_004_027_GOI_It.txt
Done. Wrote 1 verse(s); skipped 0.
GAL 4:28  wrote 048_GAL_004_028_GOI_It.txt
Done. Wrote 1 verse(s); skipped 0.
GAL 4:29  wrote 048_GAL_004_029_GOI_It.txt
Done. Wrote 1 verse(s); skipped 0.
GAL 4:30  wrote 048_GAL_004_030_GOI_It.txt
Done. Wrote 1 verse(s); skipped 0.
GAL 4:31  wrote 048_GAL_004_031_GOI_It.txt
Done. Wrote 1 verse(s); skipped 0.
Traceback (most recent call last):
  File "/home/albert/projects/bible/Meta_Bible_Data/Bible_Noun_Extraction/translate_verses.py", line 601, in <module>
    main()
    ~~~~^^
  File "/home/albert/projects/bible/Meta_Bible_Data/Bible_Noun_Extraction/translate_verses.py", line 577, in main
    raise RuntimeError(
    ...<2 lines>...
    )
RuntimeError: GAL 4:25: rejected before write; missing required noun anchors: ['montagna']; candidate='Poiché Agar è il monte Sinai in Arabia, e corrisponde alla Gerusalemme attuale, che serve con i suoi figli.\n'
Traceback (most recent call last):
  File "/home/albert/projects/bible/Meta_Bible_Data/Bible_Noun_Extraction/translate_verses.py", line 601, in <module>
    main()
    ~~~~^^
  File "/home/albert/projects/bible/Meta_Bible_Data/Bible_Noun_Extraction/translate_verses.py", line 577, in main
    raise RuntimeError(
    ...<2 lines>...
    )
RuntimeError: GAL 4:25: rejected before write; missing required noun anchors: ['montagna']; candidate='Infatti Agar è il monte Sinai in Arabia, e corrisponde alla Gerusalemme attuale, che serve con i suoi figli.\n'
GAL 5:1  wrote 048_GAL_005_001_GOI_It.txt
GAL 5:2  wrote 048_GAL_005_002_GOI_It.txt
GAL 5:3  wrote 048_GAL_005_003_GOI_It.txt
GAL 5:4  wrote 048_GAL_005_004_GOI_It.txt
GAL 5:5  wrote 048_GAL_005_005_GOI_It.txt
GAL 5:6  wrote 048_GAL_005_006_GOI_It.txt
GAL 5:7  wrote 048_GAL_005_007_GOI_It.txt
GAL 5:8  wrote 048_GAL_005_008_GOI_It.txt
GAL 5:9  wrote 048_GAL_005_009_GOI_It.txt
GAL 5:10  wrote 048_GAL_005_010_GOI_It.txt
GAL 5:11  wrote 048_GAL_005_011_GOI_It.txt
GAL 5:12  wrote 048_GAL_005_012_GOI_It.txt
GAL 5:13  wrote 048_GAL_005_013_GOI_It.txt
GAL 5:14  wrote 048_GAL_005_014_GOI_It.txt
GAL 5:15  wrote 048_GAL_005_015_GOI_It.txt
GAL 5:16  wrote 048_GAL_005_016_GOI_It.txt
GAL 5:17  wrote 048_GAL_005_017_GOI_It.txt
GAL 5:18  wrote 048_GAL_005_018_GOI_It.txt
GAL 5:19  wrote 048_GAL_005_019_GOI_It.txt
GAL 5:20  wrote 048_GAL_005_020_GOI_It.txt
GAL 5:21  wrote 048_GAL_005_021_GOI_It.txt
GAL 5:22  wrote 048_GAL_005_022_GOI_It.txt
GAL 5:23  wrote 048_GAL_005_023_GOI_It.txt
GAL 5:24  wrote 048_GAL_005_024_GOI_It.txt
GAL 5:25  wrote 048_GAL_005_025_GOI_It.txt
GAL 5:26  wrote 048_GAL_005_026_GOI_It.txt
Done. Wrote 26 verse(s); skipped 0.
GAL 6:1  wrote 048_GAL_006_001_GOI_It.txt
GAL 6:2  wrote 048_GAL_006_002_GOI_It.txt
GAL 6:3  wrote 048_GAL_006_003_GOI_It.txt
GAL 6:4  wrote 048_GAL_006_004_GOI_It.txt
GAL 6:5  wrote 048_GAL_006_005_GOI_It.txt
GAL 6:6  wrote 048_GAL_006_006_GOI_It.txt
GAL 6:7  wrote 048_GAL_006_007_GOI_It.txt
GAL 6:8  wrote 048_GAL_006_008_GOI_It.txt
GAL 6:9  wrote 048_GAL_006_009_GOI_It.txt
GAL 6:10  wrote 048_GAL_006_010_GOI_It.txt
GAL 6:11  wrote 048_GAL_006_011_GOI_It.txt
GAL 6:12  wrote 048_GAL_006_012_GOI_It.txt
GAL 6:13  wrote 048_GAL_006_013_GOI_It.txt
GAL 6:14  wrote 048_GAL_006_014_GOI_It.txt
GAL 6:15  wrote 048_GAL_006_015_GOI_It.txt
Traceback (most recent call last):
  File "/home/albert/projects/bible/Meta_Bible_Data/Bible_Noun_Extraction/translate_verses.py", line 601, in <module>
    main()
    ~~~~^^
  File "/home/albert/projects/bible/Meta_Bible_Data/Bible_Noun_Extraction/translate_verses.py", line 577, in main
    raise RuntimeError(
    ...<2 lines>...
    )
RuntimeError: GAL 6:16: rejected before write; missing required noun anchors: ['campo']; candidate="E quanti cammineranno secondo questa regola, pace su di loro e misericordia, e sull'Israele di Dio.\n"
GAL 6:1  skipped (already exists)
GAL 6:2  skipped (already exists)
GAL 6:3  skipped (already exists)
GAL 6:4  skipped (already exists)
GAL 6:5  skipped (already exists)
GAL 6:6  skipped (already exists)
GAL 6:7  skipped (already exists)
GAL 6:8  skipped (already exists)
GAL 6:9  skipped (already exists)
GAL 6:10  skipped (already exists)
GAL 6:11  skipped (already exists)
GAL 6:12  skipped (already exists)
GAL 6:13  skipped (already exists)
GAL 6:14  skipped (already exists)
GAL 6:15  skipped (already exists)
Traceback (most recent call last):
  File "/home/albert/projects/bible/Meta_Bible_Data/Bible_Noun_Extraction/translate_verses.py", line 601, in <module>
    main()
    ~~~~^^
  File "/home/albert/projects/bible/Meta_Bible_Data/Bible_Noun_Extraction/translate_verses.py", line 577, in main
    raise RuntimeError(
    ...<2 lines>...
    )
RuntimeError: GAL 6:16: rejected before write; missing required noun anchors: ['campo']; candidate="E quanti cammineranno secondo questa regola, pace su di loro e misericordia, e sull'Israele di Dio.\n"
GAL 6:1  skipped (already exists)
GAL 6:2  skipped (already exists)
GAL 6:3  skipped (already exists)
GAL 6:4  skipped (already exists)
GAL 6:5  skipped (already exists)
GAL 6:6  skipped (already exists)
GAL 6:7  skipped (already exists)
GAL 6:8  skipped (already exists)
GAL 6:9  skipped (already exists)
GAL 6:10  skipped (already exists)
GAL 6:11  skipped (already exists)
GAL 6:12  skipped (already exists)
GAL 6:13  skipped (already exists)
GAL 6:14  skipped (already exists)
GAL 6:15  skipped (already exists)
Traceback (most recent call last):
  File "/home/albert/projects/bible/Meta_Bible_Data/Bible_Noun_Extraction/translate_verses.py", line 601, in <module>
    main()
    ~~~~^^
  File "/home/albert/projects/bible/Meta_Bible_Data/Bible_Noun_Extraction/translate_verses.py", line 577, in main
    raise RuntimeError(
    ...<2 lines>...
    )
RuntimeError: GAL 6:16: rejected before write; missing required noun anchors: ['campo']; candidate="E quanti cammineranno secondo questa regola, pace su di loro e misericordia, e sull'Israele di Dio.\n"
GAL 6:17  wrote 048_GAL_006_017_GOI_It.txt
Done. Wrote 1 verse(s); skipped 0.
GAL 6:18  wrote 048_GAL_006_018_GOI_It.txt
Done. Wrote 1 verse(s); skipped 0.
EPH 1:1  wrote 049_EPH_001_001_GOI_It.txt
EPH 1:2  wrote 049_EPH_001_002_GOI_It.txt
EPH 1:3  wrote 049_EPH_001_003_GOI_It.txt
EPH 1:4  wrote 049_EPH_001_004_GOI_It.txt
EPH 1:5  wrote 049_EPH_001_005_GOI_It.txt
EPH 1:6  wrote 049_EPH_001_006_GOI_It.txt
EPH 1:7  wrote 049_EPH_001_007_GOI_It.txt
EPH 1:8  wrote 049_EPH_001_008_GOI_It.txt
EPH 1:9  wrote 049_EPH_001_009_GOI_It.txt
EPH 1:10  wrote 049_EPH_001_010_GOI_It.txt
EPH 1:11  wrote 049_EPH_001_011_GOI_It.txt
EPH 1:12  wrote 049_EPH_001_012_GOI_It.txt
EPH 1:13  wrote 049_EPH_001_013_GOI_It.txt
EPH 1:14  wrote 049_EPH_001_014_GOI_It.txt
EPH 1:15  wrote 049_EPH_001_015_GOI_It.txt
EPH 1:16  wrote 049_EPH_001_016_GOI_It.txt
EPH 1:17  wrote 049_EPH_001_017_GOI_It.txt
EPH 1:18  wrote 049_EPH_001_018_GOI_It.txt
EPH 1:19  wrote 049_EPH_001_019_GOI_It.txt
EPH 1:20  wrote 049_EPH_001_020_GOI_It.txt
EPH 1:21  wrote 049_EPH_001_021_GOI_It.txt
EPH 1:22  wrote 049_EPH_001_022_GOI_It.txt
EPH 1:23  wrote 049_EPH_001_023_GOI_It.txt
Done. Wrote 23 verse(s); skipped 0.
EPH 2:1  wrote 049_EPH_002_001_GOI_It.txt
EPH 2:2  wrote 049_EPH_002_002_GOI_It.txt
EPH 2:3  wrote 049_EPH_002_003_GOI_It.txt
EPH 2:4  wrote 049_EPH_002_004_GOI_It.txt
EPH 2:5  wrote 049_EPH_002_005_GOI_It.txt
EPH 2:6  wrote 049_EPH_002_006_GOI_It.txt
EPH 2:7  wrote 049_EPH_002_007_GOI_It.txt
EPH 2:8  wrote 049_EPH_002_008_GOI_It.txt
EPH 2:9  wrote 049_EPH_002_009_GOI_It.txt
EPH 2:10  wrote 049_EPH_002_010_GOI_It.txt
EPH 2:11  wrote 049_EPH_002_011_GOI_It.txt
EPH 2:12  wrote 049_EPH_002_012_GOI_It.txt
EPH 2:13  wrote 049_EPH_002_013_GOI_It.txt
EPH 2:14  wrote 049_EPH_002_014_GOI_It.txt
EPH 2:15  wrote 049_EPH_002_015_GOI_It.txt
EPH 2:16  wrote 049_EPH_002_016_GOI_It.txt
EPH 2:17  wrote 049_EPH_002_017_GOI_It.txt
EPH 2:18  wrote 049_EPH_002_018_GOI_It.txt
EPH 2:19  wrote 049_EPH_002_019_GOI_It.txt
EPH 2:20  wrote 049_EPH_002_020_GOI_It.txt
EPH 2:21  wrote 049_EPH_002_021_GOI_It.txt
EPH 2:22  wrote 049_EPH_002_022_GOI_It.txt
Done. Wrote 22 verse(s); skipped 0.
EPH 3:1  wrote 049_EPH_003_001_GOI_It.txt
EPH 3:2  wrote 049_EPH_003_002_GOI_It.txt
EPH 3:3  wrote 049_EPH_003_003_GOI_It.txt
EPH 3:4  wrote 049_EPH_003_004_GOI_It.txt
EPH 3:5  wrote 049_EPH_003_005_GOI_It.txt
EPH 3:6  wrote 049_EPH_003_006_GOI_It.txt
EPH 3:7  wrote 049_EPH_003_007_GOI_It.txt
EPH 3:8  wrote 049_EPH_003_008_GOI_It.txt
EPH 3:9  wrote 049_EPH_003_009_GOI_It.txt
EPH 3:10  wrote 049_EPH_003_010_GOI_It.txt
EPH 3:11  wrote 049_EPH_003_011_GOI_It.txt
EPH 3:12  wrote 049_EPH_003_012_GOI_It.txt
EPH 3:13  wrote 049_EPH_003_013_GOI_It.txt
EPH 3:14  wrote 049_EPH_003_014_GOI_It.txt
EPH 3:15  wrote 049_EPH_003_015_GOI_It.txt
EPH 3:16  wrote 049_EPH_003_016_GOI_It.txt
EPH 3:17  wrote 049_EPH_003_017_GOI_It.txt
EPH 3:18  wrote 049_EPH_003_018_GOI_It.txt
EPH 3:19  wrote 049_EPH_003_019_GOI_It.txt
EPH 3:20  wrote 049_EPH_003_020_GOI_It.txt
EPH 3:21  wrote 049_EPH_003_021_GOI_It.txt
Done. Wrote 21 verse(s); skipped 0.
EPH 4:1  wrote 049_EPH_004_001_GOI_It.txt
EPH 4:2  wrote 049_EPH_004_002_GOI_It.txt
EPH 4:3  wrote 049_EPH_004_003_GOI_It.txt
EPH 4:4  wrote 049_EPH_004_004_GOI_It.txt
EPH 4:5  wrote 049_EPH_004_005_GOI_It.txt
EPH 4:6  wrote 049_EPH_004_006_GOI_It.txt
EPH 4:7  wrote 049_EPH_004_007_GOI_It.txt
EPH 4:8  wrote 049_EPH_004_008_GOI_It.txt
EPH 4:9  wrote 049_EPH_004_009_GOI_It.txt
EPH 4:10  wrote 049_EPH_004_010_GOI_It.txt
EPH 4:11  wrote 049_EPH_004_011_GOI_It.txt
EPH 4:12  wrote 049_EPH_004_012_GOI_It.txt
EPH 4:13  wrote 049_EPH_004_013_GOI_It.txt
EPH 4:14  wrote 049_EPH_004_014_GOI_It.txt
EPH 4:15  wrote 049_EPH_004_015_GOI_It.txt
EPH 4:16  wrote 049_EPH_004_016_GOI_It.txt
EPH 4:17  wrote 049_EPH_004_017_GOI_It.txt
EPH 4:18  wrote 049_EPH_004_018_GOI_It.txt
Traceback (most recent call last):
  File "/home/albert/projects/bible/Meta_Bible_Data/Bible_Noun_Extraction/translate_verses.py", line 601, in <module>
    main()
    ~~~~^^
  File "/home/albert/projects/bible/Meta_Bible_Data/Bible_Noun_Extraction/translate_verses.py", line 577, in main
    raise RuntimeError(
    ...<2 lines>...
    )
RuntimeError: EPH 4:19: rejected before write; missing required noun anchors: ['pratica']; candidate='Essi, avendo perduto ogni sentimento, hanno consegnato se stessi alla lascivia per praticare ogni impurità nella cupidigia.\n'
EPH 4:1  skipped (already exists)
EPH 4:2  skipped (already exists)
EPH 4:3  skipped (already exists)
EPH 4:4  skipped (already exists)
EPH 4:5  skipped (already exists)
EPH 4:6  skipped (already exists)
EPH 4:7  skipped (already exists)
EPH 4:8  skipped (already exists)
EPH 4:9  skipped (already exists)
EPH 4:10  skipped (already exists)
EPH 4:11  skipped (already exists)
EPH 4:12  skipped (already exists)
EPH 4:13  skipped (already exists)
EPH 4:14  skipped (already exists)
EPH 4:15  skipped (already exists)
EPH 4:16  skipped (already exists)
EPH 4:17  skipped (already exists)
EPH 4:18  skipped (already exists)
Traceback (most recent call last):
  File "/home/albert/projects/bible/Meta_Bible_Data/Bible_Noun_Extraction/translate_verses.py", line 601, in <module>
    main()
    ~~~~^^
  File "/home/albert/projects/bible/Meta_Bible_Data/Bible_Noun_Extraction/translate_verses.py", line 577, in main
    raise RuntimeError(
    ...<2 lines>...
    )
RuntimeError: EPH 4:19: rejected before write; missing required noun anchors: ['pratica']; candidate='Essi, avendo perduto ogni sentimento, hanno consegnato se stessi alla lascivia per praticare ogni impurità nella cupidigia.\n'
EPH 4:1  skipped (already exists)
EPH 4:2  skipped (already exists)
EPH 4:3  skipped (already exists)
EPH 4:4  skipped (already exists)
EPH 4:5  skipped (already exists)
EPH 4:6  skipped (already exists)
EPH 4:7  skipped (already exists)
EPH 4:8  skipped (already exists)
EPH 4:9  skipped (already exists)
EPH 4:10  skipped (already exists)
EPH 4:11  skipped (already exists)
EPH 4:12  skipped (already exists)
EPH 4:13  skipped (already exists)
EPH 4:14  skipped (already exists)
EPH 4:15  skipped (already exists)
EPH 4:16  skipped (already exists)
EPH 4:17  skipped (already exists)
EPH 4:18  skipped (already exists)
Traceback (most recent call last):
  File "/home/albert/projects/bible/Meta_Bible_Data/Bible_Noun_Extraction/translate_verses.py", line 601, in <module>
    main()
    ~~~~^^
  File "/home/albert/projects/bible/Meta_Bible_Data/Bible_Noun_Extraction/translate_verses.py", line 577, in main
    raise RuntimeError(
    ...<2 lines>...
    )
RuntimeError: EPH 4:19: rejected before write; missing required noun anchors: ['pratica']; candidate='Essi, avendo perduto ogni sentimento, hanno consegnato se stessi alla lascivia per praticare ogni impurità con cupidigia.\n'
EPH 4:20  wrote 049_EPH_004_020_GOI_It.txt
Done. Wrote 1 verse(s); skipped 0.
EPH 4:21  wrote 049_EPH_004_021_GOI_It.txt
Done. Wrote 1 verse(s); skipped 0.
EPH 4:22  wrote 049_EPH_004_022_GOI_It.txt
Done. Wrote 1 verse(s); skipped 0.
EPH 4:23  wrote 049_EPH_004_023_GOI_It.txt
Done. Wrote 1 verse(s); skipped 0.
EPH 4:24  wrote 049_EPH_004_024_GOI_It.txt
Done. Wrote 1 verse(s); skipped 0.
EPH 4:25  wrote 049_EPH_004_025_GOI_It.txt
Done. Wrote 1 verse(s); skipped 0.
EPH 4:26  wrote 049_EPH_004_026_GOI_It.txt
Done. Wrote 1 verse(s); skipped 0.
EPH 4:27  wrote 049_EPH_004_027_GOI_It.txt
Done. Wrote 1 verse(s); skipped 0.
EPH 4:28  wrote 049_EPH_004_028_GOI_It.txt
Done. Wrote 1 verse(s); skipped 0.
EPH 4:29  wrote 049_EPH_004_029_GOI_It.txt
Done. Wrote 1 verse(s); skipped 0.
EPH 4:30  wrote 049_EPH_004_030_GOI_It.txt
Done. Wrote 1 verse(s); skipped 0.
EPH 4:31  wrote 049_EPH_004_031_GOI_It.txt
Done. Wrote 1 verse(s); skipped 0.
EPH 4:32  wrote 049_EPH_004_032_GOI_It.txt
Done. Wrote 1 verse(s); skipped 0.
EPH 5:1  wrote 049_EPH_005_001_GOI_It.txt
EPH 5:2  wrote 049_EPH_005_002_GOI_It.txt
EPH 5:3  wrote 049_EPH_005_003_GOI_It.txt
EPH 5:4  wrote 049_EPH_005_004_GOI_It.txt
EPH 5:5  wrote 049_EPH_005_005_GOI_It.txt
EPH 5:6  wrote 049_EPH_005_006_GOI_It.txt
EPH 5:7  wrote 049_EPH_005_007_GOI_It.txt
EPH 5:8  wrote 049_EPH_005_008_GOI_It.txt
EPH 5:9  wrote 049_EPH_005_009_GOI_It.txt
EPH 5:10  wrote 049_EPH_005_010_GOI_It.txt
EPH 5:11  wrote 049_EPH_005_011_GOI_It.txt
EPH 5:12  wrote 049_EPH_005_012_GOI_It.txt
EPH 5:13  wrote 049_EPH_005_013_GOI_It.txt
EPH 5:14  wrote 049_EPH_005_014_GOI_It.txt
EPH 5:15  wrote 049_EPH_005_015_GOI_It.txt
EPH 5:16  wrote 049_EPH_005_016_GOI_It.txt
EPH 5:17  wrote 049_EPH_005_017_GOI_It.txt
EPH 5:18  wrote 049_EPH_005_018_GOI_It.txt
EPH 5:19  wrote 049_EPH_005_019_GOI_It.txt
EPH 5:20  wrote 049_EPH_005_020_GOI_It.txt
EPH 5:21  wrote 049_EPH_005_021_GOI_It.txt
Traceback (most recent call last):
  File "/home/albert/projects/bible/Meta_Bible_Data/Bible_Noun_Extraction/translate_verses.py", line 601, in <module>
    main()
    ~~~~^^
  File "/home/albert/projects/bible/Meta_Bible_Data/Bible_Noun_Extraction/translate_verses.py", line 577, in main
    raise RuntimeError(
    ...<2 lines>...
    )
RuntimeError: EPH 5:22: rejected before write; missing required noun anchors: ['donna']; candidate='Le mogli siano sottomesse ai propri mariti, come al Signore.\n'
EPH 5:1  skipped (already exists)
EPH 5:2  skipped (already exists)
EPH 5:3  skipped (already exists)
EPH 5:4  skipped (already exists)
EPH 5:5  skipped (already exists)
EPH 5:6  skipped (already exists)
EPH 5:7  skipped (already exists)
EPH 5:8  skipped (already exists)
EPH 5:9  skipped (already exists)
EPH 5:10  skipped (already exists)
EPH 5:11  skipped (already exists)
EPH 5:12  skipped (already exists)
EPH 5:13  skipped (already exists)
EPH 5:14  skipped (already exists)
EPH 5:15  skipped (already exists)
EPH 5:16  skipped (already exists)
EPH 5:17  skipped (already exists)
EPH 5:18  skipped (already exists)
EPH 5:19  skipped (already exists)
EPH 5:20  skipped (already exists)
EPH 5:21  skipped (already exists)
Traceback (most recent call last):
  File "/home/albert/projects/bible/Meta_Bible_Data/Bible_Noun_Extraction/translate_verses.py", line 601, in <module>
    main()
    ~~~~^^
  File "/home/albert/projects/bible/Meta_Bible_Data/Bible_Noun_Extraction/translate_verses.py", line 577, in main
    raise RuntimeError(
    ...<2 lines>...
    )
RuntimeError: EPH 5:22: rejected before write; missing required noun anchors: ['donna']; candidate='Le mogli siano sottomesse ai propri mariti, come al Signore.\n'
EPH 5:1  skipped (already exists)
EPH 5:2  skipped (already exists)
EPH 5:3  skipped (already exists)
EPH 5:4  skipped (already exists)
EPH 5:5  skipped (already exists)
EPH 5:6  skipped (already exists)
EPH 5:7  skipped (already exists)
EPH 5:8  skipped (already exists)
EPH 5:9  skipped (already exists)
EPH 5:10  skipped (already exists)
EPH 5:11  skipped (already exists)
EPH 5:12  skipped (already exists)
EPH 5:13  skipped (already exists)
EPH 5:14  skipped (already exists)
EPH 5:15  skipped (already exists)
EPH 5:16  skipped (already exists)
EPH 5:17  skipped (already exists)
EPH 5:18  skipped (already exists)
EPH 5:19  skipped (already exists)
EPH 5:20  skipped (already exists)
EPH 5:21  skipped (already exists)
Traceback (most recent call last):
  File "/home/albert/projects/bible/Meta_Bible_Data/Bible_Noun_Extraction/translate_verses.py", line 601, in <module>
    main()
    ~~~~^^
  File "/home/albert/projects/bible/Meta_Bible_Data/Bible_Noun_Extraction/translate_verses.py", line 577, in main
    raise RuntimeError(
    ...<2 lines>...
    )
RuntimeError: EPH 5:22: rejected before write; missing required noun anchors: ['donna']; candidate='Le mogli siano sottomesse ai propri mariti, come al Signore.\n'
EPH 5:23  wrote 049_EPH_005_023_GOI_It.txt
Done. Wrote 1 verse(s); skipped 0.
EPH 5:24  wrote 049_EPH_005_024_GOI_It.txt
Done. Wrote 1 verse(s); skipped 0.
EPH 5:25  wrote 049_EPH_005_025_GOI_It.txt
Done. Wrote 1 verse(s); skipped 0.
EPH 5:26  wrote 049_EPH_005_026_GOI_It.txt
Done. Wrote 1 verse(s); skipped 0.
EPH 5:27  wrote 049_EPH_005_027_GOI_It.txt
Done. Wrote 1 verse(s); skipped 0.
EPH 5:28  wrote 049_EPH_005_028_GOI_It.txt
Done. Wrote 1 verse(s); skipped 0.
EPH 5:29  wrote 049_EPH_005_029_GOI_It.txt
Done. Wrote 1 verse(s); skipped 0.
EPH 5:30  wrote 049_EPH_005_030_GOI_It.txt
Done. Wrote 1 verse(s); skipped 0.
EPH 5:31  wrote 049_EPH_005_031_GOI_It.txt
Done. Wrote 1 verse(s); skipped 0.
EPH 5:32  wrote 049_EPH_005_032_GOI_It.txt
Done. Wrote 1 verse(s); skipped 0.
EPH 5:33  wrote 049_EPH_005_033_GOI_It.txt
Done. Wrote 1 verse(s); skipped 0.
EPH 6:1  wrote 049_EPH_006_001_GOI_It.txt
EPH 6:2  wrote 049_EPH_006_002_GOI_It.txt
EPH 6:3  wrote 049_EPH_006_003_GOI_It.txt
EPH 6:4  wrote 049_EPH_006_004_GOI_It.txt
EPH 6:5  wrote 049_EPH_006_005_GOI_It.txt
EPH 6:6  wrote 049_EPH_006_006_GOI_It.txt
EPH 6:7  wrote 049_EPH_006_007_GOI_It.txt
EPH 6:8  wrote 049_EPH_006_008_GOI_It.txt
EPH 6:9  wrote 049_EPH_006_009_GOI_It.txt
EPH 6:10  wrote 049_EPH_006_010_GOI_It.txt
EPH 6:11  wrote 049_EPH_006_011_GOI_It.txt
EPH 6:12  wrote 049_EPH_006_012_GOI_It.txt
EPH 6:13  wrote 049_EPH_006_013_GOI_It.txt
EPH 6:14  wrote 049_EPH_006_014_GOI_It.txt
EPH 6:15  wrote 049_EPH_006_015_GOI_It.txt
EPH 6:16  wrote 049_EPH_006_016_GOI_It.txt
EPH 6:17  wrote 049_EPH_006_017_GOI_It.txt
EPH 6:18  wrote 049_EPH_006_018_GOI_It.txt
EPH 6:19  wrote 049_EPH_006_019_GOI_It.txt
EPH 6:20  wrote 049_EPH_006_020_GOI_It.txt
EPH 6:21  wrote 049_EPH_006_021_GOI_It.txt
EPH 6:22  wrote 049_EPH_006_022_GOI_It.txt
EPH 6:23  wrote 049_EPH_006_023_GOI_It.txt
EPH 6:24  wrote 049_EPH_006_024_GOI_It.txt
Done. Wrote 24 verse(s); skipped 0.
PHP 1:1  wrote 050_PHP_001_001_GOI_It.txt
PHP 1:2  wrote 050_PHP_001_002_GOI_It.txt
PHP 1:3  wrote 050_PHP_001_003_GOI_It.txt
PHP 1:4  wrote 050_PHP_001_004_GOI_It.txt
PHP 1:5  wrote 050_PHP_001_005_GOI_It.txt
PHP 1:6  wrote 050_PHP_001_006_GOI_It.txt
PHP 1:7  wrote 050_PHP_001_007_GOI_It.txt
PHP 1:8  wrote 050_PHP_001_008_GOI_It.txt
PHP 1:9  wrote 050_PHP_001_009_GOI_It.txt
PHP 1:10  wrote 050_PHP_001_010_GOI_It.txt
PHP 1:11  wrote 050_PHP_001_011_GOI_It.txt
PHP 1:12  wrote 050_PHP_001_012_GOI_It.txt
PHP 1:13  wrote 050_PHP_001_013_GOI_It.txt
PHP 1:14  wrote 050_PHP_001_014_GOI_It.txt
PHP 1:15  wrote 050_PHP_001_015_GOI_It.txt
PHP 1:16  wrote 050_PHP_001_016_GOI_It.txt
PHP 1:17  wrote 050_PHP_001_017_GOI_It.txt
PHP 1:18  wrote 050_PHP_001_018_GOI_It.txt
PHP 1:19  wrote 050_PHP_001_019_GOI_It.txt
PHP 1:20  wrote 050_PHP_001_020_GOI_It.txt
PHP 1:21  wrote 050_PHP_001_021_GOI_It.txt
PHP 1:22  wrote 050_PHP_001_022_GOI_It.txt
PHP 1:23  wrote 050_PHP_001_023_GOI_It.txt
PHP 1:24  wrote 050_PHP_001_024_GOI_It.txt
PHP 1:25  wrote 050_PHP_001_025_GOI_It.txt
PHP 1:26  wrote 050_PHP_001_026_GOI_It.txt
PHP 1:27  wrote 050_PHP_001_027_GOI_It.txt
PHP 1:28  wrote 050_PHP_001_028_GOI_It.txt
PHP 1:29  wrote 050_PHP_001_029_GOI_It.txt
PHP 1:30  wrote 050_PHP_001_030_GOI_It.txt
Done. Wrote 30 verse(s); skipped 0.
PHP 2:1  wrote 050_PHP_002_001_GOI_It.txt
PHP 2:2  wrote 050_PHP_002_002_GOI_It.txt
PHP 2:3  wrote 050_PHP_002_003_GOI_It.txt
PHP 2:4  wrote 050_PHP_002_004_GOI_It.txt
PHP 2:5  wrote 050_PHP_002_005_GOI_It.txt
PHP 2:6  wrote 050_PHP_002_006_GOI_It.txt
PHP 2:7  wrote 050_PHP_002_007_GOI_It.txt
PHP 2:8  wrote 050_PHP_002_008_GOI_It.txt
PHP 2:9  wrote 050_PHP_002_009_GOI_It.txt
PHP 2:10  wrote 050_PHP_002_010_GOI_It.txt
PHP 2:11  wrote 050_PHP_002_011_GOI_It.txt
PHP 2:12  wrote 050_PHP_002_012_GOI_It.txt
PHP 2:13  wrote 050_PHP_002_013_GOI_It.txt
PHP 2:14  wrote 050_PHP_002_014_GOI_It.txt
PHP 2:15  wrote 050_PHP_002_015_GOI_It.txt
PHP 2:16  wrote 050_PHP_002_016_GOI_It.txt
PHP 2:17  wrote 050_PHP_002_017_GOI_It.txt
PHP 2:18  wrote 050_PHP_002_018_GOI_It.txt
PHP 2:19  wrote 050_PHP_002_019_GOI_It.txt
PHP 2:20  wrote 050_PHP_002_020_GOI_It.txt
PHP 2:21  wrote 050_PHP_002_021_GOI_It.txt
PHP 2:22  wrote 050_PHP_002_022_GOI_It.txt
PHP 2:23  wrote 050_PHP_002_023_GOI_It.txt
PHP 2:24  wrote 050_PHP_002_024_GOI_It.txt
PHP 2:25  wrote 050_PHP_002_025_GOI_It.txt
PHP 2:26  wrote 050_PHP_002_026_GOI_It.txt
PHP 2:27  wrote 050_PHP_002_027_GOI_It.txt
PHP 2:28  wrote 050_PHP_002_028_GOI_It.txt
PHP 2:29  wrote 050_PHP_002_029_GOI_It.txt
PHP 2:30  wrote 050_PHP_002_030_GOI_It.txt
Done. Wrote 30 verse(s); skipped 0.
PHP 3:1  wrote 050_PHP_003_001_GOI_It.txt
PHP 3:2  wrote 050_PHP_003_002_GOI_It.txt
PHP 3:3  wrote 050_PHP_003_003_GOI_It.txt
PHP 3:4  wrote 050_PHP_003_004_GOI_It.txt
PHP 3:5  wrote 050_PHP_003_005_GOI_It.txt
PHP 3:6  wrote 050_PHP_003_006_GOI_It.txt
PHP 3:7  wrote 050_PHP_003_007_GOI_It.txt
PHP 3:8  wrote 050_PHP_003_008_GOI_It.txt
PHP 3:9  wrote 050_PHP_003_009_GOI_It.txt
PHP 3:10  wrote 050_PHP_003_010_GOI_It.txt
PHP 3:11  wrote 050_PHP_003_011_GOI_It.txt
PHP 3:12  wrote 050_PHP_003_012_GOI_It.txt
PHP 3:13  wrote 050_PHP_003_013_GOI_It.txt
PHP 3:14  wrote 050_PHP_003_014_GOI_It.txt
PHP 3:15  wrote 050_PHP_003_015_GOI_It.txt
Traceback (most recent call last):
  File "/home/albert/projects/bible/Meta_Bible_Data/Bible_Noun_Extraction/translate_verses.py", line 601, in <module>
    main()
    ~~~~^^
  File "/home/albert/projects/bible/Meta_Bible_Data/Bible_Noun_Extraction/translate_verses.py", line 577, in main
    raise RuntimeError(
    ...<2 lines>...
    )
RuntimeError: PHP 3:16: rejected before write; missing required noun anchors: ['campo']; candidate='Soltanto, in ciò che abbiamo raggiunto, camminiamo secondo la stessa regola, pensiamo la stessa cosa.\n'
PHP 3:1  skipped (already exists)
PHP 3:2  skipped (already exists)
PHP 3:3  skipped (already exists)
PHP 3:4  skipped (already exists)
PHP 3:5  skipped (already exists)
PHP 3:6  skipped (already exists)
PHP 3:7  skipped (already exists)
PHP 3:8  skipped (already exists)
PHP 3:9  skipped (already exists)
PHP 3:10  skipped (already exists)
PHP 3:11  skipped (already exists)
PHP 3:12  skipped (already exists)
PHP 3:13  skipped (already exists)
PHP 3:14  skipped (already exists)
PHP 3:15  skipped (already exists)
Traceback (most recent call last):
  File "/home/albert/projects/bible/Meta_Bible_Data/Bible_Noun_Extraction/translate_verses.py", line 601, in <module>
    main()
    ~~~~^^
  File "/home/albert/projects/bible/Meta_Bible_Data/Bible_Noun_Extraction/translate_verses.py", line 577, in main
    raise RuntimeError(
    ...<2 lines>...
    )
RuntimeError: PHP 3:16: rejected before write; missing required noun anchors: ['campo']; candidate='Soltanto, in ciò che abbiamo raggiunto, camminiamo secondo la stessa regola, pensiamo la stessa cosa.\n'
PHP 3:1  skipped (already exists)
PHP 3:2  skipped (already exists)
PHP 3:3  skipped (already exists)
PHP 3:4  skipped (already exists)
PHP 3:5  skipped (already exists)
PHP 3:6  skipped (already exists)
PHP 3:7  skipped (already exists)
PHP 3:8  skipped (already exists)
PHP 3:9  skipped (already exists)
PHP 3:10  skipped (already exists)
PHP 3:11  skipped (already exists)
PHP 3:12  skipped (already exists)
PHP 3:13  skipped (already exists)
PHP 3:14  skipped (already exists)
PHP 3:15  skipped (already exists)
Traceback (most recent call last):
  File "/home/albert/projects/bible/Meta_Bible_Data/Bible_Noun_Extraction/translate_verses.py", line 601, in <module>
    main()
    ~~~~^^
  File "/home/albert/projects/bible/Meta_Bible_Data/Bible_Noun_Extraction/translate_verses.py", line 577, in main
    raise RuntimeError(
    ...<2 lines>...
    )
RuntimeError: PHP 3:16: rejected before write; missing required noun anchors: ['campo']; candidate='Tuttavia, in ciò a cui siamo giunti, camminiamo secondo la stessa regola, pensiamo la stessa cosa.\n'
PHP 3:17  wrote 050_PHP_003_017_GOI_It.txt
Done. Wrote 1 verse(s); skipped 0.
PHP 3:18  wrote 050_PHP_003_018_GOI_It.txt
Done. Wrote 1 verse(s); skipped 0.
PHP 3:19  wrote 050_PHP_003_019_GOI_It.txt
Done. Wrote 1 verse(s); skipped 0.
PHP 3:20  wrote 050_PHP_003_020_GOI_It.txt
Done. Wrote 1 verse(s); skipped 0.
PHP 3:21  wrote 050_PHP_003_021_GOI_It.txt
Done. Wrote 1 verse(s); skipped 0.
PHP 4:1  wrote 050_PHP_004_001_GOI_It.txt
PHP 4:2  wrote 050_PHP_004_002_GOI_It.txt
PHP 4:3  wrote 050_PHP_004_003_GOI_It.txt
PHP 4:4  wrote 050_PHP_004_004_GOI_It.txt
PHP 4:5  wrote 050_PHP_004_005_GOI_It.txt
PHP 4:6  wrote 050_PHP_004_006_GOI_It.txt
PHP 4:7  wrote 050_PHP_004_007_GOI_It.txt
PHP 4:8  wrote 050_PHP_004_008_GOI_It.txt
PHP 4:9  wrote 050_PHP_004_009_GOI_It.txt
PHP 4:10  wrote 050_PHP_004_010_GOI_It.txt
PHP 4:11  wrote 050_PHP_004_011_GOI_It.txt
PHP 4:12  wrote 050_PHP_004_012_GOI_It.txt
PHP 4:13  wrote 050_PHP_004_013_GOI_It.txt
PHP 4:14  wrote 050_PHP_004_014_GOI_It.txt
PHP 4:15  wrote 050_PHP_004_015_GOI_It.txt
PHP 4:16  wrote 050_PHP_004_016_GOI_It.txt
PHP 4:17  wrote 050_PHP_004_017_GOI_It.txt
PHP 4:18  wrote 050_PHP_004_018_GOI_It.txt
PHP 4:19  wrote 050_PHP_004_019_GOI_It.txt
PHP 4:20  wrote 050_PHP_004_020_GOI_It.txt
PHP 4:21  wrote 050_PHP_004_021_GOI_It.txt
PHP 4:22  wrote 050_PHP_004_022_GOI_It.txt
PHP 4:23  wrote 050_PHP_004_023_GOI_It.txt
Done. Wrote 23 verse(s); skipped 0.
COL 1:1  wrote 051_COL_001_001_GOI_It.txt
COL 1:2  wrote 051_COL_001_002_GOI_It.txt
COL 1:3  wrote 051_COL_001_003_GOI_It.txt
COL 1:4  wrote 051_COL_001_004_GOI_It.txt
COL 1:5  wrote 051_COL_001_005_GOI_It.txt
COL 1:6  wrote 051_COL_001_006_GOI_It.txt
COL 1:7  wrote 051_COL_001_007_GOI_It.txt
COL 1:8  wrote 051_COL_001_008_GOI_It.txt
COL 1:9  wrote 051_COL_001_009_GOI_It.txt
COL 1:10  wrote 051_COL_001_010_GOI_It.txt
COL 1:11  wrote 051_COL_001_011_GOI_It.txt
COL 1:12  wrote 051_COL_001_012_GOI_It.txt
COL 1:13  wrote 051_COL_001_013_GOI_It.txt
COL 1:14  wrote 051_COL_001_014_GOI_It.txt
COL 1:15  wrote 051_COL_001_015_GOI_It.txt
COL 1:16  wrote 051_COL_001_016_GOI_It.txt
COL 1:17  wrote 051_COL_001_017_GOI_It.txt
COL 1:18  wrote 051_COL_001_018_GOI_It.txt
COL 1:19  wrote 051_COL_001_019_GOI_It.txt
COL 1:20  wrote 051_COL_001_020_GOI_It.txt
COL 1:21  wrote 051_COL_001_021_GOI_It.txt
COL 1:22  wrote 051_COL_001_022_GOI_It.txt
COL 1:23  wrote 051_COL_001_023_GOI_It.txt
COL 1:24  wrote 051_COL_001_024_GOI_It.txt
COL 1:25  wrote 051_COL_001_025_GOI_It.txt
COL 1:26  wrote 051_COL_001_026_GOI_It.txt
COL 1:27  wrote 051_COL_001_027_GOI_It.txt
COL 1:28  wrote 051_COL_001_028_GOI_It.txt
COL 1:29  wrote 051_COL_001_029_GOI_It.txt
Done. Wrote 29 verse(s); skipped 0.
COL 2:1  wrote 051_COL_002_001_GOI_It.txt
COL 2:2  wrote 051_COL_002_002_GOI_It.txt
COL 2:3  wrote 051_COL_002_003_GOI_It.txt
COL 2:4  wrote 051_COL_002_004_GOI_It.txt
COL 2:5  wrote 051_COL_002_005_GOI_It.txt
COL 2:6  wrote 051_COL_002_006_GOI_It.txt
COL 2:7  wrote 051_COL_002_007_GOI_It.txt
COL 2:8  wrote 051_COL_002_008_GOI_It.txt
COL 2:9  wrote 051_COL_002_009_GOI_It.txt
COL 2:10  wrote 051_COL_002_010_GOI_It.txt
COL 2:11  wrote 051_COL_002_011_GOI_It.txt
COL 2:12  wrote 051_COL_002_012_GOI_It.txt
COL 2:13  wrote 051_COL_002_013_GOI_It.txt
COL 2:14  wrote 051_COL_002_014_GOI_It.txt
COL 2:15  wrote 051_COL_002_015_GOI_It.txt
COL 2:16  wrote 051_COL_002_016_GOI_It.txt
COL 2:17  wrote 051_COL_002_017_GOI_It.txt
COL 2:18  wrote 051_COL_002_018_GOI_It.txt
COL 2:19  wrote 051_COL_002_019_GOI_It.txt
COL 2:20  wrote 051_COL_002_020_GOI_It.txt
COL 2:21  wrote 051_COL_002_021_GOI_It.txt
COL 2:22  wrote 051_COL_002_022_GOI_It.txt
COL 2:23  wrote 051_COL_002_023_GOI_It.txt
Done. Wrote 23 verse(s); skipped 0.
COL 3:1  wrote 051_COL_003_001_GOI_It.txt
COL 3:2  wrote 051_COL_003_002_GOI_It.txt
COL 3:3  wrote 051_COL_003_003_GOI_It.txt
COL 3:4  wrote 051_COL_003_004_GOI_It.txt
COL 3:5  wrote 051_COL_003_005_GOI_It.txt
COL 3:6  wrote 051_COL_003_006_GOI_It.txt
COL 3:7  wrote 051_COL_003_007_GOI_It.txt
COL 3:8  wrote 051_COL_003_008_GOI_It.txt
COL 3:9  wrote 051_COL_003_009_GOI_It.txt
COL 3:10  wrote 051_COL_003_010_GOI_It.txt
COL 3:11  wrote 051_COL_003_011_GOI_It.txt
COL 3:12  wrote 051_COL_003_012_GOI_It.txt
COL 3:13  wrote 051_COL_003_013_GOI_It.txt
COL 3:14  wrote 051_COL_003_014_GOI_It.txt
COL 3:15  wrote 051_COL_003_015_GOI_It.txt
COL 3:16  wrote 051_COL_003_016_GOI_It.txt
COL 3:17  wrote 051_COL_003_017_GOI_It.txt
COL 3:18  wrote 051_COL_003_018_GOI_It.txt
COL 3:19  wrote 051_COL_003_019_GOI_It.txt
COL 3:20  wrote 051_COL_003_020_GOI_It.txt
COL 3:21  wrote 051_COL_003_021_GOI_It.txt
COL 3:22  wrote 051_COL_003_022_GOI_It.txt
COL 3:23  wrote 051_COL_003_023_GOI_It.txt
COL 3:24  wrote 051_COL_003_024_GOI_It.txt
COL 3:25  wrote 051_COL_003_025_GOI_It.txt
Done. Wrote 25 verse(s); skipped 0.
COL 4:1  wrote 051_COL_004_001_GOI_It.txt
COL 4:2  wrote 051_COL_004_002_GOI_It.txt
COL 4:3  wrote 051_COL_004_003_GOI_It.txt
COL 4:4  wrote 051_COL_004_004_GOI_It.txt
COL 4:5  wrote 051_COL_004_005_GOI_It.txt
COL 4:6  wrote 051_COL_004_006_GOI_It.txt
COL 4:7  wrote 051_COL_004_007_GOI_It.txt
COL 4:8  wrote 051_COL_004_008_GOI_It.txt
COL 4:9  wrote 051_COL_004_009_GOI_It.txt
COL 4:10  wrote 051_COL_004_010_GOI_It.txt
COL 4:11  wrote 051_COL_004_011_GOI_It.txt
COL 4:12  wrote 051_COL_004_012_GOI_It.txt
COL 4:13  wrote 051_COL_004_013_GOI_It.txt
COL 4:14  wrote 051_COL_004_014_GOI_It.txt
COL 4:15  wrote 051_COL_004_015_GOI_It.txt
COL 4:16  wrote 051_COL_004_016_GOI_It.txt
COL 4:17  wrote 051_COL_004_017_GOI_It.txt
COL 4:18  wrote 051_COL_004_018_GOI_It.txt
Done. Wrote 18 verse(s); skipped 0.
1TH 1:1  wrote 052_1TH_001_001_GOI_It.txt
1TH 1:2  wrote 052_1TH_001_002_GOI_It.txt
1TH 1:3  wrote 052_1TH_001_003_GOI_It.txt
1TH 1:4  wrote 052_1TH_001_004_GOI_It.txt
1TH 1:5  wrote 052_1TH_001_005_GOI_It.txt
1TH 1:6  wrote 052_1TH_001_006_GOI_It.txt
1TH 1:7  wrote 052_1TH_001_007_GOI_It.txt
1TH 1:8  wrote 052_1TH_001_008_GOI_It.txt
1TH 1:9  wrote 052_1TH_001_009_GOI_It.txt
1TH 1:10  wrote 052_1TH_001_010_GOI_It.txt
Done. Wrote 10 verse(s); skipped 0.
1TH 2:1  wrote 052_1TH_002_001_GOI_It.txt
1TH 2:2  wrote 052_1TH_002_002_GOI_It.txt
1TH 2:3  wrote 052_1TH_002_003_GOI_It.txt
1TH 2:4  wrote 052_1TH_002_004_GOI_It.txt
1TH 2:5  wrote 052_1TH_002_005_GOI_It.txt
1TH 2:6  wrote 052_1TH_002_006_GOI_It.txt
1TH 2:7  wrote 052_1TH_002_007_GOI_It.txt
1TH 2:8  wrote 052_1TH_002_008_GOI_It.txt
1TH 2:9  wrote 052_1TH_002_009_GOI_It.txt
1TH 2:10  wrote 052_1TH_002_010_GOI_It.txt
1TH 2:11  wrote 052_1TH_002_011_GOI_It.txt
1TH 2:12  wrote 052_1TH_002_012_GOI_It.txt
1TH 2:13  wrote 052_1TH_002_013_GOI_It.txt
1TH 2:14  wrote 052_1TH_002_014_GOI_It.txt
1TH 2:15  wrote 052_1TH_002_015_GOI_It.txt
1TH 2:16  wrote 052_1TH_002_016_GOI_It.txt
1TH 2:17  wrote 052_1TH_002_017_GOI_It.txt
1TH 2:18  wrote 052_1TH_002_018_GOI_It.txt
1TH 2:19  wrote 052_1TH_002_019_GOI_It.txt
1TH 2:20  wrote 052_1TH_002_020_GOI_It.txt
Done. Wrote 20 verse(s); skipped 0.
1TH 3:1  wrote 052_1TH_003_001_GOI_It.txt
1TH 3:2  wrote 052_1TH_003_002_GOI_It.txt
1TH 3:3  wrote 052_1TH_003_003_GOI_It.txt
1TH 3:4  wrote 052_1TH_003_004_GOI_It.txt
1TH 3:5  wrote 052_1TH_003_005_GOI_It.txt
1TH 3:6  wrote 052_1TH_003_006_GOI_It.txt
1TH 3:7  wrote 052_1TH_003_007_GOI_It.txt
1TH 3:8  wrote 052_1TH_003_008_GOI_It.txt
1TH 3:9  wrote 052_1TH_003_009_GOI_It.txt
1TH 3:10  wrote 052_1TH_003_010_GOI_It.txt
1TH 3:11  wrote 052_1TH_003_011_GOI_It.txt
1TH 3:12  wrote 052_1TH_003_012_GOI_It.txt
1TH 3:13  wrote 052_1TH_003_013_GOI_It.txt
Done. Wrote 13 verse(s); skipped 0.
1TH 4:1  wrote 052_1TH_004_001_GOI_It.txt
1TH 4:2  wrote 052_1TH_004_002_GOI_It.txt
1TH 4:3  wrote 052_1TH_004_003_GOI_It.txt
1TH 4:4  wrote 052_1TH_004_004_GOI_It.txt
1TH 4:5  wrote 052_1TH_004_005_GOI_It.txt
1TH 4:6  wrote 052_1TH_004_006_GOI_It.txt
1TH 4:7  wrote 052_1TH_004_007_GOI_It.txt
1TH 4:8  wrote 052_1TH_004_008_GOI_It.txt
1TH 4:9  wrote 052_1TH_004_009_GOI_It.txt
1TH 4:10  wrote 052_1TH_004_010_GOI_It.txt
1TH 4:11  wrote 052_1TH_004_011_GOI_It.txt
1TH 4:12  wrote 052_1TH_004_012_GOI_It.txt
1TH 4:13  wrote 052_1TH_004_013_GOI_It.txt
1TH 4:14  wrote 052_1TH_004_014_GOI_It.txt
1TH 4:15  wrote 052_1TH_004_015_GOI_It.txt
1TH 4:16  wrote 052_1TH_004_016_GOI_It.txt
1TH 4:17  wrote 052_1TH_004_017_GOI_It.txt
1TH 4:18  wrote 052_1TH_004_018_GOI_It.txt
Done. Wrote 18 verse(s); skipped 0.
1TH 5:1  wrote 052_1TH_005_001_GOI_It.txt
1TH 5:2  wrote 052_1TH_005_002_GOI_It.txt
1TH 5:3  wrote 052_1TH_005_003_GOI_It.txt
1TH 5:4  wrote 052_1TH_005_004_GOI_It.txt
1TH 5:5  wrote 052_1TH_005_005_GOI_It.txt
1TH 5:6  wrote 052_1TH_005_006_GOI_It.txt
1TH 5:7  wrote 052_1TH_005_007_GOI_It.txt
1TH 5:8  wrote 052_1TH_005_008_GOI_It.txt
Traceback (most recent call last):
  File "/home/albert/projects/bible/Meta_Bible_Data/Bible_Noun_Extraction/translate_verses.py", line 601, in <module>
    main()
    ~~~~^^
  File "/home/albert/projects/bible/Meta_Bible_Data/Bible_Noun_Extraction/translate_verses.py", line 577, in main
    raise RuntimeError(
    ...<2 lines>...
    )
RuntimeError: 1TH 5:9: rejected before write; missing required noun anchors: ['possessione']; candidate="Perché Dio non ci ha destinati all'ira, ma al possesso della salvezza per mezzo del nostro Signore Gesù Cristo.\n"
1TH 5:1  skipped (already exists)
1TH 5:2  skipped (already exists)
1TH 5:3  skipped (already exists)
1TH 5:4  skipped (already exists)
1TH 5:5  skipped (already exists)
1TH 5:6  skipped (already exists)
1TH 5:7  skipped (already exists)
1TH 5:8  skipped (already exists)
Traceback (most recent call last):
  File "/home/albert/projects/bible/Meta_Bible_Data/Bible_Noun_Extraction/translate_verses.py", line 601, in <module>
    main()
    ~~~~^^
  File "/home/albert/projects/bible/Meta_Bible_Data/Bible_Noun_Extraction/translate_verses.py", line 577, in main
    raise RuntimeError(
    ...<2 lines>...
    )
RuntimeError: 1TH 5:9: rejected before write; missing required noun anchors: ['possessione']; candidate="Poiché Dio non ci ha posti per l'ira, ma per il possesso della salvezza per mezzo del nostro Signore Gesù Cristo.\n"
1TH 5:1  skipped (already exists)
1TH 5:2  skipped (already exists)
1TH 5:3  skipped (already exists)
1TH 5:4  skipped (already exists)
1TH 5:5  skipped (already exists)
1TH 5:6  skipped (already exists)
1TH 5:7  skipped (already exists)
1TH 5:8  skipped (already exists)
Traceback (most recent call last):
  File "/home/albert/projects/bible/Meta_Bible_Data/Bible_Noun_Extraction/translate_verses.py", line 601, in <module>
    main()
    ~~~~^^
  File "/home/albert/projects/bible/Meta_Bible_Data/Bible_Noun_Extraction/translate_verses.py", line 577, in main
    raise RuntimeError(
    ...<2 lines>...
    )
RuntimeError: 1TH 5:9: rejected before write; missing required noun anchors: ['possessione']; candidate="Poiché Dio non ci ha posti per l'ira, ma per il possesso della salvezza per mezzo del nostro Signore Gesù Cristo.\n"
1TH 5:10  wrote 052_1TH_005_010_GOI_It.txt
Done. Wrote 1 verse(s); skipped 0.
1TH 5:11  wrote 052_1TH_005_011_GOI_It.txt
Done. Wrote 1 verse(s); skipped 0.
1TH 5:12  wrote 052_1TH_005_012_GOI_It.txt
Done. Wrote 1 verse(s); skipped 0.
1TH 5:13  wrote 052_1TH_005_013_GOI_It.txt
Done. Wrote 1 verse(s); skipped 0.
1TH 5:14  wrote 052_1TH_005_014_GOI_It.txt
Done. Wrote 1 verse(s); skipped 0.
1TH 5:15  wrote 052_1TH_005_015_GOI_It.txt
Done. Wrote 1 verse(s); skipped 0.
1TH 5:16  wrote 052_1TH_005_016_GOI_It.txt
Done. Wrote 1 verse(s); skipped 0.
1TH 5:17  wrote 052_1TH_005_017_GOI_It.txt
Done. Wrote 1 verse(s); skipped 0.
1TH 5:18  wrote 052_1TH_005_018_GOI_It.txt
Done. Wrote 1 verse(s); skipped 0.
1TH 5:19  wrote 052_1TH_005_019_GOI_It.txt
Done. Wrote 1 verse(s); skipped 0.
1TH 5:20  wrote 052_1TH_005_020_GOI_It.txt
Done. Wrote 1 verse(s); skipped 0.
1TH 5:21  wrote 052_1TH_005_021_GOI_It.txt
Done. Wrote 1 verse(s); skipped 0.
1TH 5:22  wrote 052_1TH_005_022_GOI_It.txt
Done. Wrote 1 verse(s); skipped 0.
1TH 5:23  wrote 052_1TH_005_023_GOI_It.txt
Done. Wrote 1 verse(s); skipped 0.
1TH 5:24  wrote 052_1TH_005_024_GOI_It.txt
Done. Wrote 1 verse(s); skipped 0.
1TH 5:25  wrote 052_1TH_005_025_GOI_It.txt
Done. Wrote 1 verse(s); skipped 0.
1TH 5:26  wrote 052_1TH_005_026_GOI_It.txt
Done. Wrote 1 verse(s); skipped 0.
1TH 5:27  wrote 052_1TH_005_027_GOI_It.txt
Done. Wrote 1 verse(s); skipped 0.
1TH 5:28  wrote 052_1TH_005_028_GOI_It.txt
Done. Wrote 1 verse(s); skipped 0.
2TH 1:1  wrote 053_2TH_001_001_GOI_It.txt
2TH 1:2  wrote 053_2TH_001_002_GOI_It.txt
2TH 1:3  wrote 053_2TH_001_003_GOI_It.txt
2TH 1:4  wrote 053_2TH_001_004_GOI_It.txt
2TH 1:5  wrote 053_2TH_001_005_GOI_It.txt
2TH 1:6  wrote 053_2TH_001_006_GOI_It.txt
2TH 1:7  wrote 053_2TH_001_007_GOI_It.txt
2TH 1:8  wrote 053_2TH_001_008_GOI_It.txt
2TH 1:9  wrote 053_2TH_001_009_GOI_It.txt
2TH 1:10  wrote 053_2TH_001_010_GOI_It.txt
2TH 1:11  wrote 053_2TH_001_011_GOI_It.txt
2TH 1:12  wrote 053_2TH_001_012_GOI_It.txt
Done. Wrote 12 verse(s); skipped 0.
2TH 2:1  wrote 053_2TH_002_001_GOI_It.txt
2TH 2:2  wrote 053_2TH_002_002_GOI_It.txt
2TH 2:3  wrote 053_2TH_002_003_GOI_It.txt
2TH 2:4  wrote 053_2TH_002_004_GOI_It.txt
2TH 2:5  wrote 053_2TH_002_005_GOI_It.txt
2TH 2:6  wrote 053_2TH_002_006_GOI_It.txt
2TH 2:7  wrote 053_2TH_002_007_GOI_It.txt
2TH 2:8  wrote 053_2TH_002_008_GOI_It.txt
2TH 2:9  wrote 053_2TH_002_009_GOI_It.txt
2TH 2:10  wrote 053_2TH_002_010_GOI_It.txt
2TH 2:11  wrote 053_2TH_002_011_GOI_It.txt
2TH 2:12  wrote 053_2TH_002_012_GOI_It.txt
2TH 2:13  wrote 053_2TH_002_013_GOI_It.txt
2TH 2:14  wrote 053_2TH_002_014_GOI_It.txt
2TH 2:15  wrote 053_2TH_002_015_GOI_It.txt
2TH 2:16  wrote 053_2TH_002_016_GOI_It.txt
2TH 2:17  wrote 053_2TH_002_017_GOI_It.txt
Done. Wrote 17 verse(s); skipped 0.
2TH 3:1  wrote 053_2TH_003_001_GOI_It.txt
2TH 3:2  wrote 053_2TH_003_002_GOI_It.txt
2TH 3:3  wrote 053_2TH_003_003_GOI_It.txt
2TH 3:4  wrote 053_2TH_003_004_GOI_It.txt
2TH 3:5  wrote 053_2TH_003_005_GOI_It.txt
2TH 3:6  wrote 053_2TH_003_006_GOI_It.txt
2TH 3:7  wrote 053_2TH_003_007_GOI_It.txt
2TH 3:8  wrote 053_2TH_003_008_GOI_It.txt
2TH 3:9  wrote 053_2TH_003_009_GOI_It.txt
2TH 3:10  wrote 053_2TH_003_010_GOI_It.txt
2TH 3:11  wrote 053_2TH_003_011_GOI_It.txt
2TH 3:12  wrote 053_2TH_003_012_GOI_It.txt
2TH 3:13  wrote 053_2TH_003_013_GOI_It.txt
2TH 3:14  wrote 053_2TH_003_014_GOI_It.txt
2TH 3:15  wrote 053_2TH_003_015_GOI_It.txt
2TH 3:16  wrote 053_2TH_003_016_GOI_It.txt
2TH 3:17  wrote 053_2TH_003_017_GOI_It.txt
2TH 3:18  wrote 053_2TH_003_018_GOI_It.txt
Done. Wrote 18 verse(s); skipped 0.
1TI 1:1  wrote 054_1TI_001_001_GOI_It.txt
1TI 1:2  wrote 054_1TI_001_002_GOI_It.txt
1TI 1:3  wrote 054_1TI_001_003_GOI_It.txt
1TI 1:4  wrote 054_1TI_001_004_GOI_It.txt
1TI 1:5  wrote 054_1TI_001_005_GOI_It.txt
1TI 1:6  wrote 054_1TI_001_006_GOI_It.txt
1TI 1:7  wrote 054_1TI_001_007_GOI_It.txt
1TI 1:8  wrote 054_1TI_001_008_GOI_It.txt
1TI 1:9  wrote 054_1TI_001_009_GOI_It.txt
Traceback (most recent call last):
  File "/home/albert/projects/bible/Meta_Bible_Data/Bible_Noun_Extraction/translate_verses.py", line 601, in <module>
    main()
    ~~~~^^
  File "/home/albert/projects/bible/Meta_Bible_Data/Bible_Noun_Extraction/translate_verses.py", line 577, in main
    raise RuntimeError(
    ...<2 lines>...
    )
RuntimeError: 1TI 1:10: rejected before write; missing required noun anchors: ['tratta di schiavi']; candidate='ai fornicatori, ai sodomiti, ai trattanti di schiavi, ai bugiardi, agli spergiuri, e se vi è qualche altra cosa che si oppone al sano insegnamento.\n'
1TI 1:1  skipped (already exists)
1TI 1:2  skipped (already exists)
1TI 1:3  skipped (already exists)
1TI 1:4  skipped (already exists)
1TI 1:5  skipped (already exists)
1TI 1:6  skipped (already exists)
1TI 1:7  skipped (already exists)
1TI 1:8  skipped (already exists)
1TI 1:9  skipped (already exists)
Traceback (most recent call last):
  File "/home/albert/projects/bible/Meta_Bible_Data/Bible_Noun_Extraction/translate_verses.py", line 601, in <module>
    main()
    ~~~~^^
  File "/home/albert/projects/bible/Meta_Bible_Data/Bible_Noun_Extraction/translate_verses.py", line 577, in main
    raise RuntimeError(
    ...<2 lines>...
    )
RuntimeError: 1TI 1:10: rejected before write; missing required noun anchors: ['tratta di schiavi']; candidate='ai fornicatori, ai sodomiti, ai trattanti di schiavi, ai bugiardi, agli spergiuri, e se vi è qualche altra cosa che si oppone al sano insegnamento.\n'
1TI 1:1  skipped (already exists)
1TI 1:2  skipped (already exists)
1TI 1:3  skipped (already exists)
1TI 1:4  skipped (already exists)
1TI 1:5  skipped (already exists)
1TI 1:6  skipped (already exists)
1TI 1:7  skipped (already exists)
1TI 1:8  skipped (already exists)
1TI 1:9  skipped (already exists)
Traceback (most recent call last):
  File "/home/albert/projects/bible/Meta_Bible_Data/Bible_Noun_Extraction/translate_verses.py", line 601, in <module>
    main()
    ~~~~^^
  File "/home/albert/projects/bible/Meta_Bible_Data/Bible_Noun_Extraction/translate_verses.py", line 577, in main
    raise RuntimeError(
    ...<2 lines>...
    )
RuntimeError: 1TI 1:10: rejected before write; missing required noun anchors: ['tratta di schiavi']; candidate='ai fornicatori, ai sodomiti, ai trattanti di schiavi, ai bugiardi, agli spergiuri, e se vi è qualche altra cosa che si oppone al sano insegnamento.\n'
1TI 1:11  wrote 054_1TI_001_011_GOI_It.txt
Done. Wrote 1 verse(s); skipped 0.
Traceback (most recent call last):
  File "/home/albert/projects/bible/Meta_Bible_Data/Bible_Noun_Extraction/translate_verses.py", line 601, in <module>
    main()
    ~~~~^^
  File "/home/albert/projects/bible/Meta_Bible_Data/Bible_Noun_Extraction/translate_verses.py", line 577, in main
    raise RuntimeError(
    ...<2 lines>...
    )
RuntimeError: 1TI 1:12: rejected before write; missing required noun anchors: ['ringraziamento']; candidate='E rendo grazie a colui che mi ha fortificato, Cristo Gesù nostro Signore, perché mi ha considerato fedele, ponendomi nel ministero.\n'
1TI 1:13  wrote 054_1TI_001_013_GOI_It.txt
Done. Wrote 1 verse(s); skipped 0.
1TI 1:14  wrote 054_1TI_001_014_GOI_It.txt
Done. Wrote 1 verse(s); skipped 0.
1TI 1:15  wrote 054_1TI_001_015_GOI_It.txt
Done. Wrote 1 verse(s); skipped 0.
1TI 1:16  wrote 054_1TI_001_016_GOI_It.txt
Done. Wrote 1 verse(s); skipped 0.
1TI 1:17  wrote 054_1TI_001_017_GOI_It.txt
Done. Wrote 1 verse(s); skipped 0.
1TI 1:18  wrote 054_1TI_001_018_GOI_It.txt
Done. Wrote 1 verse(s); skipped 0.
1TI 1:19  wrote 054_1TI_001_019_GOI_It.txt
Done. Wrote 1 verse(s); skipped 0.
1TI 1:20  wrote 054_1TI_001_020_GOI_It.txt
Done. Wrote 1 verse(s); skipped 0.
Traceback (most recent call last):
  File "/home/albert/projects/bible/Meta_Bible_Data/Bible_Noun_Extraction/translate_verses.py", line 601, in <module>
    main()
    ~~~~^^
  File "/home/albert/projects/bible/Meta_Bible_Data/Bible_Noun_Extraction/translate_verses.py", line 577, in main
    raise RuntimeError(
    ...<2 lines>...
    )
RuntimeError: 1TI 1:12: rejected before write; missing required noun anchors: ['ringraziamento']; candidate='E rendo grazie a colui che mi ha fortificato, Cristo Gesù nostro Signore, perché mi ha considerato fedele, ponendomi nel ministero.\n'
Traceback (most recent call last):
  File "/home/albert/projects/bible/Meta_Bible_Data/Bible_Noun_Extraction/translate_verses.py", line 601, in <module>
    main()
    ~~~~^^
  File "/home/albert/projects/bible/Meta_Bible_Data/Bible_Noun_Extraction/translate_verses.py", line 577, in main
    raise RuntimeError(
    ...<2 lines>...
    )
RuntimeError: 1TI 1:12: rejected before write; missing required noun anchors: ['ringraziamento']; candidate='E rendo grazie a colui che mi ha fortificato, Cristo Gesù nostro Signore, perché mi ha considerato fedele, ponendomi nel ministero.\n'
1TI 2:1  wrote 054_1TI_002_001_GOI_It.txt
1TI 2:2  wrote 054_1TI_002_002_GOI_It.txt
1TI 2:3  wrote 054_1TI_002_003_GOI_It.txt
1TI 2:4  wrote 054_1TI_002_004_GOI_It.txt
1TI 2:5  wrote 054_1TI_002_005_GOI_It.txt
1TI 2:6  wrote 054_1TI_002_006_GOI_It.txt
1TI 2:7  wrote 054_1TI_002_007_GOI_It.txt
1TI 2:8  wrote 054_1TI_002_008_GOI_It.txt
1TI 2:9  wrote 054_1TI_002_009_GOI_It.txt
1TI 2:10  wrote 054_1TI_002_010_GOI_It.txt
1TI 2:11  wrote 054_1TI_002_011_GOI_It.txt
1TI 2:12  wrote 054_1TI_002_012_GOI_It.txt
1TI 2:13  wrote 054_1TI_002_013_GOI_It.txt
1TI 2:14  wrote 054_1TI_002_014_GOI_It.txt
1TI 2:15  wrote 054_1TI_002_015_GOI_It.txt
Done. Wrote 15 verse(s); skipped 0.
1TI 3:1  wrote 054_1TI_003_001_GOI_It.txt
1TI 3:2  wrote 054_1TI_003_002_GOI_It.txt
1TI 3:3  wrote 054_1TI_003_003_GOI_It.txt
1TI 3:4  wrote 054_1TI_003_004_GOI_It.txt
1TI 3:5  wrote 054_1TI_003_005_GOI_It.txt
1TI 3:6  wrote 054_1TI_003_006_GOI_It.txt
1TI 3:7  wrote 054_1TI_003_007_GOI_It.txt
Traceback (most recent call last):
  File "/home/albert/projects/bible/Meta_Bible_Data/Bible_Noun_Extraction/translate_verses.py", line 601, in <module>
    main()
    ~~~~^^
  File "/home/albert/projects/bible/Meta_Bible_Data/Bible_Noun_Extraction/translate_verses.py", line 577, in main
    raise RuntimeError(
    ...<2 lines>...
    )
RuntimeError: 1TI 3:8: rejected before write; missing required noun anchors: ['servitore']; candidate='I diaconi similmente siano dignitosi, non doppi nel parlare, non dediti a molto vino, non avidi di guadagni disonesti.\n'
1TI 3:1  skipped (already exists)
1TI 3:2  skipped (already exists)
1TI 3:3  skipped (already exists)
1TI 3:4  skipped (already exists)
1TI 3:5  skipped (already exists)
1TI 3:6  skipped (already exists)
1TI 3:7  skipped (already exists)
Traceback (most recent call last):
  File "/home/albert/projects/bible/Meta_Bible_Data/Bible_Noun_Extraction/translate_verses.py", line 601, in <module>
    main()
    ~~~~^^
  File "/home/albert/projects/bible/Meta_Bible_Data/Bible_Noun_Extraction/translate_verses.py", line 577, in main
    raise RuntimeError(
    ...<2 lines>...
    )
RuntimeError: 1TI 3:8: rejected before write; missing required noun anchors: ['servitore']; candidate='I diaconi similmente siano dignitosi, non doppi nel parlare, non dediti a molto vino, non avidi di guadagno disonesto.\n'
1TI 3:1  skipped (already exists)
1TI 3:2  skipped (already exists)
1TI 3:3  skipped (already exists)
1TI 3:4  skipped (already exists)
1TI 3:5  skipped (already exists)
1TI 3:6  skipped (already exists)
1TI 3:7  skipped (already exists)
Traceback (most recent call last):
  File "/home/albert/projects/bible/Meta_Bible_Data/Bible_Noun_Extraction/translate_verses.py", line 601, in <module>
    main()
    ~~~~^^
  File "/home/albert/projects/bible/Meta_Bible_Data/Bible_Noun_Extraction/translate_verses.py", line 577, in main
    raise RuntimeError(
    ...<2 lines>...
    )
RuntimeError: 1TI 3:8: rejected before write; missing required noun anchors: ['servitore']; candidate='I diaconi similmente siano dignitosi, non doppi nel parlare, non dediti a molto vino, non avidi di guadagno disonesto.\n'
1TI 3:9  wrote 054_1TI_003_009_GOI_It.txt
Done. Wrote 1 verse(s); skipped 0.
1TI 3:10  wrote 054_1TI_003_010_GOI_It.txt
Done. Wrote 1 verse(s); skipped 0.
1TI 3:11  wrote 054_1TI_003_011_GOI_It.txt
Done. Wrote 1 verse(s); skipped 0.
1TI 3:12  wrote 054_1TI_003_012_GOI_It.txt
Done. Wrote 1 verse(s); skipped 0.
1TI 3:13  wrote 054_1TI_003_013_GOI_It.txt
Done. Wrote 1 verse(s); skipped 0.
1TI 3:14  wrote 054_1TI_003_014_GOI_It.txt
Done. Wrote 1 verse(s); skipped 0.
1TI 3:15  wrote 054_1TI_003_015_GOI_It.txt
Done. Wrote 1 verse(s); skipped 0.
1TI 3:16  wrote 054_1TI_003_016_GOI_It.txt
Done. Wrote 1 verse(s); skipped 0.
1TI 4:1  wrote 054_1TI_004_001_GOI_It.txt
1TI 4:2  wrote 054_1TI_004_002_GOI_It.txt
1TI 4:3  wrote 054_1TI_004_003_GOI_It.txt
1TI 4:4  wrote 054_1TI_004_004_GOI_It.txt
1TI 4:5  wrote 054_1TI_004_005_GOI_It.txt
1TI 4:6  wrote 054_1TI_004_006_GOI_It.txt
1TI 4:7  wrote 054_1TI_004_007_GOI_It.txt
1TI 4:8  wrote 054_1TI_004_008_GOI_It.txt
1TI 4:9  wrote 054_1TI_004_009_GOI_It.txt
1TI 4:10  wrote 054_1TI_004_010_GOI_It.txt
1TI 4:11  wrote 054_1TI_004_011_GOI_It.txt
1TI 4:12  wrote 054_1TI_004_012_GOI_It.txt
1TI 4:13  wrote 054_1TI_004_013_GOI_It.txt
1TI 4:14  wrote 054_1TI_004_014_GOI_It.txt
1TI 4:15  wrote 054_1TI_004_015_GOI_It.txt
1TI 4:16  wrote 054_1TI_004_016_GOI_It.txt
Done. Wrote 16 verse(s); skipped 0.
1TI 5:1  wrote 054_1TI_005_001_GOI_It.txt
1TI 5:2  wrote 054_1TI_005_002_GOI_It.txt
1TI 5:3  wrote 054_1TI_005_003_GOI_It.txt
1TI 5:4  wrote 054_1TI_005_004_GOI_It.txt
1TI 5:5  wrote 054_1TI_005_005_GOI_It.txt
1TI 5:6  wrote 054_1TI_005_006_GOI_It.txt
1TI 5:7  wrote 054_1TI_005_007_GOI_It.txt
1TI 5:8  wrote 054_1TI_005_008_GOI_It.txt
Traceback (most recent call last):
  File "/home/albert/projects/bible/Meta_Bible_Data/Bible_Noun_Extraction/translate_verses.py", line 601, in <module>
    main()
    ~~~~^^
  File "/home/albert/projects/bible/Meta_Bible_Data/Bible_Noun_Extraction/translate_verses.py", line 577, in main
    raise RuntimeError(
    ...<2 lines>...
    )
RuntimeError: 1TI 5:9: rejected before write; missing required noun anchors: ['donna']; candidate='La vedova sia iscritta nel numero, non minore di sessanta anni, che sia stata moglie di un solo marito.\n'
1TI 5:1  skipped (already exists)
1TI 5:2  skipped (already exists)
1TI 5:3  skipped (already exists)
1TI 5:4  skipped (already exists)
1TI 5:5  skipped (already exists)
1TI 5:6  skipped (already exists)
1TI 5:7  skipped (already exists)
1TI 5:8  skipped (already exists)
1TI 5:9  wrote 054_1TI_005_009_GOI_It.txt
1TI 5:10  wrote 054_1TI_005_010_GOI_It.txt
1TI 5:11  wrote 054_1TI_005_011_GOI_It.txt
1TI 5:12  wrote 054_1TI_005_012_GOI_It.txt
1TI 5:13  wrote 054_1TI_005_013_GOI_It.txt
1TI 5:14  wrote 054_1TI_005_014_GOI_It.txt
1TI 5:15  wrote 054_1TI_005_015_GOI_It.txt
1TI 5:16  wrote 054_1TI_005_016_GOI_It.txt
1TI 5:17  wrote 054_1TI_005_017_GOI_It.txt
1TI 5:18  wrote 054_1TI_005_018_GOI_It.txt
1TI 5:19  wrote 054_1TI_005_019_GOI_It.txt
1TI 5:20  wrote 054_1TI_005_020_GOI_It.txt
1TI 5:21  wrote 054_1TI_005_021_GOI_It.txt
1TI 5:22  wrote 054_1TI_005_022_GOI_It.txt
1TI 5:23  wrote 054_1TI_005_023_GOI_It.txt
1TI 5:24  wrote 054_1TI_005_024_GOI_It.txt
1TI 5:25  wrote 054_1TI_005_025_GOI_It.txt
Done. Wrote 17 verse(s); skipped 8.
1TI 6:1  wrote 054_1TI_006_001_GOI_It.txt
1TI 6:2  wrote 054_1TI_006_002_GOI_It.txt
1TI 6:3  wrote 054_1TI_006_003_GOI_It.txt
1TI 6:4  wrote 054_1TI_006_004_GOI_It.txt
1TI 6:5  wrote 054_1TI_006_005_GOI_It.txt
1TI 6:6  wrote 054_1TI_006_006_GOI_It.txt
1TI 6:7  wrote 054_1TI_006_007_GOI_It.txt
1TI 6:8  wrote 054_1TI_006_008_GOI_It.txt
1TI 6:9  wrote 054_1TI_006_009_GOI_It.txt
1TI 6:10  wrote 054_1TI_006_010_GOI_It.txt
1TI 6:11  wrote 054_1TI_006_011_GOI_It.txt
1TI 6:12  wrote 054_1TI_006_012_GOI_It.txt
1TI 6:13  wrote 054_1TI_006_013_GOI_It.txt
1TI 6:14  wrote 054_1TI_006_014_GOI_It.txt
1TI 6:15  wrote 054_1TI_006_015_GOI_It.txt
1TI 6:16  wrote 054_1TI_006_016_GOI_It.txt
1TI 6:17  wrote 054_1TI_006_017_GOI_It.txt
1TI 6:18  wrote 054_1TI_006_018_GOI_It.txt
1TI 6:19  wrote 054_1TI_006_019_GOI_It.txt
1TI 6:20  wrote 054_1TI_006_020_GOI_It.txt
1TI 6:21  wrote 054_1TI_006_021_GOI_It.txt
Done. Wrote 21 verse(s); skipped 0.
2TI 1:1  wrote 055_2TI_001_001_GOI_It.txt
2TI 1:2  wrote 055_2TI_001_002_GOI_It.txt
Traceback (most recent call last):
  File "/home/albert/projects/bible/Meta_Bible_Data/Bible_Noun_Extraction/translate_verses.py", line 601, in <module>
    main()
    ~~~~^^
  File "/home/albert/projects/bible/Meta_Bible_Data/Bible_Noun_Extraction/translate_verses.py", line 577, in main
    raise RuntimeError(
    ...<2 lines>...
    )
RuntimeError: 2TI 1:3: rejected before write; missing required noun anchors: ['ringraziamento']; candidate='Rendo grazie a Dio, che servo dai miei antenati con coscienza pura, poiché senza cessare ho menzione di te nelle mie suppliche, notte e giorno.\n'
2TI 1:1  skipped (already exists)
2TI 1:2  skipped (already exists)
Traceback (most recent call last):
  File "/home/albert/projects/bible/Meta_Bible_Data/Bible_Noun_Extraction/translate_verses.py", line 601, in <module>
    main()
    ~~~~^^
  File "/home/albert/projects/bible/Meta_Bible_Data/Bible_Noun_Extraction/translate_verses.py", line 577, in main
    raise RuntimeError(
    ...<2 lines>...
    )
RuntimeError: 2TI 1:3: rejected before write; missing required noun anchors: ['ringraziamento']; candidate='Rendo grazie a Dio, che servo dai miei antenati con coscienza pura, poiché senza cessare ho menzione di te nelle mie suppliche notte e giorno.\n'
2TI 1:1  skipped (already exists)
2TI 1:2  skipped (already exists)
Traceback (most recent call last):
  File "/home/albert/projects/bible/Meta_Bible_Data/Bible_Noun_Extraction/translate_verses.py", line 601, in <module>
    main()
    ~~~~^^
  File "/home/albert/projects/bible/Meta_Bible_Data/Bible_Noun_Extraction/translate_verses.py", line 577, in main
    raise RuntimeError(
    ...<2 lines>...
    )
RuntimeError: 2TI 1:3: rejected before write; missing required noun anchors: ['ringraziamento']; candidate='Rendo grazie a Dio, che servo dai miei antenati con coscienza pura, come senza cessare ho menzione di te nelle mie suppliche notte e giorno.\n'
2TI 1:4  wrote 055_2TI_001_004_GOI_It.txt
Done. Wrote 1 verse(s); skipped 0.
2TI 1:5  wrote 055_2TI_001_005_GOI_It.txt
Done. Wrote 1 verse(s); skipped 0.
2TI 1:6  wrote 055_2TI_001_006_GOI_It.txt
Done. Wrote 1 verse(s); skipped 0.
2TI 1:7  wrote 055_2TI_001_007_GOI_It.txt
Done. Wrote 1 verse(s); skipped 0.
2TI 1:8  wrote 055_2TI_001_008_GOI_It.txt
Done. Wrote 1 verse(s); skipped 0.
2TI 1:9  wrote 055_2TI_001_009_GOI_It.txt
Done. Wrote 1 verse(s); skipped 0.
2TI 1:10  wrote 055_2TI_001_010_GOI_It.txt
Done. Wrote 1 verse(s); skipped 0.
2TI 1:11  wrote 055_2TI_001_011_GOI_It.txt
Done. Wrote 1 verse(s); skipped 0.
2TI 1:12  wrote 055_2TI_001_012_GOI_It.txt
Done. Wrote 1 verse(s); skipped 0.
2TI 1:13  wrote 055_2TI_001_013_GOI_It.txt
Done. Wrote 1 verse(s); skipped 0.
2TI 1:14  wrote 055_2TI_001_014_GOI_It.txt
Done. Wrote 1 verse(s); skipped 0.
2TI 1:15  wrote 055_2TI_001_015_GOI_It.txt
Done. Wrote 1 verse(s); skipped 0.
2TI 1:16  wrote 055_2TI_001_016_GOI_It.txt
Done. Wrote 1 verse(s); skipped 0.
2TI 1:17  wrote 055_2TI_001_017_GOI_It.txt
Done. Wrote 1 verse(s); skipped 0.
2TI 1:18  wrote 055_2TI_001_018_GOI_It.txt
Done. Wrote 1 verse(s); skipped 0.
2TI 2:1  wrote 055_2TI_002_001_GOI_It.txt
2TI 2:2  wrote 055_2TI_002_002_GOI_It.txt
2TI 2:3  wrote 055_2TI_002_003_GOI_It.txt
2TI 2:4  wrote 055_2TI_002_004_GOI_It.txt
2TI 2:5  wrote 055_2TI_002_005_GOI_It.txt
2TI 2:6  wrote 055_2TI_002_006_GOI_It.txt
2TI 2:7  wrote 055_2TI_002_007_GOI_It.txt
2TI 2:8  wrote 055_2TI_002_008_GOI_It.txt
2TI 2:9  wrote 055_2TI_002_009_GOI_It.txt
2TI 2:10  wrote 055_2TI_002_010_GOI_It.txt
2TI 2:11  wrote 055_2TI_002_011_GOI_It.txt
2TI 2:12  wrote 055_2TI_002_012_GOI_It.txt
2TI 2:13  wrote 055_2TI_002_013_GOI_It.txt
2TI 2:14  wrote 055_2TI_002_014_GOI_It.txt
2TI 2:15  wrote 055_2TI_002_015_GOI_It.txt
2TI 2:16  wrote 055_2TI_002_016_GOI_It.txt
2TI 2:17  wrote 055_2TI_002_017_GOI_It.txt
2TI 2:18  wrote 055_2TI_002_018_GOI_It.txt
2TI 2:19  wrote 055_2TI_002_019_GOI_It.txt
2TI 2:20  wrote 055_2TI_002_020_GOI_It.txt
2TI 2:21  wrote 055_2TI_002_021_GOI_It.txt
2TI 2:22  wrote 055_2TI_002_022_GOI_It.txt
2TI 2:23  wrote 055_2TI_002_023_GOI_It.txt
2TI 2:24  wrote 055_2TI_002_024_GOI_It.txt
2TI 2:25  wrote 055_2TI_002_025_GOI_It.txt
2TI 2:26  wrote 055_2TI_002_026_GOI_It.txt
Done. Wrote 26 verse(s); skipped 0.
2TI 3:1  wrote 055_2TI_003_001_GOI_It.txt
2TI 3:2  wrote 055_2TI_003_002_GOI_It.txt
2TI 3:3  wrote 055_2TI_003_003_GOI_It.txt
2TI 3:4  wrote 055_2TI_003_004_GOI_It.txt
2TI 3:5  wrote 055_2TI_003_005_GOI_It.txt
2TI 3:6  wrote 055_2TI_003_006_GOI_It.txt
2TI 3:7  wrote 055_2TI_003_007_GOI_It.txt
Traceback (most recent call last):
  File "/home/albert/projects/bible/Meta_Bible_Data/Bible_Noun_Extraction/translate_verses.py", line 601, in <module>
    main()
    ~~~~^^
  File "/home/albert/projects/bible/Meta_Bible_Data/Bible_Noun_Extraction/translate_verses.py", line 577, in main
    raise RuntimeError(
    ...<2 lines>...
    )
RuntimeError: 2TI 3:8: rejected before write; missing required noun anchors: ['modo']; candidate='Come Gianne e Iambrè resistettero a Mosè, così anche questi resistono alla verità: uomini corrotti nella mente, riprovati riguardo alla fede.\n'
2TI 3:1  skipped (already exists)
2TI 3:2  skipped (already exists)
2TI 3:3  skipped (already exists)
2TI 3:4  skipped (already exists)
2TI 3:5  skipped (already exists)
2TI 3:6  skipped (already exists)
2TI 3:7  skipped (already exists)
Traceback (most recent call last):
  File "/home/albert/projects/bible/Meta_Bible_Data/Bible_Noun_Extraction/translate_verses.py", line 601, in <module>
    main()
    ~~~~^^
  File "/home/albert/projects/bible/Meta_Bible_Data/Bible_Noun_Extraction/translate_verses.py", line 577, in main
    raise RuntimeError(
    ...<2 lines>...
    )
RuntimeError: 2TI 3:8: rejected before write; missing required noun anchors: ['modo']; candidate='Come Gianne e Iambrè resistettero a Mosè, così anche questi resistono alla verità: uomini corrotti nella mente, riprovati riguardo alla fede.\n'
2TI 3:1  skipped (already exists)
2TI 3:2  skipped (already exists)
2TI 3:3  skipped (already exists)
2TI 3:4  skipped (already exists)
2TI 3:5  skipped (already exists)
2TI 3:6  skipped (already exists)
2TI 3:7  skipped (already exists)
Traceback (most recent call last):
  File "/home/albert/projects/bible/Meta_Bible_Data/Bible_Noun_Extraction/translate_verses.py", line 601, in <module>
    main()
    ~~~~^^
  File "/home/albert/projects/bible/Meta_Bible_Data/Bible_Noun_Extraction/translate_verses.py", line 577, in main
    raise RuntimeError(
    ...<2 lines>...
    )
RuntimeError: 2TI 3:8: rejected before write; missing required noun anchors: ['modo']; candidate='Come Gianne e Iambrè resistettero a Mosè, così anche questi resistono alla verità: uomini corrotti nella mente, riprovati riguardo alla fede.\n'
2TI 3:9  wrote 055_2TI_003_009_GOI_It.txt
Done. Wrote 1 verse(s); skipped 0.
2TI 3:10  wrote 055_2TI_003_010_GOI_It.txt
Done. Wrote 1 verse(s); skipped 0.
2TI 3:11  wrote 055_2TI_003_011_GOI_It.txt
Done. Wrote 1 verse(s); skipped 0.
2TI 3:12  wrote 055_2TI_003_012_GOI_It.txt
Done. Wrote 1 verse(s); skipped 0.
2TI 3:13  wrote 055_2TI_003_013_GOI_It.txt
Done. Wrote 1 verse(s); skipped 0.
2TI 3:14  wrote 055_2TI_003_014_GOI_It.txt
Done. Wrote 1 verse(s); skipped 0.
2TI 3:15  wrote 055_2TI_003_015_GOI_It.txt
Done. Wrote 1 verse(s); skipped 0.
2TI 3:16  wrote 055_2TI_003_016_GOI_It.txt
Done. Wrote 1 verse(s); skipped 0.
2TI 3:17  wrote 055_2TI_003_017_GOI_It.txt
Done. Wrote 1 verse(s); skipped 0.
2TI 4:1  wrote 055_2TI_004_001_GOI_It.txt
2TI 4:2  wrote 055_2TI_004_002_GOI_It.txt
2TI 4:3  wrote 055_2TI_004_003_GOI_It.txt
2TI 4:4  wrote 055_2TI_004_004_GOI_It.txt
2TI 4:5  wrote 055_2TI_004_005_GOI_It.txt
2TI 4:6  wrote 055_2TI_004_006_GOI_It.txt
2TI 4:7  wrote 055_2TI_004_007_GOI_It.txt
2TI 4:8  wrote 055_2TI_004_008_GOI_It.txt
2TI 4:9  wrote 055_2TI_004_009_GOI_It.txt
2TI 4:10  wrote 055_2TI_004_010_GOI_It.txt
2TI 4:11  wrote 055_2TI_004_011_GOI_It.txt
2TI 4:12  wrote 055_2TI_004_012_GOI_It.txt
2TI 4:13  wrote 055_2TI_004_013_GOI_It.txt
2TI 4:14  wrote 055_2TI_004_014_GOI_It.txt
2TI 4:15  wrote 055_2TI_004_015_GOI_It.txt
2TI 4:16  wrote 055_2TI_004_016_GOI_It.txt
2TI 4:17  wrote 055_2TI_004_017_GOI_It.txt
2TI 4:18  wrote 055_2TI_004_018_GOI_It.txt
2TI 4:19  wrote 055_2TI_004_019_GOI_It.txt
2TI 4:20  wrote 055_2TI_004_020_GOI_It.txt
2TI 4:21  wrote 055_2TI_004_021_GOI_It.txt
2TI 4:22  wrote 055_2TI_004_022_GOI_It.txt
Done. Wrote 22 verse(s); skipped 0.
TIT 1:1  wrote 056_TIT_001_001_GOI_It.txt
TIT 1:2  wrote 056_TIT_001_002_GOI_It.txt
TIT 1:3  wrote 056_TIT_001_003_GOI_It.txt
TIT 1:4  wrote 056_TIT_001_004_GOI_It.txt
TIT 1:5  wrote 056_TIT_001_005_GOI_It.txt
TIT 1:6  wrote 056_TIT_001_006_GOI_It.txt
TIT 1:7  wrote 056_TIT_001_007_GOI_It.txt
TIT 1:8  wrote 056_TIT_001_008_GOI_It.txt
TIT 1:9  wrote 056_TIT_001_009_GOI_It.txt
TIT 1:10  wrote 056_TIT_001_010_GOI_It.txt
TIT 1:11  wrote 056_TIT_001_011_GOI_It.txt
TIT 1:12  wrote 056_TIT_001_012_GOI_It.txt
TIT 1:13  wrote 056_TIT_001_013_GOI_It.txt
TIT 1:14  wrote 056_TIT_001_014_GOI_It.txt
TIT 1:15  wrote 056_TIT_001_015_GOI_It.txt
TIT 1:16  wrote 056_TIT_001_016_GOI_It.txt
Done. Wrote 16 verse(s); skipped 0.
TIT 2:1  wrote 056_TIT_002_001_GOI_It.txt
TIT 2:2  wrote 056_TIT_002_002_GOI_It.txt
TIT 2:3  wrote 056_TIT_002_003_GOI_It.txt
TIT 2:4  wrote 056_TIT_002_004_GOI_It.txt
TIT 2:5  wrote 056_TIT_002_005_GOI_It.txt
TIT 2:6  wrote 056_TIT_002_006_GOI_It.txt
TIT 2:7  wrote 056_TIT_002_007_GOI_It.txt
TIT 2:8  wrote 056_TIT_002_008_GOI_It.txt
TIT 2:9  wrote 056_TIT_002_009_GOI_It.txt
TIT 2:10  wrote 056_TIT_002_010_GOI_It.txt
TIT 2:11  wrote 056_TIT_002_011_GOI_It.txt
TIT 2:12  wrote 056_TIT_002_012_GOI_It.txt
TIT 2:13  wrote 056_TIT_002_013_GOI_It.txt
TIT 2:14  wrote 056_TIT_002_014_GOI_It.txt
TIT 2:15  wrote 056_TIT_002_015_GOI_It.txt
Done. Wrote 15 verse(s); skipped 0.
TIT 3:1  wrote 056_TIT_003_001_GOI_It.txt
TIT 3:2  wrote 056_TIT_003_002_GOI_It.txt
TIT 3:3  wrote 056_TIT_003_003_GOI_It.txt
TIT 3:4  wrote 056_TIT_003_004_GOI_It.txt
TIT 3:5  wrote 056_TIT_003_005_GOI_It.txt
TIT 3:6  wrote 056_TIT_003_006_GOI_It.txt
TIT 3:7  wrote 056_TIT_003_007_GOI_It.txt
TIT 3:8  wrote 056_TIT_003_008_GOI_It.txt
TIT 3:9  wrote 056_TIT_003_009_GOI_It.txt
Traceback (most recent call last):
  File "/home/albert/projects/bible/Meta_Bible_Data/Bible_Noun_Extraction/translate_verses.py", line 601, in <module>
    main()
    ~~~~^^
  File "/home/albert/projects/bible/Meta_Bible_Data/Bible_Noun_Extraction/translate_verses.py", line 577, in main
    raise RuntimeError(
    ...<2 lines>...
    )
RuntimeError: TIT 3:10: rejected before write; missing required noun anchors: ['ammonimento']; candidate="Dopo una prima e una seconda ammonizione, rifiuta l'uomo eretico.\n"
TIT 3:1  skipped (already exists)
TIT 3:2  skipped (already exists)
TIT 3:3  skipped (already exists)
TIT 3:4  skipped (already exists)
TIT 3:5  skipped (already exists)
TIT 3:6  skipped (already exists)
TIT 3:7  skipped (already exists)
TIT 3:8  skipped (already exists)
TIT 3:9  skipped (already exists)
Traceback (most recent call last):
  File "/home/albert/projects/bible/Meta_Bible_Data/Bible_Noun_Extraction/translate_verses.py", line 601, in <module>
    main()
    ~~~~^^
  File "/home/albert/projects/bible/Meta_Bible_Data/Bible_Noun_Extraction/translate_verses.py", line 577, in main
    raise RuntimeError(
    ...<2 lines>...
    )
RuntimeError: TIT 3:10: rejected before write; missing required noun anchors: ['ammonimento']; candidate="Dopo una prima e una seconda ammonizione, rifiuta l'uomo eretico.\n"
TIT 3:1  skipped (already exists)
TIT 3:2  skipped (already exists)
TIT 3:3  skipped (already exists)
TIT 3:4  skipped (already exists)
TIT 3:5  skipped (already exists)
TIT 3:6  skipped (already exists)
TIT 3:7  skipped (already exists)
TIT 3:8  skipped (already exists)
TIT 3:9  skipped (already exists)
Traceback (most recent call last):
  File "/home/albert/projects/bible/Meta_Bible_Data/Bible_Noun_Extraction/translate_verses.py", line 601, in <module>
    main()
    ~~~~^^
  File "/home/albert/projects/bible/Meta_Bible_Data/Bible_Noun_Extraction/translate_verses.py", line 577, in main
    raise RuntimeError(
    ...<2 lines>...
    )
RuntimeError: TIT 3:10: rejected before write; missing required noun anchors: ['ammonimento']; candidate="Dopo una prima e una seconda ammonizione, evita l'uomo eretico.\n"
TIT 3:11  wrote 056_TIT_003_011_GOI_It.txt
Done. Wrote 1 verse(s); skipped 0.
TIT 3:12  wrote 056_TIT_003_012_GOI_It.txt
Done. Wrote 1 verse(s); skipped 0.
TIT 3:13  wrote 056_TIT_003_013_GOI_It.txt
Done. Wrote 1 verse(s); skipped 0.
TIT 3:14  wrote 056_TIT_003_014_GOI_It.txt
Done. Wrote 1 verse(s); skipped 0.
TIT 3:15  wrote 056_TIT_003_015_GOI_It.txt
Done. Wrote 1 verse(s); skipped 0.
PHM 1:1  wrote 057_PHM_001_001_GOI_It.txt
PHM 1:2  wrote 057_PHM_001_002_GOI_It.txt
PHM 1:3  wrote 057_PHM_001_003_GOI_It.txt
PHM 1:4  wrote 057_PHM_001_004_GOI_It.txt
PHM 1:5  wrote 057_PHM_001_005_GOI_It.txt
PHM 1:6  wrote 057_PHM_001_006_GOI_It.txt
PHM 1:7  wrote 057_PHM_001_007_GOI_It.txt
PHM 1:8  wrote 057_PHM_001_008_GOI_It.txt
PHM 1:9  wrote 057_PHM_001_009_GOI_It.txt
PHM 1:10  wrote 057_PHM_001_010_GOI_It.txt
PHM 1:11  wrote 057_PHM_001_011_GOI_It.txt
PHM 1:12  wrote 057_PHM_001_012_GOI_It.txt
PHM 1:13  wrote 057_PHM_001_013_GOI_It.txt
PHM 1:14  wrote 057_PHM_001_014_GOI_It.txt
PHM 1:15  wrote 057_PHM_001_015_GOI_It.txt
PHM 1:16  wrote 057_PHM_001_016_GOI_It.txt
PHM 1:17  wrote 057_PHM_001_017_GOI_It.txt
PHM 1:18  wrote 057_PHM_001_018_GOI_It.txt
PHM 1:19  wrote 057_PHM_001_019_GOI_It.txt
PHM 1:20  wrote 057_PHM_001_020_GOI_It.txt
PHM 1:21  wrote 057_PHM_001_021_GOI_It.txt
PHM 1:22  wrote 057_PHM_001_022_GOI_It.txt
PHM 1:23  wrote 057_PHM_001_023_GOI_It.txt
PHM 1:24  wrote 057_PHM_001_024_GOI_It.txt
PHM 1:25  wrote 057_PHM_001_025_GOI_It.txt
Done. Wrote 25 verse(s); skipped 0.
HEB 1:1  wrote 058_HEB_001_001_GOI_It.txt
HEB 1:2  wrote 058_HEB_001_002_GOI_It.txt
HEB 1:3  wrote 058_HEB_001_003_GOI_It.txt
HEB 1:4  wrote 058_HEB_001_004_GOI_It.txt
HEB 1:5  wrote 058_HEB_001_005_GOI_It.txt
HEB 1:6  wrote 058_HEB_001_006_GOI_It.txt
HEB 1:7  wrote 058_HEB_001_007_GOI_It.txt
HEB 1:8  wrote 058_HEB_001_008_GOI_It.txt
HEB 1:9  wrote 058_HEB_001_009_GOI_It.txt
Traceback (most recent call last):
  File "/home/albert/projects/bible/Meta_Bible_Data/Bible_Noun_Extraction/translate_verses.py", line 601, in <module>
    main()
    ~~~~^^
  File "/home/albert/projects/bible/Meta_Bible_Data/Bible_Noun_Extraction/translate_verses.py", line 577, in main
    raise RuntimeError(
    ...<2 lines>...
    )
RuntimeError: HEB 1:10: rejected before write; missing required noun anchors: ['inizio']; candidate='E tu, Signore, da principio hai fondato la terra, e le opere delle tue mani sono i cieli.\n'
HEB 1:1  skipped (already exists)
HEB 1:2  skipped (already exists)
HEB 1:3  skipped (already exists)
HEB 1:4  skipped (already exists)
HEB 1:5  skipped (already exists)
HEB 1:6  skipped (already exists)
HEB 1:7  skipped (already exists)
HEB 1:8  skipped (already exists)
HEB 1:9  skipped (already exists)
Traceback (most recent call last):
  File "/home/albert/projects/bible/Meta_Bible_Data/Bible_Noun_Extraction/translate_verses.py", line 601, in <module>
    main()
    ~~~~^^
  File "/home/albert/projects/bible/Meta_Bible_Data/Bible_Noun_Extraction/translate_verses.py", line 577, in main
    raise RuntimeError(
    ...<2 lines>...
    )
RuntimeError: HEB 1:10: rejected before write; missing required noun anchors: ['inizio']; candidate='E tu, Signore, da principio hai fondato la terra, e le opere delle tue mani sono i cieli.\n'
HEB 1:1  skipped (already exists)
HEB 1:2  skipped (already exists)
HEB 1:3  skipped (already exists)
HEB 1:4  skipped (already exists)
HEB 1:5  skipped (already exists)
HEB 1:6  skipped (already exists)
HEB 1:7  skipped (already exists)
HEB 1:8  skipped (already exists)
HEB 1:9  skipped (already exists)
Traceback (most recent call last):
  File "/home/albert/projects/bible/Meta_Bible_Data/Bible_Noun_Extraction/translate_verses.py", line 601, in <module>
    main()
    ~~~~^^
  File "/home/albert/projects/bible/Meta_Bible_Data/Bible_Noun_Extraction/translate_verses.py", line 577, in main
    raise RuntimeError(
    ...<2 lines>...
    )
RuntimeError: HEB 1:10: rejected before write; missing required noun anchors: ['inizio']; candidate='E tu, Signore, da principio hai fondato la terra, e le opere delle tue mani sono i cieli.\n'
HEB 1:11  wrote 058_HEB_001_011_GOI_It.txt
Done. Wrote 1 verse(s); skipped 0.
HEB 1:12  wrote 058_HEB_001_012_GOI_It.txt
Done. Wrote 1 verse(s); skipped 0.
HEB 1:13  wrote 058_HEB_001_013_GOI_It.txt
Done. Wrote 1 verse(s); skipped 0.
HEB 1:14  wrote 058_HEB_001_014_GOI_It.txt
Done. Wrote 1 verse(s); skipped 0.
HEB 2:1  wrote 058_HEB_002_001_GOI_It.txt
HEB 2:2  wrote 058_HEB_002_002_GOI_It.txt
HEB 2:3  wrote 058_HEB_002_003_GOI_It.txt
HEB 2:4  wrote 058_HEB_002_004_GOI_It.txt
HEB 2:5  wrote 058_HEB_002_005_GOI_It.txt
HEB 2:6  wrote 058_HEB_002_006_GOI_It.txt
HEB 2:7  wrote 058_HEB_002_007_GOI_It.txt
HEB 2:8  wrote 058_HEB_002_008_GOI_It.txt
HEB 2:9  wrote 058_HEB_002_009_GOI_It.txt
HEB 2:10  wrote 058_HEB_002_010_GOI_It.txt
HEB 2:11  wrote 058_HEB_002_011_GOI_It.txt
HEB 2:12  wrote 058_HEB_002_012_GOI_It.txt
HEB 2:13  wrote 058_HEB_002_013_GOI_It.txt
HEB 2:14  wrote 058_HEB_002_014_GOI_It.txt
HEB 2:15  wrote 058_HEB_002_015_GOI_It.txt
HEB 2:16  wrote 058_HEB_002_016_GOI_It.txt
HEB 2:17  wrote 058_HEB_002_017_GOI_It.txt
HEB 2:18  wrote 058_HEB_002_018_GOI_It.txt
Done. Wrote 18 verse(s); skipped 0.
HEB 3:1  wrote 058_HEB_003_001_GOI_It.txt
HEB 3:2  wrote 058_HEB_003_002_GOI_It.txt
HEB 3:3  wrote 058_HEB_003_003_GOI_It.txt
HEB 3:4  wrote 058_HEB_003_004_GOI_It.txt
HEB 3:5  wrote 058_HEB_003_005_GOI_It.txt
HEB 3:6  wrote 058_HEB_003_006_GOI_It.txt
HEB 3:7  wrote 058_HEB_003_007_GOI_It.txt
HEB 3:8  wrote 058_HEB_003_008_GOI_It.txt
HEB 3:9  wrote 058_HEB_003_009_GOI_It.txt
HEB 3:10  wrote 058_HEB_003_010_GOI_It.txt
HEB 3:11  wrote 058_HEB_003_011_GOI_It.txt
HEB 3:12  wrote 058_HEB_003_012_GOI_It.txt
HEB 3:13  wrote 058_HEB_003_013_GOI_It.txt
HEB 3:14  wrote 058_HEB_003_014_GOI_It.txt
HEB 3:15  wrote 058_HEB_003_015_GOI_It.txt
HEB 3:16  wrote 058_HEB_003_016_GOI_It.txt
HEB 3:17  wrote 058_HEB_003_017_GOI_It.txt
HEB 3:18  wrote 058_HEB_003_018_GOI_It.txt
HEB 3:19  wrote 058_HEB_003_019_GOI_It.txt
Done. Wrote 19 verse(s); skipped 0.
HEB 4:1  wrote 058_HEB_004_001_GOI_It.txt
HEB 4:2  wrote 058_HEB_004_002_GOI_It.txt
HEB 4:3  wrote 058_HEB_004_003_GOI_It.txt
HEB 4:4  wrote 058_HEB_004_004_GOI_It.txt
HEB 4:5  wrote 058_HEB_004_005_GOI_It.txt
HEB 4:6  wrote 058_HEB_004_006_GOI_It.txt
HEB 4:7  wrote 058_HEB_004_007_GOI_It.txt
HEB 4:8  wrote 058_HEB_004_008_GOI_It.txt
HEB 4:9  wrote 058_HEB_004_009_GOI_It.txt
HEB 4:10  wrote 058_HEB_004_010_GOI_It.txt
HEB 4:11  wrote 058_HEB_004_011_GOI_It.txt
HEB 4:12  wrote 058_HEB_004_012_GOI_It.txt
HEB 4:13  wrote 058_HEB_004_013_GOI_It.txt
HEB 4:14  wrote 058_HEB_004_014_GOI_It.txt
HEB 4:15  wrote 058_HEB_004_015_GOI_It.txt
HEB 4:16  wrote 058_HEB_004_016_GOI_It.txt
Done. Wrote 16 verse(s); skipped 0.
HEB 5:1  wrote 058_HEB_005_001_GOI_It.txt
HEB 5:2  wrote 058_HEB_005_002_GOI_It.txt
HEB 5:3  wrote 058_HEB_005_003_GOI_It.txt
HEB 5:4  wrote 058_HEB_005_004_GOI_It.txt
HEB 5:5  wrote 058_HEB_005_005_GOI_It.txt
Traceback (most recent call last):
  File "/home/albert/projects/bible/Meta_Bible_Data/Bible_Noun_Extraction/translate_verses.py", line 601, in <module>
    main()
    ~~~~^^
  File "/home/albert/projects/bible/Meta_Bible_Data/Bible_Noun_Extraction/translate_verses.py", line 577, in main
    raise RuntimeError(
    ...<2 lines>...
    )
RuntimeError: HEB 5:6: rejected before write; missing required noun anchors: ['secolo']; candidate="Come anche in un altro luogo dice: Tu sei sacerdote per sempre secondo l'ordine di Melchisedec.\n"
HEB 5:1  skipped (already exists)
HEB 5:2  skipped (already exists)
HEB 5:3  skipped (already exists)
HEB 5:4  skipped (already exists)
HEB 5:5  skipped (already exists)
Traceback (most recent call last):
  File "/home/albert/projects/bible/Meta_Bible_Data/Bible_Noun_Extraction/translate_verses.py", line 601, in <module>
    main()
    ~~~~^^
  File "/home/albert/projects/bible/Meta_Bible_Data/Bible_Noun_Extraction/translate_verses.py", line 577, in main
    raise RuntimeError(
    ...<2 lines>...
    )
RuntimeError: HEB 5:6: rejected before write; missing required noun anchors: ['secolo']; candidate="Come anche in un altro luogo dice: Tu sei sacerdote per sempre secondo l'ordine di Melchisedec.\n"
HEB 5:1  skipped (already exists)
HEB 5:2  skipped (already exists)
HEB 5:3  skipped (already exists)
HEB 5:4  skipped (already exists)
HEB 5:5  skipped (already exists)
Traceback (most recent call last):
  File "/home/albert/projects/bible/Meta_Bible_Data/Bible_Noun_Extraction/translate_verses.py", line 601, in <module>
    main()
    ~~~~^^
  File "/home/albert/projects/bible/Meta_Bible_Data/Bible_Noun_Extraction/translate_verses.py", line 577, in main
    raise RuntimeError(
    ...<2 lines>...
    )
RuntimeError: HEB 5:6: rejected before write; missing required noun anchors: ['secolo']; candidate="Come anche in un altro luogo dice: Tu sei sacerdote per sempre secondo l'ordine di Melchisedec.\n"
HEB 5:7  wrote 058_HEB_005_007_GOI_It.txt
Done. Wrote 1 verse(s); skipped 0.
HEB 5:8  wrote 058_HEB_005_008_GOI_It.txt
Done. Wrote 1 verse(s); skipped 0.
HEB 5:9  wrote 058_HEB_005_009_GOI_It.txt
Done. Wrote 1 verse(s); skipped 0.
HEB 5:10  wrote 058_HEB_005_010_GOI_It.txt
Done. Wrote 1 verse(s); skipped 0.
HEB 5:11  wrote 058_HEB_005_011_GOI_It.txt
Done. Wrote 1 verse(s); skipped 0.
HEB 5:12  wrote 058_HEB_005_012_GOI_It.txt
Done. Wrote 1 verse(s); skipped 0.
HEB 5:13  wrote 058_HEB_005_013_GOI_It.txt
Done. Wrote 1 verse(s); skipped 0.
HEB 5:14  wrote 058_HEB_005_014_GOI_It.txt
Done. Wrote 1 verse(s); skipped 0.
HEB 6:1  wrote 058_HEB_006_001_GOI_It.txt
HEB 6:2  wrote 058_HEB_006_002_GOI_It.txt
HEB 6:3  wrote 058_HEB_006_003_GOI_It.txt
HEB 6:4  wrote 058_HEB_006_004_GOI_It.txt
HEB 6:5  wrote 058_HEB_006_005_GOI_It.txt
HEB 6:6  wrote 058_HEB_006_006_GOI_It.txt
HEB 6:7  wrote 058_HEB_006_007_GOI_It.txt
HEB 6:8  wrote 058_HEB_006_008_GOI_It.txt
HEB 6:9  wrote 058_HEB_006_009_GOI_It.txt
HEB 6:10  wrote 058_HEB_006_010_GOI_It.txt
HEB 6:11  wrote 058_HEB_006_011_GOI_It.txt
HEB 6:12  wrote 058_HEB_006_012_GOI_It.txt
HEB 6:13  wrote 058_HEB_006_013_GOI_It.txt
HEB 6:14  wrote 058_HEB_006_014_GOI_It.txt
HEB 6:15  wrote 058_HEB_006_015_GOI_It.txt
HEB 6:16  wrote 058_HEB_006_016_GOI_It.txt
HEB 6:17  wrote 058_HEB_006_017_GOI_It.txt
HEB 6:18  wrote 058_HEB_006_018_GOI_It.txt
HEB 6:19  wrote 058_HEB_006_019_GOI_It.txt
Traceback (most recent call last):
  File "/home/albert/projects/bible/Meta_Bible_Data/Bible_Noun_Extraction/translate_verses.py", line 601, in <module>
    main()
    ~~~~^^
  File "/home/albert/projects/bible/Meta_Bible_Data/Bible_Noun_Extraction/translate_verses.py", line 577, in main
    raise RuntimeError(
    ...<2 lines>...
    )
RuntimeError: HEB 6:20: rejected before write; missing required noun anchors: ['secolo']; candidate="dove un precursore è entrato per noi, Gesù, divenuto sommo sacerdote per sempre secondo l'ordine di Melchisedec.\n"
HEB 6:1  skipped (already exists)
HEB 6:2  skipped (already exists)
HEB 6:3  skipped (already exists)
HEB 6:4  skipped (already exists)
HEB 6:5  skipped (already exists)
HEB 6:6  skipped (already exists)
HEB 6:7  skipped (already exists)
HEB 6:8  skipped (already exists)
HEB 6:9  skipped (already exists)
HEB 6:10  skipped (already exists)
HEB 6:11  skipped (already exists)
HEB 6:12  skipped (already exists)
HEB 6:13  skipped (already exists)
HEB 6:14  skipped (already exists)
HEB 6:15  skipped (already exists)
HEB 6:16  skipped (already exists)
HEB 6:17  skipped (already exists)
HEB 6:18  skipped (already exists)
HEB 6:19  skipped (already exists)
Traceback (most recent call last):
  File "/home/albert/projects/bible/Meta_Bible_Data/Bible_Noun_Extraction/translate_verses.py", line 601, in <module>
    main()
    ~~~~^^
  File "/home/albert/projects/bible/Meta_Bible_Data/Bible_Noun_Extraction/translate_verses.py", line 577, in main
    raise RuntimeError(
    ...<2 lines>...
    )
RuntimeError: HEB 6:20: rejected before write; missing required noun anchors: ['secolo']; candidate="dove un precursore è entrato per noi, Gesù, divenuto sommo sacerdote per sempre secondo l'ordine di Melchisedec.\n"
HEB 6:1  skipped (already exists)
HEB 6:2  skipped (already exists)
HEB 6:3  skipped (already exists)
HEB 6:4  skipped (already exists)
HEB 6:5  skipped (already exists)
HEB 6:6  skipped (already exists)
HEB 6:7  skipped (already exists)
HEB 6:8  skipped (already exists)
HEB 6:9  skipped (already exists)
HEB 6:10  skipped (already exists)
HEB 6:11  skipped (already exists)
HEB 6:12  skipped (already exists)
HEB 6:13  skipped (already exists)
HEB 6:14  skipped (already exists)
HEB 6:15  skipped (already exists)
HEB 6:16  skipped (already exists)
HEB 6:17  skipped (already exists)
HEB 6:18  skipped (already exists)
HEB 6:19  skipped (already exists)
Traceback (most recent call last):
  File "/home/albert/projects/bible/Meta_Bible_Data/Bible_Noun_Extraction/translate_verses.py", line 601, in <module>
    main()
    ~~~~^^
  File "/home/albert/projects/bible/Meta_Bible_Data/Bible_Noun_Extraction/translate_verses.py", line 577, in main
    raise RuntimeError(
    ...<2 lines>...
    )
RuntimeError: HEB 6:20: rejected before write; missing required noun anchors: ['secolo']; candidate="dove un precursore è entrato per noi, Gesù, divenuto sommo sacerdote per sempre secondo l'ordine di Melchisedec.\n"
HEB 7:1  wrote 058_HEB_007_001_GOI_It.txt
HEB 7:2  wrote 058_HEB_007_002_GOI_It.txt
Traceback (most recent call last):
  File "/home/albert/projects/bible/Meta_Bible_Data/Bible_Noun_Extraction/translate_verses.py", line 601, in <module>
    main()
    ~~~~^^
  File "/home/albert/projects/bible/Meta_Bible_Data/Bible_Noun_Extraction/translate_verses.py", line 577, in main
    raise RuntimeError(
    ...<2 lines>...
    )
RuntimeError: HEB 7:3: rejected before write; missing required noun anchors: ['inizio']; candidate='Senza padre, senza madre, senza genealogia, non avendo né principio di giorni né fine di vita, ma fatto simile al Figlio di Dio, rimane sacerdote per sempre.\n'
HEB 7:1  skipped (already exists)
HEB 7:2  skipped (already exists)
Traceback (most recent call last):
  File "/home/albert/projects/bible/Meta_Bible_Data/Bible_Noun_Extraction/translate_verses.py", line 601, in <module>
    main()
    ~~~~^^
  File "/home/albert/projects/bible/Meta_Bible_Data/Bible_Noun_Extraction/translate_verses.py", line 577, in main
    raise RuntimeError(
    ...<2 lines>...
    )
RuntimeError: HEB 7:3: rejected before write; missing required noun anchors: ['inizio']; candidate='Senza padre, senza madre, senza genealogia, non avendo né principio di giorni né fine di vita, ma reso simile al Figlio di Dio, rimane sacerdote per sempre.\n'
HEB 7:1  skipped (already exists)
HEB 7:2  skipped (already exists)
Traceback (most recent call last):
  File "/home/albert/projects/bible/Meta_Bible_Data/Bible_Noun_Extraction/translate_verses.py", line 601, in <module>
    main()
    ~~~~^^
  File "/home/albert/projects/bible/Meta_Bible_Data/Bible_Noun_Extraction/translate_verses.py", line 577, in main
    raise RuntimeError(
    ...<2 lines>...
    )
RuntimeError: HEB 7:3: rejected before write; missing required noun anchors: ['inizio']; candidate='Senza padre, senza madre, senza genealogia, non avendo né principio di giorni né fine di vita, ma reso simile al Figlio di Dio, rimane sacerdote per sempre.\n'
HEB 7:4  wrote 058_HEB_007_004_GOI_It.txt
Done. Wrote 1 verse(s); skipped 0.
HEB 7:5  wrote 058_HEB_007_005_GOI_It.txt
Done. Wrote 1 verse(s); skipped 0.
HEB 7:6  wrote 058_HEB_007_006_GOI_It.txt
Done. Wrote 1 verse(s); skipped 0.
HEB 7:7  wrote 058_HEB_007_007_GOI_It.txt
Done. Wrote 1 verse(s); skipped 0.
HEB 7:8  wrote 058_HEB_007_008_GOI_It.txt
Done. Wrote 1 verse(s); skipped 0.
Traceback (most recent call last):
  File "/home/albert/projects/bible/Meta_Bible_Data/Bible_Noun_Extraction/translate_verses.py", line 601, in <module>
    main()
    ~~~~^^
  File "/home/albert/projects/bible/Meta_Bible_Data/Bible_Noun_Extraction/translate_verses.py", line 577, in main
    raise RuntimeError(
    ...<2 lines>...
    )
RuntimeError: HEB 7:9: rejected before write; missing required noun anchors: ['parola']; candidate='E, per così dire, per mezzo di Abramo, anche Levi, che riceve la decima, ha pagato la decima.\n'
HEB 7:10  wrote 058_HEB_007_010_GOI_It.txt
Done. Wrote 1 verse(s); skipped 0.
HEB 7:11  wrote 058_HEB_007_011_GOI_It.txt
Done. Wrote 1 verse(s); skipped 0.
HEB 7:12  wrote 058_HEB_007_012_GOI_It.txt
Done. Wrote 1 verse(s); skipped 0.
HEB 7:13  wrote 058_HEB_007_013_GOI_It.txt
Done. Wrote 1 verse(s); skipped 0.
HEB 7:14  wrote 058_HEB_007_014_GOI_It.txt
Done. Wrote 1 verse(s); skipped 0.
HEB 7:15  wrote 058_HEB_007_015_GOI_It.txt
Done. Wrote 1 verse(s); skipped 0.
HEB 7:16  wrote 058_HEB_007_016_GOI_It.txt
Done. Wrote 1 verse(s); skipped 0.
Traceback (most recent call last):
  File "/home/albert/projects/bible/Meta_Bible_Data/Bible_Noun_Extraction/translate_verses.py", line 601, in <module>
    main()
    ~~~~^^
  File "/home/albert/projects/bible/Meta_Bible_Data/Bible_Noun_Extraction/translate_verses.py", line 577, in main
    raise RuntimeError(
    ...<2 lines>...
    )
RuntimeError: HEB 7:17: rejected before write; missing required noun anchors: ['secolo']; candidate='Poiché testimonia: "Tu sei sacerdote per sempre secondo l\'ordine di Melchisedec".\n'
HEB 7:18  wrote 058_HEB_007_018_GOI_It.txt
Done. Wrote 1 verse(s); skipped 0.
HEB 7:19  wrote 058_HEB_007_019_GOI_It.txt
Done. Wrote 1 verse(s); skipped 0.
HEB 7:20  wrote 058_HEB_007_020_GOI_It.txt
Done. Wrote 1 verse(s); skipped 0.
Traceback (most recent call last):
  File "/home/albert/projects/bible/Meta_Bible_Data/Bible_Noun_Extraction/translate_verses.py", line 601, in <module>
    main()
    ~~~~^^
  File "/home/albert/projects/bible/Meta_Bible_Data/Bible_Noun_Extraction/translate_verses.py", line 577, in main
    raise RuntimeError(
    ...<2 lines>...
    )
RuntimeError: HEB 7:21: rejected before write; missing required noun anchors: ['secolo']; candidate='Ma egli con giuramento, per mezzo di colui che gli disse: "Il Signore ha giurato e non si pentirà: tu sei sacerdote per sempre secondo l\'ordine di Melchisedec".\n'
HEB 7:22  wrote 058_HEB_007_022_GOI_It.txt
Done. Wrote 1 verse(s); skipped 0.
HEB 7:23  wrote 058_HEB_007_023_GOI_It.txt
Done. Wrote 1 verse(s); skipped 0.
Traceback (most recent call last):
  File "/home/albert/projects/bible/Meta_Bible_Data/Bible_Noun_Extraction/translate_verses.py", line 601, in <module>
    main()
    ~~~~^^
  File "/home/albert/projects/bible/Meta_Bible_Data/Bible_Noun_Extraction/translate_verses.py", line 577, in main
    raise RuntimeError(
    ...<2 lines>...
    )
RuntimeError: HEB 7:24: rejected before write; missing required noun anchors: ['secolo']; candidate='ma egli, poiché rimane in eterno, ha un sacerdozio immutabile.\n'
HEB 7:25  wrote 058_HEB_007_025_GOI_It.txt
Done. Wrote 1 verse(s); skipped 0.
HEB 7:26  wrote 058_HEB_007_026_GOI_It.txt
Done. Wrote 1 verse(s); skipped 0.
HEB 7:27  wrote 058_HEB_007_027_GOI_It.txt
Done. Wrote 1 verse(s); skipped 0.
Traceback (most recent call last):
  File "/home/albert/projects/bible/Meta_Bible_Data/Bible_Noun_Extraction/translate_verses.py", line 601, in <module>
    main()
    ~~~~^^
  File "/home/albert/projects/bible/Meta_Bible_Data/Bible_Noun_Extraction/translate_verses.py", line 577, in main
    raise RuntimeError(
    ...<2 lines>...
    )
RuntimeError: HEB 7:28: rejected before write; missing required noun anchors: ['secolo']; candidate='La legge infatti costituisce sommi sacerdoti uomini che hanno debolezza, ma la parola del giuramento, dopo la legge, costituisce il Figlio, reso perfetto per sempre.\n'
Traceback (most recent call last):
  File "/home/albert/projects/bible/Meta_Bible_Data/Bible_Noun_Extraction/translate_verses.py", line 601, in <module>
    main()
    ~~~~^^
  File "/home/albert/projects/bible/Meta_Bible_Data/Bible_Noun_Extraction/translate_verses.py", line 577, in main
    raise RuntimeError(
    ...<2 lines>...
    )
RuntimeError: HEB 7:9: rejected before write; missing required noun anchors: ['parola']; candidate='E, per così dire, per mezzo di Abramo, anche Levi, che riceve la decima, è stato decimato.\n'
Traceback (most recent call last):
  File "/home/albert/projects/bible/Meta_Bible_Data/Bible_Noun_Extraction/translate_verses.py", line 601, in <module>
    main()
    ~~~~^^
  File "/home/albert/projects/bible/Meta_Bible_Data/Bible_Noun_Extraction/translate_verses.py", line 577, in main
    raise RuntimeError(
    ...<2 lines>...
    )
RuntimeError: HEB 7:17: rejected before write; missing required noun anchors: ['secolo']; candidate='Poiché testimonia: "Tu sei sacerdote per sempre secondo l\'ordine di Melchisedec".\n'
Traceback (most recent call last):
  File "/home/albert/projects/bible/Meta_Bible_Data/Bible_Noun_Extraction/translate_verses.py", line 601, in <module>
    main()
    ~~~~^^
  File "/home/albert/projects/bible/Meta_Bible_Data/Bible_Noun_Extraction/translate_verses.py", line 577, in main
    raise RuntimeError(
    ...<2 lines>...
    )
RuntimeError: HEB 7:21: rejected before write; missing required noun anchors: ['secolo']; candidate='Ma egli, con giuramento, per mezzo di colui che gli disse: "Il Signore ha giurato e non si pentirà: tu sei sacerdote per sempre secondo l\'ordine di Melchisedec".\n'
Traceback (most recent call last):
  File "/home/albert/projects/bible/Meta_Bible_Data/Bible_Noun_Extraction/translate_verses.py", line 601, in <module>
    main()
    ~~~~^^
  File "/home/albert/projects/bible/Meta_Bible_Data/Bible_Noun_Extraction/translate_verses.py", line 577, in main
    raise RuntimeError(
    ...<2 lines>...
    )
RuntimeError: HEB 7:24: rejected before write; missing required noun anchors: ['secolo']; candidate='ma egli, poiché rimane in eterno, ha un sacerdozio immutabile.\n'
Traceback (most recent call last):
  File "/home/albert/projects/bible/Meta_Bible_Data/Bible_Noun_Extraction/translate_verses.py", line 601, in <module>
    main()
    ~~~~^^
  File "/home/albert/projects/bible/Meta_Bible_Data/Bible_Noun_Extraction/translate_verses.py", line 577, in main
    raise RuntimeError(
    ...<2 lines>...
    )
RuntimeError: HEB 7:28: rejected before write; missing required noun anchors: ['secolo']; candidate='La legge infatti costituisce sommi sacerdoti uomini che hanno debolezza, ma la parola del giuramento, successivo alla legge, costituisce il Figlio, reso perfetto per sempre.\n'
Traceback (most recent call last):
  File "/home/albert/projects/bible/Meta_Bible_Data/Bible_Noun_Extraction/translate_verses.py", line 601, in <module>
    main()
    ~~~~^^
  File "/home/albert/projects/bible/Meta_Bible_Data/Bible_Noun_Extraction/translate_verses.py", line 577, in main
    raise RuntimeError(
    ...<2 lines>...
    )
RuntimeError: HEB 7:9: rejected before write; missing required noun anchors: ['parola']; candidate='E, per così dire, per mezzo di Abramo, anche Levi, che riceve la decima, ha pagato la decima.\n'
Traceback (most recent call last):
  File "/home/albert/projects/bible/Meta_Bible_Data/Bible_Noun_Extraction/translate_verses.py", line 601, in <module>
    main()
    ~~~~^^
  File "/home/albert/projects/bible/Meta_Bible_Data/Bible_Noun_Extraction/translate_verses.py", line 577, in main
    raise RuntimeError(
    ...<2 lines>...
    )
RuntimeError: HEB 7:17: rejected before write; missing required noun anchors: ['secolo']; candidate='Poiché testimonia: "Tu sei sacerdote per sempre secondo l\'ordine di Melchisedec".\n'
Traceback (most recent call last):
  File "/home/albert/projects/bible/Meta_Bible_Data/Bible_Noun_Extraction/translate_verses.py", line 601, in <module>
    main()
    ~~~~^^
  File "/home/albert/projects/bible/Meta_Bible_Data/Bible_Noun_Extraction/translate_verses.py", line 577, in main
    raise RuntimeError(
    ...<2 lines>...
    )
RuntimeError: HEB 7:21: rejected before write; missing required noun anchors: ['secolo']; candidate='Ma questi, con giuramento, per mezzo di colui che gli disse: "Il Signore ha giurato e non si pentirà: tu sei sacerdote per sempre secondo l\'ordine di Melchisedec".\n'
Traceback (most recent call last):
  File "/home/albert/projects/bible/Meta_Bible_Data/Bible_Noun_Extraction/translate_verses.py", line 601, in <module>
    main()
    ~~~~^^
  File "/home/albert/projects/bible/Meta_Bible_Data/Bible_Noun_Extraction/translate_verses.py", line 577, in main
    raise RuntimeError(
    ...<2 lines>...
    )
RuntimeError: HEB 7:24: rejected before write; missing required noun anchors: ['secolo']; candidate='ma egli, poiché rimane in eterno, ha un sacerdozio immutabile.\n'
Traceback (most recent call last):
  File "/home/albert/projects/bible/Meta_Bible_Data/Bible_Noun_Extraction/translate_verses.py", line 601, in <module>
    main()
    ~~~~^^
  File "/home/albert/projects/bible/Meta_Bible_Data/Bible_Noun_Extraction/translate_verses.py", line 577, in main
    raise RuntimeError(
    ...<2 lines>...
    )
RuntimeError: HEB 7:28: rejected before write; missing required noun anchors: ['secolo']; candidate='La legge infatti costituisce sommi sacerdoti uomini che hanno debolezza, ma la parola del giuramento, dopo la legge, costituisce il Figlio, reso perfetto per sempre.\n'
HEB 8:1  wrote 058_HEB_008_001_GOI_It.txt
HEB 8:2  wrote 058_HEB_008_002_GOI_It.txt
HEB 8:3  wrote 058_HEB_008_003_GOI_It.txt
HEB 8:4  wrote 058_HEB_008_004_GOI_It.txt
Traceback (most recent call last):
  File "/home/albert/projects/bible/Meta_Bible_Data/Bible_Noun_Extraction/translate_verses.py", line 601, in <module>
    main()
    ~~~~^^
  File "/home/albert/projects/bible/Meta_Bible_Data/Bible_Noun_Extraction/translate_verses.py", line 577, in main
    raise RuntimeError(
    ...<2 lines>...
    )
RuntimeError: HEB 8:5: rejected before write; missing required noun anchors: ['montagna']; candidate='i quali servono in esempio e ombra delle cose celesti, come fu avvertito Mosè, che stava per compiere la tenda: "Vedi", dice, "fa\' ogni cosa secondo il modello che ti è stato mostrato sul monte".\n'
HEB 8:1  skipped (already exists)
HEB 8:2  skipped (already exists)
HEB 8:3  skipped (already exists)
HEB 8:4  skipped (already exists)
Traceback (most recent call last):
  File "/home/albert/projects/bible/Meta_Bible_Data/Bible_Noun_Extraction/translate_verses.py", line 601, in <module>
    main()
    ~~~~^^
  File "/home/albert/projects/bible/Meta_Bible_Data/Bible_Noun_Extraction/translate_verses.py", line 577, in main
    raise RuntimeError(
    ...<2 lines>...
    )
RuntimeError: HEB 8:5: rejected before write; missing required noun anchors: ['montagna']; candidate='I quali servono in esempio e ombra delle cose celesti, come fu avvertito Mosè, dovendo compiere la tenda: "Vedi", dice, "fa\' ogni cosa secondo il modello che ti è stato mostrato sul monte".\n'
HEB 8:1  skipped (already exists)
HEB 8:2  skipped (already exists)
HEB 8:3  skipped (already exists)
HEB 8:4  skipped (already exists)
Traceback (most recent call last):
  File "/home/albert/projects/bible/Meta_Bible_Data/Bible_Noun_Extraction/translate_verses.py", line 601, in <module>
    main()
    ~~~~^^
  File "/home/albert/projects/bible/Meta_Bible_Data/Bible_Noun_Extraction/translate_verses.py", line 577, in main
    raise RuntimeError(
    ...<2 lines>...
    )
RuntimeError: HEB 8:5: rejected before write; missing required noun anchors: ['montagna']; candidate='i quali servono in esempio e ombra delle cose celesti, come fu avvertito Mosè quando stava per compiere la tenda: "Vedi", dice, "fa\' tutte le cose secondo il modello che ti è stato mostrato sul monte".\n'
HEB 8:6  wrote 058_HEB_008_006_GOI_It.txt
Done. Wrote 1 verse(s); skipped 0.
HEB 8:7  wrote 058_HEB_008_007_GOI_It.txt
Done. Wrote 1 verse(s); skipped 0.
HEB 8:8  wrote 058_HEB_008_008_GOI_It.txt
Done. Wrote 1 verse(s); skipped 0.
HEB 8:9  wrote 058_HEB_008_009_GOI_It.txt
Done. Wrote 1 verse(s); skipped 0.
HEB 8:10  wrote 058_HEB_008_010_GOI_It.txt
Done. Wrote 1 verse(s); skipped 0.
HEB 8:11  wrote 058_HEB_008_011_GOI_It.txt
Done. Wrote 1 verse(s); skipped 0.
HEB 8:12  wrote 058_HEB_008_012_GOI_It.txt
Done. Wrote 1 verse(s); skipped 0.
HEB 8:13  wrote 058_HEB_008_013_GOI_It.txt
Done. Wrote 1 verse(s); skipped 0.
HEB 9:1  wrote 058_HEB_009_001_GOI_It.txt
HEB 9:2  wrote 058_HEB_009_002_GOI_It.txt
HEB 9:3  wrote 058_HEB_009_003_GOI_It.txt
HEB 9:4  wrote 058_HEB_009_004_GOI_It.txt
HEB 9:5  wrote 058_HEB_009_005_GOI_It.txt
HEB 9:6  wrote 058_HEB_009_006_GOI_It.txt
HEB 9:7  wrote 058_HEB_009_007_GOI_It.txt
HEB 9:8  wrote 058_HEB_009_008_GOI_It.txt
HEB 9:9  wrote 058_HEB_009_009_GOI_It.txt
HEB 9:10  wrote 058_HEB_009_010_GOI_It.txt
HEB 9:11  wrote 058_HEB_009_011_GOI_It.txt
HEB 9:12  wrote 058_HEB_009_012_GOI_It.txt
HEB 9:13  wrote 058_HEB_009_013_GOI_It.txt
HEB 9:14  wrote 058_HEB_009_014_GOI_It.txt
HEB 9:15  wrote 058_HEB_009_015_GOI_It.txt
HEB 9:16  wrote 058_HEB_009_016_GOI_It.txt
HEB 9:17  wrote 058_HEB_009_017_GOI_It.txt
HEB 9:18  wrote 058_HEB_009_018_GOI_It.txt
HEB 9:19  wrote 058_HEB_009_019_GOI_It.txt
HEB 9:20  wrote 058_HEB_009_020_GOI_It.txt
HEB 9:21  wrote 058_HEB_009_021_GOI_It.txt
HEB 9:22  wrote 058_HEB_009_022_GOI_It.txt
HEB 9:23  wrote 058_HEB_009_023_GOI_It.txt
HEB 9:24  wrote 058_HEB_009_024_GOI_It.txt
HEB 9:25  wrote 058_HEB_009_025_GOI_It.txt
HEB 9:26  wrote 058_HEB_009_026_GOI_It.txt
HEB 9:27  wrote 058_HEB_009_027_GOI_It.txt
HEB 9:28  wrote 058_HEB_009_028_GOI_It.txt
Done. Wrote 28 verse(s); skipped 0.
HEB 10:1  wrote 058_HEB_010_001_GOI_It.txt
HEB 10:2  wrote 058_HEB_010_002_GOI_It.txt
HEB 10:3  wrote 058_HEB_010_003_GOI_It.txt
HEB 10:4  wrote 058_HEB_010_004_GOI_It.txt
HEB 10:5  wrote 058_HEB_010_005_GOI_It.txt
HEB 10:6  wrote 058_HEB_010_006_GOI_It.txt
HEB 10:7  wrote 058_HEB_010_007_GOI_It.txt
HEB 10:8  wrote 058_HEB_010_008_GOI_It.txt
HEB 10:9  wrote 058_HEB_010_009_GOI_It.txt
HEB 10:10  wrote 058_HEB_010_010_GOI_It.txt
HEB 10:11  wrote 058_HEB_010_011_GOI_It.txt
HEB 10:12  wrote 058_HEB_010_012_GOI_It.txt
HEB 10:13  wrote 058_HEB_010_013_GOI_It.txt
HEB 10:14  wrote 058_HEB_010_014_GOI_It.txt
HEB 10:15  wrote 058_HEB_010_015_GOI_It.txt
HEB 10:16  wrote 058_HEB_010_016_GOI_It.txt
HEB 10:17  wrote 058_HEB_010_017_GOI_It.txt
HEB 10:18  wrote 058_HEB_010_018_GOI_It.txt
HEB 10:19  wrote 058_HEB_010_019_GOI_It.txt
HEB 10:20  wrote 058_HEB_010_020_GOI_It.txt
HEB 10:21  wrote 058_HEB_010_021_GOI_It.txt
HEB 10:22  wrote 058_HEB_010_022_GOI_It.txt
HEB 10:23  wrote 058_HEB_010_023_GOI_It.txt
HEB 10:24  wrote 058_HEB_010_024_GOI_It.txt
HEB 10:25  wrote 058_HEB_010_025_GOI_It.txt
HEB 10:26  wrote 058_HEB_010_026_GOI_It.txt
HEB 10:27  wrote 058_HEB_010_027_GOI_It.txt
HEB 10:28  wrote 058_HEB_010_028_GOI_It.txt
HEB 10:29  wrote 058_HEB_010_029_GOI_It.txt
HEB 10:30  wrote 058_HEB_010_030_GOI_It.txt
HEB 10:31  wrote 058_HEB_010_031_GOI_It.txt
HEB 10:32  wrote 058_HEB_010_032_GOI_It.txt
HEB 10:33  wrote 058_HEB_010_033_GOI_It.txt
Traceback (most recent call last):
  File "/home/albert/projects/bible/Meta_Bible_Data/Bible_Noun_Extraction/translate_verses.py", line 601, in <module>
    main()
    ~~~~^^
  File "/home/albert/projects/bible/Meta_Bible_Data/Bible_Noun_Extraction/translate_verses.py", line 577, in main
    raise RuntimeError(
    ...<2 lines>...
    )
RuntimeError: HEB 10:34: rejected before write; missing required noun anchors: ['legame']; candidate='E infatti aveste compassione delle mie catene e accettaste con gioia la rapina dei vostri beni, sapendo di avere in voi stessi una possessione migliore e duratura nei cieli.\n'
HEB 10:1  skipped (already exists)
HEB 10:2  skipped (already exists)
HEB 10:3  skipped (already exists)
HEB 10:4  skipped (already exists)
HEB 10:5  skipped (already exists)
HEB 10:6  skipped (already exists)
HEB 10:7  skipped (already exists)
HEB 10:8  skipped (already exists)
HEB 10:9  skipped (already exists)
HEB 10:10  skipped (already exists)
HEB 10:11  skipped (already exists)
HEB 10:12  skipped (already exists)
HEB 10:13  skipped (already exists)
HEB 10:14  skipped (already exists)
HEB 10:15  skipped (already exists)
HEB 10:16  skipped (already exists)
HEB 10:17  skipped (already exists)
HEB 10:18  skipped (already exists)
HEB 10:19  skipped (already exists)
HEB 10:20  skipped (already exists)
HEB 10:21  skipped (already exists)
HEB 10:22  skipped (already exists)
HEB 10:23  skipped (already exists)
HEB 10:24  skipped (already exists)
HEB 10:25  skipped (already exists)
HEB 10:26  skipped (already exists)
HEB 10:27  skipped (already exists)
HEB 10:28  skipped (already exists)
HEB 10:29  skipped (already exists)
HEB 10:30  skipped (already exists)
HEB 10:31  skipped (already exists)
HEB 10:32  skipped (already exists)
HEB 10:33  skipped (already exists)
Traceback (most recent call last):
  File "/home/albert/projects/bible/Meta_Bible_Data/Bible_Noun_Extraction/translate_verses.py", line 601, in <module>
    main()
    ~~~~^^
  File "/home/albert/projects/bible/Meta_Bible_Data/Bible_Noun_Extraction/translate_verses.py", line 577, in main
    raise RuntimeError(
    ...<2 lines>...
    )
RuntimeError: HEB 10:34: rejected before write; missing required noun anchors: ['legame']; candidate='E infatti aveste compassione delle mie catene e accettaste con gioia la rapina dei vostri beni, sapendo di avere in voi stessi una possessione migliore e duratura nei cieli.\n'
HEB 10:1  skipped (already exists)
HEB 10:2  skipped (already exists)
HEB 10:3  skipped (already exists)
HEB 10:4  skipped (already exists)
HEB 10:5  skipped (already exists)
HEB 10:6  skipped (already exists)
HEB 10:7  skipped (already exists)
HEB 10:8  skipped (already exists)
HEB 10:9  skipped (already exists)
HEB 10:10  skipped (already exists)
HEB 10:11  skipped (already exists)
HEB 10:12  skipped (already exists)
HEB 10:13  skipped (already exists)
HEB 10:14  skipped (already exists)
HEB 10:15  skipped (already exists)
HEB 10:16  skipped (already exists)
HEB 10:17  skipped (already exists)
HEB 10:18  skipped (already exists)
HEB 10:19  skipped (already exists)
HEB 10:20  skipped (already exists)
HEB 10:21  skipped (already exists)
HEB 10:22  skipped (already exists)
HEB 10:23  skipped (already exists)
HEB 10:24  skipped (already exists)
HEB 10:25  skipped (already exists)
HEB 10:26  skipped (already exists)
HEB 10:27  skipped (already exists)
HEB 10:28  skipped (already exists)
HEB 10:29  skipped (already exists)
HEB 10:30  skipped (already exists)
HEB 10:31  skipped (already exists)
HEB 10:32  skipped (already exists)
HEB 10:33  skipped (already exists)
Traceback (most recent call last):
  File "/home/albert/projects/bible/Meta_Bible_Data/Bible_Noun_Extraction/translate_verses.py", line 601, in <module>
    main()
    ~~~~^^
  File "/home/albert/projects/bible/Meta_Bible_Data/Bible_Noun_Extraction/translate_verses.py", line 577, in main
    raise RuntimeError(
    ...<2 lines>...
    )
RuntimeError: HEB 10:34: rejected before write; missing required noun anchors: ['legame']; candidate='E infatti aveste compassione delle mie catene e accettaste con gioia la rapina dei vostri beni, sapendo di avere in voi stessi una possessione migliore e duratura nei cieli.\n'
HEB 10:35  wrote 058_HEB_010_035_GOI_It.txt
Done. Wrote 1 verse(s); skipped 0.
HEB 10:36  wrote 058_HEB_010_036_GOI_It.txt
Done. Wrote 1 verse(s); skipped 0.
HEB 10:37  wrote 058_HEB_010_037_GOI_It.txt
Done. Wrote 1 verse(s); skipped 0.
HEB 10:38  wrote 058_HEB_010_038_GOI_It.txt
Done. Wrote 1 verse(s); skipped 0.
HEB 10:39  wrote 058_HEB_010_039_GOI_It.txt
Done. Wrote 1 verse(s); skipped 0.
HEB 11:1  wrote 058_HEB_011_001_GOI_It.txt
HEB 11:2  wrote 058_HEB_011_002_GOI_It.txt
HEB 11:3  wrote 058_HEB_011_003_GOI_It.txt
HEB 11:4  wrote 058_HEB_011_004_GOI_It.txt
HEB 11:5  wrote 058_HEB_011_005_GOI_It.txt
HEB 11:6  wrote 058_HEB_011_006_GOI_It.txt
HEB 11:7  wrote 058_HEB_011_007_GOI_It.txt
HEB 11:8  wrote 058_HEB_011_008_GOI_It.txt
HEB 11:9  wrote 058_HEB_011_009_GOI_It.txt
HEB 11:10  wrote 058_HEB_011_010_GOI_It.txt
HEB 11:11  wrote 058_HEB_011_011_GOI_It.txt
HEB 11:12  wrote 058_HEB_011_012_GOI_It.txt
HEB 11:13  wrote 058_HEB_011_013_GOI_It.txt
HEB 11:14  wrote 058_HEB_011_014_GOI_It.txt
HEB 11:15  wrote 058_HEB_011_015_GOI_It.txt
HEB 11:16  wrote 058_HEB_011_016_GOI_It.txt
HEB 11:17  wrote 058_HEB_011_017_GOI_It.txt
HEB 11:18  wrote 058_HEB_011_018_GOI_It.txt
HEB 11:19  wrote 058_HEB_011_019_GOI_It.txt
HEB 11:20  wrote 058_HEB_011_020_GOI_It.txt
HEB 11:21  wrote 058_HEB_011_021_GOI_It.txt
HEB 11:22  wrote 058_HEB_011_022_GOI_It.txt
HEB 11:23  wrote 058_HEB_011_023_GOI_It.txt
HEB 11:24  wrote 058_HEB_011_024_GOI_It.txt
HEB 11:25  wrote 058_HEB_011_025_GOI_It.txt
HEB 11:26  wrote 058_HEB_011_026_GOI_It.txt
HEB 11:27  wrote 058_HEB_011_027_GOI_It.txt
HEB 11:28  wrote 058_HEB_011_028_GOI_It.txt
HEB 11:29  wrote 058_HEB_011_029_GOI_It.txt
HEB 11:30  wrote 058_HEB_011_030_GOI_It.txt
HEB 11:31  wrote 058_HEB_011_031_GOI_It.txt
HEB 11:32  wrote 058_HEB_011_032_GOI_It.txt
HEB 11:33  wrote 058_HEB_011_033_GOI_It.txt
HEB 11:34  wrote 058_HEB_011_034_GOI_It.txt
HEB 11:35  wrote 058_HEB_011_035_GOI_It.txt
HEB 11:36  wrote 058_HEB_011_036_GOI_It.txt
HEB 11:37  wrote 058_HEB_011_037_GOI_It.txt
HEB 11:38  wrote 058_HEB_011_038_GOI_It.txt
HEB 11:39  wrote 058_HEB_011_039_GOI_It.txt
HEB 11:40  wrote 058_HEB_011_040_GOI_It.txt
Done. Wrote 40 verse(s); skipped 0.
HEB 12:1  wrote 058_HEB_012_001_GOI_It.txt
HEB 12:2  wrote 058_HEB_012_002_GOI_It.txt
HEB 12:3  wrote 058_HEB_012_003_GOI_It.txt
HEB 12:4  wrote 058_HEB_012_004_GOI_It.txt
HEB 12:5  wrote 058_HEB_012_005_GOI_It.txt
HEB 12:6  wrote 058_HEB_012_006_GOI_It.txt
HEB 12:7  wrote 058_HEB_012_007_GOI_It.txt
HEB 12:8  wrote 058_HEB_012_008_GOI_It.txt
HEB 12:9  wrote 058_HEB_012_009_GOI_It.txt
HEB 12:10  wrote 058_HEB_012_010_GOI_It.txt
HEB 12:11  wrote 058_HEB_012_011_GOI_It.txt
HEB 12:12  wrote 058_HEB_012_012_GOI_It.txt
HEB 12:13  wrote 058_HEB_012_013_GOI_It.txt
HEB 12:14  wrote 058_HEB_012_014_GOI_It.txt
HEB 12:15  wrote 058_HEB_012_015_GOI_It.txt
HEB 12:16  wrote 058_HEB_012_016_GOI_It.txt
HEB 12:17  wrote 058_HEB_012_017_GOI_It.txt
Traceback (most recent call last):
  File "/home/albert/projects/bible/Meta_Bible_Data/Bible_Noun_Extraction/translate_verses.py", line 601, in <module>
    main()
    ~~~~^^
  File "/home/albert/projects/bible/Meta_Bible_Data/Bible_Noun_Extraction/translate_verses.py", line 577, in main
    raise RuntimeError(
    ...<2 lines>...
    )
RuntimeError: HEB 12:18: rejected before write; missing required noun anchors: ['montagna']; candidate='Poiché non vi siete accostati a un monte che si poteva toccare e a un fuoco ardente, e a caligine, e a tenebre, e a tempesta.\n'
HEB 12:1  skipped (already exists)
HEB 12:2  skipped (already exists)
HEB 12:3  skipped (already exists)
HEB 12:4  skipped (already exists)
HEB 12:5  skipped (already exists)
HEB 12:6  skipped (already exists)
HEB 12:7  skipped (already exists)
HEB 12:8  skipped (already exists)
HEB 12:9  skipped (already exists)
HEB 12:10  skipped (already exists)
HEB 12:11  skipped (already exists)
HEB 12:12  skipped (already exists)
HEB 12:13  skipped (already exists)
HEB 12:14  skipped (already exists)
HEB 12:15  skipped (already exists)
HEB 12:16  skipped (already exists)
HEB 12:17  skipped (already exists)
Traceback (most recent call last):
  File "/home/albert/projects/bible/Meta_Bible_Data/Bible_Noun_Extraction/translate_verses.py", line 601, in <module>
    main()
    ~~~~^^
  File "/home/albert/projects/bible/Meta_Bible_Data/Bible_Noun_Extraction/translate_verses.py", line 577, in main
    raise RuntimeError(
    ...<2 lines>...
    )
RuntimeError: HEB 12:18: rejected before write; missing required noun anchors: ['montagna']; candidate='Poiché non vi siete accostati a un monte che si poteva toccare e a un fuoco ardente, e a caligine, e a tenebre, e a tempesta.\n'
HEB 12:1  skipped (already exists)
HEB 12:2  skipped (already exists)
HEB 12:3  skipped (already exists)
HEB 12:4  skipped (already exists)
HEB 12:5  skipped (already exists)
HEB 12:6  skipped (already exists)
HEB 12:7  skipped (already exists)
HEB 12:8  skipped (already exists)
HEB 12:9  skipped (already exists)
HEB 12:10  skipped (already exists)
HEB 12:11  skipped (already exists)
HEB 12:12  skipped (already exists)
HEB 12:13  skipped (already exists)
HEB 12:14  skipped (already exists)
HEB 12:15  skipped (already exists)
HEB 12:16  skipped (already exists)
HEB 12:17  skipped (already exists)
Traceback (most recent call last):
  File "/home/albert/projects/bible/Meta_Bible_Data/Bible_Noun_Extraction/translate_verses.py", line 601, in <module>
    main()
    ~~~~^^
  File "/home/albert/projects/bible/Meta_Bible_Data/Bible_Noun_Extraction/translate_verses.py", line 577, in main
    raise RuntimeError(
    ...<2 lines>...
    )
RuntimeError: HEB 12:18: rejected before write; missing required noun anchors: ['montagna']; candidate='Poiché non vi siete accostati a un monte che si poteva toccare e a un fuoco ardente, e a caligine, e a tenebre, e a tempesta.\n'
HEB 12:19  wrote 058_HEB_012_019_GOI_It.txt
Done. Wrote 1 verse(s); skipped 0.
HEB 12:20  wrote 058_HEB_012_020_GOI_It.txt
Done. Wrote 1 verse(s); skipped 0.
HEB 12:21  wrote 058_HEB_012_021_GOI_It.txt
Done. Wrote 1 verse(s); skipped 0.
Traceback (most recent call last):
  File "/home/albert/projects/bible/Meta_Bible_Data/Bible_Noun_Extraction/translate_verses.py", line 601, in <module>
    main()
    ~~~~^^
  File "/home/albert/projects/bible/Meta_Bible_Data/Bible_Noun_Extraction/translate_verses.py", line 577, in main
    raise RuntimeError(
    ...<2 lines>...
    )
RuntimeError: HEB 12:22: rejected before write; missing required noun anchors: ['montagna']; candidate='ma siete venuti al monte Sion e alla città del Dio vivente, la Gerusalemme celeste, e a miriadi di angeli.\n'
HEB 12:23  wrote 058_HEB_012_023_GOI_It.txt
Done. Wrote 1 verse(s); skipped 0.
HEB 12:24  wrote 058_HEB_012_024_GOI_It.txt
Done. Wrote 1 verse(s); skipped 0.
HEB 12:25  wrote 058_HEB_012_025_GOI_It.txt
Done. Wrote 1 verse(s); skipped 0.
HEB 12:26  wrote 058_HEB_012_026_GOI_It.txt
Done. Wrote 1 verse(s); skipped 0.
HEB 12:27  wrote 058_HEB_012_027_GOI_It.txt
Done. Wrote 1 verse(s); skipped 0.
HEB 12:28  wrote 058_HEB_012_028_GOI_It.txt
Done. Wrote 1 verse(s); skipped 0.
HEB 12:29  wrote 058_HEB_012_029_GOI_It.txt
Done. Wrote 1 verse(s); skipped 0.
Traceback (most recent call last):
  File "/home/albert/projects/bible/Meta_Bible_Data/Bible_Noun_Extraction/translate_verses.py", line 601, in <module>
    main()
    ~~~~^^
  File "/home/albert/projects/bible/Meta_Bible_Data/Bible_Noun_Extraction/translate_verses.py", line 577, in main
    raise RuntimeError(
    ...<2 lines>...
    )
RuntimeError: HEB 12:22: rejected before write; missing required noun anchors: ['montagna']; candidate='Ma voi vi siete avvicinati al monte Sion e alla città del Dio vivente, la Gerusalemme celeste, e a miriadi di angeli.\n'
Traceback (most recent call last):
  File "/home/albert/projects/bible/Meta_Bible_Data/Bible_Noun_Extraction/translate_verses.py", line 601, in <module>
    main()
    ~~~~^^
  File "/home/albert/projects/bible/Meta_Bible_Data/Bible_Noun_Extraction/translate_verses.py", line 577, in main
    raise RuntimeError(
    ...<2 lines>...
    )
RuntimeError: HEB 12:22: rejected before write; missing required noun anchors: ['montagna']; candidate='ma siete venuti al monte Sion e alla città del Dio vivente, la Gerusalemme celeste, e a miriadi di angeli.\n'
HEB 13:1  wrote 058_HEB_013_001_GOI_It.txt
HEB 13:2  wrote 058_HEB_013_002_GOI_It.txt
HEB 13:3  wrote 058_HEB_013_003_GOI_It.txt
HEB 13:4  wrote 058_HEB_013_004_GOI_It.txt
HEB 13:5  wrote 058_HEB_013_005_GOI_It.txt
HEB 13:6  wrote 058_HEB_013_006_GOI_It.txt
HEB 13:7  wrote 058_HEB_013_007_GOI_It.txt
HEB 13:8  wrote 058_HEB_013_008_GOI_It.txt
HEB 13:9  wrote 058_HEB_013_009_GOI_It.txt
HEB 13:10  wrote 058_HEB_013_010_GOI_It.txt
HEB 13:11  wrote 058_HEB_013_011_GOI_It.txt
HEB 13:12  wrote 058_HEB_013_012_GOI_It.txt
HEB 13:13  wrote 058_HEB_013_013_GOI_It.txt
HEB 13:14  wrote 058_HEB_013_014_GOI_It.txt
HEB 13:15  wrote 058_HEB_013_015_GOI_It.txt
HEB 13:16  wrote 058_HEB_013_016_GOI_It.txt
HEB 13:17  wrote 058_HEB_013_017_GOI_It.txt
HEB 13:18  wrote 058_HEB_013_018_GOI_It.txt
HEB 13:19  wrote 058_HEB_013_019_GOI_It.txt
HEB 13:20  wrote 058_HEB_013_020_GOI_It.txt
HEB 13:21  wrote 058_HEB_013_021_GOI_It.txt
HEB 13:22  wrote 058_HEB_013_022_GOI_It.txt
HEB 13:23  wrote 058_HEB_013_023_GOI_It.txt
HEB 13:24  wrote 058_HEB_013_024_GOI_It.txt
HEB 13:25  wrote 058_HEB_013_025_GOI_It.txt
Done. Wrote 25 verse(s); skipped 0.
JAS 1:1  wrote 059_JAS_001_001_GOI_It.txt
JAS 1:2  wrote 059_JAS_001_002_GOI_It.txt
JAS 1:3  wrote 059_JAS_001_003_GOI_It.txt
JAS 1:4  wrote 059_JAS_001_004_GOI_It.txt
JAS 1:5  wrote 059_JAS_001_005_GOI_It.txt
JAS 1:6  wrote 059_JAS_001_006_GOI_It.txt
JAS 1:7  wrote 059_JAS_001_007_GOI_It.txt
JAS 1:8  wrote 059_JAS_001_008_GOI_It.txt
JAS 1:9  wrote 059_JAS_001_009_GOI_It.txt
JAS 1:10  wrote 059_JAS_001_010_GOI_It.txt
JAS 1:11  wrote 059_JAS_001_011_GOI_It.txt
JAS 1:12  wrote 059_JAS_001_012_GOI_It.txt
JAS 1:13  wrote 059_JAS_001_013_GOI_It.txt
JAS 1:14  wrote 059_JAS_001_014_GOI_It.txt
JAS 1:15  wrote 059_JAS_001_015_GOI_It.txt
JAS 1:16  wrote 059_JAS_001_016_GOI_It.txt
JAS 1:17  wrote 059_JAS_001_017_GOI_It.txt
JAS 1:18  wrote 059_JAS_001_018_GOI_It.txt
JAS 1:19  wrote 059_JAS_001_019_GOI_It.txt
JAS 1:20  wrote 059_JAS_001_020_GOI_It.txt
JAS 1:21  wrote 059_JAS_001_021_GOI_It.txt
JAS 1:22  wrote 059_JAS_001_022_GOI_It.txt
JAS 1:23  wrote 059_JAS_001_023_GOI_It.txt
JAS 1:24  wrote 059_JAS_001_024_GOI_It.txt
JAS 1:25  wrote 059_JAS_001_025_GOI_It.txt
JAS 1:26  wrote 059_JAS_001_026_GOI_It.txt
JAS 1:27  wrote 059_JAS_001_027_GOI_It.txt
Done. Wrote 27 verse(s); skipped 0.
JAS 2:1  wrote 059_JAS_002_001_GOI_It.txt
JAS 2:2  wrote 059_JAS_002_002_GOI_It.txt
JAS 2:3  wrote 059_JAS_002_003_GOI_It.txt
JAS 2:4  wrote 059_JAS_002_004_GOI_It.txt
JAS 2:5  wrote 059_JAS_002_005_GOI_It.txt
JAS 2:6  wrote 059_JAS_002_006_GOI_It.txt
JAS 2:7  wrote 059_JAS_002_007_GOI_It.txt
JAS 2:8  wrote 059_JAS_002_008_GOI_It.txt
JAS 2:9  wrote 059_JAS_002_009_GOI_It.txt
JAS 2:10  wrote 059_JAS_002_010_GOI_It.txt
JAS 2:11  wrote 059_JAS_002_011_GOI_It.txt
JAS 2:12  wrote 059_JAS_002_012_GOI_It.txt
JAS 2:13  wrote 059_JAS_002_013_GOI_It.txt
JAS 2:14  wrote 059_JAS_002_014_GOI_It.txt
JAS 2:15  wrote 059_JAS_002_015_GOI_It.txt
JAS 2:16  wrote 059_JAS_002_016_GOI_It.txt
JAS 2:17  wrote 059_JAS_002_017_GOI_It.txt
JAS 2:18  wrote 059_JAS_002_018_GOI_It.txt
JAS 2:19  wrote 059_JAS_002_019_GOI_It.txt
JAS 2:20  wrote 059_JAS_002_020_GOI_It.txt
JAS 2:21  wrote 059_JAS_002_021_GOI_It.txt
JAS 2:22  wrote 059_JAS_002_022_GOI_It.txt
JAS 2:23  wrote 059_JAS_002_023_GOI_It.txt
JAS 2:24  wrote 059_JAS_002_024_GOI_It.txt
JAS 2:25  wrote 059_JAS_002_025_GOI_It.txt
JAS 2:26  wrote 059_JAS_002_026_GOI_It.txt
Done. Wrote 26 verse(s); skipped 0.
JAS 3:1  wrote 059_JAS_003_001_GOI_It.txt
JAS 3:2  wrote 059_JAS_003_002_GOI_It.txt
JAS 3:3  wrote 059_JAS_003_003_GOI_It.txt
JAS 3:4  wrote 059_JAS_003_004_GOI_It.txt
JAS 3:5  wrote 059_JAS_003_005_GOI_It.txt
JAS 3:6  wrote 059_JAS_003_006_GOI_It.txt
JAS 3:7  wrote 059_JAS_003_007_GOI_It.txt
JAS 3:8  wrote 059_JAS_003_008_GOI_It.txt
JAS 3:9  wrote 059_JAS_003_009_GOI_It.txt
JAS 3:10  wrote 059_JAS_003_010_GOI_It.txt
JAS 3:11  wrote 059_JAS_003_011_GOI_It.txt
JAS 3:12  wrote 059_JAS_003_012_GOI_It.txt
JAS 3:13  wrote 059_JAS_003_013_GOI_It.txt
JAS 3:14  wrote 059_JAS_003_014_GOI_It.txt
JAS 3:15  wrote 059_JAS_003_015_GOI_It.txt
JAS 3:16  wrote 059_JAS_003_016_GOI_It.txt
JAS 3:17  wrote 059_JAS_003_017_GOI_It.txt
JAS 3:18  wrote 059_JAS_003_018_GOI_It.txt
Done. Wrote 18 verse(s); skipped 0.
JAS 4:1  wrote 059_JAS_004_001_GOI_It.txt
JAS 4:2  wrote 059_JAS_004_002_GOI_It.txt
JAS 4:3  wrote 059_JAS_004_003_GOI_It.txt
JAS 4:4  wrote 059_JAS_004_004_GOI_It.txt
JAS 4:5  wrote 059_JAS_004_005_GOI_It.txt
JAS 4:6  wrote 059_JAS_004_006_GOI_It.txt
JAS 4:7  wrote 059_JAS_004_007_GOI_It.txt
JAS 4:8  wrote 059_JAS_004_008_GOI_It.txt
JAS 4:9  wrote 059_JAS_004_009_GOI_It.txt
JAS 4:10  wrote 059_JAS_004_010_GOI_It.txt
JAS 4:11  wrote 059_JAS_004_011_GOI_It.txt
JAS 4:12  wrote 059_JAS_004_012_GOI_It.txt
JAS 4:13  wrote 059_JAS_004_013_GOI_It.txt
JAS 4:14  wrote 059_JAS_004_014_GOI_It.txt
JAS 4:15  wrote 059_JAS_004_015_GOI_It.txt
JAS 4:16  wrote 059_JAS_004_016_GOI_It.txt
JAS 4:17  wrote 059_JAS_004_017_GOI_It.txt
Done. Wrote 17 verse(s); skipped 0.
JAS 5:1  wrote 059_JAS_005_001_GOI_It.txt
JAS 5:2  wrote 059_JAS_005_002_GOI_It.txt
JAS 5:3  wrote 059_JAS_005_003_GOI_It.txt
JAS 5:4  wrote 059_JAS_005_004_GOI_It.txt
JAS 5:5  wrote 059_JAS_005_005_GOI_It.txt
JAS 5:6  wrote 059_JAS_005_006_GOI_It.txt
JAS 5:7  wrote 059_JAS_005_007_GOI_It.txt
JAS 5:8  wrote 059_JAS_005_008_GOI_It.txt
JAS 5:9  wrote 059_JAS_005_009_GOI_It.txt
JAS 5:10  wrote 059_JAS_005_010_GOI_It.txt
JAS 5:11  wrote 059_JAS_005_011_GOI_It.txt
JAS 5:12  wrote 059_JAS_005_012_GOI_It.txt
JAS 5:13  wrote 059_JAS_005_013_GOI_It.txt
JAS 5:14  wrote 059_JAS_005_014_GOI_It.txt
JAS 5:15  wrote 059_JAS_005_015_GOI_It.txt
JAS 5:16  wrote 059_JAS_005_016_GOI_It.txt
JAS 5:17  wrote 059_JAS_005_017_GOI_It.txt
JAS 5:18  wrote 059_JAS_005_018_GOI_It.txt
JAS 5:19  wrote 059_JAS_005_019_GOI_It.txt
JAS 5:20  wrote 059_JAS_005_020_GOI_It.txt
Done. Wrote 20 verse(s); skipped 0.
1PE 1:1  wrote 060_1PE_001_001_GOI_It.txt
1PE 1:2  wrote 060_1PE_001_002_GOI_It.txt
1PE 1:3  wrote 060_1PE_001_003_GOI_It.txt
1PE 1:4  wrote 060_1PE_001_004_GOI_It.txt
1PE 1:5  wrote 060_1PE_001_005_GOI_It.txt
1PE 1:6  wrote 060_1PE_001_006_GOI_It.txt
1PE 1:7  wrote 060_1PE_001_007_GOI_It.txt
1PE 1:8  wrote 060_1PE_001_008_GOI_It.txt
1PE 1:9  wrote 060_1PE_001_009_GOI_It.txt
1PE 1:10  wrote 060_1PE_001_010_GOI_It.txt
1PE 1:11  wrote 060_1PE_001_011_GOI_It.txt
1PE 1:12  wrote 060_1PE_001_012_GOI_It.txt
1PE 1:13  wrote 060_1PE_001_013_GOI_It.txt
1PE 1:14  wrote 060_1PE_001_014_GOI_It.txt
1PE 1:15  wrote 060_1PE_001_015_GOI_It.txt
1PE 1:16  wrote 060_1PE_001_016_GOI_It.txt
1PE 1:17  wrote 060_1PE_001_017_GOI_It.txt
1PE 1:18  wrote 060_1PE_001_018_GOI_It.txt
1PE 1:19  wrote 060_1PE_001_019_GOI_It.txt
1PE 1:20  wrote 060_1PE_001_020_GOI_It.txt
1PE 1:21  wrote 060_1PE_001_021_GOI_It.txt
1PE 1:22  wrote 060_1PE_001_022_GOI_It.txt
1PE 1:23  wrote 060_1PE_001_023_GOI_It.txt
1PE 1:24  wrote 060_1PE_001_024_GOI_It.txt
Traceback (most recent call last):
  File "/home/albert/projects/bible/Meta_Bible_Data/Bible_Noun_Extraction/translate_verses.py", line 601, in <module>
    main()
    ~~~~^^
  File "/home/albert/projects/bible/Meta_Bible_Data/Bible_Noun_Extraction/translate_verses.py", line 577, in main
    raise RuntimeError(
    ...<2 lines>...
    )
RuntimeError: 1PE 1:25: rejected before write; missing required noun anchors: ['secolo']; candidate='Ma la parola del Signore rimane per sempre; e questa è la parola che vi è stata annunciata come vangelo.\n'
1PE 1:1  skipped (already exists)
1PE 1:2  skipped (already exists)
1PE 1:3  skipped (already exists)
1PE 1:4  skipped (already exists)
1PE 1:5  skipped (already exists)
1PE 1:6  skipped (already exists)
1PE 1:7  skipped (already exists)
1PE 1:8  skipped (already exists)
1PE 1:9  skipped (already exists)
1PE 1:10  skipped (already exists)
1PE 1:11  skipped (already exists)
1PE 1:12  skipped (already exists)
1PE 1:13  skipped (already exists)
1PE 1:14  skipped (already exists)
1PE 1:15  skipped (already exists)
1PE 1:16  skipped (already exists)
1PE 1:17  skipped (already exists)
1PE 1:18  skipped (already exists)
1PE 1:19  skipped (already exists)
1PE 1:20  skipped (already exists)
1PE 1:21  skipped (already exists)
1PE 1:22  skipped (already exists)
1PE 1:23  skipped (already exists)
1PE 1:24  skipped (already exists)
Traceback (most recent call last):
  File "/home/albert/projects/bible/Meta_Bible_Data/Bible_Noun_Extraction/translate_verses.py", line 601, in <module>
    main()
    ~~~~^^
  File "/home/albert/projects/bible/Meta_Bible_Data/Bible_Noun_Extraction/translate_verses.py", line 577, in main
    raise RuntimeError(
    ...<2 lines>...
    )
RuntimeError: 1PE 1:25: rejected before write; missing required noun anchors: ['secolo']; candidate='Ma la parola del Signore rimane per sempre; e questa è la parola che vi è stata annunciata come vangelo.\n'
1PE 1:1  skipped (already exists)
1PE 1:2  skipped (already exists)
1PE 1:3  skipped (already exists)
1PE 1:4  skipped (already exists)
1PE 1:5  skipped (already exists)
1PE 1:6  skipped (already exists)
1PE 1:7  skipped (already exists)
1PE 1:8  skipped (already exists)
1PE 1:9  skipped (already exists)
1PE 1:10  skipped (already exists)
1PE 1:11  skipped (already exists)
1PE 1:12  skipped (already exists)
1PE 1:13  skipped (already exists)
1PE 1:14  skipped (already exists)
1PE 1:15  skipped (already exists)
1PE 1:16  skipped (already exists)
1PE 1:17  skipped (already exists)
1PE 1:18  skipped (already exists)
1PE 1:19  skipped (already exists)
1PE 1:20  skipped (already exists)
1PE 1:21  skipped (already exists)
1PE 1:22  skipped (already exists)
1PE 1:23  skipped (already exists)
1PE 1:24  skipped (already exists)
Traceback (most recent call last):
  File "/home/albert/projects/bible/Meta_Bible_Data/Bible_Noun_Extraction/translate_verses.py", line 601, in <module>
    main()
    ~~~~^^
  File "/home/albert/projects/bible/Meta_Bible_Data/Bible_Noun_Extraction/translate_verses.py", line 577, in main
    raise RuntimeError(
    ...<2 lines>...
    )
RuntimeError: 1PE 1:25: rejected before write; missing required noun anchors: ['secolo']; candidate='Ma la parola del Signore rimane per sempre; e questa è la parola che vi è stata annunciata come vangelo.\n'
1PE 2:1  wrote 060_1PE_002_001_GOI_It.txt
1PE 2:2  wrote 060_1PE_002_002_GOI_It.txt
1PE 2:3  wrote 060_1PE_002_003_GOI_It.txt
1PE 2:4  wrote 060_1PE_002_004_GOI_It.txt
1PE 2:5  wrote 060_1PE_002_005_GOI_It.txt
1PE 2:6  wrote 060_1PE_002_006_GOI_It.txt
1PE 2:7  wrote 060_1PE_002_007_GOI_It.txt
1PE 2:8  wrote 060_1PE_002_008_GOI_It.txt
1PE 2:9  wrote 060_1PE_002_009_GOI_It.txt
1PE 2:10  wrote 060_1PE_002_010_GOI_It.txt
1PE 2:11  wrote 060_1PE_002_011_GOI_It.txt
1PE 2:12  wrote 060_1PE_002_012_GOI_It.txt
1PE 2:13  wrote 060_1PE_002_013_GOI_It.txt
1PE 2:14  wrote 060_1PE_002_014_GOI_It.txt
1PE 2:15  wrote 060_1PE_002_015_GOI_It.txt
1PE 2:16  wrote 060_1PE_002_016_GOI_It.txt
1PE 2:17  wrote 060_1PE_002_017_GOI_It.txt
1PE 2:18  wrote 060_1PE_002_018_GOI_It.txt
1PE 2:19  wrote 060_1PE_002_019_GOI_It.txt
1PE 2:20  wrote 060_1PE_002_020_GOI_It.txt
1PE 2:21  wrote 060_1PE_002_021_GOI_It.txt
1PE 2:22  wrote 060_1PE_002_022_GOI_It.txt
1PE 2:23  wrote 060_1PE_002_023_GOI_It.txt
1PE 2:24  wrote 060_1PE_002_024_GOI_It.txt
1PE 2:25  wrote 060_1PE_002_025_GOI_It.txt
Done. Wrote 25 verse(s); skipped 0.
1PE 3:1  wrote 060_1PE_003_001_GOI_It.txt
1PE 3:2  wrote 060_1PE_003_002_GOI_It.txt
1PE 3:3  wrote 060_1PE_003_003_GOI_It.txt
1PE 3:4  wrote 060_1PE_003_004_GOI_It.txt
1PE 3:5  wrote 060_1PE_003_005_GOI_It.txt
1PE 3:6  wrote 060_1PE_003_006_GOI_It.txt
1PE 3:7  wrote 060_1PE_003_007_GOI_It.txt
Traceback (most recent call last):
  File "/home/albert/projects/bible/Meta_Bible_Data/Bible_Noun_Extraction/translate_verses.py", line 601, in <module>
    main()
    ~~~~^^
  File "/home/albert/projects/bible/Meta_Bible_Data/Bible_Noun_Extraction/translate_verses.py", line 577, in main
    raise RuntimeError(
    ...<2 lines>...
    )
RuntimeError: 1PE 3:8: rejected before write; missing required noun anchors: ['fine']; candidate='Infine, siate tutti concordi, compassionevoli, amorevoli verso i fratelli, misericordiosi, cortesi.\n'
1PE 3:1  skipped (already exists)
1PE 3:2  skipped (already exists)
1PE 3:3  skipped (already exists)
1PE 3:4  skipped (already exists)
1PE 3:5  skipped (already exists)
1PE 3:6  skipped (already exists)
1PE 3:7  skipped (already exists)
Traceback (most recent call last):
  File "/home/albert/projects/bible/Meta_Bible_Data/Bible_Noun_Extraction/translate_verses.py", line 601, in <module>
    main()
    ~~~~^^
  File "/home/albert/projects/bible/Meta_Bible_Data/Bible_Noun_Extraction/translate_verses.py", line 577, in main
    raise RuntimeError(
    ...<2 lines>...
    )
RuntimeError: 1PE 3:8: rejected before write; missing required noun anchors: ['fine']; candidate='Infine, siate tutti concordi, compassionevoli, amandovi come fratelli, misericordiosi, cortesi.\n'
1PE 3:1  skipped (already exists)
1PE 3:2  skipped (already exists)
1PE 3:3  skipped (already exists)
1PE 3:4  skipped (already exists)
1PE 3:5  skipped (already exists)
1PE 3:6  skipped (already exists)
1PE 3:7  skipped (already exists)
Traceback (most recent call last):
  File "/home/albert/projects/bible/Meta_Bible_Data/Bible_Noun_Extraction/translate_verses.py", line 601, in <module>
    main()
    ~~~~^^
  File "/home/albert/projects/bible/Meta_Bible_Data/Bible_Noun_Extraction/translate_verses.py", line 577, in main
    raise RuntimeError(
    ...<2 lines>...
    )
RuntimeError: 1PE 3:8: rejected before write; missing required noun anchors: ['fine']; candidate='Infine, siate tutti concordi, compassionevoli, amandovi come fratelli, misericordiosi, cortesi.\n'
1PE 3:9  wrote 060_1PE_003_009_GOI_It.txt
Done. Wrote 1 verse(s); skipped 0.
1PE 3:10  wrote 060_1PE_003_010_GOI_It.txt
Done. Wrote 1 verse(s); skipped 0.
1PE 3:11  wrote 060_1PE_003_011_GOI_It.txt
Done. Wrote 1 verse(s); skipped 0.
1PE 3:12  wrote 060_1PE_003_012_GOI_It.txt
Done. Wrote 1 verse(s); skipped 0.
1PE 3:13  wrote 060_1PE_003_013_GOI_It.txt
Done. Wrote 1 verse(s); skipped 0.
1PE 3:14  wrote 060_1PE_003_014_GOI_It.txt
Done. Wrote 1 verse(s); skipped 0.
1PE 3:15  wrote 060_1PE_003_015_GOI_It.txt
Done. Wrote 1 verse(s); skipped 0.
1PE 3:16  wrote 060_1PE_003_016_GOI_It.txt
Done. Wrote 1 verse(s); skipped 0.
1PE 3:17  wrote 060_1PE_003_017_GOI_It.txt
Done. Wrote 1 verse(s); skipped 0.
1PE 3:18  wrote 060_1PE_003_018_GOI_It.txt
Done. Wrote 1 verse(s); skipped 0.
1PE 3:19  wrote 060_1PE_003_019_GOI_It.txt
Done. Wrote 1 verse(s); skipped 0.
1PE 3:20  wrote 060_1PE_003_020_GOI_It.txt
Done. Wrote 1 verse(s); skipped 0.
1PE 3:21  wrote 060_1PE_003_021_GOI_It.txt
Done. Wrote 1 verse(s); skipped 0.
1PE 3:22  wrote 060_1PE_003_022_GOI_It.txt
Done. Wrote 1 verse(s); skipped 0.
1PE 4:1  wrote 060_1PE_004_001_GOI_It.txt
1PE 4:2  wrote 060_1PE_004_002_GOI_It.txt
1PE 4:3  wrote 060_1PE_004_003_GOI_It.txt
1PE 4:4  wrote 060_1PE_004_004_GOI_It.txt
1PE 4:5  wrote 060_1PE_004_005_GOI_It.txt
1PE 4:6  wrote 060_1PE_004_006_GOI_It.txt
1PE 4:7  wrote 060_1PE_004_007_GOI_It.txt
1PE 4:8  wrote 060_1PE_004_008_GOI_It.txt
1PE 4:9  wrote 060_1PE_004_009_GOI_It.txt
1PE 4:10  wrote 060_1PE_004_010_GOI_It.txt
1PE 4:11  wrote 060_1PE_004_011_GOI_It.txt
1PE 4:12  wrote 060_1PE_004_012_GOI_It.txt
1PE 4:13  wrote 060_1PE_004_013_GOI_It.txt
1PE 4:14  wrote 060_1PE_004_014_GOI_It.txt
1PE 4:15  wrote 060_1PE_004_015_GOI_It.txt
1PE 4:16  wrote 060_1PE_004_016_GOI_It.txt
1PE 4:17  wrote 060_1PE_004_017_GOI_It.txt
1PE 4:18  wrote 060_1PE_004_018_GOI_It.txt
1PE 4:19  wrote 060_1PE_004_019_GOI_It.txt
Done. Wrote 19 verse(s); skipped 0.
1PE 5:1  wrote 060_1PE_005_001_GOI_It.txt
1PE 5:2  wrote 060_1PE_005_002_GOI_It.txt
1PE 5:3  wrote 060_1PE_005_003_GOI_It.txt
1PE 5:4  wrote 060_1PE_005_004_GOI_It.txt
1PE 5:5  wrote 060_1PE_005_005_GOI_It.txt
1PE 5:6  wrote 060_1PE_005_006_GOI_It.txt
1PE 5:7  wrote 060_1PE_005_007_GOI_It.txt
1PE 5:8  wrote 060_1PE_005_008_GOI_It.txt
1PE 5:9  wrote 060_1PE_005_009_GOI_It.txt
1PE 5:10  wrote 060_1PE_005_010_GOI_It.txt
1PE 5:11  wrote 060_1PE_005_011_GOI_It.txt
1PE 5:12  wrote 060_1PE_005_012_GOI_It.txt
1PE 5:13  wrote 060_1PE_005_013_GOI_It.txt
1PE 5:14  wrote 060_1PE_005_014_GOI_It.txt
Done. Wrote 14 verse(s); skipped 0.
2PE 1:1  wrote 061_2PE_001_001_GOI_It.txt
2PE 1:2  wrote 061_2PE_001_002_GOI_It.txt
2PE 1:3  wrote 061_2PE_001_003_GOI_It.txt
2PE 1:4  wrote 061_2PE_001_004_GOI_It.txt
2PE 1:5  wrote 061_2PE_001_005_GOI_It.txt
2PE 1:6  wrote 061_2PE_001_006_GOI_It.txt
2PE 1:7  wrote 061_2PE_001_007_GOI_It.txt
2PE 1:8  wrote 061_2PE_001_008_GOI_It.txt
2PE 1:9  wrote 061_2PE_001_009_GOI_It.txt
2PE 1:10  wrote 061_2PE_001_010_GOI_It.txt
2PE 1:11  wrote 061_2PE_001_011_GOI_It.txt
2PE 1:12  wrote 061_2PE_001_012_GOI_It.txt
2PE 1:13  wrote 061_2PE_001_013_GOI_It.txt
2PE 1:14  wrote 061_2PE_001_014_GOI_It.txt
2PE 1:15  wrote 061_2PE_001_015_GOI_It.txt
2PE 1:16  wrote 061_2PE_001_016_GOI_It.txt
2PE 1:17  wrote 061_2PE_001_017_GOI_It.txt
Traceback (most recent call last):
  File "/home/albert/projects/bible/Meta_Bible_Data/Bible_Noun_Extraction/translate_verses.py", line 601, in <module>
    main()
    ~~~~^^
  File "/home/albert/projects/bible/Meta_Bible_Data/Bible_Noun_Extraction/translate_verses.py", line 577, in main
    raise RuntimeError(
    ...<2 lines>...
    )
RuntimeError: 2PE 1:18: rejected before write; missing required noun anchors: ['montagna']; candidate='E noi udimmo questa voce portata dal cielo, essendo con lui sul monte santo.\n'
2PE 1:1  skipped (already exists)
2PE 1:2  skipped (already exists)
2PE 1:3  skipped (already exists)
2PE 1:4  skipped (already exists)
2PE 1:5  skipped (already exists)
2PE 1:6  skipped (already exists)
2PE 1:7  skipped (already exists)
2PE 1:8  skipped (already exists)
2PE 1:9  skipped (already exists)
2PE 1:10  skipped (already exists)
2PE 1:11  skipped (already exists)
2PE 1:12  skipped (already exists)
2PE 1:13  skipped (already exists)
2PE 1:14  skipped (already exists)
2PE 1:15  skipped (already exists)
2PE 1:16  skipped (already exists)
2PE 1:17  skipped (already exists)
Traceback (most recent call last):
  File "/home/albert/projects/bible/Meta_Bible_Data/Bible_Noun_Extraction/translate_verses.py", line 601, in <module>
    main()
    ~~~~^^
  File "/home/albert/projects/bible/Meta_Bible_Data/Bible_Noun_Extraction/translate_verses.py", line 577, in main
    raise RuntimeError(
    ...<2 lines>...
    )
RuntimeError: 2PE 1:18: rejected before write; missing required noun anchors: ['montagna']; candidate='E noi udimmo questa voce portata dal cielo, essendo con lui sul monte santo.\n'
2PE 1:1  skipped (already exists)
2PE 1:2  skipped (already exists)
2PE 1:3  skipped (already exists)
2PE 1:4  skipped (already exists)
2PE 1:5  skipped (already exists)
2PE 1:6  skipped (already exists)
2PE 1:7  skipped (already exists)
2PE 1:8  skipped (already exists)
2PE 1:9  skipped (already exists)
2PE 1:10  skipped (already exists)
2PE 1:11  skipped (already exists)
2PE 1:12  skipped (already exists)
2PE 1:13  skipped (already exists)
2PE 1:14  skipped (already exists)
2PE 1:15  skipped (already exists)
2PE 1:16  skipped (already exists)
2PE 1:17  skipped (already exists)
Traceback (most recent call last):
  File "/home/albert/projects/bible/Meta_Bible_Data/Bible_Noun_Extraction/translate_verses.py", line 601, in <module>
    main()
    ~~~~^^
  File "/home/albert/projects/bible/Meta_Bible_Data/Bible_Noun_Extraction/translate_verses.py", line 577, in main
    raise RuntimeError(
    ...<2 lines>...
    )
RuntimeError: 2PE 1:18: rejected before write; missing required noun anchors: ['montagna']; candidate='E noi udimmo questa voce portata dal cielo, essendo con lui sul monte santo.\n'
2PE 1:19  wrote 061_2PE_001_019_GOI_It.txt
Done. Wrote 1 verse(s); skipped 0.
2PE 1:20  wrote 061_2PE_001_020_GOI_It.txt
Done. Wrote 1 verse(s); skipped 0.
2PE 1:21  wrote 061_2PE_001_021_GOI_It.txt
Done. Wrote 1 verse(s); skipped 0.
2PE 2:1  wrote 061_2PE_002_001_GOI_It.txt
2PE 2:2  wrote 061_2PE_002_002_GOI_It.txt
2PE 2:3  wrote 061_2PE_002_003_GOI_It.txt
2PE 2:4  wrote 061_2PE_002_004_GOI_It.txt
2PE 2:5  wrote 061_2PE_002_005_GOI_It.txt
2PE 2:6  wrote 061_2PE_002_006_GOI_It.txt
2PE 2:7  wrote 061_2PE_002_007_GOI_It.txt
2PE 2:8  wrote 061_2PE_002_008_GOI_It.txt
2PE 2:9  wrote 061_2PE_002_009_GOI_It.txt
2PE 2:10  wrote 061_2PE_002_010_GOI_It.txt
2PE 2:11  wrote 061_2PE_002_011_GOI_It.txt
2PE 2:12  wrote 061_2PE_002_012_GOI_It.txt
2PE 2:13  wrote 061_2PE_002_013_GOI_It.txt
2PE 2:14  wrote 061_2PE_002_014_GOI_It.txt
2PE 2:15  wrote 061_2PE_002_015_GOI_It.txt
2PE 2:16  wrote 061_2PE_002_016_GOI_It.txt
2PE 2:17  wrote 061_2PE_002_017_GOI_It.txt
Traceback (most recent call last):
  File "/home/albert/projects/bible/Meta_Bible_Data/Bible_Noun_Extraction/translate_verses.py", line 601, in <module>
    main()
    ~~~~^^
  File "/home/albert/projects/bible/Meta_Bible_Data/Bible_Noun_Extraction/translate_verses.py", line 577, in main
    raise RuntimeError(
    ...<2 lines>...
    )
RuntimeError: 2PE 2:18: rejected before write; missing required noun anchors: ['carne']; candidate="Poiché pronunciando parole di vanità gonfie, adescano con concupiscenze carnali e lascivie coloro che erano davvero fuggiti da quelli che vivono nell'errore.\n"
2PE 2:1  skipped (already exists)
2PE 2:2  skipped (already exists)
2PE 2:3  skipped (already exists)
2PE 2:4  skipped (already exists)
2PE 2:5  skipped (already exists)
2PE 2:6  skipped (already exists)
2PE 2:7  skipped (already exists)
2PE 2:8  skipped (already exists)
2PE 2:9  skipped (already exists)
2PE 2:10  skipped (already exists)
2PE 2:11  skipped (already exists)
2PE 2:12  skipped (already exists)
2PE 2:13  skipped (already exists)
2PE 2:14  skipped (already exists)
2PE 2:15  skipped (already exists)
2PE 2:16  skipped (already exists)
2PE 2:17  skipped (already exists)
Traceback (most recent call last):
  File "/home/albert/projects/bible/Meta_Bible_Data/Bible_Noun_Extraction/translate_verses.py", line 601, in <module>
    main()
    ~~~~^^
  File "/home/albert/projects/bible/Meta_Bible_Data/Bible_Noun_Extraction/translate_verses.py", line 577, in main
    raise RuntimeError(
    ...<2 lines>...
    )
RuntimeError: 2PE 2:18: rejected before write; missing required noun anchors: ['carne']; candidate="Poiché pronunciando parole di vanità gonfie e arroganti, adescano con concupiscenze carnali e lascivie coloro che erano davvero fuggiti da quelli che vivono nell'errore.\n"
2PE 2:1  skipped (already exists)
2PE 2:2  skipped (already exists)
2PE 2:3  skipped (already exists)
2PE 2:4  skipped (already exists)
2PE 2:5  skipped (already exists)
2PE 2:6  skipped (already exists)
2PE 2:7  skipped (already exists)
2PE 2:8  skipped (already exists)
2PE 2:9  skipped (already exists)
2PE 2:10  skipped (already exists)
2PE 2:11  skipped (already exists)
2PE 2:12  skipped (already exists)
2PE 2:13  skipped (already exists)
2PE 2:14  skipped (already exists)
2PE 2:15  skipped (already exists)
2PE 2:16  skipped (already exists)
2PE 2:17  skipped (already exists)
2PE 2:18  wrote 061_2PE_002_018_GOI_It.txt
2PE 2:19  wrote 061_2PE_002_019_GOI_It.txt
2PE 2:20  wrote 061_2PE_002_020_GOI_It.txt
2PE 2:21  wrote 061_2PE_002_021_GOI_It.txt
2PE 2:22  wrote 061_2PE_002_022_GOI_It.txt
Done. Wrote 5 verse(s); skipped 17.
2PE 3:1  wrote 061_2PE_003_001_GOI_It.txt
2PE 3:2  wrote 061_2PE_003_002_GOI_It.txt
2PE 3:3  wrote 061_2PE_003_003_GOI_It.txt
2PE 3:4  wrote 061_2PE_003_004_GOI_It.txt
2PE 3:5  wrote 061_2PE_003_005_GOI_It.txt
2PE 3:6  wrote 061_2PE_003_006_GOI_It.txt
2PE 3:7  wrote 061_2PE_003_007_GOI_It.txt
2PE 3:8  wrote 061_2PE_003_008_GOI_It.txt
2PE 3:9  wrote 061_2PE_003_009_GOI_It.txt
2PE 3:10  wrote 061_2PE_003_010_GOI_It.txt
2PE 3:11  wrote 061_2PE_003_011_GOI_It.txt
2PE 3:12  wrote 061_2PE_003_012_GOI_It.txt
2PE 3:13  wrote 061_2PE_003_013_GOI_It.txt
2PE 3:14  wrote 061_2PE_003_014_GOI_It.txt
2PE 3:15  wrote 061_2PE_003_015_GOI_It.txt
2PE 3:16  wrote 061_2PE_003_016_GOI_It.txt
2PE 3:17  wrote 061_2PE_003_017_GOI_It.txt
2PE 3:18  wrote 061_2PE_003_018_GOI_It.txt
Done. Wrote 18 verse(s); skipped 0.
Traceback (most recent call last):
  File "/home/albert/projects/bible/Meta_Bible_Data/Bible_Noun_Extraction/translate_verses.py", line 601, in <module>
    main()
    ~~~~^^
  File "/home/albert/projects/bible/Meta_Bible_Data/Bible_Noun_Extraction/translate_verses.py", line 577, in main
    raise RuntimeError(
    ...<2 lines>...
    )
RuntimeError: 1JN 1:1: rejected before write; missing required noun anchors: ['inizio']; candidate='Ciò che era dal principio, ciò che abbiamo udito, ciò che abbiamo visto con i nostri occhi, ciò che abbiamo contemplato e le nostre mani hanno toccato, riguardo al Verbo della vita.\n'
Traceback (most recent call last):
  File "/home/albert/projects/bible/Meta_Bible_Data/Bible_Noun_Extraction/translate_verses.py", line 601, in <module>
    main()
    ~~~~^^
  File "/home/albert/projects/bible/Meta_Bible_Data/Bible_Noun_Extraction/translate_verses.py", line 577, in main
    raise RuntimeError(
    ...<2 lines>...
    )
RuntimeError: 1JN 1:1: rejected before write; missing required noun anchors: ['inizio']; candidate='Ciò che era da principio, ciò che abbiamo udito, ciò che abbiamo visto con i nostri occhi, ciò che abbiamo contemplato e le nostre mani hanno toccato, riguardo al Verbo della vita.\n'
Traceback (most recent call last):
  File "/home/albert/projects/bible/Meta_Bible_Data/Bible_Noun_Extraction/translate_verses.py", line 601, in <module>
    main()
    ~~~~^^
  File "/home/albert/projects/bible/Meta_Bible_Data/Bible_Noun_Extraction/translate_verses.py", line 577, in main
    raise RuntimeError(
    ...<2 lines>...
    )
RuntimeError: 1JN 1:1: rejected before write; missing required noun anchors: ['inizio']; candidate='Ciò che era da principio, ciò che abbiamo udito, ciò che abbiamo visto con i nostri occhi, ciò che abbiamo contemplato e le nostre mani hanno toccato, riguardo al Verbo della vita.\n'
1JN 1:2  wrote 062_1JN_001_002_GOI_It.txt
Done. Wrote 1 verse(s); skipped 0.
1JN 1:3  wrote 062_1JN_001_003_GOI_It.txt
Done. Wrote 1 verse(s); skipped 0.
1JN 1:4  wrote 062_1JN_001_004_GOI_It.txt
Done. Wrote 1 verse(s); skipped 0.
1JN 1:5  wrote 062_1JN_001_005_GOI_It.txt
Done. Wrote 1 verse(s); skipped 0.
1JN 1:6  wrote 062_1JN_001_006_GOI_It.txt
Done. Wrote 1 verse(s); skipped 0.
1JN 1:7  wrote 062_1JN_001_007_GOI_It.txt
Done. Wrote 1 verse(s); skipped 0.
1JN 1:8  wrote 062_1JN_001_008_GOI_It.txt
Done. Wrote 1 verse(s); skipped 0.
1JN 1:9  wrote 062_1JN_001_009_GOI_It.txt
Done. Wrote 1 verse(s); skipped 0.
1JN 1:10  wrote 062_1JN_001_010_GOI_It.txt
Done. Wrote 1 verse(s); skipped 0.
1JN 2:1  wrote 062_1JN_002_001_GOI_It.txt
1JN 2:2  wrote 062_1JN_002_002_GOI_It.txt
1JN 2:3  wrote 062_1JN_002_003_GOI_It.txt
1JN 2:4  wrote 062_1JN_002_004_GOI_It.txt
1JN 2:5  wrote 062_1JN_002_005_GOI_It.txt
1JN 2:6  wrote 062_1JN_002_006_GOI_It.txt
Traceback (most recent call last):
  File "/home/albert/projects/bible/Meta_Bible_Data/Bible_Noun_Extraction/translate_verses.py", line 601, in <module>
    main()
    ~~~~^^
  File "/home/albert/projects/bible/Meta_Bible_Data/Bible_Noun_Extraction/translate_verses.py", line 577, in main
    raise RuntimeError(
    ...<2 lines>...
    )
RuntimeError: 1JN 2:7: rejected before write; missing required noun anchors: ['inizio', 'inizio']; candidate='Fratelli, non vi scrivo un comandamento nuovo, ma un comandamento antico che avevate dal principio; il comandamento antico è la parola che avete udito dal principio.\n'
1JN 2:1  skipped (already exists)
1JN 2:2  skipped (already exists)
1JN 2:3  skipped (already exists)
1JN 2:4  skipped (already exists)
1JN 2:5  skipped (already exists)
1JN 2:6  skipped (already exists)
Traceback (most recent call last):
  File "/home/albert/projects/bible/Meta_Bible_Data/Bible_Noun_Extraction/translate_verses.py", line 601, in <module>
    main()
    ~~~~^^
  File "/home/albert/projects/bible/Meta_Bible_Data/Bible_Noun_Extraction/translate_verses.py", line 577, in main
    raise RuntimeError(
    ...<2 lines>...
    )
RuntimeError: 1JN 2:7: rejected before write; missing required noun anchors: ['inizio', 'inizio']; candidate='Fratelli, non vi scrivo un comandamento nuovo, ma un comandamento antico che avevate dal principio; il comandamento antico è la parola che avete udita dal principio.\n'
1JN 2:1  skipped (already exists)
1JN 2:2  skipped (already exists)
1JN 2:3  skipped (already exists)
1JN 2:4  skipped (already exists)
1JN 2:5  skipped (already exists)
1JN 2:6  skipped (already exists)
Traceback (most recent call last):
  File "/home/albert/projects/bible/Meta_Bible_Data/Bible_Noun_Extraction/translate_verses.py", line 601, in <module>
    main()
    ~~~~^^
  File "/home/albert/projects/bible/Meta_Bible_Data/Bible_Noun_Extraction/translate_verses.py", line 577, in main
    raise RuntimeError(
    ...<2 lines>...
    )
RuntimeError: 1JN 2:7: rejected before write; missing required noun anchors: ['inizio', 'inizio']; candidate='Fratelli, non vi scrivo un comandamento nuovo, ma un comandamento antico che avevate dal principio; il comandamento antico è la parola che avete udita dal principio.\n'
1JN 2:8  wrote 062_1JN_002_008_GOI_It.txt
Done. Wrote 1 verse(s); skipped 0.
1JN 2:9  wrote 062_1JN_002_009_GOI_It.txt
Done. Wrote 1 verse(s); skipped 0.
1JN 2:10  wrote 062_1JN_002_010_GOI_It.txt
Done. Wrote 1 verse(s); skipped 0.
1JN 2:11  wrote 062_1JN_002_011_GOI_It.txt
Done. Wrote 1 verse(s); skipped 0.
1JN 2:12  wrote 062_1JN_002_012_GOI_It.txt
Done. Wrote 1 verse(s); skipped 0.
Traceback (most recent call last):
  File "/home/albert/projects/bible/Meta_Bible_Data/Bible_Noun_Extraction/translate_verses.py", line 601, in <module>
    main()
    ~~~~^^
  File "/home/albert/projects/bible/Meta_Bible_Data/Bible_Noun_Extraction/translate_verses.py", line 577, in main
    raise RuntimeError(
    ...<2 lines>...
    )
RuntimeError: 1JN 2:13: rejected before write; missing required noun anchors: ['inizio']; candidate='Vi scrivo, padri, perché avete conosciuto colui che è dal principio. Vi scrivo, giovani, perché avete vinto il maligno. Vi scrivo, bambini, perché avete conosciuto il Padre.\n'
Traceback (most recent call last):
  File "/home/albert/projects/bible/Meta_Bible_Data/Bible_Noun_Extraction/translate_verses.py", line 601, in <module>
    main()
    ~~~~^^
  File "/home/albert/projects/bible/Meta_Bible_Data/Bible_Noun_Extraction/translate_verses.py", line 577, in main
    raise RuntimeError(
    ...<2 lines>...
    )
RuntimeError: 1JN 2:14: rejected before write; missing required noun anchors: ['inizio']; candidate='Vi ho scritto, padri, perché avete conosciuto colui che è dal principio. Vi ho scritto, giovani, perché siete forti, e la parola di Dio rimane in voi, e avete vinto il maligno.\n'
1JN 2:15  wrote 062_1JN_002_015_GOI_It.txt
Done. Wrote 1 verse(s); skipped 0.
1JN 2:16  wrote 062_1JN_002_016_GOI_It.txt
Done. Wrote 1 verse(s); skipped 0.
Traceback (most recent call last):
  File "/home/albert/projects/bible/Meta_Bible_Data/Bible_Noun_Extraction/translate_verses.py", line 601, in <module>
    main()
    ~~~~^^
  File "/home/albert/projects/bible/Meta_Bible_Data/Bible_Noun_Extraction/translate_verses.py", line 577, in main
    raise RuntimeError(
    ...<2 lines>...
    )
RuntimeError: 1JN 2:17: rejected before write; missing required noun anchors: ['secolo']; candidate='E il mondo passa, e la sua concupiscenza; ma chi fa la volontà di Dio rimane in eterno.\n'
Traceback (most recent call last):
  File "/home/albert/projects/bible/Meta_Bible_Data/Bible_Noun_Extraction/translate_verses.py", line 601, in <module>
    main()
    ~~~~^^
  File "/home/albert/projects/bible/Meta_Bible_Data/Bible_Noun_Extraction/translate_verses.py", line 577, in main
    raise RuntimeError(
    ...<2 lines>...
    )
RuntimeError: 1JN 2:18: rejected before write; missing required noun anchors: ['bambino']; candidate="Figlioli, è l'ultima ora; e come avete udito che l'anticristo viene, così ora sono sorti molti anticristi; da questo sappiamo che è l'ultima ora.\n"
1JN 2:19  wrote 062_1JN_002_019_GOI_It.txt
Done. Wrote 1 verse(s); skipped 0.
1JN 2:20  wrote 062_1JN_002_020_GOI_It.txt
Done. Wrote 1 verse(s); skipped 0.
1JN 2:21  wrote 062_1JN_002_021_GOI_It.txt
Done. Wrote 1 verse(s); skipped 0.
1JN 2:22  wrote 062_1JN_002_022_GOI_It.txt
Done. Wrote 1 verse(s); skipped 0.
1JN 2:23  wrote 062_1JN_002_023_GOI_It.txt
Done. Wrote 1 verse(s); skipped 0.
Traceback (most recent call last):
  File "/home/albert/projects/bible/Meta_Bible_Data/Bible_Noun_Extraction/translate_verses.py", line 601, in <module>
    main()
    ~~~~^^
  File "/home/albert/projects/bible/Meta_Bible_Data/Bible_Noun_Extraction/translate_verses.py", line 577, in main
    raise RuntimeError(
    ...<2 lines>...
    )
RuntimeError: 1JN 2:24: rejected before write; missing required noun anchors: ['inizio', 'inizio']; candidate='Voi, ciò che avete udito dal principio rimanga in voi. Se ciò che avete udito dal principio rimane in voi, anche voi rimarrete nel figlio e nel padre.\n'
1JN 2:25  wrote 062_1JN_002_025_GOI_It.txt
Done. Wrote 1 verse(s); skipped 0.
1JN 2:26  wrote 062_1JN_002_026_GOI_It.txt
Done. Wrote 1 verse(s); skipped 0.
1JN 2:27  wrote 062_1JN_002_027_GOI_It.txt
Done. Wrote 1 verse(s); skipped 0.
1JN 2:28  wrote 062_1JN_002_028_GOI_It.txt
Done. Wrote 1 verse(s); skipped 0.
1JN 2:29  wrote 062_1JN_002_029_GOI_It.txt
Done. Wrote 1 verse(s); skipped 0.
Traceback (most recent call last):
  File "/home/albert/projects/bible/Meta_Bible_Data/Bible_Noun_Extraction/translate_verses.py", line 601, in <module>
    main()
    ~~~~^^
  File "/home/albert/projects/bible/Meta_Bible_Data/Bible_Noun_Extraction/translate_verses.py", line 577, in main
    raise RuntimeError(
    ...<2 lines>...
    )
RuntimeError: 1JN 2:13: rejected before write; missing required noun anchors: ['inizio']; candidate='Vi scrivo, padri, perché avete conosciuto colui che è dal principio. Vi scrivo, giovani, perché avete vinto il maligno. Vi scrivo, bambini, perché avete conosciuto il Padre.\n'
Traceback (most recent call last):
  File "/home/albert/projects/bible/Meta_Bible_Data/Bible_Noun_Extraction/translate_verses.py", line 601, in <module>
    main()
    ~~~~^^
  File "/home/albert/projects/bible/Meta_Bible_Data/Bible_Noun_Extraction/translate_verses.py", line 577, in main
    raise RuntimeError(
    ...<2 lines>...
    )
RuntimeError: 1JN 2:14: rejected before write; missing required noun anchors: ['inizio']; candidate='Vi ho scritto, padri, perché avete conosciuto colui che è dal principio. Vi ho scritto, giovani, perché siete forti, e la parola di Dio rimane in voi, e avete vinto il maligno.\n'
Traceback (most recent call last):
  File "/home/albert/projects/bible/Meta_Bible_Data/Bible_Noun_Extraction/translate_verses.py", line 601, in <module>
    main()
    ~~~~^^
  File "/home/albert/projects/bible/Meta_Bible_Data/Bible_Noun_Extraction/translate_verses.py", line 577, in main
    raise RuntimeError(
    ...<2 lines>...
    )
RuntimeError: 1JN 2:17: rejected before write; missing required noun anchors: ['secolo']; candidate='E il mondo passa, e la sua concupiscenza, ma chi fa la volontà di Dio rimane in eterno.\n'
Traceback (most recent call last):
  File "/home/albert/projects/bible/Meta_Bible_Data/Bible_Noun_Extraction/translate_verses.py", line 601, in <module>
    main()
    ~~~~^^
  File "/home/albert/projects/bible/Meta_Bible_Data/Bible_Noun_Extraction/translate_verses.py", line 577, in main
    raise RuntimeError(
    ...<2 lines>...
    )
RuntimeError: 1JN 2:18: rejected before write; missing required noun anchors: ['bambino']; candidate="Figlioli, è l'ultima ora; e come avete udito che l'anticristo viene, così ora molti anticristi sono sorti; da questo sappiamo che è l'ultima ora.\n"
Traceback (most recent call last):
  File "/home/albert/projects/bible/Meta_Bible_Data/Bible_Noun_Extraction/translate_verses.py", line 601, in <module>
    main()
    ~~~~^^
  File "/home/albert/projects/bible/Meta_Bible_Data/Bible_Noun_Extraction/translate_verses.py", line 577, in main
    raise RuntimeError(
    ...<2 lines>...
    )
RuntimeError: 1JN 2:24: rejected before write; missing required noun anchors: ['inizio', 'inizio']; candidate='Voi, ciò che avete udito dal principio rimanga in voi. Se ciò che avete udito dal principio rimane in voi, anche voi rimarrete nel figlio e nel padre.\n'
Traceback (most recent call last):
  File "/home/albert/projects/bible/Meta_Bible_Data/Bible_Noun_Extraction/translate_verses.py", line 601, in <module>
    main()
    ~~~~^^
  File "/home/albert/projects/bible/Meta_Bible_Data/Bible_Noun_Extraction/translate_verses.py", line 577, in main
    raise RuntimeError(
    ...<2 lines>...
    )
RuntimeError: 1JN 2:13: rejected before write; missing required noun anchors: ['inizio']; candidate='Vi scrivo, padri, perché avete conosciuto colui che è dal principio. Vi scrivo, giovani, perché avete vinto il maligno. Vi scrivo, bambini, perché avete conosciuto il Padre.\n'
Traceback (most recent call last):
  File "/home/albert/projects/bible/Meta_Bible_Data/Bible_Noun_Extraction/translate_verses.py", line 601, in <module>
    main()
    ~~~~^^
  File "/home/albert/projects/bible/Meta_Bible_Data/Bible_Noun_Extraction/translate_verses.py", line 577, in main
    raise RuntimeError(
    ...<2 lines>...
    )
RuntimeError: 1JN 2:14: rejected before write; missing required noun anchors: ['inizio']; candidate='Vi ho scritto, padri, perché avete conosciuto colui che è dal principio. Vi ho scritto, giovani, perché siete forti, e la parola di Dio rimane in voi, e avete vinto il maligno.\n'
Traceback (most recent call last):
  File "/home/albert/projects/bible/Meta_Bible_Data/Bible_Noun_Extraction/translate_verses.py", line 601, in <module>
    main()
    ~~~~^^
  File "/home/albert/projects/bible/Meta_Bible_Data/Bible_Noun_Extraction/translate_verses.py", line 577, in main
    raise RuntimeError(
    ...<2 lines>...
    )
RuntimeError: 1JN 2:17: rejected before write; missing required noun anchors: ['secolo']; candidate='E il mondo passa, e la sua concupiscenza; ma chi fa la volontà di Dio rimane in eterno.\n'
Traceback (most recent call last):
  File "/home/albert/projects/bible/Meta_Bible_Data/Bible_Noun_Extraction/translate_verses.py", line 601, in <module>
    main()
    ~~~~^^
  File "/home/albert/projects/bible/Meta_Bible_Data/Bible_Noun_Extraction/translate_verses.py", line 577, in main
    raise RuntimeError(
    ...<2 lines>...
    )
RuntimeError: 1JN 2:18: rejected before write; missing required noun anchors: ['bambino']; candidate="Figlioli, è l'ultima ora; e come avete udito che l'anticristo viene, così ora molti anticristi sono sorti; da questo conosciamo che è l'ultima ora.\n"
Traceback (most recent call last):
  File "/home/albert/projects/bible/Meta_Bible_Data/Bible_Noun_Extraction/translate_verses.py", line 601, in <module>
    main()
    ~~~~^^
  File "/home/albert/projects/bible/Meta_Bible_Data/Bible_Noun_Extraction/translate_verses.py", line 577, in main
    raise RuntimeError(
    ...<2 lines>...
    )
RuntimeError: 1JN 2:24: rejected before write; missing required noun anchors: ['inizio', 'inizio']; candidate='Voi, ciò che avete udito dal principio rimanga in voi. Se ciò che avete udito dal principio rimane in voi, anche voi rimarrete nel figlio e nel padre.\n'
1JN 3:1  wrote 062_1JN_003_001_GOI_It.txt
1JN 3:2  wrote 062_1JN_003_002_GOI_It.txt
1JN 3:3  wrote 062_1JN_003_003_GOI_It.txt
1JN 3:4  wrote 062_1JN_003_004_GOI_It.txt
1JN 3:5  wrote 062_1JN_003_005_GOI_It.txt
1JN 3:6  wrote 062_1JN_003_006_GOI_It.txt
1JN 3:7  wrote 062_1JN_003_007_GOI_It.txt
Traceback (most recent call last):
  File "/home/albert/projects/bible/Meta_Bible_Data/Bible_Noun_Extraction/translate_verses.py", line 601, in <module>
    main()
    ~~~~^^
  File "/home/albert/projects/bible/Meta_Bible_Data/Bible_Noun_Extraction/translate_verses.py", line 577, in main
    raise RuntimeError(
    ...<2 lines>...
    )
RuntimeError: 1JN 3:8: rejected before write; missing required noun anchors: ['inizio']; candidate='Chi commette il peccato è dal diavolo, perché fin dal principio il diavolo pecca. Per questo è stato manifestato il Figlio di Dio, per distruggere le opere del diavolo.\n'
1JN 3:1  skipped (already exists)
1JN 3:2  skipped (already exists)
1JN 3:3  skipped (already exists)
1JN 3:4  skipped (already exists)
1JN 3:5  skipped (already exists)
1JN 3:6  skipped (already exists)
1JN 3:7  skipped (already exists)
Traceback (most recent call last):
  File "/home/albert/projects/bible/Meta_Bible_Data/Bible_Noun_Extraction/translate_verses.py", line 601, in <module>
    main()
    ~~~~^^
  File "/home/albert/projects/bible/Meta_Bible_Data/Bible_Noun_Extraction/translate_verses.py", line 577, in main
    raise RuntimeError(
    ...<2 lines>...
    )
RuntimeError: 1JN 3:8: rejected before write; missing required noun anchors: ['inizio']; candidate='Chi commette il peccato è dal diavolo, perché fin dal principio il diavolo pecca. Per questo è stato manifestato il Figlio di Dio, per distruggere le opere del diavolo.\n'
1JN 3:1  skipped (already exists)
1JN 3:2  skipped (already exists)
1JN 3:3  skipped (already exists)
1JN 3:4  skipped (already exists)
1JN 3:5  skipped (already exists)
1JN 3:6  skipped (already exists)
1JN 3:7  skipped (already exists)
Traceback (most recent call last):
  File "/home/albert/projects/bible/Meta_Bible_Data/Bible_Noun_Extraction/translate_verses.py", line 601, in <module>
    main()
    ~~~~^^
  File "/home/albert/projects/bible/Meta_Bible_Data/Bible_Noun_Extraction/translate_verses.py", line 577, in main
    raise RuntimeError(
    ...<2 lines>...
    )
RuntimeError: 1JN 3:8: rejected before write; missing required noun anchors: ['inizio']; candidate='Chi commette il peccato è dal diavolo, perché fin dal principio il diavolo pecca. Per questo è stato manifestato il Figlio di Dio: per distruggere le opere del diavolo.\n'
1JN 3:9  wrote 062_1JN_003_009_GOI_It.txt
Done. Wrote 1 verse(s); skipped 0.
1JN 3:10  wrote 062_1JN_003_010_GOI_It.txt
Done. Wrote 1 verse(s); skipped 0.
Traceback (most recent call last):
  File "/home/albert/projects/bible/Meta_Bible_Data/Bible_Noun_Extraction/translate_verses.py", line 601, in <module>
    main()
    ~~~~^^
  File "/home/albert/projects/bible/Meta_Bible_Data/Bible_Noun_Extraction/translate_verses.py", line 577, in main
    raise RuntimeError(
    ...<2 lines>...
    )
RuntimeError: 1JN 3:11: rejected before write; missing required noun anchors: ['inizio']; candidate='Poiché questo è il messaggio che avete udito dal principio: che ci amiamo gli uni gli altri.\n'
1JN 3:12  wrote 062_1JN_003_012_GOI_It.txt
Done. Wrote 1 verse(s); skipped 0.
1JN 3:13  wrote 062_1JN_003_013_GOI_It.txt
Done. Wrote 1 verse(s); skipped 0.
1JN 3:14  wrote 062_1JN_003_014_GOI_It.txt
Done. Wrote 1 verse(s); skipped 0.
1JN 3:15  wrote 062_1JN_003_015_GOI_It.txt
Done. Wrote 1 verse(s); skipped 0.
1JN 3:16  wrote 062_1JN_003_016_GOI_It.txt
Done. Wrote 1 verse(s); skipped 0.
1JN 3:17  wrote 062_1JN_003_017_GOI_It.txt
Done. Wrote 1 verse(s); skipped 0.
1JN 3:18  wrote 062_1JN_003_018_GOI_It.txt
Done. Wrote 1 verse(s); skipped 0.
1JN 3:19  wrote 062_1JN_003_019_GOI_It.txt
Done. Wrote 1 verse(s); skipped 0.
1JN 3:20  wrote 062_1JN_003_020_GOI_It.txt
Done. Wrote 1 verse(s); skipped 0.
1JN 3:21  wrote 062_1JN_003_021_GOI_It.txt
Done. Wrote 1 verse(s); skipped 0.
1JN 3:22  wrote 062_1JN_003_022_GOI_It.txt
Done. Wrote 1 verse(s); skipped 0.
1JN 3:23  wrote 062_1JN_003_023_GOI_It.txt
Done. Wrote 1 verse(s); skipped 0.
1JN 3:24  wrote 062_1JN_003_024_GOI_It.txt
Done. Wrote 1 verse(s); skipped 0.
Traceback (most recent call last):
  File "/home/albert/projects/bible/Meta_Bible_Data/Bible_Noun_Extraction/translate_verses.py", line 601, in <module>
    main()
    ~~~~^^
  File "/home/albert/projects/bible/Meta_Bible_Data/Bible_Noun_Extraction/translate_verses.py", line 577, in main
    raise RuntimeError(
    ...<2 lines>...
    )
RuntimeError: 1JN 3:11: rejected before write; missing required noun anchors: ['inizio']; candidate='Poiché questo è il messaggio che avete udito dal principio: che ci amiamo gli uni gli altri.\n'
Traceback (most recent call last):
  File "/home/albert/projects/bible/Meta_Bible_Data/Bible_Noun_Extraction/translate_verses.py", line 601, in <module>
    main()
    ~~~~^^
  File "/home/albert/projects/bible/Meta_Bible_Data/Bible_Noun_Extraction/translate_verses.py", line 577, in main
    raise RuntimeError(
    ...<2 lines>...
    )
RuntimeError: 1JN 3:11: rejected before write; missing required noun anchors: ['inizio']; candidate='Poiché questo è il messaggio che avete udito dal principio: che ci amiamo gli uni gli altri.\n'
1JN 4:1  wrote 062_1JN_004_001_GOI_It.txt
1JN 4:2  wrote 062_1JN_004_002_GOI_It.txt
1JN 4:3  wrote 062_1JN_004_003_GOI_It.txt
1JN 4:4  wrote 062_1JN_004_004_GOI_It.txt
1JN 4:5  wrote 062_1JN_004_005_GOI_It.txt
1JN 4:6  wrote 062_1JN_004_006_GOI_It.txt
1JN 4:7  wrote 062_1JN_004_007_GOI_It.txt
1JN 4:8  wrote 062_1JN_004_008_GOI_It.txt
1JN 4:9  wrote 062_1JN_004_009_GOI_It.txt
1JN 4:10  wrote 062_1JN_004_010_GOI_It.txt
1JN 4:11  wrote 062_1JN_004_011_GOI_It.txt
1JN 4:12  wrote 062_1JN_004_012_GOI_It.txt
1JN 4:13  wrote 062_1JN_004_013_GOI_It.txt
1JN 4:14  wrote 062_1JN_004_014_GOI_It.txt
1JN 4:15  wrote 062_1JN_004_015_GOI_It.txt
1JN 4:16  wrote 062_1JN_004_016_GOI_It.txt
1JN 4:17  wrote 062_1JN_004_017_GOI_It.txt
1JN 4:18  wrote 062_1JN_004_018_GOI_It.txt
1JN 4:19  wrote 062_1JN_004_019_GOI_It.txt
1JN 4:20  wrote 062_1JN_004_020_GOI_It.txt
1JN 4:21  wrote 062_1JN_004_021_GOI_It.txt
Done. Wrote 21 verse(s); skipped 0.
1JN 5:1  wrote 062_1JN_005_001_GOI_It.txt
1JN 5:2  wrote 062_1JN_005_002_GOI_It.txt
1JN 5:3  wrote 062_1JN_005_003_GOI_It.txt
1JN 5:4  wrote 062_1JN_005_004_GOI_It.txt
1JN 5:5  wrote 062_1JN_005_005_GOI_It.txt
1JN 5:6  wrote 062_1JN_005_006_GOI_It.txt
1JN 5:7  wrote 062_1JN_005_007_GOI_It.txt
1JN 5:8  wrote 062_1JN_005_008_GOI_It.txt
1JN 5:9  wrote 062_1JN_005_009_GOI_It.txt
1JN 5:10  wrote 062_1JN_005_010_GOI_It.txt
1JN 5:11  wrote 062_1JN_005_011_GOI_It.txt
1JN 5:12  wrote 062_1JN_005_012_GOI_It.txt
1JN 5:13  wrote 062_1JN_005_013_GOI_It.txt
1JN 5:14  wrote 062_1JN_005_014_GOI_It.txt
1JN 5:15  wrote 062_1JN_005_015_GOI_It.txt
1JN 5:16  wrote 062_1JN_005_016_GOI_It.txt
1JN 5:17  wrote 062_1JN_005_017_GOI_It.txt
1JN 5:18  wrote 062_1JN_005_018_GOI_It.txt
1JN 5:19  wrote 062_1JN_005_019_GOI_It.txt
1JN 5:20  wrote 062_1JN_005_020_GOI_It.txt
1JN 5:21  wrote 062_1JN_005_021_GOI_It.txt
Done. Wrote 21 verse(s); skipped 0.
2JN 1:1  wrote 063_2JN_001_001_GOI_It.txt
2JN 1:2  wrote 063_2JN_001_002_GOI_It.txt
2JN 1:3  wrote 063_2JN_001_003_GOI_It.txt
2JN 1:4  wrote 063_2JN_001_004_GOI_It.txt
2JN 1:5  wrote 063_2JN_001_005_GOI_It.txt
Traceback (most recent call last):
  File "/home/albert/projects/bible/Meta_Bible_Data/Bible_Noun_Extraction/translate_verses.py", line 601, in <module>
    main()
    ~~~~^^
  File "/home/albert/projects/bible/Meta_Bible_Data/Bible_Noun_Extraction/translate_verses.py", line 577, in main
    raise RuntimeError(
    ...<2 lines>...
    )
RuntimeError: 2JN 1:6: rejected before write; missing required noun anchors: ['inizio']; candidate="E questo è l'amore: che camminiamo secondo i suoi comandamenti. Questo è il comandamento, come avete udito dal principio, che camminiate in esso.\n"
2JN 1:1  skipped (already exists)
2JN 1:2  skipped (already exists)
2JN 1:3  skipped (already exists)
2JN 1:4  skipped (already exists)
2JN 1:5  skipped (already exists)
Traceback (most recent call last):
  File "/home/albert/projects/bible/Meta_Bible_Data/Bible_Noun_Extraction/translate_verses.py", line 601, in <module>
    main()
    ~~~~^^
  File "/home/albert/projects/bible/Meta_Bible_Data/Bible_Noun_Extraction/translate_verses.py", line 577, in main
    raise RuntimeError(
    ...<2 lines>...
    )
RuntimeError: 2JN 1:6: rejected before write; missing required noun anchors: ['inizio']; candidate="E questo è l'amore: che camminiamo secondo i suoi comandamenti. Questo è il comandamento, come avete udito dal principio, che camminiate in esso.\n"
2JN 1:1  skipped (already exists)
2JN 1:2  skipped (already exists)
2JN 1:3  skipped (already exists)
2JN 1:4  skipped (already exists)
2JN 1:5  skipped (already exists)
Traceback (most recent call last):
  File "/home/albert/projects/bible/Meta_Bible_Data/Bible_Noun_Extraction/translate_verses.py", line 601, in <module>
    main()
    ~~~~^^
  File "/home/albert/projects/bible/Meta_Bible_Data/Bible_Noun_Extraction/translate_verses.py", line 577, in main
    raise RuntimeError(
    ...<2 lines>...
    )
RuntimeError: 2JN 1:6: rejected before write; missing required noun anchors: ['inizio']; candidate="E questo è l'amore: che camminiamo secondo i suoi comandamenti. Questo è il comandamento, come avete udito dal principio, che camminiate in esso.\n"
2JN 1:7  wrote 063_2JN_001_007_GOI_It.txt
Done. Wrote 1 verse(s); skipped 0.
2JN 1:8  wrote 063_2JN_001_008_GOI_It.txt
Done. Wrote 1 verse(s); skipped 0.
2JN 1:9  wrote 063_2JN_001_009_GOI_It.txt
Done. Wrote 1 verse(s); skipped 0.
2JN 1:10  wrote 063_2JN_001_010_GOI_It.txt
Done. Wrote 1 verse(s); skipped 0.
2JN 1:11  wrote 063_2JN_001_011_GOI_It.txt
Done. Wrote 1 verse(s); skipped 0.
2JN 1:12  wrote 063_2JN_001_012_GOI_It.txt
Done. Wrote 1 verse(s); skipped 0.
2JN 1:13  wrote 063_2JN_001_013_GOI_It.txt
Done. Wrote 1 verse(s); skipped 0.
3JN 1:1  wrote 064_3JN_001_001_GOI_It.txt
3JN 1:2  wrote 064_3JN_001_002_GOI_It.txt
3JN 1:3  wrote 064_3JN_001_003_GOI_It.txt
3JN 1:4  wrote 064_3JN_001_004_GOI_It.txt
3JN 1:5  wrote 064_3JN_001_005_GOI_It.txt
3JN 1:6  wrote 064_3JN_001_006_GOI_It.txt
3JN 1:7  wrote 064_3JN_001_007_GOI_It.txt
3JN 1:8  wrote 064_3JN_001_008_GOI_It.txt
3JN 1:9  wrote 064_3JN_001_009_GOI_It.txt
3JN 1:10  wrote 064_3JN_001_010_GOI_It.txt
3JN 1:11  wrote 064_3JN_001_011_GOI_It.txt
3JN 1:12  wrote 064_3JN_001_012_GOI_It.txt
3JN 1:13  wrote 064_3JN_001_013_GOI_It.txt
3JN 1:14  wrote 064_3JN_001_014_GOI_It.txt
Done. Wrote 14 verse(s); skipped 0.
REV 1:1  wrote 066_REV_001_001_GOI_It.txt
REV 1:2  wrote 066_REV_001_002_GOI_It.txt
REV 1:3  wrote 066_REV_001_003_GOI_It.txt
REV 1:4  wrote 066_REV_001_004_GOI_It.txt
REV 1:5  wrote 066_REV_001_005_GOI_It.txt
REV 1:6  wrote 066_REV_001_006_GOI_It.txt
REV 1:7  wrote 066_REV_001_007_GOI_It.txt
REV 1:8  wrote 066_REV_001_008_GOI_It.txt
REV 1:9  wrote 066_REV_001_009_GOI_It.txt
REV 1:10  wrote 066_REV_001_010_GOI_It.txt
REV 1:11  wrote 066_REV_001_011_GOI_It.txt
REV 1:12  wrote 066_REV_001_012_GOI_It.txt
REV 1:13  wrote 066_REV_001_013_GOI_It.txt
REV 1:14  wrote 066_REV_001_014_GOI_It.txt
REV 1:15  wrote 066_REV_001_015_GOI_It.txt
REV 1:16  wrote 066_REV_001_016_GOI_It.txt
REV 1:17  wrote 066_REV_001_017_GOI_It.txt
REV 1:18  wrote 066_REV_001_018_GOI_It.txt
REV 1:19  wrote 066_REV_001_019_GOI_It.txt
REV 1:20  wrote 066_REV_001_020_GOI_It.txt
Done. Wrote 20 verse(s); skipped 0.
REV 2:1  wrote 066_REV_002_001_GOI_It.txt
REV 2:2  wrote 066_REV_002_002_GOI_It.txt
REV 2:3  wrote 066_REV_002_003_GOI_It.txt
REV 2:4  wrote 066_REV_002_004_GOI_It.txt
REV 2:5  wrote 066_REV_002_005_GOI_It.txt
REV 2:6  wrote 066_REV_002_006_GOI_It.txt
REV 2:7  wrote 066_REV_002_007_GOI_It.txt
REV 2:8  wrote 066_REV_002_008_GOI_It.txt
REV 2:9  wrote 066_REV_002_009_GOI_It.txt
REV 2:10  wrote 066_REV_002_010_GOI_It.txt
REV 2:11  wrote 066_REV_002_011_GOI_It.txt
REV 2:12  wrote 066_REV_002_012_GOI_It.txt
REV 2:13  wrote 066_REV_002_013_GOI_It.txt
REV 2:14  wrote 066_REV_002_014_GOI_It.txt
REV 2:15  wrote 066_REV_002_015_GOI_It.txt
REV 2:16  wrote 066_REV_002_016_GOI_It.txt
REV 2:17  wrote 066_REV_002_017_GOI_It.txt
REV 2:18  wrote 066_REV_002_018_GOI_It.txt
REV 2:19  wrote 066_REV_002_019_GOI_It.txt
REV 2:20  wrote 066_REV_002_020_GOI_It.txt
REV 2:21  wrote 066_REV_002_021_GOI_It.txt
REV 2:22  wrote 066_REV_002_022_GOI_It.txt
REV 2:23  wrote 066_REV_002_023_GOI_It.txt
REV 2:24  wrote 066_REV_002_024_GOI_It.txt
REV 2:25  wrote 066_REV_002_025_GOI_It.txt
REV 2:26  wrote 066_REV_002_026_GOI_It.txt
REV 2:27  wrote 066_REV_002_027_GOI_It.txt
REV 2:28  wrote 066_REV_002_028_GOI_It.txt
REV 2:29  wrote 066_REV_002_029_GOI_It.txt
Done. Wrote 29 verse(s); skipped 0.
REV 3:1  wrote 066_REV_003_001_GOI_It.txt
REV 3:2  wrote 066_REV_003_002_GOI_It.txt
REV 3:3  wrote 066_REV_003_003_GOI_It.txt
REV 3:4  wrote 066_REV_003_004_GOI_It.txt
REV 3:5  wrote 066_REV_003_005_GOI_It.txt
REV 3:6  wrote 066_REV_003_006_GOI_It.txt
REV 3:7  wrote 066_REV_003_007_GOI_It.txt
REV 3:8  wrote 066_REV_003_008_GOI_It.txt
REV 3:9  wrote 066_REV_003_009_GOI_It.txt
REV 3:10  wrote 066_REV_003_010_GOI_It.txt
REV 3:11  wrote 066_REV_003_011_GOI_It.txt
REV 3:12  wrote 066_REV_003_012_GOI_It.txt
REV 3:13  wrote 066_REV_003_013_GOI_It.txt
REV 3:14  wrote 066_REV_003_014_GOI_It.txt
REV 3:15  wrote 066_REV_003_015_GOI_It.txt
REV 3:16  wrote 066_REV_003_016_GOI_It.txt
Traceback (most recent call last):
  File "/home/albert/projects/bible/Meta_Bible_Data/Bible_Noun_Extraction/translate_verses.py", line 601, in <module>
    main()
    ~~~~^^
  File "/home/albert/projects/bible/Meta_Bible_Data/Bible_Noun_Extraction/translate_verses.py", line 577, in main
    raise RuntimeError(
    ...<2 lines>...
    )
RuntimeError: REV 3:17: rejected before write; missing required noun anchors: ['necessità']; candidate='Perché dici: "Sono ricco e mi sono arricchito, e non ho bisogno di nulla", e non sai che tu sei il miserabile, il pietoso, il povero, il cieco e il nudo.\n'
REV 3:1  skipped (already exists)
REV 3:2  skipped (already exists)
REV 3:3  skipped (already exists)
REV 3:4  skipped (already exists)
REV 3:5  skipped (already exists)
REV 3:6  skipped (already exists)
REV 3:7  skipped (already exists)
REV 3:8  skipped (already exists)
REV 3:9  skipped (already exists)
REV 3:10  skipped (already exists)
REV 3:11  skipped (already exists)
REV 3:12  skipped (already exists)
REV 3:13  skipped (already exists)
REV 3:14  skipped (already exists)
REV 3:15  skipped (already exists)
REV 3:16  skipped (already exists)
Traceback (most recent call last):
  File "/home/albert/projects/bible/Meta_Bible_Data/Bible_Noun_Extraction/translate_verses.py", line 601, in <module>
    main()
    ~~~~^^
  File "/home/albert/projects/bible/Meta_Bible_Data/Bible_Noun_Extraction/translate_verses.py", line 577, in main
    raise RuntimeError(
    ...<2 lines>...
    )
RuntimeError: REV 3:17: rejected before write; missing required noun anchors: ['necessità']; candidate='Perché dici: "Sono ricco, e mi sono arricchito, e non ho bisogno di nulla", e non sai che tu sei il miserabile, il pietoso, il povero, il cieco e il nudo.\n'
REV 3:1  skipped (already exists)
REV 3:2  skipped (already exists)
REV 3:3  skipped (already exists)
REV 3:4  skipped (already exists)
REV 3:5  skipped (already exists)
REV 3:6  skipped (already exists)
REV 3:7  skipped (already exists)
REV 3:8  skipped (already exists)
REV 3:9  skipped (already exists)
REV 3:10  skipped (already exists)
REV 3:11  skipped (already exists)
REV 3:12  skipped (already exists)
REV 3:13  skipped (already exists)
REV 3:14  skipped (already exists)
REV 3:15  skipped (already exists)
REV 3:16  skipped (already exists)
Traceback (most recent call last):
  File "/home/albert/projects/bible/Meta_Bible_Data/Bible_Noun_Extraction/translate_verses.py", line 601, in <module>
    main()
    ~~~~^^
  File "/home/albert/projects/bible/Meta_Bible_Data/Bible_Noun_Extraction/translate_verses.py", line 577, in main
    raise RuntimeError(
    ...<2 lines>...
    )
RuntimeError: REV 3:17: rejected before write; missing required noun anchors: ['necessità']; candidate='Perché dici: "Sono ricco, e mi sono arricchito, e non ho bisogno di nulla", e non sai che tu sei il miserabile e il povero e il cieco e il nudo.\n'
REV 3:18  wrote 066_REV_003_018_GOI_It.txt
Done. Wrote 1 verse(s); skipped 0.
REV 3:19  wrote 066_REV_003_019_GOI_It.txt
Done. Wrote 1 verse(s); skipped 0.
REV 3:20  wrote 066_REV_003_020_GOI_It.txt
Done. Wrote 1 verse(s); skipped 0.
REV 3:21  wrote 066_REV_003_021_GOI_It.txt
Done. Wrote 1 verse(s); skipped 0.
REV 3:22  wrote 066_REV_003_022_GOI_It.txt
Done. Wrote 1 verse(s); skipped 0.
REV 4:1  wrote 066_REV_004_001_GOI_It.txt
REV 4:2  wrote 066_REV_004_002_GOI_It.txt
REV 4:3  wrote 066_REV_004_003_GOI_It.txt
REV 4:4  wrote 066_REV_004_004_GOI_It.txt
REV 4:5  wrote 066_REV_004_005_GOI_It.txt
REV 4:6  wrote 066_REV_004_006_GOI_It.txt
REV 4:7  wrote 066_REV_004_007_GOI_It.txt
REV 4:8  wrote 066_REV_004_008_GOI_It.txt
REV 4:9  wrote 066_REV_004_009_GOI_It.txt
REV 4:10  wrote 066_REV_004_010_GOI_It.txt
REV 4:11  wrote 066_REV_004_011_GOI_It.txt
Done. Wrote 11 verse(s); skipped 0.
REV 5:1  wrote 066_REV_005_001_GOI_It.txt
REV 5:2  wrote 066_REV_005_002_GOI_It.txt
REV 5:3  wrote 066_REV_005_003_GOI_It.txt
REV 5:4  wrote 066_REV_005_004_GOI_It.txt
REV 5:5  wrote 066_REV_005_005_GOI_It.txt
REV 5:6  wrote 066_REV_005_006_GOI_It.txt
REV 5:7  wrote 066_REV_005_007_GOI_It.txt
REV 5:8  wrote 066_REV_005_008_GOI_It.txt
REV 5:9  wrote 066_REV_005_009_GOI_It.txt
REV 5:10  wrote 066_REV_005_010_GOI_It.txt
REV 5:11  wrote 066_REV_005_011_GOI_It.txt
REV 5:12  wrote 066_REV_005_012_GOI_It.txt
Traceback (most recent call last):
  File "/home/albert/projects/bible/Meta_Bible_Data/Bible_Noun_Extraction/translate_verses.py", line 601, in <module>
    main()
    ~~~~^^
  File "/home/albert/projects/bible/Meta_Bible_Data/Bible_Noun_Extraction/translate_verses.py", line 577, in main
    raise RuntimeError(
    ...<2 lines>...
    )
RuntimeError: REV 5:13: rejected before write; missing required noun anchors: ['eternità', 'eternità']; candidate='E ogni creatura che è nel cielo e sulla terra e sotto la terra e sul mare, e tutte le cose che sono in essi, udii dire: "A colui che siede sul trono e all\'Agnello siano la benedizione, l\'onore, la gloria e la potenza nei secoli dei secoli."\n'
REV 5:1  skipped (already exists)
REV 5:2  skipped (already exists)
REV 5:3  skipped (already exists)
REV 5:4  skipped (already exists)
REV 5:5  skipped (already exists)
REV 5:6  skipped (already exists)
REV 5:7  skipped (already exists)
REV 5:8  skipped (already exists)
REV 5:9  skipped (already exists)
REV 5:10  skipped (already exists)
REV 5:11  skipped (already exists)
REV 5:12  skipped (already exists)
REV 5:13  wrote 066_REV_005_013_GOI_It.txt
REV 5:14  wrote 066_REV_005_014_GOI_It.txt
Done. Wrote 2 verse(s); skipped 12.
REV 6:1  wrote 066_REV_006_001_GOI_It.txt
REV 6:2  wrote 066_REV_006_002_GOI_It.txt
REV 6:3  wrote 066_REV_006_003_GOI_It.txt
REV 6:4  wrote 066_REV_006_004_GOI_It.txt
REV 6:5  wrote 066_REV_006_005_GOI_It.txt
REV 6:6  wrote 066_REV_006_006_GOI_It.txt
REV 6:7  wrote 066_REV_006_007_GOI_It.txt
REV 6:8  wrote 066_REV_006_008_GOI_It.txt
REV 6:9  wrote 066_REV_006_009_GOI_It.txt
REV 6:10  wrote 066_REV_006_010_GOI_It.txt
REV 6:11  wrote 066_REV_006_011_GOI_It.txt
REV 6:12  wrote 066_REV_006_012_GOI_It.txt
REV 6:13  wrote 066_REV_006_013_GOI_It.txt
REV 6:14  wrote 066_REV_006_014_GOI_It.txt
REV 6:15  wrote 066_REV_006_015_GOI_It.txt
Traceback (most recent call last):
  File "/home/albert/projects/bible/Meta_Bible_Data/Bible_Noun_Extraction/translate_verses.py", line 601, in <module>
    main()
    ~~~~^^
  File "/home/albert/projects/bible/Meta_Bible_Data/Bible_Noun_Extraction/translate_verses.py", line 577, in main
    raise RuntimeError(
    ...<2 lines>...
    )
RuntimeError: REV 6:16: rejected before write; missing required noun anchors: ['montagna']; candidate='E dicono ai monti e alle rocce: "Cadete su di noi e nascondeteci dal volto di colui che siede sul trono e dall\'ira dell\'Agnello".\n'
REV 6:1  skipped (already exists)
REV 6:2  skipped (already exists)
REV 6:3  skipped (already exists)
REV 6:4  skipped (already exists)
REV 6:5  skipped (already exists)
REV 6:6  skipped (already exists)
REV 6:7  skipped (already exists)
REV 6:8  skipped (already exists)
REV 6:9  skipped (already exists)
REV 6:10  skipped (already exists)
REV 6:11  skipped (already exists)
REV 6:12  skipped (already exists)
REV 6:13  skipped (already exists)
REV 6:14  skipped (already exists)
REV 6:15  skipped (already exists)
Traceback (most recent call last):
  File "/home/albert/projects/bible/Meta_Bible_Data/Bible_Noun_Extraction/translate_verses.py", line 601, in <module>
    main()
    ~~~~^^
  File "/home/albert/projects/bible/Meta_Bible_Data/Bible_Noun_Extraction/translate_verses.py", line 577, in main
    raise RuntimeError(
    ...<2 lines>...
    )
RuntimeError: REV 6:16: rejected before write; missing required noun anchors: ['montagna']; candidate='E dicono ai monti e alle rocce: "Cadete su di noi e nascondeteci dal volto di colui che siede sul trono e dall\'ira dell\'Agnello".\n'
REV 6:1  skipped (already exists)
REV 6:2  skipped (already exists)
REV 6:3  skipped (already exists)
REV 6:4  skipped (already exists)
REV 6:5  skipped (already exists)
REV 6:6  skipped (already exists)
REV 6:7  skipped (already exists)
REV 6:8  skipped (already exists)
REV 6:9  skipped (already exists)
REV 6:10  skipped (already exists)
REV 6:11  skipped (already exists)
REV 6:12  skipped (already exists)
REV 6:13  skipped (already exists)
REV 6:14  skipped (already exists)
REV 6:15  skipped (already exists)
Traceback (most recent call last):
  File "/home/albert/projects/bible/Meta_Bible_Data/Bible_Noun_Extraction/translate_verses.py", line 601, in <module>
    main()
    ~~~~^^
  File "/home/albert/projects/bible/Meta_Bible_Data/Bible_Noun_Extraction/translate_verses.py", line 577, in main
    raise RuntimeError(
    ...<2 lines>...
    )
RuntimeError: REV 6:16: rejected before write; missing required noun anchors: ['montagna']; candidate='E dicono ai monti e alle rocce: "Cadete su di noi e nascondeteci dal volto di colui che siede sul trono e dall\'ira dell\'Agnello".\n'
REV 6:17  wrote 066_REV_006_017_GOI_It.txt
Done. Wrote 1 verse(s); skipped 0.
REV 7:1  wrote 066_REV_007_001_GOI_It.txt
REV 7:2  wrote 066_REV_007_002_GOI_It.txt
REV 7:3  wrote 066_REV_007_003_GOI_It.txt
REV 7:4  wrote 066_REV_007_004_GOI_It.txt
REV 7:5  wrote 066_REV_007_005_GOI_It.txt
REV 7:6  wrote 066_REV_007_006_GOI_It.txt
REV 7:7  wrote 066_REV_007_007_GOI_It.txt
REV 7:8  wrote 066_REV_007_008_GOI_It.txt
REV 7:9  wrote 066_REV_007_009_GOI_It.txt
REV 7:10  wrote 066_REV_007_010_GOI_It.txt
REV 7:11  wrote 066_REV_007_011_GOI_It.txt
REV 7:12  wrote 066_REV_007_012_GOI_It.txt
REV 7:13  wrote 066_REV_007_013_GOI_It.txt
REV 7:14  wrote 066_REV_007_014_GOI_It.txt
REV 7:15  wrote 066_REV_007_015_GOI_It.txt
REV 7:16  wrote 066_REV_007_016_GOI_It.txt
REV 7:17  wrote 066_REV_007_017_GOI_It.txt
Done. Wrote 17 verse(s); skipped 0.
REV 8:1  wrote 066_REV_008_001_GOI_It.txt
REV 8:2  wrote 066_REV_008_002_GOI_It.txt
REV 8:3  wrote 066_REV_008_003_GOI_It.txt
REV 8:4  wrote 066_REV_008_004_GOI_It.txt
REV 8:5  wrote 066_REV_008_005_GOI_It.txt
REV 8:6  wrote 066_REV_008_006_GOI_It.txt
REV 8:7  wrote 066_REV_008_007_GOI_It.txt
REV 8:8  wrote 066_REV_008_008_GOI_It.txt
REV 8:9  wrote 066_REV_008_009_GOI_It.txt
REV 8:10  wrote 066_REV_008_010_GOI_It.txt
REV 8:11  wrote 066_REV_008_011_GOI_It.txt
REV 8:12  wrote 066_REV_008_012_GOI_It.txt
REV 8:13  wrote 066_REV_008_013_GOI_It.txt
Done. Wrote 13 verse(s); skipped 0.
REV 9:1  wrote 066_REV_009_001_GOI_It.txt
REV 9:2  wrote 066_REV_009_002_GOI_It.txt
REV 9:3  wrote 066_REV_009_003_GOI_It.txt
REV 9:4  wrote 066_REV_009_004_GOI_It.txt
REV 9:5  wrote 066_REV_009_005_GOI_It.txt
REV 9:6  wrote 066_REV_009_006_GOI_It.txt
REV 9:7  wrote 066_REV_009_007_GOI_It.txt
REV 9:8  wrote 066_REV_009_008_GOI_It.txt
REV 9:9  wrote 066_REV_009_009_GOI_It.txt
REV 9:10  wrote 066_REV_009_010_GOI_It.txt
REV 9:11  wrote 066_REV_009_011_GOI_It.txt
REV 9:12  wrote 066_REV_009_012_GOI_It.txt
REV 9:13  wrote 066_REV_009_013_GOI_It.txt
REV 9:14  wrote 066_REV_009_014_GOI_It.txt
REV 9:15  wrote 066_REV_009_015_GOI_It.txt
REV 9:16  wrote 066_REV_009_016_GOI_It.txt
REV 9:17  wrote 066_REV_009_017_GOI_It.txt
REV 9:18  wrote 066_REV_009_018_GOI_It.txt
REV 9:19  wrote 066_REV_009_019_GOI_It.txt
REV 9:20  wrote 066_REV_009_020_GOI_It.txt
REV 9:21  wrote 066_REV_009_021_GOI_It.txt
Done. Wrote 21 verse(s); skipped 0.
REV 10:1  wrote 066_REV_010_001_GOI_It.txt
REV 10:2  wrote 066_REV_010_002_GOI_It.txt
REV 10:3  wrote 066_REV_010_003_GOI_It.txt
REV 10:4  wrote 066_REV_010_004_GOI_It.txt
REV 10:5  wrote 066_REV_010_005_GOI_It.txt
REV 10:6  wrote 066_REV_010_006_GOI_It.txt
REV 10:7  wrote 066_REV_010_007_GOI_It.txt
REV 10:8  wrote 066_REV_010_008_GOI_It.txt
REV 10:9  wrote 066_REV_010_009_GOI_It.txt
REV 10:10  wrote 066_REV_010_010_GOI_It.txt
REV 10:11  wrote 066_REV_010_011_GOI_It.txt
Done. Wrote 11 verse(s); skipped 0.
REV 11:1  wrote 066_REV_011_001_GOI_It.txt
REV 11:2  wrote 066_REV_011_002_GOI_It.txt
REV 11:3  wrote 066_REV_011_003_GOI_It.txt
REV 11:4  wrote 066_REV_011_004_GOI_It.txt
REV 11:5  wrote 066_REV_011_005_GOI_It.txt
REV 11:6  wrote 066_REV_011_006_GOI_It.txt
REV 11:7  wrote 066_REV_011_007_GOI_It.txt
REV 11:8  wrote 066_REV_011_008_GOI_It.txt
REV 11:9  wrote 066_REV_011_009_GOI_It.txt
REV 11:10  wrote 066_REV_011_010_GOI_It.txt
REV 11:11  wrote 066_REV_011_011_GOI_It.txt
REV 11:12  wrote 066_REV_011_012_GOI_It.txt
REV 11:13  wrote 066_REV_011_013_GOI_It.txt
REV 11:14  wrote 066_REV_011_014_GOI_It.txt
REV 11:15  wrote 066_REV_011_015_GOI_It.txt
REV 11:16  wrote 066_REV_011_016_GOI_It.txt
REV 11:17  wrote 066_REV_011_017_GOI_It.txt
REV 11:18  wrote 066_REV_011_018_GOI_It.txt
REV 11:19  wrote 066_REV_011_019_GOI_It.txt
Done. Wrote 19 verse(s); skipped 0.
REV 12:1  wrote 066_REV_012_001_GOI_It.txt
REV 12:2  wrote 066_REV_012_002_GOI_It.txt
REV 12:3  wrote 066_REV_012_003_GOI_It.txt
REV 12:4  wrote 066_REV_012_004_GOI_It.txt
REV 12:5  wrote 066_REV_012_005_GOI_It.txt
REV 12:6  wrote 066_REV_012_006_GOI_It.txt
REV 12:7  wrote 066_REV_012_007_GOI_It.txt
REV 12:8  wrote 066_REV_012_008_GOI_It.txt
REV 12:9  wrote 066_REV_012_009_GOI_It.txt
REV 12:10  wrote 066_REV_012_010_GOI_It.txt
REV 12:11  wrote 066_REV_012_011_GOI_It.txt
REV 12:12  wrote 066_REV_012_012_GOI_It.txt
REV 12:13  wrote 066_REV_012_013_GOI_It.txt
REV 12:14  wrote 066_REV_012_014_GOI_It.txt
REV 12:15  wrote 066_REV_012_015_GOI_It.txt
REV 12:16  wrote 066_REV_012_016_GOI_It.txt
REV 12:17  wrote 066_REV_012_017_GOI_It.txt
Done. Wrote 17 verse(s); skipped 0.
REV 13:1  wrote 066_REV_013_001_GOI_It.txt
REV 13:2  wrote 066_REV_013_002_GOI_It.txt
REV 13:3  wrote 066_REV_013_003_GOI_It.txt
REV 13:4  wrote 066_REV_013_004_GOI_It.txt
REV 13:5  wrote 066_REV_013_005_GOI_It.txt
REV 13:6  wrote 066_REV_013_006_GOI_It.txt
REV 13:7  wrote 066_REV_013_007_GOI_It.txt
REV 13:8  wrote 066_REV_013_008_GOI_It.txt
REV 13:9  wrote 066_REV_013_009_GOI_It.txt
REV 13:10  wrote 066_REV_013_010_GOI_It.txt
REV 13:11  wrote 066_REV_013_011_GOI_It.txt
Traceback (most recent call last):
  File "/home/albert/projects/bible/Meta_Bible_Data/Bible_Noun_Extraction/translate_verses.py", line 601, in <module>
    main()
    ~~~~^^
  File "/home/albert/projects/bible/Meta_Bible_Data/Bible_Noun_Extraction/translate_verses.py", line 577, in main
    raise RuntimeError(
    ...<2 lines>...
    )
RuntimeError: REV 13:12: rejected before write; missing required noun anchors: ['morte']; candidate="Esercita tutta l'autorità della prima bestia in sua presenza, e fa sì che la terra e i suoi abitanti adorino la prima bestia, la cui piaga mortale fu guarita.\n"
REV 13:1  skipped (already exists)
REV 13:2  skipped (already exists)
REV 13:3  skipped (already exists)
REV 13:4  skipped (already exists)
REV 13:5  skipped (already exists)
REV 13:6  skipped (already exists)
REV 13:7  skipped (already exists)
REV 13:8  skipped (already exists)
REV 13:9  skipped (already exists)
REV 13:10  skipped (already exists)
REV 13:11  skipped (already exists)
Traceback (most recent call last):
  File "/home/albert/projects/bible/Meta_Bible_Data/Bible_Noun_Extraction/translate_verses.py", line 601, in <module>
    main()
    ~~~~^^
  File "/home/albert/projects/bible/Meta_Bible_Data/Bible_Noun_Extraction/translate_verses.py", line 577, in main
    raise RuntimeError(
    ...<2 lines>...
    )
RuntimeError: REV 13:12: rejected before write; missing required noun anchors: ['morte']; candidate="Esercita tutta l'autorità della prima bestia in sua presenza, e fa sì che la terra e i suoi abitanti adorino la prima bestia, la cui piaga mortale fu guarita.\n"
REV 13:1  skipped (already exists)
REV 13:2  skipped (already exists)
REV 13:3  skipped (already exists)
REV 13:4  skipped (already exists)
REV 13:5  skipped (already exists)
REV 13:6  skipped (already exists)
REV 13:7  skipped (already exists)
REV 13:8  skipped (already exists)
REV 13:9  skipped (already exists)
REV 13:10  skipped (already exists)
REV 13:11  skipped (already exists)
Traceback (most recent call last):
  File "/home/albert/projects/bible/Meta_Bible_Data/Bible_Noun_Extraction/translate_verses.py", line 601, in <module>
    main()
    ~~~~^^
  File "/home/albert/projects/bible/Meta_Bible_Data/Bible_Noun_Extraction/translate_verses.py", line 577, in main
    raise RuntimeError(
    ...<2 lines>...
    )
RuntimeError: REV 13:12: rejected before write; missing required noun anchors: ['morte']; candidate="Esercita tutta l'autorità della prima bestia in sua presenza, e fa sì che la terra e i suoi abitanti adorino la prima bestia, la cui piaga mortale fu guarita.\n"
REV 13:13  wrote 066_REV_013_013_GOI_It.txt
Done. Wrote 1 verse(s); skipped 0.
REV 13:14  wrote 066_REV_013_014_GOI_It.txt
Done. Wrote 1 verse(s); skipped 0.
REV 13:15  wrote 066_REV_013_015_GOI_It.txt
Done. Wrote 1 verse(s); skipped 0.
REV 13:16  wrote 066_REV_013_016_GOI_It.txt
Done. Wrote 1 verse(s); skipped 0.
REV 13:17  wrote 066_REV_013_017_GOI_It.txt
Done. Wrote 1 verse(s); skipped 0.
REV 13:18  wrote 066_REV_013_018_GOI_It.txt
Done. Wrote 1 verse(s); skipped 0.
Traceback (most recent call last):
  File "/home/albert/projects/bible/Meta_Bible_Data/Bible_Noun_Extraction/translate_verses.py", line 601, in <module>
    main()
    ~~~~^^
  File "/home/albert/projects/bible/Meta_Bible_Data/Bible_Noun_Extraction/translate_verses.py", line 577, in main
    raise RuntimeError(
    ...<2 lines>...
    )
RuntimeError: REV 14:1: rejected before write; missing required noun anchors: ['montagna']; candidate="E vidi, ed ecco l'Agnello in piedi sul monte Sion, e con lui centoquarantaquattro migliaia, che avevano il nome del Padre suo scritto sulle loro fronti.\n"
Traceback (most recent call last):
  File "/home/albert/projects/bible/Meta_Bible_Data/Bible_Noun_Extraction/translate_verses.py", line 601, in <module>
    main()
    ~~~~^^
  File "/home/albert/projects/bible/Meta_Bible_Data/Bible_Noun_Extraction/translate_verses.py", line 577, in main
    raise RuntimeError(
    ...<2 lines>...
    )
RuntimeError: REV 14:1: rejected before write; missing required noun anchors: ['montagna']; candidate="E vidi, ed ecco l'Agnello in piedi sul monte Sion, e con lui centoquarantaquattro migliaia, che avevano il nome del Padre suo scritto sulle loro fronti.\n"
Traceback (most recent call last):
  File "/home/albert/projects/bible/Meta_Bible_Data/Bible_Noun_Extraction/translate_verses.py", line 601, in <module>
    main()
    ~~~~^^
  File "/home/albert/projects/bible/Meta_Bible_Data/Bible_Noun_Extraction/translate_verses.py", line 577, in main
    raise RuntimeError(
    ...<2 lines>...
    )
RuntimeError: REV 14:1: rejected before write; missing required noun anchors: ['montagna']; candidate="E vidi, ed ecco l'Agnello in piedi sul monte Sion, e con lui centoquarantaquattro migliaia, che avevano il nome del Padre suo scritto sulle loro fronti.\n"
REV 14:2  wrote 066_REV_014_002_GOI_It.txt
Done. Wrote 1 verse(s); skipped 0.
REV 14:3  wrote 066_REV_014_003_GOI_It.txt
Done. Wrote 1 verse(s); skipped 0.
REV 14:4  wrote 066_REV_014_004_GOI_It.txt
Done. Wrote 1 verse(s); skipped 0.
REV 14:5  wrote 066_REV_014_005_GOI_It.txt
Done. Wrote 1 verse(s); skipped 0.
REV 14:6  wrote 066_REV_014_006_GOI_It.txt
Done. Wrote 1 verse(s); skipped 0.
REV 14:7  wrote 066_REV_014_007_GOI_It.txt
Done. Wrote 1 verse(s); skipped 0.
REV 14:8  wrote 066_REV_014_008_GOI_It.txt
Done. Wrote 1 verse(s); skipped 0.
REV 14:9  wrote 066_REV_014_009_GOI_It.txt
Done. Wrote 1 verse(s); skipped 0.
REV 14:10  wrote 066_REV_014_010_GOI_It.txt
Done. Wrote 1 verse(s); skipped 0.
REV 14:11  wrote 066_REV_014_011_GOI_It.txt
Done. Wrote 1 verse(s); skipped 0.
REV 14:12  wrote 066_REV_014_012_GOI_It.txt
Done. Wrote 1 verse(s); skipped 0.
REV 14:13  wrote 066_REV_014_013_GOI_It.txt
Done. Wrote 1 verse(s); skipped 0.
REV 14:14  wrote 066_REV_014_014_GOI_It.txt
Done. Wrote 1 verse(s); skipped 0.
REV 14:15  wrote 066_REV_014_015_GOI_It.txt
Done. Wrote 1 verse(s); skipped 0.
REV 14:16  wrote 066_REV_014_016_GOI_It.txt
Done. Wrote 1 verse(s); skipped 0.
REV 14:17  wrote 066_REV_014_017_GOI_It.txt
Done. Wrote 1 verse(s); skipped 0.
REV 14:18  wrote 066_REV_014_018_GOI_It.txt
Done. Wrote 1 verse(s); skipped 0.
REV 14:19  wrote 066_REV_014_019_GOI_It.txt
Done. Wrote 1 verse(s); skipped 0.
REV 14:20  wrote 066_REV_014_020_GOI_It.txt
Done. Wrote 1 verse(s); skipped 0.
REV 15:1  wrote 066_REV_015_001_GOI_It.txt
REV 15:2  wrote 066_REV_015_002_GOI_It.txt
REV 15:3  wrote 066_REV_015_003_GOI_It.txt
REV 15:4  wrote 066_REV_015_004_GOI_It.txt
REV 15:5  wrote 066_REV_015_005_GOI_It.txt
REV 15:6  wrote 066_REV_015_006_GOI_It.txt
REV 15:7  wrote 066_REV_015_007_GOI_It.txt
REV 15:8  wrote 066_REV_015_008_GOI_It.txt
Done. Wrote 8 verse(s); skipped 0.
REV 16:1  wrote 066_REV_016_001_GOI_It.txt
REV 16:2  wrote 066_REV_016_002_GOI_It.txt
REV 16:3  wrote 066_REV_016_003_GOI_It.txt
REV 16:4  wrote 066_REV_016_004_GOI_It.txt
REV 16:5  wrote 066_REV_016_005_GOI_It.txt
REV 16:6  wrote 066_REV_016_006_GOI_It.txt
REV 16:7  wrote 066_REV_016_007_GOI_It.txt
REV 16:8  wrote 066_REV_016_008_GOI_It.txt
REV 16:9  wrote 066_REV_016_009_GOI_It.txt
REV 16:10  wrote 066_REV_016_010_GOI_It.txt
REV 16:11  wrote 066_REV_016_011_GOI_It.txt
REV 16:12  wrote 066_REV_016_012_GOI_It.txt
REV 16:13  wrote 066_REV_016_013_GOI_It.txt
REV 16:14  wrote 066_REV_016_014_GOI_It.txt
REV 16:15  wrote 066_REV_016_015_GOI_It.txt
REV 16:16  wrote 066_REV_016_016_GOI_It.txt
REV 16:17  wrote 066_REV_016_017_GOI_It.txt
REV 16:18  wrote 066_REV_016_018_GOI_It.txt
REV 16:19  wrote 066_REV_016_019_GOI_It.txt
REV 16:20  wrote 066_REV_016_020_GOI_It.txt
REV 16:21  wrote 066_REV_016_021_GOI_It.txt
Done. Wrote 21 verse(s); skipped 0.
REV 17:1  wrote 066_REV_017_001_GOI_It.txt
REV 17:2  wrote 066_REV_017_002_GOI_It.txt
REV 17:3  wrote 066_REV_017_003_GOI_It.txt
REV 17:4  wrote 066_REV_017_004_GOI_It.txt
REV 17:5  wrote 066_REV_017_005_GOI_It.txt
REV 17:6  wrote 066_REV_017_006_GOI_It.txt
REV 17:7  wrote 066_REV_017_007_GOI_It.txt
REV 17:8  wrote 066_REV_017_008_GOI_It.txt
REV 17:9  wrote 066_REV_017_009_GOI_It.txt
REV 17:10  wrote 066_REV_017_010_GOI_It.txt
REV 17:11  wrote 066_REV_017_011_GOI_It.txt
REV 17:12  wrote 066_REV_017_012_GOI_It.txt
REV 17:13  wrote 066_REV_017_013_GOI_It.txt
REV 17:14  wrote 066_REV_017_014_GOI_It.txt
REV 17:15  wrote 066_REV_017_015_GOI_It.txt
REV 17:16  wrote 066_REV_017_016_GOI_It.txt
REV 17:17  wrote 066_REV_017_017_GOI_It.txt
REV 17:18  wrote 066_REV_017_018_GOI_It.txt
Done. Wrote 18 verse(s); skipped 0.
REV 18:1  wrote 066_REV_018_001_GOI_It.txt
REV 18:2  wrote 066_REV_018_002_GOI_It.txt
REV 18:3  wrote 066_REV_018_003_GOI_It.txt
REV 18:4  wrote 066_REV_018_004_GOI_It.txt
REV 18:5  wrote 066_REV_018_005_GOI_It.txt
REV 18:6  wrote 066_REV_018_006_GOI_It.txt
REV 18:7  wrote 066_REV_018_007_GOI_It.txt
REV 18:8  wrote 066_REV_018_008_GOI_It.txt
REV 18:9  wrote 066_REV_018_009_GOI_It.txt
REV 18:10  wrote 066_REV_018_010_GOI_It.txt
REV 18:11  wrote 066_REV_018_011_GOI_It.txt
REV 18:12  wrote 066_REV_018_012_GOI_It.txt
REV 18:13  wrote 066_REV_018_013_GOI_It.txt
Traceback (most recent call last):
  File "/home/albert/projects/bible/Meta_Bible_Data/Bible_Noun_Extraction/translate_verses.py", line 601, in <module>
    main()
    ~~~~^^
  File "/home/albert/projects/bible/Meta_Bible_Data/Bible_Noun_Extraction/translate_verses.py", line 577, in main
    raise RuntimeError(
    ...<2 lines>...
    )
RuntimeError: REV 18:14: rejected before write; missing required noun anchors: ['frutta']; candidate='Il frutto della concupiscenza della tua anima è partito da te, e tutte le cose delicate e splendenti sono partite da te, e non le troverai mai più.\n'
REV 18:1  skipped (already exists)
REV 18:2  skipped (already exists)
REV 18:3  skipped (already exists)
REV 18:4  skipped (already exists)
REV 18:5  skipped (already exists)
REV 18:6  skipped (already exists)
REV 18:7  skipped (already exists)
REV 18:8  skipped (already exists)
REV 18:9  skipped (already exists)
REV 18:10  skipped (already exists)
REV 18:11  skipped (already exists)
REV 18:12  skipped (already exists)
REV 18:13  skipped (already exists)
REV 18:14  wrote 066_REV_018_014_GOI_It.txt
REV 18:15  wrote 066_REV_018_015_GOI_It.txt
REV 18:16  wrote 066_REV_018_016_GOI_It.txt
REV 18:17  wrote 066_REV_018_017_GOI_It.txt
REV 18:18  wrote 066_REV_018_018_GOI_It.txt
REV 18:19  wrote 066_REV_018_019_GOI_It.txt
REV 18:20  wrote 066_REV_018_020_GOI_It.txt
REV 18:21  wrote 066_REV_018_021_GOI_It.txt
REV 18:22  wrote 066_REV_018_022_GOI_It.txt
REV 18:23  wrote 066_REV_018_023_GOI_It.txt
REV 18:24  wrote 066_REV_018_024_GOI_It.txt
Done. Wrote 11 verse(s); skipped 13.
REV 19:1  wrote 066_REV_019_001_GOI_It.txt
REV 19:2  wrote 066_REV_019_002_GOI_It.txt
REV 19:3  wrote 066_REV_019_003_GOI_It.txt
REV 19:4  wrote 066_REV_019_004_GOI_It.txt
REV 19:5  wrote 066_REV_019_005_GOI_It.txt
REV 19:6  wrote 066_REV_019_006_GOI_It.txt
REV 19:7  wrote 066_REV_019_007_GOI_It.txt
REV 19:8  wrote 066_REV_019_008_GOI_It.txt
REV 19:9  wrote 066_REV_019_009_GOI_It.txt
REV 19:10  wrote 066_REV_019_010_GOI_It.txt
REV 19:11  wrote 066_REV_019_011_GOI_It.txt
REV 19:12  wrote 066_REV_019_012_GOI_It.txt
REV 19:13  wrote 066_REV_019_013_GOI_It.txt
REV 19:14  wrote 066_REV_019_014_GOI_It.txt
REV 19:15  wrote 066_REV_019_015_GOI_It.txt
REV 19:16  wrote 066_REV_019_016_GOI_It.txt
REV 19:17  wrote 066_REV_019_017_GOI_It.txt
REV 19:18  wrote 066_REV_019_018_GOI_It.txt
REV 19:19  wrote 066_REV_019_019_GOI_It.txt
REV 19:20  wrote 066_REV_019_020_GOI_It.txt
REV 19:21  wrote 066_REV_019_021_GOI_It.txt
Done. Wrote 21 verse(s); skipped 0.
REV 20:1  wrote 066_REV_020_001_GOI_It.txt
REV 20:2  wrote 066_REV_020_002_GOI_It.txt
REV 20:3  wrote 066_REV_020_003_GOI_It.txt
REV 20:4  wrote 066_REV_020_004_GOI_It.txt
REV 20:5  wrote 066_REV_020_005_GOI_It.txt
REV 20:6  wrote 066_REV_020_006_GOI_It.txt
REV 20:7  wrote 066_REV_020_007_GOI_It.txt
REV 20:8  wrote 066_REV_020_008_GOI_It.txt
REV 20:9  wrote 066_REV_020_009_GOI_It.txt
REV 20:10  wrote 066_REV_020_010_GOI_It.txt
Traceback (most recent call last):
  File "/home/albert/projects/bible/Meta_Bible_Data/Bible_Noun_Extraction/translate_verses.py", line 601, in <module>
    main()
    ~~~~^^
  File "/home/albert/projects/bible/Meta_Bible_Data/Bible_Noun_Extraction/translate_verses.py", line 577, in main
    raise RuntimeError(
    ...<2 lines>...
    )
RuntimeError: REV 20:11: rejected before write; missing required noun anchors: ['volto']; candidate='E vidi un grande trono bianco e colui che sedeva su di esso, dalla cui presenza fuggirono la terra e il cielo, e non fu trovato luogo per loro.\n'
REV 20:1  skipped (already exists)
REV 20:2  skipped (already exists)
REV 20:3  skipped (already exists)
REV 20:4  skipped (already exists)
REV 20:5  skipped (already exists)
REV 20:6  skipped (already exists)
REV 20:7  skipped (already exists)
REV 20:8  skipped (already exists)
REV 20:9  skipped (already exists)
REV 20:10  skipped (already exists)
Traceback (most recent call last):
  File "/home/albert/projects/bible/Meta_Bible_Data/Bible_Noun_Extraction/translate_verses.py", line 601, in <module>
    main()
    ~~~~^^
  File "/home/albert/projects/bible/Meta_Bible_Data/Bible_Noun_Extraction/translate_verses.py", line 577, in main
    raise RuntimeError(
    ...<2 lines>...
    )
RuntimeError: REV 20:11: rejected before write; missing required noun anchors: ['volto']; candidate='E vidi un grande trono bianco e colui che sedeva su di esso, dalla cui presenza fuggirono la terra e il cielo, e non fu trovato luogo per loro.\n'
REV 20:1  skipped (already exists)
REV 20:2  skipped (already exists)
REV 20:3  skipped (already exists)
REV 20:4  skipped (already exists)
REV 20:5  skipped (already exists)
REV 20:6  skipped (already exists)
REV 20:7  skipped (already exists)
REV 20:8  skipped (already exists)
REV 20:9  skipped (already exists)
REV 20:10  skipped (already exists)
Traceback (most recent call last):
  File "/home/albert/projects/bible/Meta_Bible_Data/Bible_Noun_Extraction/translate_verses.py", line 601, in <module>
    main()
    ~~~~^^
  File "/home/albert/projects/bible/Meta_Bible_Data/Bible_Noun_Extraction/translate_verses.py", line 577, in main
    raise RuntimeError(
    ...<2 lines>...
    )
RuntimeError: REV 20:11: rejected before write; missing required noun anchors: ['volto']; candidate='E vidi un grande trono bianco e colui che sedeva su di esso, dalla cui presenza fuggirono la terra e il cielo, e non fu trovato luogo per loro.\n'
REV 20:12  wrote 066_REV_020_012_GOI_It.txt
Done. Wrote 1 verse(s); skipped 0.
REV 20:13  wrote 066_REV_020_013_GOI_It.txt
Done. Wrote 1 verse(s); skipped 0.
REV 20:14  wrote 066_REV_020_014_GOI_It.txt
Done. Wrote 1 verse(s); skipped 0.
REV 20:15  wrote 066_REV_020_015_GOI_It.txt
Done. Wrote 1 verse(s); skipped 0.
REV 21:1  wrote 066_REV_021_001_GOI_It.txt
REV 21:2  wrote 066_REV_021_002_GOI_It.txt
REV 21:3  wrote 066_REV_021_003_GOI_It.txt
REV 21:4  wrote 066_REV_021_004_GOI_It.txt
REV 21:5  wrote 066_REV_021_005_GOI_It.txt
REV 21:6  wrote 066_REV_021_006_GOI_It.txt
REV 21:7  wrote 066_REV_021_007_GOI_It.txt
REV 21:8  wrote 066_REV_021_008_GOI_It.txt
REV 21:9  wrote 066_REV_021_009_GOI_It.txt
REV 21:10  wrote 066_REV_021_010_GOI_It.txt
REV 21:11  wrote 066_REV_021_011_GOI_It.txt
REV 21:12  wrote 066_REV_021_012_GOI_It.txt
REV 21:13  wrote 066_REV_021_013_GOI_It.txt
REV 21:14  wrote 066_REV_021_014_GOI_It.txt
REV 21:15  wrote 066_REV_021_015_GOI_It.txt
REV 21:16  wrote 066_REV_021_016_GOI_It.txt
REV 21:17  wrote 066_REV_021_017_GOI_It.txt
REV 21:18  wrote 066_REV_021_018_GOI_It.txt
REV 21:19  wrote 066_REV_021_019_GOI_It.txt
REV 21:20  wrote 066_REV_021_020_GOI_It.txt
REV 21:21  wrote 066_REV_021_021_GOI_It.txt
REV 21:22  wrote 066_REV_021_022_GOI_It.txt
REV 21:23  wrote 066_REV_021_023_GOI_It.txt
REV 21:24  wrote 066_REV_021_024_GOI_It.txt
REV 21:25  wrote 066_REV_021_025_GOI_It.txt
REV 21:26  wrote 066_REV_021_026_GOI_It.txt
REV 21:27  wrote 066_REV_021_027_GOI_It.txt
Done. Wrote 27 verse(s); skipped 0.
REV 22:1  wrote 066_REV_022_001_GOI_It.txt
REV 22:2  wrote 066_REV_022_002_GOI_It.txt
REV 22:3  wrote 066_REV_022_003_GOI_It.txt
REV 22:4  wrote 066_REV_022_004_GOI_It.txt
REV 22:5  wrote 066_REV_022_005_GOI_It.txt
REV 22:6  wrote 066_REV_022_006_GOI_It.txt
REV 22:7  wrote 066_REV_022_007_GOI_It.txt
REV 22:8  wrote 066_REV_022_008_GOI_It.txt
REV 22:9  wrote 066_REV_022_009_GOI_It.txt
REV 22:10  wrote 066_REV_022_010_GOI_It.txt
REV 22:11  wrote 066_REV_022_011_GOI_It.txt
REV 22:12  wrote 066_REV_022_012_GOI_It.txt
REV 22:13  wrote 066_REV_022_013_GOI_It.txt
REV 22:14  wrote 066_REV_022_014_GOI_It.txt
REV 22:15  wrote 066_REV_022_015_GOI_It.txt
REV 22:16  wrote 066_REV_022_016_GOI_It.txt
REV 22:17  wrote 066_REV_022_017_GOI_It.txt
REV 22:18  wrote 066_REV_022_018_GOI_It.txt
REV 22:19  wrote 066_REV_022_019_GOI_It.txt
REV 22:20  wrote 066_REV_022_020_GOI_It.txt
REV 22:21  wrote 066_REV_022_021_GOI_It.txt
Done. Wrote 21 verse(s); skipped 0.
